full_name,alias,age,gender,address,district_name,occupation,prior_convictions,modus_operandi,risk_score
Theodore Peri,Sanya,18,Male,"51, Patil Circle",Vijayapura,Mechanic,4,Targeting parked two-wheelers,88
Falak Bhandari,Ansh,41,Male,"H.No. 717, Baral Chowk",Mysuru,Laborer,6,Snatching on empty stretches,88
Anmol Bava,,52,Male,"H.No. 762, Sura",Mysuru,Driver,5,Fake online job offer,87
Ekanta Raval,Raghav,51,Male,"72/337, Cheema",Bengaluru Rural,Contractor,7,Snatching on empty stretches,88
Shaurya Sheth,,21,Female,"36/501, Tandon Street",Hubballi-Dharwad,Driver,3,Night time lock breaking,78
Chaitanya Raju,,42,Male,"H.No. 52, Wali",Bengaluru Urban,Unemployed,6,Fake online job offer,85
Jeet Anne,,45,Male,"01, Goel Chowk",Mangaluru (Dakshina Kannada),Delivery Boy,6,Targeting parked two-wheelers,80
Abhimanyu Ratti,,44,Male,"466, Tandon",Belagavi,Laborer,7,Night time lock breaking,88
Ishaan Tella,Girish,46,Male,"H.No. 81, Dalal Path",Bengaluru Urban,Mechanic,7,Fake online job offer,87
Saksham Bhatia,,35,Male,"54, Bali Street",Davangere,Mechanic,7,Fake online job offer,75
Rachita Pradhan,,33,Male,"45/25, Goswami Marg",Chikkamagaluru,Delivery Boy,3,Targeting parked two-wheelers,91
Bhavna Dutt,,45,Male,"03/550, Gopal Circle",Tumakuru,Laborer,3,Night time lock breaking,81
Yatin Ratti,,25,Male,"H.No. 654, Barman Path",Tumakuru,Delivery Boy,3,Targeting parked two-wheelers,78
Avni Nagi,Bakhshi,30,Female,"471, Dewan Circle",Davangere,Driver,5,Targeting parked two-wheelers,78
Samuel Ganguly,,50,Female,"30/96, Pau Street",Hassan,Contractor,4,Targeting parked two-wheelers,89
Kalpit Bhatia,,28,Male,"837, Morar Nagar",Mysuru,Unemployed,0,Opportunistic crime,46
Arjun Raja,,49,Female,"15/278, Anne Ganj",Bengaluru Urban,Delivery Boy,0,Opportunistic crime,14
Falan Badami,,22,Female,"H.No. 17, Basak Ganj",Shivamogga,Contractor,1,Opportunistic crime,13
Samaksh Subramaniam,,24,Male,"16, Mishra Chowk",Davangere,Contractor,0,Opportunistic crime,16
Vanya Pillai,,46,Male,"49, Goda",Kalaburagi,Unemployed,1,Opportunistic crime,13
Ekavir Ratta,Sathvik,20,Male,"69/910, Radhakrishnan Circle",Vijayapura,Laborer,0,Opportunistic crime,27
Champak Atwal,,31,Male,"84, Agarwal Chowk",Shivamogga,Contractor,1,Opportunistic crime,36
Samuel Varty,,22,Male,"92/68, Kapur Chowk",Belagavi,Unemployed,0,Opportunistic crime,3
Lajita Jayaraman,,44,Male,"31/119, Gokhale",Ballari,Laborer,0,Opportunistic crime,34
Harrison Warrior,,20,Male,"H.No. 891, Oza Chowk",Mandya,Contractor,0,Opportunistic crime,24
Aadi Bal,,32,Female,"45/39, Doctor Zila",Kalaburagi,Delivery Boy,1,Opportunistic crime,48
Zaid Sunder,Madhav,24,Male,"H.No. 899, Pillai Nagar",Tumakuru,Delivery Boy,0,Opportunistic crime,31
Mohammed Biswas,,45,Male,"H.No. 00, Prashad Ganj",Mangaluru (Dakshina Kannada),Vendor,1,Opportunistic crime,8
Chakradhar Sankaran,,38,Male,"19/036, Dugal Marg",Tumakuru,Delivery Boy,1,Opportunistic crime,20
Nachiket Khosla,,22,Male,"H.No. 45, Sachar Circle",Belagavi,Vendor,0,Opportunistic crime,28
Bhavini Dhingra,Elijah,31,Male,"H.No. 92, Nath Circle",Hubballi-Dharwad,Driver,0,Opportunistic crime,20
Gaurang Balan,,44,Male,"77, Banerjee Marg",Davangere,Vendor,0,Opportunistic crime,38
Forum Khanna,Chandran,48,Male,"244, Master Path",Udupi,Vendor,0,Opportunistic crime,48
Rushil Ahuja,,38,Male,"05, Kashyap Marg",Mandya,Laborer,0,Opportunistic crime,11
Ranbir Tata,,49,Male,"366, Deshpande Street",Raichur,Contractor,1,Opportunistic crime,12
Samuel Chander,,45,Male,"24/547, Gole Zila",Vijayapura,Driver,0,Opportunistic crime,1
Eiravati Aurora,,34,Male,"77/099, Suri Chowk",Mysuru,Driver,0,Opportunistic crime,5
Nicholas Cherian,,40,Male,"H.No. 448, Cheema Zila",Bengaluru Urban,Vendor,1,Opportunistic crime,46
Ekavir Dugal,,44,Male,"13/27, Agrawal Chowk",Davangere,Driver,0,Opportunistic crime,6
Timothy Khosla,,52,Male,"01/257, Gala Path",Kalaburagi,Driver,0,Opportunistic crime,38
Ekbal Sahni,,30,Male,"55, Mukhopadhyay Ganj",Bengaluru Rural,Contractor,0,Opportunistic crime,40
Anthony Ravel,Ishanvi,34,Female,"712, Varughese Path",Kolar,Delivery Boy,0,Opportunistic crime,21
Aayush Guha,Victor,46,Male,"06/637, Sastry Chowk",Ballari,Delivery Boy,0,Opportunistic crime,47
Rajata Chopra,,38,Male,"H.No. 493, Tandon Path",Bengaluru Urban,Delivery Boy,1,Opportunistic crime,37
Balhaar Dube,,23,Male,"168, Bajaj Nagar",Mysuru,Contractor,1,Opportunistic crime,33
Parth Jani,Devansh,54,Male,"23/068, Date Street",Belagavi,Laborer,2,Opportunistic crime,31
Yash Samra,,39,Male,"H.No. 92, Mital Nagar",Shivamogga,Driver,1,Opportunistic crime,1
Caleb Dave,,19,Male,"50, Devan Marg",Koppal,Laborer,0,Opportunistic crime,34
Abhiram Minhas,,47,Male,"H.No. 379, Rastogi Zila",Vijayapura,Mechanic,1,Opportunistic crime,34
Peter Sabharwal,,50,Male,"93, Rajagopal",Hubballi-Dharwad,Unemployed,0,Opportunistic crime,19
William Srinivas,Raagini,27,Female,"H.No. 26, Koshy Street",Kalaburagi,Vendor,0,Opportunistic crime,6
Yatin Lalla,,22,Male,"H.No. 426, Chopra Ganj",Bengaluru Urban,Vendor,1,Opportunistic crime,2
Timothy Chada,,40,Male,"13/42, Babu Marg",Chikkamagaluru,Laborer,0,Opportunistic crime,7
Ayush Rajan,Damyanti,47,Male,"36/24, Ben Circle",Mangaluru (Dakshina Kannada),Unemployed,0,Opportunistic crime,47
Chanakya Badami,Owen,23,Male,"H.No. 91, Chad Nagar",Hubballi-Dharwad,Vendor,0,Opportunistic crime,29
Varenya Talwar,,38,Male,"H.No. 78, More Marg",Bidar,Laborer,0,Opportunistic crime,4
Chaitanya Sekhon,,55,Female,"37/131, Sathe Circle",Udupi,Vendor,0,Opportunistic crime,3
Zinal Wason,,43,Female,"85/593, Brar Chowk",Raichur,Contractor,0,Opportunistic crime,0
Agastya Kashyap,Suhani,51,Male,"762, Venkatesh Chowk",Mysuru,Unemployed,2,Opportunistic crime,14
Damini Deep,,55,Male,"H.No. 16, Banerjee Circle",Mangaluru (Dakshina Kannada),Contractor,0,Opportunistic crime,50
Lohit Nanda,Azad,22,Male,"745, De Street",Ballari,Contractor,0,Opportunistic crime,41
Isaac Pillai,Leena,47,Female,"19/01, Mishra",Mandya,Delivery Boy,0,Opportunistic crime,37
Kalpit Luthra,Amaira,41,Male,"18/72, Sawhney Path",Udupi,Unemployed,0,Opportunistic crime,32
Jai Radhakrishnan,Adya,36,Female,"67/16, Khare Path",Mangaluru (Dakshina Kannada),Mechanic,0,Opportunistic crime,20
Rajeshri Dugar,,29,Male,"H.No. 658, Nadkarni Chowk",Bengaluru Urban,Contractor,2,Opportunistic crime,14
Gopal Palan,Meghana,27,Male,"18, Ranganathan Road",Davangere,Contractor,0,Opportunistic crime,45
Anya Kapoor,Aachal,53,Male,"197, Vasa Circle",Mandya,Driver,0,Opportunistic crime,36
Zayan Sha,Harsh,34,Male,"97, Bhat Chowk",Kalaburagi,Driver,0,Opportunistic crime,6
Ekansh Dada,,41,Female,"H.No. 44, Lalla Nagar",Bengaluru Urban,Vendor,0,Opportunistic crime,19
Abhimanyu Tandon,Robert,43,Female,"H.No. 15, Wadhwa Ganj",Tumakuru,Driver,1,Opportunistic crime,47
Christopher Kade,,27,Male,"H.No. 468, Sathe Road",Mysuru,Vendor,0,Opportunistic crime,45
Wahab Subramaniam,Damyanti,36,Male,"89, Ray Ganj",Hubballi-Dharwad,Unemployed,1,Opportunistic crime,22
Hema Varughese,,18,Male,"H.No. 765, Bahri Zila",Udupi,Laborer,0,Opportunistic crime,39
Harrison Misra,,41,Male,"51/876, Mitter Nagar",Ballari,Delivery Boy,0,Opportunistic crime,17
Nandini Vora,Fiyaz,38,Female,"H.No. 83, Comar Road",Bidar,Laborer,1,Opportunistic crime,44
Frederick Tata,,21,Male,"204, Bali Road",Udupi,Delivery Boy,0,Opportunistic crime,41
Rajata Hari,Nidhi,28,Male,"44/33, Arya Street",Koppal,Driver,2,Opportunistic crime,3
Nirja Chahal,,36,Female,"73/22, Ramachandran",Mandya,Driver,0,Opportunistic crime,42
Arya Varkey,,19,Male,"H.No. 616, Virk Ganj",Chikkamagaluru,Unemployed,0,Opportunistic crime,24
Gaurav Comar,,45,Male,"48, Khosla Marg",Shivamogga,Driver,0,Opportunistic crime,26
Christopher Dave,,40,Male,"524, Zachariah Circle",Bengaluru Rural,Vendor,0,Opportunistic crime,5
Agastya Lala,Dakshesh,50,Male,"H.No. 534, Bhakta Street",Shivamogga,Driver,0,Opportunistic crime,38
Maanav Zacharia,,47,Male,"52, Khosla Zila",Belagavi,Delivery Boy,0,Opportunistic crime,48
Indrajit Roy,Nilima,54,Male,"27, Mall Street",Mandya,Delivery Boy,0,Opportunistic crime,15
Umang Karpe,,45,Male,"85, Sodhi Marg",Ballari,Laborer,1,Opportunistic crime,31
Vamakshi Kala,,48,Female,"58/345, Joshi Road",Bengaluru Rural,Contractor,1,Opportunistic crime,28
Prisha Pau,,44,Male,"H.No. 84, Lata Street",Tumakuru,Mechanic,1,Opportunistic crime,32
Yatan Pillay,,20,Male,"17, Dhar Circle",Kolar,Unemployed,0,Opportunistic crime,22
Ranveer Bir,,37,Male,"57/503, Goda Zila",Shivamogga,Laborer,0,Opportunistic crime,22
Upadhriti Ramaswamy,,52,Male,"H.No. 85, Boase Marg",Koppal,Delivery Boy,0,Opportunistic crime,29
Tanveer Basu,Banjeet,30,Male,"00/33, Kulkarni Circle",Raichur,Unemployed,0,Opportunistic crime,45
Faras Singh,Vincent,20,Male,"H.No. 18, Nigam Street",Raichur,Laborer,0,Opportunistic crime,22
Ayaan Om,Zinal,47,Male,"66, Chokshi Marg",Mysuru,Delivery Boy,0,Opportunistic crime,29
Manthan Narula,,35,Male,"H.No. 699, Narula Ganj",Koppal,Vendor,0,Opportunistic crime,8
Aarav Jaggi,,34,Male,"H.No. 81, Joshi Circle",Chikkamagaluru,Driver,0,Opportunistic crime,49
Yashawini Chaudhary,,50,Male,"66/244, Peri Marg",Mandya,Laborer,1,Opportunistic crime,32
Harshil Bhavsar,Suhani,20,Female,"59/884, Dyal Chowk",Belagavi,Driver,0,Opportunistic crime,40
Chakradev Banik,,55,Male,"74/001, Munshi Circle",Hubballi-Dharwad,Driver,0,Opportunistic crime,16
Karan Banik,Omya,43,Male,"52, Yadav Nagar",Bengaluru Urban,Driver,0,Opportunistic crime,38
Zayyan Yohannan,,31,Male,"H.No. 488, Divan Zila",Chikkamagaluru,Driver,0,Opportunistic crime,23
Ishaan Mahajan,,33,Male,"H.No. 47, Karpe Street",Bidar,Unemployed,1,Opportunistic crime,25
Ishaan Rau,,35,Male,"28, Ramesh",Ballari,Vendor,1,Opportunistic crime,10
Akshay Thaman,Bhavya,51,Male,"H.No. 20, Batta Path",Mandya,Contractor,0,Opportunistic crime,22
Benjamin Vora,Tanish,51,Female,"42, Babu Road",Kalaburagi,Mechanic,0,Opportunistic crime,26
Pranit Rau,,47,Female,"38/457, Tandon Road",Vijayapura,Vendor,0,Opportunistic crime,29
Varsha Shukla,,43,Male,"031, Mukherjee Ganj",Tumakuru,Mechanic,1,Opportunistic crime,47
Wyatt Mutti,Yatan,44,Male,"H.No. 60, Sundaram Street",Mysuru,Contractor,1,Opportunistic crime,19
Brijesh Sahni,,33,Male,"66, Vasa Chowk",Mysuru,Mechanic,0,Opportunistic crime,20
Henry Deshmukh,,29,Male,"64/882, Rama Ganj",Kolar,Contractor,0,Opportunistic crime,15
Samarth Saxena,,33,Female,"21, Kothari Circle",Davangere,Unemployed,0,Opportunistic crime,21
Harita Keer,Chandresh,48,Male,"H.No. 757, Barad",Mysuru,Vendor,2,Opportunistic crime,14
Frado Maharaj,Raghav,38,Female,"65, Chatterjee Marg",Shivamogga,Driver,0,Opportunistic crime,18
Darsh Mukhopadhyay,,54,Male,"H.No. 013, Chowdhury Ganj",Bengaluru Rural,Contractor,0,Opportunistic crime,14
Chanakya Mallick,,18,Male,"29/632, Chander Path",Belagavi,Contractor,0,Opportunistic crime,30
Logan Pau,Jagat,36,Male,"678, Raju Path",Hubballi-Dharwad,Unemployed,1,Opportunistic crime,0
Vamakshi Ben,,40,Male,"461, Chauhan Zila",Mangaluru (Dakshina Kannada),Driver,0,Opportunistic crime,44
Pranit Chanda,Darika,23,Male,"H.No. 55, Issac Zila",Udupi,Contractor,0,Opportunistic crime,32
Darsh More,Warjas,30,Male,"H.No. 29, Patel Road",Hassan,Vendor,0,Opportunistic crime,26
Wazir Rai,,36,Male,"H.No. 078, Korpal Marg",Shivamogga,Unemployed,0,Opportunistic crime,35
Samaksh Sastry,,36,Male,"H.No. 660, Parmer Street",Kalaburagi,Unemployed,0,Opportunistic crime,0
Raghav Chokshi,Chaitaly,43,Male,"H.No. 23, Doctor Road",Shivamogga,Vendor,1,Opportunistic crime,4
Neel Nadig,,41,Male,"50, Atwal Path",Mandya,Mechanic,0,Opportunistic crime,46
Unni Atwal,,24,Male,"39/20, Chawla Nagar",Kolar,Unemployed,0,Opportunistic crime,48
Adweta Kale,,20,Male,"11/755, Gokhale Ganj",Bengaluru Rural,Laborer,1,Opportunistic crime,2
Aayush Pai,Barkha,34,Male,"079, Chauhan Circle",Vijayapura,Laborer,0,Opportunistic crime,10
Upkaar Mann,,22,Female,"25/017, Seshadri Chowk",Vijayapura,Unemployed,0,Opportunistic crime,37
Wakeeta Ravi,Dayita,30,Male,"196, Sridhar",Tumakuru,Laborer,0,Opportunistic crime,9
Udyati Sarna,,51,Male,"H.No. 084, Palla Road",Kalaburagi,Vendor,0,Opportunistic crime,21
Madhav Raju,,54,Male,"H.No. 942, Rout Path",Bidar,Vendor,0,Opportunistic crime,36
Devika Nadig,,40,Male,"H.No. 118, Peri Road",Koppal,Contractor,0,Opportunistic crime,41
Yuvraj Mishra,,26,Male,"578, Narayan",Hubballi-Dharwad,Vendor,0,Opportunistic crime,31
Chakradhar Thakkar,,36,Female,"27/04, Subramaniam Zila",Hassan,Mechanic,0,Opportunistic crime,37
Gagan Ravi,Jacob,19,Male,"955, Dara Ganj",Bengaluru Rural,Unemployed,0,Opportunistic crime,17
Charita Dhar,,22,Male,"40, Shere",Vijayapura,Driver,2,Opportunistic crime,17
Gautami Raghavan,Chavvi,28,Male,"34, Butala Marg",Koppal,Contractor,0,Opportunistic crime,6
Ekapad Hegde,,44,Female,"70/379, Devan Street",Raichur,Laborer,0,Opportunistic crime,29
Dalbir Desai,,37,Male,"H.No. 62, Mutti Street",Belagavi,Vendor,0,Opportunistic crime,50
Peter Aggarwal,,29,Female,"02/031, Bir Zila",Bengaluru Rural,Unemployed,1,Opportunistic crime,1
Fiyaz Singh,,55,Male,"701, Shenoy Marg",Bengaluru Urban,Contractor,1,Opportunistic crime,33
Advaith Palla,Falan,46,Male,"007, Dua Chowk",Bidar,Laborer,1,Opportunistic crime,18
Siya Comar,Ekansh,53,Male,"H.No. 01, Nori Marg",Kalaburagi,Driver,0,Opportunistic crime,19
George Dewan,Gayathri,44,Female,"63, Sachdev Path",Koppal,Laborer,1,Opportunistic crime,50
Jatin Sethi,,47,Male,"364, Dugar Nagar",Bengaluru Rural,Unemployed,0,Opportunistic crime,40
Ojas Dave,Jeremiah,24,Female,"711, Mahajan Marg",Tumakuru,Vendor,1,Opportunistic crime,7
Hardik Lad,,35,Female,"25/56, Garde Street",Bengaluru Urban,Contractor,1,Opportunistic crime,50
Oliver Dugal,Quincy,21,Male,"81, Nadkarni",Hubballi-Dharwad,Driver,0,Opportunistic crime,38
Chaitaly Mitter,Ekaja,38,Male,"72/38, Krishnamurthy Zila",Koppal,Delivery Boy,0,Opportunistic crime,19
Frederick Mishra,,39,Female,"H.No. 023, Ravi Path",Chikkamagaluru,Contractor,0,Opportunistic crime,2
Darpan Balasubramanian,Vyanjana,19,Male,"H.No. 28, Pandit Street",Mangaluru (Dakshina Kannada),Vendor,1,Opportunistic crime,9
Wahab Mitter,,46,Male,"45/074, Brar Marg",Belagavi,Mechanic,2,Opportunistic crime,21
Yashica Raju,,54,Male,"H.No. 104, Som Circle",Kalaburagi,Unemployed,1,Opportunistic crime,21
Kalpit Puri,,38,Female,"96/004, Grewal Ganj",Tumakuru,Contractor,0,Opportunistic crime,33
Utkarsh Devi,Veer,26,Male,"62/456, Gokhale Zila",Vijayapura,Delivery Boy,0,Opportunistic crime,7
Aarna Minhas,,18,Female,"69, Bahri Zila",Vijayapura,Vendor,0,Opportunistic crime,39
Jason Nath,Yutika,18,Female,"96, Hora Nagar",Ballari,Laborer,0,Opportunistic crime,15
Madhavi Varughese,,35,Male,"H.No. 624, Patla Nagar",Raichur,Laborer,0,Opportunistic crime,25
Manthan Solanki,,36,Male,"H.No. 18, Radhakrishnan Path",Ballari,Vendor,0,Opportunistic crime,5
Girik Rao,,26,Male,"15/863, Dalal Street",Bidar,Laborer,0,Opportunistic crime,23
Mugdha Lall,,51,Male,"57, Seshadri Zila",Udupi,Contractor,0,Opportunistic crime,46
Lekha Chadha,Falan,31,Male,"71/16, Sundaram Road",Bidar,Driver,0,Opportunistic crime,11
Baljiwan Palla,,19,Male,"438, Sridhar Circle",Udupi,Laborer,0,Opportunistic crime,45
Eiravati Dutt,Siddharth,52,Male,"25/31, Bhatti Path",Bidar,Driver,1,Opportunistic crime,29
Ishaan Brahmbhatt,,22,Male,"H.No. 838, Venkatesh Marg",Tumakuru,Vendor,1,Opportunistic crime,3
Faris Solanki,Tanmayi,55,Male,"07/599, Merchant Marg",Chikkamagaluru,Delivery Boy,0,Opportunistic crime,20
Faras Shukla,Ekani,48,Male,"31/176, Oommen Circle",Hassan,Driver,0,Opportunistic crime,28
Zashil Kade,,41,Female,"25, Nath",Vijayapura,Unemployed,0,Opportunistic crime,23
Timothy Keer,,25,Male,"H.No. 83, Deo",Vijayapura,Unemployed,0,Opportunistic crime,16
Zehaan Wagle,,55,Male,"027, Dash Zila",Davangere,Mechanic,0,Opportunistic crime,48
Harsh Tak,,40,Male,"49/43, Golla Marg",Belagavi,Contractor,2,Opportunistic crime,39
Vivaan Gala,,52,Male,"H.No. 989, Chaudhary Ganj",Hassan,Mechanic,0,Opportunistic crime,25
Owen Bora,,49,Female,"H.No. 089, Chander Path",Mangaluru (Dakshina Kannada),Mechanic,0,Opportunistic crime,27
Janya Bahri,,41,Male,"95/73, Konda Road",Udupi,Contractor,1,Opportunistic crime,42
Onveer Pai,Adweta,53,Male,"H.No. 07, Balasubramanian Path",Hassan,Contractor,0,Opportunistic crime,10
Jonathan Gade,Lavanya,33,Male,"H.No. 14, Borah Zila",Mandya,Contractor,0,Opportunistic crime,2
Zansi Patla,Anmol,44,Male,"092, Lall Nagar",Kalaburagi,Mechanic,0,Opportunistic crime,37
Victor Sarna,,41,Female,"09/81, Ghose Zila",Mandya,Driver,0,Opportunistic crime,49
Kabir Nagar,,20,Male,"H.No. 69, Padmanabhan Ganj",Chikkamagaluru,Contractor,0,Opportunistic crime,25
Noah Wable,,36,Male,"71/83, Gara Zila",Shivamogga,Delivery Boy,0,Opportunistic crime,20
George Bajaj,,55,Male,"H.No. 48, Rege Nagar",Bengaluru Urban,Delivery Boy,1,Opportunistic crime,22
Rajata Mohanty,,47,Male,"91/161, Krishnan Ganj",Bengaluru Urban,Mechanic,0,Opportunistic crime,2
Yatan Walla,,39,Male,"H.No. 96, Ramakrishnan Chowk",Raichur,Delivery Boy,1,Opportunistic crime,11
Kavya Wason,,34,Male,"887, Chaudry Path",Davangere,Unemployed,2,Opportunistic crime,25
Triveni Choudhury,,44,Male,"63, Wable Nagar",Belagavi,Mechanic,0,Opportunistic crime,4
Vamakshi Ghosh,,55,Male,"09/443, Shetty Street",Raichur,Delivery Boy,0,Opportunistic crime,12
Maanas Chauhan,Zilmil,28,Male,"02, Butala Nagar",Bengaluru Urban,Contractor,1,Opportunistic crime,40
Faraj Solanki,,47,Male,"502, Handa",Vijayapura,Contractor,0,Opportunistic crime,33
Kevin Pai,,37,Male,"356, Baria Circle",Vijayapura,Mechanic,1,Opportunistic crime,24
Yuvraj Chadha,,34,Male,"H.No. 080, Kale Nagar",Davangere,Contractor,0,Opportunistic crime,19
Kritika Nair,,39,Female,"26/88, Sehgal Ganj",Kolar,Vendor,0,Opportunistic crime,20
Jackson Bhatia,,53,Male,"04/931, Chadha Road",Tumakuru,Driver,0,Opportunistic crime,41
Rushil Shenoy,,25,Male,"H.No. 10, Mody Path",Mysuru,Driver,0,Opportunistic crime,22
Jairaj Pillai,,55,Male,"057, Dubey Nagar",Kalaburagi,Contractor,0,Opportunistic crime,13
Theodore Cherian,Kai,31,Male,"87, Khare Zila",Koppal,Contractor,0,Opportunistic crime,10
Saksham Deol,Waida,49,Male,"51/932, Raju Road",Tumakuru,Mechanic,1,Opportunistic crime,46
Xavier Dalal,,44,Female,"H.No. 61, Kuruvilla Path",Belagavi,Vendor,0,Opportunistic crime,2
Theodore Dewan,,35,Male,"35, Mutti Zila",Chikkamagaluru,Unemployed,0,Opportunistic crime,13
Jack Dass,Girindra,53,Male,"52, Tank Chowk",Tumakuru,Mechanic,0,Opportunistic crime,26
Ekalinga Saini,Anusha,25,Male,"33/865, Nagarajan Nagar",Kolar,Driver,0,Opportunistic crime,43
Jonathan Gade,Chaaya,45,Male,"609, Atwal Chowk",Hubballi-Dharwad,Mechanic,0,Opportunistic crime,23
Isaac Prasad,Ekantika,54,Male,"965, Srinivasan Circle",Mandya,Driver,0,Opportunistic crime,43
Chameli Mitter,Faqid,26,Male,"H.No. 528, Kakar Street",Mandya,Delivery Boy,0,Opportunistic crime,24
Wridesh Lall,,21,Male,"H.No. 211, Sengupta Ganj",Raichur,Delivery Boy,0,Opportunistic crime,17
Qarin Sura,Farhan,24,Female,"97/095, Mani Ganj",Mysuru,Vendor,0,Opportunistic crime,44
Jeevika Kannan,Samar,19,Male,"73/341, Chhabra Road",Kolar,Contractor,0,Opportunistic crime,45
Chatura Merchant,,31,Male,"306, Shankar Road",Bengaluru Urban,Delivery Boy,0,Opportunistic crime,27
Umang Devi,,51,Female,"692, Mittal Ganj",Bengaluru Urban,Contractor,0,Opportunistic crime,39
Krish Date,,29,Male,"29, Chokshi Road",Shivamogga,Driver,0,Opportunistic crime,30
Vidhi Swaminathan,,42,Female,"H.No. 84, Nadig Ganj",Davangere,Laborer,0,Opportunistic crime,39
Shivani Sastry,,41,Male,"34/199, Konda Path",Hubballi-Dharwad,Contractor,0,Opportunistic crime,37
Vaishnavi Bedi,,48,Male,"H.No. 900, Natarajan Road",Mandya,Delivery Boy,0,Opportunistic crime,43
Daksh Shankar,,20,Male,"353, Chatterjee Circle",Vijayapura,Vendor,0,Opportunistic crime,42
Lakshmi Lalla,,24,Male,"97/90, Mitra Nagar",Shivamogga,Mechanic,0,Opportunistic crime,10
Onkar Som,,24,Male,"H.No. 336, Srinivasan Circle",Udupi,Laborer,0,Opportunistic crime,7
Osha Chandran,,18,Male,"24/15, Swaminathan Nagar",Kolar,Laborer,0,Opportunistic crime,0
Harrison Kota,Manbir,24,Male,"514, Murty Marg",Vijayapura,Mechanic,1,Opportunistic crime,19
Zashil Ahuja,,35,Male,"957, Korpal Path",Shivamogga,Delivery Boy,1,Opportunistic crime,9
Jalsa Mangal,,52,Male,"H.No. 197, Raghavan Ganj",Ballari,Laborer,1,Opportunistic crime,8
Ayaan Sarma,Nisha,53,Male,"H.No. 815, Ghose Path",Davangere,Unemployed,0,Opportunistic crime,26
Avi Sawhney,Luke,21,Female,"35/240, Ganesh",Mysuru,Mechanic,0,Opportunistic crime,8
Xavier Mangal,,28,Female,"68, Madan Chowk",Mangaluru (Dakshina Kannada),Mechanic,0,Opportunistic crime,5
Arjun Goswami,,45,Male,"H.No. 267, Rana Road",Hubballi-Dharwad,Driver,0,Opportunistic crime,39
Oliver Bhat,,39,Male,"002, Sem Ganj",Belagavi,Laborer,0,Opportunistic crime,14
Naksh Taneja,,36,Male,"H.No. 71, Sha Circle",Bengaluru Urban,Laborer,0,Opportunistic crime,40
Manbir Dutta,,38,Male,"301, Hora",Vijayapura,Contractor,1,Opportunistic crime,42
Qarin Prabhu,,27,Male,"96/406, Bhargava Ganj",Chikkamagaluru,Laborer,0,Opportunistic crime,7
Ayushman Rout,Manan,26,Female,"35, Setty Nagar",Bengaluru Rural,Delivery Boy,2,Opportunistic crime,43
Rayaan Sunder,,51,Male,"H.No. 76, Palan Chowk",Mysuru,Driver,0,Opportunistic crime,43
Noah Anne,,30,Male,"95, Bora Street",Vijayapura,Delivery Boy,1,Opportunistic crime,6
Banjeet Tara,,47,Male,"30/52, Reddy Path",Vijayapura,Driver,0,Opportunistic crime,12
Daksh Agrawal,,28,Male,"H.No. 36, Pandey Marg",Chikkamagaluru,Driver,1,Opportunistic crime,25
Anthony Sandal,,46,Female,"997, Chanda Circle",Vijayapura,Mechanic,0,Opportunistic crime,32
Aarush Arora,,51,Male,"93/522, Kunda Ganj",Vijayapura,Delivery Boy,1,Opportunistic crime,34
Eesha Tata,Niharika,41,Male,"87/183, Pandit Street",Koppal,Mechanic,0,Opportunistic crime,8
Jagat Mani,,24,Male,"H.No. 55, Prasad Zila",Bengaluru Urban,Mechanic,0,Opportunistic crime,21
Harsh Mishra,,31,Male,"27/40, Mani Circle",Kalaburagi,Delivery Boy,1,Opportunistic crime,5
Chandani Sundaram,,50,Male,"H.No. 03, Acharya Marg",Raichur,Driver,0,Opportunistic crime,22
Shaurya Batra,Tamanna,40,Female,"48/87, Narang Nagar",Hassan,Driver,2,Opportunistic crime,6
Ishwar Kulkarni,,35,Male,"51/885, Andra Street",Belagavi,Vendor,1,Opportunistic crime,6
Robert Manne,Ati,31,Female,"H.No. 13, Dhar Road",Koppal,Mechanic,0,Opportunistic crime,9
Bishakha Bawa,,22,Male,"33/19, Acharya Circle",Hubballi-Dharwad,Unemployed,0,Opportunistic crime,5
Zehaan Oak,,34,Male,"30/368, Yohannan Circle",Shivamogga,Vendor,0,Opportunistic crime,0
Hema Chadha,,45,Male,"35, Bhandari Marg",Bidar,Unemployed,2,Opportunistic crime,40
Frederick Cheema,,43,Male,"H.No. 51, Chanda Marg",Hassan,Contractor,1,Opportunistic crime,16
Chakradev Tripathi,Saumya,23,Female,"10, Ghosh Street",Tumakuru,Mechanic,0,Opportunistic crime,41
Upasna Padmanabhan,Amara,46,Male,"98/80, Srinivasan Nagar",Kolar,Vendor,0,Opportunistic crime,17
Caleb Prashad,,50,Male,"H.No. 44, Kapur Ganj",Mandya,Mechanic,0,Opportunistic crime,44
William Hegde,,27,Female,"H.No. 314, Deshpande Road",Ballari,Delivery Boy,0,Opportunistic crime,5
Rushil Sridhar,Anthony,52,Male,"H.No. 430, Bir",Belagavi,Unemployed,1,Opportunistic crime,23
Nihal Bhakta,,51,Male,"H.No. 53, Rana Street",Davangere,Unemployed,1,Opportunistic crime,48
Udarsh Grover,Qasim,27,Male,"H.No. 685, Balan Nagar",Belagavi,Unemployed,1,Opportunistic crime,15
Tanvi Modi,,36,Male,"H.No. 528, Bala Nagar",Mysuru,Driver,1,Opportunistic crime,40
Falan Ratta,,18,Male,"777, Sarma",Raichur,Mechanic,0,Opportunistic crime,15
Dalbir Uppal,Lipika,19,Male,"71/816, Luthra Circle",Kalaburagi,Contractor,0,Opportunistic crime,50
Krish Kalita,Saanvi,42,Male,"H.No. 75, Chokshi Circle",Davangere,Contractor,1,Opportunistic crime,26
Tristan Handa,,28,Male,"982, Keer Marg",Chikkamagaluru,Contractor,0,Opportunistic crime,2
Nitesh Basu,,22,Male,"37/099, Bora Street",Shivamogga,Laborer,0,Opportunistic crime,8
Krisha Kannan,Eesha,47,Female,"467, Pathak Circle",Koppal,Driver,0,Opportunistic crime,48
Netra Lall,Udant,20,Male,"83/61, Shah Street",Davangere,Vendor,0,Opportunistic crime,23
Lucky Banik,,31,Male,"799, Pandey Circle",Kalaburagi,Contractor,1,Opportunistic crime,43
Azaan Manda,Urvashi,38,Female,"65/622, Dutta",Kalaburagi,Laborer,0,Opportunistic crime,2
Qarin Edwin,Odika,30,Female,"38/50, Guha Chowk",Mysuru,Laborer,0,Opportunistic crime,14
Patrick Hari,,55,Male,"03/69, Date Path",Koppal,Driver,0,Opportunistic crime,50
Ikbal Bala,,27,Male,"24/68, Kamdar Ganj",Mangaluru (Dakshina Kannada),Vendor,0,Opportunistic crime,25
Om Chandra,,51,Male,"85, Shanker Road",Belagavi,Vendor,0,Opportunistic crime,12
Krish Peri,,21,Male,"40/748, Puri Nagar",Belagavi,Unemployed,0,Opportunistic crime,45
Shivani Dhawan,,48,Female,"425, Loyal Chowk",Hubballi-Dharwad,Mechanic,2,Opportunistic crime,14
Hardik Bora,Eiravati,31,Male,"96, Solanki Zila",Shivamogga,Unemployed,1,Opportunistic crime,27
Banjeet Buch,,36,Male,"H.No. 488, Chander Marg",Koppal,Contractor,0,Opportunistic crime,14
Shaurya Krish,,20,Male,"23, Dyal Nagar",Raichur,Driver,0,Opportunistic crime,14
Jagrati Kulkarni,,31,Female,"403, Gaba Marg",Udupi,Laborer,2,Opportunistic crime,36
Amrita Loyal,,29,Male,"98/342, Bava Chowk",Kolar,Mechanic,0,Opportunistic crime,17
Lakshit Mangat,Dakshesh,27,Male,"13/377, Bali Street",Koppal,Contractor,0,Opportunistic crime,6
Guneet Kothari,,38,Female,"306, Bhatia Street",Bidar,Mechanic,0,Opportunistic crime,47
Samaksh Kala,,37,Female,"87/387, Dugar Nagar",Mysuru,Laborer,1,Opportunistic crime,29
Mekhala Sharaf,,34,Male,"92/19, Pandey Ganj",Hubballi-Dharwad,Vendor,0,Opportunistic crime,9
William Dhar,,23,Male,"H.No. 16, Raman Chowk",Udupi,Mechanic,1,Opportunistic crime,21
Chakrika Sani,Bimala,50,Female,"52/012, Mishra",Raichur,Vendor,0,Opportunistic crime,39
Chakradev Vora,Chaman,47,Male,"85, Raju Path",Kolar,Delivery Boy,0,Opportunistic crime,27
Rachit Keer,,26,Male,"92, Dada Road",Belagavi,Laborer,0,Opportunistic crime,47
Jeremiah Chauhan,,23,Male,"H.No. 979, Sarraf Zila",Raichur,Driver,0,Opportunistic crime,38
Owen Mandal,,39,Female,"56/50, Ramanathan Street",Udupi,Unemployed,1,Opportunistic crime,46
Victor Chauhan,Benjamin,32,Male,"H.No. 94, Sandal Chowk",Chikkamagaluru,Vendor,0,Opportunistic crime,38
Anirudh Yadav,Logan,47,Male,"21/616, Andra Zila",Mandya,Delivery Boy,1,Opportunistic crime,4
Chandresh Sekhon,,27,Male,"H.No. 205, Borah Chowk",Chikkamagaluru,Driver,0,Opportunistic crime,28
Riya Thaker,,23,Male,"215, Deep Circle",Kalaburagi,Contractor,0,Opportunistic crime,13
Jonathan Chander,Meera,50,Male,"31/173, Bhagat Ganj",Hassan,Mechanic,0,Opportunistic crime,8
Parth Setty,,44,Male,"061, Rege Ganj",Belagavi,Delivery Boy,1,Opportunistic crime,35
Anjali Kapur,,38,Male,"H.No. 92, Bose Nagar",Udupi,Unemployed,0,Opportunistic crime,0
Owen Kannan,,28,Male,"39/42, Handa Chowk",Ballari,Unemployed,0,Opportunistic crime,28
Zashil Swamy,,33,Male,"H.No. 494, Mallick Marg",Mangaluru (Dakshina Kannada),Driver,0,Opportunistic crime,15
Frado Wali,,21,Male,"49/84, Dugar Street",Mandya,Vendor,0,Opportunistic crime,0
Samar Sabharwal,,28,Male,"H.No. 241, Rai Road",Mandya,Mechanic,0,Opportunistic crime,2
Saumya Mukhopadhyay,Odika,35,Male,"H.No. 21, Jayaraman Zila",Udupi,Laborer,0,Opportunistic crime,23
Reyansh Korpal,,25,Female,"82/030, Deol Marg",Mandya,Driver,0,Opportunistic crime,5
Benjamin Khalsa,,35,Female,"940, Contractor Road",Mangaluru (Dakshina Kannada),Mechanic,0,Opportunistic crime,11
Madhav Kamdar,Shivani,50,Male,"18, Nayar",Shivamogga,Delivery Boy,0,Opportunistic crime,7
Madhav Hayre,Damyanti,42,Female,"57/00, Tailor Path",Chikkamagaluru,Contractor,1,Opportunistic crime,21
Thomas Setty,Gopal,35,Male,"H.No. 43, Sen Marg",Kalaburagi,Unemployed,1,Opportunistic crime,43
Tanvi Bansal,,28,Male,"H.No. 85, Ramesh Ganj",Mandya,Contractor,1,Opportunistic crime,1
Chandran Chand,,49,Female,"45/24, Ramesh Ganj",Chikkamagaluru,Delivery Boy,0,Opportunistic crime,40
Arunima Sampath,,23,Male,"89/323, Patla Marg",Mysuru,Contractor,1,Opportunistic crime,35
Udarsh Chaudhari,,54,Male,"H.No. 15, Kakar Chowk",Bidar,Delivery Boy,0,Opportunistic crime,38
Raksha Chowdhury,,37,Female,"84/72, Chaudhary Zila",Ballari,Unemployed,0,Opportunistic crime,41
Oscar Lall,Bishakha,22,Male,"H.No. 921, Lalla Road",Bengaluru Urban,Laborer,0,Opportunistic crime,23
Ekansh Dutta,,25,Male,"750, Mitter Street",Kolar,Contractor,1,Opportunistic crime,41
Ethan Ghosh,,49,Male,"28/113, Khalsa Path",Hassan,Vendor,0,Opportunistic crime,5
Ranbir Sandhu,Ekaraj,49,Male,"H.No. 037, Rama Ganj",Koppal,Delivery Boy,0,Opportunistic crime,47
Eesha Hayre,,18,Female,"10/38, Suri Path",Tumakuru,Mechanic,0,Opportunistic crime,4
Faris Soman,,48,Male,"67/104, Khurana Circle",Tumakuru,Vendor,0,Opportunistic crime,16
Yug Aurora,Garima,31,Female,"H.No. 814, Mohan Road",Bengaluru Urban,Contractor,0,Opportunistic crime,33
Kashvi Kuruvilla,Rudra,43,Female,"H.No. 646, Mammen",Bengaluru Rural,Vendor,0,Opportunistic crime,2
Janani Bassi,,52,Male,"88/93, Gulati Ganj",Bidar,Laborer,0,Opportunistic crime,15
Timothy Kapoor,,21,Male,"H.No. 63, Pandey Path",Bidar,Driver,0,Opportunistic crime,24
Gavin Wali,Dakshesh,37,Female,"H.No. 628, Mishra Path",Mysuru,Contractor,0,Opportunistic crime,47
Warjas Shere,,24,Male,"81/712, Sarkar Circle",Tumakuru,Driver,0,Opportunistic crime,50
Brinda More,,53,Female,"H.No. 781, Prashad Ganj",Vijayapura,Delivery Boy,2,Opportunistic crime,16
Fariq Bassi,,29,Male,"256, Rajan Marg",Shivamogga,Unemployed,2,Opportunistic crime,11
Banjeet Nadig,,51,Female,"H.No. 029, Dora Path",Raichur,Vendor,0,Opportunistic crime,37
Ayushman Garg,,51,Male,"570, Salvi Circle",Ballari,Vendor,0,Opportunistic crime,27
Aditya Baria,,37,Male,"H.No. 00, Nagi Marg",Ballari,Vendor,0,Opportunistic crime,30
Upasna Shan,,44,Female,"57/309, Sem Circle",Hassan,Laborer,0,Opportunistic crime,0
Timothy Chauhan,Bahadurjit,40,Male,"H.No. 275, Kadakia Path",Bengaluru Rural,Vendor,0,Opportunistic crime,24
Orinder Bose,Watika,25,Male,"82/52, Sule Road",Bidar,Vendor,0,Opportunistic crime,49
Kabir Pandit,Urvi,35,Male,"H.No. 38, Dasgupta Ganj",Mysuru,Unemployed,0,Opportunistic crime,41
Dhruv Ranganathan,Aarush,41,Male,"20, Sachdeva",Belagavi,Driver,0,Opportunistic crime,32
Upkaar Batra,Onveer,55,Male,"281, Thaker Path",Vijayapura,Mechanic,0,Opportunistic crime,48
Zayyan Balakrishnan,Ikbal,37,Male,"H.No. 23, Bhagat Nagar",Belagavi,Driver,0,Opportunistic crime,40
Anthony Mahajan,Samar,31,Male,"H.No. 589, Ganesan Chowk",Shivamogga,Unemployed,0,Opportunistic crime,10
Jacob Mistry,Bahadurjit,54,Male,"346, Iyer Street",Shivamogga,Vendor,1,Opportunistic crime,27
Naksh Gokhale,Kai,48,Male,"79, Srivastava Street",Kolar,Laborer,0,Opportunistic crime,47
Wazir Datta,,28,Female,"H.No. 629, Dora Nagar",Hassan,Driver,2,Opportunistic crime,42
Siddharth Gandhi,,35,Male,"36/84, Ram Nagar",Shivamogga,Delivery Boy,0,Opportunistic crime,39
Rudra Doshi,,39,Male,"03, Rajan Street",Bidar,Vendor,0,Opportunistic crime,0
Vansha Kashyap,,32,Female,"47/935, Bhakta Path",Bidar,Laborer,0,Opportunistic crime,33
Bakhshi Oommen,,21,Female,"62, Divan Circle",Mangaluru (Dakshina Kannada),Delivery Boy,0,Opportunistic crime,37
Harinakshi Mand,,42,Female,"H.No. 42, Dhar",Koppal,Delivery Boy,1,Opportunistic crime,7
Om Padmanabhan,,46,Male,"31/262, Hegde Marg",Vijayapura,Laborer,0,Opportunistic crime,10
Sachi Rajagopalan,Azad,18,Female,"724, Gera Path",Mangaluru (Dakshina Kannada),Mechanic,0,Opportunistic crime,45
Gaurang Buch,,55,Male,"H.No. 92, Chawla Chowk",Tumakuru,Mechanic,2,Opportunistic crime,48
Janya Nagi,,51,Male,"20/971, Bhattacharyya Chowk",Davangere,Contractor,0,Opportunistic crime,37
Chakradhar Acharya,,36,Male,"50, Soman Marg",Mysuru,Mechanic,0,Opportunistic crime,33
Ekbal Agarwal,,46,Male,"58/79, Char Path",Bengaluru Urban,Mechanic,0,Opportunistic crime,21
Teerth Kuruvilla,,22,Female,"898, Kalita Ganj",Vijayapura,Laborer,0,Opportunistic crime,37
Yashvi Swamy,Nachiket,43,Male,"24, Dhingra",Ballari,Delivery Boy,1,Opportunistic crime,36
Advik Chada,,32,Female,"19/11, Sen Ganj",Kalaburagi,Contractor,0,Opportunistic crime,22
Samuel Khare,Chaman,24,Male,"07, Barad Zila",Kalaburagi,Mechanic,0,Opportunistic crime,20
Tanish More,,47,Male,"436, Tandon Road",Shivamogga,Vendor,0,Opportunistic crime,9
Manbir Deol,Utkarsh,42,Male,"H.No. 356, Bhasin",Vijayapura,Laborer,1,Opportunistic crime,4
Gaurang Saini,Yochana,51,Male,"H.No. 087, Tara Street",Kolar,Mechanic,1,Opportunistic crime,45
Tripti Natarajan,,38,Male,"45, Balan Path",Hassan,Vendor,1,Opportunistic crime,46
Gaurav Mangal,Bahadurjit,39,Male,"71, Seth Chowk",Mandya,Contractor,0,Opportunistic crime,30
Barkha Parmer,,31,Male,"462, Rau Road",Hassan,Mechanic,0,Opportunistic crime,50
Yahvi Tara,,34,Male,"H.No. 895, Arora Circle",Chikkamagaluru,Vendor,0,Opportunistic crime,10
Simon Date,,22,Male,"25, Dhawan Circle",Bengaluru Urban,Delivery Boy,0,Opportunistic crime,4
Dev Pandit,,42,Female,"71/663, Srivastava Zila",Kalaburagi,Delivery Boy,2,Opportunistic crime,9
Veer Parekh,Triveni,21,Male,"93, Kata Nagar",Bengaluru Rural,Mechanic,0,Opportunistic crime,49
Liam Sur,,44,Male,"H.No. 432, Bhatt Circle",Bengaluru Urban,Contractor,0,Opportunistic crime,31
Hredhaan Menon,,44,Female,"H.No. 19, Toor Road",Bengaluru Urban,Contractor,1,Opportunistic crime,22
Guneet Prabhakar,Teerth,44,Male,"H.No. 885, Karpe Path",Bidar,Unemployed,1,Opportunistic crime,45
Wakeeta Shetty,,45,Male,"565, Dayal Ganj",Hassan,Delivery Boy,0,Opportunistic crime,32
Ayaan Rege,Kai,54,Female,"68, Wali Ganj",Tumakuru,Mechanic,0,Opportunistic crime,44
Charan Suri,Vidhi,28,Male,"05, Chandra Road",Udupi,Mechanic,0,Opportunistic crime,27
Dhruv Gulati,,41,Male,"97/91, Shukla Road",Hassan,Delivery Boy,0,Opportunistic crime,46
Krishna Bedi,,18,Female,"H.No. 50, Mallick Marg",Kolar,Laborer,0,Opportunistic crime,47
Chaman Sekhon,,40,Male,"74/77, Bhavsar Nagar",Bengaluru Urban,Vendor,1,Opportunistic crime,6
Abeer More,Hardik,43,Female,"65/06, Pant Circle",Chikkamagaluru,Driver,0,Opportunistic crime,25
Zashil De,,55,Male,"H.No. 113, Tara Ganj",Chikkamagaluru,Delivery Boy,0,Opportunistic crime,19
Gautam Khosla,Indali,34,Male,"H.No. 25, Halder Nagar",Hubballi-Dharwad,Driver,0,Opportunistic crime,42
Bhavna Sarraf,,54,Male,"17/719, Rattan Road",Koppal,Mechanic,0,Opportunistic crime,31
Forum Nayar,Ekiya,45,Female,"H.No. 039, Pandey Street",Hubballi-Dharwad,Mechanic,1,Opportunistic crime,26
Priya Sachdev,,23,Male,"90, Hayre Marg",Mysuru,Contractor,0,Opportunistic crime,48
Manbir Mallick,,50,Male,"42/26, Madan",Raichur,Laborer,0,Opportunistic crime,28
Madhav Shanker,Advay,53,Male,"99, Date Zila",Shivamogga,Driver,0,Opportunistic crime,1
Sarthak Naik,,46,Male,"374, Bir Nagar",Mangaluru (Dakshina Kannada),Vendor,0,Opportunistic crime,12
Dakshesh Chad,,47,Male,"19/72, Sagar Ganj",Udupi,Contractor,1,Opportunistic crime,0
Xiti Malhotra,,21,Male,"72/142, Bhalla Marg",Mandya,Mechanic,0,Opportunistic crime,25
Theodore Lal,,33,Male,"45/85, Prashad Street",Koppal,Unemployed,0,Opportunistic crime,29
Nitesh Ram,Mugdha,52,Male,"08, Loyal Nagar",Bengaluru Urban,Driver,0,Opportunistic crime,32
Darpan Lad,,54,Female,"H.No. 533, Zacharia Chowk",Bidar,Mechanic,0,Opportunistic crime,30
Siddharth Bhagat,,44,Male,"375, Hans Nagar",Bidar,Delivery Boy,1,Opportunistic crime,43
Balveer Basu,,45,Male,"17, Khosla Ganj",Kalaburagi,Contractor,0,Opportunistic crime,6
Ranbir Vig,,26,Male,"66/729, Singhal Zila",Udupi,Vendor,0,Opportunistic crime,17
Aayush Sarna,,22,Male,"13/664, Gulati Nagar",Kolar,Vendor,0,Opportunistic crime,2
Tanmayi Sarin,Deepa,53,Male,"66/35, Kunda Marg",Tumakuru,Contractor,0,Opportunistic crime,6
Guneet Vaidya,,29,Female,"H.No. 630, Reddy Chowk",Vijayapura,Delivery Boy,0,Opportunistic crime,17
Diya Dua,,40,Male,"59, Gaba Chowk",Shivamogga,Unemployed,1,Opportunistic crime,41
Oscar Keer,,35,Male,"21, Choudhary Nagar",Mandya,Delivery Boy,1,Opportunistic crime,44
Qarin Dube,,19,Male,"H.No. 21, Lad Road",Chikkamagaluru,Delivery Boy,0,Opportunistic crime,49
Mitesh Madan,,24,Female,"H.No. 20, Pall Path",Mysuru,Delivery Boy,0,Opportunistic crime,12
Lavanya Sastry,Ati,22,Male,"H.No. 016, Narayan Road",Belagavi,Driver,0,Opportunistic crime,22
Radha Rai,,23,Male,"H.No. 83, Master Zila",Kolar,Vendor,0,Opportunistic crime,10
Peter Hora,,44,Male,"H.No. 109, Ratti Ganj",Kolar,Unemployed,0,Opportunistic crime,42
Samarth Aurora,,22,Male,"69, Seth Zila",Kolar,Unemployed,2,Opportunistic crime,19
Chaman Karnik,,48,Female,"H.No. 69, Bansal Nagar",Udupi,Unemployed,0,Opportunistic crime,30
Praneel Wason,,19,Male,"84/719, Gour Road",Bidar,Delivery Boy,0,Opportunistic crime,32
Gayathri Rege,,36,Female,"64/51, Banerjee Circle",Kolar,Contractor,0,Opportunistic crime,39
Abdul Kurian,,35,Female,"800, Oak Street",Hassan,Contractor,1,Opportunistic crime,32
Gavin Rai,,34,Female,"H.No. 371, Hari Nagar",Tumakuru,Unemployed,2,Opportunistic crime,20
Balendra Chaudhari,Ishita,35,Male,"25/403, Dixit Street",Kalaburagi,Vendor,1,Opportunistic crime,20
Naveen Verma,,38,Female,"28/73, Shan Circle",Bengaluru Urban,Mechanic,0,Opportunistic crime,49
Kevin Madan,,20,Female,"50/257, Rajagopalan Road",Kolar,Driver,0,Opportunistic crime,20
Krish Chadha,,21,Male,"71/07, Bajaj Path",Ballari,Contractor,0,Opportunistic crime,22
Manbir Loke,,55,Male,"69/333, Wagle Ganj",Shivamogga,Mechanic,0,Opportunistic crime,26
Upasna Bora,,26,Male,"H.No. 09, Nayak Path",Mangaluru (Dakshina Kannada),Driver,0,Opportunistic crime,35
Vihaan Khalsa,Isaac,37,Male,"77/993, Sahni Circle",Udupi,Delivery Boy,0,Opportunistic crime,40
Mitesh Goyal,,30,Female,"29/33, Chander Nagar",Mysuru,Contractor,1,Opportunistic crime,0
Balveer Jhaveri,,36,Female,"H.No. 17, Wagle Zila",Hassan,Contractor,0,Opportunistic crime,28
Mason Ravel,,55,Female,"45/97, Agrawal",Ballari,Contractor,0,Opportunistic crime,30
Mitesh Rajagopal,,38,Male,"28/42, Malhotra Zila",Kalaburagi,Laborer,0,Opportunistic crime,47
Chakrika Som,,35,Female,"06, Keer Nagar",Mysuru,Driver,0,Opportunistic crime,9
Ekansh Andra,,44,Male,"H.No. 88, Murty",Vijayapura,Delivery Boy,0,Opportunistic crime,24
Xalak Rajan,,35,Male,"H.No. 33, Gara Zila",Davangere,Laborer,0,Opportunistic crime,42
Riya Jhaveri,,48,Male,"78/776, Sani Road",Raichur,Laborer,0,Opportunistic crime,42
Vincent Dhaliwal,,48,Male,"H.No. 029, Sangha Marg",Belagavi,Driver,0,Opportunistic crime,44
Yatan Lal,Yash,46,Female,"895, Kumar Path",Tumakuru,Delivery Boy,0,Opportunistic crime,13
Jairaj Warrior,,46,Female,"H.No. 64, Tailor Chowk",Mandya,Delivery Boy,0,Opportunistic crime,44
Zehaan Iyer,,52,Male,"35/600, Choudhry Circle",Mysuru,Unemployed,0,Opportunistic crime,5
Madhav Datta,,18,Male,"90/033, Sampath Circle",Bidar,Driver,2,Opportunistic crime,17
Jeet Bajwa,,48,Male,"H.No. 38, Sura",Kolar,Delivery Boy,0,Opportunistic crime,18
Onveer Bhatnagar,,35,Male,"910, Parikh",Hubballi-Dharwad,Unemployed,0,Opportunistic crime,45
Dominic Johal,,18,Male,"H.No. 867, Saini Street",Davangere,Contractor,0,Opportunistic crime,15
Bachittar Wali,Gaurang,42,Male,"20, Manne Circle",Koppal,Mechanic,0,Opportunistic crime,5
Aachal Wadhwa,,53,Female,"H.No. 83, Wali Nagar",Bengaluru Urban,Unemployed,0,Opportunistic crime,8
Dhruv Palan,,29,Female,"167, Srivastava Path",Bidar,Driver,0,Opportunistic crime,4
Wriddhish Toor,Bishakha,19,Male,"H.No. 389, Chokshi Road",Belagavi,Laborer,0,Opportunistic crime,15
Aadi Khalsa,,50,Male,"701, Mistry Zila",Belagavi,Vendor,1,Opportunistic crime,25
Ethan Chowdhury,,50,Male,"733, Gala Marg",Kalaburagi,Driver,0,Opportunistic crime,43
Nathan Deep,,44,Male,"H.No. 19, Saha Path",Mysuru,Delivery Boy,0,Opportunistic crime,7
Arjun Garg,,21,Female,"H.No. 929, Chokshi",Raichur,Laborer,1,Opportunistic crime,38
Hitesh Shukla,Yutika,49,Male,"273, Joshi Road",Kalaburagi,Unemployed,0,Opportunistic crime,8
Indali Jain,Oni,26,Female,"H.No. 77, Sahota Chowk",Mandya,Laborer,0,Opportunistic crime,8
Manan Lal,,42,Male,"15/776, Parmar Chowk",Mysuru,Vendor,0,Opportunistic crime,34
Chatresh Kata,,21,Male,"H.No. 69, Bhavsar Road",Mandya,Vendor,0,Opportunistic crime,3
Lekha Bahri,,36,Male,"94/85, Chhabra Zila",Bengaluru Rural,Contractor,0,Opportunistic crime,48
Maanav Arya,,18,Male,"090, Dhawan Circle",Kalaburagi,Laborer,0,Opportunistic crime,5
Faqid Comar,,37,Male,"H.No. 643, Bakshi Street",Mandya,Vendor,0,Opportunistic crime,33
Bahadurjit Padmanabhan,,52,Male,"44, Verma Ganj",Hassan,Laborer,0,Opportunistic crime,17
Gaurika Sehgal,,52,Male,"006, Guha Road",Hubballi-Dharwad,Contractor,0,Opportunistic crime,27
Faraj Sodhi,,20,Male,"059, Sawhney Circle",Udupi,Contractor,0,Opportunistic crime,10
Yatin Sidhu,,50,Male,"H.No. 25, Shankar Zila",Davangere,Delivery Boy,0,Opportunistic crime,6
Finn Ravi,,23,Male,"80, Madan Chowk",Kalaburagi,Contractor,0,Opportunistic crime,6
Ekalinga Muni,,35,Female,"30/094, Garde Chowk",Udupi,Contractor,0,Opportunistic crime,18
Forum Bawa,,28,Male,"43/69, Dewan Nagar",Kalaburagi,Delivery Boy,0,Opportunistic crime,33
Fiyaz Wali,Ikbal,36,Male,"04/324, Ratta Chowk",Ballari,Driver,0,Opportunistic crime,22
Bhavya Pai,,23,Male,"H.No. 077, Pai Zila",Udupi,Laborer,0,Opportunistic crime,7
Guneet Sehgal,,33,Female,"93/93, Mannan Street",Davangere,Unemployed,0,Opportunistic crime,46
Lucky Datta,Mugdha,48,Male,"68/320, Dora Zila",Shivamogga,Unemployed,0,Opportunistic crime,21
Abhimanyu Lala,Dayamai,31,Male,"H.No. 774, Munshi Marg",Shivamogga,Delivery Boy,0,Opportunistic crime,14
Kashvi Gola,Tamanna,41,Male,"614, Kannan Nagar",Bengaluru Rural,Laborer,1,Opportunistic crime,23
Fariq Dhawan,Shivani,51,Female,"H.No. 327, Sem",Shivamogga,Vendor,0,Opportunistic crime,44
Warinder Biswas,,45,Male,"H.No. 437, Bahl Zila",Bengaluru Rural,Vendor,0,Opportunistic crime,18
Isaiah Jani,,55,Male,"069, Chad Ganj",Hassan,Unemployed,0,Opportunistic crime,32
Laksh Choudhry,,51,Male,"H.No. 13, Rastogi Road",Ballari,Unemployed,0,Opportunistic crime,31
Rajeshri Bhalla,,54,Male,"50/95, Chandran Zila",Bidar,Delivery Boy,0,Opportunistic crime,14
Pranav Devan,,40,Female,"H.No. 134, Varty Zila",Bidar,Contractor,0,Opportunistic crime,37
Ekta Khatri,Eiravati,33,Male,"357, Apte",Mysuru,Laborer,0,Opportunistic crime,28
Pranit Ganesh,,25,Female,"892, Trivedi Marg",Bengaluru Urban,Vendor,0,Opportunistic crime,19
Chanakya Deshmukh,,43,Male,"H.No. 87, Patil Road",Hubballi-Dharwad,Vendor,0,Opportunistic crime,43
George Baria,,45,Male,"55/511, Bhakta Circle",Kolar,Unemployed,0,Opportunistic crime,4
Parth Khurana,,53,Male,"35, Acharya Path",Belagavi,Delivery Boy,0,Opportunistic crime,11
George Minhas,,24,Female,"H.No. 390, Venkatesh Road",Davangere,Unemployed,0,Opportunistic crime,47
Anmol Ganguly,,22,Female,"67/716, Kade Road",Hubballi-Dharwad,Laborer,0,Opportunistic crime,37
Tejas Rout,Ubika,41,Female,"508, Nadig Ganj",Mandya,Delivery Boy,1,Opportunistic crime,12
Kai Chacko,,37,Female,"58, Rao Chowk",Bengaluru Urban,Contractor,0,Opportunistic crime,43
Megha Bhat,,40,Male,"69, Dhar Zila",Kalaburagi,Mechanic,0,Opportunistic crime,49
Vansha Dhingra,,55,Male,"15, Muni Marg",Chikkamagaluru,Delivery Boy,0,Opportunistic crime,38
Rishi Sodhi,,30,Male,"72/916, Dua Marg",Koppal,Vendor,0,Opportunistic crime,19
Chameli Wason,,26,Male,"H.No. 61, Hegde Nagar",Tumakuru,Laborer,0,Opportunistic crime,48
Arya Kalla,,47,Female,"34/23, Sha Ganj",Bengaluru Rural,Delivery Boy,0,Opportunistic crime,2
Aarav Sule,,50,Male,"24/28, Gala Path",Belagavi,Mechanic,0,Opportunistic crime,50
Zaid Atwal,,44,Female,"790, Randhawa Circle",Vijayapura,Mechanic,0,Opportunistic crime,42
Watika Nayar,,28,Male,"H.No. 894, Baria Path",Mangaluru (Dakshina Kannada),Contractor,0,Opportunistic crime,33
Qasim Ratta,,32,Male,"501, Aurora Zila",Raichur,Vendor,0,Opportunistic crime,42
Tristan Nagarajan,,53,Male,"H.No. 49, Bhattacharyya Ganj",Vijayapura,Contractor,0,Opportunistic crime,50
Ria Hayer,,51,Male,"H.No. 846, Sahni Nagar",Kolar,Laborer,1,Opportunistic crime,22
Henry Gala,Xiti,24,Male,"828, Bhargava Circle",Raichur,Unemployed,0,Opportunistic crime,29
Kiaan Balasubramanian,Ekiya,39,Male,"935, Pandit Path",Shivamogga,Mechanic,0,Opportunistic crime,21
Ekapad Trivedi,Ria,32,Female,"H.No. 128, Naidu Chowk",Vijayapura,Mechanic,0,Opportunistic crime,46
Chandran Krishnamurthy,Anmol,46,Male,"88/204, Baral Circle",Mangaluru (Dakshina Kannada),Laborer,0,Opportunistic crime,44
Nakul Vyas,,31,Female,"33/509, Oza Street",Hubballi-Dharwad,Mechanic,0,Opportunistic crime,9
Falguni Kulkarni,Dayita,20,Male,"34/364, Devan Chowk",Mangaluru (Dakshina Kannada),Mechanic,0,Opportunistic crime,46
Gaurangi Dugal,,26,Male,"H.No. 88, Lal Marg",Udupi,Contractor,0,Opportunistic crime,41
Wriddhish Mittal,,35,Male,"H.No. 31, Chandra Zila",Hassan,Mechanic,0,Opportunistic crime,30
Ojasvi Rajagopal,,40,Female,"39/181, Baral Ganj",Mysuru,Contractor,0,Opportunistic crime,23
Chatresh Mand,Oliver,24,Female,"86, Saha Zila",Koppal,Driver,0,Opportunistic crime,28
Yashica Balasubramanian,,20,Female,"10/07, Rattan Street",Mangaluru (Dakshina Kannada),Contractor,0,Opportunistic crime,40
Theodore Konda,,55,Male,"19/187, Datta",Bengaluru Urban,Contractor,0,Opportunistic crime,16
Akshay Divan,Yoshita,42,Male,"H.No. 289, Devi Ganj",Koppal,Delivery Boy,1,Opportunistic crime,34
Logan Minhas,Vrishti,36,Male,"14/86, Aurora Marg",Udupi,Driver,0,Opportunistic crime,8
Hritik Bansal,,18,Male,"24/830, Lad Path",Shivamogga,Vendor,0,Opportunistic crime,21
Wridesh Dey,,21,Male,"255, Sachar Street",Raichur,Unemployed,0,Opportunistic crime,28
Fitan Kata,Osha,34,Male,"359, Ben Marg",Bengaluru Urban,Driver,0,Opportunistic crime,43
Gaurang Dugal,,32,Male,"H.No. 17, Reddy Nagar",Hassan,Mechanic,0,Opportunistic crime,21
Qabil Sankar,,19,Male,"H.No. 40, Parsa Circle",Mysuru,Vendor,1,Opportunistic crime,20
Aditya Goda,,26,Male,"109, Raman Zila",Hassan,Laborer,0,Opportunistic crime,50
Chatresh Kota,,32,Male,"022, Wadhwa",Mandya,Contractor,0,Opportunistic crime,1
Falan Rau,,43,Male,"42, D’Alia Street",Kalaburagi,Vendor,0,Opportunistic crime,23
Anirudh Wagle,,53,Female,"460, Lanka Marg",Kalaburagi,Delivery Boy,0,Opportunistic crime,49
Yash Bir,,18,Male,"62/492, Bajwa Nagar",Kolar,Delivery Boy,1,Opportunistic crime,12
Triya Cherian,,39,Male,"71/17, Babu Marg",Mangaluru (Dakshina Kannada),Delivery Boy,1,Opportunistic crime,49
Lohit Varty,,27,Male,"H.No. 812, Gala Marg",Bidar,Delivery Boy,1,Opportunistic crime,31
Yutika Prashad,,23,Male,"61/072, Bal Road",Tumakuru,Contractor,0,Opportunistic crime,33
Vasatika Iyer,,38,Male,"01, Dara Chowk",Bengaluru Urban,Driver,0,Opportunistic crime,21
Balhaar Wadhwa,,51,Male,"01/50, Luthra Path",Kalaburagi,Driver,0,Opportunistic crime,45
Ikbal Panchal,,29,Male,"095, Golla Road",Hubballi-Dharwad,Unemployed,0,Opportunistic crime,11
Girik Doshi,,32,Female,"89/77, Golla Path",Chikkamagaluru,Delivery Boy,0,Opportunistic crime,34
Frederick Sahni,Rehaan,31,Male,"68, Arya Marg",Hassan,Contractor,0,Opportunistic crime,15
Januja Lad,,19,Male,"H.No. 655, Sawhney Marg",Koppal,Delivery Boy,0,Opportunistic crime,25
Jairaj Chaudry,,34,Male,"86/991, Thakur Path",Kalaburagi,Laborer,0,Opportunistic crime,42
Yamini Pandit,,22,Male,"49/16, Naik Path",Hassan,Mechanic,1,Opportunistic crime,4
Saksham Sandhu,Aachal,20,Male,"46/512, Wason Circle",Mangaluru (Dakshina Kannada),Laborer,0,Opportunistic crime,17
Anya Dixit,,32,Female,"08/397, Tandon Marg",Belagavi,Contractor,0,Opportunistic crime,15
Yadavi Ramaswamy,,35,Male,"27/33, Sengupta Street",Koppal,Mechanic,0,Opportunistic crime,30
Sai Bali,Bhavna,21,Female,"10/69, Gala Marg",Vijayapura,Mechanic,0,Opportunistic crime,17
Alexander Rajan,,51,Male,"26, Talwar Road",Tumakuru,Unemployed,0,Opportunistic crime,23
Rudra Anne,,27,Male,"49/440, Balakrishnan Circle",Kolar,Laborer,2,Opportunistic crime,11
Jacob Padmanabhan,Vedika,20,Female,"37/038, Chakrabarti Marg",Koppal,Mechanic,0,Opportunistic crime,27
Anirudh Panchal,,22,Male,"H.No. 360, Bhargava Zila",Hubballi-Dharwad,Driver,0,Opportunistic crime,46
Vaishnavi Loyal,Eta,36,Male,"112, Babu Nagar",Mysuru,Driver,0,Opportunistic crime,48
Shivansh Dubey,,52,Male,"29/784, Hari Road",Koppal,Vendor,0,Opportunistic crime,3
Hredhaan Prabhakar,,40,Male,"95/547, Wagle Marg",Shivamogga,Laborer,0,Opportunistic crime,35
Baljiwan Contractor,,55,Male,"H.No. 00, Cheema Marg",Koppal,Contractor,0,Opportunistic crime,29
Manthan Sibal,,34,Male,"026, Bandi",Udupi,Contractor,0,Opportunistic crime,1
Zayan Oommen,,46,Female,"H.No. 93, Badami Marg",Shivamogga,Laborer,0,Opportunistic crime,36
Abhiram Chakraborty,,31,Female,"H.No. 614, Gour Road",Koppal,Laborer,0,Opportunistic crime,20
Yatin Biswas,Yash,45,Female,"25, Kata",Bengaluru Rural,Driver,1,Opportunistic crime,20
Samarth Peri,Sathvik,18,Female,"41/974, Dhillon Road",Mysuru,Vendor,0,Opportunistic crime,22
Yagnesh Vyas,,31,Male,"H.No. 007, Kapadia Zila",Udupi,Unemployed,0,Opportunistic crime,45
Victor Nagar,,41,Male,"78, Pradhan Chowk",Davangere,Delivery Boy,0,Opportunistic crime,33
Rohan Dash,,36,Male,"99, Sama Chowk",Bengaluru Urban,Contractor,0,Opportunistic crime,44
Vrishti Gour,Sanya,46,Female,"535, Dhingra Circle",Ballari,Vendor,1,Opportunistic crime,37
Kabir Lall,Aahana,27,Male,"H.No. 07, Sangha Chowk",Vijayapura,Unemployed,0,Opportunistic crime,36
Theodore Ghosh,,43,Female,"60, Guha",Kalaburagi,Driver,1,Opportunistic crime,42
Zaid Loyal,,44,Female,"72/54, Kurian Nagar",Kolar,Delivery Boy,1,Opportunistic crime,10
Balendra Warrior,,24,Female,"970, Pillai Path",Hassan,Delivery Boy,0,Opportunistic crime,26
Aayush Tella,,29,Male,"211, Malhotra Zila",Koppal,Unemployed,0,Opportunistic crime,28
William Patel,,25,Male,"543, Singh Street",Koppal,Vendor,0,Opportunistic crime,42
Quincy Mandal,,43,Male,"H.No. 721, Sidhu Street",Koppal,Vendor,0,Opportunistic crime,37
Hardik Sarna,,39,Female,"H.No. 564, Goel Zila",Hassan,Mechanic,0,Opportunistic crime,15
Nakul Kashyap,,24,Male,"H.No. 021, Bahl Nagar",Mangaluru (Dakshina Kannada),Mechanic,0,Opportunistic crime,30
Watika Mahajan,Chandani,32,Male,"H.No. 93, Bhatti Marg",Mangaluru (Dakshina Kannada),Laborer,0,Opportunistic crime,19
Sudiksha Ghose,,46,Female,"H.No. 95, Khanna Road",Vijayapura,Delivery Boy,0,Opportunistic crime,13
Wahab Mohan,,42,Male,"368, Borra Street",Belagavi,Vendor,0,Opportunistic crime,17
Charan Sankar,Abhiram,42,Male,"479, Wali Nagar",Mandya,Delivery Boy,1,Opportunistic crime,42
Daksh Gokhale,,49,Male,"44/559, Natarajan Marg",Belagavi,Laborer,0,Opportunistic crime,14
Zinal Bawa,,33,Male,"H.No. 07, Saini Ganj",Tumakuru,Delivery Boy,0,Opportunistic crime,13
Faraj Minhas,,51,Male,"03, Agate Zila",Ballari,Laborer,1,Opportunistic crime,24
Falan Mutti,Ira,30,Male,"H.No. 828, Subramanian Circle",Mysuru,Unemployed,0,Opportunistic crime,7
Xavier Pillay,,19,Male,"68/14, Kant Path",Ballari,Vendor,0,Opportunistic crime,13
Qarin Nayar,,53,Male,"H.No. 00, Kulkarni Zila",Hassan,Mechanic,1,Opportunistic crime,9
Harshil Chakraborty,Lila,39,Male,"H.No. 53, Sani Street",Belagavi,Mechanic,0,Opportunistic crime,42
Varenya Sharaf,Rachana,21,Male,"217, Das Ganj",Belagavi,Unemployed,0,Opportunistic crime,18
Henry Mahajan,,45,Male,"H.No. 354, Kata Street",Bengaluru Rural,Driver,1,Opportunistic crime,21
Falan Bhakta,,32,Male,"H.No. 150, Goyal Zila",Bengaluru Urban,Contractor,1,Opportunistic crime,2
Tanish Ratti,,54,Male,"12, Pandya Ganj",Davangere,Unemployed,1,Opportunistic crime,8
Harsh Suri,,19,Male,"75/524, Kunda Circle",Vijayapura,Driver,0,Opportunistic crime,50
Abeer Sawhney,Fitan,32,Male,"H.No. 54, Vig Street",Tumakuru,Delivery Boy,0,Opportunistic crime,45
Pranav Agate,Ekavir,52,Male,"609, Lata Marg",Davangere,Delivery Boy,0,Opportunistic crime,35
Teerth Chaudhry,Warjas,32,Male,"H.No. 426, Mannan Ganj",Mangaluru (Dakshina Kannada),Unemployed,0,Opportunistic crime,47
Bishakha Raj,Agastya,23,Male,"H.No. 69, Kara Nagar",Koppal,Laborer,0,Opportunistic crime,32
Hemang Saraf,Raksha,40,Male,"242, Kala",Hassan,Driver,1,Opportunistic crime,42
Ekbal Warrior,Warjas,30,Male,"07, Rajagopalan Road",Hubballi-Dharwad,Delivery Boy,0,Opportunistic crime,19
Arin Murthy,,33,Male,"276, Chacko Circle",Vijayapura,Delivery Boy,0,Opportunistic crime,49
Samesh Patel,,52,Male,"34/15, Garg Path",Kolar,Vendor,0,Opportunistic crime,38
Nitesh Rout,,24,Male,"517, Saha Street",Bengaluru Urban,Unemployed,0,Opportunistic crime,36
Chaitanya Dhaliwal,,41,Male,"H.No. 02, Kari Zila",Mangaluru (Dakshina Kannada),Delivery Boy,0,Opportunistic crime,9
Teerth Brahmbhatt,,36,Male,"48/74, Malhotra Nagar",Kalaburagi,Laborer,0,Opportunistic crime,8
Bachittar Trivedi,Omya,28,Male,"H.No. 201, Narayanan Marg",Koppal,Delivery Boy,0,Opportunistic crime,32
Saksham Sachdev,Charan,48,Male,"H.No. 495, Chandran Path",Mandya,Laborer,0,Opportunistic crime,47
Falan Karpe,,39,Male,"54, Bhatt Circle",Vijayapura,Delivery Boy,0,Opportunistic crime,39
Zilmil Kota,,39,Female,"76/063, Bandi",Bidar,Mechanic,0,Opportunistic crime,16
Geetika Saraf,,28,Male,"H.No. 490, Anand Road",Bengaluru Urban,Vendor,1,Opportunistic crime,12
Ronith Raj,,32,Male,"76, Prashad Nagar",Bengaluru Urban,Driver,0,Opportunistic crime,33
Abhimanyu Suresh,Ekapad,29,Female,"729, Goyal Zila",Mangaluru (Dakshina Kannada),Mechanic,0,Opportunistic crime,5
Benjamin Nagi,,48,Male,"16/95, Saran Street",Chikkamagaluru,Delivery Boy,1,Opportunistic crime,31
Vivaan Mitra,Saksham,51,Male,"H.No. 051, Sama Ganj",Vijayapura,Driver,1,Opportunistic crime,35
Umang D’Alia,,24,Male,"233, Gola Marg",Bengaluru Urban,Unemployed,0,Opportunistic crime,26
Om Oommen,,22,Male,"H.No. 538, Thaman Zila",Kolar,Mechanic,0,Opportunistic crime,2
Jack Gill,,35,Male,"55/39, Rattan Path",Raichur,Delivery Boy,0,Opportunistic crime,1
Anmol Memon,,47,Female,"H.No. 12, Gaba Nagar",Davangere,Mechanic,0,Opportunistic crime,0
Frederick Sidhu,,23,Male,"95/61, Peri",Hassan,Vendor,0,Opportunistic crime,22
Qarin Thakur,,26,Male,"H.No. 47, Tara Ganj",Mysuru,Mechanic,0,Opportunistic crime,44
Daniel Kale,,35,Male,"H.No. 965, Iyer",Mysuru,Laborer,1,Opportunistic crime,47
Gabriel Sandal,,53,Male,"532, Badal Street",Chikkamagaluru,Unemployed,1,Opportunistic crime,45
Nachiket Dasgupta,,49,Male,"H.No. 377, Shroff Zila",Bengaluru Rural,Mechanic,1,Opportunistic crime,9
Advay Wable,,43,Male,"93, Buch Chowk",Mandya,Contractor,0,Opportunistic crime,30
Azad Bala,,40,Female,"H.No. 015, Chaudry Marg",Hubballi-Dharwad,Driver,2,Opportunistic crime,43
Oliver Chaudhary,Ekalinga,47,Female,"56/71, Prabhakar Zila",Bengaluru Urban,Laborer,0,Opportunistic crime,44
Devika Pandya,,19,Male,"36/724, Das Path",Mandya,Contractor,0,Opportunistic crime,50
Om Roy,Vanya,38,Female,"H.No. 976, Doctor",Ballari,Unemployed,0,Opportunistic crime,38
Jeevika Bobal,,53,Male,"H.No. 776, Rama Zila",Chikkamagaluru,Laborer,0,Opportunistic crime,10
Yashvi Dugar,,43,Male,"H.No. 773, Singh Ganj",Bidar,Delivery Boy,0,Opportunistic crime,18
Ganga Zachariah,Oviya,23,Male,"H.No. 663, Sahota Chowk",Tumakuru,Contractor,0,Opportunistic crime,22
Theodore Deshpande,,24,Male,"64, Venkatesh Circle",Mandya,Laborer,2,Opportunistic crime,25
Ekapad Gole,,31,Female,"057, Issac",Mysuru,Driver,0,Opportunistic crime,42
Sai Sampath,,23,Male,"34/017, Agrawal Marg",Bengaluru Rural,Mechanic,0,Opportunistic crime,15
Krishna Mital,,25,Female,"29/31, Ganesan Path",Koppal,Vendor,0,Opportunistic crime,18
Parth Bahl,Liam,24,Male,"H.No. 54, Sarna Road",Raichur,Laborer,0,Opportunistic crime,5
Madhav Koshy,,21,Male,"623, Chakraborty Circle",Bidar,Delivery Boy,0,Opportunistic crime,31
Gagan Gaba,,51,Female,"73, Badal Zila",Raichur,Unemployed,0,Opportunistic crime,1
Andrew Goda,Aadhya,42,Female,"69/85, Dhillon Chowk",Mysuru,Delivery Boy,1,Opportunistic crime,31
Yashawini Vaidya,,18,Female,"H.No. 45, Kulkarni",Bidar,Unemployed,0,Opportunistic crime,40
Udarsh Amble,Zarna,25,Male,"H.No. 43, Wali Nagar",Vijayapura,Unemployed,0,Opportunistic crime,8
Manthan Gandhi,Pratyush,19,Male,"69/448, Talwar Road",Shivamogga,Driver,0,Opportunistic crime,39
Dhruv Sheth,,54,Male,"55/83, Bhasin Circle",Hassan,Vendor,0,Opportunistic crime,1
Frado Bahl,Veer,51,Male,"45/897, Narayanan",Kalaburagi,Driver,1,Opportunistic crime,8
Neel Dhaliwal,,42,Male,"220, Dhawan Nagar",Hassan,Unemployed,0,Opportunistic crime,38
Sudiksha Chana,,44,Male,"58, Bassi Chowk",Bengaluru Rural,Delivery Boy,0,Opportunistic crime,48
Abeer Bakshi,,34,Male,"00/398, Nayak Marg",Vijayapura,Vendor,0,Opportunistic crime,8
Caleb Gokhale,Lavanya,40,Male,"230, Raj",Kalaburagi,Contractor,0,Opportunistic crime,7
Unnati Suresh,,48,Male,"18/047, Bhardwaj Road",Kolar,Vendor,0,Opportunistic crime,42
Veer Edwin,,45,Male,"99/253, Setty Street",Belagavi,Contractor,0,Opportunistic crime,11
Arya Jaggi,,26,Male,"H.No. 28, Verma Road",Kalaburagi,Driver,1,Opportunistic crime,32
Ikshita Ramaswamy,,44,Male,"H.No. 06, Kalla Zila",Hubballi-Dharwad,Mechanic,0,Opportunistic crime,16
Gopal Jain,,52,Male,"H.No. 323, Mani Street",Bengaluru Urban,Unemployed,1,Opportunistic crime,47
Yashodhara Chad,Luke,52,Male,"05/411, Pandit Nagar",Kalaburagi,Driver,0,Opportunistic crime,18
Isaac Parikh,,25,Male,"635, Ghose Path",Belagavi,Mechanic,1,Opportunistic crime,9
Henry Shetty,,51,Male,"H.No. 923, Hans Nagar",Kolar,Laborer,1,Opportunistic crime,32
Rushil Borde,,29,Male,"266, Sani Path",Belagavi,Mechanic,0,Opportunistic crime,13
Fariq Hegde,,50,Male,"168, Khalsa Ganj",Chikkamagaluru,Unemployed,1,Opportunistic crime,47
Quincy Warrior,,20,Male,"H.No. 730, Mohanty Nagar",Hubballi-Dharwad,Vendor,0,Opportunistic crime,2
Theodore Tandon,Fariq,20,Male,"152, Nanda Nagar",Tumakuru,Delivery Boy,0,Opportunistic crime,43
Yash Desai,,45,Male,"60/88, Hayre Circle",Mysuru,Driver,0,Opportunistic crime,44
Benjamin Dhingra,Bhavini,29,Female,"372, Naidu Chowk",Bengaluru Rural,Driver,0,Opportunistic crime,4
Ranbir Bhargava,Nakul,45,Male,"08/18, Tella Street",Hassan,Driver,0,Opportunistic crime,28
Tanay Merchant,Brinda,47,Male,"H.No. 991, Pall Chowk",Mandya,Delivery Boy,0,Opportunistic crime,48
Triya Divan,,51,Male,"50/34, Bawa Nagar",Koppal,Contractor,1,Opportunistic crime,33
Luke Dara,,29,Male,"76, Sabharwal Nagar",Shivamogga,Delivery Boy,0,Opportunistic crime,37
Imaran Keer,Oliver,31,Male,"96/50, Char Marg",Raichur,Delivery Boy,0,Opportunistic crime,44
Dayamai Misra,,35,Male,"19/56, Karnik Nagar",Bengaluru Urban,Unemployed,0,Opportunistic crime,30
Karan Patil,,45,Female,"08/42, Ratti Ganj",Udupi,Mechanic,0,Opportunistic crime,6
Nihal Gera,,18,Male,"42, Lanka Road",Mysuru,Delivery Boy,0,Opportunistic crime,7
Patrick Kara,Liam,36,Male,"47/36, Dixit Road",Mangaluru (Dakshina Kannada),Unemployed,0,Opportunistic crime,4
Faris Purohit,,52,Male,"H.No. 361, Raman Marg",Bengaluru Urban,Mechanic,0,Opportunistic crime,39
Gaurang Mann,,44,Male,"833, Nagi Ganj",Bengaluru Urban,Laborer,0,Opportunistic crime,25
Gautam Master,Finn,36,Male,"97, Guha Road",Tumakuru,Unemployed,0,Opportunistic crime,36
Azaan Viswanathan,,46,Male,"72/03, Soni Marg",Vijayapura,Unemployed,0,Opportunistic crime,25
Faqid Chadha,Fariq,43,Male,"64/079, Sachar Road",Koppal,Vendor,1,Opportunistic crime,36
Harrison Ramakrishnan,Simon,50,Male,"68/66, Chaudhary Road",Mandya,Delivery Boy,2,Opportunistic crime,20
George Ravel,,24,Male,"05/33, Yogi Nagar",Raichur,Delivery Boy,1,Opportunistic crime,10
Lucky Sura,,41,Male,"440, Kaul Chowk",Chikkamagaluru,Laborer,0,Opportunistic crime,7
Max Mital,,49,Male,"40/599, Dhar Nagar",Kalaburagi,Delivery Boy,0,Opportunistic crime,40
Anirudh Sule,Wahab,31,Female,"74/83, Prakash Road",Raichur,Unemployed,0,Opportunistic crime,27
Kalpit Gola,Omaja,21,Male,"15/686, Sridhar Nagar",Raichur,Mechanic,1,Opportunistic crime,10
Azaan Sule,,31,Female,"10/837, Swamy Circle",Davangere,Mechanic,0,Opportunistic crime,46
Ojas Gade,,24,Male,"H.No. 386, Shukla Nagar",Kalaburagi,Vendor,0,Opportunistic crime,11
Ayushman Roy,Warinder,53,Female,"H.No. 20, Dhingra Nagar",Mysuru,Delivery Boy,1,Opportunistic crime,20
Chaaya Natt,Priya,21,Male,"01/64, Bera Path",Bengaluru Urban,Mechanic,0,Opportunistic crime,43
Nathan Dasgupta,Ubika,23,Male,"61/906, Reddy Road",Tumakuru,Vendor,0,Opportunistic crime,0
Mohammed Kade,,38,Male,"33/64, Mall Path",Shivamogga,Unemployed,0,Opportunistic crime,41
Harinakshi Srinivas,Shivani,25,Male,"90/096, Kakar Zila",Udupi,Laborer,0,Opportunistic crime,9
Anirudh Parmer,,28,Male,"H.No. 81, Kapoor Ganj",Shivamogga,Contractor,0,Opportunistic crime,11
Hemang Dar,,20,Male,"95, Buch Zila",Mandya,Contractor,0,Opportunistic crime,16
Anmol Madan,,48,Female,"H.No. 761, Naidu Nagar",Bengaluru Rural,Laborer,0,Opportunistic crime,47
Yashodhara Roy,Kiaan,20,Male,"H.No. 696, Wadhwa Road",Hassan,Unemployed,0,Opportunistic crime,42
Xavier Thakur,Turvi,44,Male,"534, Mann Road",Bengaluru Rural,Mechanic,0,Opportunistic crime,40
Bachittar Bala,Anjali,51,Female,"89/37, Dasgupta Circle",Udupi,Contractor,0,Opportunistic crime,4
Krishna Nayar,,52,Male,"01/06, Kannan Ganj",Bidar,Mechanic,0,Opportunistic crime,12
Yasti Garde,,19,Female,"413, Madan Marg",Kalaburagi,Driver,0,Opportunistic crime,35
Jai Choudhry,,23,Male,"67, Ratta Street",Belagavi,Laborer,0,Opportunistic crime,48
Ranbir Sridhar,,35,Male,"H.No. 01, Vala Nagar",Bengaluru Urban,Unemployed,1,Opportunistic crime,42
Laban Sani,,25,Male,"83/427, Dara Marg",Mandya,Laborer,0,Opportunistic crime,26
Pranit Kant,,55,Female,"H.No. 711, Parmar Marg",Mangaluru (Dakshina Kannada),Contractor,0,Opportunistic crime,13
Yatin Dara,,21,Female,"624, Kade Road",Kolar,Unemployed,0,Opportunistic crime,10
Harshil Thakkar,,43,Male,"H.No. 690, Kamdar Nagar",Bengaluru Rural,Vendor,0,Opportunistic crime,39
Ekalinga Dar,Victor,23,Male,"66/68, Raj Street",Davangere,Laborer,0,Opportunistic crime,46
Luke Khosla,,22,Male,"H.No. 90, Dayal Path",Mangaluru (Dakshina Kannada),Vendor,1,Opportunistic crime,23
Azad Rai,,28,Male,"62/102, Upadhyay Nagar",Ballari,Vendor,0,Opportunistic crime,48
Vincent Rau,,38,Male,"H.No. 03, Gade Circle",Mysuru,Contractor,0,Opportunistic crime,47
Ryan Narula,,50,Male,"82/918, Shanker Street",Mysuru,Delivery Boy,0,Opportunistic crime,13
Jasmit Minhas,,48,Male,"92/43, Brar Chowk",Udupi,Driver,0,Opportunistic crime,32
Oliver Guha,,36,Male,"40/74, Garg Road",Bidar,Driver,2,Opportunistic crime,17
Upkaar Viswanathan,,20,Male,"04, Sastry Zila",Raichur,Contractor,0,Opportunistic crime,40
Darsh Subramaniam,,23,Male,"97, Walia",Ballari,Vendor,0,Opportunistic crime,0
Tanay Swamy,Pooja,33,Male,"94/34, Chahal Circle",Mandya,Vendor,1,Opportunistic crime,43
Hemangini Amble,,54,Male,"09/532, Bansal Chowk",Udupi,Driver,1,Opportunistic crime,16
Peter Aggarwal,David,20,Male,"30, Dada Nagar",Kalaburagi,Laborer,0,Opportunistic crime,6
Adya Bose,,37,Male,"39/118, Bora Ganj",Shivamogga,Unemployed,0,Opportunistic crime,15
Wazir Karpe,,26,Female,"90/12, Bhatia",Davangere,Mechanic,0,Opportunistic crime,16
Girindra Varty,,32,Male,"H.No. 369, Mani Marg",Tumakuru,Driver,0,Opportunistic crime,35
Pahal Sahota,,49,Female,"58/29, Sani Chowk",Raichur,Laborer,0,Opportunistic crime,24
Victor Kuruvilla,,34,Male,"33/759, Dhaliwal Path",Hassan,Laborer,0,Opportunistic crime,42
Anay Pandya,,23,Male,"510, Saha",Udupi,Laborer,0,Opportunistic crime,33
Mahika Bhagat,,50,Male,"51/11, Kaul Circle",Chikkamagaluru,Contractor,0,Opportunistic crime,31
Ekta Sant,,36,Male,"944, Chaudhary Street",Vijayapura,Unemployed,0,Opportunistic crime,49
Harshil Shukla,,33,Male,"41/126, Chacko Ganj",Mangaluru (Dakshina Kannada),Mechanic,0,Opportunistic crime,31
Ethan Karnik,,48,Male,"492, Thaman Zila",Koppal,Contractor,1,Opportunistic crime,31
Chaitanya Sani,,23,Female,"38, Prashad Nagar",Mysuru,Contractor,0,Opportunistic crime,21
Nachiket Menon,Gautam,53,Female,"87, Shan",Ballari,Mechanic,2,Opportunistic crime,14
Daniel Swamy,,41,Female,"88/993, Sama Marg",Hassan,Unemployed,1,Opportunistic crime,9
Amol Baria,,50,Male,"326, Sekhon Chowk",Bengaluru Rural,Unemployed,1,Opportunistic crime,40
Gautam Balakrishnan,,20,Male,"111, Sodhi Nagar",Shivamogga,Unemployed,0,Opportunistic crime,40
Aadi Bhandari,,22,Female,"26, Oak Zila",Bengaluru Urban,Contractor,0,Opportunistic crime,44
Girish Raman,Henry,22,Female,"49, Kumar",Bidar,Driver,1,Opportunistic crime,21
Devika Wable,,51,Female,"H.No. 010, Chana Street",Bengaluru Urban,Unemployed,0,Opportunistic crime,8
Amol Warrior,,28,Male,"48/23, Tank Road",Hubballi-Dharwad,Delivery Boy,0,Opportunistic crime,8
Ethan Toor,,54,Male,"84/895, Baral Marg",Mysuru,Unemployed,0,Opportunistic crime,40
Qarin Sekhon,Vasana,23,Male,"253, Merchant Marg",Hubballi-Dharwad,Laborer,0,Opportunistic crime,25
Gabriel Bail,,53,Male,"50, Nath Road",Bengaluru Rural,Driver,0,Opportunistic crime,19
Jagrati Murthy,Samesh,19,Male,"H.No. 319, Vaidya Path",Vijayapura,Vendor,1,Opportunistic crime,35
Jonathan Pall,,54,Male,"H.No. 891, Soni Circle",Belagavi,Driver,0,Opportunistic crime,43
Rehaan Brar,,29,Male,"92, Bhavsar Path",Shivamogga,Laborer,0,Opportunistic crime,6
Manan Dar,,29,Female,"H.No. 362, Ganesh Marg",Davangere,Contractor,1,Opportunistic crime,31
Samar Dani,Zarna,23,Male,"H.No. 665, Seshadri Chowk",Bengaluru Rural,Delivery Boy,0,Opportunistic crime,29
Aarush Wable,,20,Male,"H.No. 76, Sem Street",Kolar,Vendor,1,Opportunistic crime,19
Krish Sahni,Ayushman,39,Male,"H.No. 218, Garg Street",Mangaluru (Dakshina Kannada),Vendor,1,Opportunistic crime,42
Pranav Kapadia,,47,Male,"27/185, Seth Circle",Kalaburagi,Unemployed,0,Opportunistic crime,46
Fiyaz Borra,,19,Female,"24/818, Parmer Marg",Udupi,Delivery Boy,0,Opportunistic crime,29
Shivansh Char,,34,Female,"997, Krishnan Ganj",Tumakuru,Delivery Boy,0,Opportunistic crime,37
Maanav Dhaliwal,,25,Female,"H.No. 58, Gade Road",Davangere,Contractor,0,Opportunistic crime,31
Yatin Tandon,,47,Male,"80/563, Dass Chowk",Shivamogga,Contractor,0,Opportunistic crime,44
Pranav Halder,Umang,18,Male,"07/828, Mitra Zila",Koppal,Vendor,0,Opportunistic crime,42
Chasmum Kamdar,Balhaar,38,Male,"14/95, Sane Marg",Belagavi,Delivery Boy,0,Opportunistic crime,46
Michael Gandhi,,26,Male,"20/808, Bawa Circle",Bidar,Laborer,0,Opportunistic crime,17
Shaurya Luthra,Inaya,35,Male,"H.No. 90, Lad Circle",Bengaluru Rural,Contractor,1,Opportunistic crime,13
Hema Jhaveri,,30,Male,"35/797, Jhaveri Road",Shivamogga,Mechanic,0,Opportunistic crime,21
Suhani Grover,Pallavi,48,Male,"355, Ganesan Path",Bengaluru Urban,Delivery Boy,0,Opportunistic crime,26
Parth Thaman,,47,Female,"H.No. 08, Gopal",Koppal,Driver,0,Opportunistic crime,39
Naveen Talwar,,53,Male,"H.No. 28, Pau Nagar",Raichur,Driver,0,Opportunistic crime,2
Reyansh Chanda,,19,Male,"H.No. 076, Ramanathan",Kalaburagi,Mechanic,1,Opportunistic crime,33
Chatura Sharaf,,28,Male,"H.No. 19, Doctor",Ballari,Delivery Boy,0,Opportunistic crime,36
Girik Bhavsar,,23,Male,"63/01, Mukherjee Zila",Chikkamagaluru,Unemployed,0,Opportunistic crime,48
Eshana Gandhi,,24,Male,"30/210, Raman",Vijayapura,Contractor,0,Opportunistic crime,44
Vidhi Hari,Nakul,24,Female,"50, Chopra Zila",Mysuru,Contractor,0,Opportunistic crime,32
Ayushman Dasgupta,,53,Male,"H.No. 172, Sabharwal Ganj",Mangaluru (Dakshina Kannada),Vendor,0,Opportunistic crime,18
Qabil Singh,,18,Male,"63, Kari Zila",Bengaluru Urban,Unemployed,0,Opportunistic crime,34
Dalbir Pillay,,53,Female,"H.No. 56, Reddy Circle",Raichur,Contractor,0,Opportunistic crime,23
Azad Shankar,,39,Male,"995, Mangat Circle",Mandya,Mechanic,0,Opportunistic crime,37
Ridhi Kanda,Ekiya,26,Male,"123, Sangha Road",Bengaluru Rural,Vendor,2,Opportunistic crime,38
Wahab Saini,,23,Male,"83/548, Ranganathan Circle",Kalaburagi,Vendor,1,Opportunistic crime,37
Upma Bandi,,38,Female,"H.No. 07, Rege Circle",Hassan,Laborer,1,Opportunistic crime,38
Anthony Ram,,55,Male,"76/987, Rattan",Mandya,Delivery Boy,0,Opportunistic crime,46
Zehaan Mody,Nirja,19,Female,"92/51, Kakar Marg",Bengaluru Rural,Driver,0,Opportunistic crime,47
Harshil Babu,,52,Female,"79/64, Bal Nagar",Vijayapura,Laborer,0,Opportunistic crime,41
Falan Sahota,Odika,28,Male,"46, Lala Zila",Vijayapura,Laborer,0,Opportunistic crime,3
Aarush Badal,Agastya,48,Female,"H.No. 90, Hegde Chowk",Davangere,Vendor,0,Opportunistic crime,45
Chakradev Khatri,Ubika,54,Male,"H.No. 574, Sama Circle",Hassan,Vendor,0,Opportunistic crime,8
Jalsa Lad,,24,Male,"H.No. 127, Mammen Nagar",Udupi,Contractor,0,Opportunistic crime,12
Krishna Hari,,26,Male,"77/169, Kakar Marg",Hubballi-Dharwad,Driver,0,Opportunistic crime,42
Pallavi Gill,,42,Male,"H.No. 159, Aggarwal Road",Tumakuru,Driver,0,Opportunistic crime,47
Baljiwan Tailor,,54,Male,"48/36, Rau Ganj",Mandya,Contractor,0,Opportunistic crime,24
Ayush Ramanathan,,46,Male,"595, Setty Nagar",Bengaluru Urban,Delivery Boy,0,Opportunistic crime,9
Ucchal Koshy,,19,Male,"17, Kadakia Ganj",Chikkamagaluru,Mechanic,0,Opportunistic crime,1
Rehaan Sharaf,,51,Male,"21/066, Sharaf Chowk",Mandya,Contractor,0,Opportunistic crime,23
Yagnesh Randhawa,,19,Male,"60, Rana Path",Hassan,Driver,0,Opportunistic crime,8
George Maharaj,,47,Male,"H.No. 243, Radhakrishnan Circle",Bengaluru Rural,Laborer,1,Opportunistic crime,0
Liam Goel,,28,Male,"785, Nayak Ganj",Kalaburagi,Driver,1,Opportunistic crime,36
Chakradhar Bandi,Alexander,42,Female,"70/897, Tara Marg",Hubballi-Dharwad,Vendor,0,Opportunistic crime,20
Zehaan Mannan,Wazir,27,Female,"57/504, Nadkarni Street",Ballari,Delivery Boy,0,Opportunistic crime,27
Joshua Prasad,,30,Male,"66/67, Mangat Marg",Koppal,Contractor,0,Opportunistic crime,50
Aarnav Thakur,,51,Male,"728, Aurora",Bengaluru Rural,Vendor,1,Opportunistic crime,2
Mason Tara,,19,Male,"H.No. 02, Dani Path",Davangere,Laborer,0,Opportunistic crime,4
Ojas Mahajan,,25,Male,"H.No. 220, Saraf Nagar",Kalaburagi,Laborer,1,Opportunistic crime,26
Ojas Sem,,50,Male,"36, Sunder Street",Tumakuru,Delivery Boy,0,Opportunistic crime,3
Meera Koshy,Ishanvi,26,Male,"795, Sachdev Marg",Chikkamagaluru,Vendor,0,Opportunistic crime,32
Peter Boase,Akshay,23,Female,"073, Rau Ganj",Hassan,Mechanic,1,Opportunistic crime,48
Aarav Gill,,53,Male,"93/352, Modi Zila",Bengaluru Urban,Contractor,0,Opportunistic crime,9
Tristan Barad,Yash,27,Male,"H.No. 67, Barad Road",Bengaluru Urban,Delivery Boy,1,Opportunistic crime,30
Sudiksha Rama,,27,Female,"H.No. 80, Kapadia Zila",Bidar,Delivery Boy,1,Opportunistic crime,5
Parth Jhaveri,Balhaar,33,Female,"09/86, Gupta Circle",Belagavi,Vendor,0,Opportunistic crime,31
Warinder Morar,,32,Male,"H.No. 343, Behl Marg",Bengaluru Rural,Unemployed,2,Opportunistic crime,19
Omkaar Nagar,Madhav,49,Male,"H.No. 37, Kumer Path",Mysuru,Unemployed,0,Opportunistic crime,15
Indrajit Mander,,35,Male,"H.No. 55, Issac Chowk",Kolar,Laborer,0,Opportunistic crime,35
Zashil Venkataraman,,43,Female,"H.No. 145, Grover Path",Bidar,Contractor,0,Opportunistic crime,26
Chaitanya Palla,,50,Male,"H.No. 05, Deo Zila",Chikkamagaluru,Contractor,0,Opportunistic crime,17
Nidhi Wadhwa,Chatresh,39,Male,"70, Uppal Chowk",Raichur,Delivery Boy,0,Opportunistic crime,34
Falak Nadig,Zilmil,40,Male,"36/511, Barad Circle",Kolar,Vendor,0,Opportunistic crime,24
Divya Bali,,36,Female,"H.No. 446, Tandon Marg",Chikkamagaluru,Laborer,0,Opportunistic crime,40
Guneet Rai,,43,Male,"H.No. 497, Grover Street",Hubballi-Dharwad,Unemployed,0,Opportunistic crime,37
Pratyush Madan,,24,Male,"H.No. 95, Nair Path",Bidar,Vendor,2,Opportunistic crime,43
Zehaan Vyas,,43,Male,"47, Krishnamurthy Road",Mysuru,Driver,0,Opportunistic crime,1
Laksh Sengupta,,23,Female,"H.No. 622, Bala Circle",Raichur,Mechanic,1,Opportunistic crime,28
Balendra Dar,Liam,35,Female,"06/035, Mital Chowk",Tumakuru,Mechanic,0,Opportunistic crime,22
Gagan Tara,,28,Male,"19/21, Sha Circle",Hassan,Unemployed,1,Opportunistic crime,6
Tarak Palla,,34,Male,"H.No. 95, Raghavan Circle",Mysuru,Laborer,0,Opportunistic crime,33
Yatan Rajan,,47,Male,"85, Wali",Ballari,Vendor,0,Opportunistic crime,10
Ryan Bail,,45,Male,"318, Mishra",Koppal,Laborer,0,Opportunistic crime,27
Lavanya Lad,,39,Male,"07/48, Rege Road",Mysuru,Vendor,1,Opportunistic crime,33
Ayush Sankar,,32,Male,"H.No. 23, Mishra Ganj",Bidar,Driver,1,Opportunistic crime,8
Diya Brahmbhatt,,39,Male,"94, Pandya",Raichur,Mechanic,0,Opportunistic crime,37
Rudra Bhatia,,37,Male,"H.No. 81, Sandal Circle",Tumakuru,Laborer,1,Opportunistic crime,30
Deepa Parmer,,23,Female,"H.No. 57, Deep Street",Bengaluru Urban,Vendor,1,Opportunistic crime,47
Vrishti Varghese,,53,Male,"23, Kothari",Chikkamagaluru,Driver,0,Opportunistic crime,5
Abdul Sanghvi,Udyati,27,Female,"131, Vora Chowk",Vijayapura,Mechanic,0,Opportunistic crime,13
Ayush Swamy,,50,Male,"34/439, Sood Road",Chikkamagaluru,Vendor,0,Opportunistic crime,11
Aditya Karnik,Ekanta,29,Male,"92/449, Loke Street",Hubballi-Dharwad,Unemployed,0,Opportunistic crime,33
Yatin Loke,Chanchal,33,Male,"H.No. 849, Sundaram",Ballari,Laborer,0,Opportunistic crime,31
Kabir Kanda,Azaan,45,Male,"98, Saran Chowk",Belagavi,Delivery Boy,2,Opportunistic crime,5
Brijesh Kohli,Fitan,18,Female,"06/18, Bahl Path",Bidar,Unemployed,0,Opportunistic crime,7
Max Ghose,,23,Male,"91/784, Gokhale Ganj",Shivamogga,Mechanic,0,Opportunistic crime,50
Sai Modi,,48,Male,"11, Dasgupta Chowk",Udupi,Driver,0,Opportunistic crime,23
Chameli Sampath,,22,Female,"07, Kakar Zila",Belagavi,Unemployed,0,Opportunistic crime,21
Rohan Dixit,Omisha,36,Male,"88/61, Lad",Bengaluru Rural,Vendor,0,Opportunistic crime,48
Aarna Yogi,Osha,28,Male,"58, Toor Chowk",Davangere,Mechanic,2,Opportunistic crime,27
Lohit Garde,,52,Male,"71/022, Sidhu",Chikkamagaluru,Mechanic,1,Opportunistic crime,24
Rehaan Char,Simon,37,Male,"H.No. 59, Bakshi Zila",Chikkamagaluru,Driver,0,Opportunistic crime,32
Faras Pall,Zehaan,19,Female,"H.No. 992, Grewal Marg",Koppal,Vendor,2,Opportunistic crime,36
Chatresh Mishra,,23,Male,"21/132, Datta Chowk",Bengaluru Rural,Laborer,1,Opportunistic crime,34
Naksh Jani,,45,Female,"13/31, Chopra Chowk",Raichur,Laborer,0,Opportunistic crime,31
Banjeet Baria,,42,Male,"H.No. 313, Rajan Path",Chikkamagaluru,Contractor,1,Opportunistic crime,4
Sanya Agarwal,,47,Male,"68, Upadhyay Road",Udupi,Vendor,0,Opportunistic crime,49
Timothy Guha,,55,Male,"H.No. 29, Chhabra Ganj",Bengaluru Urban,Contractor,2,Opportunistic crime,46
Dhruv Jayaraman,,38,Male,"H.No. 234, Lal Road",Mandya,Driver,2,Opportunistic crime,17
Gautami Hari,,34,Male,"577, Acharya Chowk",Tumakuru,Laborer,0,Opportunistic crime,46
Yagnesh Sundaram,,27,Male,"48/81, Wagle Circle",Ballari,Mechanic,0,Opportunistic crime,4
Orinder Khatri,Vaishnavi,47,Female,"83, Yadav",Belagavi,Mechanic,1,Opportunistic crime,24
Ayushman Suresh,Wridesh,40,Female,"508, More Chowk",Ballari,Unemployed,0,Opportunistic crime,13
Anirudh Singh,,32,Female,"H.No. 167, Balakrishnan Road",Kalaburagi,Unemployed,0,Opportunistic crime,40
Wyatt Chowdhury,Ekaraj,47,Male,"64, Borde Nagar",Chikkamagaluru,Mechanic,1,Opportunistic crime,50
Zinal Mukherjee,,26,Male,"H.No. 400, Garg Circle",Raichur,Unemployed,0,Opportunistic crime,11
Baljiwan Sarma,,33,Male,"57/30, Doshi Zila",Shivamogga,Mechanic,0,Opportunistic crime,25
Shaurya Warrior,,55,Male,"65, Mittal Chowk",Mangaluru (Dakshina Kannada),Unemployed,1,Opportunistic crime,0
Tarak Ravi,,42,Male,"12, Dave Chowk",Bengaluru Urban,Delivery Boy,0,Opportunistic crime,33
Ishaan Prasad,,42,Male,"75/757, Chaudhari Road",Vijayapura,Contractor,0,Opportunistic crime,2
Balhaar Sathe,,48,Male,"13/954, Rattan Nagar",Bidar,Vendor,0,Opportunistic crime,37
Praneel Kale,Aadi,31,Male,"564, Mallick Street",Chikkamagaluru,Contractor,0,Opportunistic crime,16
Darika Bhalla,Hitesh,41,Female,"H.No. 795, Bir Chowk",Raichur,Mechanic,0,Opportunistic crime,32
Neelima Aggarwal,,40,Male,"75/782, Ravel Circle",Kolar,Laborer,0,Opportunistic crime,41
Oscar Saran,Harini,53,Male,"698, Ben Ganj",Raichur,Driver,0,Opportunistic crime,42
Ikbal Rajan,,53,Female,"10/785, Jain Zila",Tumakuru,Driver,0,Opportunistic crime,38
Rishi Bawa,,42,Male,"80, Badal Marg",Hassan,Contractor,0,Opportunistic crime,8
Samuel Bhattacharyya,Akshay,33,Male,"19/51, Handa Circle",Bengaluru Urban,Delivery Boy,2,Opportunistic crime,35
Teerth Sharaf,,42,Male,"48/30, Patel Path",Kalaburagi,Mechanic,1,Opportunistic crime,10
Rachit Kunda,,19,Male,"456, Hayre Ganj",Bengaluru Urban,Contractor,0,Opportunistic crime,39
Gaurang Varma,,28,Male,"29/235, Mitter Circle",Hubballi-Dharwad,Delivery Boy,0,Opportunistic crime,29
Ojasvi Pall,,39,Male,"H.No. 27, Palan Road",Mysuru,Mechanic,0,Opportunistic crime,50
Tristan Kothari,,33,Male,"H.No. 646, Bains Road",Bidar,Driver,0,Opportunistic crime,4
Wishi Suresh,,49,Male,"H.No. 98, Kakar",Kolar,Delivery Boy,0,Opportunistic crime,17
Divya Sagar,,37,Male,"91, Jani Nagar",Vijayapura,Driver,1,Opportunistic crime,1
Ekansh Bahl,,43,Female,"H.No. 013, Chacko Path",Mandya,Laborer,2,Opportunistic crime,35
Ekbal Varughese,,39,Female,"H.No. 967, Parmar Street",Mysuru,Driver,1,Opportunistic crime,15
Zehaan Nagy,,29,Male,"82/38, Shetty Path",Bidar,Laborer,2,Opportunistic crime,6
Jeet Mohanty,,45,Female,"46, Salvi Nagar",Shivamogga,Mechanic,0,Opportunistic crime,34
Andrew Gola,,39,Male,"96/305, Srinivasan",Mangaluru (Dakshina Kannada),Unemployed,0,Opportunistic crime,44
Onveer Palan,,34,Male,"H.No. 009, Subramaniam Road",Mangaluru (Dakshina Kannada),Driver,1,Opportunistic crime,16
Zayan Prashad,,31,Male,"92, Mishra Street",Kalaburagi,Contractor,0,Opportunistic crime,13
Rehaan Wagle,,20,Female,"11/56, Khalsa Chowk",Belagavi,Driver,1,Opportunistic crime,9
Yash Barad,Raagini,38,Female,"82/532, Kant Chowk",Mysuru,Mechanic,1,Opportunistic crime,33
Thomas Bhatt,,18,Male,"819, Sekhon Chowk",Ballari,Mechanic,0,Opportunistic crime,38
Zehaan Raja,,48,Male,"H.No. 25, Pandya",Chikkamagaluru,Driver,2,Opportunistic crime,22
Lakshmi Manda,Saksham,52,Female,"H.No. 995, Narayan Road",Tumakuru,Vendor,0,Opportunistic crime,19
Shaurya Zacharia,Advik,30,Female,"571, Soni Chowk",Mangaluru (Dakshina Kannada),Contractor,0,Opportunistic crime,46
Vasatika Brahmbhatt,Jeet,50,Male,"24/455, Viswanathan Ganj",Udupi,Unemployed,1,Opportunistic crime,28
Nisha Arora,,18,Female,"H.No. 42, Pillay Ganj",Kalaburagi,Driver,2,Opportunistic crime,17
Jagdish Chand,Ojas,18,Male,"78/54, Wagle Chowk",Mandya,Vendor,0,Opportunistic crime,24
Wriddhish Raval,Dipta,44,Male,"68/635, Date Chowk",Bengaluru Urban,Driver,0,Opportunistic crime,23
Fiyaz Krish,,20,Female,"H.No. 45, Mukherjee Path",Shivamogga,Vendor,1,Opportunistic crime,7
Rishi Brahmbhatt,Yasti,53,Male,"28/147, Chhabra Ganj",Mysuru,Unemployed,1,Opportunistic crime,4
Gabriel Mittal,,54,Male,"85/11, Memon Ganj",Mangaluru (Dakshina Kannada),Delivery Boy,0,Opportunistic crime,7
Jagvi Kade,,32,Female,"810, Gupta Zila",Shivamogga,Unemployed,1,Opportunistic crime,22
Hitesh Karpe,Wazir,50,Female,"90, Sood Zila",Kolar,Unemployed,0,Opportunistic crime,40
Kritika Comar,,47,Male,"H.No. 174, Nori Marg",Tumakuru,Driver,0,Opportunistic crime,3
Pahal Ramakrishnan,,55,Male,"97, Rau Nagar",Shivamogga,Contractor,1,Opportunistic crime,17
Jagrati Patil,,36,Male,"H.No. 826, Raghavan Path",Kolar,Vendor,0,Opportunistic crime,29
Manthan Palla,,51,Male,"46/839, Kurian Path",Chikkamagaluru,Driver,0,Opportunistic crime,18
Ubika Kanda,,44,Male,"37/757, Sant Road",Mangaluru (Dakshina Kannada),Driver,0,Opportunistic crime,27
Radhika Kaur,,24,Male,"73/33, Verma Path",Tumakuru,Vendor,0,Opportunistic crime,18
Maya Deshpande,,39,Female,"63, Sandhu Nagar",Bidar,Driver,0,Opportunistic crime,39
Jonathan Vohra,,40,Male,"H.No. 949, Shah Path",Udupi,Laborer,1,Opportunistic crime,48
Yatan Nazareth,,41,Female,"998, D’Alia",Davangere,Vendor,0,Opportunistic crime,44
Isaiah Sandal,,47,Female,"97/00, Ahluwalia Road",Mandya,Delivery Boy,0,Opportunistic crime,46
Brijesh Minhas,,53,Male,"31/38, Yogi Street",Kolar,Laborer,0,Opportunistic crime,36
Saksham Sabharwal,,55,Male,"924, Venkataraman Circle",Mandya,Vendor,1,Opportunistic crime,8
Faqid Kara,,29,Male,"045, Gulati Marg",Mandya,Driver,0,Opportunistic crime,6
Gayathri Thakkar,,32,Male,"38/26, Kaul Nagar",Kolar,Vendor,1,Opportunistic crime,31
Abdul Varkey,,33,Male,"79, Sandhu Path",Hubballi-Dharwad,Mechanic,0,Opportunistic crime,5
Faris Venkatesh,Sathvik,44,Male,"H.No. 277, Sidhu Road",Hassan,Vendor,0,Opportunistic crime,17
Ansh Bali,Falak,40,Male,"73/50, Srinivas Chowk",Shivamogga,Vendor,1,Opportunistic crime,34
Mohini Soni,,31,Male,"16/78, Vora Road",Kalaburagi,Vendor,0,Opportunistic crime,33
Sarthak Parmar,,27,Male,"H.No. 145, Luthra Chowk",Shivamogga,Delivery Boy,0,Opportunistic crime,45
Warhi Dutta,,46,Male,"48/16, Mahajan Nagar",Bengaluru Rural,Delivery Boy,0,Opportunistic crime,32
Azaan Ganesh,Aachal,19,Male,"750, Khalsa Zila",Vijayapura,Vendor,0,Opportunistic crime,19
Yatan Arora,Aadhya,33,Female,"H.No. 170, Sanghvi Road",Kalaburagi,Driver,0,Opportunistic crime,28
Neel Choudhury,,31,Male,"432, Sarin Circle",Bidar,Laborer,0,Opportunistic crime,36
Omkaar Guha,,52,Male,"49/143, Bahri Circle",Kalaburagi,Driver,1,Opportunistic crime,15
Ryan Goda,,51,Male,"13/87, Hora Path",Shivamogga,Driver,0,Opportunistic crime,4
Rohan Krish,,25,Male,"89/028, Nadkarni Path",Hubballi-Dharwad,Delivery Boy,0,Opportunistic crime,5
Yashica Karan,,22,Male,"310, Sanghvi",Belagavi,Laborer,0,Opportunistic crime,50
Hredhaan Din,,25,Male,"40, Hegde Road",Mangaluru (Dakshina Kannada),Vendor,1,Opportunistic crime,13
Girik Patla,,39,Male,"859, Naidu",Raichur,Laborer,1,Opportunistic crime,37
Nathaniel Kata,,43,Female,"00/11, Bakshi Path",Shivamogga,Unemployed,0,Opportunistic crime,43
Yuvraj Salvi,,51,Male,"H.No. 97, Solanki Zila",Koppal,Delivery Boy,0,Opportunistic crime,8
Sai Zacharia,Kai,28,Female,"H.No. 61, Bail Ganj",Koppal,Vendor,0,Opportunistic crime,20
Advik Menon,,45,Male,"H.No. 33, Sridhar Road",Bidar,Unemployed,0,Opportunistic crime,6
Yauvani Kari,,36,Male,"615, Brahmbhatt Ganj",Ballari,Vendor,0,Opportunistic crime,3
Idika Dhar,,44,Male,"087, Cherian Zila",Bengaluru Rural,Vendor,0,Opportunistic crime,20
Azad Issac,,20,Female,"03/96, Chatterjee Nagar",Kalaburagi,Contractor,0,Opportunistic crime,33
Wriddhish Prasad,,53,Male,"50, Agrawal",Kolar,Contractor,0,Opportunistic crime,47
Maanav Grewal,,51,Male,"H.No. 529, Radhakrishnan",Belagavi,Mechanic,0,Opportunistic crime,28
Harshil Kuruvilla,Champak,23,Male,"40, Swaminathan Zila",Hassan,Driver,0,Opportunistic crime,8
Yagnesh Tiwari,,21,Female,"H.No. 47, Hayre Circle",Mandya,Driver,0,Opportunistic crime,12
Lekha Vyas,Qushi,22,Female,"H.No. 25, Sankar",Chikkamagaluru,Laborer,0,Opportunistic crime,3
Xiti Viswanathan,,26,Male,"41, Rama Nagar",Bengaluru Urban,Unemployed,2,Opportunistic crime,41
Girish Misra,,45,Male,"H.No. 364, Khatri Marg",Belagavi,Contractor,0,Opportunistic crime,29
Abhimanyu Contractor,,53,Male,"81/97, Raju Nagar",Udupi,Mechanic,0,Opportunistic crime,35
Bhavini Sodhi,,51,Female,"25, Thakur Path",Davangere,Mechanic,1,Opportunistic crime,29
Liam Sem,,50,Male,"H.No. 055, Sura Path",Hubballi-Dharwad,Laborer,0,Opportunistic crime,28
Mason Manda,,37,Male,"64/76, Chander Road",Mandya,Contractor,0,Opportunistic crime,37
Ekapad Menon,,38,Male,"H.No. 225, Dave Zila",Chikkamagaluru,Unemployed,0,Opportunistic crime,36
Abdul Tara,,24,Male,"645, Dave Zila",Hassan,Driver,0,Opportunistic crime,6
Vritti Kadakia,,36,Male,"473, Krish Street",Raichur,Delivery Boy,0,Opportunistic crime,11
Teerth Agrawal,,26,Male,"586, Menon Marg",Udupi,Laborer,0,Opportunistic crime,41
Veer Khatri,,39,Male,"326, Sethi Nagar",Davangere,Contractor,0,Opportunistic crime,27
Ojas Manda,,55,Male,"H.No. 25, Agate Zila",Koppal,Vendor,0,Opportunistic crime,14
Wahab Nagar,,23,Male,"H.No. 078, Sabharwal Zila",Kolar,Delivery Boy,0,Opportunistic crime,32
Amol Chauhan,,18,Female,"H.No. 14, Mishra Zila",Hassan,Unemployed,1,Opportunistic crime,2
Baljiwan Buch,,54,Male,"H.No. 813, Walla Road",Kolar,Driver,1,Opportunistic crime,31
Imaran Sane,,19,Male,"H.No. 90, Jani",Vijayapura,Driver,0,Opportunistic crime,8
Tarak Rana,Faraj,27,Female,"988, Ganguly Circle",Bengaluru Rural,Delivery Boy,1,Opportunistic crime,37
Balveer Golla,,32,Male,"59, Singhal Circle",Belagavi,Contractor,0,Opportunistic crime,9
Krishna Karnik,,18,Male,"H.No. 493, Gulati Street",Tumakuru,Unemployed,0,Opportunistic crime,21
Udant Saxena,Harinakshi,41,Male,"92/166, Bora Chowk",Bidar,Contractor,1,Opportunistic crime,25
Gaurav Chhabra,,25,Male,"H.No. 942, Ahluwalia Chowk",Davangere,Driver,0,Opportunistic crime,18
Omkaar Parikh,,43,Female,"96/20, Vaidya",Shivamogga,Driver,1,Opportunistic crime,10
Karan Kohli,Indali,50,Male,"80/61, Tripathi Path",Udupi,Mechanic,1,Opportunistic crime,5
Gaurav Modi,,36,Male,"H.No. 533, Manne Zila",Udupi,Laborer,1,Opportunistic crime,29
Ati Pai,,21,Male,"82/953, Gera Ganj",Kalaburagi,Mechanic,1,Opportunistic crime,40
Gaurang Chandra,,30,Male,"200, Sarna Road",Tumakuru,Contractor,0,Opportunistic crime,31
Warjas Mitra,,55,Female,"24/683, Cheema Marg",Davangere,Unemployed,0,Opportunistic crime,3
Falak Prakash,Hredhaan,18,Male,"62/42, Purohit Road",Raichur,Driver,0,Opportunistic crime,28
Jeevika Rattan,,37,Female,"H.No. 05, Kadakia Circle",Shivamogga,Contractor,0,Opportunistic crime,22
Rohan Kibe,Aradhana,20,Male,"75/010, Mukherjee Zila",Hubballi-Dharwad,Vendor,0,Opportunistic crime,14
William Parikh,Madhavi,22,Male,"H.No. 730, Basu Nagar",Hassan,Laborer,0,Opportunistic crime,34
Azad Chahal,,29,Male,"H.No. 597, Kumar Street",Bidar,Vendor,0,Opportunistic crime,13
Bakhshi Narayan,,50,Female,"H.No. 30, Tiwari Circle",Bengaluru Urban,Delivery Boy,0,Opportunistic crime,31
Upkaar Saha,,54,Female,"H.No. 12, Apte",Chikkamagaluru,Laborer,0,Opportunistic crime,7
Lohit Chahal,,42,Female,"429, Narang Zila",Belagavi,Mechanic,0,Opportunistic crime,46
Indira Munshi,,48,Male,"43/93, Issac Path",Bengaluru Rural,Driver,0,Opportunistic crime,44
Yug Dubey,,54,Female,"91, Vasa Marg",Ballari,Laborer,1,Opportunistic crime,7
Ronith Narang,,42,Male,"H.No. 55, Parekh Street",Koppal,Unemployed,1,Opportunistic crime,11
Balendra Mahal,,19,Male,"34/554, Doctor Nagar",Tumakuru,Laborer,0,Opportunistic crime,31
Indrajit Boase,Sarthak,26,Male,"36/605, Mishra Chowk",Bengaluru Urban,Unemployed,0,Opportunistic crime,28
Gopal Sarin,,49,Male,"52/573, Krishna",Chikkamagaluru,Driver,0,Opportunistic crime,8
Rudra Vora,,18,Male,"H.No. 475, Batra Street",Ballari,Delivery Boy,0,Opportunistic crime,49
Advika Agrawal,Bishakha,24,Male,"99, Saha Street",Bengaluru Rural,Mechanic,0,Opportunistic crime,29
Nidhi Goel,Jeevika,51,Female,"68/61, Dar Street",Hassan,Contractor,0,Opportunistic crime,45
Janya Mann,Jackson,41,Male,"43, Madan Ganj",Bengaluru Rural,Vendor,0,Opportunistic crime,17
Balendra Verma,,44,Male,"H.No. 65, Nayar Street",Bidar,Laborer,1,Opportunistic crime,36
Samuel Anne,,47,Male,"60/94, Malhotra Ganj",Belagavi,Vendor,0,Opportunistic crime,20
Brijesh Tiwari,,29,Male,"03/283, Edwin Path",Mangaluru (Dakshina Kannada),Delivery Boy,1,Opportunistic crime,8
Pranav Sathe,,41,Male,"H.No. 65, Aggarwal Zila",Hassan,Vendor,0,Opportunistic crime,28
Luke Bahri,,28,Female,"705, Magar Nagar",Bengaluru Rural,Driver,0,Opportunistic crime,13
Samar Sura,,40,Male,"435, Palla Marg",Mangaluru (Dakshina Kannada),Contractor,1,Opportunistic crime,4
Joshua Mody,,52,Female,"468, Dewan Marg",Koppal,Vendor,1,Opportunistic crime,26
Darpan Bajaj,Anthony,33,Male,"31, Butala Road",Tumakuru,Delivery Boy,2,Opportunistic crime,3
Arjun Trivedi,Yashawini,35,Male,"19/744, Soman Nagar",Shivamogga,Driver,0,Opportunistic crime,39
Oliver Patil,,19,Male,"H.No. 723, Natt Marg",Kalaburagi,Mechanic,0,Opportunistic crime,6
Balveer Konda,Hemang,41,Male,"876, Badal Street",Kolar,Mechanic,0,Opportunistic crime,14
Indrajit Koshy,,19,Female,"009, Sethi Circle",Hassan,Mechanic,0,Opportunistic crime,0
Balendra Sampath,,18,Male,"91/111, Pant Road",Mysuru,Laborer,0,Opportunistic crime,32
Azaan Dayal,,49,Male,"H.No. 21, Sha Path",Hubballi-Dharwad,Unemployed,2,Opportunistic crime,43
Nicholas Bakshi,,26,Male,"76/90, Soni Circle",Bengaluru Rural,Driver,0,Opportunistic crime,30
Advay Badal,,36,Female,"40/755, Bhat Circle",Udupi,Delivery Boy,0,Opportunistic crime,18
Amrita Mukherjee,Gayathri,42,Male,"73/50, Sachdeva Road",Chikkamagaluru,Driver,0,Opportunistic crime,21
Nakul Maharaj,,26,Male,"34/42, Gopal Zila",Raichur,Mechanic,0,Opportunistic crime,16
Chakradev Sura,Liam,29,Male,"18, Cherian Marg",Koppal,Vendor,1,Opportunistic crime,9
Nitesh Iyer,,38,Male,"82/439, Pandya Circle",Mandya,Laborer,2,Opportunistic crime,43
Qasim Sharma,,34,Male,"22, Bhatt Path",Bengaluru Rural,Mechanic,2,Opportunistic crime,7
Michael Cheema,Vamakshi,51,Female,"44/718, Raja Path",Kolar,Laborer,0,Opportunistic crime,20
Rudra Kashyap,,41,Male,"09/93, Doshi Chowk",Chikkamagaluru,Laborer,0,Opportunistic crime,18
Abdul Chadha,,22,Male,"27/270, Korpal Nagar",Hassan,Mechanic,0,Opportunistic crime,23
Rachana Choudhury,,28,Male,"H.No. 142, Varghese Circle",Bengaluru Urban,Delivery Boy,0,Opportunistic crime,37
Ojas Kohli,,27,Male,"H.No. 25, Malhotra Path",Bidar,Unemployed,0,Opportunistic crime,17
Ranveer Parmer,,23,Male,"H.No. 02, Khosla Circle",Mandya,Unemployed,0,Opportunistic crime,6
Yashoda Minhas,,53,Male,"H.No. 886, Balay",Davangere,Vendor,1,Opportunistic crime,17
Bishakha Kalla,,26,Male,"142, Yogi Path",Udupi,Driver,0,Opportunistic crime,50
Liam Parmar,,46,Male,"19/481, Ganesan Zila",Hassan,Delivery Boy,0,Opportunistic crime,12
Hemal Desai,Jhalak,48,Male,"07/740, Khosla Street",Hassan,Mechanic,0,Opportunistic crime,21
William Thakur,,33,Female,"69, Jayaraman Street",Bengaluru Rural,Contractor,0,Opportunistic crime,30
Jacob Sarma,,44,Male,"38/699, De Path",Kalaburagi,Delivery Boy,1,Opportunistic crime,6
Manbir Rattan,,47,Female,"73/112, Buch Nagar",Chikkamagaluru,Delivery Boy,0,Opportunistic crime,20
Prisha Khatri,,52,Male,"685, Gandhi Circle",Raichur,Unemployed,0,Opportunistic crime,49
Maanas Lata,Nimrat,52,Female,"77/711, Bhattacharyya",Mandya,Delivery Boy,1,Opportunistic crime,38
Laban Mishra,,19,Female,"78/08, Subramanian Road",Mandya,Unemployed,0,Opportunistic crime,9
Akshay Kapoor,,34,Male,"69/36, Ranganathan Ganj",Raichur,Delivery Boy,0,Opportunistic crime,0
Jagat Aggarwal,,51,Male,"H.No. 44, Nair Street",Mangaluru (Dakshina Kannada),Unemployed,0,Opportunistic crime,29
Bakhshi Nanda,,31,Male,"H.No. 312, Menon Path",Udupi,Delivery Boy,0,Opportunistic crime,14
Wyatt Vaidya,Raksha,48,Male,"58/637, Chaudhary Street",Mysuru,Unemployed,0,Opportunistic crime,9
Reyansh Brahmbhatt,,23,Female,"H.No. 804, Chaudry Circle",Shivamogga,Mechanic,2,Opportunistic crime,31
Hredhaan Memon,,22,Female,"H.No. 088, Lata Nagar",Vijayapura,Unemployed,0,Opportunistic crime,9
Thomas Subramaniam,,22,Female,"71, Ram Nagar",Mysuru,Mechanic,1,Opportunistic crime,19
Eiravati Bala,,20,Male,"H.No. 41, Nagarajan Circle",Raichur,Vendor,1,Opportunistic crime,8
Balendra D’Alia,,43,Male,"63/16, Sachdeva Zila",Kolar,Unemployed,0,Opportunistic crime,5
Jagdish Hegde,,43,Female,"30/87, Natt",Mangaluru (Dakshina Kannada),Contractor,2,Opportunistic crime,46
Chasmum Mannan,Omya,53,Male,"77, Gera Zila",Kalaburagi,Mechanic,0,Opportunistic crime,13
Panini Rai,,18,Male,"82, Dasgupta Marg",Tumakuru,Driver,0,Opportunistic crime,31
Bakhshi Dhillon,Radha,36,Female,"591, Sha Marg",Kolar,Unemployed,0,Opportunistic crime,1
Sathvik Narula,,19,Male,"H.No. 394, Lall Circle",Belagavi,Laborer,0,Opportunistic crime,48
Raksha Hora,,19,Male,"17, Loyal",Belagavi,Vendor,0,Opportunistic crime,8
Mitesh Salvi,,53,Male,"46/181, Sarma Nagar",Kolar,Contractor,1,Opportunistic crime,28
Oscar Sangha,,18,Male,"90, Ghosh Path",Mandya,Laborer,0,Opportunistic crime,47
Wyatt Brar,Vanya,20,Male,"H.No. 855, Munshi Street",Raichur,Contractor,0,Opportunistic crime,33
Ikbal Kamdar,,23,Female,"62/13, Menon Circle",Bengaluru Rural,Delivery Boy,0,Opportunistic crime,42
Wyatt Sani,,46,Male,"85/340, Loke",Davangere,Delivery Boy,0,Opportunistic crime,4
Caleb Mitter,,39,Male,"20/979, Biswas Zila",Bengaluru Urban,Unemployed,0,Opportunistic crime,36
Nachiket Narayanan,,41,Male,"10/896, Srinivasan Marg",Koppal,Contractor,0,Opportunistic crime,17
Krish Krishnan,,37,Female,"61/846, Shanker Chowk",Mandya,Delivery Boy,0,Opportunistic crime,47
Bahadurjit Memon,,34,Male,"H.No. 26, Rao Path",Ballari,Mechanic,0,Opportunistic crime,6
Mason Khare,Rudra,24,Female,"23/46, Sheth",Udupi,Vendor,0,Opportunistic crime,39
Mohammed Narain,,26,Male,"871, Pingle Nagar",Chikkamagaluru,Unemployed,0,Opportunistic crime,9
Hritik Mitra,Chandran,49,Male,"321, Krish",Bengaluru Urban,Driver,0,Opportunistic crime,13
Guneet Bahri,,32,Male,"56/64, Bhatt Street",Bengaluru Urban,Mechanic,0,Opportunistic crime,33
Victor Lanka,,50,Male,"97, Edwin Road",Vijayapura,Contractor,0,Opportunistic crime,46
Gaurika Setty,,28,Male,"H.No. 74, Bhavsar Zila",Mysuru,Delivery Boy,0,Opportunistic crime,14
Nathan Choudhary,,44,Male,"H.No. 92, Taneja Chowk",Vijayapura,Contractor,0,Opportunistic crime,20
Isaac Dash,,24,Male,"H.No. 992, Srivastava Marg",Mandya,Laborer,1,Opportunistic crime,2
Jairaj Kalla,,51,Male,"H.No. 44, Doshi Nagar",Belagavi,Unemployed,0,Opportunistic crime,9
Bakhshi Mandal,,49,Male,"63/917, Mukherjee Path",Bengaluru Rural,Driver,0,Opportunistic crime,32
Victor Vyas,,49,Male,"77, Gandhi Path",Mangaluru (Dakshina Kannada),Contractor,0,Opportunistic crime,28
Lohit Sastry,,45,Male,"88, Rattan",Ballari,Unemployed,0,Opportunistic crime,36
Chaitanya Banik,,36,Male,"53/788, Badal Zila",Mangaluru (Dakshina Kannada),Delivery Boy,0,Opportunistic crime,19
Victor Taneja,,54,Male,"H.No. 89, Narayan Road",Raichur,Mechanic,0,Opportunistic crime,18
Vihaan Date,,46,Male,"H.No. 248, Dayal Circle",Tumakuru,Delivery Boy,0,Opportunistic crime,40
Zilmil Tandon,,33,Male,"55/03, Balay Zila",Hassan,Mechanic,0,Opportunistic crime,33
Gaurav Goda,,36,Female,"H.No. 643, Sehgal",Chikkamagaluru,Laborer,0,Opportunistic crime,0
Ojas Menon,Damyanti,43,Male,"H.No. 719, Johal Road",Mangaluru (Dakshina Kannada),Driver,0,Opportunistic crime,35
Gunbir Kothari,,49,Male,"93/423, Sandhu Nagar",Bengaluru Rural,Mechanic,0,Opportunistic crime,42
Umang Handa,,42,Male,"907, Kothari Street",Bengaluru Urban,Mechanic,1,Opportunistic crime,3
Krish Tiwari,Adweta,28,Male,"36/110, Loyal Ganj",Chikkamagaluru,Vendor,0,Opportunistic crime,16
Bahadurjit Bal,,42,Female,"87, Luthra Street",Koppal,Laborer,0,Opportunistic crime,27
Nathan Chandran,,38,Female,"47/488, Wable Path",Bengaluru Rural,Vendor,2,Opportunistic crime,7
Aditya Bhatti,Gunbir,24,Male,"382, Palan Nagar",Belagavi,Vendor,0,Opportunistic crime,47
Ronith Raval,Vedika,33,Male,"257, Khurana Road",Bengaluru Urban,Mechanic,1,Opportunistic crime,5
Gaurav Raju,,34,Female,"41, Khanna Path",Bengaluru Urban,Mechanic,1,Opportunistic crime,49
Ikbal Mohanty,,51,Male,"H.No. 92, Gill Street",Hassan,Contractor,0,Opportunistic crime,26
Hemang Dora,Chameli,53,Male,"25/256, Ramachandran Ganj",Raichur,Contractor,1,Opportunistic crime,25
Yatan Parikh,,23,Male,"93, Ganesh Nagar",Hubballi-Dharwad,Driver,0,Opportunistic crime,0
Ekbal Mukhopadhyay,Veer,34,Female,"81/429, Rege Nagar",Mandya,Laborer,0,Opportunistic crime,36
Geetika Singh,,33,Female,"15/11, Dasgupta Marg",Hubballi-Dharwad,Laborer,0,Opportunistic crime,49
Samar Buch,,39,Male,"11, Sha Nagar",Mysuru,Delivery Boy,0,Opportunistic crime,34
Vihaan Aggarwal,Zayyan,52,Female,"H.No. 100, Narayanan Zila",Kolar,Delivery Boy,0,Opportunistic crime,33
Xiti Rao,,52,Male,"682, Pillay Path",Raichur,Laborer,0,Opportunistic crime,43
Dhruv Khatri,,46,Male,"H.No. 356, Bhardwaj",Koppal,Driver,0,Opportunistic crime,21
Ekavir Munshi,,42,Male,"H.No. 61, Barad Road",Raichur,Unemployed,0,Opportunistic crime,32
Yashoda Dyal,,35,Male,"37/096, Karnik Circle",Tumakuru,Delivery Boy,0,Opportunistic crime,2
Netra Cherian,,34,Male,"H.No. 93, Bhardwaj Street",Belagavi,Delivery Boy,2,Opportunistic crime,38
Chandresh Bedi,Baljiwan,46,Female,"H.No. 13, Purohit Road",Chikkamagaluru,Delivery Boy,0,Opportunistic crime,23
Avni Kannan,,28,Male,"H.No. 21, Murthy",Kolar,Laborer,0,Opportunistic crime,21
Rishi Tank,,21,Male,"32/37, Chandra Path",Hubballi-Dharwad,Driver,1,Opportunistic crime,49
Hredhaan Dugar,Reva,41,Female,"H.No. 848, Dass Zila",Hassan,Driver,0,Opportunistic crime,1
Kevin Reddy,,18,Male,"26, Khanna Street",Tumakuru,Delivery Boy,0,Opportunistic crime,31
Kabir Pillay,,54,Male,"18, Grewal Chowk",Koppal,Driver,1,Opportunistic crime,42
Maanav Kulkarni,,21,Male,"H.No. 796, Chawla",Ballari,Contractor,0,Opportunistic crime,14
Bachittar Vyas,,37,Male,"08/10, Purohit Chowk",Mandya,Mechanic,1,Opportunistic crime,40
Watika Butala,,25,Male,"287, Krishnamurthy Zila",Raichur,Driver,1,Opportunistic crime,39
Aryan Apte,,26,Female,"H.No. 741, Chaudhuri",Shivamogga,Driver,0,Opportunistic crime,21
Warinder Kalita,Radha,52,Male,"74, Narain Chowk",Mysuru,Contractor,0,Opportunistic crime,10
Balendra Wadhwa,,36,Male,"87/54, Chakraborty Path",Bidar,Contractor,0,Opportunistic crime,3
Arjun Narain,,24,Female,"52/170, Badami Path",Vijayapura,Vendor,0,Opportunistic crime,42
Bishakha Deshpande,,21,Female,"34/493, Butala Street",Hassan,Mechanic,0,Opportunistic crime,21
Samuel Chadha,,45,Female,"16/34, Pal Zila",Kolar,Vendor,0,Opportunistic crime,49
Omisha Sachar,,27,Male,"H.No. 93, Bal Ganj",Davangere,Laborer,0,Opportunistic crime,0
Aarav Bhardwaj,,28,Male,"23/33, Dani Chowk",Shivamogga,Unemployed,0,Opportunistic crime,36
Dalbir Singh,Kamala,41,Male,"87/056, Kara Ganj",Koppal,Mechanic,1,Opportunistic crime,30
Azaan Rastogi,,53,Female,"89/96, Chatterjee Street",Belagavi,Contractor,0,Opportunistic crime,49
Pooja Sachar,,43,Male,"428, Karnik",Tumakuru,Vendor,0,Opportunistic crime,7
Leena Mann,Ekta,51,Female,"575, Seth",Udupi,Driver,1,Opportunistic crime,19
Praneel Sastry,Aditya,32,Male,"H.No. 043, Venkataraman Road",Hassan,Delivery Boy,0,Opportunistic crime,20
Charles Jhaveri,Zaitra,53,Female,"H.No. 88, Basu Chowk",Chikkamagaluru,Delivery Boy,0,Opportunistic crime,11
Anmol Rastogi,,31,Male,"88, Pal Road",Hubballi-Dharwad,Laborer,0,Opportunistic crime,14
Faris Ramakrishnan,,29,Male,"93/33, Karan Ganj",Raichur,Driver,0,Opportunistic crime,44
Qarin Banik,Waida,37,Male,"H.No. 27, Bera Nagar",Vijayapura,Unemployed,0,Opportunistic crime,39
Faras Mander,,23,Male,"54, Banik Chowk",Bengaluru Rural,Laborer,1,Opportunistic crime,12
Dev Dalal,,45,Female,"51/70, Anand",Shivamogga,Mechanic,0,Opportunistic crime,6
Aishani Mohan,,19,Male,"H.No. 46, D’Alia Nagar",Bengaluru Urban,Vendor,0,Opportunistic crime,5
Pratyush Virk,Hemal,26,Male,"H.No. 093, Shetty Ganj",Bengaluru Urban,Delivery Boy,0,Opportunistic crime,12
Faris Kuruvilla,Yashoda,37,Female,"H.No. 194, Saran Path",Davangere,Laborer,0,Opportunistic crime,5
Rudra Dani,,23,Male,"58/975, Sampath Zila",Udupi,Vendor,1,Opportunistic crime,19
Qadim Kala,,25,Male,"H.No. 791, Yogi Marg",Tumakuru,Unemployed,0,Opportunistic crime,37
Anay Golla,Maanas,27,Male,"H.No. 330, Ratta Street",Davangere,Mechanic,0,Opportunistic crime,35
Anthony Zachariah,,32,Male,"H.No. 373, Rana Path",Mangaluru (Dakshina Kannada),Mechanic,0,Opportunistic crime,15
Kabir Krishnamurthy,Chaitaly,31,Male,"46, Gala Path",Raichur,Vendor,0,Opportunistic crime,34
Laban Iyengar,,48,Male,"82/984, Subramanian",Bidar,Delivery Boy,1,Opportunistic crime,4
Dev Vig,,54,Male,"72/662, Kadakia Nagar",Mysuru,Mechanic,0,Opportunistic crime,28
Shaurya Kunda,,33,Female,"85/074, Kulkarni Street",Koppal,Vendor,1,Opportunistic crime,3
Banjeet Ben,,20,Male,"097, Prashad Nagar",Belagavi,Vendor,0,Opportunistic crime,9
Vidhi Dara,,54,Male,"H.No. 593, Bath Road",Belagavi,Contractor,0,Opportunistic crime,12
Upma Bhatnagar,,34,Male,"H.No. 67, Das Nagar",Tumakuru,Delivery Boy,0,Opportunistic crime,38
Faraj Bava,Chaitanya,48,Female,"36/768, Tara Path",Udupi,Laborer,0,Opportunistic crime,25
Dhruv Parmar,,49,Male,"H.No. 73, Ramakrishnan Circle",Raichur,Unemployed,0,Opportunistic crime,8
Balveer Chowdhury,,26,Male,"74/765, Natarajan Circle",Hubballi-Dharwad,Vendor,2,Opportunistic crime,7
Dalbir Khosla,,27,Male,"H.No. 272, Bhargava Street",Mangaluru (Dakshina Kannada),Delivery Boy,1,Opportunistic crime,25
Vedika Setty,,41,Male,"62/89, Sama Road",Bengaluru Rural,Mechanic,0,Opportunistic crime,34
Simon Chakrabarti,Chandresh,43,Male,"17/31, Magar Chowk",Ballari,Vendor,0,Opportunistic crime,39
Dakshesh Anne,Falan,38,Male,"H.No. 532, Rout Zila",Hassan,Mechanic,0,Opportunistic crime,47
Zansi Hora,,25,Male,"H.No. 43, Kalla Circle",Bidar,Delivery Boy,1,Opportunistic crime,22
Balveer Misra,Riya,31,Male,"H.No. 384, Kala Zila",Mysuru,Mechanic,1,Opportunistic crime,8
Vedhika Pant,,35,Male,"91, Badal Nagar",Kolar,Mechanic,1,Opportunistic crime,9
Ishwar Dutta,Garima,31,Male,"H.No. 91, Sandal Chowk",Kolar,Mechanic,0,Opportunistic crime,11
Champak Magar,Vedhika,38,Male,"91, Devan Path",Kalaburagi,Mechanic,0,Opportunistic crime,50
Harshil Seth,,45,Male,"H.No. 934, Raju Zila",Davangere,Driver,0,Opportunistic crime,37
Michael Aurora,,35,Male,"64/072, Vyas Nagar",Hubballi-Dharwad,Laborer,0,Opportunistic crime,42
Quincy Dubey,Pranit,28,Male,"H.No. 035, Ramachandran Ganj",Udupi,Delivery Boy,0,Opportunistic crime,27
Adya Thaker,Aadi,24,Male,"66, Tata Street",Mysuru,Contractor,0,Opportunistic crime,3
Maanav Gopal,,35,Male,"43, Sani Ganj",Mangaluru (Dakshina Kannada),Laborer,0,Opportunistic crime,10
Rudra Saran,,46,Male,"87/789, Barman",Chikkamagaluru,Driver,0,Opportunistic crime,36
Maanas Kashyap,,40,Male,"93/630, Vig Marg",Belagavi,Vendor,0,Opportunistic crime,7
Yashasvi Sampath,,32,Female,"189, Raghavan Chowk",Shivamogga,Contractor,0,Opportunistic crime,48
Balveer Doctor,,47,Female,"23/874, Bail Marg",Ballari,Mechanic,0,Opportunistic crime,14
Dhriti Sachar,,27,Male,"H.No. 250, Ramanathan Road",Koppal,Contractor,2,Opportunistic crime,5
Darpan Rai,,48,Female,"74/054, Walla Circle",Tumakuru,Vendor,0,Opportunistic crime,0
Mekhala Ranganathan,Qushi,39,Male,"H.No. 08, Morar Zila",Vijayapura,Laborer,1,Opportunistic crime,13
Faras Guha,,38,Male,"97/24, Bera",Chikkamagaluru,Vendor,0,Opportunistic crime,37
Qabil Chowdhury,,52,Female,"729, Oak Path",Kolar,Laborer,0,Opportunistic crime,11
Agastya Krishnan,,25,Female,"25/677, Sehgal Path",Koppal,Laborer,0,Opportunistic crime,13
Dalbir Mistry,,52,Male,"26/742, Chaudhuri Marg",Raichur,Driver,0,Opportunistic crime,13
Chatresh Rastogi,,27,Male,"07/57, Bahri Road",Hassan,Contractor,0,Opportunistic crime,49
Jeet Khurana,Om,28,Male,"H.No. 026, Thaman Chowk",Koppal,Laborer,0,Opportunistic crime,39
Fiyaz Bains,Neha,50,Male,"27/078, Banik Zila",Bidar,Driver,2,Opportunistic crime,40
Abhimanyu Luthra,,43,Male,"H.No. 004, Kapoor Marg",Hubballi-Dharwad,Unemployed,2,Opportunistic crime,23
Hredhaan Dada,,27,Male,"08/183, Dora Chowk",Vijayapura,Unemployed,0,Opportunistic crime,21
Harrison Baral,,32,Male,"30/77, Shetty Path",Bengaluru Urban,Laborer,0,Opportunistic crime,12
Faris Kadakia,,45,Male,"87/835, Wason",Kolar,Unemployed,0,Opportunistic crime,9
Banjeet Bal,Bhavna,20,Male,"46/178, Dyal Ganj",Bidar,Delivery Boy,0,Opportunistic crime,4
Zaid Mann,,40,Male,"H.No. 68, Jaggi Road",Belagavi,Mechanic,0,Opportunistic crime,41
Arjun Ahuja,,32,Male,"56/56, Patla",Tumakuru,Vendor,0,Opportunistic crime,41
Gaurang Chaudhry,,48,Male,"69/280, Hegde Nagar",Hubballi-Dharwad,Vendor,0,Opportunistic crime,42
Agastya Bahl,,47,Male,"H.No. 388, Lala Marg",Vijayapura,Driver,1,Opportunistic crime,27
Tristan Chad,,44,Male,"14/900, Prabhu Ganj",Bengaluru Urban,Delivery Boy,1,Opportunistic crime,0
Ekiya Bath,Prisha,29,Male,"94/960, Tata Road",Hubballi-Dharwad,Unemployed,0,Opportunistic crime,33
Kalpit Dhawan,Ekapad,36,Female,"02/96, Chowdhury Nagar",Bengaluru Urban,Mechanic,2,Opportunistic crime,2
Advay Saraf,Nicholas,53,Female,"H.No. 386, Dube Street",Vijayapura,Driver,0,Opportunistic crime,48
Girik Dara,,26,Male,"55/146, Bhardwaj Street",Hassan,Driver,0,Opportunistic crime,17
Widisha More,,19,Male,"06/76, Zacharia Marg",Raichur,Contractor,1,Opportunistic crime,15
Wriddhish Golla,,27,Male,"68/322, Savant Marg",Raichur,Delivery Boy,0,Opportunistic crime,36
Amara Chakrabarti,,30,Male,"H.No. 57, Lata Ganj",Kalaburagi,Mechanic,0,Opportunistic crime,47
Faras Dugar,,55,Male,"39/22, Samra",Ballari,Laborer,0,Opportunistic crime,5
Udant Rout,,36,Male,"751, Bhatt Ganj",Koppal,Vendor,1,Opportunistic crime,0
Azaan Date,,45,Male,"19, Nagar Street",Mandya,Driver,2,Opportunistic crime,44
Aarna Pau,Varenya,25,Male,"H.No. 834, Bhat Road",Hubballi-Dharwad,Vendor,1,Opportunistic crime,43
Lakshit Dayal,,37,Male,"H.No. 40, Talwar Road",Kalaburagi,Delivery Boy,0,Opportunistic crime,41
Zaid Murthy,,53,Male,"41/242, Ramesh",Bengaluru Urban,Vendor,0,Opportunistic crime,18
Ekalinga Gandhi,,30,Male,"H.No. 107, Tiwari Road",Hassan,Driver,0,Opportunistic crime,47
Vamakshi Chopra,,24,Male,"10/497, Kashyap Nagar",Raichur,Contractor,0,Opportunistic crime,48
Maanav Yogi,Harini,20,Male,"H.No. 369, Parmar Street",Belagavi,Delivery Boy,0,Opportunistic crime,22
Bhavani Samra,Zarna,45,Male,"00/58, Dara Ganj",Bidar,Contractor,0,Opportunistic crime,21
Neel Raghavan,,31,Male,"76/453, Nagy",Chikkamagaluru,Delivery Boy,0,Opportunistic crime,26
Nakul Arora,Akshay,25,Male,"H.No. 97, Dhingra Path",Bengaluru Urban,Unemployed,0,Opportunistic crime,32
Balendra Garde,,44,Male,"430, Mallick Path",Udupi,Unemployed,0,Opportunistic crime,30
Utkarsh Zachariah,Urvi,20,Male,"42/08, Venkatesh Path",Bengaluru Rural,Driver,0,Opportunistic crime,44
Ekaraj Sood,,41,Male,"H.No. 93, Bhatia Ganj",Udupi,Driver,0,Opportunistic crime,44
Qabil Trivedi,Widisha,18,Male,"H.No. 62, Kant Path",Kolar,Driver,1,Opportunistic crime,22
Vinaya Sankar,Netra,39,Male,"H.No. 38, Pillay Nagar",Ballari,Contractor,0,Opportunistic crime,17
Vyanjana Mitter,,39,Male,"077, Mahajan Circle",Bengaluru Urban,Driver,0,Opportunistic crime,45
Nitara Savant,,43,Male,"79/46, Mangat Road",Kolar,Contractor,0,Opportunistic crime,15
Manthan Palan,,27,Male,"55/40, Ghose Chowk",Bengaluru Rural,Laborer,0,Opportunistic crime,7
Wridesh Khurana,,30,Male,"705, Parikh Nagar",Hubballi-Dharwad,Vendor,0,Opportunistic crime,19
Amol Bhakta,Tejas,33,Male,"H.No. 86, Pradhan",Mysuru,Unemployed,0,Opportunistic crime,47
Jairaj Ganesh,Harinakshi,36,Male,"506, Gade Path",Belagavi,Delivery Boy,1,Opportunistic crime,32
Libni Bhardwaj,,42,Male,"H.No. 200, Lall Circle",Udupi,Vendor,1,Opportunistic crime,35
Udyati Devan,,25,Male,"33/843, Bava Ganj",Koppal,Mechanic,0,Opportunistic crime,14
Chatresh Andra,,47,Male,"041, Pal Path",Raichur,Driver,1,Opportunistic crime,1
Gaurangi Mital,,48,Male,"90/735, Manda Road",Shivamogga,Vendor,0,Opportunistic crime,12
Gaurang Khanna,,43,Male,"H.No. 02, Bhargava Nagar",Koppal,Vendor,0,Opportunistic crime,34
Timothy Kota,,46,Female,"88/40, Palla Nagar",Tumakuru,Laborer,0,Opportunistic crime,3
Watika Palla,,51,Male,"H.No. 40, Sura Marg",Chikkamagaluru,Contractor,1,Opportunistic crime,1
Charles Din,,43,Female,"09/122, Sandhu Marg",Udupi,Contractor,1,Opportunistic crime,34
Abeer Madan,,24,Male,"87/609, Choudhry Marg",Bengaluru Rural,Contractor,0,Opportunistic crime,18
Harrison Edwin,Hardik,43,Female,"958, More Nagar",Chikkamagaluru,Contractor,0,Opportunistic crime,27
Radhika Setty,,20,Female,"66/786, Seth Path",Tumakuru,Unemployed,0,Opportunistic crime,29
Logan Randhawa,Eesha,20,Female,"H.No. 17, Hegde",Ballari,Vendor,0,Opportunistic crime,44
Ria Barad,Banjeet,24,Male,"02/50, Char Path",Tumakuru,Laborer,0,Opportunistic crime,1
Libni Guha,,25,Male,"155, Kumer Road",Mysuru,Laborer,0,Opportunistic crime,27
Samuel Sekhon,,38,Male,"H.No. 00, Thakur Zila",Bengaluru Rural,Laborer,0,Opportunistic crime,30
Laksh Sharaf,,53,Male,"90/798, Mutti Street",Hubballi-Dharwad,Unemployed,0,Opportunistic crime,15
Arin Solanki,,37,Male,"27, Nagi Circle",Bidar,Vendor,2,Opportunistic crime,0
Ojas Setty,,55,Male,"68/87, Raj Marg",Koppal,Driver,0,Opportunistic crime,23
Vritti Handa,,45,Male,"H.No. 396, Ganesan",Bengaluru Urban,Laborer,2,Opportunistic crime,20
Guneet Kakar,,47,Male,"220, Prasad Circle",Belagavi,Contractor,0,Opportunistic crime,26
Kiaan Dayal,,28,Male,"98/793, Bhatt",Kolar,Delivery Boy,0,Opportunistic crime,34
Anita Rout,,41,Male,"741, Palan",Chikkamagaluru,Laborer,0,Opportunistic crime,14
Azaan Chakrabarti,,26,Male,"67/24, Dhingra Street",Davangere,Mechanic,0,Opportunistic crime,25
Ryan Rattan,Rushil,22,Female,"H.No. 42, Batra Path",Bengaluru Urban,Laborer,1,Opportunistic crime,47
Hritik Banerjee,Ekavir,51,Male,"51/377, Zacharia Street",Ballari,Contractor,0,Opportunistic crime,49
Upkaar Borra,,34,Female,"49/656, Kannan Ganj",Belagavi,Driver,0,Opportunistic crime,0
Vidhi Gaba,,42,Female,"810, Venkatesh Circle",Mandya,Driver,1,Opportunistic crime,20
Frado Muni,,45,Male,"H.No. 25, Dhar Circle",Raichur,Contractor,0,Opportunistic crime,6
Aryan Borra,,50,Male,"54/19, Chaudry Chowk",Kalaburagi,Driver,0,Opportunistic crime,24
Om Doshi,,26,Male,"20, Arora Circle",Ballari,Mechanic,0,Opportunistic crime,30
Baghyawati Nadkarni,,36,Female,"82, Tella Street",Chikkamagaluru,Unemployed,0,Opportunistic crime,14
Aditya Gola,Bishakha,37,Male,"19, Sodhi Road",Koppal,Driver,0,Opportunistic crime,34
Girindra Nayar,Gautam,49,Male,"19/739, Bhatti Zila",Udupi,Mechanic,0,Opportunistic crime,49
Omkaar Barad,,27,Male,"21/11, Radhakrishnan",Shivamogga,Mechanic,1,Opportunistic crime,23
Dev Chauhan,,40,Male,"H.No. 423, Rastogi Ganj",Koppal,Laborer,0,Opportunistic crime,44
Girindra Shanker,,21,Female,"H.No. 87, Chawla Marg",Vijayapura,Unemployed,0,Opportunistic crime,17
Gunbir Nair,,45,Male,"21/70, Naik Marg",Hassan,Laborer,0,Opportunistic crime,12
Indrajit Prabhu,Aadhya,29,Male,"12, Rege Nagar",Vijayapura,Contractor,0,Opportunistic crime,47
Devansh Kaul,,38,Male,"28/68, Mukherjee Chowk",Vijayapura,Laborer,0,Opportunistic crime,16
Harshil Venkatesh,,18,Female,"H.No. 05, Mohanty Marg",Chikkamagaluru,Vendor,0,Opportunistic crime,50
Qabil Bali,,30,Male,"96, Sampath Chowk",Vijayapura,Vendor,0,Opportunistic crime,39
Nathaniel Toor,,26,Female,"58/44, Nadig Path",Ballari,Vendor,0,Opportunistic crime,3
Gagan Shere,,55,Male,"H.No. 35, Kibe Ganj",Mysuru,Driver,0,Opportunistic crime,7
Agastya Zachariah,,33,Male,"H.No. 89, Madan Road",Shivamogga,Contractor,2,Opportunistic crime,33
Yatin Amble,,47,Female,"000, Mall",Davangere,Delivery Boy,0,Opportunistic crime,10
Vrinda Khanna,,33,Male,"H.No. 03, Hans Marg",Shivamogga,Vendor,1,Opportunistic crime,36
Advay Sidhu,,44,Male,"79/061, Jaggi Ganj",Kalaburagi,Mechanic,0,Opportunistic crime,4
Qasim Mody,,48,Male,"76, Mand Road",Hubballi-Dharwad,Delivery Boy,1,Opportunistic crime,34
Reva Vasa,,24,Male,"H.No. 89, Sagar Marg",Chikkamagaluru,Vendor,1,Opportunistic crime,8
Ishaan Balay,,46,Female,"30/575, Chauhan Circle",Chikkamagaluru,Vendor,0,Opportunistic crime,3
Vrinda Anne,,32,Male,"56/88, Dash Street",Hassan,Delivery Boy,0,Opportunistic crime,41
Yash Agarwal,,38,Male,"H.No. 958, Vala Marg",Tumakuru,Laborer,1,Opportunistic crime,21
Michael Kade,,40,Male,"927, Dua Nagar",Bidar,Vendor,2,Opportunistic crime,0
Zayyan Bora,,41,Female,"577, Mammen Street",Bengaluru Urban,Delivery Boy,0,Opportunistic crime,39
Zilmil Mutti,,40,Male,"40, Setty Ganj",Kolar,Contractor,1,Opportunistic crime,8
Siddharth Varty,,34,Male,"96/32, Amble Marg",Ballari,Contractor,0,Opportunistic crime,28
Mohini Zachariah,Rohan,37,Male,"850, Narain",Mandya,Unemployed,0,Opportunistic crime,42
Mitali Pai,,45,Male,"H.No. 528, Khatri Chowk",Kolar,Delivery Boy,1,Opportunistic crime,13
Yadavi Chaudhuri,,35,Male,"H.No. 940, Parmar Street",Davangere,Unemployed,0,Opportunistic crime,28
George Dugal,,20,Male,"18/48, Mittal Circle",Mandya,Laborer,0,Opportunistic crime,10
Faraj Reddy,,55,Male,"80/09, Basak Marg",Mandya,Vendor,0,Opportunistic crime,36
Akshay Wali,Alka,36,Male,"57/537, Lad Zila",Belagavi,Contractor,0,Opportunistic crime,44
Amol Naidu,,35,Male,"17/774, Ram Nagar",Kolar,Vendor,1,Opportunistic crime,39
Dhruv Trivedi,,48,Female,"H.No. 029, Shenoy Path",Bengaluru Urban,Unemployed,0,Opportunistic crime,50
Indrajit Dutt,,25,Male,"264, Mander Path",Udupi,Contractor,0,Opportunistic crime,32
Chakradev Ratta,,26,Male,"55/978, Nayak Nagar",Koppal,Driver,1,Opportunistic crime,30
Gautam Roy,Yahvi,50,Male,"38/56, Pandey Zila",Udupi,Driver,2,Opportunistic crime,30
Samesh Hayre,,55,Male,"H.No. 50, Mann Nagar",Belagavi,Mechanic,0,Opportunistic crime,30
Saksham Kulkarni,,22,Male,"678, Padmanabhan Circle",Bidar,Delivery Boy,1,Opportunistic crime,24
Aayush Swamy,,26,Male,"98/88, Chacko Nagar",Udupi,Driver,0,Opportunistic crime,46
Qushi Chokshi,Sachi,25,Male,"69/761, Nori",Mandya,Vendor,1,Opportunistic crime,7
Varenya Bahri,,24,Male,"83, Sule Nagar",Raichur,Mechanic,0,Opportunistic crime,24
Omkaar Madan,,49,Female,"80, Shanker",Bidar,Unemployed,0,Opportunistic crime,11
Guneet Chander,,37,Male,"01/88, Baria Nagar",Bengaluru Urban,Unemployed,0,Opportunistic crime,37
Triya Bajwa,,34,Male,"108, Nazareth Nagar",Bidar,Vendor,0,Opportunistic crime,28
Nathaniel Krishna,,51,Female,"360, Kara Road",Mandya,Laborer,0,Opportunistic crime,23
Jairaj Sethi,,19,Female,"H.No. 613, Nagi Street",Bengaluru Rural,Contractor,0,Opportunistic crime,1
Banjeet Badal,,35,Female,"36, Bakshi Marg",Chikkamagaluru,Laborer,0,Opportunistic crime,32
Brijesh Tata,Meera,45,Male,"H.No. 75, Oak",Tumakuru,Vendor,0,Opportunistic crime,39
Upma Chhabra,Watika,22,Male,"H.No. 632, Subramanian Marg",Mandya,Unemployed,0,Opportunistic crime,8
Christopher Nagy,Nachiket,22,Male,"78/236, Mann Street",Davangere,Vendor,0,Opportunistic crime,3
Anay Chawla,,22,Male,"33/47, Loke Path",Hubballi-Dharwad,Laborer,0,Opportunistic crime,21
Yuvraj Ganesan,Bhavika,49,Female,"H.No. 317, Bali Zila",Shivamogga,Laborer,1,Opportunistic crime,12
Hritik Kalla,,31,Male,"H.No. 97, Chaudhry Circle",Bengaluru Urban,Laborer,2,Opportunistic crime,2
Zehaan Bava,,22,Male,"H.No. 33, Nagi Street",Kalaburagi,Delivery Boy,1,Opportunistic crime,32
Gabriel Lala,Lucky,39,Male,"67/41, Barad Marg",Bengaluru Urban,Delivery Boy,1,Opportunistic crime,47
Dayamai Bhatia,Edhitha,43,Female,"H.No. 061, Ramachandran Road",Hassan,Delivery Boy,0,Opportunistic crime,6
Anita Bhatnagar,,32,Female,"777, Dada Ganj",Mangaluru (Dakshina Kannada),Mechanic,0,Opportunistic crime,27
Rohan Lata,Tanmayi,22,Male,"37, Prashad Ganj",Koppal,Driver,0,Opportunistic crime,29
Mason Murty,,51,Male,"H.No. 406, Johal Chowk",Udupi,Mechanic,0,Opportunistic crime,16
Aditya Palla,Edhitha,32,Male,"H.No. 94, Sarraf Zila",Ballari,Laborer,1,Opportunistic crime,41
Amara Nayak,Panini,39,Male,"23/909, Biswas Ganj",Udupi,Laborer,0,Opportunistic crime,15
Sathvik Ranganathan,,45,Male,"11, Sethi Chowk",Tumakuru,Mechanic,1,Opportunistic crime,18
Nathan Tata,,26,Male,"734, Vala Road",Davangere,Unemployed,1,Opportunistic crime,6
Shravya Saini,,41,Female,"59/928, Kibe Zila",Raichur,Driver,0,Opportunistic crime,27
Ekapad Sood,,42,Male,"34/32, Memon Ganj",Ballari,Contractor,0,Opportunistic crime,32
Upkaar Bhasin,,21,Male,"H.No. 625, Wadhwa Zila",Kalaburagi,Contractor,0,Opportunistic crime,10
Rayaan Banerjee,,24,Male,"H.No. 043, Barad",Mysuru,Delivery Boy,1,Opportunistic crime,17
Oni Acharya,,20,Male,"230, Bassi Street",Belagavi,Vendor,1,Opportunistic crime,22
Faqid Ramesh,,38,Female,"H.No. 486, Dayal Ganj",Kolar,Vendor,0,Opportunistic crime,2
Ekbal Gopal,,53,Male,"232, Desai Nagar",Raichur,Driver,0,Opportunistic crime,45
Udant Wable,Advika,19,Male,"098, Gera Chowk",Belagavi,Contractor,1,Opportunistic crime,49
Azad Virk,,50,Male,"H.No. 13, Bera Marg",Tumakuru,Contractor,2,Opportunistic crime,39
Meghana Panchal,,21,Male,"16, Bath Zila",Mysuru,Delivery Boy,0,Opportunistic crime,31
Avi Bhatnagar,Zansi,32,Female,"H.No. 565, Dhawan Path",Hassan,Laborer,1,Opportunistic crime,4
Kamya Johal,Darsh,19,Male,"87/821, Jain Ganj",Bidar,Mechanic,0,Opportunistic crime,38
Jagdish Sarraf,,33,Male,"85/606, Srivastava Ganj",Vijayapura,Contractor,0,Opportunistic crime,39
Jagrati Thaman,Yatin,36,Male,"H.No. 28, Tandon Chowk",Mandya,Driver,0,Opportunistic crime,49
Yadavi Brar,,27,Female,"62/249, Sane Zila",Bidar,Unemployed,2,Opportunistic crime,30
Gaurang Sama,Balendra,39,Male,"80/638, Oak Ganj",Bidar,Delivery Boy,0,Opportunistic crime,25
Rachit Sethi,Xiti,46,Male,"H.No. 88, Sehgal Chowk",Bidar,Laborer,0,Opportunistic crime,50
Praneel Dar,,51,Male,"10/929, Shanker Nagar",Mangaluru (Dakshina Kannada),Vendor,0,Opportunistic crime,50
Anjali Parekh,,21,Female,"13/48, Sant Chowk",Bidar,Delivery Boy,0,Opportunistic crime,7
Gavin Kapur,,20,Male,"90, Gole",Ballari,Delivery Boy,0,Opportunistic crime,50
Indali Gulati,Mohammed,42,Female,"H.No. 93, Dubey Nagar",Mangaluru (Dakshina Kannada),Vendor,0,Opportunistic crime,1
Aayush Memon,,44,Female,"71/11, Munshi",Hassan,Contractor,0,Opportunistic crime,40
Siya Pathak,,36,Male,"573, More Nagar",Chikkamagaluru,Laborer,0,Opportunistic crime,43
Akshay Chander,,27,Male,"H.No. 79, Gokhale Nagar",Mangaluru (Dakshina Kannada),Unemployed,0,Opportunistic crime,6
Udarsh Sami,Anmol,37,Female,"227, Bhat Circle",Tumakuru,Driver,0,Opportunistic crime,42
Jason Patil,,22,Female,"92/67, Kalla",Mysuru,Vendor,0,Opportunistic crime,2
Neelima Dash,,19,Male,"78, Rattan Zila",Bengaluru Urban,Unemployed,0,Opportunistic crime,34
Timothy Date,,27,Female,"H.No. 053, Mitra Street",Ballari,Contractor,2,Opportunistic crime,16
Udant Borah,,21,Male,"H.No. 34, Ranganathan Chowk",Vijayapura,Mechanic,1,Opportunistic crime,27
Aarna Sha,,41,Male,"773, Merchant Street",Hubballi-Dharwad,Unemployed,0,Opportunistic crime,18
Forum Agate,,18,Male,"H.No. 05, Reddy Zila",Bengaluru Urban,Laborer,2,Opportunistic crime,28
Jason Chatterjee,,32,Male,"867, Tandon Marg",Shivamogga,Unemployed,0,Opportunistic crime,9
Aarav Sanghvi,,55,Female,"35/421, Padmanabhan Road",Hassan,Contractor,0,Opportunistic crime,4
Zansi Suresh,,37,Male,"19/942, Dutta Marg",Hassan,Vendor,0,Opportunistic crime,6
Avi Ranganathan,,18,Male,"94/101, Hari Street",Udupi,Vendor,0,Opportunistic crime,40
Dev Patla,,51,Male,"833, Balay Road",Hassan,Driver,0,Opportunistic crime,5
Liam Mammen,Bahadurjit,51,Male,"41, Lad Marg",Shivamogga,Contractor,1,Opportunistic crime,21
Veer Mand,,40,Male,"954, Kohli Road",Ballari,Delivery Boy,1,Opportunistic crime,14
Manan Mangal,,34,Female,"H.No. 986, Choudhury Circle",Shivamogga,Delivery Boy,0,Opportunistic crime,45
Ekapad Behl,,39,Male,"01, Dara Road",Kalaburagi,Contractor,0,Opportunistic crime,1
Gautami Iyengar,,34,Male,"301, Garg Zila",Raichur,Mechanic,0,Opportunistic crime,25
Shivansh Nagar,,46,Male,"50, Murty Road",Bengaluru Urban,Unemployed,0,Opportunistic crime,4
Ekalinga Chana,,29,Male,"H.No. 826, Madan Path",Mangaluru (Dakshina Kannada),Unemployed,1,Opportunistic crime,33
Guneet Bhasin,Sathvik,18,Male,"80/896, Sabharwal Path",Koppal,Unemployed,0,Opportunistic crime,0
Vyanjana Seshadri,Frederick,26,Male,"067, Mahal Road",Udupi,Driver,0,Opportunistic crime,21
Advik Agarwal,Fariq,54,Male,"11, Sha Road",Hubballi-Dharwad,Laborer,0,Opportunistic crime,44
Aayush Varkey,,22,Male,"H.No. 435, Varma Ganj",Kalaburagi,Vendor,0,Opportunistic crime,13
Simon Chadha,,32,Female,"84, Sandal Ganj",Mangaluru (Dakshina Kannada),Vendor,1,Opportunistic crime,30
Faraj Bassi,,41,Male,"H.No. 450, Dewan Zila",Hubballi-Dharwad,Mechanic,0,Opportunistic crime,13
Vedant Ravi,,40,Female,"80/17, Sant Zila",Bengaluru Urban,Driver,0,Opportunistic crime,10
Elijah Golla,Isaac,21,Male,"096, Saran Ganj",Kalaburagi,Unemployed,0,Opportunistic crime,49
Kiaan Edwin,,50,Female,"H.No. 334, Varughese",Hubballi-Dharwad,Delivery Boy,0,Opportunistic crime,8
Ishaan Modi,Aarini,25,Female,"83, Sunder",Hubballi-Dharwad,Unemployed,0,Opportunistic crime,40
Balhaar Din,,53,Male,"42, Sridhar",Chikkamagaluru,Contractor,0,Opportunistic crime,43
Siddharth Morar,Zarna,55,Female,"H.No. 15, Kashyap Nagar",Kalaburagi,Laborer,0,Opportunistic crime,44
Divya Chandra,,22,Female,"06/168, Samra Circle",Hassan,Contractor,0,Opportunistic crime,42
Faqid Bandi,,21,Male,"86, Dyal Circle",Bidar,Driver,0,Opportunistic crime,20
Gunbir Choudhury,,38,Male,"56, Sibal Road",Vijayapura,Mechanic,0,Opportunistic crime,35
Anmol Hayre,,49,Female,"16, Patel Street",Ballari,Mechanic,2,Opportunistic crime,34
Jagvi Sachdev,,52,Male,"H.No. 063, Nair Marg",Udupi,Laborer,0,Opportunistic crime,48
Damyanti Barad,,35,Male,"950, Sachdeva",Davangere,Delivery Boy,1,Opportunistic crime,10
Kalpit Trivedi,,49,Male,"493, Iyengar Zila",Mysuru,Unemployed,0,Opportunistic crime,2
Kashvi Mallick,,45,Male,"92, Grewal Ganj",Chikkamagaluru,Driver,0,Opportunistic crime,5
Bhavna Sami,,35,Male,"33/44, Anand Marg",Bengaluru Rural,Vendor,0,Opportunistic crime,49
Oscar Deshpande,Pranit,28,Male,"H.No. 126, Korpal Zila",Shivamogga,Delivery Boy,1,Opportunistic crime,10
Dakshesh Rao,Siya,30,Male,"84/129, Goswami Marg",Belagavi,Mechanic,0,Opportunistic crime,23
Neel Sheth,Manan,48,Female,"68, Mannan Path",Ballari,Unemployed,0,Opportunistic crime,34
Siddharth Savant,,32,Female,"H.No. 852, Saran Path",Raichur,Delivery Boy,0,Opportunistic crime,1
Girik Khare,,31,Male,"52/75, Iyer Nagar",Mandya,Unemployed,0,Opportunistic crime,23
Patrick Deol,Leena,49,Male,"61/77, Chaudhari Circle",Udupi,Vendor,0,Opportunistic crime,6
Advaith Sibal,,39,Male,"23, Om Street",Raichur,Contractor,1,Opportunistic crime,14
Sanya Bains,,21,Male,"79/644, Mallick Marg",Mysuru,Laborer,0,Opportunistic crime,0
Darika Karpe,,53,Male,"H.No. 931, Chaudry Chowk",Mandya,Driver,0,Opportunistic crime,14
Shivani Uppal,,20,Male,"89/324, Gopal Path",Hubballi-Dharwad,Unemployed,0,Opportunistic crime,37
Isaac Dixit,,41,Male,"044, Chacko Marg",Bengaluru Urban,Unemployed,0,Opportunistic crime,47
Onveer Mittal,,51,Male,"77, Rajagopal Circle",Tumakuru,Mechanic,0,Opportunistic crime,32
Wridesh Tailor,,26,Male,"H.No. 663, Grewal Chowk",Mysuru,Mechanic,2,Opportunistic crime,28
Liam Bhatnagar,Wazir,43,Male,"87/537, Thakur",Koppal,Laborer,0,Opportunistic crime,30
Faqid Sarin,Nathan,21,Male,"907, Kamdar Zila",Kalaburagi,Mechanic,1,Opportunistic crime,39
Girik Date,,21,Male,"621, Kari Nagar",Ballari,Delivery Boy,0,Opportunistic crime,36
Qarin Dutt,,54,Male,"02, Sarraf Marg",Belagavi,Driver,0,Opportunistic crime,1
Nathaniel Hegde,,46,Male,"H.No. 23, Srinivasan Marg",Hassan,Delivery Boy,0,Opportunistic crime,50
Wishi Mangat,Bishakha,21,Female,"997, Ganguly Road",Davangere,Mechanic,0,Opportunistic crime,39
Zaid Andra,,30,Female,"72/82, Agarwal Road",Hubballi-Dharwad,Unemployed,0,Opportunistic crime,41
Ekalinga Lala,,44,Female,"H.No. 38, Krishnamurthy Nagar",Koppal,Vendor,2,Opportunistic crime,39
Balendra Mital,,43,Male,"723, Saxena Street",Udupi,Driver,0,Opportunistic crime,12
Oviya Upadhyay,Daksh,33,Male,"H.No. 139, Thaker Ganj",Raichur,Mechanic,0,Opportunistic crime,19
Aarush Patil,Aahana,47,Male,"10/087, Chawla Marg",Bengaluru Urban,Unemployed,0,Opportunistic crime,42
Amol Shukla,,31,Male,"86, Varty Marg",Raichur,Laborer,1,Opportunistic crime,27
Daksha Nayak,Adweta,39,Male,"70/64, Grover Road",Ballari,Delivery Boy,0,Opportunistic crime,8
Baljiwan Sankar,,26,Male,"73/743, Tella Street",Davangere,Laborer,0,Opportunistic crime,2
Aarnav Manne,,34,Male,"H.No. 84, Ramaswamy Nagar",Ballari,Laborer,0,Opportunistic crime,25
Gaurav Raj,,29,Male,"01/97, Sane Chowk",Bengaluru Urban,Mechanic,0,Opportunistic crime,17
Jason Ranganathan,,29,Male,"803, Nadkarni Nagar",Shivamogga,Contractor,0,Opportunistic crime,48
Manbir Divan,,23,Male,"97/250, Hayre Nagar",Tumakuru,Laborer,1,Opportunistic crime,3
Varenya Pillai,,43,Female,"H.No. 09, Kannan Nagar",Davangere,Mechanic,1,Opportunistic crime,14
Jagat Chakraborty,Anvi,51,Male,"59/45, Sahni Circle",Bengaluru Rural,Contractor,0,Opportunistic crime,5
Jacob Balan,,25,Female,"66/606, Edwin Street",Davangere,Delivery Boy,1,Opportunistic crime,38
Vihaan Saxena,Owen,35,Male,"H.No. 933, Nanda Street",Hassan,Driver,0,Opportunistic crime,32
Veer Kar,,22,Male,"11/01, Mall Ganj",Bengaluru Rural,Laborer,1,Opportunistic crime,34
Krishna Dubey,,44,Male,"H.No. 943, Tiwari Path",Mangaluru (Dakshina Kannada),Delivery Boy,0,Opportunistic crime,26
Girish Dewan,,44,Male,"79, Behl",Tumakuru,Unemployed,0,Opportunistic crime,10
Daksha Zachariah,,21,Female,"971, Kata Nagar",Bengaluru Rural,Contractor,0,Opportunistic crime,31
Ekaraj Yohannan,,47,Male,"221, Sani Path",Udupi,Unemployed,0,Opportunistic crime,20
Anthony Tailor,Bhavna,30,Female,"H.No. 77, Gour Marg",Koppal,Vendor,0,Opportunistic crime,34
Matthew Mannan,,38,Female,"719, Lal Nagar",Ballari,Unemployed,0,Opportunistic crime,43
Isaac Lad,,41,Male,"H.No. 144, Hayre Marg",Ballari,Mechanic,1,Opportunistic crime,36
Samaksh Narula,Chanakya,18,Female,"97/78, Kant Marg",Vijayapura,Driver,0,Opportunistic crime,29
Wakeeta Tiwari,Wridesh,49,Male,"749, Mody Zila",Davangere,Laborer,0,Opportunistic crime,22
Dakshesh Chana,,26,Female,"H.No. 34, Keer Zila",Chikkamagaluru,Driver,1,Opportunistic crime,5
Dakshesh Jayaraman,,32,Female,"H.No. 69, Dhar Ganj",Ballari,Unemployed,0,Opportunistic crime,30
Balveer Natt,,26,Male,"86/18, Badami Zila",Kolar,Unemployed,2,Opportunistic crime,39
Amol Guha,,35,Female,"90/98, Kulkarni Zila",Bengaluru Urban,Contractor,1,Opportunistic crime,45
Kai Mittal,,39,Male,"760, Bhalla Zila",Bengaluru Urban,Driver,0,Opportunistic crime,33
Bhavya Dhingra,,30,Female,"07, Varty Zila",Bengaluru Rural,Vendor,0,Opportunistic crime,2
Aarna Som,Ishita,53,Male,"H.No. 779, Goda Zila",Hubballi-Dharwad,Vendor,0,Opportunistic crime,13
Guneet Mukherjee,,48,Female,"H.No. 19, Sidhu Zila",Koppal,Unemployed,0,Opportunistic crime,47
Thomas Minhas,,21,Male,"12, Mall Road",Chikkamagaluru,Contractor,0,Opportunistic crime,41
Udarsh Kapur,,44,Male,"814, Raja Circle",Bengaluru Urban,Delivery Boy,1,Opportunistic crime,13
Vasudha Walia,Quincy,34,Male,"96/970, Baral Path",Shivamogga,Mechanic,1,Opportunistic crime,36
Maya Raju,,51,Male,"28/23, Venkataraman Path",Bengaluru Urban,Laborer,1,Opportunistic crime,16
Nakul Pathak,,48,Male,"H.No. 14, Balay Nagar",Bengaluru Rural,Mechanic,0,Opportunistic crime,27
Zayyan Tailor,,50,Female,"24/01, Dhillon Ganj",Hubballi-Dharwad,Contractor,1,Opportunistic crime,25
Mitesh Bhalla,Isha,37,Male,"50/34, Mann Street",Hubballi-Dharwad,Vendor,0,Opportunistic crime,44
Jeremiah Ram,,29,Male,"35/55, Dewan Chowk",Mandya,Vendor,0,Opportunistic crime,35
Abha Lalla,,19,Male,"58/31, Chakraborty Street",Bengaluru Urban,Driver,0,Opportunistic crime,11
Rishi Gara,,24,Male,"45, Raghavan Path",Bengaluru Urban,Laborer,0,Opportunistic crime,29
George Borde,,21,Male,"68/626, Butala Road",Belagavi,Laborer,2,Opportunistic crime,14
Sai Balay,,55,Male,"39/137, Desai Marg",Mysuru,Delivery Boy,0,Opportunistic crime,38
Neel Hans,,24,Male,"H.No. 639, Raju Path",Shivamogga,Vendor,0,Opportunistic crime,16
Aarnav Mishra,,45,Male,"887, Tak Nagar",Vijayapura,Laborer,0,Opportunistic crime,39
Darika Din,,54,Female,"H.No. 64, Rao Chowk",Koppal,Laborer,1,Opportunistic crime,50
Siddharth Yadav,,45,Female,"72/48, Saha Zila",Udupi,Mechanic,0,Opportunistic crime,0
Dhriti Gupta,,42,Male,"H.No. 288, Lalla",Davangere,Delivery Boy,0,Opportunistic crime,12
Prisha Mani,,46,Male,"73/33, Keer Street",Ballari,Driver,0,Opportunistic crime,45
Jatin Tailor,,37,Male,"197, Bhandari Ganj",Belagavi,Unemployed,0,Opportunistic crime,29
Kai Iyer,,42,Male,"21/87, Borra Marg",Kalaburagi,Unemployed,0,Opportunistic crime,35
Odika Borah,Yamini,28,Male,"50/317, Mall Ganj",Belagavi,Delivery Boy,0,Opportunistic crime,48
Wazir Palan,,49,Male,"235, Lall Marg",Belagavi,Contractor,0,Opportunistic crime,41
Siddharth Khosla,,47,Female,"H.No. 956, Aurora Road",Ballari,Contractor,1,Opportunistic crime,32
Sai Atwal,Yoshita,35,Male,"35/93, Mangat Ganj",Ballari,Mechanic,1,Opportunistic crime,19
Charan Devan,,19,Male,"775, Dewan",Mangaluru (Dakshina Kannada),Contractor,0,Opportunistic crime,12
Omkaar Tank,,50,Male,"61/74, Batra Street",Tumakuru,Mechanic,0,Opportunistic crime,2
Vihaan Varughese,,34,Male,"H.No. 064, Minhas Circle",Bidar,Delivery Boy,0,Opportunistic crime,44
Viraj Samra,,46,Male,"H.No. 956, Gala Street",Mangaluru (Dakshina Kannada),Driver,2,Opportunistic crime,1
Libni Edwin,,52,Female,"42/913, Keer Zila",Bengaluru Urban,Mechanic,0,Opportunistic crime,21
Matthew Sridhar,,46,Male,"H.No. 41, Bir Street",Hubballi-Dharwad,Mechanic,0,Opportunistic crime,25
Gopal Datta,Jai,33,Male,"205, Kaul Circle",Udupi,Contractor,0,Opportunistic crime,19
Nidhi Mann,David,34,Female,"80/586, Mangat Marg",Hubballi-Dharwad,Laborer,2,Opportunistic crime,37
Yatin Deep,,19,Male,"H.No. 647, Ratta Circle",Chikkamagaluru,Unemployed,0,Opportunistic crime,3
Kiaan Hans,,46,Male,"H.No. 614, Sunder Street",Bengaluru Urban,Mechanic,0,Opportunistic crime,1
Ishwar Hayer,,45,Male,"69/564, Dora",Udupi,Vendor,0,Opportunistic crime,10
Tanay Balan,,25,Female,"10/49, Prasad Road",Bidar,Unemployed,1,Opportunistic crime,14
Maanas Varughese,Charan,37,Male,"88/77, Goyal Road",Mangaluru (Dakshina Kannada),Vendor,1,Opportunistic crime,44
Isaac Khurana,,50,Female,"30, Mukherjee Chowk",Shivamogga,Laborer,0,Opportunistic crime,12
Triya Mutti,,37,Male,"H.No. 50, Sarma Road",Hassan,Contractor,0,Opportunistic crime,43
Jatin Shenoy,,50,Male,"H.No. 233, Sethi Chowk",Bengaluru Rural,Unemployed,0,Opportunistic crime,50
Pavani Vaidya,,49,Male,"H.No. 68, Dhingra Marg",Ballari,Contractor,0,Opportunistic crime,14
Xalak Bath,,29,Male,"H.No. 33, Rai Circle",Davangere,Delivery Boy,0,Opportunistic crime,49
Timothy Tata,,55,Male,"03/464, Kurian Nagar",Hassan,Laborer,1,Opportunistic crime,5
Indrajit Dhillon,,52,Female,"73, Som Path",Vijayapura,Unemployed,0,Opportunistic crime,25
Ishaan Cheema,,41,Female,"86/241, Tailor Zila",Mysuru,Laborer,1,Opportunistic crime,24
Edhitha Krishnan,,32,Male,"02/40, Khurana Chowk",Vijayapura,Mechanic,1,Opportunistic crime,12
Urvashi Sani,Yatin,24,Male,"15/02, Pandya",Chikkamagaluru,Laborer,0,Opportunistic crime,20
Ekanta Mitra,Sara,23,Male,"69/87, Thakkar Street",Mangaluru (Dakshina Kannada),Contractor,0,Opportunistic crime,23
Yuvraj Dixit,Vanya,35,Male,"85/185, Johal Road",Tumakuru,Vendor,0,Opportunistic crime,10
Qabil Pradhan,,23,Male,"H.No. 363, Setty Marg",Kolar,Contractor,0,Opportunistic crime,28
Yuvraj Kanda,Lopa,49,Male,"231, Buch Path",Tumakuru,Unemployed,0,Opportunistic crime,43
Ekbal Merchant,,25,Male,"25/33, Naidu Road",Bengaluru Rural,Delivery Boy,0,Opportunistic crime,19
Inaya Buch,Aradhana,30,Female,"H.No. 686, Khurana Path",Belagavi,Driver,0,Opportunistic crime,49
Chatura Bhakta,Xalak,45,Male,"788, Lata Path",Ballari,Mechanic,0,Opportunistic crime,19
Shivansh Ghose,Ojasvi,27,Male,"19/83, Pau Path",Koppal,Delivery Boy,0,Opportunistic crime,50
Rishi Pillai,,49,Female,"58/001, Bhagat Marg",Shivamogga,Contractor,0,Opportunistic crime,25
Gayathri Venkatesh,,26,Male,"75/67, Mitra Marg",Chikkamagaluru,Driver,0,Opportunistic crime,23
Baghyawati Lanka,Hardik,52,Male,"954, Gara Chowk",Davangere,Mechanic,0,Opportunistic crime,44
Bakhshi Sahni,,38,Male,"H.No. 203, Vaidya Chowk",Shivamogga,Unemployed,0,Opportunistic crime,1
Yachana Shanker,,26,Male,"29, Chander Path",Bidar,Laborer,0,Opportunistic crime,36
Rushil Virk,Rishi,26,Male,"66/492, Bhattacharyya Nagar",Shivamogga,Contractor,0,Opportunistic crime,26
Jai Gupta,,28,Male,"H.No. 218, Hayre Street",Davangere,Vendor,0,Opportunistic crime,48
Pranav Morar,,41,Male,"34/19, Walia Street",Belagavi,Driver,0,Opportunistic crime,47
Faras Nigam,,22,Male,"228, Jaggi Ganj",Ballari,Mechanic,2,Opportunistic crime,20
Anvi Shetty,,43,Female,"H.No. 39, Biswas Chowk",Mangaluru (Dakshina Kannada),Vendor,2,Opportunistic crime,22
Yatan Hari,,46,Female,"H.No. 35, Dada Path",Ballari,Mechanic,0,Opportunistic crime,39
Eta Dada,Aarav,30,Male,"667, Ahluwalia Road",Bengaluru Rural,Driver,0,Opportunistic crime,27
Agastya Ratti,,25,Male,"H.No. 302, Suresh Zila",Tumakuru,Laborer,1,Opportunistic crime,49
Oni Agate,,35,Male,"13/391, Majumdar Zila",Bengaluru Rural,Driver,0,Opportunistic crime,27
Warinder Salvi,Upasna,33,Male,"H.No. 16, Bail Street",Kalaburagi,Mechanic,0,Opportunistic crime,34
Vedant Raghavan,,42,Male,"06/040, Khanna Nagar",Shivamogga,Unemployed,0,Opportunistic crime,22
Ryan Bora,,46,Male,"13/02, Narang",Hubballi-Dharwad,Vendor,0,Opportunistic crime,41
Abdul Narain,,30,Female,"676, Kari Circle",Bengaluru Rural,Delivery Boy,1,Opportunistic crime,28
Harsh Kannan,,22,Male,"H.No. 04, Agate Ganj",Vijayapura,Mechanic,0,Opportunistic crime,14
Joshua Karan,,54,Male,"49, Karpe",Koppal,Vendor,0,Opportunistic crime,35
Ansh Sant,,45,Female,"H.No. 842, Chakrabarti Chowk",Mangaluru (Dakshina Kannada),Delivery Boy,0,Opportunistic crime,36
Faqid Kanda,,34,Male,"13/30, Narang Path",Bengaluru Rural,Driver,0,Opportunistic crime,40
Chandresh Modi,,32,Female,"10/03, Vig Zila",Bidar,Vendor,0,Opportunistic crime,48
Waida Parekh,Ekbal,31,Male,"H.No. 96, Vasa Circle",Bengaluru Urban,Driver,0,Opportunistic crime,29
Arya Parikh,,45,Male,"H.No. 049, Shukla Path",Raichur,Unemployed,1,Opportunistic crime,10
Wahab Mangal,Tarak,53,Male,"75/863, Kapoor Nagar",Shivamogga,Laborer,0,Opportunistic crime,10
Ansh Tripathi,,39,Male,"03, Parmer Path",Raichur,Laborer,1,Opportunistic crime,16
Isha Dara,Oeshi,32,Female,"811, Khare Zila",Bengaluru Rural,Unemployed,0,Opportunistic crime,28
Gavin Sule,,32,Male,"91/53, Ganesh Street",Chikkamagaluru,Driver,1,Opportunistic crime,1
Bachittar Ravi,Manthan,55,Male,"34/592, Master Ganj",Hubballi-Dharwad,Contractor,0,Opportunistic crime,40
Harsh Manne,Timothy,53,Male,"H.No. 163, Ratti Circle",Shivamogga,Unemployed,0,Opportunistic crime,6
Harrison Mangal,,33,Male,"071, Shukla Road",Koppal,Vendor,0,Opportunistic crime,15
Utkarsh Bala,,43,Male,"09, Patel Street",Hassan,Unemployed,0,Opportunistic crime,2
Forum Soni,Jai,27,Male,"H.No. 392, Sethi Marg",Chikkamagaluru,Driver,0,Opportunistic crime,41
Vasana Majumdar,,39,Male,"H.No. 88, Oak",Davangere,Driver,0,Opportunistic crime,26
Nakul Dhingra,,31,Female,"15/96, Boase Street",Vijayapura,Vendor,0,Opportunistic crime,5
Robert Parsa,,20,Male,"492, Kala Road",Belagavi,Mechanic,1,Opportunistic crime,11
Max Comar,,32,Male,"487, Setty Chowk",Bidar,Mechanic,0,Opportunistic crime,26
Noah Agate,,51,Male,"07/804, Varughese Road",Shivamogga,Unemployed,0,Opportunistic crime,20
Abdul Nair,,45,Male,"13/09, Date Street",Shivamogga,Vendor,0,Opportunistic crime,17
Balhaar Wason,,43,Female,"91, Dugar",Kalaburagi,Driver,0,Opportunistic crime,33
Anirudh Nagi,,22,Male,"H.No. 867, Khanna Path",Mandya,Mechanic,0,Opportunistic crime,28
Jairaj Sodhi,Ekalinga,30,Male,"10, Gara",Mandya,Driver,0,Opportunistic crime,3
Kalpit Dhar,,28,Male,"H.No. 271, Keer Path",Bengaluru Urban,Driver,0,Opportunistic crime,9
Andrew Bhatt,Ojasvi,43,Female,"H.No. 844, Pillay Road",Bengaluru Rural,Driver,0,Opportunistic crime,37
Bina Radhakrishnan,,45,Male,"H.No. 483, Goyal Chowk",Hassan,Delivery Boy,0,Opportunistic crime,28
Ethan Srinivas,,53,Male,"060, Batra Zila",Kalaburagi,Driver,1,Opportunistic crime,36
Andrew Mukhopadhyay,Peter,38,Male,"H.No. 915, Bal Ganj",Davangere,Vendor,0,Opportunistic crime,26
Nathaniel Shroff,,22,Male,"862, Purohit Zila",Mandya,Delivery Boy,0,Opportunistic crime,19
Sathvik Ganesan,,42,Female,"83, Dutta Ganj",Tumakuru,Mechanic,0,Opportunistic crime,26
Rushil Nayar,,51,Male,"H.No. 75, Dey Road",Mangaluru (Dakshina Kannada),Mechanic,0,Opportunistic crime,26
Tanveer Bansal,,41,Male,"05/509, Mohan Marg",Davangere,Vendor,0,Opportunistic crime,10
Pranit Chahal,,23,Male,"H.No. 446, Hans Road",Ballari,Vendor,1,Opportunistic crime,21
Chaitaly Yogi,,46,Male,"621, Sankaran",Vijayapura,Driver,0,Opportunistic crime,1
Jairaj Swaminathan,Ekiya,53,Male,"81, Natt Zila",Mangaluru (Dakshina Kannada),Unemployed,0,Opportunistic crime,34
Timothy Mallick,,19,Female,"50/869, Bhatnagar Ganj",Mangaluru (Dakshina Kannada),Unemployed,1,Opportunistic crime,50
Aayush Basak,,41,Female,"43/85, Chanda Nagar",Bengaluru Urban,Laborer,0,Opportunistic crime,23
Suhani Srinivas,,23,Female,"H.No. 13, Nagarajan Road",Belagavi,Vendor,0,Opportunistic crime,10
Zashil Sastry,,43,Male,"H.No. 82, Bumb Circle",Chikkamagaluru,Unemployed,0,Opportunistic crime,3
Pranit Deshpande,,28,Female,"33/48, Raghavan Marg",Kolar,Vendor,1,Opportunistic crime,40
Peter Kari,Mitesh,52,Male,"82/44, Bava Path",Davangere,Driver,0,Opportunistic crime,3
Jagrati Dugar,Urvi,42,Male,"706, Bava Chowk",Kalaburagi,Contractor,0,Opportunistic crime,32
Vivaan Shan,,24,Female,"01, Shroff Path",Mangaluru (Dakshina Kannada),Mechanic,1,Opportunistic crime,41
Ronith Sarna,Widisha,32,Male,"87/089, Grewal Road",Hubballi-Dharwad,Driver,0,Opportunistic crime,33
Aarav Pal,,32,Female,"H.No. 27, Das Marg",Davangere,Contractor,0,Opportunistic crime,13
Mahika Sahota,,37,Male,"002, Shetty Circle",Chikkamagaluru,Mechanic,0,Opportunistic crime,32
Onkar Mody,Ijaya,48,Male,"H.No. 378, Thaker Road",Ballari,Unemployed,0,Opportunistic crime,16
Anvi Tella,,40,Female,"H.No. 94, Choudhary",Tumakuru,Driver,0,Opportunistic crime,10
Raksha Mistry,,24,Male,"86/51, Divan Street",Ballari,Unemployed,0,Opportunistic crime,15
Gaurang Sandal,Faqid,54,Female,"H.No. 622, Roy Ganj",Shivamogga,Mechanic,0,Opportunistic crime,17
Rayaan Bhargava,,54,Male,"H.No. 155, Kapadia Ganj",Bengaluru Rural,Unemployed,0,Opportunistic crime,39
Wridesh Narasimhan,,55,Male,"29/342, Ganesan",Udupi,Driver,0,Opportunistic crime,6
Ria Magar,Sneha,18,Male,"29/31, Nayak Path",Shivamogga,Driver,1,Opportunistic crime,19
Gavin Varty,,40,Female,"769, Sen Marg",Koppal,Unemployed,1,Opportunistic crime,30
Atharv Goyal,Yashodhara,36,Male,"13/570, Aurora Ganj",Shivamogga,Delivery Boy,0,Opportunistic crime,24
Caleb Viswanathan,,21,Male,"935, Prakash Path",Hassan,Laborer,1,Opportunistic crime,42
Chanakya Gola,,40,Male,"565, Krishnan Street",Hubballi-Dharwad,Vendor,0,Opportunistic crime,46
Pahal Wason,,53,Male,"H.No. 682, Butala Path",Raichur,Driver,1,Opportunistic crime,27
Daniel Bala,,52,Male,"27/41, Gola Circle",Belagavi,Contractor,0,Opportunistic crime,43
Hritik Dube,Balendra,19,Male,"84/20, Kunda",Kalaburagi,Vendor,0,Opportunistic crime,41
Om Majumdar,,22,Male,"112, Mody Circle",Hassan,Mechanic,1,Opportunistic crime,45
Mitesh Kaul,,40,Male,"H.No. 03, Gandhi Nagar",Kolar,Contractor,0,Opportunistic crime,24
Benjamin Bansal,,41,Female,"H.No. 72, Chanda",Kolar,Driver,0,Opportunistic crime,14
Arjun Gara,,35,Male,"H.No. 05, Bal Road",Mysuru,Vendor,0,Opportunistic crime,11
Anika Grover,,48,Female,"35, Sinha Ganj",Kalaburagi,Driver,0,Opportunistic crime,24
Pranav Prabhakar,Nicholas,32,Male,"20/43, Madan Zila",Bengaluru Rural,Mechanic,0,Opportunistic crime,37
Rohan Vig,,44,Male,"98/44, Gandhi Ganj",Davangere,Driver,0,Opportunistic crime,33
Tejas Choudhary,Aayush,42,Male,"37, Sood Street",Vijayapura,Delivery Boy,0,Opportunistic crime,1
Gabriel Rana,Janya,26,Male,"053, Pradhan Road",Tumakuru,Mechanic,0,Opportunistic crime,48
Vedant Ahuja,Eshana,21,Male,"373, Ahuja Street",Bengaluru Rural,Unemployed,2,Opportunistic crime,45
Laban Bhatia,Bakhshi,41,Female,"H.No. 773, Master Marg",Koppal,Unemployed,1,Opportunistic crime,49
Ekansh Konda,,39,Female,"37/02, Parmer Circle",Ballari,Unemployed,0,Opportunistic crime,44
Nathan Kunda,,24,Female,"H.No. 25, Dhillon Chowk",Mangaluru (Dakshina Kannada),Contractor,1,Opportunistic crime,36
Saumya Lad,,26,Female,"H.No. 53, Jayaraman Chowk",Bengaluru Rural,Unemployed,0,Opportunistic crime,33
Tanmayi Jaggi,,39,Female,"48/396, Nigam Path",Vijayapura,Mechanic,0,Opportunistic crime,44
Samuel Munshi,,37,Male,"268, Dugar Ganj",Ballari,Mechanic,0,Opportunistic crime,35
Victor Wason,,54,Male,"29/89, Singhal Zila",Bengaluru Urban,Delivery Boy,0,Opportunistic crime,23
Viraj Gara,Nilima,35,Male,"46, Ravel Street",Mysuru,Vendor,0,Opportunistic crime,22
Raghav Kale,Joshua,29,Male,"991, Kade Circle",Hubballi-Dharwad,Unemployed,0,Opportunistic crime,34
Girindra Patel,,52,Male,"03, Batta Street",Bengaluru Urban,Contractor,0,Opportunistic crime,40
Nirja Goda,,31,Female,"59/705, Hayer",Vijayapura,Laborer,1,Opportunistic crime,50
Jai Khatri,,52,Female,"16/767, Anand Ganj",Hassan,Contractor,2,Opportunistic crime,1
Rehaan Swamy,,37,Female,"H.No. 872, Gera Ganj",Kolar,Delivery Boy,0,Opportunistic crime,20
Ranveer Dhar,Chakradev,45,Male,"833, Rajagopalan Street",Hubballi-Dharwad,Mechanic,0,Opportunistic crime,48
Nitesh Andra,,42,Male,"H.No. 52, Kapadia Marg",Bidar,Mechanic,2,Opportunistic crime,27
Ayaan Karan,,53,Female,"714, Borra Path",Hassan,Delivery Boy,0,Opportunistic crime,27
Fitan Narayanan,Odika,43,Male,"H.No. 99, Vyas Ganj",Raichur,Vendor,2,Opportunistic crime,11
Matthew Bandi,,33,Male,"698, Pandit Circle",Udupi,Laborer,0,Opportunistic crime,20
Reva Bhandari,,37,Male,"38, Raman Marg",Hubballi-Dharwad,Vendor,1,Opportunistic crime,23
Samaksh Chaudhry,,51,Male,"84/630, Uppal Circle",Shivamogga,Laborer,0,Opportunistic crime,0
Isaiah Chauhan,,24,Male,"845, Prasad Nagar",Hubballi-Dharwad,Unemployed,0,Opportunistic crime,26
Chatresh Gala,,39,Male,"25, Dhingra Ganj",Tumakuru,Contractor,0,Opportunistic crime,25
Nitesh Chokshi,,22,Male,"769, Bath Road",Bengaluru Rural,Contractor,0,Opportunistic crime,6
Om Arya,,20,Male,"H.No. 53, Mangal Zila",Hubballi-Dharwad,Vendor,0,Opportunistic crime,28
Nathaniel Dugar,,37,Male,"89/41, Issac Chowk",Kolar,Delivery Boy,0,Opportunistic crime,33
Devansh Dixit,Pahal,36,Male,"H.No. 15, Om Circle",Bengaluru Rural,Driver,1,Opportunistic crime,49
Balhaar Parikh,,54,Female,"19, Deshpande Chowk",Chikkamagaluru,Vendor,0,Opportunistic crime,38
Ekaraj Gill,,40,Male,"H.No. 78, Murthy Nagar",Kolar,Delivery Boy,1,Opportunistic crime,34
Chandran Kade,,36,Male,"07/073, Sarraf Road",Bengaluru Urban,Vendor,0,Opportunistic crime,29
Anthony Mani,Amrita,48,Male,"87/379, Kale Road",Kalaburagi,Delivery Boy,0,Opportunistic crime,42
Dominic Wali,,48,Male,"22/024, Choudhary Circle",Vijayapura,Unemployed,1,Opportunistic crime,31
Logan Radhakrishnan,Qarin,45,Male,"004, Batta Chowk",Ballari,Mechanic,1,Opportunistic crime,10
Urishilla Panchal,,38,Male,"H.No. 28, Dara Marg",Bengaluru Rural,Delivery Boy,0,Opportunistic crime,34
Oliver Gupta,,46,Male,"H.No. 64, Wadhwa Road",Bidar,Mechanic,0,Opportunistic crime,7
Hredhaan Mammen,Nitesh,45,Female,"H.No. 497, Mallick Marg",Kalaburagi,Vendor,0,Opportunistic crime,23
Advik Natt,Tanvi,42,Female,"92, Krishnamurthy Road",Tumakuru,Laborer,0,Opportunistic crime,27
Sanya Ramanathan,Priya,40,Female,"62, Uppal Street",Bengaluru Urban,Contractor,0,Opportunistic crime,42
Aditya Bir,,49,Male,"79/817, Aggarwal",Mysuru,Mechanic,1,Opportunistic crime,40
Anirudh Yohannan,,32,Female,"25, Lala",Bengaluru Urban,Unemployed,0,Opportunistic crime,15
Kiaan Varkey,,51,Female,"19, Vyas",Ballari,Vendor,1,Opportunistic crime,45
Jeet Sampath,Gagan,26,Male,"98/912, Mital Zila",Kalaburagi,Delivery Boy,0,Opportunistic crime,14
Aarush Loke,,36,Male,"01/80, Chowdhury Nagar",Chikkamagaluru,Unemployed,0,Opportunistic crime,40
Finn Manda,,39,Male,"865, Iyengar Circle",Shivamogga,Mechanic,0,Opportunistic crime,26
Ekalinga Chowdhury,,46,Female,"40, Narain Chowk",Mangaluru (Dakshina Kannada),Vendor,0,Opportunistic crime,17
Yatin Nagi,,45,Female,"96/961, Dhillon Path",Mysuru,Laborer,0,Opportunistic crime,41
Michael Ghosh,,27,Male,"72, Dewan Street",Udupi,Unemployed,0,Opportunistic crime,6
Christopher Sule,,50,Male,"982, Lanka Ganj",Kalaburagi,Unemployed,0,Opportunistic crime,14
Lavanya Walia,Chaaya,26,Female,"H.No. 62, Raval Street",Bidar,Mechanic,1,Opportunistic crime,39
Indira Jha,,21,Male,"37/407, Lala Path",Belagavi,Mechanic,0,Opportunistic crime,44
Patrick Balay,,19,Female,"25/128, Dave Road",Shivamogga,Delivery Boy,0,Opportunistic crime,21
Naksh Chana,,44,Male,"581, Lata Road",Belagavi,Contractor,0,Opportunistic crime,40
Hritik Thaman,Yashica,38,Male,"H.No. 58, Chopra Zila",Davangere,Driver,0,Opportunistic crime,6
Eta Sule,,54,Male,"H.No. 97, Sethi Road",Bidar,Contractor,0,Opportunistic crime,49
Janaki Sankaran,,43,Male,"66/81, Bora Path",Hubballi-Dharwad,Delivery Boy,0,Opportunistic crime,44
Vaishnavi Sabharwal,,45,Male,"73, Shukla Zila",Vijayapura,Vendor,0,Opportunistic crime,5
Lucky Chana,,47,Male,"H.No. 29, Pillai Street",Bidar,Contractor,0,Opportunistic crime,48
Darpan Bath,,36,Male,"23, Mandal Zila",Kalaburagi,Contractor,0,Opportunistic crime,40
Pratyush Sarna,,24,Male,"23, Babu Circle",Tumakuru,Delivery Boy,0,Opportunistic crime,24
Yahvi Mukherjee,,24,Male,"047, Tandon Path",Bidar,Vendor,0,Opportunistic crime,21
Nilima Mahal,,20,Female,"70/27, Dhar Marg",Ballari,Unemployed,0,Opportunistic crime,23
Yuvraj Hora,,27,Male,"75/18, Modi Road",Mangaluru (Dakshina Kannada),Unemployed,0,Opportunistic crime,36
Frado Jha,,48,Male,"94, Garg Path",Udupi,Driver,1,Opportunistic crime,43
Aayush Malhotra,Yachana,45,Male,"91, Misra Marg",Bidar,Driver,0,Opportunistic crime,23
Charan Date,,30,Female,"326, Pau Street",Mangaluru (Dakshina Kannada),Delivery Boy,0,Opportunistic crime,36
Liam Raghavan,Sudiksha,55,Female,"H.No. 51, Amble Road",Ballari,Driver,0,Opportunistic crime,37
Darsh Sagar,,32,Male,"H.No. 37, Bhatia Path",Udupi,Driver,0,Opportunistic crime,4
Hritik Bhat,,25,Male,"75/20, Pall Street",Ballari,Delivery Boy,0,Opportunistic crime,31
Patrick Agarwal,,28,Male,"51, Das Street",Davangere,Delivery Boy,0,Opportunistic crime,10
Chaaya Kapoor,Rushil,28,Male,"037, Chokshi Street",Mangaluru (Dakshina Kannada),Mechanic,0,Opportunistic crime,20
Ojasvi Parikh,,38,Male,"H.No. 57, Hayer Marg",Raichur,Vendor,0,Opportunistic crime,1
Charan Balakrishnan,Triveni,31,Male,"H.No. 045, Kaul Road",Mangaluru (Dakshina Kannada),Laborer,0,Opportunistic crime,22
Tejas Ray,Onveer,21,Male,"201, Guha Zila",Davangere,Mechanic,0,Opportunistic crime,32
Pranit Acharya,Neel,51,Female,"26/63, Bedi Ganj",Ballari,Unemployed,1,Opportunistic crime,18
Rohan Reddy,,30,Male,"H.No. 44, Golla Zila",Bidar,Contractor,0,Opportunistic crime,22
Darsh Sastry,,18,Male,"H.No. 66, Bhasin",Bengaluru Urban,Laborer,0,Opportunistic crime,45
Sarthak Wali,Vrishti,19,Male,"H.No. 731, Dutt",Kalaburagi,Unemployed,0,Opportunistic crime,38
Udant Apte,,21,Female,"96/15, Sur",Mangaluru (Dakshina Kannada),Vendor,0,Opportunistic crime,16
Vyanjana Kunda,Charles,31,Female,"H.No. 08, Joshi Road",Raichur,Unemployed,0,Opportunistic crime,18
Ojas Roy,,54,Female,"19/119, Gour Street",Raichur,Vendor,0,Opportunistic crime,3
Dayita Madan,Aarav,21,Male,"40, Thaman Circle",Ballari,Mechanic,0,Opportunistic crime,18
Teerth Saran,Vihaan,54,Male,"05, Dada Road",Vijayapura,Unemployed,0,Opportunistic crime,14
Rehaan Menon,Eshana,45,Male,"522, Mangal Chowk",Bidar,Delivery Boy,0,Opportunistic crime,44
Hritik Chawla,,19,Male,"H.No. 833, Hans Nagar",Tumakuru,Vendor,0,Opportunistic crime,46
Darsh Kade,,55,Male,"832, Kapoor Road",Bidar,Laborer,0,Opportunistic crime,12
Krish Bawa,Kashvi,38,Male,"18, Lall Circle",Hubballi-Dharwad,Vendor,1,Opportunistic crime,40
Abhiram Chakraborty,,35,Male,"27/07, Bhat Ganj",Mysuru,Unemployed,0,Opportunistic crime,27
Jeremiah Grewal,Vinaya,55,Male,"H.No. 85, Dar Ganj",Hubballi-Dharwad,Mechanic,0,Opportunistic crime,31
Gabriel Chaudry,Odika,22,Male,"47/40, Palla Nagar",Kolar,Mechanic,0,Opportunistic crime,42
Wahab Basu,,36,Male,"26/945, Sankar Ganj",Kalaburagi,Driver,0,Opportunistic crime,45
Shivansh Jayaraman,,43,Female,"H.No. 832, Aurora",Udupi,Contractor,0,Opportunistic crime,5
Abeer Sidhu,,21,Male,"62/448, Rajagopal Nagar",Ballari,Vendor,1,Opportunistic crime,34
Jagdish Atwal,,33,Male,"H.No. 826, Bora Ganj",Udupi,Laborer,1,Opportunistic crime,36
Sathvik Sunder,,30,Male,"49/51, Murty Chowk",Kalaburagi,Unemployed,0,Opportunistic crime,49
Devika Dewan,,51,Male,"13/879, Gokhale Road",Bengaluru Urban,Mechanic,0,Opportunistic crime,18
Veda Issac,,53,Male,"95, Brar Road",Hubballi-Dharwad,Contractor,0,Opportunistic crime,34
Teerth Bala,Dakshesh,29,Male,"H.No. 54, Walia Path",Chikkamagaluru,Unemployed,1,Opportunistic crime,39
Arin Thaman,,48,Male,"H.No. 066, Pant Circle",Chikkamagaluru,Contractor,1,Opportunistic crime,3
Devika Srivastava,,22,Male,"H.No. 974, Kar Street",Tumakuru,Mechanic,0,Opportunistic crime,5
Vivaan Contractor,Hredhaan,44,Male,"H.No. 77, D’Alia Circle",Tumakuru,Contractor,1,Opportunistic crime,41
Lucky Lall,,45,Male,"H.No. 95, Kalita Circle",Tumakuru,Vendor,1,Opportunistic crime,16
Orinder Oak,,42,Male,"H.No. 759, Bava Street",Vijayapura,Vendor,0,Opportunistic crime,8
Bachittar Chawla,,42,Female,"H.No. 974, Mane",Udupi,Driver,0,Opportunistic crime,42
Janya Goda,,52,Male,"99/44, Kala Street",Belagavi,Unemployed,0,Opportunistic crime,27
Osha Chada,,21,Female,"H.No. 966, Issac",Kolar,Driver,0,Opportunistic crime,16
Hemangini Kant,,30,Male,"46, Bakshi Ganj",Kalaburagi,Delivery Boy,0,Opportunistic crime,22
Lipika Jhaveri,Oscar,48,Male,"H.No. 915, Lal Path",Mysuru,Unemployed,0,Opportunistic crime,1
Harini Mital,,51,Male,"42, Desai Nagar",Belagavi,Mechanic,0,Opportunistic crime,10
Alexander Sarna,Timothy,35,Male,"397, Tak Path",Koppal,Unemployed,0,Opportunistic crime,39
Joshua Pandey,,40,Male,"H.No. 395, Badami Path",Kolar,Laborer,0,Opportunistic crime,43
Eiravati Banik,Janaki,39,Female,"H.No. 81, Majumdar Street",Ballari,Driver,1,Opportunistic crime,13
Nakul Gopal,Faris,27,Male,"17/53, Dass Chowk",Mangaluru (Dakshina Kannada),Laborer,0,Opportunistic crime,10
Nathaniel Chakrabarti,,21,Female,"H.No. 143, Sur Zila",Vijayapura,Unemployed,0,Opportunistic crime,9
Ryan Kumer,Ekantika,28,Male,"H.No. 47, Rout Road",Kolar,Driver,0,Opportunistic crime,47
Guneet Chaudhari,Gaurangi,45,Male,"H.No. 044, Kulkarni Circle",Shivamogga,Unemployed,0,Opportunistic crime,40
Ekapad Agarwal,Charita,34,Male,"96/888, Bhattacharyya Chowk",Kalaburagi,Delivery Boy,0,Opportunistic crime,34
Advay Singhal,,22,Male,"837, Parmar Ganj",Kolar,Vendor,1,Opportunistic crime,0
Yatin Upadhyay,,28,Male,"00/201, Arora Path",Raichur,Laborer,0,Opportunistic crime,38
Manan Jani,Vaishnavi,32,Male,"03/324, Patla Chowk",Mandya,Contractor,0,Opportunistic crime,30
Hemang Dalal,,27,Male,"12/80, Tandon",Koppal,Vendor,0,Opportunistic crime,14
Zayyan Gade,Urvashi,27,Male,"14/331, Mitra Zila",Mysuru,Delivery Boy,0,Opportunistic crime,41
Faris Walla,,47,Male,"H.No. 761, Dubey Circle",Belagavi,Delivery Boy,1,Opportunistic crime,47
Nisha Sekhon,,24,Male,"74, Ramakrishnan Nagar",Davangere,Laborer,0,Opportunistic crime,9
Sai Sekhon,,47,Male,"H.No. 397, Karnik Street",Raichur,Driver,0,Opportunistic crime,6
Vincent Gole,,25,Female,"H.No. 080, Chand Street",Davangere,Unemployed,1,Opportunistic crime,19
Ikbal Jhaveri,,40,Male,"31/819, Rai Zila",Kolar,Driver,0,Opportunistic crime,7
Widisha Bhandari,Nidra,44,Female,"13/578, Chandra Path",Belagavi,Laborer,0,Opportunistic crime,34
Hardik Dalal,Ucchal,19,Male,"37/084, Gupta Road",Koppal,Laborer,0,Opportunistic crime,1
Gautami Mallick,,25,Male,"45, Khare Road",Hubballi-Dharwad,Vendor,0,Opportunistic crime,3
Aarnav Jayaraman,Raksha,54,Male,"36/192, Shetty",Bengaluru Urban,Laborer,1,Opportunistic crime,13
Shaurya Narayan,Akshay,29,Male,"65, Roy Circle",Chikkamagaluru,Laborer,1,Opportunistic crime,24
Kabir Bhat,Baghyawati,47,Male,"H.No. 544, Varkey Circle",Kolar,Driver,1,Opportunistic crime,28
Victor Dara,Libni,28,Male,"417, Sarkar",Bengaluru Urban,Mechanic,0,Opportunistic crime,28
Samarth Mody,,20,Male,"H.No. 09, Mistry Nagar",Hassan,Laborer,1,Opportunistic crime,29
Ishani Agrawal,,31,Male,"90/984, Sharma",Davangere,Laborer,0,Opportunistic crime,38
Saksham Dutt,,53,Male,"02/357, Kurian Road",Bengaluru Urban,Unemployed,0,Opportunistic crime,24
Faras Parsa,,47,Male,"77/206, Varma Road",Koppal,Unemployed,1,Opportunistic crime,42
Fitan Mital,,54,Female,"H.No. 883, Venkataraman Road",Ballari,Mechanic,1,Opportunistic crime,32
Idika Lalla,,19,Male,"H.No. 726, Yogi Street",Belagavi,Vendor,1,Opportunistic crime,31
Isha Tandon,Daksha,25,Male,"H.No. 95, Morar Road",Chikkamagaluru,Mechanic,1,Opportunistic crime,14
William Kakar,Hitesh,20,Male,"10, Barad Nagar",Belagavi,Driver,0,Opportunistic crime,14
Manthan Rajagopal,,47,Male,"22, Mander Nagar",Mandya,Delivery Boy,1,Opportunistic crime,4
Aarna Om,Hardik,52,Male,"H.No. 48, Menon Ganj",Kalaburagi,Vendor,0,Opportunistic crime,3
Aadi Gokhale,,19,Male,"89/952, Dhingra Ganj",Vijayapura,Delivery Boy,0,Opportunistic crime,1
Bachittar Mitter,,50,Male,"23/561, Gola Marg",Bengaluru Urban,Driver,0,Opportunistic crime,31
Imaran Aggarwal,,39,Female,"H.No. 97, Tailor Path",Kalaburagi,Contractor,0,Opportunistic crime,44
Owen Ratta,,55,Male,"H.No. 612, Choudhary Marg",Koppal,Driver,0,Opportunistic crime,49
Ayaan Ganguly,,34,Male,"H.No. 06, Mall",Tumakuru,Unemployed,0,Opportunistic crime,22
Anirudh Randhawa,,39,Male,"H.No. 68, Rau Chowk",Mysuru,Unemployed,0,Opportunistic crime,47
Oviya Soman,,47,Male,"294, Raghavan Ganj",Mysuru,Driver,0,Opportunistic crime,28
Chakradev Dada,Christopher,45,Male,"49/46, Trivedi Nagar",Bidar,Mechanic,2,Opportunistic crime,39
Jairaj Borde,,22,Male,"07, Bhavsar Street",Ballari,Driver,0,Opportunistic crime,19
Faras Dubey,,43,Male,"70/352, Maharaj Zila",Vijayapura,Driver,0,Opportunistic crime,11
Jhalak Goswami,,21,Male,"713, Shroff Zila",Vijayapura,Mechanic,0,Opportunistic crime,0
Dakshesh Sridhar,,22,Male,"H.No. 41, Batta Zila",Belagavi,Delivery Boy,0,Opportunistic crime,43
Yug Sahni,,46,Male,"15, Mangat Street",Davangere,Vendor,0,Opportunistic crime,10
Vyanjana Mander,Sudiksha,30,Male,"986, Shanker Street",Koppal,Driver,0,Opportunistic crime,4
Matthew Hari,,34,Male,"H.No. 541, Ratti Zila",Hubballi-Dharwad,Unemployed,1,Opportunistic crime,32
Ekapad Behl,Henry,24,Male,"14, Nagy Ganj",Shivamogga,Delivery Boy,0,Opportunistic crime,23
Kritika Rajagopal,,50,Male,"480, Patla",Hassan,Mechanic,0,Opportunistic crime,18
Krish Puri,Manan,21,Male,"H.No. 060, Sant Marg",Vijayapura,Driver,0,Opportunistic crime,13
Kiaan Ghose,Lavanya,26,Female,"H.No. 46, Bawa Road",Belagavi,Unemployed,1,Opportunistic crime,30
Ranveer Bhat,,45,Male,"721, Tak Circle",Bengaluru Urban,Delivery Boy,1,Opportunistic crime,13
David Nagar,,46,Male,"40/63, Bains Circle",Koppal,Unemployed,1,Opportunistic crime,22
Arjun Mital,Yashvi,24,Male,"21/252, Kala Road",Hassan,Delivery Boy,1,Opportunistic crime,48
Adya Nadig,,36,Male,"23, Mukhopadhyay Road",Udupi,Contractor,0,Opportunistic crime,8
Gautami Tata,Logan,34,Male,"03, Sankar Street",Ballari,Vendor,0,Opportunistic crime,16
Ira Narain,,25,Male,"H.No. 59, Sachdeva Chowk",Vijayapura,Contractor,0,Opportunistic crime,42
Raghav Deshpande,Harsh,46,Female,"91, Kadakia Street",Bengaluru Rural,Delivery Boy,0,Opportunistic crime,20
Oscar Kapur,,40,Male,"H.No. 114, Bobal Street",Hassan,Driver,0,Opportunistic crime,31
Girindra Lalla,,23,Male,"H.No. 560, Pathak Path",Raichur,Unemployed,0,Opportunistic crime,26
Samarth Vora,,33,Male,"16/957, Bahl",Bidar,Driver,2,Opportunistic crime,35
Chandani Seshadri,,21,Male,"H.No. 211, Andra Circle",Mangaluru (Dakshina Kannada),Driver,0,Opportunistic crime,25
Triya Sant,,42,Male,"41, Peri Circle",Belagavi,Laborer,0,Opportunistic crime,33
Theodore Datta,,20,Male,"07/69, Sem Zila",Kalaburagi,Laborer,0,Opportunistic crime,39
Tanay Bhatia,Gagan,42,Male,"H.No. 53, Karan Road",Ballari,Delivery Boy,2,Opportunistic crime,38
Janani Modi,Ucchal,20,Male,"51/69, Ahluwalia Path",Koppal,Driver,0,Opportunistic crime,20
Zashil Dayal,,25,Male,"80/171, Chacko Marg",Ballari,Delivery Boy,0,Opportunistic crime,4
Anmol Khanna,,25,Male,"H.No. 95, Ghosh",Chikkamagaluru,Mechanic,0,Opportunistic crime,12
Ekiya Kannan,,46,Female,"H.No. 403, Tiwari",Kolar,Mechanic,0,Opportunistic crime,46
Daksha Khalsa,Warda,54,Female,"70, Biswas Road",Kolar,Vendor,1,Opportunistic crime,13
Anjali Radhakrishnan,,47,Male,"46/89, Mitra Chowk",Mysuru,Driver,1,Opportunistic crime,27
Vyanjana Chadha,,18,Male,"18/637, Pall Path",Chikkamagaluru,Driver,0,Opportunistic crime,45
Matthew Bala,,23,Male,"223, Tank Zila",Vijayapura,Unemployed,1,Opportunistic crime,44
Faraj Patel,Jeevika,55,Male,"H.No. 99, Palla Path",Udupi,Unemployed,0,Opportunistic crime,15
Dakshesh D’Alia,,52,Female,"546, Kurian Road",Bidar,Delivery Boy,0,Opportunistic crime,3
Joshua Saha,,49,Male,"H.No. 108, Tella Street",Mangaluru (Dakshina Kannada),Laborer,0,Opportunistic crime,48
Manbir Varkey,Nihal,33,Male,"34/72, Basak Road",Davangere,Contractor,2,Opportunistic crime,44
Dalaja Johal,Upma,48,Male,"141, Agate Road",Raichur,Contractor,0,Opportunistic crime,41
Harish Koshy,,32,Female,"430, Toor Marg",Koppal,Delivery Boy,2,Opportunistic crime,37
Michael Jaggi,,41,Male,"H.No. 14, Sundaram Ganj",Kolar,Delivery Boy,0,Opportunistic crime,47
Rajeshri Peri,,28,Male,"49, Dhingra Chowk",Ballari,Mechanic,2,Opportunistic crime,11
Finn Rajan,,30,Male,"H.No. 765, Karnik Zila",Vijayapura,Delivery Boy,0,Opportunistic crime,45
Theodore Dada,,51,Female,"H.No. 050, Chandra Marg",Mandya,Laborer,1,Opportunistic crime,44
Darpan Sampath,,25,Male,"H.No. 28, Krishnamurthy Street",Kolar,Unemployed,0,Opportunistic crime,49
Devansh Peri,,39,Male,"35, Mand Road",Bengaluru Rural,Driver,0,Opportunistic crime,22
Frederick Gala,,20,Female,"H.No. 015, Mitra Path",Tumakuru,Mechanic,0,Opportunistic crime,50
Umang Jayaraman,,31,Male,"154, Ghosh Ganj",Mysuru,Driver,0,Opportunistic crime,46
Aishani Bajwa,,36,Male,"16/001, Rajagopalan Zila",Mandya,Driver,0,Opportunistic crime,49
Vincent Nair,,27,Male,"H.No. 985, Panchal Nagar",Vijayapura,Laborer,1,Opportunistic crime,19
Imaran Dada,Zarna,20,Female,"105, Mitra Chowk",Belagavi,Unemployed,0,Opportunistic crime,37
Arin Kohli,,26,Male,"H.No. 920, Raval Street",Kalaburagi,Delivery Boy,0,Opportunistic crime,12
Hritik Tiwari,,39,Female,"99, Singhal Chowk",Kalaburagi,Driver,1,Opportunistic crime,13
Tejas Rattan,Kai,18,Male,"H.No. 154, Karnik",Koppal,Vendor,0,Opportunistic crime,6
Gopal Bobal,Nakul,25,Female,"205, Wason Path",Bengaluru Urban,Delivery Boy,0,Opportunistic crime,33
Faqid Brar,Rajeshri,41,Female,"H.No. 591, Mannan Nagar",Belagavi,Mechanic,0,Opportunistic crime,10
Chatura Bhandari,Qarin,41,Male,"H.No. 36, Kashyap Zila",Ballari,Laborer,0,Opportunistic crime,32
Riya Sami,Lakshmi,21,Male,"H.No. 822, Rai Circle",Shivamogga,Delivery Boy,0,Opportunistic crime,16
Amol Kulkarni,,47,Male,"887, Ramanathan Circle",Davangere,Laborer,1,Opportunistic crime,10
Kalpit Kala,,34,Male,"H.No. 661, Hegde Chowk",Shivamogga,Laborer,0,Opportunistic crime,45
Ronith Deo,Geetika,30,Male,"H.No. 684, Subramanian Zila",Hubballi-Dharwad,Laborer,0,Opportunistic crime,35
Guneet Oza,,29,Male,"83, Nair Chowk",Raichur,Mechanic,0,Opportunistic crime,30
Reyansh Majumdar,,39,Male,"H.No. 78, Warrior",Udupi,Unemployed,1,Opportunistic crime,6
Girindra Sengupta,Yatan,21,Female,"H.No. 46, Bawa Zila",Kolar,Laborer,0,Opportunistic crime,16
Faras Pradhan,,49,Female,"10/70, Andra Circle",Bidar,Contractor,0,Opportunistic crime,16
Caleb Bose,,39,Male,"H.No. 874, Dayal Nagar",Vijayapura,Laborer,0,Opportunistic crime,50
Tanish Vasa,Ethan,54,Male,"18/407, Jayaraman Nagar",Ballari,Mechanic,0,Opportunistic crime,6
Nidra Dora,,18,Male,"10/01, Sandhu Zila",Bengaluru Rural,Unemployed,0,Opportunistic crime,25
Barkha Narain,,20,Male,"80/088, Krishnamurthy",Hassan,Vendor,1,Opportunistic crime,35
Hitesh Chakraborty,,19,Female,"H.No. 404, Sidhu Path",Chikkamagaluru,Mechanic,0,Opportunistic crime,25
Wyatt Ghosh,,54,Female,"633, Kumar Chowk",Vijayapura,Unemployed,0,Opportunistic crime,22
Timothy Balakrishnan,Ayush,37,Male,"22/620, Bahl Ganj",Mangaluru (Dakshina Kannada),Mechanic,0,Opportunistic crime,0
Aadi Bail,,44,Female,"48/48, Bumb Ganj",Vijayapura,Contractor,0,Opportunistic crime,27
Hitesh Ramaswamy,,49,Male,"H.No. 75, Saxena Zila",Bengaluru Rural,Contractor,0,Opportunistic crime,45
Tanveer Chowdhury,Harini,29,Male,"88/58, Swaminathan Circle",Tumakuru,Driver,0,Opportunistic crime,13
Tanish Ramachandran,,31,Male,"476, Chand",Vijayapura,Vendor,2,Opportunistic crime,15
Tejas Sani,Thomas,45,Male,"H.No. 43, Mand Zila",Tumakuru,Driver,0,Opportunistic crime,42
Pranit Chatterjee,,30,Female,"786, Kara Nagar",Hubballi-Dharwad,Delivery Boy,1,Opportunistic crime,15
Rohan Kulkarni,,47,Male,"54, Nagarajan Chowk",Kolar,Delivery Boy,0,Opportunistic crime,9
Fitan Srivastava,,38,Male,"35/829, Muni",Tumakuru,Driver,0,Opportunistic crime,28
Rajeshri Pillai,,50,Male,"77/81, Chadha Chowk",Mysuru,Contractor,2,Opportunistic crime,43
Andrew Bera,Qushi,23,Male,"12/74, Bora Zila",Ballari,Unemployed,0,Opportunistic crime,48
Banjeet Choudhury,,28,Male,"15/18, Mangat Road",Belagavi,Delivery Boy,0,Opportunistic crime,10
Yashawini Rau,,46,Male,"H.No. 55, Prakash Ganj",Chikkamagaluru,Contractor,0,Opportunistic crime,39
Naveen Basak,,41,Male,"31/16, Soman Chowk",Shivamogga,Mechanic,1,Opportunistic crime,47
Wridesh Lal,,40,Female,"H.No. 829, Kota Chowk",Shivamogga,Laborer,0,Opportunistic crime,44
Saksham Goel,,36,Male,"H.No. 45, Krishnan Marg",Belagavi,Mechanic,1,Opportunistic crime,33
Chatura Kaur,,26,Male,"H.No. 26, Nanda Marg",Kalaburagi,Vendor,0,Opportunistic crime,15
Ansh Handa,,23,Male,"60/46, Biswas Street",Mangaluru (Dakshina Kannada),Vendor,1,Opportunistic crime,44
Chatresh Radhakrishnan,,20,Male,"128, Gour Ganj",Mandya,Mechanic,0,Opportunistic crime,15
Sarthak Saran,Gaurangi,44,Male,"03, Ghosh Street",Chikkamagaluru,Delivery Boy,1,Opportunistic crime,19
Zayyan Barad,,38,Female,"50/53, Sankar Nagar",Tumakuru,Unemployed,0,Opportunistic crime,22
Max Gade,,54,Male,"684, Thakur Marg",Chikkamagaluru,Delivery Boy,1,Opportunistic crime,32
Lakshit Anand,,37,Male,"54/787, Nath Road",Mangaluru (Dakshina Kannada),Driver,0,Opportunistic crime,16
Bina Balasubramanian,,19,Male,"85, Vora Street",Chikkamagaluru,Driver,2,Opportunistic crime,48
Darsh Chaudhuri,,49,Female,"60, Bali Path",Vijayapura,Unemployed,0,Opportunistic crime,30
Mitesh Parmer,Anmol,23,Male,"65/958, Sarin Ganj",Hassan,Laborer,0,Opportunistic crime,48
Chaitaly Wable,Anay,40,Male,"H.No. 449, Kaul Circle",Bidar,Unemployed,0,Opportunistic crime,42
Teerth Gour,,38,Male,"H.No. 77, Prabhu Path",Davangere,Driver,2,Opportunistic crime,17
Chaman Sankar,Amara,32,Male,"12, Bandi Chowk",Hassan,Laborer,0,Opportunistic crime,35
Avi Bhandari,,22,Male,"89/033, Sane Circle",Davangere,Driver,0,Opportunistic crime,25
Aadi Srivastava,Bakhshi,55,Female,"55/633, Nazareth Marg",Bengaluru Rural,Mechanic,0,Opportunistic crime,17
Kai Kapadia,,40,Female,"80/58, Prashad Marg",Mangaluru (Dakshina Kannada),Unemployed,0,Opportunistic crime,38
Darsh Pal,,54,Female,"H.No. 15, Swamy Zila",Ballari,Unemployed,0,Opportunistic crime,19
Eta Nayak,,43,Male,"24/308, Jani Chowk",Shivamogga,Unemployed,0,Opportunistic crime,47
Nathaniel Bawa,Gaurang,48,Male,"10, Golla Chowk",Kolar,Contractor,0,Opportunistic crime,18
Ekalinga Gill,,39,Female,"80, Bajaj Path",Bengaluru Rural,Mechanic,0,Opportunistic crime,11
Rachit Viswanathan,,29,Female,"09/377, Chada Street",Vijayapura,Delivery Boy,2,Opportunistic crime,26
Ojasvi Bhatti,,27,Male,"H.No. 704, Gaba Road",Mysuru,Mechanic,1,Opportunistic crime,13
Luke Pillai,,52,Male,"73, Trivedi Circle",Chikkamagaluru,Laborer,0,Opportunistic crime,32
Nihal Biswas,Madhav,29,Female,"H.No. 026, Yadav",Hubballi-Dharwad,Driver,0,Opportunistic crime,16
Mitali Singhal,Ekansh,35,Male,"707, Parmar Nagar",Koppal,Contractor,0,Opportunistic crime,42
Onkar Mistry,,27,Male,"49, Mohan Path",Raichur,Laborer,0,Opportunistic crime,36
Thomas Pathak,,39,Male,"88, Sekhon Nagar",Mangaluru (Dakshina Kannada),Delivery Boy,0,Opportunistic crime,18
George Narula,Ethan,25,Male,"24/655, Sahni Path",Belagavi,Driver,0,Opportunistic crime,2
Chasmum Sule,,37,Male,"760, Chana Marg",Mysuru,Laborer,1,Opportunistic crime,25
Yatin Tak,,25,Female,"689, Chawla Marg",Davangere,Unemployed,0,Opportunistic crime,5
Gunbir Sampath,,19,Male,"38/024, Mandal Zila",Koppal,Laborer,0,Opportunistic crime,31
Finn Chaudhary,Bhavya,46,Male,"458, Sahni Marg",Mandya,Mechanic,0,Opportunistic crime,12
Charan Master,,43,Male,"31, Thakur Street",Shivamogga,Driver,1,Opportunistic crime,36
Chandani Shah,,43,Male,"51, Buch Road",Davangere,Delivery Boy,0,Opportunistic crime,0
Radhika Dash,,48,Female,"H.No. 640, Bajwa Path",Tumakuru,Vendor,1,Opportunistic crime,36
Lakshit Doctor,Urvashi,20,Male,"02/13, Garde",Vijayapura,Driver,1,Opportunistic crime,7
Orinder Sharma,,24,Male,"722, Prashad Path",Raichur,Delivery Boy,1,Opportunistic crime,17
Ekbal Kulkarni,,45,Male,"48, Dash Zila",Kolar,Vendor,0,Opportunistic crime,6
Widisha Tara,Umang,33,Male,"H.No. 197, Sood Marg",Mandya,Unemployed,0,Opportunistic crime,17
Charan Warrior,,52,Female,"H.No. 51, Buch Street",Raichur,Mechanic,0,Opportunistic crime,11
Shivansh Samra,Ranveer,39,Female,"H.No. 76, Pall",Hubballi-Dharwad,Laborer,0,Opportunistic crime,21
Aishani Bobal,,35,Female,"H.No. 96, Mani Street",Ballari,Delivery Boy,0,Opportunistic crime,10
Anthony Mohan,,31,Male,"388, Brahmbhatt Chowk",Udupi,Vendor,1,Opportunistic crime,27
Naksh Kara,,40,Male,"02/238, Butala Ganj",Kolar,Unemployed,0,Opportunistic crime,30
Aryan Palla,,27,Male,"14/22, Ravi Chowk",Mandya,Laborer,1,Opportunistic crime,2
Rayaan Nanda,,36,Male,"13/397, Chaudhuri Street",Hubballi-Dharwad,Delivery Boy,0,Opportunistic crime,18
Max Naidu,,43,Female,"H.No. 575, Bajwa Ganj",Koppal,Delivery Boy,0,Opportunistic crime,18
David Maharaj,,50,Female,"76/935, Nagy Street",Tumakuru,Delivery Boy,1,Opportunistic crime,12
Isaac Lad,Vincent,35,Male,"01/677, Malhotra Chowk",Koppal,Driver,0,Opportunistic crime,49
Nitesh Venkataraman,,51,Male,"686, Kulkarni Ganj",Chikkamagaluru,Driver,0,Opportunistic crime,39
Naveen Salvi,,54,Female,"68, Basu",Davangere,Laborer,0,Opportunistic crime,13
Hredhaan Bail,,52,Male,"H.No. 665, Madan",Bidar,Laborer,2,Opportunistic crime,21
Advik Sengupta,,40,Male,"45, Ramakrishnan Zila",Tumakuru,Contractor,0,Opportunistic crime,15
Ekalinga Goyal,,52,Male,"23/294, Deshpande Marg",Chikkamagaluru,Delivery Boy,0,Opportunistic crime,3
Naveen Wadhwa,,27,Male,"781, Sandhu Circle",Hubballi-Dharwad,Driver,2,Opportunistic crime,16
Chakradhar Nazareth,,26,Male,"42/81, Dar",Ballari,Laborer,1,Opportunistic crime,6
Sai Lala,,51,Male,"83/331, Raghavan Ganj",Hubballi-Dharwad,Vendor,1,Opportunistic crime,15
Zaitra Borde,,52,Male,"267, Baral Ganj",Davangere,Contractor,0,Opportunistic crime,27
Imaran Sura,Vamakshi,25,Male,"H.No. 178, Ratti Road",Kalaburagi,Contractor,1,Opportunistic crime,19
Faraj Saxena,,29,Female,"27, Khatri",Vijayapura,Contractor,0,Opportunistic crime,41
Harini Chahal,,49,Male,"812, Bawa Street",Bidar,Laborer,0,Opportunistic crime,1
Hredhaan Bhardwaj,,50,Male,"658, Varkey Nagar",Koppal,Vendor,0,Opportunistic crime,49
Zayan Contractor,,48,Male,"62/657, Peri Circle",Davangere,Driver,2,Opportunistic crime,7
Chatresh Sha,,40,Male,"13, Palla Marg",Koppal,Laborer,0,Opportunistic crime,9
Krisha Karan,,20,Male,"08, Kannan Chowk",Hassan,Vendor,0,Opportunistic crime,3
Omkaar Sastry,,25,Male,"H.No. 876, Chaudry Circle",Mangaluru (Dakshina Kannada),Driver,0,Opportunistic crime,37
Bhavna Rai,,51,Male,"595, Kanda",Tumakuru,Mechanic,0,Opportunistic crime,16
Lekha Kaur,,23,Male,"44, Agrawal Nagar",Hassan,Driver,0,Opportunistic crime,39
Maanav Venkataraman,,36,Male,"H.No. 92, Koshy",Davangere,Delivery Boy,2,Opportunistic crime,26
Samar Gill,Naksh,45,Female,"H.No. 73, Biswas Ganj",Kalaburagi,Delivery Boy,0,Opportunistic crime,9
Arjun Solanki,,45,Male,"03/533, Mangat Zila",Davangere,Vendor,0,Opportunistic crime,41
Bachittar Johal,Lavanya,33,Male,"73, Thaker Marg",Ballari,Delivery Boy,0,Opportunistic crime,20
Girik Chowdhury,Kalpit,31,Male,"H.No. 077, Varkey Path",Hubballi-Dharwad,Contractor,0,Opportunistic crime,34
Isaac Krish,,26,Female,"H.No. 685, Pandya Ganj",Chikkamagaluru,Laborer,0,Opportunistic crime,39
Vihaan Vaidya,Devansh,28,Male,"47/155, Patel Circle",Ballari,Driver,1,Opportunistic crime,9
Chandran Nayak,Ubika,55,Female,"H.No. 624, Samra Road",Vijayapura,Mechanic,0,Opportunistic crime,27
Zarna Bhardwaj,,53,Male,"H.No. 08, Ganguly Marg",Hubballi-Dharwad,Laborer,0,Opportunistic crime,18
Max Modi,,51,Male,"31, Kalla Circle",Vijayapura,Unemployed,0,Opportunistic crime,22
Shivansh Patil,,18,Male,"588, Kapur Path",Shivamogga,Vendor,0,Opportunistic crime,40
Tanay Narang,Ishanvi,36,Male,"22/02, Patla Circle",Kalaburagi,Vendor,1,Opportunistic crime,42
Arya Wason,Hamsini,37,Male,"H.No. 817, Lala Zila",Bengaluru Urban,Vendor,0,Opportunistic crime,16
Widisha Kota,,19,Female,"H.No. 53, Bansal Marg",Bengaluru Urban,Driver,0,Opportunistic crime,19
Dalbir Varghese,Aarini,43,Male,"H.No. 00, Sanghvi Zila",Mandya,Vendor,0,Opportunistic crime,37
Rushil Kakar,,37,Female,"77/26, Sundaram Street",Bengaluru Urban,Vendor,0,Opportunistic crime,47
Vedant Talwar,,47,Male,"16/28, Khatri Road",Vijayapura,Delivery Boy,2,Opportunistic crime,4
Gunbir Bath,,36,Female,"112, Bakshi Road",Chikkamagaluru,Contractor,0,Opportunistic crime,26
Maanas Nair,,55,Male,"H.No. 315, Shah Road",Hubballi-Dharwad,Mechanic,0,Opportunistic crime,17
Ekbal Behl,,32,Female,"57/920, Kanda Marg",Ballari,Unemployed,0,Opportunistic crime,15
Henry Bhat,Teerth,35,Female,"99, Ray Road",Mangaluru (Dakshina Kannada),Delivery Boy,2,Opportunistic crime,3
Mekhala Sheth,,40,Male,"84/68, Srinivasan Path",Koppal,Unemployed,0,Opportunistic crime,15
Charles Murty,,37,Female,"65/55, Jhaveri Street",Koppal,Delivery Boy,0,Opportunistic crime,19
Yug Dube,,33,Male,"H.No. 899, Rau Path",Shivamogga,Vendor,0,Opportunistic crime,48
Nathaniel Dubey,,23,Female,"39, Chokshi Street",Bidar,Mechanic,1,Opportunistic crime,49
Chandani Nadkarni,,26,Male,"19/615, Parsa Marg",Kalaburagi,Driver,1,Opportunistic crime,19
Jacob Acharya,Niharika,54,Male,"26, Devi Zila",Kalaburagi,Contractor,0,Opportunistic crime,49
Maanav Mukherjee,,35,Male,"14/19, D’Alia Chowk",Raichur,Contractor,1,Opportunistic crime,41
David Kapur,,20,Male,"71, Bora Road",Bengaluru Urban,Unemployed,0,Opportunistic crime,39
Indrajit Swaminathan,,32,Female,"76/07, Chaudhary Road",Belagavi,Unemployed,0,Opportunistic crime,34
Bhanumati Srivastava,,26,Male,"29/634, Saraf Marg",Kolar,Mechanic,0,Opportunistic crime,49
Wazir Nadkarni,,53,Male,"879, Krishnan Street",Chikkamagaluru,Mechanic,0,Opportunistic crime,4
Abdul Samra,,26,Female,"H.No. 17, Salvi Street",Bidar,Unemployed,0,Opportunistic crime,37
Ayush Shanker,,40,Female,"H.No. 482, Gandhi Street",Mysuru,Unemployed,0,Opportunistic crime,35
Anamika Goswami,Chakradev,51,Male,"34/797, Hora",Mysuru,Contractor,1,Opportunistic crime,25
Nidhi Thakkar,,49,Male,"52, Bal",Hubballi-Dharwad,Delivery Boy,0,Opportunistic crime,36
Bakhshi Batta,,26,Female,"H.No. 10, Golla Path",Bengaluru Urban,Driver,0,Opportunistic crime,1
Rushil Lad,,45,Male,"H.No. 575, Nagi",Kolar,Driver,1,Opportunistic crime,8
Manthan Krishna,,25,Male,"24/41, Chahal Chowk",Chikkamagaluru,Mechanic,0,Opportunistic crime,15
Kiaan Patil,,54,Male,"H.No. 962, Merchant Ganj",Mandya,Vendor,0,Opportunistic crime,2
Rushil Seshadri,,30,Male,"38/82, Panchal Path",Bidar,Laborer,1,Opportunistic crime,23
Hitesh Narain,,36,Female,"63/84, Ratta Street",Mangaluru (Dakshina Kannada),Driver,1,Opportunistic crime,19
Parth Shah,,53,Male,"H.No. 326, Zacharia Circle",Mandya,Mechanic,1,Opportunistic crime,6
Vasudha Balasubramanian,,49,Male,"H.No. 15, Pant Zila",Mangaluru (Dakshina Kannada),Mechanic,1,Opportunistic crime,18
Victor Bumb,,22,Male,"H.No. 890, Dixit Street",Raichur,Unemployed,0,Opportunistic crime,5
Zehaan Dey,,24,Male,"51/56, Batta Road",Hassan,Contractor,0,Opportunistic crime,15
Ekavir Naik,,22,Male,"223, Pillai Chowk",Kalaburagi,Unemployed,1,Opportunistic crime,2
Champak Subramaniam,Zehaan,29,Male,"43/353, Deep Road",Belagavi,Driver,0,Opportunistic crime,48
Aarini Dixit,,30,Female,"H.No. 81, Agate",Shivamogga,Driver,0,Opportunistic crime,47
Chanakya Bhandari,,22,Male,"H.No. 050, Goda Path",Bengaluru Rural,Mechanic,0,Opportunistic crime,13
Bahadurjit Raja,Anay,33,Male,"68/00, Sanghvi Path",Bengaluru Urban,Unemployed,0,Opportunistic crime,41
Hritik Kaul,,20,Male,"843, Master Chowk",Raichur,Mechanic,0,Opportunistic crime,30
Manbir Borde,,40,Male,"08/360, Reddy",Vijayapura,Unemployed,0,Opportunistic crime,34
Darsh Ganesan,,37,Female,"528, Saini Ganj",Tumakuru,Unemployed,0,Opportunistic crime,20
Osha Hari,,48,Male,"95/856, Pillai Circle",Shivamogga,Driver,0,Opportunistic crime,31
Samarth Sachar,Manbir,55,Male,"H.No. 93, Shankar Path",Chikkamagaluru,Mechanic,0,Opportunistic crime,34
Kai Ramesh,,49,Male,"35, Aurora Path",Hubballi-Dharwad,Driver,0,Opportunistic crime,33
Pratyush Lala,Gopal,37,Male,"H.No. 025, Lall Road",Hubballi-Dharwad,Contractor,1,Opportunistic crime,30
Gaurang Chanda,,44,Male,"142, Contractor Marg",Udupi,Contractor,0,Opportunistic crime,20
Aditya Guha,,46,Male,"18/691, Hari Nagar",Mysuru,Delivery Boy,0,Opportunistic crime,43
Vyanjana Tella,Faras,18,Male,"43/87, Gokhale Nagar",Raichur,Vendor,0,Opportunistic crime,32
Januja Joshi,,50,Male,"86, Jha",Bengaluru Urban,Contractor,0,Opportunistic crime,47
Guneet Dhingra,,42,Female,"78/813, Chhabra Nagar",Bengaluru Rural,Mechanic,0,Opportunistic crime,36
Brijesh Chakraborty,Mohini,46,Male,"H.No. 81, Bala Marg",Ballari,Vendor,0,Opportunistic crime,50
Jairaj Jaggi,Dakshesh,29,Male,"72, Ramesh Road",Hassan,Contractor,0,Opportunistic crime,2
Pushti Din,,44,Male,"235, Kapadia Ganj",Koppal,Delivery Boy,0,Opportunistic crime,35
George Sem,Ucchal,35,Male,"H.No. 790, Babu Marg",Bengaluru Urban,Delivery Boy,0,Opportunistic crime,47
Anirudh Thaman,,25,Male,"59/334, Barad Marg",Shivamogga,Mechanic,0,Opportunistic crime,37
Charan Mahal,,19,Male,"44, Anne Zila",Bengaluru Urban,Laborer,0,Opportunistic crime,40
Hitesh Chaudhari,,32,Male,"H.No. 657, Kakar Chowk",Bidar,Unemployed,0,Opportunistic crime,47
Aarnav Mannan,,46,Male,"36/05, Bobal Zila",Chikkamagaluru,Mechanic,0,Opportunistic crime,36
Arjun Yohannan,Jonathan,19,Male,"H.No. 500, Gopal Circle",Mangaluru (Dakshina Kannada),Laborer,0,Opportunistic crime,17
Chakrika Mahal,,20,Male,"H.No. 456, Ganesan",Bengaluru Urban,Driver,0,Opportunistic crime,43
Dipta Tiwari,Anika,43,Male,"H.No. 804, Warrior Circle",Bengaluru Urban,Delivery Boy,0,Opportunistic crime,33
Indira Tella,,42,Female,"H.No. 246, Patla Road",Ballari,Contractor,1,Opportunistic crime,48
Wyatt Parmar,,20,Male,"H.No. 744, Arya Ganj",Hassan,Mechanic,0,Opportunistic crime,8
Naksh Raval,,27,Male,"H.No. 87, Mand Nagar",Bengaluru Rural,Driver,0,Opportunistic crime,31
Reyansh Devi,,49,Male,"89, Oommen Road",Mysuru,Delivery Boy,0,Opportunistic crime,27
Rishi Rege,Jeevika,41,Male,"17, Zacharia",Kolar,Delivery Boy,1,Opportunistic crime,20
Fiyaz Soman,,37,Male,"48, Rao Road",Bengaluru Urban,Delivery Boy,0,Opportunistic crime,38
Warjas Dass,Orinder,52,Male,"H.No. 756, Kothari Ganj",Koppal,Laborer,0,Opportunistic crime,23
Timothy Thaman,,46,Male,"H.No. 057, Pingle Chowk",Kalaburagi,Laborer,0,Opportunistic crime,44
Dalbir Swamy,Advaith,23,Male,"H.No. 91, Dhillon Zila",Belagavi,Unemployed,0,Opportunistic crime,28
Luke Khurana,,44,Male,"H.No. 107, Kumer Street",Mysuru,Mechanic,0,Opportunistic crime,22
Abdul Goda,,44,Male,"78/37, Hari Ganj",Hubballi-Dharwad,Driver,0,Opportunistic crime,24
Aachal Sunder,Yagnesh,45,Male,"H.No. 27, Mitter Road",Koppal,Laborer,0,Opportunistic crime,4
Michael Chadha,,35,Female,"61/17, Hayre Circle",Kalaburagi,Vendor,0,Opportunistic crime,2
Urishilla Nagarajan,,55,Male,"47/022, Chanda Path",Hassan,Driver,0,Opportunistic crime,25
Ekaraj Chaudry,,46,Male,"H.No. 971, Zacharia Street",Ballari,Vendor,0,Opportunistic crime,35
Ekaraj Savant,,32,Male,"H.No. 450, Krishna Path",Bidar,Driver,0,Opportunistic crime,46
Pranav Khurana,,33,Male,"73/37, Mukhopadhyay Ganj",Vijayapura,Driver,1,Opportunistic crime,42
Jasmit Deshmukh,,48,Male,"53, Singh Chowk",Kolar,Delivery Boy,2,Opportunistic crime,3
Vyanjana Bhargava,,25,Male,"035, Bal Path",Belagavi,Contractor,0,Opportunistic crime,1
Rohan Dugar,Keya,27,Male,"80/35, Suresh Marg",Hubballi-Dharwad,Vendor,0,Opportunistic crime,44
Frado Bhardwaj,,30,Male,"449, Lad Path",Kalaburagi,Delivery Boy,0,Opportunistic crime,15
Pratyush Tank,,43,Male,"45/30, Johal Chowk",Mangaluru (Dakshina Kannada),Unemployed,0,Opportunistic crime,27
Theodore Solanki,,39,Male,"55/91, Sangha Marg",Tumakuru,Delivery Boy,0,Opportunistic crime,44
Elijah Bhalla,,26,Male,"21/68, Pau Circle",Mysuru,Contractor,0,Opportunistic crime,45
Pranit Sankar,Libni,20,Male,"H.No. 51, Chaudry Path",Bidar,Delivery Boy,0,Opportunistic crime,49
Rishi Edwin,,46,Male,"H.No. 95, Lalla Circle",Tumakuru,Laborer,0,Opportunistic crime,6
Ayush Narula,,46,Male,"H.No. 182, Basu",Belagavi,Driver,1,Opportunistic crime,16
Chandresh Samra,,54,Female,"H.No. 76, Shroff Path",Mandya,Laborer,0,Opportunistic crime,7
Ekapad Dhaliwal,,46,Female,"62, Mangat Ganj",Mysuru,Mechanic,1,Opportunistic crime,24
Harshil Apte,,20,Male,"H.No. 13, Char Chowk",Belagavi,Mechanic,1,Opportunistic crime,21
Maanas Kapadia,Dhruv,41,Male,"H.No. 53, Mohan Path",Raichur,Mechanic,0,Opportunistic crime,20
Advik Balay,,51,Male,"47/25, Guha Road",Hassan,Delivery Boy,0,Opportunistic crime,10
Aarav Ganesh,,35,Male,"H.No. 38, Magar Circle",Koppal,Delivery Boy,0,Opportunistic crime,31
Zayan Subramaniam,,49,Male,"225, Sharaf Path",Ballari,Vendor,0,Opportunistic crime,27
Samar Sahota,,22,Male,"H.No. 61, Bath Path",Kalaburagi,Delivery Boy,0,Opportunistic crime,27
Advaith Palla,,32,Male,"48/89, Salvi Marg",Ballari,Unemployed,1,Opportunistic crime,18
Bahadurjit Kala,,18,Male,"H.No. 751, Deol Road",Hubballi-Dharwad,Delivery Boy,0,Opportunistic crime,25
Rayaan Agarwal,,43,Male,"50/95, Pal Ganj",Tumakuru,Vendor,0,Opportunistic crime,35
Maanas Oommen,,48,Male,"48, Gade Marg",Mangaluru (Dakshina Kannada),Contractor,0,Opportunistic crime,3
Harrison Ganesh,,18,Male,"25/76, Narang Road",Mangaluru (Dakshina Kannada),Laborer,0,Opportunistic crime,8
Panini Narayanan,,55,Male,"H.No. 177, Sane Chowk",Kalaburagi,Unemployed,0,Opportunistic crime,12
David Karan,Darsh,32,Male,"87, Chatterjee Road",Bengaluru Rural,Vendor,1,Opportunistic crime,5
Girindra Barman,Inaya,28,Male,"106, Sha Chowk",Mysuru,Vendor,0,Opportunistic crime,17
Krish Pillai,Oni,50,Male,"H.No. 68, Kapur Marg",Mysuru,Driver,0,Opportunistic crime,17
Patrick Kalita,,37,Male,"78/71, Sanghvi Street",Ballari,Laborer,1,Opportunistic crime,33
Liam Mody,Pahal,24,Male,"H.No. 13, Chakrabarti Ganj",Mangaluru (Dakshina Kannada),Delivery Boy,1,Opportunistic crime,44
Chakradev Minhas,,42,Male,"43/632, Lall Ganj",Mysuru,Unemployed,0,Opportunistic crime,28
Harsh Deep,Bhavani,55,Male,"H.No. 25, Pal Ganj",Davangere,Driver,0,Opportunistic crime,8
Laban Bhat,Falguni,39,Female,"356, Ram Circle",Vijayapura,Vendor,0,Opportunistic crime,30
Ishaan Sarma,,42,Male,"38/92, Ganesh Zila",Mysuru,Unemployed,0,Opportunistic crime,13
Vasatika Kala,,18,Male,"H.No. 804, Ranganathan Ganj",Ballari,Vendor,0,Opportunistic crime,48
Mohini Vaidya,,34,Female,"H.No. 13, Narayan Marg",Kolar,Vendor,0,Opportunistic crime,16
Naksh Dube,,31,Male,"H.No. 49, Aggarwal Marg",Hubballi-Dharwad,Driver,1,Opportunistic crime,24
Mason Kota,,29,Male,"57, Bora Zila",Raichur,Vendor,0,Opportunistic crime,15
Udarsh Doctor,,51,Male,"48, Butala Marg",Davangere,Mechanic,1,Opportunistic crime,42
Vihaan Ravi,,49,Male,"462, Sheth Ganj",Koppal,Unemployed,1,Opportunistic crime,40
Advay Bhardwaj,,51,Male,"13, Bawa Street",Chikkamagaluru,Mechanic,0,Opportunistic crime,48
Pranav Koshy,Harish,55,Male,"90/870, Sha Circle",Bengaluru Rural,Contractor,0,Opportunistic crime,3
Faras Jain,Jack,26,Male,"64/44, Ramakrishnan Ganj",Shivamogga,Mechanic,0,Opportunistic crime,9
Vritti Bhandari,,18,Male,"16, Lad Circle",Bengaluru Rural,Unemployed,0,Opportunistic crime,6
Kai Cherian,Ansh,46,Male,"H.No. 69, Tripathi",Kalaburagi,Laborer,0,Opportunistic crime,46
Isaiah Dutta,,19,Male,"930, Ramachandran Chowk",Udupi,Unemployed,0,Opportunistic crime,31
Faqid Venkatesh,Krishna,39,Male,"H.No. 91, De Path",Mysuru,Laborer,1,Opportunistic crime,24
Aarush Tata,Yashica,40,Female,"H.No. 31, Shanker Street",Bengaluru Rural,Laborer,1,Opportunistic crime,21
Christopher Palan,,52,Female,"165, Sami Zila",Chikkamagaluru,Driver,0,Opportunistic crime,11
Laban Lal,David,47,Male,"455, Prasad Zila",Mandya,Driver,2,Opportunistic crime,1
Aarnav Sant,,47,Male,"57, Pillai Chowk",Koppal,Contractor,0,Opportunistic crime,14
Laksh Kale,Zaitra,47,Male,"443, Sandhu Ganj",Ballari,Driver,0,Opportunistic crime,35
Sachi Narayan,,22,Male,"00/70, Kara Circle",Hubballi-Dharwad,Mechanic,1,Opportunistic crime,8
Ayushman Sankar,Ekaja,41,Male,"38/204, Taneja Circle",Mandya,Contractor,1,Opportunistic crime,7
Dalbir Kapadia,,52,Male,"80/49, Behl Path",Belagavi,Mechanic,1,Opportunistic crime,14
Ronith Thakkar,,51,Female,"80, Dhillon Street",Mangaluru (Dakshina Kannada),Laborer,0,Opportunistic crime,10
Michael Dua,,42,Male,"391, Thaman Circle",Kalaburagi,Delivery Boy,0,Opportunistic crime,0
Pallavi Bail,,50,Male,"33, Chokshi Path",Kolar,Contractor,1,Opportunistic crime,7
Jeremiah De,,45,Male,"H.No. 808, Nair Circle",Raichur,Vendor,0,Opportunistic crime,7
Advaith Bansal,Ishita,33,Male,"H.No. 78, Borah Marg",Chikkamagaluru,Delivery Boy,0,Opportunistic crime,38
Vasudha Patil,Guneet,20,Male,"H.No. 630, Cherian Street",Hubballi-Dharwad,Unemployed,0,Opportunistic crime,29
Yochana Rastogi,Kashvi,45,Female,"524, D’Alia Zila",Raichur,Delivery Boy,0,Opportunistic crime,23
Nachiket Shanker,,23,Female,"25, Tak Chowk",Mysuru,Vendor,1,Opportunistic crime,3
Brijesh Sant,Ekiya,28,Male,"97/81, Dhawan Circle",Kolar,Vendor,0,Opportunistic crime,4
Gagan Gade,Nisha,19,Male,"20/358, Chadha",Chikkamagaluru,Unemployed,0,Opportunistic crime,22
Patrick Parikh,,18,Female,"359, Bhasin Ganj",Raichur,Unemployed,0,Opportunistic crime,28
Frederick Trivedi,Hemang,29,Male,"H.No. 186, Sur Ganj",Tumakuru,Laborer,0,Opportunistic crime,38
Krishna Mangat,,31,Male,"38/74, Ranganathan Road",Mandya,Laborer,0,Opportunistic crime,9
Ishaan Buch,,32,Female,"51/19, Shankar Circle",Bengaluru Rural,Delivery Boy,1,Opportunistic crime,14
Darika Chatterjee,Guneet,40,Male,"H.No. 872, Bhandari Circle",Hassan,Contractor,0,Opportunistic crime,28
Gaurav Baral,,31,Male,"79/788, Purohit Road",Hubballi-Dharwad,Contractor,0,Opportunistic crime,44
Arunima Pillay,,44,Male,"49/725, Singh",Tumakuru,Mechanic,0,Opportunistic crime,35
Jagrati Kuruvilla,,25,Male,"80/26, Hayre Marg",Ballari,Contractor,0,Opportunistic crime,18
Hritik Modi,,28,Female,"577, Tata Circle",Raichur,Mechanic,0,Opportunistic crime,40
Wahab Kannan,Jasmit,49,Male,"68/450, Sani Marg",Vijayapura,Vendor,0,Opportunistic crime,33
Ikbal Dyal,,46,Male,"68, Verma Zila",Hassan,Vendor,0,Opportunistic crime,25
Jagdish Pai,,30,Male,"H.No. 718, Suri Road",Udupi,Driver,0,Opportunistic crime,31
Tristan Handa,,25,Female,"33/82, Chada",Tumakuru,Delivery Boy,0,Opportunistic crime,50
Tejas Deshmukh,,28,Male,"69/81, Sandal Circle",Ballari,Vendor,0,Opportunistic crime,27
Nikita Pall,,46,Male,"H.No. 61, Boase",Bidar,Mechanic,0,Opportunistic crime,17
Hitesh Vyas,,30,Male,"H.No. 35, Bahri",Kalaburagi,Driver,0,Opportunistic crime,32
Devansh Thakur,,22,Female,"905, Minhas Street",Chikkamagaluru,Contractor,0,Opportunistic crime,47
Naveen Brar,,31,Female,"67, Kala Ganj",Kalaburagi,Mechanic,0,Opportunistic crime,11
Xavier Subramanian,,46,Female,"92/23, Korpal Circle",Kolar,Driver,0,Opportunistic crime,37
Nihal Lal,,26,Male,"H.No. 72, Hegde Nagar",Kalaburagi,Delivery Boy,0,Opportunistic crime,42
Rishi Sengupta,,18,Male,"21/827, Sampath Circle",Belagavi,Contractor,0,Opportunistic crime,7
Vidhi Sawhney,Oliver,18,Male,"H.No. 058, Reddy Street",Shivamogga,Mechanic,0,Opportunistic crime,6
Radhika Ghosh,,31,Male,"442, Narula Ganj",Koppal,Vendor,0,Opportunistic crime,21
Andrew Mann,,36,Male,"76, Mann Marg",Udupi,Mechanic,0,Opportunistic crime,4
Naveen Kohli,,35,Male,"H.No. 25, Jayaraman Zila",Hubballi-Dharwad,Mechanic,0,Opportunistic crime,29
Barkha Bhat,,30,Female,"H.No. 002, Iyengar",Kolar,Delivery Boy,0,Opportunistic crime,48
Gavin Vyas,,38,Male,"H.No. 62, Handa Nagar",Bengaluru Rural,Mechanic,1,Opportunistic crime,48
Dhriti Buch,Janya,46,Male,"32/26, Rastogi Circle",Mangaluru (Dakshina Kannada),Contractor,0,Opportunistic crime,5
Yug Krishna,Laban,24,Male,"35/26, Khalsa",Bengaluru Rural,Mechanic,0,Opportunistic crime,1
Darsh De,Faris,30,Male,"608, Ramaswamy Street",Raichur,Mechanic,0,Opportunistic crime,14
Darpan Krish,Rohan,27,Female,"H.No. 282, Kari Street",Hassan,Laborer,0,Opportunistic crime,24
Elijah Kara,,34,Male,"H.No. 05, Vohra Nagar",Belagavi,Mechanic,1,Opportunistic crime,29
Arya Banik,,41,Male,"H.No. 727, Kamdar Road",Kalaburagi,Mechanic,0,Opportunistic crime,29
Ryan Chaudhry,Girish,49,Female,"424, Chawla Nagar",Belagavi,Laborer,0,Opportunistic crime,8
Pahal Upadhyay,,43,Male,"581, Kale Nagar",Bidar,Mechanic,0,Opportunistic crime,32
Omisha Chahal,Ekavir,26,Male,"H.No. 24, Mandal Circle",Hubballi-Dharwad,Vendor,0,Opportunistic crime,1
Meghana Tripathi,,21,Male,"79, Devi Circle",Hubballi-Dharwad,Mechanic,0,Opportunistic crime,6
Nihal Palla,,33,Female,"78, Basu Road",Kolar,Delivery Boy,1,Opportunistic crime,31
Charles Kalla,,40,Male,"646, Nagarajan Ganj",Belagavi,Contractor,1,Opportunistic crime,34
Yamini Dugar,,40,Female,"67/425, Srinivas Street",Hassan,Unemployed,0,Opportunistic crime,3
Arin Lad,,39,Male,"H.No. 455, Raval Street",Ballari,Vendor,0,Opportunistic crime,34
Samar Palla,,23,Male,"87, Sem Ganj",Udupi,Vendor,0,Opportunistic crime,11
Thomas Kohli,,50,Male,"260, Nagar Street",Bengaluru Rural,Driver,2,Opportunistic crime,11
Kalpit Mammen,Nachiket,28,Male,"175, Loke Circle",Ballari,Delivery Boy,0,Opportunistic crime,33
Theodore Tella,,42,Male,"80/824, Narain Nagar",Mysuru,Unemployed,0,Opportunistic crime,20
Damyanti Swamy,,25,Male,"27/431, Das",Mandya,Mechanic,0,Opportunistic crime,31
Hamsini Grover,,55,Male,"H.No. 025, Chahal Marg",Bengaluru Urban,Contractor,1,Opportunistic crime,20
Yuvraj Ramanathan,Tanish,27,Male,"43/16, Venkatesh Road",Mandya,Unemployed,0,Opportunistic crime,39
Fitan Wali,,40,Male,"83/673, Gara Nagar",Bengaluru Urban,Mechanic,1,Opportunistic crime,16
Chavvi De,Samuel,44,Male,"28/942, Chacko Zila",Raichur,Unemployed,0,Opportunistic crime,8
Jairaj Khurana,Ekalinga,45,Male,"H.No. 783, Muni Zila",Koppal,Mechanic,0,Opportunistic crime,24
Bhavini Ghose,Dakshesh,35,Male,"H.No. 211, Khosla Nagar",Ballari,Contractor,0,Opportunistic crime,23
Fitan Suri,,37,Female,"53, Sachar Ganj",Udupi,Mechanic,0,Opportunistic crime,30
Zayan Dar,,52,Male,"677, Tara Zila",Chikkamagaluru,Delivery Boy,0,Opportunistic crime,44
Chandresh Kala,,35,Male,"H.No. 23, Sandhu Nagar",Udupi,Mechanic,1,Opportunistic crime,25
Aadi Prabhu,,25,Female,"47/188, Nori Ganj",Chikkamagaluru,Delivery Boy,1,Opportunistic crime,47
Kalpit Chakraborty,,40,Female,"H.No. 50, Talwar Nagar",Bengaluru Rural,Vendor,0,Opportunistic crime,42
Samesh Chakraborty,,51,Male,"43/727, Bakshi Marg",Chikkamagaluru,Delivery Boy,1,Opportunistic crime,44
Kashvi Chhabra,,33,Male,"77/857, Sahota",Vijayapura,Laborer,1,Opportunistic crime,10
Yatan Sodhi,,18,Male,"31/416, Sastry Path",Hubballi-Dharwad,Delivery Boy,2,Opportunistic crime,43
Farhan Walla,Chavvi,51,Male,"H.No. 896, Saraf",Bengaluru Rural,Mechanic,0,Opportunistic crime,39
Tanish Kaur,,45,Male,"16/637, Pandya Nagar",Bidar,Unemployed,0,Opportunistic crime,19
Vanya Madan,,44,Female,"57/95, Gera Ganj",Mangaluru (Dakshina Kannada),Driver,0,Opportunistic crime,13
Yauvani Atwal,,44,Male,"58/36, Grover Circle",Hassan,Delivery Boy,1,Opportunistic crime,29
Aadi Ahluwalia,,35,Male,"48, Peri Circle",Bengaluru Rural,Contractor,0,Opportunistic crime,43
Sudiksha Rastogi,Reyansh,24,Male,"H.No. 96, Apte Nagar",Hassan,Vendor,0,Opportunistic crime,15
Max Dyal,,24,Male,"74, Thaker Circle",Belagavi,Delivery Boy,0,Opportunistic crime,17
Rushil Bose,,41,Female,"H.No. 960, Butala Circle",Koppal,Unemployed,0,Opportunistic crime,7
Patrick Prabhu,Faras,23,Male,"556, Kapadia Ganj",Shivamogga,Mechanic,0,Opportunistic crime,12
Aarnav Narayanan,,33,Male,"32/63, Ahluwalia Zila",Raichur,Unemployed,0,Opportunistic crime,4
Anay Ahuja,Aashi,25,Male,"79/860, Pai Ganj",Hubballi-Dharwad,Vendor,1,Opportunistic crime,5
Neel Dalal,,54,Male,"143, Kapadia Ganj",Kalaburagi,Unemployed,0,Opportunistic crime,12
Vamakshi Mukhopadhyay,,20,Male,"33, Murthy Ganj",Udupi,Mechanic,0,Opportunistic crime,39
Gayathri Minhas,,27,Male,"27/21, Ray Path",Raichur,Delivery Boy,0,Opportunistic crime,43
Tarak Keer,,52,Male,"37, Oza Chowk",Ballari,Contractor,0,Opportunistic crime,19
Aarav Shetty,,25,Male,"62/04, Dugar Marg",Hassan,Mechanic,0,Opportunistic crime,47
Ranveer Wadhwa,Kalpit,18,Male,"32/32, Nori Path",Kalaburagi,Mechanic,0,Opportunistic crime,33
Dev Swaminathan,,43,Female,"69/849, Padmanabhan Zila",Raichur,Vendor,1,Opportunistic crime,30
Harsh Mitra,,41,Male,"43/23, Buch Zila",Kolar,Mechanic,0,Opportunistic crime,12
Hitesh Sant,,48,Male,"032, Dewan Circle",Shivamogga,Contractor,0,Opportunistic crime,5
Chanakya Krish,,23,Female,"31/90, Divan Circle",Raichur,Laborer,0,Opportunistic crime,34
Naksh Mitra,Wishi,41,Male,"12/642, Madan Marg",Raichur,Mechanic,1,Opportunistic crime,17
Frederick Mallick,,48,Male,"53/50, Mann Zila",Bengaluru Rural,Driver,1,Opportunistic crime,47
Chakrika Goswami,,55,Male,"58/970, Bansal Circle",Shivamogga,Mechanic,0,Opportunistic crime,30
Xalak Apte,Sara,54,Male,"H.No. 39, Trivedi Zila",Mangaluru (Dakshina Kannada),Contractor,0,Opportunistic crime,13
Jack Gulati,Anjali,18,Female,"59, Ratti Chowk",Koppal,Delivery Boy,0,Opportunistic crime,0
Falan Kalita,,23,Male,"48/22, Rattan Street",Bengaluru Rural,Laborer,1,Opportunistic crime,41
Daniel Nayar,Rohan,21,Female,"H.No. 113, Choudhary Circle",Hassan,Laborer,1,Opportunistic crime,9
Mason Iyengar,Gabriel,44,Male,"33, Sodhi Road",Vijayapura,Laborer,1,Opportunistic crime,21
Vincent Palla,,42,Female,"46/128, Naidu Circle",Koppal,Delivery Boy,0,Opportunistic crime,38
Ekapad Borde,,37,Male,"11/25, Rattan Chowk",Kalaburagi,Mechanic,0,Opportunistic crime,50
Ishanvi Pathak,Xiti,50,Male,"08/320, D’Alia Nagar",Mandya,Delivery Boy,0,Opportunistic crime,28
Gautam Gulati,,31,Female,"H.No. 40, Bhakta Marg",Bengaluru Rural,Vendor,0,Opportunistic crime,12
Fariq Saha,,27,Male,"12/81, Chanda Nagar",Bidar,Contractor,1,Opportunistic crime,17
Adweta Kalita,Laksh,44,Female,"H.No. 919, Choudhry",Hubballi-Dharwad,Delivery Boy,0,Opportunistic crime,4
Alexander Mahal,,26,Male,"97, Ben Street",Kolar,Vendor,1,Opportunistic crime,7
Onkar Patla,,43,Female,"08, Yogi Circle",Davangere,Unemployed,1,Opportunistic crime,35
Anjali Ramachandran,,39,Female,"17/099, Parekh Road",Belagavi,Laborer,0,Opportunistic crime,36
Ekalinga Saini,Vrishti,27,Male,"H.No. 77, Kumer Marg",Mandya,Unemployed,0,Opportunistic crime,27
Jalsa Mahajan,Pushti,19,Male,"25/20, Ghosh Chowk",Hassan,Mechanic,0,Opportunistic crime,41
Abhiram Jha,,48,Male,"414, Bail Marg",Shivamogga,Driver,0,Opportunistic crime,25
Abdul Sampath,Vincent,46,Male,"H.No. 967, Parikh Ganj",Davangere,Mechanic,0,Opportunistic crime,20
Kai Suri,,55,Male,"75/787, Kapoor Zila",Bengaluru Rural,Contractor,1,Opportunistic crime,42
Wyatt Malhotra,Pahal,37,Male,"62/446, Raman Ganj",Mysuru,Laborer,1,Opportunistic crime,50
Nakul Dutt,,53,Male,"718, Gade Marg",Hassan,Vendor,0,Opportunistic crime,41
Wazir Nadig,Zaid,39,Male,"03/277, Chandra Marg",Chikkamagaluru,Mechanic,0,Opportunistic crime,4
Hitesh Goyal,,27,Male,"43/841, Shere Chowk",Bengaluru Rural,Delivery Boy,1,Opportunistic crime,18
Daksh Shankar,,42,Male,"39, Mohan",Vijayapura,Delivery Boy,0,Opportunistic crime,32
Gavin Das,,20,Male,"H.No. 616, Dani Street",Tumakuru,Vendor,0,Opportunistic crime,23
Kabir Yogi,Brijesh,20,Male,"52, Gole Circle",Mangaluru (Dakshina Kannada),Unemployed,0,Opportunistic crime,10
Oliver Wadhwa,,35,Female,"018, Master Path",Kalaburagi,Laborer,1,Opportunistic crime,2
Raghav Rajagopalan,,21,Male,"51/84, Nazareth",Kalaburagi,Vendor,0,Opportunistic crime,19
Dakshesh Doctor,Anthony,55,Male,"H.No. 80, Kunda Circle",Udupi,Laborer,0,Opportunistic crime,13
Robert Lanka,,39,Female,"H.No. 99, Boase Zila",Mangaluru (Dakshina Kannada),Contractor,1,Opportunistic crime,20
Nathaniel Sem,,30,Male,"H.No. 92, Ahluwalia Ganj",Kalaburagi,Driver,0,Opportunistic crime,34
Tamanna Soni,,52,Male,"H.No. 234, Vora Road",Davangere,Laborer,0,Opportunistic crime,50
Forum Chauhan,,53,Male,"04/084, Barad Road",Koppal,Delivery Boy,1,Opportunistic crime,32
Baghyawati Bhavsar,,42,Male,"87/55, Sahni Circle",Chikkamagaluru,Driver,0,Opportunistic crime,10
Aadi Ganesh,,50,Female,"H.No. 40, Sabharwal Street",Davangere,Contractor,0,Opportunistic crime,46
Fariq Sule,,42,Male,"00/010, Lalla Zila",Chikkamagaluru,Vendor,0,Opportunistic crime,39
Noah Sandhu,Reva,53,Male,"H.No. 442, Sarma Street",Mandya,Delivery Boy,0,Opportunistic crime,7
Nakul Koshy,,39,Male,"97, Dani Circle",Bengaluru Urban,Laborer,0,Opportunistic crime,22
Zinal Gala,Vasana,26,Male,"H.No. 61, Ravel Marg",Mysuru,Vendor,0,Opportunistic crime,32
Girish Raja,,43,Male,"31, Bhatti Road",Bidar,Driver,1,Opportunistic crime,31
Owen Patel,Chakrika,19,Male,"353, Hora Street",Tumakuru,Vendor,1,Opportunistic crime,48
Anirudh Murthy,,49,Male,"H.No. 431, Sankaran Road",Davangere,Vendor,0,Opportunistic crime,14
Ekta Dey,Guneet,28,Male,"77/017, Thakur Zila",Bidar,Laborer,0,Opportunistic crime,45
Noah Balakrishnan,,33,Male,"97/72, Ray Street",Tumakuru,Contractor,0,Opportunistic crime,15
Nachiket Dua,,55,Female,"27/996, Rout Nagar",Ballari,Driver,0,Opportunistic crime,37
Rehaan Raman,Vyanjana,44,Female,"H.No. 70, Grewal Road",Bidar,Contractor,0,Opportunistic crime,38
Lucky Basu,Jasmit,50,Male,"38, Nagarajan Marg",Vijayapura,Unemployed,0,Opportunistic crime,9
Chatresh Pillay,Jagvi,30,Male,"94/200, Mohanty Road",Mysuru,Contractor,0,Opportunistic crime,18
Yug Ratti,,53,Female,"H.No. 293, Chadha Nagar",Vijayapura,Contractor,0,Opportunistic crime,10
Dhruv Vasa,Radha,32,Female,"H.No. 22, Pau Street",Bengaluru Urban,Mechanic,1,Opportunistic crime,30
Pratyush Mistry,,39,Male,"61, Bali",Mysuru,Contractor,1,Opportunistic crime,41
Samuel Chandran,Laban,35,Male,"23/54, Chandran Circle",Bidar,Vendor,0,Opportunistic crime,27
Yug Butala,,38,Male,"H.No. 85, Sama Chowk",Kalaburagi,Unemployed,0,Opportunistic crime,46
Tanvi Parsa,,52,Male,"18/84, Warrior Ganj",Koppal,Contractor,0,Opportunistic crime,29
Garima Bains,,23,Female,"H.No. 89, Mand Ganj",Belagavi,Driver,1,Opportunistic crime,17
Mugdha Som,,43,Male,"H.No. 92, Kuruvilla Nagar",Belagavi,Driver,0,Opportunistic crime,13
Fariq Gaba,,54,Male,"71/73, Raju Circle",Koppal,Contractor,0,Opportunistic crime,18
Atharv Sabharwal,Krish,26,Male,"H.No. 873, Handa Chowk",Shivamogga,Unemployed,0,Opportunistic crime,31
Benjamin Talwar,,28,Male,"47/89, Cheema Street",Hubballi-Dharwad,Driver,1,Opportunistic crime,13
Vedika Thaker,,27,Male,"H.No. 472, Ray Chowk",Hubballi-Dharwad,Unemployed,0,Opportunistic crime,13
Chakradhar Golla,Tara,50,Female,"97, Brahmbhatt Circle",Koppal,Delivery Boy,0,Opportunistic crime,20
Sara Hegde,,50,Female,"15, Thakkar Nagar",Mysuru,Contractor,1,Opportunistic crime,36
Abhimanyu Saha,,50,Male,"H.No. 992, Nagarajan Circle",Mangaluru (Dakshina Kannada),Unemployed,2,Opportunistic crime,45
Barkha Pandey,,20,Male,"59/61, Handa Circle",Hubballi-Dharwad,Driver,0,Opportunistic crime,22
Samesh Tank,Yatin,28,Male,"53/773, Kale",Raichur,Mechanic,0,Opportunistic crime,38
Forum Chauhan,Hitesh,44,Male,"80/119, Dash Chowk",Vijayapura,Unemployed,0,Opportunistic crime,9
Advay Sathe,Henry,46,Female,"793, Dutta",Raichur,Mechanic,0,Opportunistic crime,41
Ethan Bhardwaj,Geetika,42,Male,"88, Nadkarni Ganj",Kolar,Unemployed,0,Opportunistic crime,30
Pranit Tata,,49,Male,"70/46, Koshy Path",Bengaluru Rural,Vendor,1,Opportunistic crime,48
Tamanna Dash,,48,Female,"H.No. 82, Narayanan Zila",Belagavi,Delivery Boy,0,Opportunistic crime,42
Orinder Kara,Chatura,51,Male,"H.No. 98, Lalla Chowk",Vijayapura,Vendor,1,Opportunistic crime,35
Oscar Kuruvilla,,33,Male,"17, Sood",Bengaluru Rural,Unemployed,0,Opportunistic crime,13
Anay Taneja,,48,Female,"H.No. 70, Pai Street",Bidar,Unemployed,0,Opportunistic crime,27
Daniel Yohannan,,55,Male,"92/63, Parmer Ganj",Shivamogga,Unemployed,1,Opportunistic crime,50
Praneel Mall,,44,Female,"46/171, Dhillon Marg",Koppal,Mechanic,1,Opportunistic crime,17
Lohit Gupta,,30,Male,"H.No. 65, Vig Ganj",Vijayapura,Laborer,0,Opportunistic crime,1
Yashawini Sharaf,,43,Male,"90/33, Ben Ganj",Mangaluru (Dakshina Kannada),Laborer,0,Opportunistic crime,35
Oliver Das,,28,Male,"07, Goel Ganj",Mandya,Mechanic,0,Opportunistic crime,47
Balendra Nagy,,26,Male,"42/33, Johal Road",Hassan,Mechanic,0,Opportunistic crime,50
Gautam Natt,,50,Male,"60/62, Kaur",Mangaluru (Dakshina Kannada),Unemployed,0,Opportunistic crime,46
Aditya Bala,,29,Male,"H.No. 79, Bhagat Chowk",Belagavi,Contractor,1,Opportunistic crime,12
Yuvraj Subramanian,,44,Male,"551, Venkataraman Circle",Hassan,Contractor,0,Opportunistic crime,50
Oliver Sharaf,,43,Male,"H.No. 529, Sachar Zila",Hassan,Mechanic,0,Opportunistic crime,2
Balveer Raj,Chasmum,20,Male,"H.No. 37, Bhattacharyya Marg",Bengaluru Rural,Unemployed,2,Opportunistic crime,15
Ganga Bhatti,,50,Male,"46/453, Garg Nagar",Davangere,Laborer,0,Opportunistic crime,42
Samuel Kuruvilla,,33,Male,"075, Parmer Path",Bidar,Mechanic,1,Opportunistic crime,42
Reyansh Pradhan,Jacob,39,Male,"116, Gulati Street",Chikkamagaluru,Contractor,1,Opportunistic crime,14
Utkarsh Kumer,,34,Female,"66/09, Dhaliwal Circle",Udupi,Laborer,0,Opportunistic crime,29
Naveen Nigam,,49,Male,"H.No. 64, Dhillon Road",Hubballi-Dharwad,Driver,0,Opportunistic crime,36
Oeshi Saraf,,45,Female,"80, Kulkarni Road",Hubballi-Dharwad,Mechanic,0,Opportunistic crime,3
Kai Bawa,Adweta,27,Male,"19/86, Chana Marg",Belagavi,Vendor,2,Opportunistic crime,5
Inaya Jaggi,Nilima,47,Male,"70/104, Bora Circle",Kalaburagi,Unemployed,0,Opportunistic crime,0
Siya Mishra,,51,Female,"H.No. 64, Kannan Ganj",Hassan,Vendor,1,Opportunistic crime,32
Lohit Chaudry,,23,Female,"H.No. 68, Kumar Zila",Vijayapura,Mechanic,0,Opportunistic crime,11
Arjun Sura,,42,Male,"04/621, Mitter",Kolar,Mechanic,0,Opportunistic crime,29
Caleb Dani,,27,Female,"22/38, Hegde Chowk",Mangaluru (Dakshina Kannada),Unemployed,2,Opportunistic crime,38
Charan Ghose,Anita,27,Male,"88/05, Memon Marg",Mysuru,Unemployed,0,Opportunistic crime,5
Bhavika Pandya,,35,Male,"H.No. 817, Agate Path",Belagavi,Delivery Boy,0,Opportunistic crime,41
Harrison Basak,,37,Male,"394, Modi Path",Bengaluru Urban,Unemployed,0,Opportunistic crime,39
Oliver Sachar,,18,Female,"390, Upadhyay Nagar",Chikkamagaluru,Delivery Boy,0,Opportunistic crime,48
Rajata Kala,,38,Male,"06/05, Kapoor Path",Mangaluru (Dakshina Kannada),Laborer,0,Opportunistic crime,34
Yuvraj Padmanabhan,Dev,48,Male,"H.No. 74, Sant Road",Davangere,Mechanic,0,Opportunistic crime,5
Tanay Arya,Darpan,50,Male,"086, Din Nagar",Mysuru,Mechanic,1,Opportunistic crime,42
Bishakha Gara,,18,Female,"10/00, Pant Chowk",Shivamogga,Laborer,0,Opportunistic crime,28
Gaurang Kashyap,,34,Male,"39/25, Parmar Zila",Kolar,Vendor,1,Opportunistic crime,45
Bhavini Rajagopal,,27,Female,"82/445, Kar Nagar",Mysuru,Laborer,0,Opportunistic crime,3
Manthan Randhawa,,43,Male,"20/032, Kakar Path",Udupi,Driver,1,Opportunistic crime,50
Om Dugar,Girish,55,Male,"H.No. 40, Bhalla Nagar",Belagavi,Mechanic,0,Opportunistic crime,13
Simon Chandra,Rachana,40,Male,"50/08, Sheth Nagar",Bidar,Delivery Boy,2,Opportunistic crime,27
Sara Sha,,36,Male,"96, Jhaveri Street",Udupi,Driver,1,Opportunistic crime,41
Bhavna Keer,,25,Male,"54/580, Keer Zila",Bidar,Contractor,1,Opportunistic crime,17
Raagini Pillay,,53,Male,"92/575, Bose Marg",Vijayapura,Unemployed,1,Opportunistic crime,31
Jason Bumb,,22,Male,"70/932, Ravi Zila",Tumakuru,Mechanic,0,Opportunistic crime,16
Rohan Wadhwa,,40,Female,"41/04, Chanda Street",Udupi,Driver,0,Opportunistic crime,18
Imaran Chad,,34,Female,"H.No. 735, Srivastava Path",Raichur,Mechanic,0,Opportunistic crime,40
Aryan Kant,,25,Male,"413, Borah Zila",Kolar,Delivery Boy,0,Opportunistic crime,22
Yadavi Agrawal,,51,Male,"H.No. 49, Jhaveri Street",Davangere,Mechanic,1,Opportunistic crime,6
Mohammed Ray,,29,Male,"H.No. 42, Karpe Circle",Chikkamagaluru,Mechanic,0,Opportunistic crime,31
Kai Rastogi,,35,Male,"871, Sarma Ganj",Chikkamagaluru,Driver,0,Opportunistic crime,15
Karan Gopal,,51,Male,"35/715, Parmar Path",Belagavi,Delivery Boy,0,Opportunistic crime,27
Nitara Deep,,50,Female,"H.No. 40, Pau Nagar",Bengaluru Rural,Contractor,0,Opportunistic crime,0
Nidhi Lata,,39,Male,"52/689, Chaudhari Zila",Hassan,Delivery Boy,0,Opportunistic crime,42
Pallavi Rajagopalan,,35,Male,"72/79, Goswami Nagar",Ballari,Laborer,0,Opportunistic crime,49
Udarsh Soman,,28,Male,"60/603, Bhargava Zila",Kolar,Mechanic,0,Opportunistic crime,39
Girik Gokhale,,38,Male,"H.No. 875, Patla Street",Belagavi,Vendor,1,Opportunistic crime,36
Utkarsh Bail,,22,Female,"H.No. 992, Rau Chowk",Tumakuru,Driver,1,Opportunistic crime,39
Ojas Bajaj,,23,Male,"84/94, Khanna Street",Tumakuru,Laborer,0,Opportunistic crime,26
Watika Vora,,55,Female,"88, Shenoy Chowk",Mandya,Laborer,0,Opportunistic crime,16
Udant Srinivas,,27,Female,"38/42, Garde Zila",Davangere,Delivery Boy,0,Opportunistic crime,8
Bimala Dhillon,,26,Male,"41/24, Barman Nagar",Belagavi,Laborer,0,Opportunistic crime,33
Balhaar Varkey,,46,Female,"31/553, Kar Circle",Hubballi-Dharwad,Laborer,0,Opportunistic crime,17
Rudra Tank,Harsh,37,Male,"48/068, Yadav Street",Belagavi,Delivery Boy,0,Opportunistic crime,10
Meghana Khalsa,,27,Male,"71/80, Rai Ganj",Bengaluru Urban,Contractor,0,Opportunistic crime,12
Aarnav Pingle,,32,Male,"17/745, Rajagopalan Marg",Raichur,Driver,0,Opportunistic crime,37
Urvi Khurana,,44,Male,"H.No. 05, Pillai Nagar",Ballari,Delivery Boy,1,Opportunistic crime,36
Kabir Goda,,28,Male,"572, Gade Road",Tumakuru,Delivery Boy,0,Opportunistic crime,32
Rachana Shenoy,Manbir,55,Female,"11/039, Gour",Davangere,Vendor,0,Opportunistic crime,26
Rudra Desai,,32,Male,"H.No. 86, Ramanathan",Vijayapura,Driver,1,Opportunistic crime,10
Jairaj Nagar,Alexander,45,Male,"H.No. 64, Krishnan Circle",Shivamogga,Driver,0,Opportunistic crime,0
Ronith Behl,,24,Female,"19/541, Sant Street",Udupi,Contractor,0,Opportunistic crime,38
Nitesh Khatri,Sanaya,46,Male,"11/125, Pradhan Ganj",Mandya,Contractor,0,Opportunistic crime,31
Xavier Chaudhuri,,20,Male,"03/15, Baral Circle",Belagavi,Mechanic,0,Opportunistic crime,7
Theodore Magar,,42,Male,"77/635, Khatri",Koppal,Vendor,0,Opportunistic crime,48
Daksh Patil,,48,Male,"897, Garg Circle",Hassan,Vendor,0,Opportunistic crime,24
Viraj Bajwa,,36,Male,"H.No. 27, Tripathi Street",Mangaluru (Dakshina Kannada),Vendor,0,Opportunistic crime,15
Zansi Dar,Urvi,19,Male,"47/220, Nori Path",Davangere,Delivery Boy,0,Opportunistic crime,37
Manbir Jha,Waida,25,Male,"H.No. 06, Ranganathan Circle",Hassan,Contractor,1,Opportunistic crime,20
Aditya Tara,,51,Female,"67, Chakraborty Marg",Shivamogga,Mechanic,0,Opportunistic crime,33
Harsh Datta,,50,Male,"H.No. 64, Mammen Chowk",Hubballi-Dharwad,Mechanic,0,Opportunistic crime,7
Rayaan Kannan,Ria,41,Male,"54/94, Hayre Street",Hassan,Mechanic,2,Opportunistic crime,14
Priya Chander,,50,Male,"H.No. 534, Bahl Path",Udupi,Unemployed,0,Opportunistic crime,47
Rishi Loke,,48,Male,"12/44, Rana Path",Belagavi,Delivery Boy,0,Opportunistic crime,50
Viraj Rai,,36,Male,"05, Johal Ganj",Chikkamagaluru,Driver,0,Opportunistic crime,36
Amruta Ahuja,,32,Male,"H.No. 122, Sani Path",Hubballi-Dharwad,Laborer,0,Opportunistic crime,2
Naksh Raman,,26,Male,"09/98, Mitter Nagar",Vijayapura,Unemployed,0,Opportunistic crime,31
Naveen Sur,Yashoda,39,Male,"031, Kapur Street",Bengaluru Urban,Driver,1,Opportunistic crime,5
Tristan Bajaj,,33,Male,"H.No. 808, Chaudhary Road",Bengaluru Urban,Delivery Boy,0,Opportunistic crime,48
Arin Mukherjee,,34,Male,"H.No. 586, Dave Nagar",Ballari,Driver,0,Opportunistic crime,5
Tristan Bobal,,46,Female,"H.No. 137, Dara",Belagavi,Driver,0,Opportunistic crime,17
Ronith Chaudhari,,28,Female,"H.No. 80, Bhatnagar Circle",Chikkamagaluru,Vendor,0,Opportunistic crime,30
Hritik Dugar,,31,Male,"H.No. 132, Bhakta Street",Shivamogga,Contractor,1,Opportunistic crime,24
Matthew Sundaram,,50,Male,"H.No. 18, Tripathi Road",Vijayapura,Delivery Boy,0,Opportunistic crime,48
Dhruv Saini,,47,Male,"88/536, Kota Zila",Ballari,Contractor,0,Opportunistic crime,4
Praneel Menon,Chakrika,33,Female,"H.No. 27, Oak Path",Chikkamagaluru,Vendor,0,Opportunistic crime,14
Daksh Sachdeva,,44,Male,"76/215, Raju Road",Bengaluru Urban,Laborer,0,Opportunistic crime,32
Siya Arya,,46,Male,"98/983, Raghavan Path",Ballari,Unemployed,0,Opportunistic crime,15
Indira Jaggi,,51,Male,"475, Tank Road",Udupi,Driver,0,Opportunistic crime,50
Maanav Bhalla,Isha,32,Female,"H.No. 309, Menon Road",Chikkamagaluru,Mechanic,0,Opportunistic crime,39
Om Sibal,,50,Male,"H.No. 41, Mitra Marg",Hassan,Unemployed,0,Opportunistic crime,21
Netra Minhas,Omaja,44,Female,"36/587, Malhotra Chowk",Hassan,Vendor,0,Opportunistic crime,5
Triya Dugar,,32,Female,"H.No. 14, Naik",Kolar,Laborer,1,Opportunistic crime,41
Faraj Bhatt,Rachana,36,Male,"H.No. 982, Srivastava Nagar",Mysuru,Laborer,0,Opportunistic crime,25
Jagvi Misra,,38,Female,"H.No. 12, Saini Path",Tumakuru,Vendor,0,Opportunistic crime,17
Yatan Dora,,45,Female,"56/989, Shukla Path",Tumakuru,Vendor,0,Opportunistic crime,16
Falak Lad,,41,Male,"21, Baral",Mysuru,Mechanic,1,Opportunistic crime,38
Yug Mahal,,54,Male,"H.No. 678, Dyal Ganj",Bengaluru Rural,Unemployed,2,Opportunistic crime,36
Dakshesh Walla,,43,Male,"H.No. 781, Sahota Path",Bengaluru Rural,Driver,1,Opportunistic crime,6
Champak Natt,,53,Male,"40/976, Sandal Chowk",Hubballi-Dharwad,Driver,0,Opportunistic crime,25
Deepa Manda,Praneel,21,Female,"310, Mander Street",Shivamogga,Mechanic,0,Opportunistic crime,16
Gautam Bumb,,31,Male,"41, Kulkarni Circle",Tumakuru,Driver,0,Opportunistic crime,14
Krishna Lata,Vedhika,35,Male,"H.No. 25, Kari Circle",Bengaluru Rural,Driver,2,Opportunistic crime,23
Tanveer Bumb,,40,Male,"17, Swamy Chowk",Bengaluru Urban,Mechanic,0,Opportunistic crime,35
Elijah Chadha,,53,Female,"441, Iyer Marg",Mangaluru (Dakshina Kannada),Vendor,0,Opportunistic crime,20
Laksh Pingle,,24,Male,"H.No. 27, Karan Street",Mandya,Unemployed,0,Opportunistic crime,23
Girindra Nadkarni,,45,Female,"H.No. 54, Hans Marg",Mysuru,Laborer,1,Opportunistic crime,19
Vasatika Kala,,39,Male,"37/86, Devan Path",Davangere,Delivery Boy,0,Opportunistic crime,24
Saanvi Nadig,Aadi,45,Female,"H.No. 339, Dubey Zila",Hassan,Vendor,0,Opportunistic crime,15
Om Merchant,Ubika,32,Male,"429, Mallick Marg",Kolar,Delivery Boy,0,Opportunistic crime,0
Sai Hegde,,24,Male,"983, Borde Circle",Belagavi,Unemployed,0,Opportunistic crime,4
Wyatt Vasa,,53,Male,"H.No. 767, Ramaswamy Zila",Raichur,Contractor,0,Opportunistic crime,11
Bhanumati Patil,Kevin,44,Male,"28/92, Chakraborty Path",Mandya,Unemployed,0,Opportunistic crime,21
Zaitra Tiwari,Avni,44,Male,"16, Grover Path",Tumakuru,Unemployed,0,Opportunistic crime,10
Kalpit Talwar,,29,Male,"H.No. 383, Sawhney Marg",Belagavi,Driver,0,Opportunistic crime,28
Daniel Kala,,34,Male,"04/659, Bhagat Nagar",Bengaluru Rural,Unemployed,0,Opportunistic crime,46
Anmol Tank,,54,Female,"H.No. 26, Narula Ganj",Vijayapura,Laborer,0,Opportunistic crime,44
Onveer Singh,Arya,36,Male,"H.No. 038, Natarajan Zila",Davangere,Delivery Boy,1,Opportunistic crime,9
Ishwar Chopra,,45,Male,"743, Madan Ganj",Mysuru,Vendor,1,Opportunistic crime,34
Madhav Contractor,,38,Female,"07/437, Ramakrishnan Zila",Belagavi,Driver,0,Opportunistic crime,36
Ryan Deo,,46,Male,"H.No. 573, Biswas",Koppal,Mechanic,0,Opportunistic crime,48
Tarak Nori,,23,Female,"H.No. 51, Pall Path",Udupi,Vendor,0,Opportunistic crime,34
Chatresh Dugar,Patrick,54,Female,"12/71, Dasgupta Road",Mangaluru (Dakshina Kannada),Mechanic,0,Opportunistic crime,14
Sarthak Chaudhari,Baljiwan,48,Male,"H.No. 572, Parmer Ganj",Mysuru,Driver,1,Opportunistic crime,9
Chaitanya Dayal,,42,Male,"92/35, Khosla Marg",Shivamogga,Vendor,0,Opportunistic crime,18
Nikita Purohit,,39,Female,"H.No. 883, Dar Street",Mandya,Vendor,0,Opportunistic crime,40
Udant Ghosh,,50,Male,"723, Mukhopadhyay Marg",Bengaluru Urban,Vendor,1,Opportunistic crime,37
Chaitanya Lall,,21,Male,"H.No. 417, Ramachandran Ganj",Hubballi-Dharwad,Contractor,1,Opportunistic crime,7
Teerth Krishna,,22,Male,"21/415, Varkey Street",Vijayapura,Vendor,0,Opportunistic crime,21
Ayush Sura,,28,Male,"33, Bansal Marg",Belagavi,Vendor,1,Opportunistic crime,28
Matthew Prasad,Chaitanya,32,Male,"44, Bhatnagar Path",Mysuru,Vendor,0,Opportunistic crime,24
Chandani Devi,Victor,47,Male,"856, Bali Road",Mandya,Laborer,0,Opportunistic crime,10
George Khare,,25,Male,"590, Sachar Nagar",Bengaluru Rural,Unemployed,1,Opportunistic crime,50
Leela Padmanabhan,Nihal,40,Male,"H.No. 280, Bala Circle",Mysuru,Laborer,0,Opportunistic crime,48
Janya Thaker,Anmol,52,Male,"093, Shetty Zila",Kalaburagi,Contractor,1,Opportunistic crime,36
Om Gade,,38,Male,"32/81, Tank Nagar",Vijayapura,Vendor,1,Opportunistic crime,23
Imaran Rout,,38,Male,"99/02, Issac Zila",Bidar,Mechanic,0,Opportunistic crime,5
Warinder Naidu,,49,Male,"36/88, Chowdhury Nagar",Kalaburagi,Driver,0,Opportunistic crime,19
Darsh Memon,,37,Male,"H.No. 85, Hayre Circle",Mangaluru (Dakshina Kannada),Driver,1,Opportunistic crime,45
Arya Grover,Ekaja,23,Male,"17/71, Barad Road",Raichur,Mechanic,0,Opportunistic crime,50
Champak Hans,,39,Male,"876, Mane Street",Bengaluru Rural,Delivery Boy,0,Opportunistic crime,28
Bahadurjit Aggarwal,,33,Female,"H.No. 940, Mitter Circle",Mandya,Laborer,1,Opportunistic crime,35
Peter Aggarwal,Aditya,27,Male,"H.No. 732, Wali Ganj",Vijayapura,Unemployed,0,Opportunistic crime,14
Ikbal Iyer,,45,Male,"99, Bhatnagar Chowk",Koppal,Delivery Boy,0,Opportunistic crime,23
Mason Sharma,,39,Male,"H.No. 82, Oommen",Udupi,Mechanic,0,Opportunistic crime,46
Wriddhish Aurora,,31,Male,"H.No. 83, Keer Ganj",Mangaluru (Dakshina Kannada),Driver,1,Opportunistic crime,1
Manya Mangal,Anusha,47,Male,"76, Varma Path",Bidar,Vendor,2,Opportunistic crime,50
Luke Sharma,,50,Male,"16/38, Mahal",Bengaluru Rural,Unemployed,1,Opportunistic crime,50
Abhimanyu Madan,,54,Male,"30/480, Shankar",Hassan,Driver,0,Opportunistic crime,17
Aarav Chopra,,21,Male,"67, Kara Marg",Udupi,Unemployed,0,Opportunistic crime,48
Ansh Thakur,,26,Female,"55/67, Upadhyay Road",Ballari,Driver,0,Opportunistic crime,0
Madhavi Badal,,51,Female,"94/336, Choudhury Road",Chikkamagaluru,Unemployed,0,Opportunistic crime,14
Brijesh Mitter,,53,Male,"H.No. 77, Rai Marg",Bengaluru Urban,Mechanic,1,Opportunistic crime,15
Siddharth Sule,,34,Male,"H.No. 116, Bali Marg",Bengaluru Urban,Delivery Boy,0,Opportunistic crime,15
Pranav Amble,,26,Male,"H.No. 434, Vasa Marg",Raichur,Contractor,0,Opportunistic crime,2
Oliver Buch,,45,Male,"20, Kara Chowk",Kalaburagi,Mechanic,0,Opportunistic crime,22
Mason Baral,,26,Male,"83, Gandhi Circle",Bidar,Driver,0,Opportunistic crime,1
Sanya Bhargava,Naksh,33,Male,"85/87, Garde Circle",Koppal,Delivery Boy,0,Opportunistic crime,34
Imaran Thakkar,,36,Male,"H.No. 184, Master Circle",Hubballi-Dharwad,Vendor,0,Opportunistic crime,6
Farhan Mital,,24,Female,"H.No. 834, Sawhney",Tumakuru,Delivery Boy,0,Opportunistic crime,19
Abha Prabhakar,Avni,40,Male,"588, Gour Zila",Davangere,Contractor,0,Opportunistic crime,40
Fiyaz Shukla,Nitesh,30,Male,"89/69, Tara Road",Kalaburagi,Laborer,0,Opportunistic crime,30
Warjas Yohannan,,18,Male,"970, Merchant Zila",Vijayapura,Laborer,0,Opportunistic crime,32
Kashvi Mangat,Nisha,44,Female,"41/978, Kade Zila",Belagavi,Mechanic,0,Opportunistic crime,1
Frado Pradhan,,24,Male,"H.No. 84, Mannan Marg",Tumakuru,Mechanic,0,Opportunistic crime,36
Gaurang Lad,,28,Male,"867, Sathe Circle",Shivamogga,Unemployed,0,Opportunistic crime,32
Ranbir Issac,,31,Male,"H.No. 67, Pandya Street",Ballari,Delivery Boy,0,Opportunistic crime,12
Nachiket Bhat,,48,Male,"H.No. 096, Nagarajan Street",Bidar,Contractor,1,Opportunistic crime,25
Anusha Pandya,Qadim,22,Male,"88, Gala Nagar",Mangaluru (Dakshina Kannada),Laborer,0,Opportunistic crime,41
Zaid Prabhakar,Balendra,43,Male,"H.No. 637, Mangat Marg",Bidar,Driver,0,Opportunistic crime,16
Widisha Sarkar,,41,Male,"79, Sekhon Circle",Mysuru,Unemployed,1,Opportunistic crime,40
Anthony Dash,Lakshmi,21,Male,"H.No. 746, Thaker Zila",Chikkamagaluru,Vendor,0,Opportunistic crime,28
Yatin Anne,,31,Male,"H.No. 602, Chakrabarti",Belagavi,Delivery Boy,0,Opportunistic crime,18
Finn Srinivas,Wakeeta,35,Male,"H.No. 84, Ratta Circle",Bidar,Laborer,1,Opportunistic crime,7
Avi Karpe,,28,Male,"H.No. 757, Oza Circle",Bengaluru Urban,Delivery Boy,1,Opportunistic crime,21
Caleb Thakur,,38,Male,"70/448, Sandhu Zila",Mysuru,Unemployed,0,Opportunistic crime,13
Ansh Sen,Inaya,29,Male,"H.No. 72, Mani Road",Bengaluru Rural,Driver,0,Opportunistic crime,27
Avni Chandra,Kalpit,37,Female,"97, Saini Zila",Hubballi-Dharwad,Delivery Boy,0,Opportunistic crime,40
Samesh Chakraborty,Ekalinga,52,Male,"20, Sarma Marg",Bengaluru Urban,Unemployed,2,Opportunistic crime,44
Vasana Narula,Januja,25,Male,"030, Dutt Road",Kalaburagi,Unemployed,1,Opportunistic crime,48
Kalpit Dar,,52,Female,"80, Baral Path",Kolar,Contractor,2,Opportunistic crime,8
George Bhandari,,38,Female,"H.No. 72, Jayaraman Nagar",Kalaburagi,Delivery Boy,0,Opportunistic crime,2
Priya Gole,,21,Male,"H.No. 55, Chatterjee Ganj",Raichur,Contractor,0,Opportunistic crime,31
Azad Chatterjee,Odika,33,Male,"290, Aggarwal Ganj",Koppal,Delivery Boy,0,Opportunistic crime,7
Akshay Wagle,Pranav,48,Female,"H.No. 02, Sahota Street",Kolar,Contractor,0,Opportunistic crime,37
Simon Warrior,,40,Male,"H.No. 96, Narasimhan Marg",Bidar,Vendor,2,Opportunistic crime,41
Baghyawati Dayal,,55,Male,"65, Ramachandran Zila",Bengaluru Rural,Vendor,0,Opportunistic crime,48
Dhruv Agrawal,,41,Female,"96, Raju Zila",Kolar,Vendor,2,Opportunistic crime,8
Indira Nayar,Veer,23,Male,"412, Dash Ganj",Ballari,Mechanic,0,Opportunistic crime,19
Hiral Madan,Kai,38,Male,"H.No. 36, Sanghvi Road",Tumakuru,Unemployed,0,Opportunistic crime,46
Om Jayaraman,,22,Male,"65/01, Raghavan Chowk",Koppal,Unemployed,0,Opportunistic crime,6
Pratyush Narayan,Zayan,29,Male,"64/636, Ben Road",Vijayapura,Vendor,0,Opportunistic crime,7
Jalsa Mohanty,Harita,33,Male,"H.No. 07, Uppal Street",Hubballi-Dharwad,Driver,0,Opportunistic crime,38
Rehaan Chaudry,Tripti,27,Male,"484, Loke Street",Bengaluru Urban,Vendor,1,Opportunistic crime,25
Lipika Bera,,40,Male,"01/16, Chandran Circle",Mandya,Vendor,0,Opportunistic crime,4
Andrew Jayaraman,,29,Female,"H.No. 075, Roy Zila",Chikkamagaluru,Unemployed,0,Opportunistic crime,1
Sai Wason,Charita,35,Female,"95/309, Anand Path",Koppal,Mechanic,0,Opportunistic crime,9
Warhi Mane,,42,Male,"36, Jhaveri Street",Tumakuru,Mechanic,1,Opportunistic crime,22
Nathaniel Das,Aashi,55,Male,"H.No. 84, Varty Zila",Udupi,Driver,0,Opportunistic crime,17
Fitan Kade,,25,Male,"H.No. 556, Prasad Circle",Bidar,Driver,0,Opportunistic crime,19
Tanish Sane,,38,Female,"79/93, Sahni Chowk",Koppal,Mechanic,1,Opportunistic crime,3
Baljiwan Sundaram,Yashoda,55,Male,"991, Sha Marg",Belagavi,Contractor,0,Opportunistic crime,40
Rachana Hora,,53,Male,"262, Dalal Path",Belagavi,Driver,0,Opportunistic crime,4
Neha Kata,,24,Male,"H.No. 69, Chowdhury Path",Kalaburagi,Laborer,0,Opportunistic crime,22
Qarin Patil,,22,Male,"H.No. 73, Saha Road",Mysuru,Mechanic,0,Opportunistic crime,1
Hitesh Shere,,30,Male,"74/35, Prakash Street",Bengaluru Rural,Delivery Boy,0,Opportunistic crime,0
Vasudha Kata,Osha,25,Male,"18, D’Alia Marg",Bidar,Mechanic,0,Opportunistic crime,33
Tanish Bera,,26,Male,"H.No. 169, Khalsa",Shivamogga,Vendor,0,Opportunistic crime,39
Elijah Keer,Timothy,55,Male,"758, Shetty Chowk",Belagavi,Unemployed,1,Opportunistic crime,15
Vasatika Parsa,,48,Male,"50/332, Bhakta Marg",Koppal,Unemployed,0,Opportunistic crime,41
Vyanjana Baria,Shaurya,29,Male,"28/602, Sharma Ganj",Koppal,Laborer,0,Opportunistic crime,42
Mitali Thaman,Xavier,18,Female,"44/41, Gill Street",Vijayapura,Delivery Boy,0,Opportunistic crime,3
Ekiya Bala,,53,Male,"924, Padmanabhan Ganj",Hubballi-Dharwad,Contractor,1,Opportunistic crime,34
Baljiwan Mall,Jagvi,54,Male,"54, Vora Marg",Vijayapura,Mechanic,0,Opportunistic crime,14
Rushil Barman,,49,Female,"H.No. 014, Babu Road",Bengaluru Urban,Delivery Boy,0,Opportunistic crime,18
Faras Rattan,,21,Male,"H.No. 05, Khanna Zila",Raichur,Mechanic,0,Opportunistic crime,6
Yadavi Rama,,34,Male,"96, Sinha Zila",Kalaburagi,Unemployed,1,Opportunistic crime,6
Akshay Raghavan,Nidhi,29,Male,"902, Chauhan Chowk",Koppal,Unemployed,0,Opportunistic crime,4
Fiyaz Kara,Jagdish,21,Male,"H.No. 262, Ranganathan Nagar",Udupi,Unemployed,2,Opportunistic crime,43
Sai Yogi,,29,Male,"H.No. 291, Prabhu Path",Belagavi,Mechanic,0,Opportunistic crime,16
Frado Nagi,,22,Male,"47/79, Badal",Raichur,Delivery Boy,0,Opportunistic crime,47
Vansha Sarraf,,54,Male,"21, Borra Zila",Chikkamagaluru,Delivery Boy,2,Opportunistic crime,31
Nidhi Pathak,,50,Male,"928, Parmar Chowk",Hassan,Unemployed,1,Opportunistic crime,17
Balveer Dugar,Gunbir,52,Male,"H.No. 667, Char Chowk",Bengaluru Urban,Driver,0,Opportunistic crime,25
Jatin Bumb,Yashawini,35,Male,"04/89, Saran Circle",Raichur,Vendor,0,Opportunistic crime,45
Pratyush Brahmbhatt,,24,Male,"28, Srinivasan Road",Bidar,Delivery Boy,1,Opportunistic crime,0
Tanmayi Chakraborty,,37,Female,"37, Shukla Marg",Mangaluru (Dakshina Kannada),Delivery Boy,1,Opportunistic crime,16
Waida Doctor,,18,Male,"75/89, Ray Street",Kalaburagi,Vendor,0,Opportunistic crime,29
Maanas Sahni,,33,Female,"H.No. 06, Prabhakar Nagar",Udupi,Laborer,0,Opportunistic crime,30
Fitan Bir,,38,Female,"H.No. 481, Kadakia Chowk",Mysuru,Unemployed,0,Opportunistic crime,36
Ranveer Barad,,49,Male,"68/46, Kamdar Marg",Shivamogga,Mechanic,0,Opportunistic crime,38
Robert Gara,,47,Male,"03, Natt Path",Hassan,Contractor,0,Opportunistic crime,25
Bina Ramesh,,55,Male,"71, Lala Circle",Chikkamagaluru,Contractor,0,Opportunistic crime,38
Ishani Chaudhry,,22,Male,"458, Anne Street",Mysuru,Laborer,0,Opportunistic crime,3
Divya Dutt,,20,Male,"H.No. 634, Mukherjee Chowk",Shivamogga,Mechanic,2,Opportunistic crime,12
Yauvani Dhawan,Ikbal,25,Male,"20/07, Sandhu Path",Shivamogga,Laborer,0,Opportunistic crime,35
Chandresh Kant,,34,Male,"83/29, Puri Circle",Belagavi,Delivery Boy,0,Opportunistic crime,7
Yadavi Mani,,40,Male,"46, Nath Street",Bengaluru Rural,Contractor,1,Opportunistic crime,4
Amol Balay,,47,Male,"54, Chauhan Circle",Bengaluru Urban,Unemployed,2,Opportunistic crime,27
Logan Rajan,,32,Male,"28/92, Thakkar Ganj",Bengaluru Rural,Laborer,0,Opportunistic crime,43
Oliver Sarna,,45,Male,"H.No. 356, Kala Nagar",Tumakuru,Mechanic,0,Opportunistic crime,11
Balendra Nagy,,37,Male,"73/031, Varghese Ganj",Mandya,Driver,0,Opportunistic crime,12
Faris Dua,,48,Male,"75, Saraf Circle",Mysuru,Unemployed,0,Opportunistic crime,27
Rudra Dasgupta,Umang,44,Male,"H.No. 41, Prabhu Nagar",Mandya,Delivery Boy,0,Opportunistic crime,3
Mason Sur,,46,Male,"998, Nagy Path",Shivamogga,Contractor,0,Opportunistic crime,10
Manan Bava,Guneet,23,Female,"548, Bera Marg",Ballari,Driver,0,Opportunistic crime,2
Gautami Dixit,,30,Male,"H.No. 39, Minhas Circle",Ballari,Mechanic,0,Opportunistic crime,29
Ishwar Halder,,38,Male,"61/87, Cherian Circle",Tumakuru,Laborer,1,Opportunistic crime,12
Yashoda Khalsa,Falguni,35,Male,"10, Chadha Circle",Shivamogga,Vendor,0,Opportunistic crime,6
Victor Baral,Frado,49,Male,"32/35, Chander Path",Bidar,Laborer,1,Opportunistic crime,30
Alexander Dubey,,49,Female,"H.No. 428, Rajan Path",Davangere,Laborer,0,Opportunistic crime,9
Isaac Kapur,,22,Male,"79/924, Pai Street",Belagavi,Laborer,0,Opportunistic crime,41
Watika Brar,,40,Male,"H.No. 207, Tailor Ganj",Koppal,Unemployed,2,Opportunistic crime,4
Tara Kothari,,23,Male,"260, Prabhakar Marg",Shivamogga,Unemployed,0,Opportunistic crime,0
Fariq Behl,,51,Male,"68/318, Kaur Ganj",Bengaluru Rural,Vendor,0,Opportunistic crime,44
Upkaar Dada,,51,Male,"H.No. 65, Narasimhan Path",Davangere,Driver,0,Opportunistic crime,50
Warinder Kohli,,47,Male,"83/506, Dada Ganj",Ballari,Contractor,0,Opportunistic crime,27
Baljiwan Iyengar,,22,Male,"H.No. 924, Dixit Ganj",Kolar,Contractor,0,Opportunistic crime,38
Ronith Kumar,Fiyaz,54,Male,"46/190, Venkatesh Marg",Koppal,Vendor,0,Opportunistic crime,0
Theodore Rau,Balendra,51,Male,"80, Zachariah Chowk",Tumakuru,Vendor,1,Opportunistic crime,49
Wyatt Chada,,53,Male,"H.No. 499, Ramakrishnan Nagar",Vijayapura,Contractor,0,Opportunistic crime,15
Dalaja Saini,Qarin,24,Male,"00/288, Chowdhury Nagar",Vijayapura,Driver,1,Opportunistic crime,16
Amol Nadig,,49,Male,"77/955, Behl Circle",Bengaluru Rural,Unemployed,0,Opportunistic crime,35
Chatura Sankar,,53,Female,"377, Singhal",Bidar,Laborer,0,Opportunistic crime,17
Aarav Shanker,Laksh,31,Female,"06, Varty Nagar",Kalaburagi,Mechanic,0,Opportunistic crime,15
Arin Dar,,40,Male,"50, Gara Nagar",Kolar,Mechanic,1,Opportunistic crime,37
Bahadurjit Bahl,,49,Female,"H.No. 044, Subramanian Circle",Udupi,Driver,0,Opportunistic crime,7
Rayaan Joshi,Ria,33,Male,"732, Subramanian Marg",Vijayapura,Driver,0,Opportunistic crime,22
Yahvi Batta,,22,Male,"H.No. 28, Pau Marg",Bengaluru Urban,Unemployed,0,Opportunistic crime,46
Om Bala,Forum,37,Male,"96/650, Suri Chowk",Shivamogga,Laborer,1,Opportunistic crime,22
Hema Kant,Nitara,25,Female,"H.No. 94, Mittal Path",Udupi,Unemployed,1,Opportunistic crime,12
Liam Kata,,38,Male,"11/85, Wadhwa Marg",Shivamogga,Vendor,0,Opportunistic crime,46
Panini Amble,,35,Female,"54/19, Ghosh Path",Belagavi,Contractor,0,Opportunistic crime,7
Vasana De,,22,Male,"988, Gade Road",Shivamogga,Unemployed,0,Opportunistic crime,23
Vincent Kalita,,45,Male,"16/745, Atwal Circle",Bengaluru Rural,Unemployed,0,Opportunistic crime,32
Om Muni,Laksh,27,Female,"80, Chaudhuri",Kalaburagi,Unemployed,0,Opportunistic crime,3
Kiaan Grover,,38,Female,"H.No. 337, Sridhar Path",Vijayapura,Contractor,2,Opportunistic crime,13
Champak Ramanathan,,44,Female,"H.No. 434, Golla Path",Bengaluru Rural,Delivery Boy,0,Opportunistic crime,22
Shravya Gala,,38,Male,"57, Jayaraman Street",Bidar,Driver,1,Opportunistic crime,5
Ekiya De,,54,Male,"H.No. 271, Madan Marg",Koppal,Driver,0,Opportunistic crime,37
Anmol Handa,Inaya,27,Male,"557, Dar Path",Tumakuru,Driver,0,Opportunistic crime,5
Samar Lata,,26,Male,"784, Rattan",Bidar,Unemployed,0,Opportunistic crime,18
Arjun Kapur,,28,Male,"H.No. 96, Sachar Chowk",Udupi,Driver,0,Opportunistic crime,31
Sanaya Agarwal,,36,Male,"00/736, Ray Road",Koppal,Driver,2,Opportunistic crime,32
Ayush Nath,,45,Male,"H.No. 343, D’Alia Marg",Vijayapura,Mechanic,0,Opportunistic crime,19
Samesh Deol,,23,Male,"35, Sen Path",Chikkamagaluru,Unemployed,1,Opportunistic crime,38
Bina Dhillon,,53,Male,"H.No. 93, Murty Circle",Vijayapura,Delivery Boy,0,Opportunistic crime,4
Rachita Walia,Jacob,53,Male,"H.No. 045, Ramaswamy Path",Mangaluru (Dakshina Kannada),Driver,0,Opportunistic crime,11
Ayush Dube,,36,Male,"86/622, Ganguly Road",Koppal,Delivery Boy,0,Opportunistic crime,12
Chandran Gala,Upadhriti,32,Male,"64/195, Gopal",Raichur,Driver,0,Opportunistic crime,5
Fitan Basak,,22,Female,"H.No. 95, Bala Marg",Kolar,Contractor,0,Opportunistic crime,47
Urmi Desai,,37,Male,"23/709, Dara Nagar",Vijayapura,Laborer,0,Opportunistic crime,45
Dhruv Sane,Veda,30,Male,"38/93, Dalal Circle",Udupi,Vendor,0,Opportunistic crime,35
Rayaan Gandhi,,34,Female,"79/70, Varty Path",Bengaluru Rural,Driver,0,Opportunistic crime,11
Vrishti Soman,,38,Female,"00, Vora Road",Bidar,Driver,0,Opportunistic crime,17
Turvi Chatterjee,Adya,53,Male,"315, Raghavan Circle",Koppal,Driver,0,Opportunistic crime,16
Jai Sheth,,53,Female,"H.No. 06, Sethi Chowk",Raichur,Unemployed,0,Opportunistic crime,50
Zilmil Garde,,44,Female,"76, Yadav",Koppal,Laborer,0,Opportunistic crime,39
Ekbal Sem,Sneha,29,Female,"864, Sani Nagar",Hubballi-Dharwad,Unemployed,0,Opportunistic crime,36
Ishwar Lata,,34,Male,"214, Deep",Mandya,Laborer,1,Opportunistic crime,19
Vedant Palla,Chandresh,50,Male,"03, Madan Circle",Bengaluru Urban,Driver,1,Opportunistic crime,22
Faras Mody,,55,Male,"18/105, Nadkarni Circle",Bidar,Mechanic,0,Opportunistic crime,41
Vihaan Lad,Garima,34,Male,"H.No. 536, Srinivasan Circle",Ballari,Driver,0,Opportunistic crime,6
Pranit Bail,,28,Female,"43, Sabharwal Nagar",Bidar,Vendor,0,Opportunistic crime,32
Girindra Uppal,Ranbir,20,Male,"24/56, Naidu Nagar",Udupi,Laborer,0,Opportunistic crime,24
Hemang Dani,,42,Male,"H.No. 30, Bahri Road",Ballari,Contractor,1,Opportunistic crime,44
Dayamai More,Isaiah,42,Male,"H.No. 04, Bobal Chowk",Bengaluru Urban,Vendor,0,Opportunistic crime,1
Noah Lanka,Vyanjana,46,Male,"H.No. 673, Devi Zila",Belagavi,Vendor,0,Opportunistic crime,5
Shivansh Kala,,36,Male,"44, Radhakrishnan Road",Bengaluru Rural,Contractor,0,Opportunistic crime,6
Nitesh Setty,,30,Male,"H.No. 226, Kohli Ganj",Ballari,Driver,1,Opportunistic crime,32
Manan Sha,,32,Male,"24, Kadakia Ganj",Raichur,Delivery Boy,0,Opportunistic crime,36
Raagini Tiwari,,55,Female,"61/23, Bahri",Hubballi-Dharwad,Laborer,0,Opportunistic crime,18
Charles Bahri,,30,Female,"92/49, Chokshi Path",Mangaluru (Dakshina Kannada),Delivery Boy,1,Opportunistic crime,47
Jack Thaman,Hredhaan,42,Male,"78/104, Sharma Ganj",Bidar,Mechanic,0,Opportunistic crime,0
Chatura Kota,Forum,33,Male,"H.No. 86, Maharaj Marg",Mangaluru (Dakshina Kannada),Vendor,2,Opportunistic crime,20
Peter Kunda,,28,Female,"H.No. 15, Lal Zila",Davangere,Contractor,0,Opportunistic crime,10
Kritika Edwin,,47,Male,"44/18, Bahl",Hubballi-Dharwad,Delivery Boy,0,Opportunistic crime,24
Rachit Bandi,,36,Female,"43, Wason Zila",Chikkamagaluru,Driver,0,Opportunistic crime,31
Arya Bose,,48,Male,"H.No. 952, Khare Circle",Belagavi,Mechanic,0,Opportunistic crime,48
Faras Gandhi,,41,Male,"12, Yohannan Zila",Udupi,Contractor,0,Opportunistic crime,15
Aadi Khalsa,,51,Female,"76/794, Mand Chowk",Shivamogga,Unemployed,0,Opportunistic crime,17
Zaid De,Max,26,Female,"H.No. 655, Ranganathan Zila",Bidar,Delivery Boy,1,Opportunistic crime,7
Girindra Banik,,39,Male,"09/22, Mutti",Mysuru,Delivery Boy,0,Opportunistic crime,37
Liam Bhagat,,19,Male,"49/36, Kota Zila",Koppal,Driver,0,Opportunistic crime,47
Anjali Saraf,,55,Male,"37/57, Choudhry Path",Davangere,Laborer,1,Opportunistic crime,49
Dhriti Randhawa,,49,Female,"49, Nanda Zila",Hubballi-Dharwad,Driver,0,Opportunistic crime,17
Balhaar Sood,,21,Male,"H.No. 606, Sachdeva Nagar",Hassan,Vendor,0,Opportunistic crime,45
Yug Rege,Mahika,51,Male,"H.No. 111, Wali Marg",Bengaluru Rural,Laborer,2,Opportunistic crime,14
Falan Venkataraman,Gabriel,47,Female,"H.No. 26, Gala Nagar",Tumakuru,Mechanic,0,Opportunistic crime,1
Advika Ahluwalia,Wridesh,29,Male,"H.No. 151, Keer Circle",Bengaluru Urban,Contractor,0,Opportunistic crime,27
Jeet Dutt,,19,Male,"57/034, Vohra Path",Kolar,Vendor,0,Opportunistic crime,4
Xavier Cheema,Gaurang,22,Male,"48/475, Ramanathan Street",Tumakuru,Delivery Boy,0,Opportunistic crime,5
Jacob Murty,Riya,24,Male,"H.No. 297, Chadha Street",Ballari,Vendor,1,Opportunistic crime,7
Max Gola,,25,Female,"05/66, Chaudhry Ganj",Chikkamagaluru,Driver,2,Opportunistic crime,8
Ishaan Ramesh,Ishaan,48,Male,"50/99, Pant Road",Raichur,Unemployed,0,Opportunistic crime,14
Akshay Sekhon,Brinda,52,Male,"139, Kumer Circle",Hubballi-Dharwad,Delivery Boy,0,Opportunistic crime,47
Anita Sem,,41,Female,"55, Gopal Road",Davangere,Mechanic,0,Opportunistic crime,47
Jack Sanghvi,,45,Male,"652, Jaggi Ganj",Kolar,Mechanic,0,Opportunistic crime,2
Chanakya Nanda,Naksh,50,Male,"H.No. 14, Nath Road",Tumakuru,Vendor,0,Opportunistic crime,44
Samar Shankar,,36,Male,"59/058, Bhasin Chowk",Bengaluru Rural,Contractor,2,Opportunistic crime,18
Peter Char,,27,Female,"25/161, Mangat Nagar",Koppal,Driver,0,Opportunistic crime,7
Azaan Acharya,,40,Male,"47, Sharma Nagar",Bengaluru Rural,Vendor,2,Opportunistic crime,38
Upkaar Ahluwalia,,27,Male,"15/694, Deol Ganj",Koppal,Vendor,0,Opportunistic crime,11
Siddharth Wali,,51,Female,"34/796, Nazareth Marg",Koppal,Unemployed,0,Opportunistic crime,37
Benjamin Chaudry,,35,Female,"31/866, Dash Marg",Kolar,Unemployed,0,Opportunistic crime,21
Ranbir Malhotra,Avni,35,Female,"52/508, Ganguly",Hassan,Delivery Boy,1,Opportunistic crime,11
Qasim Pillai,,35,Male,"H.No. 76, Gokhale Circle",Shivamogga,Unemployed,0,Opportunistic crime,9
Ekapad Choudhury,,32,Male,"20, Balakrishnan Road",Tumakuru,Vendor,0,Opportunistic crime,5
George Dixit,,43,Male,"H.No. 96, Bedi Path",Hubballi-Dharwad,Contractor,1,Opportunistic crime,9
Logan Mander,,55,Male,"H.No. 736, Sengupta",Mysuru,Mechanic,0,Opportunistic crime,44
Veer Varughese,,20,Male,"H.No. 88, Varma Zila",Hassan,Laborer,0,Opportunistic crime,26
Jairaj Goel,,19,Female,"H.No. 079, Sharma Street",Bidar,Vendor,0,Opportunistic crime,19
Onveer Gole,,35,Male,"42/445, Char Chowk",Davangere,Unemployed,0,Opportunistic crime,42
Chandani Parmer,Finn,28,Female,"07/61, Bora Circle",Hubballi-Dharwad,Mechanic,1,Opportunistic crime,8
Nirja Bawa,,24,Male,"581, Mohanty Chowk",Bidar,Vendor,0,Opportunistic crime,37
Warjas Narasimhan,,33,Male,"81, Varkey Road",Kolar,Delivery Boy,0,Opportunistic crime,22
Arjun Yadav,,38,Male,"H.No. 17, Modi",Davangere,Mechanic,0,Opportunistic crime,5
Sarthak Parekh,,54,Male,"036, Upadhyay Nagar",Vijayapura,Mechanic,0,Opportunistic crime,32
Balhaar Bassi,,45,Male,"H.No. 695, Kumer Chowk",Kolar,Vendor,0,Opportunistic crime,2
Faras Tank,,41,Male,"84/72, Sachdev Path",Vijayapura,Driver,0,Opportunistic crime,34
Dominic Murthy,,44,Male,"65, Das Zila",Davangere,Mechanic,0,Opportunistic crime,47
Chakradhar Kothari,Laksh,54,Female,"H.No. 63, Pal Ganj",Bengaluru Urban,Laborer,1,Opportunistic crime,13
Bishakha Apte,Nikita,46,Male,"H.No. 590, Yadav Marg",Bengaluru Urban,Vendor,0,Opportunistic crime,39
Advaith Mall,,28,Male,"12, Nayar Ganj",Davangere,Contractor,0,Opportunistic crime,29
Ishaan Ray,,18,Male,"H.No. 797, Mahajan Ganj",Bengaluru Rural,Laborer,1,Opportunistic crime,33
Charan Sankar,,51,Female,"31/91, Malhotra Path",Shivamogga,Driver,0,Opportunistic crime,18
Vincent Prasad,,44,Male,"H.No. 565, Garg Ganj",Bengaluru Urban,Mechanic,0,Opportunistic crime,24
Falan Kara,,30,Male,"31, Ghose Street",Kolar,Vendor,0,Opportunistic crime,6
Luke Mangat,,45,Female,"H.No. 75, Lala Circle",Hassan,Delivery Boy,0,Opportunistic crime,24
Yadavi Madan,,46,Female,"H.No. 21, Kalla Circle",Bengaluru Urban,Vendor,0,Opportunistic crime,48
Zayan Balay,,52,Male,"43, Kapur Nagar",Mysuru,Vendor,0,Opportunistic crime,7
Tamanna Khare,,24,Male,"89/82, Kant Nagar",Bengaluru Rural,Mechanic,0,Opportunistic crime,8
Kiaan Tank,,33,Male,"81/938, Mand Zila",Bengaluru Urban,Unemployed,0,Opportunistic crime,30
Girik Raman,,25,Male,"11/305, Lad Road",Bengaluru Rural,Mechanic,0,Opportunistic crime,34
