external_id,name,type,lat,lng,district_name,junction_name,has_anpr,has_face_recog,is_active,coverage_radius_m
MC-P-0044,MCCTNS Camera BTM Layout 44,MCCTNS_Private,12.916131,77.609266,South Bengaluru,BTM Layout,false,false,false,20
MC-P-0081,MCCTNS Camera Rajajinagar 81,MCCTNS_Private,12.995411,77.548107,Bengaluru Urban,,false,false,true,20
MC-R-0017,MCCTNS Camera BTM Layout 17,MCCTNS_RWA,12.922685,77.605975,South Bengaluru,,false,false,true,20
MC-R-0200,MCCTNS Camera Malleshwaram 200,MCCTNS_RWA,12.99951,77.568363,Central Bengaluru,Malleshwaram,false,false,true,20
MC-P-0627,MCCTNS Camera Banashankari 627,MCCTNS_Private,12.920007,77.549774,South Bengaluru,,false,false,true,20
BATCS-0049,Traffic Signal Camera 49,BATCS,13.00427,77.553683,North Bengaluru,Rajajinagar,true,false,true,80
MC-C-0216,MCCTNS Camera Rajajinagar 216,MCCTNS_Commercial,12.998706,77.558066,Central Bengaluru,Rajajinagar,false,false,true,20
MC-P-0285,MCCTNS Camera JP Nagar 285,MCCTNS_Private,12.912615,77.583581,South Bengaluru,JP Nagar,false,false,true,20
SC-0159,Safe City Camera 159,Safe_City,13.037942,77.52234,North Bengaluru,,true,true,true,50
MC-P-0093,MCCTNS Camera JP Nagar 93,MCCTNS_Private,12.918255,77.590498,South Bengaluru,,false,false,true,20
SC-0138,Safe City Camera 138,Safe_City,13.00383,77.549935,North Bengaluru,,true,true,true,50
BATCS-0117,Traffic Signal Camera 117,BATCS,12.916386,77.615211,South Bengaluru,BTM Layout,true,false,true,80
BATCS-0007,Traffic Signal Camera 7,BATCS,12.924011,77.651787,South Bengaluru,,true,false,true,80
MC-P-0182,MCCTNS Camera Manyata Tech Park 182,MCCTNS_Private,13.042083,77.606336,North Bengaluru,,false,false,true,20
BATCS-0023,Traffic Signal Camera 23,BATCS,12.923609,77.573693,South Bengaluru,,true,false,true,80
MC-P-0156,MCCTNS Camera Electronic City 156,MCCTNS_Private,12.85,77.676494,Bengaluru Urban,,false,false,true,20
MC-P-0404,MCCTNS Camera Whitefield 404,MCCTNS_Private,12.963811,77.7,East Bengaluru,Marathahalli Bridge,false,false,true,20
MC-R-0249,MCCTNS Camera Jayanagar 249,MCCTNS_RWA,12.92739,77.590926,South Bengaluru,Jayanagar,false,false,true,20
MC-P-0425,MCCTNS Camera Electronic City 425,MCCTNS_Private,12.85,77.664677,Bengaluru Urban,,false,false,true,20
MC-P-0149,MCCTNS Camera Whitefield 149,MCCTNS_Private,12.97909,77.7,Bengaluru Urban,,false,false,true,20
MC-P-0530,MCCTNS Camera Banashankari 530,MCCTNS_Private,12.916133,77.543242,South Bengaluru,,false,false,true,20
MC-P-0127,MCCTNS Camera JP Nagar 127,MCCTNS_Private,12.914183,77.587905,South Bengaluru,JP Nagar,false,false,true,20
BATCS-0173,Traffic Signal Camera 173,BATCS,12.894303,77.636654,Bengaluru Urban,,true,false,true,80
MC-P-0062,MCCTNS Camera Whitefield 62,MCCTNS_Private,12.953865,77.7,East Bengaluru,Marathahalli Bridge,false,false,true,20
MC-P-0494,MCCTNS Camera BTM Layout 494,MCCTNS_Private,12.918227,77.609887,South Bengaluru,BTM Layout,false,false,true,20
SC-0003,Safe City Camera 3,Safe_City,12.90589,77.595152,South Bengaluru,,true,true,true,50
MC-P-0636,MCCTNS Camera Rajajinagar 636,MCCTNS_Private,13.005769,77.560599,North Bengaluru,,false,false,true,20
BATCS-0292,Traffic Signal Camera 292,BATCS,12.986239,77.588747,Central Bengaluru,,true,false,true,80
MC-R-0255,MCCTNS Camera Jayanagar 255,MCCTNS_RWA,12.922699,77.580435,South Bengaluru,Jayanagar,false,false,true,20
MC-R-0126,MCCTNS Camera Malleshwaram 126,MCCTNS_RWA,13.012534,77.578517,North Bengaluru,,false,false,true,20
MC-P-0532,MCCTNS Camera BTM Layout 532,MCCTNS_Private,12.899225,77.608112,Bengaluru Urban,,false,false,true,20
MC-P-0074,MCCTNS Camera Whitefield 74,MCCTNS_Private,12.971093,77.7,Bengaluru Urban,,false,false,true,20
MC-R-0309,MCCTNS Camera BTM Layout 309,MCCTNS_RWA,12.929153,77.622941,South Bengaluru,Koramangala 5th Block,false,false,true,20
SC-0268,Safe City Camera 268 - Silk Board,Safe_City,12.917159,77.621282,South Bengaluru,Silk Board,true,true,true,50
BATCS-0035,Traffic Signal Camera 35,BATCS,13.025785,77.520755,North Bengaluru,,true,false,true,80
MC-R-0173,MCCTNS Camera Commercial Street 173,MCCTNS_RWA,12.986151,77.611815,Central Bengaluru,Commercial Street,false,false,true,20
MC-R-0191,MCCTNS Camera Manyata Tech Park 191,MCCTNS_RWA,13.047578,77.618724,North Bengaluru,Manyata Tech Park,false,false,true,20
MC-P-0071,MCCTNS Camera Jayanagar 71,MCCTNS_Private,12.928203,77.583801,South Bengaluru,Jayanagar,false,false,true,20
MC-P-0519,MCCTNS Camera Manyata Tech Park 519,MCCTNS_Private,13.047043,77.622114,North Bengaluru,Manyata Tech Park,false,false,true,20
MC-C-0117,MCCTNS Camera BTM Layout 117,MCCTNS_Commercial,12.921048,77.60199,South Bengaluru,,false,false,true,20
MC-R-0266,MCCTNS Camera Jayanagar 266,MCCTNS_RWA,12.937385,77.599076,Bengaluru Urban,,false,false,true,20
MC-R-0362,MCCTNS Camera JP Nagar 362,MCCTNS_RWA,12.909695,77.584165,South Bengaluru,JP Nagar,false,false,true,20
MC-R-0321,MCCTNS Camera Malleshwaram 321,MCCTNS_RWA,13.016685,77.56515,North Bengaluru,,false,false,true,20
MC-C-0250,MCCTNS Camera Banashankari 250,MCCTNS_Commercial,12.924545,77.539566,South Bengaluru,Banashankari,false,false,true,20
MC-R-0196,MCCTNS Camera Electronic City 196,MCCTNS_RWA,12.85,77.676951,Bengaluru Urban,,false,false,true,20
MC-R-0058,MCCTNS Camera JP Nagar 58,MCCTNS_RWA,12.908163,77.582335,South Bengaluru,JP Nagar,false,false,true,20
SC-0065,Safe City Camera 65,Safe_City,12.974829,77.577418,Central Bengaluru,,true,true,true,50
SC-0239,Safe City Camera 239,Safe_City,12.987089,77.619354,Central Bengaluru,,true,true,true,50
MC-R-0348,MCCTNS Camera Manyata Tech Park 348,MCCTNS_RWA,13.046954,77.620224,North Bengaluru,Manyata Tech Park,false,false,true,20
MC-C-0160,MCCTNS Camera Commercial Street 160,MCCTNS_Commercial,12.971422,77.615372,Central Bengaluru,MG Road,false,false,true,20
MC-P-0614,MCCTNS Camera JP Nagar 614,MCCTNS_Private,12.91197,77.577618,South Bengaluru,,false,false,true,20
SC-0232,Safe City Camera 232,Safe_City,12.917161,77.596238,South Bengaluru,,true,true,true,50
MC-R-0186,MCCTNS Camera Commercial Street 186,MCCTNS_RWA,12.978353,77.598123,Central Bengaluru,,false,false,true,20
MC-P-0217,MCCTNS Camera JP Nagar 217,MCCTNS_Private,12.909082,77.584634,South Bengaluru,JP Nagar,false,false,true,20
MC-P-0402,MCCTNS Camera JP Nagar 402,MCCTNS_Private,12.910957,77.583168,South Bengaluru,JP Nagar,false,false,true,20
MC-C-0158,MCCTNS Camera Electronic City 158,MCCTNS_Commercial,12.85,77.683941,Bengaluru Urban,,false,false,true,20
MC-P-0493,MCCTNS Camera Whitefield 493,MCCTNS_Private,12.969373,77.7,East Bengaluru,,false,false,true,20
MC-C-0146,MCCTNS Camera JP Nagar 146,MCCTNS_Commercial,12.918727,77.578008,South Bengaluru,,false,false,true,20
MC-R-0304,MCCTNS Camera Malleshwaram 304,MCCTNS_RWA,13.009677,77.574545,North Bengaluru,Malleshwaram,false,false,true,20
SC-0120,Safe City Camera 120,Safe_City,12.929945,77.574743,South Bengaluru,,true,true,true,50
SC-0004,Safe City Camera 4,Safe_City,13.004501,77.553471,North Bengaluru,Rajajinagar,true,true,true,50
BATCS-0128,Traffic Signal Camera 128,BATCS,12.960536,77.504394,Bengaluru Urban,,true,false,true,80
MC-C-0048,MCCTNS Camera Whitefield 48,MCCTNS_Commercial,12.96209,77.7,East Bengaluru,Marathahalli Bridge,false,false,true,20
MC-P-0480,MCCTNS Camera Manyata Tech Park 480,MCCTNS_Private,13.047825,77.622403,North Bengaluru,Manyata Tech Park,false,false,true,20
MC-C-0197,MCCTNS Camera Malleshwaram 197,MCCTNS_Commercial,13.003128,77.568272,North Bengaluru,Malleshwaram,false,false,true,20
MC-P-0612,MCCTNS Camera Commercial Street 612,MCCTNS_Private,12.980622,77.61002,Central Bengaluru,Commercial Street,false,false,true,20
MC-R-0199,MCCTNS Camera BTM Layout 199,MCCTNS_RWA,12.922225,77.618744,South Bengaluru,Silk Board,false,false,true,20
SC-0280,Safe City Camera 280 - HSR Layout,Safe_City,12.911771,77.636651,South Bengaluru,HSR Layout,true,true,true,50
MC-R-0075,MCCTNS Camera JP Nagar 75,MCCTNS_RWA,12.906307,77.600753,South Bengaluru,,false,false,true,20
MC-P-0573,MCCTNS Camera Whitefield 573,MCCTNS_Private,12.969927,77.7,East Bengaluru,,false,false,true,20
MC-P-0597,MCCTNS Camera Jayanagar 597,MCCTNS_Private,12.91688,77.582119,South Bengaluru,,false,false,true,20
MC-R-0170,MCCTNS Camera BTM Layout 170,MCCTNS_RWA,12.911099,77.602608,South Bengaluru,,false,false,true,20
MC-P-0316,MCCTNS Camera Banashankari 316,MCCTNS_Private,12.923402,77.538012,South Bengaluru,,false,false,true,20
SC-0087,Safe City Camera 87,Safe_City,12.963463,77.642042,East Bengaluru,,true,true,true,50
MC-R-0252,MCCTNS Camera Commercial Street 252,MCCTNS_RWA,12.988486,77.609449,Central Bengaluru,Commercial Street,false,false,true,20
SC-0079,Safe City Camera 79,Safe_City,12.94811,77.575263,Bengaluru Urban,,true,true,true,50
MC-R-0073,MCCTNS Camera JP Nagar 73,MCCTNS_RWA,12.926401,77.585094,South Bengaluru,Jayanagar,false,false,true,20
MC-P-0560,MCCTNS Camera Jayanagar 560,MCCTNS_Private,12.936886,77.588566,Bengaluru Urban,,false,false,true,20
MC-R-0026,MCCTNS Camera JP Nagar 26,MCCTNS_RWA,12.913551,77.584543,South Bengaluru,JP Nagar,false,false,true,20
MC-P-0132,MCCTNS Camera BTM Layout 132,MCCTNS_Private,12.905179,77.615881,South Bengaluru,,false,false,true,20
MC-P-0315,MCCTNS Camera Electronic City 315,MCCTNS_Private,12.85,77.674446,Bengaluru Urban,,false,false,true,20
MC-P-0338,MCCTNS Camera Electronic City 338,MCCTNS_Private,12.851228,77.673003,Bengaluru Urban,,false,false,false,20
MC-C-0090,MCCTNS Camera Whitefield 90,MCCTNS_Commercial,12.964214,77.7,East Bengaluru,Marathahalli Bridge,false,false,false,20
MC-C-0247,MCCTNS Camera BTM Layout 247,MCCTNS_Commercial,12.919648,77.608281,South Bengaluru,BTM Layout,false,false,true,20
MC-C-0156,MCCTNS Camera Electronic City 156,MCCTNS_Commercial,12.85,77.689267,Bengaluru Urban,,false,false,true,20
MC-P-0412,MCCTNS Camera Whitefield 412,MCCTNS_Private,12.973627,77.7,Bengaluru Urban,,false,false,true,20
BATCS-0188,Traffic Signal Camera 188,BATCS,12.937034,77.601587,East Bengaluru,,true,false,true,80
MC-P-0313,MCCTNS Camera Whitefield 313,MCCTNS_Private,12.961832,77.7,East Bengaluru,Marathahalli Bridge,false,false,true,20
MC-R-0055,MCCTNS Camera Banashankari 55,MCCTNS_RWA,12.915562,77.5523,South Bengaluru,,false,false,true,20
MC-P-0161,MCCTNS Camera Manyata Tech Park 161,MCCTNS_Private,13.042912,77.607827,North Bengaluru,,false,false,true,20
SC-0057,Safe City Camera 57,Safe_City,13.009754,77.590571,North Bengaluru,,true,true,false,50
MC-P-0618,MCCTNS Camera Whitefield 618,MCCTNS_Private,12.966122,77.7,East Bengaluru,Marathahalli Bridge,false,false,true,20
BATCS-0195,Traffic Signal Camera 195,BATCS,12.890316,77.564256,Bengaluru Urban,,true,false,true,80
MC-R-0331,MCCTNS Camera Malleshwaram 331,MCCTNS_RWA,13.003621,77.571008,North Bengaluru,Malleshwaram,false,false,true,20
MC-P-0368,MCCTNS Camera Banashankari 368,MCCTNS_Private,12.926608,77.550354,South Bengaluru,Banashankari,false,false,true,20
MC-C-0036,MCCTNS Camera Electronic City 36,MCCTNS_Commercial,12.851055,77.679561,Bengaluru Urban,,false,false,true,20
MC-P-0357,MCCTNS Camera BTM Layout 357,MCCTNS_Private,12.911445,77.607597,South Bengaluru,BTM Layout,false,false,true,20
BATCS-0399,Traffic Signal Camera 399,BATCS,13.010119,77.59065,North Bengaluru,,true,false,true,80
SC-0288,Safe City Camera 288 - Hebbal Flyover,Safe_City,13.036615,77.597825,North Bengaluru,Hebbal Flyover,true,true,true,50
MC-P-0045,MCCTNS Camera Jayanagar 45,MCCTNS_Private,12.932496,77.582926,Bengaluru Urban,Jayanagar,false,false,true,20
BATCS-0055,Traffic Signal Camera 55,BATCS,12.965443,77.618857,East Bengaluru,,true,false,true,80
MC-P-0125,MCCTNS Camera Jayanagar 125,MCCTNS_Private,12.930395,77.58864,Bengaluru Urban,Jayanagar,false,false,true,20
BATCS-0177,Traffic Signal Camera 177,BATCS,12.967083,77.611566,East Bengaluru,,true,false,true,80
SC-0021,Safe City Camera 21,Safe_City,12.958606,77.573843,Bengaluru Urban,,true,true,true,50
MC-R-0061,MCCTNS Camera Rajajinagar 61,MCCTNS_RWA,12.992631,77.54995,Bengaluru Urban,,false,false,true,20
MC-P-0400,MCCTNS Camera JP Nagar 400,MCCTNS_Private,12.912997,77.572962,South Bengaluru,,false,false,true,20
MC-P-0435,MCCTNS Camera Banashankari 435,MCCTNS_Private,12.935838,77.533893,Bengaluru Urban,,false,false,true,20
MC-P-0257,MCCTNS Camera Commercial Street 257,MCCTNS_Private,12.983432,77.614198,Central Bengaluru,Commercial Street,false,false,true,20
SC-0060,Safe City Camera 60,Safe_City,12.958024,77.605779,East Bengaluru,,true,true,true,50
MC-R-0349,MCCTNS Camera Banashankari 349,MCCTNS_RWA,12.921455,77.537391,South Bengaluru,,false,false,true,20
MC-P-0185,MCCTNS Camera Rajajinagar 185,MCCTNS_Private,12.997822,77.555473,Central Bengaluru,Rajajinagar,false,false,true,20
BATCS-0038,Traffic Signal Camera 38,BATCS,12.957421,77.573203,Bengaluru Urban,,true,false,true,80
BATCS-0175,Traffic Signal Camera 175,BATCS,12.971934,77.594043,Central Bengaluru,,true,false,true,80
SC-0298,Safe City Camera 298 - Koramangala 5th Block,Safe_City,12.934,77.624016,East Bengaluru,Koramangala 5th Block,true,true,true,50
MC-R-0054,MCCTNS Camera Jayanagar 54,MCCTNS_RWA,12.92062,77.593777,South Bengaluru,,false,false,true,20
SC-0040,Safe City Camera 40,Safe_City,12.981239,77.597296,Central Bengaluru,,true,true,true,50
MC-P-0582,MCCTNS Camera Banashankari 582,MCCTNS_Private,12.929929,77.545791,South Bengaluru,Banashankari,false,false,true,20
MC-C-0091,MCCTNS Camera Manyata Tech Park 91,MCCTNS_Commercial,13.046874,77.626901,North Bengaluru,Manyata Tech Park,false,false,true,20
MC-C-0154,MCCTNS Camera BTM Layout 154,MCCTNS_Commercial,12.919196,77.609381,South Bengaluru,BTM Layout,false,false,true,20
MC-P-0006,MCCTNS Camera Whitefield 6,MCCTNS_Private,12.986378,77.7,Bengaluru Urban,,false,false,true,20
BATCS-0191,Traffic Signal Camera 191,BATCS,12.980506,77.656389,Bengaluru Urban,,true,false,true,80
MC-C-0057,MCCTNS Camera Jayanagar 57,MCCTNS_Commercial,12.92798,77.583803,South Bengaluru,Jayanagar,false,false,true,20
MC-P-0231,MCCTNS Camera Commercial Street 231,MCCTNS_Private,12.969881,77.610948,East Bengaluru,MG Road,false,false,true,20
MC-C-0047,MCCTNS Camera Banashankari 47,MCCTNS_Commercial,12.922199,77.537342,South Bengaluru,,false,false,true,20
MC-P-0088,MCCTNS Camera Malleshwaram 88,MCCTNS_Private,12.990611,77.566812,Central Bengaluru,,false,false,true,20
MC-C-0230,MCCTNS Camera Commercial Street 230,MCCTNS_Commercial,12.995436,77.602379,Central Bengaluru,,false,false,true,20
MC-P-0304,MCCTNS Camera Commercial Street 304,MCCTNS_Private,12.993601,77.601933,Central Bengaluru,,false,false,true,20
SC-0206,Safe City Camera 206,Safe_City,12.924276,77.651544,South Bengaluru,,true,true,true,50
SC-0083,Safe City Camera 83,Safe_City,12.957282,77.577477,Bengaluru Urban,,true,true,true,50
BATCS-0295,Traffic Signal Camera 295,BATCS,12.983079,77.560409,Central Bengaluru,,true,false,true,80
MC-P-0520,MCCTNS Camera Manyata Tech Park 520,MCCTNS_Private,13.05,77.623837,North Bengaluru,Manyata Tech Park,false,false,true,20
MC-P-0296,MCCTNS Camera Banashankari 296,MCCTNS_Private,12.929062,77.545462,South Bengaluru,Banashankari,false,false,true,20
SC-0190,Safe City Camera 190,Safe_City,13.004719,77.566085,North Bengaluru,Malleshwaram,true,true,true,50
MC-C-0240,MCCTNS Camera Banashankari 240,MCCTNS_Commercial,12.926532,77.542768,South Bengaluru,Banashankari,false,false,true,20
MC-R-0364,MCCTNS Camera JP Nagar 364,MCCTNS_RWA,12.909371,77.584529,South Bengaluru,JP Nagar,false,false,true,20
MC-R-0235,MCCTNS Camera JP Nagar 235,MCCTNS_RWA,12.914693,77.583921,South Bengaluru,JP Nagar,false,false,true,20
BATCS-0210,Traffic Signal Camera 210,BATCS,12.974207,77.578116,Central Bengaluru,,true,false,true,80
BATCS-0053,Traffic Signal Camera 53,BATCS,13.008476,77.571189,North Bengaluru,Malleshwaram,true,false,true,80
MC-P-0145,MCCTNS Camera JP Nagar 145,MCCTNS_Private,12.901051,77.597866,South Bengaluru,,false,false,true,20
SC-0287,Safe City Camera 287 - Whitefield Signal,Safe_City,12.97002,77.7,Bengaluru Urban,,true,true,true,50
SC-0271,Safe City Camera 271 - KR Puram,Safe_City,13.007307,77.6964,North Bengaluru,KR Puram,true,true,true,50
MC-P-0566,MCCTNS Camera Malleshwaram 566,MCCTNS_Private,13.014875,77.557836,North Bengaluru,,false,false,true,20
MC-R-0269,MCCTNS Camera Banashankari 269,MCCTNS_RWA,12.913306,77.541008,South Bengaluru,,false,false,true,20
MC-C-0208,MCCTNS Camera Manyata Tech Park 208,MCCTNS_Commercial,13.043622,77.630907,North Bengaluru,,false,false,true,20
MC-C-0155,MCCTNS Camera Jayanagar 155,MCCTNS_Commercial,12.929621,77.592818,South Bengaluru,,false,false,true,20
BATCS-0281,Royan Circle,BATCS,12.960435,77.568632,Bengaluru Urban,,true,false,true,80
MC-C-0007,MCCTNS Camera Jayanagar 7,MCCTNS_Commercial,12.929624,77.574477,South Bengaluru,,false,false,true,20
MC-R-0089,MCCTNS Camera Commercial Street 89,MCCTNS_RWA,12.981611,77.612404,Central Bengaluru,Commercial Street,false,false,true,20
MC-R-0035,MCCTNS Camera Electronic City 35,MCCTNS_RWA,12.85,77.677445,Bengaluru Urban,,false,false,true,20
SC-0010,Safe City Camera 10,Safe_City,12.928174,77.600811,South Bengaluru,,true,true,true,50
SC-0286,Safe City Camera 286 - Koramangala 5th Block,Safe_City,12.934716,77.623584,East Bengaluru,Koramangala 5th Block,true,true,true,50
BATCS-0120,Yediyuru Circle,BATCS,12.930912,77.576106,Bengaluru Urban,,true,false,true,80
MC-C-0202,MCCTNS Camera Rajajinagar 202,MCCTNS_Commercial,13.000508,77.553759,North Bengaluru,Rajajinagar,false,false,true,20
MC-C-0069,MCCTNS Camera Electronic City 69,MCCTNS_Commercial,12.85,77.685329,Bengaluru Urban,,false,false,true,20
MC-C-0243,MCCTNS Camera Commercial Street 243,MCCTNS_Commercial,12.996135,77.609036,Central Bengaluru,,false,false,true,20
MC-P-0540,MCCTNS Camera Jayanagar 540,MCCTNS_Private,12.934454,77.591799,Bengaluru Urban,,false,false,true,20
MC-P-0252,MCCTNS Camera Electronic City 252,MCCTNS_Private,12.85,77.669538,Bengaluru Urban,,false,false,true,20
SC-0235,Safe City Camera 235,Safe_City,12.985292,77.588346,Central Bengaluru,,true,true,true,50
MC-C-0081,MCCTNS Camera BTM Layout 81,MCCTNS_Commercial,12.927681,77.621547,South Bengaluru,Koramangala 5th Block,false,false,true,20
MC-C-0038,MCCTNS Camera Whitefield 38,MCCTNS_Commercial,12.957724,77.7,East Bengaluru,Marathahalli Bridge,false,false,true,20
MC-P-0366,MCCTNS Camera Banashankari 366,MCCTNS_Private,12.923835,77.528908,South Bengaluru,,false,false,true,20
MC-P-0336,MCCTNS Camera Rajajinagar 336,MCCTNS_Private,12.992789,77.544397,Bengaluru Urban,,false,false,true,20
BATCS-0057,Traffic Signal Camera 57,BATCS,12.988648,77.617342,Central Bengaluru,,true,false,true,80
MC-R-0297,MCCTNS Camera Banashankari 297,MCCTNS_RWA,12.926392,77.549108,South Bengaluru,Banashankari,false,false,false,20
SC-0253,Safe City Camera 253,Safe_City,13.005152,77.549436,North Bengaluru,,true,true,true,50
MC-C-0258,MCCTNS Camera Whitefield 258,MCCTNS_Commercial,12.978912,77.7,Bengaluru Urban,,false,false,true,20
MC-P-0283,MCCTNS Camera Manyata Tech Park 283,MCCTNS_Private,13.046284,77.622924,North Bengaluru,Manyata Tech Park,false,false,true,20
BATCS-0030,Traffic Signal Camera 30,BATCS,13.037892,77.522397,North Bengaluru,,true,false,false,80
MC-P-0191,MCCTNS Camera JP Nagar 191,MCCTNS_Private,12.904226,77.602069,South Bengaluru,,false,false,true,20
SC-0295,Safe City Camera 295 - Whitefield Signal,Safe_City,12.969391,77.7,East Bengaluru,,true,true,true,50
MC-P-0535,MCCTNS Camera Malleshwaram 535,MCCTNS_Private,12.991295,77.573602,Central Bengaluru,,false,false,true,20
BATCS-0132,Traffic Signal Camera 132,BATCS,13.006295,77.578886,North Bengaluru,,true,false,true,80
SC-0142,Safe City Camera 142,Safe_City,13.004053,77.619837,North Bengaluru,,true,true,true,50
BATCS-0310,Traffic Signal Camera 310,BATCS,12.925588,77.685989,South Bengaluru,,true,false,true,80
MC-R-0306,MCCTNS Camera Electronic City 306,MCCTNS_RWA,12.85,77.681893,Bengaluru Urban,,false,false,true,20
SC-0199,Safe City Camera 199,Safe_City,12.906443,77.579544,South Bengaluru,JP Nagar,true,true,true,50
MC-R-0332,MCCTNS Camera Manyata Tech Park 332,MCCTNS_RWA,13.047203,77.625938,North Bengaluru,Manyata Tech Park,false,false,true,20
SC-0133,Safe City Camera 133,Safe_City,12.912397,77.632425,South Bengaluru,HSR Layout,true,true,true,50
MC-C-0192,MCCTNS Camera Electronic City 192,MCCTNS_Commercial,12.85,77.6594,Bengaluru Urban,,false,false,true,20
MC-R-0257,MCCTNS Camera Electronic City 257,MCCTNS_RWA,12.85,77.666185,Bengaluru Urban,,false,false,false,20
SC-0290,Safe City Camera 290 - Electronic City Toll,Safe_City,12.85,77.676065,Bengaluru Urban,,true,true,true,50
MC-C-0056,MCCTNS Camera BTM Layout 56,MCCTNS_Commercial,12.908129,77.600358,South Bengaluru,,false,false,true,20
SC-0171,Safe City Camera 171,Safe_City,12.948049,77.579677,Bengaluru Urban,,true,true,false,50
BATCS-0140,Traffic Signal Camera 140,BATCS,12.920861,77.620283,South Bengaluru,Silk Board,true,false,true,80
SC-0238,Safe City Camera 238,Safe_City,12.974992,77.577568,Central Bengaluru,,true,true,true,50
MC-C-0172,MCCTNS Camera Jayanagar 172,MCCTNS_Commercial,12.921486,77.587834,South Bengaluru,,false,false,true,20
MC-P-0165,MCCTNS Camera Malleshwaram 165,MCCTNS_Private,13.004394,77.571787,North Bengaluru,Malleshwaram,false,false,true,20
SC-0281,Safe City Camera 281 - Electronic City Toll,Safe_City,12.85,77.67586,Bengaluru Urban,,true,true,true,50
BATCS-0301,Traffic Signal Camera 301,BATCS,12.943643,77.574076,Bengaluru Urban,,true,false,true,80
MC-R-0021,MCCTNS Camera JP Nagar 21,MCCTNS_RWA,12.909105,77.59278,South Bengaluru,,false,false,true,20
SC-0071,Safe City Camera 71,Safe_City,12.992852,77.610097,Central Bengaluru,,true,true,true,50
SC-0229,Safe City Camera 229,Safe_City,12.954659,77.680306,East Bengaluru,,true,true,true,50
MC-C-0093,MCCTNS Camera JP Nagar 93,MCCTNS_Commercial,12.909239,77.584765,South Bengaluru,JP Nagar,false,false,true,20
SC-0200,Safe City Camera 200,Safe_City,12.907013,77.628333,South Bengaluru,,true,true,true,50
MC-P-0032,MCCTNS Camera Malleshwaram 32,MCCTNS_Private,13.002493,77.569962,North Bengaluru,Malleshwaram,false,false,true,20
MC-P-0564,MCCTNS Camera Malleshwaram 564,MCCTNS_Private,13.000603,77.57528,North Bengaluru,Malleshwaram,false,false,false,20
BATCS-0311,Traffic Signal Camera 311,BATCS,12.951941,77.59074,Bengaluru Urban,,true,false,true,80
MC-P-0220,MCCTNS Camera BTM Layout 220,MCCTNS_Private,12.91402,77.603505,South Bengaluru,BTM Layout,false,false,true,20
MC-P-0126,MCCTNS Camera Malleshwaram 126,MCCTNS_Private,12.992173,77.561629,Central Bengaluru,,false,false,true,20
MC-R-0077,MCCTNS Camera Rajajinagar 77,MCCTNS_RWA,12.997922,77.556227,Central Bengaluru,Rajajinagar,false,false,true,20
MC-C-0037,MCCTNS Camera Rajajinagar 37,MCCTNS_Commercial,13.010636,77.555194,North Bengaluru,,false,false,false,20
SC-0189,Safe City Camera 189,Safe_City,12.976687,77.59948,Central Bengaluru,,true,true,true,50
SC-0227,Safe City Camera 227,Safe_City,12.995629,77.601874,Central Bengaluru,,true,true,false,50
BATCS-0248,Traffic Signal Camera 248,BATCS,12.948359,77.579686,Bengaluru Urban,,true,false,true,80
MC-P-0061,MCCTNS Camera Banashankari 61,MCCTNS_Private,12.924378,77.543024,South Bengaluru,Banashankari,false,false,true,20
MC-C-0013,MCCTNS Camera Rajajinagar 13,MCCTNS_Commercial,12.982232,77.557333,Central Bengaluru,,false,false,true,20
SC-0127,Safe City Camera 127,Safe_City,13.037306,77.56614,North Bengaluru,,true,true,true,50
MC-P-0310,MCCTNS Camera Jayanagar 310,MCCTNS_Private,12.929236,77.579788,South Bengaluru,Jayanagar,false,false,true,20
MC-C-0229,MCCTNS Camera BTM Layout 229,MCCTNS_Commercial,12.912782,77.622249,South Bengaluru,Silk Board,false,false,true,20
MC-P-0223,MCCTNS Camera Jayanagar 223,MCCTNS_Private,12.924796,77.597417,South Bengaluru,,false,false,true,20
MC-P-0424,MCCTNS Camera Commercial Street 424,MCCTNS_Private,12.981547,77.601557,Central Bengaluru,,false,false,true,20
MC-P-0122,MCCTNS Camera JP Nagar 122,MCCTNS_Private,12.90879,77.581685,South Bengaluru,JP Nagar,false,false,true,20
BATCS-0324,Traffic Signal Camera 324,BATCS,12.910713,77.585708,South Bengaluru,JP Nagar,true,false,true,80
MC-P-0472,MCCTNS Camera BTM Layout 472,MCCTNS_Private,12.919886,77.619032,South Bengaluru,Silk Board,false,false,true,20
MC-P-0260,MCCTNS Camera Commercial Street 260,MCCTNS_Private,12.982303,77.61658,Central Bengaluru,Commercial Street,false,false,true,20
BATCS-0026,Traffic Signal Camera 26,BATCS,12.980635,77.656519,Bengaluru Urban,,true,false,true,80
MC-P-0221,MCCTNS Camera Manyata Tech Park 221,MCCTNS_Private,13.04537,77.621407,North Bengaluru,Manyata Tech Park,false,false,false,20
MC-P-0064,MCCTNS Camera Jayanagar 64,MCCTNS_Private,12.92463,77.571881,South Bengaluru,,false,false,true,20
MC-R-0270,MCCTNS Camera Banashankari 270,MCCTNS_RWA,12.937084,77.534753,Bengaluru Urban,,false,false,true,20
MC-P-0075,MCCTNS Camera Malleshwaram 75,MCCTNS_Private,13.007887,77.566761,North Bengaluru,Malleshwaram,false,false,true,20
MC-P-0350,MCCTNS Camera JP Nagar 350,MCCTNS_Private,12.899426,77.582192,Bengaluru Urban,,false,false,true,20
MC-C-0062,MCCTNS Camera Manyata Tech Park 62,MCCTNS_Commercial,13.05,77.618316,North Bengaluru,Manyata Tech Park,false,false,true,20
MC-P-0385,MCCTNS Camera Malleshwaram 385,MCCTNS_Private,12.99706,77.555662,Central Bengaluru,Rajajinagar,false,false,true,20
MC-R-0288,MCCTNS Camera Malleshwaram 288,MCCTNS_RWA,12.996313,77.561623,Central Bengaluru,Rajajinagar,false,false,true,20
MC-P-0248,MCCTNS Camera Manyata Tech Park 248,MCCTNS_Private,13.05,77.619248,North Bengaluru,Manyata Tech Park,false,false,true,20
BATCS-0068,Traffic Signal Camera 68,BATCS,12.88452,77.596486,Bengaluru Urban,,true,false,true,80
SC-0095,Safe City Camera 95,Safe_City,12.930722,77.576091,Bengaluru Urban,,true,true,true,50
MC-P-0073,MCCTNS Camera Manyata Tech Park 73,MCCTNS_Private,13.047514,77.638354,North Bengaluru,,false,false,true,20
MC-P-0341,MCCTNS Camera Electronic City 341,MCCTNS_Private,12.85,77.674778,Bengaluru Urban,,false,false,true,20
BATCS-0032,Traffic Signal Camera 32,BATCS,12.986559,77.579693,Central Bengaluru,,true,false,true,80
MC-P-0473,MCCTNS Camera Electronic City 473,MCCTNS_Private,12.85,77.683484,Bengaluru Urban,,false,false,true,20
SC-0167,Safe City Camera 167,Safe_City,12.980461,77.656101,Bengaluru Urban,,true,true,true,50
MC-C-0222,MCCTNS Camera Jayanagar 222,MCCTNS_Commercial,12.925925,77.583679,South Bengaluru,Jayanagar,false,false,true,20
MC-P-0269,MCCTNS Camera Commercial Street 269,MCCTNS_Private,12.990835,77.614567,Central Bengaluru,,false,false,true,20
BATCS-0222,Traffic Signal Camera 222,BATCS,12.995549,77.601702,Central Bengaluru,,true,false,false,80
MC-R-0240,MCCTNS Camera Electronic City 240,MCCTNS_RWA,12.85,77.670917,Bengaluru Urban,,false,false,true,20
BATCS-0164,Traffic Signal Camera 164,BATCS,13.009008,77.563029,North Bengaluru,,true,false,true,80
SC-0084,Safe City Camera 84,Safe_City,12.957443,77.567471,Bengaluru Urban,,true,true,true,50
MC-P-0035,MCCTNS Camera Manyata Tech Park 35,MCCTNS_Private,13.05,77.626744,North Bengaluru,Manyata Tech Park,false,false,false,20
MC-P-0267,MCCTNS Camera Rajajinagar 267,MCCTNS_Private,12.990387,77.559597,Central Bengaluru,,false,false,true,20
BATCS-0240,Traffic Signal Camera 240,BATCS,12.936732,77.580443,Bengaluru Urban,,true,false,true,80
MC-R-0071,MCCTNS Camera Commercial Street 71,MCCTNS_RWA,12.983413,77.607345,Central Bengaluru,Commercial Street,false,false,true,20
MC-P-0562,MCCTNS Camera Manyata Tech Park 562,MCCTNS_Private,13.047364,77.617278,North Bengaluru,Manyata Tech Park,false,false,true,20
MC-R-0151,MCCTNS Camera Manyata Tech Park 151,MCCTNS_RWA,13.030361,77.625977,North Bengaluru,,false,false,true,20
MC-P-0203,MCCTNS Camera Banashankari 203,MCCTNS_Private,12.914609,77.536015,South Bengaluru,,false,false,true,20
MC-R-0326,MCCTNS Camera Jayanagar 326,MCCTNS_RWA,12.940696,77.575013,Bengaluru Urban,,false,false,true,20
BATCS-0198,Traffic Signal Camera 198,BATCS,12.966012,77.535231,Bengaluru Urban,,true,false,true,80
SC-0251,Safe City Camera 251,Safe_City,12.906181,77.594959,South Bengaluru,,true,true,true,50
MC-P-0004,MCCTNS Camera JP Nagar 4,MCCTNS_Private,12.920965,77.57341,South Bengaluru,,false,false,true,20
SC-0051,Safe City Camera 51,Safe_City,12.97532,77.575582,Central Bengaluru,,true,true,true,50
MC-P-0070,MCCTNS Camera JP Nagar 70,MCCTNS_Private,12.902901,77.586661,South Bengaluru,JP Nagar,false,false,false,20
MC-P-0098,MCCTNS Camera Jayanagar 98,MCCTNS_Private,12.928146,77.584945,South Bengaluru,Jayanagar,false,false,true,20
BATCS-0063,Traffic Signal Camera 63,BATCS,12.925507,77.550016,South Bengaluru,Banashankari,true,false,true,80
MC-R-0250,MCCTNS Camera BTM Layout 250,MCCTNS_RWA,12.913957,77.59844,South Bengaluru,,false,false,true,20
MC-P-0226,MCCTNS Camera Rajajinagar 226,MCCTNS_Private,13.00143,77.56292,North Bengaluru,,false,false,true,20
SC-0203,Safe City Camera 203,Safe_City,12.97654,77.600845,Central Bengaluru,,true,true,true,50
MC-C-0103,MCCTNS Camera Electronic City 103,MCCTNS_Commercial,12.85,77.665699,Bengaluru Urban,,false,false,true,20
MC-R-0179,MCCTNS Camera Malleshwaram 179,MCCTNS_RWA,12.98928,77.560551,Central Bengaluru,,false,false,true,20
BATCS-0123,Traffic Signal Camera 123,BATCS,13.01001,77.590682,North Bengaluru,,true,false,true,80
MC-R-0171,MCCTNS Camera Electronic City 171,MCCTNS_RWA,12.85,77.688015,Bengaluru Urban,,false,false,true,20
SC-0264,Safe City Camera 264 - HSR Layout,Safe_City,12.911958,77.635428,South Bengaluru,HSR Layout,true,true,true,50
MC-P-0490,MCCTNS Camera BTM Layout 490,MCCTNS_Private,12.925917,77.607797,South Bengaluru,,false,false,true,20
MC-P-0196,MCCTNS Camera Banashankari 196,MCCTNS_Private,12.935491,77.540027,Bengaluru Urban,,false,false,true,20
MC-C-0144,MCCTNS Camera Banashankari 144,MCCTNS_Commercial,12.925099,77.530663,South Bengaluru,,false,false,true,20
BATCS-0330,Traffic Signal Camera 330,BATCS,12.972372,77.593993,Central Bengaluru,,true,false,true,80
MC-P-0254,MCCTNS Camera Jayanagar 254,MCCTNS_Private,12.928318,77.585104,South Bengaluru,Jayanagar,false,false,true,20
MC-R-0256,MCCTNS Camera Banashankari 256,MCCTNS_RWA,12.926283,77.5457,South Bengaluru,Banashankari,false,false,true,20
MC-P-0572,MCCTNS Camera Manyata Tech Park 572,MCCTNS_Private,13.047079,77.616265,North Bengaluru,Manyata Tech Park,false,false,true,20
MC-C-0085,MCCTNS Camera Jayanagar 85,MCCTNS_Commercial,12.922338,77.573812,South Bengaluru,,false,false,true,20
MC-C-0228,MCCTNS Camera Whitefield 228,MCCTNS_Commercial,12.962544,77.7,East Bengaluru,Marathahalli Bridge,false,false,true,20
MC-P-0361,MCCTNS Camera Jayanagar 361,MCCTNS_Private,12.931676,77.573815,Bengaluru Urban,,false,false,true,20
MC-P-0349,MCCTNS Camera Malleshwaram 349,MCCTNS_Private,13.000532,77.578359,North Bengaluru,,false,false,true,20
SC-0076,Safe City Camera 76,Safe_City,12.972083,77.593921,Central Bengaluru,,true,true,true,50
MC-C-0051,MCCTNS Camera Malleshwaram 51,MCCTNS_Commercial,13.011187,77.582144,North Bengaluru,,false,false,true,20
MC-R-0052,MCCTNS Camera Manyata Tech Park 52,MCCTNS_RWA,13.05,77.623642,North Bengaluru,Manyata Tech Park,false,false,true,20
MC-P-0166,MCCTNS Camera JP Nagar 166,MCCTNS_Private,12.908689,77.585941,South Bengaluru,JP Nagar,false,false,true,20
BATCS-0134,Traffic Signal Camera 134,BATCS,13.00562,77.56666,North Bengaluru,Malleshwaram,true,false,true,80
MC-C-0034,MCCTNS Camera Whitefield 34,MCCTNS_Commercial,12.973266,77.7,Bengaluru Urban,,false,false,true,20
BATCS-0061,Traffic Signal Camera 61,BATCS,12.915447,77.5697,South Bengaluru,,true,false,true,80
MC-R-0165,MCCTNS Camera Malleshwaram 165,MCCTNS_RWA,13.002678,77.567869,North Bengaluru,Malleshwaram,false,false,true,20
SC-0017,Safe City Camera 17,Safe_City,12.981782,77.597012,Central Bengaluru,,true,true,true,50
MC-C-0203,MCCTNS Camera Jayanagar 203,MCCTNS_Commercial,12.92936,77.584019,South Bengaluru,Jayanagar,false,false,true,20
BATCS-0119,Traffic Signal Camera 119,BATCS,13.037888,77.52181,North Bengaluru,,true,false,true,80
MC-R-0062,MCCTNS Camera Rajajinagar 62,MCCTNS_RWA,13.010381,77.544997,North Bengaluru,,false,false,true,20
BATCS-0082,Traffic Signal Camera 82,BATCS,13.005653,77.563839,North Bengaluru,,true,false,true,80
SC-0182,Safe City Camera 182,Safe_City,12.971748,77.59433,Central Bengaluru,,true,true,true,50
MC-R-0155,MCCTNS Camera Electronic City 155,MCCTNS_RWA,12.85,77.666551,Bengaluru Urban,,false,false,true,20
MC-C-0060,MCCTNS Camera BTM Layout 60,MCCTNS_Commercial,12.912909,77.598484,South Bengaluru,,false,false,true,20
BATCS-0089,Traffic Signal Camera 89,BATCS,12.956084,77.546175,Bengaluru Urban,,true,false,true,80
SC-0054,Safe City Camera 54,Safe_City,13.037598,77.52228,North Bengaluru,,true,true,true,50
MC-P-0640,MCCTNS Camera Whitefield 640,MCCTNS_Private,12.973238,77.7,Bengaluru Urban,,false,false,true,20
MC-R-0192,MCCTNS Camera Jayanagar 192,MCCTNS_RWA,12.926658,77.580765,South Bengaluru,Jayanagar,false,false,true,20
MC-P-0592,MCCTNS Camera Commercial Street 592,MCCTNS_Private,12.971214,77.615032,Central Bengaluru,MG Road,false,false,true,20
BATCS-0202,Traffic Signal Camera 202,BATCS,12.97835,77.641021,Central Bengaluru,Indiranagar 100ft Road,true,false,true,80
MC-R-0244,MCCTNS Camera Banashankari 244,MCCTNS_RWA,12.924122,77.537791,South Bengaluru,,false,false,true,20
MC-P-0623,MCCTNS Camera Manyata Tech Park 623,MCCTNS_Private,13.05,77.631031,North Bengaluru,,false,false,true,20
BATCS-0285,Traffic Signal Camera 285,BATCS,13.025012,77.593134,North Bengaluru,,true,false,true,80
BATCS-0312,Karnataka Bank Junction,BATCS,12.920543,77.595085,South Bengaluru,,true,false,true,80
MC-P-0482,MCCTNS Camera Jayanagar 482,MCCTNS_Private,12.927986,77.580423,South Bengaluru,Jayanagar,false,false,true,20
MC-R-0047,MCCTNS Camera Electronic City 47,MCCTNS_RWA,12.85,77.668151,Bengaluru Urban,,false,false,true,20
SC-0139,Safe City Camera 139,Safe_City,12.955055,77.580122,Bengaluru Urban,,true,true,true,50
MC-R-0020,MCCTNS Camera Commercial Street 20,MCCTNS_RWA,12.971311,77.601554,Central Bengaluru,,false,false,true,20
MC-P-0027,MCCTNS Camera Jayanagar 27,MCCTNS_Private,12.923196,77.577611,South Bengaluru,,false,false,true,20
BATCS-0266,Traffic Signal Camera 266,BATCS,12.954518,77.680046,East Bengaluru,,true,false,true,80
MC-C-0095,MCCTNS Camera Malleshwaram 95,MCCTNS_Commercial,13.009907,77.584516,North Bengaluru,,false,false,true,20
MC-P-0029,MCCTNS Camera JP Nagar 29,MCCTNS_Private,12.9119,77.584891,South Bengaluru,JP Nagar,false,false,true,20
MC-P-0205,MCCTNS Camera Banashankari 205,MCCTNS_Private,12.919372,77.562929,South Bengaluru,,false,false,true,20
MC-R-0185,MCCTNS Camera Malleshwaram 185,MCCTNS_RWA,13.011439,77.570363,North Bengaluru,,false,false,true,20
SC-0132,Safe City Camera 132,Safe_City,12.930773,77.575766,Bengaluru Urban,,true,true,true,50
MC-R-0158,MCCTNS Camera JP Nagar 158,MCCTNS_RWA,12.893626,77.589641,Bengaluru Urban,,false,false,true,20
MC-C-0110,MCCTNS Camera Whitefield 110,MCCTNS_Commercial,12.96828,77.7,East Bengaluru,,false,false,true,20
BATCS-0124,Traffic Signal Camera 124,BATCS,12.930776,77.583765,Bengaluru Urban,Jayanagar,true,false,true,80
BATCS-0213,Traffic Signal Camera 213,BATCS,12.984452,77.587804,Central Bengaluru,,true,false,true,80
SC-0103,Safe City Camera 103,Safe_City,13.034547,77.529778,North Bengaluru,,true,true,true,50
MC-P-0153,MCCTNS Camera Jayanagar 153,MCCTNS_Private,12.926485,77.596081,South Bengaluru,,false,false,true,20
BATCS-0138,Traffic Signal Camera 138,BATCS,12.916713,77.573623,South Bengaluru,,true,false,true,80
BATCS-0356,Traffic Signal Camera 356,BATCS,12.9667,77.608601,East Bengaluru,,true,false,true,80
BATCS-0260,Traffic Signal Camera 260,BATCS,12.924045,77.553212,South Bengaluru,,true,false,true,80
MC-P-0240,MCCTNS Camera Malleshwaram 240,MCCTNS_Private,12.99968,77.56878,Central Bengaluru,Malleshwaram,false,false,true,20
SC-0020,Safe City Camera 20,Safe_City,12.91318,77.679518,South Bengaluru,,true,true,false,50
MC-P-0589,MCCTNS Camera Electronic City 589,MCCTNS_Private,12.85,77.690502,Bengaluru Urban,,false,false,true,20
MC-R-0359,MCCTNS Camera Electronic City 359,MCCTNS_RWA,12.85,77.675266,Bengaluru Urban,,false,false,true,20
MC-R-0036,MCCTNS Camera Manyata Tech Park 36,MCCTNS_RWA,13.046561,77.612163,North Bengaluru,,false,false,true,20
MC-P-0329,MCCTNS Camera BTM Layout 329,MCCTNS_Private,12.901454,77.61259,South Bengaluru,,false,false,true,20
MC-R-0273,MCCTNS Camera Banashankari 273,MCCTNS_RWA,12.92977,77.528337,South Bengaluru,,false,false,true,20
MC-R-0225,MCCTNS Camera BTM Layout 225,MCCTNS_RWA,12.91697,77.610155,South Bengaluru,BTM Layout,false,false,true,20
MC-C-0138,MCCTNS Camera Rajajinagar 138,MCCTNS_Commercial,12.994791,77.555478,Central Bengaluru,Rajajinagar,false,false,true,20
BATCS-0101,Traffic Signal Camera 101,BATCS,12.963668,77.585212,Bengaluru Urban,,true,false,true,80
MC-C-0142,MCCTNS Camera Electronic City 142,MCCTNS_Commercial,12.85,77.667151,Bengaluru Urban,,false,false,true,20
BATCS-0363,Traffic Signal Camera 363,BATCS,12.936931,77.580151,Bengaluru Urban,,true,false,true,80
BATCS-0283,Traffic Signal Camera 283,BATCS,12.959481,77.654074,East Bengaluru,,true,false,true,80
MC-C-0079,MCCTNS Camera Malleshwaram 79,MCCTNS_Commercial,13.018757,77.564419,North Bengaluru,,false,false,true,20
BATCS-0115,Traffic Signal Camera 115,BATCS,12.98191,77.594513,Central Bengaluru,,true,false,true,80
MC-R-0281,MCCTNS Camera Malleshwaram 281,MCCTNS_RWA,12.994949,77.556048,Central Bengaluru,Rajajinagar,false,false,true,20
MC-R-0014,MCCTNS Camera Commercial Street 14,MCCTNS_RWA,12.982032,77.60905,Central Bengaluru,Commercial Street,false,false,true,20
MC-R-0045,MCCTNS Camera Banashankari 45,MCCTNS_RWA,12.938479,77.557815,Bengaluru Urban,,false,false,true,20
MC-P-0288,MCCTNS Camera Electronic City 288,MCCTNS_Private,12.85,77.677168,Bengaluru Urban,,false,false,true,20
SC-0153,Safe City Camera 153,Safe_City,12.948077,77.579624,Bengaluru Urban,,true,true,true,50
BATCS-0388,Traffic Signal Camera 388,BATCS,12.90693,77.628827,South Bengaluru,,true,false,true,80
BATCS-0228,Traffic Signal Camera 228,BATCS,12.910135,77.593215,South Bengaluru,,true,false,true,80
MC-P-0457,MCCTNS Camera Jayanagar 457,MCCTNS_Private,12.928791,77.583479,South Bengaluru,Jayanagar,false,false,true,20
BATCS-0052,Traffic Signal Camera 52,BATCS,12.958421,77.518719,Bengaluru Urban,,true,false,false,80
MC-R-0008,MCCTNS Camera BTM Layout 8,MCCTNS_RWA,12.911264,77.614046,South Bengaluru,BTM Layout,false,false,true,20
BATCS-0320,Traffic Signal Camera 320,BATCS,12.968959,77.647853,East Bengaluru,,true,false,true,80
MC-P-0143,MCCTNS Camera Commercial Street 143,MCCTNS_Private,12.982099,77.609863,Central Bengaluru,Commercial Street,false,false,true,20
MC-R-0293,MCCTNS Camera Banashankari 293,MCCTNS_RWA,12.939994,77.535725,Bengaluru Urban,,false,false,true,20
MC-R-0095,MCCTNS Camera JP Nagar 95,MCCTNS_RWA,12.893543,77.58054,Bengaluru Urban,,false,false,true,20
MC-P-0429,MCCTNS Camera Rajajinagar 429,MCCTNS_Private,13.002035,77.569933,North Bengaluru,Malleshwaram,false,false,true,20
MC-R-0132,MCCTNS Camera Rajajinagar 132,MCCTNS_RWA,12.998957,77.555389,Central Bengaluru,Rajajinagar,false,false,true,20
BATCS-0384,Traffic Signal Camera 384,BATCS,12.906275,77.591979,South Bengaluru,,true,false,true,80
SC-0262,Safe City Camera 262 - Silk Board,Safe_City,12.917108,77.62118,South Bengaluru,Silk Board,true,true,true,50
MC-P-0643,MCCTNS Camera JP Nagar 643,MCCTNS_Private,12.912023,77.572773,South Bengaluru,,false,false,true,20
MC-P-0111,MCCTNS Camera Commercial Street 111,MCCTNS_Private,12.998675,77.601911,Central Bengaluru,,false,false,false,20
BATCS-0051,Traffic Signal Camera 51,BATCS,12.958104,77.66651,East Bengaluru,,true,false,true,80
BATCS-0318,Traffic Signal Camera 318,BATCS,12.943932,77.607727,East Bengaluru,,true,false,true,80
SC-0187,Safe City Camera 187,Safe_City,12.962241,77.575901,Bengaluru Urban,,true,true,true,50
SC-0016,Safe City Camera 16,Safe_City,12.939713,77.625422,East Bengaluru,Koramangala 5th Block,true,true,true,50
MC-R-0168,MCCTNS Camera Whitefield 168,MCCTNS_RWA,12.971962,77.7,Bengaluru Urban,,false,false,true,20
BATCS-0349,Traffic Signal Camera 349,BATCS,12.974425,77.578361,Central Bengaluru,,true,false,true,80
MC-C-0031,MCCTNS Camera Banashankari 31,MCCTNS_Commercial,12.926599,77.547408,South Bengaluru,Banashankari,false,false,true,20
BATCS-0338,Traffic Signal Camera 338,BATCS,13.03796,77.522381,North Bengaluru,,true,false,true,80
MC-C-0055,MCCTNS Camera Rajajinagar 55,MCCTNS_Commercial,12.995717,77.5537,Central Bengaluru,Rajajinagar,false,false,true,20
MC-R-0226,MCCTNS Camera JP Nagar 226,MCCTNS_RWA,12.908484,77.593225,South Bengaluru,,false,false,true,20
SC-0081,Safe City Camera 81,Safe_City,13.002153,77.612465,North Bengaluru,,true,true,true,50
MC-R-0328,MCCTNS Camera JP Nagar 328,MCCTNS_RWA,12.909558,77.585874,South Bengaluru,JP Nagar,false,false,true,20
MC-C-0214,MCCTNS Camera Rajajinagar 214,MCCTNS_Commercial,12.987735,77.55873,Central Bengaluru,,false,false,true,20
MC-C-0183,MCCTNS Camera Commercial Street 183,MCCTNS_Commercial,12.994632,77.605633,Central Bengaluru,,false,false,true,20
BATCS-0284,Traffic Signal Camera 284,BATCS,12.976327,77.601715,Central Bengaluru,,true,false,true,80
MC-P-0442,MCCTNS Camera BTM Layout 442,MCCTNS_Private,12.916296,77.609938,South Bengaluru,BTM Layout,false,false,true,20
MC-R-0100,MCCTNS Camera Malleshwaram 100,MCCTNS_RWA,13.004263,77.581892,North Bengaluru,,false,false,true,20
SC-0073,Safe City Camera 73,Safe_City,13.044442,77.556684,North Bengaluru,,true,true,true,50
MC-P-0438,MCCTNS Camera Electronic City 438,MCCTNS_Private,12.85,77.681403,Bengaluru Urban,,false,false,true,20
SC-0097,Safe City Camera 97,Safe_City,12.958799,77.533633,Bengaluru Urban,,true,true,true,50
MC-C-0248,MCCTNS Camera Banashankari 248,MCCTNS_Commercial,12.926538,77.543008,South Bengaluru,Banashankari,false,false,false,20
BATCS-0172,Traffic Signal Camera 172,BATCS,12.965442,77.617954,East Bengaluru,,true,false,true,80
MC-P-0228,MCCTNS Camera BTM Layout 228,MCCTNS_Private,12.933923,77.61194,East Bengaluru,,false,false,true,20
MC-R-0275,MCCTNS Camera Rajajinagar 275,MCCTNS_RWA,12.993362,77.549824,Bengaluru Urban,,false,false,true,20
MC-C-0045,MCCTNS Camera BTM Layout 45,MCCTNS_Commercial,12.914927,77.622861,South Bengaluru,Silk Board,false,false,true,20
BATCS-0380,Traffic Signal Camera 380,BATCS,12.906592,77.578351,South Bengaluru,JP Nagar,true,false,true,80
BATCS-0181,Traffic Signal Camera 181,BATCS,12.936805,77.579819,Bengaluru Urban,,true,false,true,80
BATCS-0211,Traffic Signal Camera 211,BATCS,12.939882,77.573888,Bengaluru Urban,,true,false,true,80
MC-P-0567,MCCTNS Camera Banashankari 567,MCCTNS_Private,12.916296,77.542478,South Bengaluru,,false,false,true,20
BATCS-0234,Traffic Signal Camera 234,BATCS,12.97931,77.646372,Central Bengaluru,Indiranagar 100ft Road,true,false,true,80
BATCS-0333,Traffic Signal Camera 333,BATCS,12.963463,77.641686,East Bengaluru,,true,false,true,80
SC-0028,Safe City Camera 28,Safe_City,13.037751,77.522022,North Bengaluru,,true,true,false,50
MC-R-0198,MCCTNS Camera Commercial Street 198,MCCTNS_RWA,12.971282,77.608472,Central Bengaluru,MG Road,false,false,true,20
SC-0221,Safe City Camera 221,Safe_City,12.960601,77.503915,Bengaluru Urban,,true,true,false,50
BATCS-0258,Traffic Signal Camera 258,BATCS,12.952339,77.620311,East Bengaluru,,true,false,true,80
MC-P-0364,MCCTNS Camera Banashankari 364,MCCTNS_Private,12.915046,77.544819,South Bengaluru,,false,false,true,20
MC-P-0102,MCCTNS Camera JP Nagar 102,MCCTNS_Private,12.906165,77.591985,South Bengaluru,,false,false,true,20
MC-C-0065,MCCTNS Camera Whitefield 65,MCCTNS_Commercial,12.971525,77.7,Bengaluru Urban,,false,false,true,20
MC-R-0119,MCCTNS Camera Manyata Tech Park 119,MCCTNS_RWA,13.045779,77.621548,North Bengaluru,Manyata Tech Park,false,false,true,20
BATCS-0190,Traffic Signal Camera 190,BATCS,12.966956,77.611204,East Bengaluru,,true,false,true,80
MC-R-0028,MCCTNS Camera JP Nagar 28,MCCTNS_RWA,12.905207,77.586453,South Bengaluru,JP Nagar,false,false,true,20
BATCS-0296,Traffic Signal Camera 296,BATCS,12.948516,77.573788,Bengaluru Urban,,true,false,true,80
MC-R-0368,MCCTNS Camera Manyata Tech Park 368,MCCTNS_RWA,13.047057,77.617689,North Bengaluru,Manyata Tech Park,false,false,true,20
MC-R-0139,MCCTNS Camera Commercial Street 139,MCCTNS_RWA,12.985645,77.608621,Central Bengaluru,Commercial Street,false,false,true,20
MC-P-0188,MCCTNS Camera Whitefield 188,MCCTNS_Private,12.967314,77.7,East Bengaluru,,false,false,true,20
SC-0067,Safe City Camera 67,Safe_City,12.917046,77.58594,South Bengaluru,,true,true,true,50
SC-0137,Safe City Camera 137,Safe_City,12.966639,77.620696,East Bengaluru,,true,true,true,50
MC-P-0600,MCCTNS Camera JP Nagar 600,MCCTNS_Private,12.914161,77.600676,South Bengaluru,,false,false,true,20
BATCS-0308,Traffic Signal Camera 308,BATCS,12.990772,77.613694,Central Bengaluru,,true,false,true,80
MC-P-0491,MCCTNS Camera Banashankari 491,MCCTNS_Private,12.92808,77.542662,South Bengaluru,Banashankari,false,false,true,20
SC-0210,Safe City Camera 210,Safe_City,12.924146,77.651989,South Bengaluru,,true,true,false,50
MC-P-0358,MCCTNS Camera Commercial Street 358,MCCTNS_Private,12.981344,77.610132,Central Bengaluru,Commercial Street,false,false,true,20
MC-P-0575,MCCTNS Camera Commercial Street 575,MCCTNS_Private,12.985002,77.616863,Central Bengaluru,Commercial Street,false,false,true,20
MC-P-0043,MCCTNS Camera Banashankari 43,MCCTNS_Private,12.923682,77.554481,South Bengaluru,,false,false,true,20
MC-C-0017,MCCTNS Camera Jayanagar 17,MCCTNS_Commercial,12.930039,77.588397,Bengaluru Urban,Jayanagar,false,false,true,20
MC-R-0241,MCCTNS Camera Electronic City 241,MCCTNS_RWA,12.85,77.676854,Bengaluru Urban,,false,false,true,20
MC-R-0169,MCCTNS Camera JP Nagar 169,MCCTNS_RWA,12.922209,77.580123,South Bengaluru,Jayanagar,false,false,true,20
MC-P-0469,MCCTNS Camera Jayanagar 469,MCCTNS_Private,12.91649,77.577038,South Bengaluru,,false,false,true,20
SC-0299,Safe City Camera 299 - MG Road,Safe_City,12.976139,77.609784,Central Bengaluru,MG Road,true,true,true,50
MC-P-0038,MCCTNS Camera Rajajinagar 38,MCCTNS_Private,12.998505,77.553917,Central Bengaluru,Rajajinagar,false,false,true,20
MC-C-0181,MCCTNS Camera Malleshwaram 181,MCCTNS_Commercial,13.004458,77.557941,North Bengaluru,Rajajinagar,false,false,true,20
MC-P-0591,MCCTNS Camera Whitefield 591,MCCTNS_Private,12.970025,77.7,Bengaluru Urban,,false,false,true,20
SC-0130,Safe City Camera 130,Safe_City,12.978258,77.636671,Central Bengaluru,Indiranagar 100ft Road,true,true,true,50
MC-P-0299,MCCTNS Camera Commercial Street 299,MCCTNS_Private,12.994869,77.606706,Central Bengaluru,,false,false,false,20
BATCS-0231,Traffic Signal Camera 231,BATCS,12.991807,77.614455,Central Bengaluru,,true,false,true,80
MC-P-0118,MCCTNS Camera Whitefield 118,MCCTNS_Private,12.979612,77.7,Bengaluru Urban,,false,false,true,20
MC-P-0046,MCCTNS Camera Commercial Street 46,MCCTNS_Private,12.980399,77.609356,Central Bengaluru,Commercial Street,false,false,true,20
MC-P-0236,MCCTNS Camera JP Nagar 236,MCCTNS_Private,12.912223,77.57935,South Bengaluru,JP Nagar,false,false,true,20
MC-C-0176,MCCTNS Camera Banashankari 176,MCCTNS_Commercial,12.920204,77.549601,South Bengaluru,Banashankari,false,false,true,20
MC-P-0441,MCCTNS Camera Electronic City 441,MCCTNS_Private,12.851791,77.671504,Bengaluru Urban,,false,false,true,20
MC-P-0020,MCCTNS Camera JP Nagar 20,MCCTNS_Private,12.910688,77.584017,South Bengaluru,JP Nagar,false,false,true,20
MC-C-0005,MCCTNS Camera Jayanagar 5,MCCTNS_Commercial,12.920062,77.59623,South Bengaluru,,false,false,true,20
MC-R-0069,MCCTNS Camera Commercial Street 69,MCCTNS_RWA,12.981255,77.59706,Central Bengaluru,,false,false,false,20
SC-0033,Safe City Camera 33,Safe_City,12.924472,77.650438,South Bengaluru,,true,true,true,50
MC-R-0307,MCCTNS Camera JP Nagar 307,MCCTNS_RWA,12.896609,77.597295,Bengaluru Urban,,false,false,true,20
MC-P-0033,MCCTNS Camera Rajajinagar 33,MCCTNS_Private,12.995582,77.551362,Central Bengaluru,Rajajinagar,false,false,true,20
BATCS-0235,Traffic Signal Camera 235,BATCS,12.957244,77.56742,Bengaluru Urban,,true,false,true,80
BATCS-0078,Traffic Signal Camera 78,BATCS,12.966001,77.535397,Bengaluru Urban,,true,false,true,80
MC-C-0186,MCCTNS Camera Malleshwaram 186,MCCTNS_Commercial,13.012326,77.563272,North Bengaluru,,false,false,true,20
MC-P-0198,MCCTNS Camera Whitefield 198,MCCTNS_Private,12.955418,77.7,East Bengaluru,Marathahalli Bridge,false,false,true,20
MC-P-0211,MCCTNS Camera Electronic City 211,MCCTNS_Private,12.85,77.664562,Bengaluru Urban,,false,false,true,20
MC-P-0610,MCCTNS Camera Commercial Street 610,MCCTNS_Private,12.982627,77.600563,Central Bengaluru,,false,false,true,20
MC-C-0137,MCCTNS Camera Banashankari 137,MCCTNS_Commercial,12.918721,77.545277,South Bengaluru,,false,false,true,20
MC-P-0505,MCCTNS Camera JP Nagar 505,MCCTNS_Private,12.905303,77.584582,South Bengaluru,JP Nagar,false,false,true,20
MC-R-0011,MCCTNS Camera Banashankari 11,MCCTNS_RWA,12.941079,77.550687,Bengaluru Urban,,false,false,true,20
MC-P-0577,MCCTNS Camera BTM Layout 577,MCCTNS_Private,12.916508,77.610281,South Bengaluru,BTM Layout,false,false,true,20
BATCS-0341,Traffic Signal Camera 341,BATCS,13.028444,77.519802,North Bengaluru,,true,false,true,80
SC-0191,Safe City Camera 191,Safe_City,12.983425,77.587352,Central Bengaluru,,true,true,true,50
SC-0149,Safe City Camera 149,Safe_City,12.991223,77.614409,Central Bengaluru,,true,true,true,50
BATCS-0316,Traffic Signal Camera 316,BATCS,12.995638,77.602006,Central Bengaluru,,true,false,true,80
MC-R-0316,MCCTNS Camera Manyata Tech Park 316,MCCTNS_RWA,13.043925,77.614905,North Bengaluru,,false,false,true,20
MC-C-0033,MCCTNS Camera Rajajinagar 33,MCCTNS_Commercial,12.992076,77.553247,Central Bengaluru,Rajajinagar,false,false,true,20
SC-0250,Safe City Camera 250,Safe_City,12.936356,77.51852,Bengaluru Urban,,true,true,true,50
SC-0122,Safe City Camera 122,Safe_City,12.948194,77.573808,Bengaluru Urban,,true,true,true,50
SC-0068,Safe City Camera 68,Safe_City,13.037586,77.521778,North Bengaluru,,true,true,true,50
BATCS-0306,Traffic Signal Camera 306,BATCS,12.955221,77.580246,Bengaluru Urban,,true,false,true,80
SC-0247,Safe City Camera 247,Safe_City,12.998283,77.553094,Central Bengaluru,Rajajinagar,true,true,true,50
BATCS-0288,Traffic Signal Camera 288,BATCS,12.968507,77.606058,East Bengaluru,,true,false,true,80
BATCS-0006,Traffic Signal Camera 6,BATCS,12.966675,77.587329,Bengaluru Urban,,true,false,true,80
MC-P-0581,MCCTNS Camera Jayanagar 581,MCCTNS_Private,12.927442,77.580129,South Bengaluru,Jayanagar,false,false,true,20
SC-0249,Safe City Camera 249,Safe_City,12.976425,77.600784,Central Bengaluru,,true,true,true,50
MC-P-0552,MCCTNS Camera Malleshwaram 552,MCCTNS_Private,12.996804,77.57018,Central Bengaluru,Malleshwaram,false,false,true,20
BATCS-0355,Traffic Signal Camera 355,BATCS,12.95593,77.546399,Bengaluru Urban,,true,false,true,80
BATCS-0182,Traffic Signal Camera 182,BATCS,13.00142,77.594446,North Bengaluru,,true,false,true,80
BATCS-0224,Traffic Signal Camera 224,BATCS,12.906312,77.594855,South Bengaluru,,true,false,true,80
MC-P-0090,MCCTNS Camera Whitefield 90,MCCTNS_Private,12.98,77.7,Bengaluru Urban,,false,false,true,20
MC-P-0302,MCCTNS Camera Banashankari 302,MCCTNS_Private,12.92107,77.54791,South Bengaluru,Banashankari,false,false,true,20
MC-R-0004,MCCTNS Camera Manyata Tech Park 4,MCCTNS_RWA,13.040122,77.627558,North Bengaluru,,false,false,true,20
BATCS-0353,Traffic Signal Camera 353,BATCS,12.929687,77.684458,South Bengaluru,,true,false,true,80
MC-P-0335,MCCTNS Camera Malleshwaram 335,MCCTNS_Private,13.010806,77.570289,North Bengaluru,,false,false,true,20
MC-C-0092,MCCTNS Camera Banashankari 92,MCCTNS_Commercial,12.912526,77.544219,South Bengaluru,,false,false,true,20
MC-C-0191,MCCTNS Camera Rajajinagar 191,MCCTNS_Commercial,12.997967,77.548438,Bengaluru Urban,Rajajinagar,false,false,true,20
SC-0205,Safe City Camera 205,Safe_City,12.930807,77.576014,Bengaluru Urban,,true,true,true,50
MC-P-0229,MCCTNS Camera Malleshwaram 229,MCCTNS_Private,13.001333,77.567778,North Bengaluru,Malleshwaram,false,false,true,20
BATCS-0102,Traffic Signal Camera 102,BATCS,12.912047,77.64479,South Bengaluru,,true,false,true,80
MC-R-0242,MCCTNS Camera Manyata Tech Park 242,MCCTNS_RWA,13.04596,77.62351,North Bengaluru,Manyata Tech Park,false,false,true,20
MC-C-0039,MCCTNS Camera JP Nagar 39,MCCTNS_Commercial,12.903112,77.585639,South Bengaluru,JP Nagar,false,false,true,20
MC-R-0258,MCCTNS Camera Jayanagar 258,MCCTNS_RWA,12.932295,77.572048,Bengaluru Urban,,false,false,true,20
BATCS-0176,Traffic Signal Camera 176,BATCS,12.983152,77.560106,Central Bengaluru,,true,false,true,80
MC-P-0324,MCCTNS Camera Malleshwaram 324,MCCTNS_Private,13.007254,77.570541,North Bengaluru,Malleshwaram,false,false,true,20
SC-0062,Safe City Camera 62,Safe_City,12.927988,77.600362,South Bengaluru,,true,true,true,50
MC-P-0318,MCCTNS Camera Manyata Tech Park 318,MCCTNS_Private,13.05,77.607033,North Bengaluru,,false,false,true,20
MC-R-0286,MCCTNS Camera Electronic City 286,MCCTNS_RWA,12.85,77.685074,Bengaluru Urban,,false,false,true,20
MC-P-0346,MCCTNS Camera JP Nagar 346,MCCTNS_Private,12.913985,77.578058,South Bengaluru,,false,false,true,20
MC-C-0075,MCCTNS Camera BTM Layout 75,MCCTNS_Commercial,12.906258,77.60957,South Bengaluru,,false,false,true,20
MC-C-0120,MCCTNS Camera Malleshwaram 120,MCCTNS_Commercial,13.013359,77.580335,North Bengaluru,,false,false,true,20
SC-0170,Safe City Camera 170,Safe_City,12.939442,77.695263,East Bengaluru,,true,true,true,50
MC-R-0347,MCCTNS Camera Commercial Street 347,MCCTNS_RWA,12.977726,77.607437,Central Bengaluru,MG Road,false,false,true,20
MC-P-0416,MCCTNS Camera Manyata Tech Park 416,MCCTNS_Private,13.05,77.605854,North Bengaluru,,false,false,true,20
MC-R-0265,MCCTNS Camera Whitefield 265,MCCTNS_RWA,12.962291,77.7,East Bengaluru,Marathahalli Bridge,false,false,true,20
MC-C-0213,MCCTNS Camera Jayanagar 213,MCCTNS_Commercial,12.927442,77.583151,South Bengaluru,Jayanagar,false,false,true,20
BATCS-0215,Traffic Signal Camera 215,BATCS,13.036975,77.565959,North Bengaluru,,true,false,true,80
MC-P-0200,MCCTNS Camera BTM Layout 200,MCCTNS_Private,12.912925,77.604104,South Bengaluru,BTM Layout,false,false,true,20
MC-P-0114,MCCTNS Camera Malleshwaram 114,MCCTNS_Private,12.992609,77.561995,Central Bengaluru,,false,false,true,20
SC-0246,Safe City Camera 246,Safe_City,12.984543,77.582176,Central Bengaluru,,true,true,true,50
SC-0048,Safe City Camera 48,Safe_City,12.97659,77.599502,Central Bengaluru,,true,true,false,50
MC-R-0285,MCCTNS Camera Malleshwaram 285,MCCTNS_RWA,13.01249,77.57517,North Bengaluru,,false,false,true,20
BATCS-0042,Traffic Signal Camera 42,BATCS,12.984649,77.582271,Central Bengaluru,,true,false,true,80
MC-R-0129,MCCTNS Camera Rajajinagar 129,MCCTNS_RWA,12.996542,77.561229,Central Bengaluru,Rajajinagar,false,false,true,20
MC-P-0151,MCCTNS Camera BTM Layout 151,MCCTNS_Private,12.927191,77.598798,South Bengaluru,,false,false,true,20
BATCS-0036,Traffic Signal Camera 36,BATCS,12.946123,77.640102,East Bengaluru,,true,false,true,80
MC-R-0138,MCCTNS Camera Whitefield 138,MCCTNS_RWA,12.970533,77.7,Bengaluru Urban,,false,false,true,20
BATCS-0043,Traffic Signal Camera 43,BATCS,12.972687,77.619314,Central Bengaluru,,true,false,true,80
BATCS-0091,Traffic Signal Camera 91,BATCS,12.980823,77.610146,Central Bengaluru,Commercial Street,true,false,true,80
BATCS-0326,Traffic Signal Camera 326,BATCS,12.997424,77.550106,Central Bengaluru,Rajajinagar,true,false,true,80
BATCS-0130,Traffic Signal Camera 130,BATCS,12.993475,77.607247,Central Bengaluru,,true,false,true,80
MC-R-0135,MCCTNS Camera Jayanagar 135,MCCTNS_RWA,12.933455,77.588915,Bengaluru Urban,,false,false,true,20
SC-0276,Safe City Camera 276 - Marathahalli Bridge,Safe_City,12.958806,77.7,East Bengaluru,Marathahalli Bridge,true,true,true,50
MC-R-0163,MCCTNS Camera Whitefield 163,MCCTNS_RWA,12.974731,77.7,Bengaluru Urban,,false,false,true,20
MC-P-0303,MCCTNS Camera BTM Layout 303,MCCTNS_Private,12.909595,77.612816,South Bengaluru,,false,false,true,20
MC-R-0271,MCCTNS Camera Manyata Tech Park 271,MCCTNS_RWA,13.049283,77.6225,North Bengaluru,Manyata Tech Park,false,false,true,20
SC-0274,Safe City Camera 274 - KR Puram,Safe_City,13.008324,77.694974,North Bengaluru,KR Puram,true,true,true,50
SC-0045,Safe City Camera 45,Safe_City,12.911746,77.644527,South Bengaluru,,true,true,true,50
MC-R-0230,MCCTNS Camera Jayanagar 230,MCCTNS_RWA,12.942246,77.586434,Bengaluru Urban,,false,false,false,20
MC-P-0474,MCCTNS Camera Manyata Tech Park 474,MCCTNS_Private,13.05,77.626074,North Bengaluru,Manyata Tech Park,false,false,true,20
MC-R-0051,MCCTNS Camera Jayanagar 51,MCCTNS_RWA,12.933837,77.579924,Bengaluru Urban,Jayanagar,false,false,true,20
BATCS-0243,Traffic Signal Camera 243,BATCS,12.957867,77.605942,East Bengaluru,,true,false,true,80
MC-P-0499,MCCTNS Camera Rajajinagar 499,MCCTNS_Private,13.004338,77.565885,North Bengaluru,Malleshwaram,false,false,true,20
MC-C-0169,MCCTNS Camera JP Nagar 169,MCCTNS_Commercial,12.905101,77.578436,South Bengaluru,,false,false,true,20
MC-P-0171,MCCTNS Camera Manyata Tech Park 171,MCCTNS_Private,13.041538,77.617555,North Bengaluru,,false,false,true,20
BATCS-0064,Traffic Signal Camera 64,BATCS,12.922005,77.644849,South Bengaluru,,true,false,true,80
MC-R-0012,MCCTNS Camera Manyata Tech Park 12,MCCTNS_RWA,13.05,77.630727,North Bengaluru,,false,false,true,20
MC-C-0111,MCCTNS Camera Jayanagar 111,MCCTNS_Commercial,12.92735,77.586308,South Bengaluru,Jayanagar,false,false,false,20
MC-P-0421,MCCTNS Camera JP Nagar 421,MCCTNS_Private,12.911151,77.591158,South Bengaluru,JP Nagar,false,false,true,20
MC-C-0233,MCCTNS Camera Commercial Street 233,MCCTNS_Commercial,12.984579,77.607087,Central Bengaluru,Commercial Street,false,false,true,20
BATCS-0150,Traffic Signal Camera 150,BATCS,12.910441,77.585743,South Bengaluru,JP Nagar,true,false,true,80
MC-P-0021,MCCTNS Camera BTM Layout 21,MCCTNS_Private,12.917981,77.609451,South Bengaluru,BTM Layout,false,false,true,20
MC-C-0177,MCCTNS Camera JP Nagar 177,MCCTNS_Commercial,12.910834,77.587364,South Bengaluru,JP Nagar,false,false,true,20
BATCS-0040,Traffic Signal Camera 40,BATCS,13.003964,77.619784,North Bengaluru,,true,false,true,80
MC-R-0108,MCCTNS Camera JP Nagar 108,MCCTNS_RWA,12.916318,77.594124,South Bengaluru,,false,false,true,20
MC-P-0119,MCCTNS Camera Malleshwaram 119,MCCTNS_Private,13.00307,77.571132,North Bengaluru,Malleshwaram,false,false,true,20
MC-P-0644,MCCTNS Camera JP Nagar 644,MCCTNS_Private,12.910087,77.580932,South Bengaluru,JP Nagar,false,false,true,20
MC-P-0190,MCCTNS Camera BTM Layout 190,MCCTNS_Private,12.911532,77.619349,South Bengaluru,Silk Board,false,false,true,20
MC-P-0176,MCCTNS Camera Malleshwaram 176,MCCTNS_Private,13.019958,77.569968,North Bengaluru,,false,false,true,20
SC-0098,Safe City Camera 98,Safe_City,12.98869,77.617285,Central Bengaluru,,true,true,true,50
MC-R-0111,MCCTNS Camera Electronic City 111,MCCTNS_RWA,12.85,77.691276,Bengaluru Urban,,false,false,true,20
BATCS-0325,Traffic Signal Camera 325,BATCS,12.973984,77.549571,Bengaluru Urban,,true,false,true,80
SC-0277,Safe City Camera 277 - Hebbal Flyover,Safe_City,13.03684,77.598201,North Bengaluru,Hebbal Flyover,true,true,false,50
BATCS-0337,Traffic Signal Camera 337,BATCS,12.978293,77.636592,Central Bengaluru,Indiranagar 100ft Road,true,false,true,80
SC-0012,Safe City Camera 12,Safe_City,12.976178,77.601581,Central Bengaluru,,true,true,true,50
BATCS-0205,Traffic Signal Camera 205,BATCS,13.030137,77.537009,North Bengaluru,,true,false,true,80
SC-0044,Safe City Camera 44,Safe_City,12.966728,77.609627,East Bengaluru,,true,true,true,50
MC-P-0431,MCCTNS Camera Commercial Street 431,MCCTNS_Private,12.990867,77.610901,Central Bengaluru,,false,false,true,20
MC-R-0323,MCCTNS Camera BTM Layout 323,MCCTNS_RWA,12.923126,77.596243,South Bengaluru,,false,false,true,20
MC-C-0141,MCCTNS Camera Malleshwaram 141,MCCTNS_Commercial,13.012271,77.559053,North Bengaluru,,false,false,true,20
MC-R-0384,MCCTNS Camera Whitefield 384,MCCTNS_RWA,12.972836,77.7,Bengaluru Urban,,false,false,true,20
MC-P-0261,MCCTNS Camera Whitefield 261,MCCTNS_Private,12.972379,77.7,Bengaluru Urban,,false,false,true,20
SC-0077,Safe City Camera 77,Safe_City,12.987645,77.512768,Bengaluru Urban,,true,true,true,50
MC-R-0130,MCCTNS Camera Jayanagar 130,MCCTNS_RWA,12.919956,77.597116,South Bengaluru,,false,false,true,20
MC-P-0599,MCCTNS Camera Electronic City 599,MCCTNS_Private,12.85,77.683456,Bengaluru Urban,,false,false,true,20
MC-R-0118,MCCTNS Camera Malleshwaram 118,MCCTNS_RWA,13.005024,77.565894,North Bengaluru,Malleshwaram,false,false,true,20
MC-R-0211,MCCTNS Camera Rajajinagar 211,MCCTNS_RWA,12.99981,77.541663,Bengaluru Urban,,false,false,true,20
MC-P-0588,MCCTNS Camera Jayanagar 588,MCCTNS_Private,12.92581,77.581562,South Bengaluru,Jayanagar,false,false,true,20
BATCS-0398,Traffic Signal Camera 398,BATCS,12.960702,77.571706,Bengaluru Urban,,true,false,true,80
MC-C-0196,MCCTNS Camera Commercial Street 196,MCCTNS_Commercial,12.977366,77.626292,Central Bengaluru,,false,false,true,20
BATCS-0075,Traffic Signal Camera 75,BATCS,12.987883,77.512516,Bengaluru Urban,,true,false,true,80
MC-P-0504,MCCTNS Camera JP Nagar 504,MCCTNS_Private,12.922164,77.584601,South Bengaluru,Jayanagar,false,false,true,20
MC-C-0140,MCCTNS Camera Whitefield 140,MCCTNS_Commercial,12.965019,77.7,East Bengaluru,Marathahalli Bridge,false,false,true,20
MC-R-0096,MCCTNS Camera BTM Layout 96,MCCTNS_RWA,12.904878,77.614358,South Bengaluru,,false,false,true,20
MC-P-0433,MCCTNS Camera Manyata Tech Park 433,MCCTNS_Private,13.04324,77.634594,North Bengaluru,,false,false,true,20
MC-R-0302,MCCTNS Camera Rajajinagar 302,MCCTNS_RWA,12.990323,77.571022,Central Bengaluru,,false,false,true,20
MC-C-0163,MCCTNS Camera Electronic City 163,MCCTNS_Commercial,12.85,77.674084,Bengaluru Urban,,false,false,false,20
SC-0300,Safe City Camera 300 - Hebbal Flyover,Safe_City,13.035255,77.597549,North Bengaluru,Hebbal Flyover,true,true,true,50
MC-C-0014,MCCTNS Camera Malleshwaram 14,MCCTNS_Commercial,13.012451,77.581594,North Bengaluru,,false,false,true,20
BATCS-0059,Traffic Signal Camera 59,BATCS,12.930763,77.576138,Bengaluru Urban,,true,false,true,80
MC-C-0073,MCCTNS Camera Malleshwaram 73,MCCTNS_Commercial,13.000056,77.566478,North Bengaluru,Malleshwaram,false,false,true,20
MC-P-0604,MCCTNS Camera Whitefield 604,MCCTNS_Private,12.980111,77.7,Bengaluru Urban,,false,false,true,20
MC-P-0495,MCCTNS Camera Commercial Street 495,MCCTNS_Private,12.98413,77.609737,Central Bengaluru,Commercial Street,false,false,true,20
SC-0119,Safe City Camera 119,Safe_City,12.924254,77.628806,South Bengaluru,,true,true,true,50
MC-P-0110,MCCTNS Camera JP Nagar 110,MCCTNS_Private,12.90658,77.586909,South Bengaluru,JP Nagar,false,false,true,20
MC-C-0029,MCCTNS Camera Banashankari 29,MCCTNS_Commercial,12.92088,77.539371,South Bengaluru,,false,false,true,20
MC-C-0105,MCCTNS Camera Malleshwaram 105,MCCTNS_Commercial,12.995349,77.570924,Central Bengaluru,,false,false,true,20
MC-P-0208,MCCTNS Camera Rajajinagar 208,MCCTNS_Private,13.001833,77.571573,North Bengaluru,Malleshwaram,false,false,true,20
MC-C-0080,MCCTNS Camera Electronic City 80,MCCTNS_Commercial,12.853995,77.682821,Bengaluru Urban,,false,false,true,20
BATCS-0376,Traffic Signal Camera 376,BATCS,12.923817,77.639918,South Bengaluru,,true,false,true,80
MC-C-0134,MCCTNS Camera JP Nagar 134,MCCTNS_Commercial,12.925785,77.587935,South Bengaluru,Jayanagar,false,false,true,20
SC-0245,Safe City Camera 245,Safe_City,12.966291,77.619208,East Bengaluru,,true,true,true,50
SC-0019,Safe City Camera 19,Safe_City,12.929321,77.573878,South Bengaluru,,true,true,true,50
MC-P-0017,MCCTNS Camera Rajajinagar 17,MCCTNS_Private,13.000336,77.552946,North Bengaluru,Rajajinagar,false,false,true,20
MC-C-0099,MCCTNS Camera Commercial Street 99,MCCTNS_Commercial,12.988727,77.600285,Central Bengaluru,,false,false,true,20
MC-R-0318,MCCTNS Camera Manyata Tech Park 318,MCCTNS_RWA,13.038623,77.620908,North Bengaluru,,false,false,true,20
SC-0211,Safe City Camera 211,Safe_City,12.998948,77.541197,Bengaluru Urban,,true,true,true,50
SC-0100,Safe City Camera 100,Safe_City,12.940436,77.573891,Bengaluru Urban,,true,true,true,50
MC-R-0072,MCCTNS Camera Banashankari 72,MCCTNS_RWA,12.92561,77.540349,South Bengaluru,Banashankari,false,false,false,20
MC-R-0289,MCCTNS Camera Rajajinagar 289,MCCTNS_RWA,12.981881,77.550811,Central Bengaluru,,false,false,true,20
SC-0053,Safe City Camera 53,Safe_City,12.993139,77.608492,Central Bengaluru,,true,true,true,50
BATCS-0263,Traffic Signal Camera 263,BATCS,12.947996,77.579947,Bengaluru Urban,,true,false,true,80
MC-R-0161,MCCTNS Camera Malleshwaram 161,MCCTNS_RWA,13.011703,77.564743,North Bengaluru,,false,false,true,20
MC-R-0081,MCCTNS Camera Whitefield 81,MCCTNS_RWA,12.95948,77.7,East Bengaluru,Marathahalli Bridge,false,false,true,20
MC-P-0649,MCCTNS Camera Malleshwaram 649,MCCTNS_Private,12.999312,77.571419,Central Bengaluru,Malleshwaram,false,false,true,20
MC-R-0291,MCCTNS Camera Whitefield 291,MCCTNS_RWA,12.971911,77.7,Bengaluru Urban,,false,false,true,20
MC-C-0124,MCCTNS Camera Electronic City 124,MCCTNS_Commercial,12.85,77.667252,Bengaluru Urban,,false,false,false,20
MC-P-0434,MCCTNS Camera BTM Layout 434,MCCTNS_Private,12.921907,77.617133,South Bengaluru,Silk Board,false,false,true,20
MC-R-0043,MCCTNS Camera Malleshwaram 43,MCCTNS_RWA,12.998611,77.56862,Central Bengaluru,Malleshwaram,false,false,true,20
MC-P-0251,MCCTNS Camera Commercial Street 251,MCCTNS_Private,12.996012,77.601763,Central Bengaluru,,false,false,true,20
MC-P-0307,MCCTNS Camera Commercial Street 307,MCCTNS_Private,12.97552,77.606463,Central Bengaluru,MG Road,false,false,true,20
MC-R-0299,MCCTNS Camera JP Nagar 299,MCCTNS_RWA,12.923307,77.581066,South Bengaluru,Jayanagar,false,false,true,20
SC-0230,Safe City Camera 230,Safe_City,12.99091,77.614222,Central Bengaluru,,true,true,true,50
MC-P-0509,MCCTNS Camera Manyata Tech Park 509,MCCTNS_Private,13.05,77.62211,North Bengaluru,Manyata Tech Park,false,false,true,20
MC-P-0107,MCCTNS Camera BTM Layout 107,MCCTNS_Private,12.917886,77.621045,South Bengaluru,Silk Board,false,false,true,20
BATCS-0322,Traffic Signal Camera 322,BATCS,12.930738,77.576057,Bengaluru Urban,,true,false,true,80
MC-P-0322,MCCTNS Camera Malleshwaram 322,MCCTNS_Private,13.001229,77.564997,North Bengaluru,Malleshwaram,false,false,true,20
BATCS-0097,Traffic Signal Camera 97,BATCS,12.953104,77.573602,Bengaluru Urban,,true,false,true,80
MC-R-0157,MCCTNS Camera Electronic City 157,MCCTNS_RWA,12.85,77.679423,Bengaluru Urban,,false,false,true,20
MC-P-0286,MCCTNS Camera Banashankari 286,MCCTNS_Private,12.923207,77.538984,South Bengaluru,,false,false,true,20
MC-R-0296,MCCTNS Camera JP Nagar 296,MCCTNS_RWA,12.925451,77.586672,South Bengaluru,Jayanagar,false,false,true,20
MC-P-0583,MCCTNS Camera Manyata Tech Park 583,MCCTNS_Private,13.035752,77.612564,North Bengaluru,,false,false,true,20
MC-C-0115,MCCTNS Camera Manyata Tech Park 115,MCCTNS_Commercial,13.048543,77.610334,North Bengaluru,,false,false,true,20
BATCS-0016,Traffic Signal Camera 16,BATCS,12.978741,77.646667,Central Bengaluru,Indiranagar 100ft Road,true,false,true,80
MC-P-0602,MCCTNS Camera Commercial Street 602,MCCTNS_Private,12.99565,77.613655,Central Bengaluru,,false,false,true,20
MC-C-0044,MCCTNS Camera Manyata Tech Park 44,MCCTNS_Commercial,13.05,77.635196,North Bengaluru,,false,false,true,20
MC-R-0341,MCCTNS Camera BTM Layout 341,MCCTNS_RWA,12.919851,77.623049,South Bengaluru,Silk Board,false,false,true,20
BATCS-0157,Traffic Signal Camera 157,BATCS,12.953229,77.573532,Bengaluru Urban,,true,false,true,80
BATCS-0077,Traffic Signal Camera 77,BATCS,12.924826,77.633426,South Bengaluru,,true,false,true,80
BATCS-0214,Gorguntepalaya Cross,BATCS,13.029052,77.54008,North Bengaluru,,true,false,true,80
BATCS-0245,SRS,BATCS,13.03472,77.529812,North Bengaluru,,true,false,true,80
BATCS-0397,Traffic Signal Camera 397,BATCS,12.956921,77.573399,Bengaluru Urban,,true,false,true,80
MC-C-0189,MCCTNS Camera Rajajinagar 189,MCCTNS_Commercial,13.005677,77.544044,North Bengaluru,,false,false,true,20
MC-P-0554,MCCTNS Camera Manyata Tech Park 554,MCCTNS_Private,13.05,77.61048,North Bengaluru,,false,false,true,20
MC-C-0182,MCCTNS Camera Malleshwaram 182,MCCTNS_Commercial,13.001258,77.572104,North Bengaluru,Malleshwaram,false,false,true,20
MC-C-0049,MCCTNS Camera Banashankari 49,MCCTNS_Commercial,12.931513,77.558177,Bengaluru Urban,,false,false,true,20
BATCS-0348,Traffic Signal Camera 348,BATCS,12.971627,77.61953,Central Bengaluru,,true,false,true,80
BATCS-0135,Traffic Signal Camera 135,BATCS,13.036923,77.566067,North Bengaluru,,true,false,true,80
MC-R-0221,MCCTNS Camera Malleshwaram 221,MCCTNS_RWA,13.015387,77.564928,North Bengaluru,,false,false,true,20
MC-R-0340,MCCTNS Camera Jayanagar 340,MCCTNS_RWA,12.935636,77.568067,Bengaluru Urban,,false,false,true,20
SC-0136,Safe City Camera 136,Safe_City,12.916107,77.615123,South Bengaluru,BTM Layout,true,true,true,50
SC-0129,Safe City Camera 129,Safe_City,12.925017,77.63334,South Bengaluru,,true,true,true,50
MC-P-0013,MCCTNS Camera Electronic City 13,MCCTNS_Private,12.85,77.676885,Bengaluru Urban,,false,false,true,20
MC-C-0006,MCCTNS Camera Jayanagar 6,MCCTNS_Commercial,12.922084,77.575178,South Bengaluru,,false,false,true,20
MC-R-0243,MCCTNS Camera Whitefield 243,MCCTNS_RWA,12.968948,77.7,East Bengaluru,,false,false,true,20
MC-P-0294,MCCTNS Camera Whitefield 294,MCCTNS_Private,12.953822,77.7,East Bengaluru,Marathahalli Bridge,false,false,true,20
MC-R-0110,MCCTNS Camera Malleshwaram 110,MCCTNS_RWA,12.98869,77.563092,Central Bengaluru,,false,false,true,20
MC-R-0140,MCCTNS Camera Commercial Street 140,MCCTNS_RWA,12.984748,77.616518,Central Bengaluru,Commercial Street,false,false,true,20
MC-P-0233,MCCTNS Camera Whitefield 233,MCCTNS_Private,12.981442,77.7,Bengaluru Urban,,false,false,true,20
MC-R-0260,MCCTNS Camera Electronic City 260,MCCTNS_RWA,12.85,77.676913,Bengaluru Urban,,false,false,true,20
BATCS-0156,Traffic Signal Camera 156,BATCS,12.916653,77.597036,South Bengaluru,,true,false,true,80
BATCS-0166,Traffic Signal Camera 166,BATCS,12.972932,77.581667,Central Bengaluru,,true,false,true,80
BATCS-0298,Traffic Signal Camera 298,BATCS,12.913549,77.678781,South Bengaluru,,true,false,true,80
BATCS-0039,Traffic Signal Camera 39,BATCS,12.930709,77.576134,Bengaluru Urban,,true,false,true,80
MC-R-0264,MCCTNS Camera Commercial Street 264,MCCTNS_RWA,12.975306,77.605088,Central Bengaluru,MG Road,false,false,true,20
MC-P-0001,MCCTNS Camera Electronic City 1,MCCTNS_Private,12.85,77.670329,Bengaluru Urban,,false,false,true,20
BATCS-0392,Thippasandra Cross,BATCS,12.973092,77.646947,Central Bengaluru,,true,false,true,80
MC-P-0334,MCCTNS Camera Banashankari 334,MCCTNS_Private,12.933005,77.535323,Bengaluru Urban,,false,false,true,20
MC-P-0117,MCCTNS Camera Banashankari 117,MCCTNS_Private,12.928662,77.529831,South Bengaluru,,false,false,true,20
MC-C-0083,MCCTNS Camera Electronic City 83,MCCTNS_Commercial,12.85,77.686843,Bengaluru Urban,,false,false,true,20
SC-0115,Safe City Camera 115,Safe_City,12.93102,77.576454,Bengaluru Urban,,true,true,true,50
BATCS-0104,Traffic Signal Camera 104,BATCS,13.043566,77.557204,North Bengaluru,,true,false,true,80
MC-R-0379,MCCTNS Camera Commercial Street 379,MCCTNS_RWA,12.993327,77.623954,Central Bengaluru,,false,false,true,20
MC-R-0103,MCCTNS Camera Manyata Tech Park 103,MCCTNS_RWA,13.05,77.611915,North Bengaluru,,false,false,true,20
MC-R-0381,MCCTNS Camera Whitefield 381,MCCTNS_RWA,12.971559,77.7,Bengaluru Urban,,false,false,true,20
BATCS-0100,Traffic Signal Camera 100,BATCS,12.959718,77.649328,East Bengaluru,,true,false,true,80
MC-R-0363,MCCTNS Camera Malleshwaram 363,MCCTNS_RWA,13.005734,77.554057,North Bengaluru,,false,false,true,20
BATCS-0365,Traffic Signal Camera 365,BATCS,12.98176,77.631253,Central Bengaluru,,true,false,true,80
MC-P-0514,MCCTNS Camera JP Nagar 514,MCCTNS_Private,12.918458,77.594598,South Bengaluru,,false,false,true,20
SC-0257,Safe City Camera 257 - KR Puram,Safe_City,13.007636,77.697239,North Bengaluru,KR Puram,true,true,false,50
SC-0291,Safe City Camera 291 - HSR Layout,Safe_City,12.911832,77.636814,South Bengaluru,HSR Layout,true,true,true,50
MC-P-0379,MCCTNS Camera Whitefield 379,MCCTNS_Private,12.982119,77.7,Bengaluru Urban,,false,false,true,20
MC-R-0172,MCCTNS Camera Commercial Street 172,MCCTNS_RWA,12.984952,77.600453,Central Bengaluru,,false,false,true,20
BATCS-0290,Traffic Signal Camera 290,BATCS,12.975265,77.57643,Central Bengaluru,,true,false,true,80
MC-R-0272,MCCTNS Camera Commercial Street 272,MCCTNS_RWA,12.997101,77.606564,Central Bengaluru,,false,false,true,20
BATCS-0009,Traffic Signal Camera 9,BATCS,12.930347,77.54349,Bengaluru Urban,Banashankari,true,false,true,80
MC-P-0326,MCCTNS Camera Jayanagar 326,MCCTNS_Private,12.927883,77.583289,South Bengaluru,Jayanagar,false,false,true,20
BATCS-0096,Traffic Signal Camera 96,BATCS,12.92824,77.600659,South Bengaluru,,true,false,true,80
BATCS-0323,Traffic Signal Camera 323,BATCS,12.990282,77.58864,Central Bengaluru,,true,false,true,80
BATCS-0050,Traffic Signal Camera 50,BATCS,12.957646,77.534016,Bengaluru Urban,,true,false,true,80
BATCS-0047,Traffic Signal Camera 47,BATCS,12.971837,77.606868,Central Bengaluru,MG Road,true,false,false,80
SC-0096,Safe City Camera 96,Safe_City,12.975009,77.576438,Central Bengaluru,,true,true,true,50
MC-P-0565,MCCTNS Camera Rajajinagar 565,MCCTNS_Private,12.998379,77.555219,Central Bengaluru,Rajajinagar,false,false,false,20
MC-R-0320,MCCTNS Camera BTM Layout 320,MCCTNS_RWA,12.931563,77.601279,East Bengaluru,,false,false,true,20
MC-P-0526,MCCTNS Camera Rajajinagar 526,MCCTNS_Private,12.998449,77.555179,Central Bengaluru,Rajajinagar,false,false,true,20
MC-R-0175,MCCTNS Camera BTM Layout 175,MCCTNS_RWA,12.91956,77.607516,South Bengaluru,BTM Layout,false,false,true,20
MC-P-0131,MCCTNS Camera Commercial Street 131,MCCTNS_Private,12.965745,77.606725,East Bengaluru,,false,false,true,20
BATCS-0276,Traffic Signal Camera 276,BATCS,12.923731,77.640065,South Bengaluru,,true,false,true,80
MC-R-0133,MCCTNS Camera Malleshwaram 133,MCCTNS_RWA,13.012286,77.568982,North Bengaluru,,false,false,true,20
BATCS-0034,Traffic Signal Camera 34,BATCS,12.999118,77.541145,Bengaluru Urban,,true,false,true,80
SC-0254,Safe City Camera 254,Safe_City,12.884556,77.596599,Bengaluru Urban,,true,true,true,50
MC-C-0100,MCCTNS Camera Jayanagar 100,MCCTNS_Commercial,12.927862,77.586422,South Bengaluru,Jayanagar,false,false,true,20
MC-C-0021,MCCTNS Camera BTM Layout 21,MCCTNS_Commercial,12.904266,77.602649,South Bengaluru,,false,false,true,20
BATCS-0193,Traffic Signal Camera 193,BATCS,12.966182,77.535553,Bengaluru Urban,,true,false,false,80
BATCS-0317,Traffic Signal Camera 317,BATCS,12.960454,77.571709,Bengaluru Urban,,true,false,true,80
MC-R-0013,MCCTNS Camera BTM Layout 13,MCCTNS_RWA,12.913892,77.604235,South Bengaluru,BTM Layout,false,false,true,20
MC-C-0200,MCCTNS Camera BTM Layout 200,MCCTNS_Commercial,12.911704,77.606961,South Bengaluru,BTM Layout,false,false,true,20
MC-R-0079,MCCTNS Camera Rajajinagar 79,MCCTNS_RWA,13.006061,77.543717,North Bengaluru,,false,false,true,20
BATCS-0067,Traffic Signal Camera 67,BATCS,12.990723,77.613941,Central Bengaluru,,true,false,true,80
BATCS-0110,Traffic Signal Camera 110,BATCS,12.906139,77.594954,South Bengaluru,,true,false,true,80
SC-0155,Safe City Camera 155,Safe_City,12.975469,77.575348,Central Bengaluru,,true,true,true,50
BATCS-0167,Traffic Signal Camera 167,BATCS,12.962284,77.594337,Bengaluru Urban,,true,false,true,80
MC-C-0209,MCCTNS Camera Whitefield 209,MCCTNS_Commercial,12.974199,77.7,Bengaluru Urban,,false,false,true,20
MC-P-0488,MCCTNS Camera Banashankari 488,MCCTNS_Private,12.927836,77.534459,South Bengaluru,,false,false,true,20
MC-R-0310,MCCTNS Camera Whitefield 310,MCCTNS_RWA,12.971196,77.7,Bengaluru Urban,,false,false,true,20
BATCS-0344,Traffic Signal Camera 344,BATCS,12.954972,77.580041,Bengaluru Urban,,true,false,true,80
MC-R-0137,MCCTNS Camera Jayanagar 137,MCCTNS_RWA,12.930267,77.581799,Bengaluru Urban,Jayanagar,false,false,true,20
MC-R-0032,MCCTNS Camera Malleshwaram 32,MCCTNS_RWA,12.997783,77.572181,Central Bengaluru,Malleshwaram,false,false,true,20
MC-P-0094,MCCTNS Camera Electronic City 94,MCCTNS_Private,12.85,77.670151,Bengaluru Urban,,false,false,true,20
MC-R-0053,MCCTNS Camera JP Nagar 53,MCCTNS_RWA,12.924661,77.5918,South Bengaluru,,false,false,true,20
BATCS-0112,Traffic Signal Camera 112,BATCS,12.948184,77.568141,Bengaluru Urban,,true,false,true,80
BATCS-0277,Traffic Signal Camera 277,BATCS,12.987669,77.550128,Central Bengaluru,,true,false,true,80
MC-R-0324,MCCTNS Camera Rajajinagar 324,MCCTNS_RWA,13.000223,77.556047,North Bengaluru,Rajajinagar,false,false,true,20
MC-P-0628,MCCTNS Camera Commercial Street 628,MCCTNS_Private,12.983238,77.595739,Central Bengaluru,,false,false,true,20
MC-P-0522,MCCTNS Camera Banashankari 522,MCCTNS_Private,12.939345,77.551495,Bengaluru Urban,,false,false,true,20
MC-C-0145,MCCTNS Camera Electronic City 145,MCCTNS_Commercial,12.85,77.678387,Bengaluru Urban,,false,false,true,20
MC-R-0023,MCCTNS Camera Rajajinagar 23,MCCTNS_RWA,12.998893,77.555329,Central Bengaluru,Rajajinagar,false,false,true,20
BATCS-0169,Traffic Signal Camera 169,BATCS,12.981908,77.586731,Central Bengaluru,,true,false,true,80
MC-P-0206,MCCTNS Camera Malleshwaram 206,MCCTNS_Private,12.999769,77.562074,Central Bengaluru,Rajajinagar,false,false,true,20
SC-0015,Safe City Camera 15,Safe_City,12.973121,77.647115,Central Bengaluru,,true,true,true,50
MC-R-0016,MCCTNS Camera Jayanagar 16,MCCTNS_RWA,12.913448,77.591898,South Bengaluru,,false,false,true,20
MC-R-0374,MCCTNS Camera Banashankari 374,MCCTNS_RWA,12.92123,77.56193,South Bengaluru,,false,false,true,20
BATCS-0321,Traffic Signal Camera 321,BATCS,12.976409,77.602041,Central Bengaluru,,true,false,true,80
MC-P-0360,MCCTNS Camera Commercial Street 360,MCCTNS_Private,12.982733,77.613941,Central Bengaluru,Commercial Street,false,false,true,20
SC-0080,Safe City Camera 80,Safe_City,12.966103,77.587115,Bengaluru Urban,,true,true,true,50
BATCS-0080,Traffic Signal Camera 80,BATCS,12.955963,77.691821,East Bengaluru,,true,false,true,80
MC-R-0319,MCCTNS Camera Jayanagar 319,MCCTNS_RWA,12.940633,77.587678,Bengaluru Urban,,false,false,true,20
MC-R-0105,MCCTNS Camera Banashankari 105,MCCTNS_RWA,12.939909,77.557506,Bengaluru Urban,,false,false,true,20
BATCS-0189,Traffic Signal Camera 189,BATCS,12.971614,77.635999,Central Bengaluru,,true,false,true,80
SC-0002,Safe City Camera 2,Safe_City,12.981132,77.59722,Central Bengaluru,,true,true,true,50
MC-P-0054,MCCTNS Camera Jayanagar 54,MCCTNS_Private,12.936017,77.595464,Bengaluru Urban,,false,false,true,20
MC-C-0020,MCCTNS Camera Rajajinagar 20,MCCTNS_Commercial,13.007663,77.569936,North Bengaluru,Malleshwaram,false,false,true,20
SC-0234,Safe City Camera 234,Safe_City,12.936832,77.58042,Bengaluru Urban,,true,true,true,50
SC-0011,Safe City Camera 11,Safe_City,12.981731,77.596792,Central Bengaluru,,true,true,true,50
MC-R-0375,MCCTNS Camera Electronic City 375,MCCTNS_RWA,12.85,77.685932,Bengaluru Urban,,false,false,true,20
BATCS-0129,Traffic Signal Camera 129,BATCS,12.931461,77.61392,East Bengaluru,,true,false,true,80
MC-P-0039,MCCTNS Camera Banashankari 39,MCCTNS_Private,12.922554,77.549082,South Bengaluru,Banashankari,false,false,true,20
SC-0135,Safe City Camera 135,Safe_City,12.98525,77.589183,Central Bengaluru,,true,true,true,50
MC-C-0175,MCCTNS Camera Manyata Tech Park 175,MCCTNS_Commercial,13.05,77.616096,North Bengaluru,Manyata Tech Park,false,false,true,20
MC-P-0616,MCCTNS Camera BTM Layout 616,MCCTNS_Private,12.919393,77.607151,South Bengaluru,BTM Layout,false,false,true,20
BATCS-0161,Traffic Signal Camera 161,BATCS,12.884363,77.59658,Bengaluru Urban,,true,false,true,80
MC-P-0290,MCCTNS Camera Electronic City 290,MCCTNS_Private,12.85,77.673854,Bengaluru Urban,,false,false,true,20
MC-P-0376,MCCTNS Camera Malleshwaram 376,MCCTNS_Private,13.011828,77.558033,North Bengaluru,,false,false,true,20
BATCS-0314,Traffic Signal Camera 314,BATCS,13.002112,77.612214,North Bengaluru,,true,false,true,80
SC-0114,Safe City Camera 114,Safe_City,12.974584,77.549085,Bengaluru Urban,,true,true,false,50
MC-C-0139,MCCTNS Camera Commercial Street 139,MCCTNS_Commercial,12.979622,77.59265,Central Bengaluru,,false,false,true,20
MC-R-0325,MCCTNS Camera Whitefield 325,MCCTNS_RWA,12.974684,77.7,Bengaluru Urban,,false,false,true,20
SC-0168,Safe City Camera 168,Safe_City,12.9881,77.618417,Central Bengaluru,,true,true,true,50
MC-P-0356,MCCTNS Camera Jayanagar 356,MCCTNS_Private,12.927839,77.583871,South Bengaluru,Jayanagar,false,false,true,20
MC-R-0356,MCCTNS Camera Rajajinagar 356,MCCTNS_RWA,13.003328,77.565472,North Bengaluru,Malleshwaram,false,false,true,20
MC-P-0632,MCCTNS Camera Commercial Street 632,MCCTNS_Private,12.984322,77.609204,Central Bengaluru,Commercial Street,false,false,true,20
SC-0006,Safe City Camera 6,Safe_City,12.960519,77.571614,Bengaluru Urban,,true,true,true,50
MC-R-0177,MCCTNS Camera Rajajinagar 177,MCCTNS_RWA,12.993661,77.563748,Central Bengaluru,,false,false,true,20
BATCS-0165,Traffic Signal Camera 165,BATCS,12.96258,77.595162,Bengaluru Urban,,true,false,true,80
SC-0116,Safe City Camera 116,Safe_City,12.979193,77.572412,Central Bengaluru,,true,true,true,50
BATCS-0178,Traffic Signal Camera 178,BATCS,12.980724,77.656194,Bengaluru Urban,,true,false,true,80
SC-0219,Safe City Camera 219,Safe_City,13.00818,77.570514,North Bengaluru,Malleshwaram,true,true,true,50
MC-R-0104,MCCTNS Camera Jayanagar 104,MCCTNS_RWA,12.917206,77.58306,South Bengaluru,,false,false,true,20
SC-0258,Safe City Camera 258 - Silk Board,Safe_City,12.917829,77.619423,South Bengaluru,Silk Board,true,true,true,50
MC-P-0529,MCCTNS Camera BTM Layout 529,MCCTNS_Private,12.911246,77.602367,South Bengaluru,,false,false,true,20
BATCS-0160,Traffic Signal Camera 160,BATCS,12.912292,77.644576,South Bengaluru,,true,false,true,80
BATCS-0114,Traffic Signal Camera 114,BATCS,13.02302,77.637341,North Bengaluru,,true,false,true,80
MC-P-0259,MCCTNS Camera BTM Layout 259,MCCTNS_Private,12.910106,77.611912,South Bengaluru,BTM Layout,false,false,true,20
MC-R-0083,MCCTNS Camera Rajajinagar 83,MCCTNS_RWA,12.99812,77.556592,Central Bengaluru,Rajajinagar,false,false,true,20
MC-P-0184,MCCTNS Camera Rajajinagar 184,MCCTNS_Private,13.006145,77.555767,North Bengaluru,,false,false,true,20
MC-R-0094,MCCTNS Camera Commercial Street 94,MCCTNS_RWA,12.985092,77.609452,Central Bengaluru,Commercial Street,false,false,true,20
MC-R-0078,MCCTNS Camera Electronic City 78,MCCTNS_RWA,12.85,77.674616,Bengaluru Urban,,false,false,true,20
MC-P-0344,MCCTNS Camera Commercial Street 344,MCCTNS_Private,12.992779,77.611107,Central Bengaluru,,false,false,true,20
MC-C-0008,MCCTNS Camera Jayanagar 8,MCCTNS_Commercial,12.918105,77.575725,South Bengaluru,,false,false,true,20
SC-0022,Safe City Camera 22,Safe_City,12.976355,77.600867,Central Bengaluru,,true,true,true,50
MC-P-0133,MCCTNS Camera Whitefield 133,MCCTNS_Private,12.956663,77.7,East Bengaluru,Marathahalli Bridge,false,false,true,20
BATCS-0307,Traffic Signal Camera 307,BATCS,12.94087,77.5739,Bengaluru Urban,,true,false,true,80
MC-P-0009,MCCTNS Camera Malleshwaram 9,MCCTNS_Private,12.993964,77.585778,Central Bengaluru,,false,false,true,20
MC-P-0440,MCCTNS Camera Electronic City 440,MCCTNS_Private,12.85,77.666182,Bengaluru Urban,,false,false,false,20
BATCS-0144,Traffic Signal Camera 144,BATCS,12.934816,77.609771,East Bengaluru,,true,false,true,80
SC-0082,Safe City Camera 82,Safe_City,12.98292,77.560584,Central Bengaluru,,true,true,true,50
MC-R-0044,MCCTNS Camera Manyata Tech Park 44,MCCTNS_RWA,13.05,77.610121,North Bengaluru,,false,false,true,20
MC-P-0601,MCCTNS Camera Rajajinagar 601,MCCTNS_Private,12.999001,77.555447,Central Bengaluru,Rajajinagar,false,false,true,20
SC-0027,Safe City Camera 27,Safe_City,12.964644,77.586517,Bengaluru Urban,,true,true,true,50
SC-0183,Safe City Camera 183,Safe_City,12.939568,77.625196,East Bengaluru,Koramangala 5th Block,true,true,true,50
MC-P-0478,MCCTNS Camera Malleshwaram 478,MCCTNS_Private,13.014965,77.570742,North Bengaluru,,false,false,true,20
MC-C-0113,MCCTNS Camera BTM Layout 113,MCCTNS_Commercial,12.916647,77.609576,South Bengaluru,BTM Layout,false,false,true,20
BATCS-0251,Traffic Signal Camera 251,BATCS,12.906361,77.580587,South Bengaluru,JP Nagar,true,false,true,80
MC-P-0189,MCCTNS Camera Electronic City 189,MCCTNS_Private,12.85,77.670349,Bengaluru Urban,,false,false,true,20
MC-R-0247,MCCTNS Camera Manyata Tech Park 247,MCCTNS_RWA,13.048066,77.617498,North Bengaluru,Manyata Tech Park,false,false,true,20
MC-P-0375,MCCTNS Camera Manyata Tech Park 375,MCCTNS_Private,13.05,77.613727,North Bengaluru,,false,false,true,20
MC-P-0585,MCCTNS Camera Manyata Tech Park 585,MCCTNS_Private,13.05,77.616069,North Bengaluru,Manyata Tech Park,false,false,true,20
BATCS-0031,Traffic Signal Camera 31,BATCS,12.958633,77.577626,Bengaluru Urban,,true,false,true,80
BATCS-0162,Traffic Signal Camera 162,BATCS,13.012939,77.662051,North Bengaluru,,true,false,true,80
SC-0209,Safe City Camera 209,Safe_City,12.98169,77.595651,Central Bengaluru,,true,true,true,50
SC-0089,Safe City Camera 89,Safe_City,12.934439,77.611478,East Bengaluru,,true,true,true,50
MC-C-0170,MCCTNS Camera Commercial Street 170,MCCTNS_Commercial,12.983985,77.612328,Central Bengaluru,Commercial Street,false,false,true,20
MC-C-0244,MCCTNS Camera Manyata Tech Park 244,MCCTNS_Commercial,13.05,77.604566,North Bengaluru,,false,false,true,20
MC-R-0134,MCCTNS Camera JP Nagar 134,MCCTNS_RWA,12.919332,77.589095,South Bengaluru,,false,false,true,20
MC-R-0335,MCCTNS Camera JP Nagar 335,MCCTNS_RWA,12.912841,77.590519,South Bengaluru,JP Nagar,false,false,true,20
MC-R-0141,MCCTNS Camera JP Nagar 141,MCCTNS_RWA,12.9119,77.585231,South Bengaluru,JP Nagar,false,false,true,20
BATCS-0056,Traffic Signal Camera 56,BATCS,12.917394,77.622786,South Bengaluru,Silk Board,true,false,true,80
BATCS-0381,Traffic Signal Camera 381,BATCS,13.014209,77.565533,North Bengaluru,,true,false,true,80
MC-R-0041,MCCTNS Camera Malleshwaram 41,MCCTNS_RWA,12.994241,77.56641,Central Bengaluru,,false,false,true,20
MC-R-0025,MCCTNS Camera Commercial Street 25,MCCTNS_RWA,12.973452,77.618752,Central Bengaluru,,false,false,false,20
BATCS-0027,Traffic Signal Camera 27,BATCS,12.924293,77.651656,South Bengaluru,,true,false,false,80
MC-P-0023,MCCTNS Camera Electronic City 23,MCCTNS_Private,12.85,77.676409,Bengaluru Urban,,false,false,true,20
MC-R-0385,MCCTNS Camera Commercial Street 385,MCCTNS_RWA,12.989883,77.605763,Central Bengaluru,,false,false,true,20
MC-P-0389,MCCTNS Camera JP Nagar 389,MCCTNS_Private,12.909366,77.583245,South Bengaluru,JP Nagar,false,false,true,20
MC-C-0002,MCCTNS Camera Commercial Street 2,MCCTNS_Commercial,12.989298,77.601938,Central Bengaluru,,false,false,true,20
MC-P-0007,MCCTNS Camera JP Nagar 7,MCCTNS_Private,12.90903,77.584562,South Bengaluru,JP Nagar,false,false,true,20
MC-P-0551,MCCTNS Camera Rajajinagar 551,MCCTNS_Private,12.987803,77.545735,Bengaluru Urban,,false,false,true,20
MC-P-0287,MCCTNS Camera Manyata Tech Park 287,MCCTNS_Private,13.040014,77.626116,North Bengaluru,,false,false,true,20
MC-C-0132,MCCTNS Camera JP Nagar 132,MCCTNS_Commercial,12.89656,77.593527,Bengaluru Urban,,false,false,true,20
MC-R-0377,MCCTNS Camera Banashankari 377,MCCTNS_RWA,12.938986,77.558931,Bengaluru Urban,,false,false,true,20
MC-C-0207,MCCTNS Camera Manyata Tech Park 207,MCCTNS_Commercial,13.041725,77.609187,North Bengaluru,,false,false,true,20
MC-R-0228,MCCTNS Camera Banashankari 228,MCCTNS_RWA,12.916377,77.555314,South Bengaluru,,false,false,true,20
BATCS-0249,Traffic Signal Camera 249,BATCS,12.949044,77.593439,Bengaluru Urban,,true,false,false,80
MC-C-0167,MCCTNS Camera Manyata Tech Park 167,MCCTNS_Commercial,13.05,77.620313,North Bengaluru,Manyata Tech Park,false,false,true,20
MC-P-0370,MCCTNS Camera BTM Layout 370,MCCTNS_Private,12.921448,77.626086,South Bengaluru,Silk Board,false,false,true,20
MC-R-0327,MCCTNS Camera Commercial Street 327,MCCTNS_RWA,12.983652,77.610586,Central Bengaluru,Commercial Street,false,false,true,20
SC-0072,Safe City Camera 72,Safe_City,12.975009,77.576808,Central Bengaluru,,true,true,true,50
MC-P-0633,MCCTNS Camera Rajajinagar 633,MCCTNS_Private,12.989675,77.553483,Central Bengaluru,,false,false,true,20
MC-R-0389,MCCTNS Camera BTM Layout 389,MCCTNS_RWA,12.912325,77.611467,South Bengaluru,BTM Layout,false,false,true,20
MC-P-0391,MCCTNS Camera Jayanagar 391,MCCTNS_Private,12.926213,77.578114,South Bengaluru,Jayanagar,false,false,true,20
MC-P-0512,MCCTNS Camera Malleshwaram 512,MCCTNS_Private,13.003255,77.567426,North Bengaluru,Malleshwaram,false,false,true,20
BATCS-0358,Traffic Signal Camera 358,BATCS,12.953077,77.541586,Bengaluru Urban,,true,false,true,80
BATCS-0062,Traffic Signal Camera 62,BATCS,12.96816,77.600262,East Bengaluru,,true,false,true,80
MC-P-0106,MCCTNS Camera Rajajinagar 106,MCCTNS_Private,12.989742,77.548373,Bengaluru Urban,,false,false,true,20
BATCS-0137,Traffic Signal Camera 137,BATCS,13.0056,77.564984,North Bengaluru,Malleshwaram,true,false,true,80
MC-R-0259,MCCTNS Camera JP Nagar 259,MCCTNS_RWA,12.913847,77.596609,South Bengaluru,,false,false,true,20
SC-0172,Safe City Camera 172,Safe_City,13.003847,77.549324,North Bengaluru,,true,true,true,50
MC-R-0099,MCCTNS Camera Jayanagar 99,MCCTNS_RWA,12.93827,77.592022,Bengaluru Urban,,false,false,true,20
BATCS-0018,Traffic Signal Camera 18,BATCS,13.00557,77.565189,North Bengaluru,Malleshwaram,true,false,true,80
MC-P-0510,MCCTNS Camera JP Nagar 510,MCCTNS_Private,12.911726,77.599399,South Bengaluru,,false,false,false,20
MC-P-0085,MCCTNS Camera Jayanagar 85,MCCTNS_Private,12.935077,77.594323,Bengaluru Urban,,false,false,true,20
MC-R-0222,MCCTNS Camera Whitefield 222,MCCTNS_RWA,12.968813,77.7,East Bengaluru,,false,false,true,20
MC-P-0213,MCCTNS Camera Manyata Tech Park 213,MCCTNS_Private,13.05,77.639152,North Bengaluru,,false,false,true,20
MC-P-0218,MCCTNS Camera Commercial Street 218,MCCTNS_Private,12.976008,77.615019,Central Bengaluru,MG Road,false,false,true,20
MC-P-0011,MCCTNS Camera Jayanagar 11,MCCTNS_Private,12.925525,77.569001,South Bengaluru,,false,false,true,20
MC-R-0166,MCCTNS Camera Malleshwaram 166,MCCTNS_RWA,13.005352,77.577566,North Bengaluru,Malleshwaram,false,false,true,20
MC-P-0314,MCCTNS Camera BTM Layout 314,MCCTNS_Private,12.928797,77.608058,South Bengaluru,,false,false,true,20
MC-R-0039,MCCTNS Camera Manyata Tech Park 39,MCCTNS_RWA,13.048265,77.616129,North Bengaluru,Manyata Tech Park,false,false,true,20
MC-C-0023,MCCTNS Camera Malleshwaram 23,MCCTNS_Commercial,13.003611,77.585253,North Bengaluru,,false,false,true,20
MC-P-0411,MCCTNS Camera JP Nagar 411,MCCTNS_Private,12.911705,77.580179,South Bengaluru,JP Nagar,false,false,true,20
MC-P-0152,MCCTNS Camera Electronic City 152,MCCTNS_Private,12.852576,77.686716,Bengaluru Urban,,false,false,true,20
MC-C-0219,MCCTNS Camera Banashankari 219,MCCTNS_Commercial,12.921123,77.548518,South Bengaluru,Banashankari,false,false,true,20
MC-C-0052,MCCTNS Camera Malleshwaram 52,MCCTNS_Commercial,13.003938,77.573995,North Bengaluru,Malleshwaram,false,false,true,20
MC-C-0128,MCCTNS Camera JP Nagar 128,MCCTNS_Commercial,12.897717,77.597544,Bengaluru Urban,,false,false,true,20
MC-P-0141,MCCTNS Camera Rajajinagar 141,MCCTNS_Private,13.003997,77.549019,North Bengaluru,,false,false,true,20
MC-P-0113,MCCTNS Camera Jayanagar 113,MCCTNS_Private,12.92983,77.587192,South Bengaluru,Jayanagar,false,false,false,20
MC-P-0279,MCCTNS Camera Banashankari 279,MCCTNS_Private,12.926552,77.533009,South Bengaluru,,false,false,true,20
MC-P-0194,MCCTNS Camera BTM Layout 194,MCCTNS_Private,12.916184,77.604724,South Bengaluru,BTM Layout,false,false,true,20
SC-0146,Safe City Camera 146,Safe_City,12.937106,77.601524,East Bengaluru,,true,true,true,50
SC-0105,Safe City Camera 105,Safe_City,12.971866,77.593832,Central Bengaluru,,true,true,true,50
SC-0147,Safe City Camera 147,Safe_City,12.972399,77.594408,Central Bengaluru,,true,true,true,50
MC-C-0187,MCCTNS Camera Commercial Street 187,MCCTNS_Commercial,12.972689,77.614064,Central Bengaluru,MG Road,false,false,true,20
MC-P-0398,MCCTNS Camera Rajajinagar 398,MCCTNS_Private,13.011044,77.549172,North Bengaluru,,false,false,true,20
SC-0163,Safe City Camera 163,Safe_City,12.92872,77.600858,South Bengaluru,,true,true,true,50
SC-0029,Safe City Camera 29,Safe_City,12.986108,77.589345,Central Bengaluru,,true,true,true,50
MC-P-0216,MCCTNS Camera Banashankari 216,MCCTNS_Private,12.924987,77.548457,South Bengaluru,Banashankari,false,false,true,20
MC-P-0155,MCCTNS Camera Commercial Street 155,MCCTNS_Private,12.98801,77.619343,Central Bengaluru,,false,false,true,20
SC-0270,Safe City Camera 270 - MG Road,Safe_City,12.974922,77.609332,Central Bengaluru,MG Road,true,true,true,50
MC-P-0289,MCCTNS Camera Electronic City 289,MCCTNS_Private,12.85,77.664041,Bengaluru Urban,,false,false,true,20
BATCS-0142,Traffic Signal Camera 142,BATCS,13.036976,77.565934,North Bengaluru,,true,false,true,80
MC-R-0059,MCCTNS Camera Banashankari 59,MCCTNS_RWA,12.928893,77.547208,South Bengaluru,Banashankari,false,false,true,20
MC-R-0279,MCCTNS Camera Manyata Tech Park 279,MCCTNS_RWA,13.05,77.630901,North Bengaluru,,false,false,true,20
MC-P-0498,MCCTNS Camera Whitefield 498,MCCTNS_Private,12.978629,77.7,Bengaluru Urban,,false,false,true,20
SC-0217,Safe City Camera 217,Safe_City,13.004003,77.549155,North Bengaluru,,true,true,true,50
MC-C-0089,MCCTNS Camera Whitefield 89,MCCTNS_Commercial,12.977932,77.7,Bengaluru Urban,,false,false,true,20
MC-R-0005,MCCTNS Camera Malleshwaram 5,MCCTNS_RWA,13.006012,77.5553,North Bengaluru,,false,false,true,20
SC-0093,Safe City Camera 93,Safe_City,12.982045,77.629884,Central Bengaluru,,true,true,true,50
MC-P-0247,MCCTNS Camera Electronic City 247,MCCTNS_Private,12.85,77.674055,Bengaluru Urban,,false,false,true,20
MC-P-0278,MCCTNS Camera Rajajinagar 278,MCCTNS_Private,12.992651,77.553874,Central Bengaluru,Rajajinagar,false,false,true,20
MC-P-0645,MCCTNS Camera Electronic City 645,MCCTNS_Private,12.85,77.67453,Bengaluru Urban,,false,false,true,20
MC-P-0154,MCCTNS Camera Electronic City 154,MCCTNS_Private,12.85,77.6763,Bengaluru Urban,,false,false,true,20
MC-C-0112,MCCTNS Camera JP Nagar 112,MCCTNS_Commercial,12.907972,77.582718,South Bengaluru,JP Nagar,false,false,true,20
MC-P-0621,MCCTNS Camera Manyata Tech Park 621,MCCTNS_Private,13.05,77.621074,North Bengaluru,Manyata Tech Park,false,false,true,20
MC-C-0193,MCCTNS Camera Manyata Tech Park 193,MCCTNS_Commercial,13.044241,77.612703,North Bengaluru,,false,false,true,20
MC-P-0462,MCCTNS Camera BTM Layout 462,MCCTNS_Private,12.930299,77.618327,East Bengaluru,Koramangala 5th Block,false,false,true,20
MC-P-0450,MCCTNS Camera Rajajinagar 450,MCCTNS_Private,13.010905,77.56488,North Bengaluru,,false,false,true,20
BATCS-0093,Traffic Signal Camera 93,BATCS,12.938486,77.632877,East Bengaluru,,true,false,true,80
BATCS-0149,Traffic Signal Camera 149,BATCS,13.01713,77.560559,North Bengaluru,,true,false,true,80
BATCS-0286,Traffic Signal Camera 286,BATCS,12.999173,77.571344,Central Bengaluru,Malleshwaram,true,false,true,80
MC-R-0091,MCCTNS Camera Jayanagar 91,MCCTNS_RWA,12.92742,77.585786,South Bengaluru,Jayanagar,false,false,true,20
MC-P-0569,MCCTNS Camera Electronic City 569,MCCTNS_Private,12.85,77.683562,Bengaluru Urban,,false,false,true,20
SC-0192,Safe City Camera 192,Safe_City,12.912331,77.638262,South Bengaluru,HSR Layout,true,true,true,50
MC-P-0109,MCCTNS Camera Banashankari 109,MCCTNS_Private,12.911347,77.54905,South Bengaluru,,false,false,true,20
BATCS-0069,Traffic Signal Camera 69,BATCS,12.991125,77.657438,Bengaluru Urban,,true,false,true,80
MC-P-0543,MCCTNS Camera BTM Layout 543,MCCTNS_Private,12.916365,77.613346,South Bengaluru,BTM Layout,false,false,true,20
SC-0090,Safe City Camera 90,Safe_City,12.960468,77.50441,Bengaluru Urban,,true,true,true,50
MC-P-0048,MCCTNS Camera Banashankari 48,MCCTNS_Private,12.918234,77.542313,South Bengaluru,,false,false,true,20
MC-P-0055,MCCTNS Camera Commercial Street 55,MCCTNS_Private,12.994526,77.613309,Central Bengaluru,,false,false,true,20
MC-P-0235,MCCTNS Camera Jayanagar 235,MCCTNS_Private,12.939299,77.593735,Bengaluru Urban,,false,false,true,20
MC-C-0241,MCCTNS Camera Commercial Street 241,MCCTNS_Commercial,12.974261,77.594355,Central Bengaluru,,false,false,true,20
MC-P-0524,MCCTNS Camera Whitefield 524,MCCTNS_Private,12.964526,77.7,East Bengaluru,Marathahalli Bridge,false,false,true,20
BATCS-0152,Traffic Signal Camera 152,BATCS,12.965587,77.586913,Bengaluru Urban,,true,false,true,80
MC-P-0439,MCCTNS Camera Rajajinagar 439,MCCTNS_Private,13.001043,77.550613,North Bengaluru,Rajajinagar,false,false,true,20
MC-R-0064,MCCTNS Camera Whitefield 64,MCCTNS_RWA,12.975722,77.7,Bengaluru Urban,,false,false,true,20
MC-C-0053,MCCTNS Camera Malleshwaram 53,MCCTNS_Commercial,12.99346,77.568618,Central Bengaluru,,false,false,true,20
MC-P-0295,MCCTNS Camera Whitefield 295,MCCTNS_Private,12.977784,77.7,Bengaluru Urban,,false,false,true,20
MC-R-0254,MCCTNS Camera Banashankari 254,MCCTNS_RWA,12.91707,77.545365,South Bengaluru,,false,false,true,20
MC-P-0587,MCCTNS Camera Malleshwaram 587,MCCTNS_Private,13.012209,77.558672,North Bengaluru,,false,false,true,20
MC-R-0097,MCCTNS Camera Commercial Street 97,MCCTNS_RWA,12.985017,77.615822,Central Bengaluru,Commercial Street,false,false,true,20
MC-P-0443,MCCTNS Camera Rajajinagar 443,MCCTNS_Private,12.996989,77.553893,Central Bengaluru,Rajajinagar,false,false,true,20
MC-P-0056,MCCTNS Camera Manyata Tech Park 56,MCCTNS_Private,13.05,77.622604,North Bengaluru,Manyata Tech Park,false,false,true,20
MC-C-0174,MCCTNS Camera Commercial Street 174,MCCTNS_Commercial,12.993151,77.596432,Central Bengaluru,,false,false,true,20
MC-P-0354,MCCTNS Camera Manyata Tech Park 354,MCCTNS_Private,13.047537,77.622943,North Bengaluru,Manyata Tech Park,false,false,true,20
BATCS-0272,Traffic Signal Camera 272,BATCS,12.965217,77.617712,East Bengaluru,,true,false,true,80
BATCS-0378,Traffic Signal Camera 378,BATCS,13.004084,77.619558,North Bengaluru,,true,false,true,80
SC-0278,Safe City Camera 278 - Whitefield Signal,Safe_City,12.970166,77.7,Bengaluru Urban,,true,true,true,50
MC-R-0194,MCCTNS Camera Jayanagar 194,MCCTNS_RWA,12.925792,77.576932,South Bengaluru,Jayanagar,false,false,false,20
BATCS-0278,Traffic Signal Camera 278,BATCS,12.966714,77.620376,East Bengaluru,,true,false,true,80
MC-P-0249,MCCTNS Camera Commercial Street 249,MCCTNS_Private,12.998591,77.608677,Central Bengaluru,,false,false,true,20
BATCS-0357,Traffic Signal Camera 357,BATCS,12.980272,77.553864,Central Bengaluru,,true,false,true,80
MC-P-0115,MCCTNS Camera Rajajinagar 115,MCCTNS_Private,12.988289,77.563619,Central Bengaluru,,false,false,true,20
MC-R-0220,MCCTNS Camera BTM Layout 220,MCCTNS_RWA,12.920001,77.605851,South Bengaluru,BTM Layout,false,false,true,20
SC-0240,Safe City Camera 240,Safe_City,12.955353,77.545116,Bengaluru Urban,,true,true,true,50
BATCS-0309,Traffic Signal Camera 309,BATCS,13.045196,77.556623,North Bengaluru,,true,false,true,80
MC-P-0112,MCCTNS Camera Jayanagar 112,MCCTNS_Private,12.926298,77.580178,South Bengaluru,Jayanagar,false,false,true,20
MC-R-0233,MCCTNS Camera Manyata Tech Park 233,MCCTNS_RWA,13.042329,77.628806,North Bengaluru,,false,false,true,20
MC-P-0204,MCCTNS Camera Whitefield 204,MCCTNS_Private,12.965828,77.7,East Bengaluru,Marathahalli Bridge,false,false,true,20
SC-0036,Safe City Camera 36,Safe_City,12.96433,77.585878,Bengaluru Urban,,true,true,true,50
SC-0296,Safe City Camera 296 - Whitefield Signal,Safe_City,12.969955,77.7,East Bengaluru,,true,true,true,50
MC-P-0613,MCCTNS Camera Manyata Tech Park 613,MCCTNS_Private,13.05,77.634022,North Bengaluru,,false,false,true,20
MC-P-0137,MCCTNS Camera BTM Layout 137,MCCTNS_Private,12.927033,77.619399,South Bengaluru,,false,false,true,20
BATCS-0343,Traffic Signal Camera 343,BATCS,12.916635,77.60012,South Bengaluru,,true,false,true,80
SC-0144,Safe City Camera 144,Safe_City,12.923482,77.640158,South Bengaluru,,true,true,true,50
SC-0039,Safe City Camera 39,Safe_City,12.924052,77.65136,South Bengaluru,,true,true,true,50
MC-P-0401,MCCTNS Camera Malleshwaram 401,MCCTNS_Private,13.018084,77.571504,North Bengaluru,,false,false,true,20
BATCS-0155,Traffic Signal Camera 155,BATCS,13.006065,77.548762,North Bengaluru,,true,false,true,80
MC-C-0204,MCCTNS Camera Electronic City 204,MCCTNS_Commercial,12.85,77.685345,Bengaluru Urban,,false,false,true,20
MC-P-0144,MCCTNS Camera Jayanagar 144,MCCTNS_Private,12.92309,77.593098,South Bengaluru,,false,false,true,20
MC-P-0635,MCCTNS Camera Malleshwaram 635,MCCTNS_Private,13.016085,77.571521,North Bengaluru,,false,false,true,20
MC-P-0163,MCCTNS Camera Manyata Tech Park 163,MCCTNS_Private,13.046684,77.638445,North Bengaluru,,false,false,true,20
BATCS-0122,Traffic Signal Camera 122,BATCS,12.975247,77.607844,Central Bengaluru,MG Road,true,false,true,80
MC-P-0210,MCCTNS Camera Rajajinagar 210,MCCTNS_Private,13.00233,77.544082,North Bengaluru,,false,false,true,20
SC-0231,Safe City Camera 231,Safe_City,12.978673,77.646615,Central Bengaluru,Indiranagar 100ft Road,true,true,true,50
MC-P-0270,MCCTNS Camera Electronic City 270,MCCTNS_Private,12.85,77.676543,Bengaluru Urban,,false,false,true,20
BATCS-0366,Traffic Signal Camera 366,BATCS,12.916677,77.609974,South Bengaluru,BTM Layout,true,false,false,80
BATCS-0289,Traffic Signal Camera 289,BATCS,12.919873,77.580184,South Bengaluru,,true,false,false,80
MC-R-0219,MCCTNS Camera Manyata Tech Park 219,MCCTNS_RWA,13.05,77.619732,North Bengaluru,Manyata Tech Park,false,false,true,20
MC-R-0066,MCCTNS Camera Rajajinagar 66,MCCTNS_RWA,12.997674,77.55836,Central Bengaluru,Rajajinagar,false,false,true,20
MC-C-0106,MCCTNS Camera JP Nagar 106,MCCTNS_Commercial,12.920693,77.578383,South Bengaluru,,false,false,true,20
MC-P-0609,MCCTNS Camera Jayanagar 609,MCCTNS_Private,12.924223,77.579406,South Bengaluru,Jayanagar,false,false,true,20
SC-0104,Safe City Camera 104,Safe_City,12.966466,77.61998,East Bengaluru,,true,true,true,50
MC-R-0305,MCCTNS Camera Banashankari 305,MCCTNS_RWA,12.91491,77.543105,South Bengaluru,,false,false,true,20
MC-R-0038,MCCTNS Camera Electronic City 38,MCCTNS_RWA,12.85,77.676788,Bengaluru Urban,,false,false,true,20
MC-P-0014,MCCTNS Camera Electronic City 14,MCCTNS_Private,12.85,77.694473,Bengaluru Urban,,false,false,true,20
MC-C-0125,MCCTNS Camera Rajajinagar 125,MCCTNS_Commercial,13.010116,77.549253,North Bengaluru,,false,false,true,20
MC-P-0003,MCCTNS Camera Commercial Street 3,MCCTNS_Private,12.983174,77.609904,Central Bengaluru,Commercial Street,false,false,false,20
MC-P-0147,MCCTNS Camera Banashankari 147,MCCTNS_Private,12.9265,77.54666,South Bengaluru,Banashankari,false,false,true,20
MC-R-0160,MCCTNS Camera Whitefield 160,MCCTNS_RWA,12.955677,77.7,East Bengaluru,Marathahalli Bridge,false,false,true,20
MC-P-0101,MCCTNS Camera JP Nagar 101,MCCTNS_Private,12.913705,77.590215,South Bengaluru,JP Nagar,false,false,true,20
MC-C-0131,MCCTNS Camera Banashankari 131,MCCTNS_Commercial,12.928361,77.552383,South Bengaluru,Banashankari,false,false,true,20
MC-P-0617,MCCTNS Camera Electronic City 617,MCCTNS_Private,12.85,77.67583,Bengaluru Urban,,false,false,true,20
SC-0272,Safe City Camera 272 - Indiranagar 100ft Road,Safe_City,12.979613,77.641109,Central Bengaluru,Indiranagar 100ft Road,true,true,true,50
MC-P-0177,MCCTNS Camera Rajajinagar 177,MCCTNS_Private,13.015939,77.555495,North Bengaluru,,false,false,true,20
BATCS-0151,Traffic Signal Camera 151,BATCS,13.018655,77.557386,North Bengaluru,,true,false,true,80
MC-P-0415,MCCTNS Camera Manyata Tech Park 415,MCCTNS_Private,13.046129,77.633436,North Bengaluru,,false,false,true,20
SC-0038,Safe City Camera 38,Safe_City,12.967108,77.611252,East Bengaluru,,true,true,true,50
BATCS-0233,Traffic Signal Camera 233,BATCS,12.929497,77.573691,South Bengaluru,,true,false,true,80
BATCS-0025,Traffic Signal Camera 25,BATCS,12.981589,77.63118,Central Bengaluru,,true,false,true,80
BATCS-0230,Traffic Signal Camera 230,BATCS,12.916529,77.632237,South Bengaluru,HSR Layout,true,false,true,80
MC-C-0166,MCCTNS Camera Commercial Street 166,MCCTNS_Commercial,12.980812,77.607478,Central Bengaluru,Commercial Street,false,false,true,20
MC-P-0250,MCCTNS Camera Malleshwaram 250,MCCTNS_Private,12.99764,77.564874,Central Bengaluru,,false,false,true,20
BATCS-0146,Nagarabhavi Circle,BATCS,12.96071,77.512756,Bengaluru Urban,,true,false,true,80
SC-0026,Safe City Camera 26,Safe_City,12.984179,77.587532,Central Bengaluru,,true,true,true,50
MC-P-0465,MCCTNS Camera Electronic City 465,MCCTNS_Private,12.85,77.686763,Bengaluru Urban,,false,false,true,20
MC-P-0103,MCCTNS Camera Banashankari 103,MCCTNS_Private,12.911468,77.553153,South Bengaluru,,false,false,true,20
SC-0124,Safe City Camera 124,Safe_City,12.978496,77.646395,Central Bengaluru,Indiranagar 100ft Road,true,true,true,50
MC-R-0070,MCCTNS Camera Commercial Street 70,MCCTNS_RWA,12.989015,77.619552,Central Bengaluru,,false,false,true,20
MC-R-0101,MCCTNS Camera Rajajinagar 101,MCCTNS_RWA,12.997208,77.551785,Central Bengaluru,Rajajinagar,false,false,true,20
SC-0158,Safe City Camera 158,Safe_City,12.924396,77.650347,South Bengaluru,,true,true,true,50
MC-P-0187,MCCTNS Camera Electronic City 187,MCCTNS_Private,12.85,77.674571,Bengaluru Urban,,false,false,true,20
BATCS-0046,Traffic Signal Camera 46,BATCS,12.978578,77.573249,Central Bengaluru,,true,false,true,80
MC-R-0040,MCCTNS Camera Whitefield 40,MCCTNS_RWA,12.982744,77.7,Bengaluru Urban,,false,false,true,20
MC-C-0153,MCCTNS Camera Rajajinagar 153,MCCTNS_Commercial,12.997838,77.554778,Central Bengaluru,Rajajinagar,false,false,true,20
MC-C-0235,MCCTNS Camera Whitefield 235,MCCTNS_Commercial,12.966052,77.7,East Bengaluru,Marathahalli Bridge,false,false,true,20
MC-R-0383,MCCTNS Camera Banashankari 383,MCCTNS_RWA,12.937656,77.533501,Bengaluru Urban,,false,false,true,20
MC-P-0138,MCCTNS Camera Whitefield 138,MCCTNS_Private,12.963323,77.7,East Bengaluru,Marathahalli Bridge,false,false,false,20
MC-C-0082,MCCTNS Camera Malleshwaram 82,MCCTNS_Commercial,13.015208,77.569095,North Bengaluru,,false,false,true,20
MC-P-0005,MCCTNS Camera Jayanagar 5,MCCTNS_Private,12.925919,77.583418,South Bengaluru,Jayanagar,false,false,true,20
MC-P-0202,MCCTNS Camera Banashankari 202,MCCTNS_Private,12.924592,77.542052,South Bengaluru,Banashankari,false,false,true,20
BATCS-0058,Traffic Signal Camera 58,BATCS,12.978267,77.542574,Bengaluru Urban,,true,false,true,80
MC-R-0330,MCCTNS Camera Banashankari 330,MCCTNS_RWA,12.93177,77.532952,Bengaluru Urban,,false,false,true,20
MC-P-0647,MCCTNS Camera Manyata Tech Park 647,MCCTNS_Private,13.05,77.624649,North Bengaluru,Manyata Tech Park,false,false,true,20
SC-0091,Safe City Camera 91,Safe_City,12.976426,77.60082,Central Bengaluru,,true,true,true,50
BATCS-0340,Traffic Signal Camera 340,BATCS,12.972078,77.594069,Central Bengaluru,,true,false,true,80
MC-P-0219,MCCTNS Camera JP Nagar 219,MCCTNS_Private,12.922339,77.591102,South Bengaluru,,false,false,true,20
BATCS-0168,Traffic Signal Camera 168,BATCS,12.926278,77.585863,South Bengaluru,Jayanagar,true,false,true,80
MC-P-0067,MCCTNS Camera Malleshwaram 67,MCCTNS_Private,13.013409,77.570799,North Bengaluru,,false,false,true,20
MC-P-0262,MCCTNS Camera Rajajinagar 262,MCCTNS_Private,12.999281,77.552614,Central Bengaluru,Rajajinagar,false,false,false,20
MC-R-0102,MCCTNS Camera Electronic City 102,MCCTNS_RWA,12.85,77.675601,Bengaluru Urban,,false,false,true,20
SC-0177,Safe City Camera 177,Safe_City,12.978266,77.641196,Central Bengaluru,Indiranagar 100ft Road,true,true,false,50
MC-C-0019,MCCTNS Camera Commercial Street 19,MCCTNS_Commercial,12.984785,77.602424,Central Bengaluru,,false,false,true,20
MC-P-0559,MCCTNS Camera Whitefield 559,MCCTNS_Private,12.96902,77.7,East Bengaluru,,false,false,true,20
MC-R-0162,MCCTNS Camera BTM Layout 162,MCCTNS_RWA,12.919532,77.605704,South Bengaluru,BTM Layout,false,false,true,20
MC-R-0361,MCCTNS Camera Electronic City 361,MCCTNS_RWA,12.85,77.688765,Bengaluru Urban,,false,false,true,20
BATCS-0088,Traffic Signal Camera 88,BATCS,12.96535,77.600705,East Bengaluru,,true,false,true,80
MC-P-0306,MCCTNS Camera Malleshwaram 306,MCCTNS_Private,13.001819,77.582686,North Bengaluru,,false,false,true,20
MC-P-0388,MCCTNS Camera Malleshwaram 388,MCCTNS_Private,13.006339,77.559445,North Bengaluru,,false,false,true,20
BATCS-0347,Traffic Signal Camera 347,BATCS,13.00836,77.695897,North Bengaluru,KR Puram,true,false,true,80
MC-P-0069,MCCTNS Camera Malleshwaram 69,MCCTNS_Private,13.00384,77.576971,North Bengaluru,Malleshwaram,false,false,true,20
MC-R-0351,MCCTNS Camera Whitefield 351,MCCTNS_RWA,12.964614,77.7,East Bengaluru,Marathahalli Bridge,false,false,true,20
MC-C-0151,MCCTNS Camera Banashankari 151,MCCTNS_Commercial,12.933164,77.543182,Bengaluru Urban,,false,false,true,20
MC-R-0216,MCCTNS Camera Malleshwaram 216,MCCTNS_RWA,13.00393,77.572925,North Bengaluru,Malleshwaram,false,false,true,20
MC-P-0053,MCCTNS Camera Manyata Tech Park 53,MCCTNS_Private,13.040164,77.630542,North Bengaluru,,false,false,true,20
MC-P-0135,MCCTNS Camera Rajajinagar 135,MCCTNS_Private,12.997371,77.540713,Bengaluru Urban,,false,false,true,20
BATCS-0010,Traffic Signal Camera 10,BATCS,12.939368,77.695506,East Bengaluru,,true,false,true,80
MC-R-0033,MCCTNS Camera Rajajinagar 33,MCCTNS_RWA,13.003827,77.557698,North Bengaluru,Rajajinagar,false,false,false,20
MC-C-0123,MCCTNS Camera BTM Layout 123,MCCTNS_Commercial,12.910344,77.618682,South Bengaluru,,false,false,true,20
SC-0215,Safe City Camera 215,Safe_City,12.91091,77.585463,South Bengaluru,JP Nagar,true,true,true,50
SC-0243,Safe City Camera 243,Safe_City,12.98519,77.588502,Central Bengaluru,,true,true,true,50
MC-C-0059,MCCTNS Camera Manyata Tech Park 59,MCCTNS_Commercial,13.046985,77.621617,North Bengaluru,Manyata Tech Park,false,false,true,20
BATCS-0147,Traffic Signal Camera 147,BATCS,12.975164,77.576474,Central Bengaluru,,true,false,true,80
MC-P-0432,MCCTNS Camera Jayanagar 432,MCCTNS_Private,12.928066,77.583596,South Bengaluru,Jayanagar,false,false,true,20
BATCS-0086,Traffic Signal Camera 86,BATCS,12.98716,77.619956,Central Bengaluru,,true,false,true,80
MC-P-0646,MCCTNS Camera Commercial Street 646,MCCTNS_Private,12.970306,77.619313,Central Bengaluru,,false,false,true,20
MC-P-0542,MCCTNS Camera Banashankari 542,MCCTNS_Private,12.931822,77.563117,Bengaluru Urban,,false,false,true,20
MC-P-0403,MCCTNS Camera JP Nagar 403,MCCTNS_Private,12.910659,77.587604,South Bengaluru,JP Nagar,false,false,true,20
MC-R-0123,MCCTNS Camera BTM Layout 123,MCCTNS_RWA,12.917402,77.611977,South Bengaluru,BTM Layout,false,false,true,20
MC-R-0074,MCCTNS Camera BTM Layout 74,MCCTNS_RWA,12.910195,77.605248,South Bengaluru,,false,false,true,20
SC-0260,Safe City Camera 260 - Electronic City Toll,Safe_City,12.85,77.675579,Bengaluru Urban,,true,true,true,50
MC-C-0035,MCCTNS Camera Jayanagar 35,MCCTNS_Commercial,12.919529,77.584456,South Bengaluru,,false,false,true,20
MC-C-0260,MCCTNS Camera Malleshwaram 260,MCCTNS_Commercial,13.003464,77.570956,North Bengaluru,Malleshwaram,false,false,true,20
BATCS-0014,Traffic Signal Camera 14,BATCS,12.936405,77.518539,Bengaluru Urban,,true,false,true,80
MC-R-0042,MCCTNS Camera JP Nagar 42,MCCTNS_RWA,12.913715,77.591772,South Bengaluru,,false,false,true,20
BATCS-0113,Traffic Signal Camera 113,BATCS,12.958054,77.605911,East Bengaluru,,true,false,true,80
MC-P-0578,MCCTNS Camera BTM Layout 578,MCCTNS_Private,12.923632,77.609628,South Bengaluru,BTM Layout,false,false,true,20
MC-C-0102,MCCTNS Camera Whitefield 102,MCCTNS_Commercial,12.959399,77.7,East Bengaluru,Marathahalli Bridge,false,false,true,20
MC-P-0164,MCCTNS Camera Manyata Tech Park 164,MCCTNS_Private,13.040479,77.636096,North Bengaluru,,false,false,true,20
MC-P-0297,MCCTNS Camera Whitefield 297,MCCTNS_Private,12.98565,77.7,Bengaluru Urban,,false,false,true,20
MC-P-0222,MCCTNS Camera Malleshwaram 222,MCCTNS_Private,12.992676,77.556286,Central Bengaluru,Rajajinagar,false,false,true,20
MC-R-0189,MCCTNS Camera BTM Layout 189,MCCTNS_RWA,12.91481,77.608734,South Bengaluru,BTM Layout,false,false,true,20
MC-P-0500,MCCTNS Camera JP Nagar 500,MCCTNS_Private,12.906677,77.601558,South Bengaluru,,false,false,true,20
MC-R-0294,MCCTNS Camera Commercial Street 294,MCCTNS_RWA,12.97956,77.607464,Central Bengaluru,Commercial Street,false,false,true,20
MC-P-0557,MCCTNS Camera Whitefield 557,MCCTNS_Private,12.973751,77.7,Bengaluru Urban,,false,false,true,20
BATCS-0141,Traffic Signal Camera 141,BATCS,12.934426,77.629508,East Bengaluru,Koramangala 5th Block,true,false,true,80
MC-P-0513,MCCTNS Camera Jayanagar 513,MCCTNS_Private,12.9331,77.593749,Bengaluru Urban,,false,false,true,20
MC-R-0313,MCCTNS Camera Rajajinagar 313,MCCTNS_RWA,12.987062,77.541491,Bengaluru Urban,,false,false,true,20
BATCS-0103,Traffic Signal Camera 103,BATCS,12.957935,77.518939,Bengaluru Urban,,true,false,true,80
SC-0013,Safe City Camera 13,Safe_City,13.038135,77.522417,North Bengaluru,,true,true,false,50
MC-C-0067,MCCTNS Camera Commercial Street 67,MCCTNS_Commercial,12.971607,77.605739,Central Bengaluru,MG Road,false,false,true,20
SC-0261,Safe City Camera 261 - Electronic City Toll,Safe_City,12.85,77.676647,Bengaluru Urban,,true,true,true,50
MC-R-0063,MCCTNS Camera Malleshwaram 63,MCCTNS_RWA,13.015817,77.57412,North Bengaluru,,false,false,true,20
SC-0066,Safe City Camera 66,Safe_City,12.98436,77.588348,Central Bengaluru,,true,true,true,50
MC-P-0452,MCCTNS Camera Commercial Street 452,MCCTNS_Private,12.985205,77.592201,Central Bengaluru,,false,false,true,20
MC-R-0329,MCCTNS Camera Whitefield 329,MCCTNS_RWA,12.97173,77.7,Bengaluru Urban,,false,false,true,20
BATCS-0074,Traffic Signal Camera 74,BATCS,12.927869,77.546399,South Bengaluru,Banashankari,true,false,true,80
MC-P-0420,MCCTNS Camera BTM Layout 420,MCCTNS_Private,12.915766,77.612818,South Bengaluru,BTM Layout,false,false,true,20
BATCS-0143,Traffic Signal Camera 143,BATCS,12.97554,77.576018,Central Bengaluru,,true,false,true,80
BATCS-0385,Traffic Signal Camera 385,BATCS,12.910544,77.585542,South Bengaluru,JP Nagar,true,false,true,80
MC-P-0050,MCCTNS Camera Manyata Tech Park 50,MCCTNS_Private,13.03841,77.624972,North Bengaluru,,false,false,true,20
BATCS-0364,Traffic Signal Camera 364,BATCS,12.937227,77.60141,East Bengaluru,,true,false,true,80
BATCS-0334,Traffic Signal Camera 334,BATCS,12.955449,77.591968,Bengaluru Urban,,true,false,true,80
SC-0236,Safe City Camera 236,Safe_City,13.037828,77.521773,North Bengaluru,,true,true,false,50
MC-P-0395,MCCTNS Camera BTM Layout 395,MCCTNS_Private,12.920049,77.604089,South Bengaluru,BTM Layout,false,false,true,20
MC-P-0348,MCCTNS Camera Rajajinagar 348,MCCTNS_Private,13.009016,77.545849,North Bengaluru,,false,false,true,20
BATCS-0370,Traffic Signal Camera 370,BATCS,12.967088,77.661485,East Bengaluru,,true,false,true,80
MC-R-0261,MCCTNS Camera Manyata Tech Park 261,MCCTNS_RWA,13.049273,77.637844,North Bengaluru,,false,false,true,20
MC-P-0272,MCCTNS Camera Malleshwaram 272,MCCTNS_Private,12.993936,77.562616,Central Bengaluru,,false,false,true,20
BATCS-0361,Traffic Signal Camera 361,BATCS,12.988768,77.617141,Central Bengaluru,,true,false,true,80
MC-R-0207,MCCTNS Camera Banashankari 207,MCCTNS_RWA,12.926917,77.544732,South Bengaluru,Banashankari,false,false,true,20
MC-R-0068,MCCTNS Camera Whitefield 68,MCCTNS_RWA,12.962095,77.7,East Bengaluru,Marathahalli Bridge,false,false,true,20
MC-P-0273,MCCTNS Camera Rajajinagar 273,MCCTNS_Private,12.99701,77.551888,Central Bengaluru,Rajajinagar,false,false,true,20
MC-R-0093,MCCTNS Camera JP Nagar 93,MCCTNS_RWA,12.904042,77.583633,South Bengaluru,JP Nagar,false,false,true,20
MC-R-0208,MCCTNS Camera Jayanagar 208,MCCTNS_RWA,12.928141,77.591459,South Bengaluru,,false,false,true,20
MC-R-0144,MCCTNS Camera BTM Layout 144,MCCTNS_RWA,12.916075,77.609852,South Bengaluru,BTM Layout,false,false,true,20
MC-R-0267,MCCTNS Camera Rajajinagar 267,MCCTNS_RWA,13.009164,77.561984,North Bengaluru,,false,false,true,20
MC-C-0012,MCCTNS Camera Malleshwaram 12,MCCTNS_Commercial,12.986928,77.566714,Central Bengaluru,,false,false,true,20
MC-P-0456,MCCTNS Camera Rajajinagar 456,MCCTNS_Private,12.98576,77.561149,Central Bengaluru,,false,false,true,20
SC-0075,Safe City Camera 75,Safe_City,12.977018,77.599663,Central Bengaluru,,true,true,true,50
MC-R-0382,MCCTNS Camera Electronic City 382,MCCTNS_RWA,12.85,77.678159,Bengaluru Urban,,false,false,true,20
MC-P-0459,MCCTNS Camera Commercial Street 459,MCCTNS_Private,12.980302,77.594105,Central Bengaluru,,false,false,true,20
MC-C-0114,MCCTNS Camera Banashankari 114,MCCTNS_Commercial,12.925581,77.53914,South Bengaluru,Banashankari,false,false,true,20
MC-P-0419,MCCTNS Camera Whitefield 419,MCCTNS_Private,12.969896,77.7,East Bengaluru,,false,false,true,20
SC-0151,Safe City Camera 151,Safe_City,12.936785,77.579949,Bengaluru Urban,,true,true,true,50
MC-C-0165,MCCTNS Camera JP Nagar 165,MCCTNS_Commercial,12.920787,77.578274,South Bengaluru,,false,false,true,20
MC-P-0444,MCCTNS Camera Whitefield 444,MCCTNS_Private,12.962362,77.7,East Bengaluru,Marathahalli Bridge,false,false,true,20
MC-R-0057,MCCTNS Camera Banashankari 57,MCCTNS_RWA,12.922085,77.536168,South Bengaluru,,false,false,true,20
MC-C-0180,MCCTNS Camera Electronic City 180,MCCTNS_Commercial,12.85,77.679699,Bengaluru Urban,,false,false,true,20
MC-C-0245,MCCTNS Camera Rajajinagar 245,MCCTNS_Commercial,12.992488,77.550561,Central Bengaluru,,false,false,true,20
MC-C-0199,MCCTNS Camera BTM Layout 199,MCCTNS_Commercial,12.9256,77.615533,South Bengaluru,,false,false,true,20
MC-C-0097,MCCTNS Camera Manyata Tech Park 97,MCCTNS_Commercial,13.046398,77.615757,North Bengaluru,Manyata Tech Park,false,false,true,20
BATCS-0033,Traffic Signal Camera 33,BATCS,12.928357,77.600458,South Bengaluru,,true,false,true,80
SC-0125,Safe City Camera 125,Safe_City,12.994692,77.607646,Central Bengaluru,,true,true,true,50
BATCS-0362,Traffic Signal Camera 362,BATCS,13.027008,77.579736,North Bengaluru,,true,false,true,80
SC-0173,Safe City Camera 173,Safe_City,12.975382,77.576292,Central Bengaluru,,true,true,true,50
SC-0050,Safe City Camera 50,Safe_City,12.931821,77.613688,East Bengaluru,,true,true,true,50
MC-C-0179,MCCTNS Camera Rajajinagar 179,MCCTNS_Commercial,13.003051,77.563535,North Bengaluru,,false,false,true,20
MC-R-0205,MCCTNS Camera Electronic City 205,MCCTNS_RWA,12.855422,77.685005,Bengaluru Urban,,false,false,true,20
MC-P-0489,MCCTNS Camera Banashankari 489,MCCTNS_Private,12.935294,77.547087,Bengaluru Urban,,false,false,true,20
MC-R-0128,MCCTNS Camera JP Nagar 128,MCCTNS_RWA,12.908762,77.584705,South Bengaluru,JP Nagar,false,false,true,20
SC-0204,Safe City Camera 204,Safe_City,12.982793,77.595884,Central Bengaluru,,true,true,false,50
MC-P-0068,MCCTNS Camera Electronic City 68,MCCTNS_Private,12.85,77.67114,Bengaluru Urban,,false,false,true,20
MC-P-0501,MCCTNS Camera Whitefield 501,MCCTNS_Private,12.971868,77.7,Bengaluru Urban,,false,false,true,20
SC-0141,Safe City Camera 141,Safe_City,13.033253,77.622708,North Bengaluru,,true,true,true,50
MC-P-0422,MCCTNS Camera Malleshwaram 422,MCCTNS_Private,13.002063,77.57178,North Bengaluru,Malleshwaram,false,false,true,20
SC-0265,Safe City Camera 265 - Hebbal Flyover,Safe_City,13.034976,77.597468,North Bengaluru,Hebbal Flyover,true,true,true,50
MC-P-0026,MCCTNS Camera Malleshwaram 26,MCCTNS_Private,13.003444,77.562558,North Bengaluru,,false,false,true,20
MC-R-0127,MCCTNS Camera Commercial Street 127,MCCTNS_RWA,12.982651,77.618152,Central Bengaluru,,false,false,true,20
BATCS-0003,Traffic Signal Camera 3,BATCS,12.93198,77.61378,East Bengaluru,,true,false,true,80
MC-R-0353,MCCTNS Camera Malleshwaram 353,MCCTNS_RWA,13.003497,77.571699,North Bengaluru,Malleshwaram,false,false,true,20
MC-P-0230,MCCTNS Camera Manyata Tech Park 230,MCCTNS_Private,13.048925,77.635528,North Bengaluru,,false,false,true,20
SC-0110,Safe City Camera 110,Safe_City,12.978314,77.542543,Bengaluru Urban,,true,true,true,50
MC-R-0143,MCCTNS Camera Rajajinagar 143,MCCTNS_RWA,13.008434,77.559023,North Bengaluru,,false,false,true,20
MC-C-0161,MCCTNS Camera Manyata Tech Park 161,MCCTNS_Commercial,13.05,77.628837,North Bengaluru,,false,false,true,20
BATCS-0273,Traffic Signal Camera 273,BATCS,13.005071,77.685104,North Bengaluru,,true,false,true,80
MC-P-0426,MCCTNS Camera Jayanagar 426,MCCTNS_Private,12.926079,77.576419,South Bengaluru,,false,false,true,20
BATCS-0304,Traffic Signal Camera 304,BATCS,12.906664,77.573158,South Bengaluru,,true,false,true,80
MC-P-0451,MCCTNS Camera JP Nagar 451,MCCTNS_Private,12.919668,77.595271,South Bengaluru,,false,false,true,20
SC-0198,Safe City Camera 198,Safe_City,12.965686,77.535386,Bengaluru Urban,,true,true,true,50
MC-P-0381,MCCTNS Camera Electronic City 381,MCCTNS_Private,12.85,77.667431,Bengaluru Urban,,false,false,true,20
MC-R-0121,MCCTNS Camera Malleshwaram 121,MCCTNS_RWA,13.013955,77.575007,North Bengaluru,,false,false,true,20
MC-P-0611,MCCTNS Camera Electronic City 611,MCCTNS_Private,12.85,77.686658,Bengaluru Urban,,false,false,true,20
BATCS-0351,Traffic Signal Camera 351,BATCS,13.01472,77.572602,North Bengaluru,,true,false,true,80
MC-C-0108,MCCTNS Camera Whitefield 108,MCCTNS_Commercial,12.978868,77.7,Bengaluru Urban,,false,false,true,20
SC-0150,Safe City Camera 150,Safe_City,13.037681,77.522293,North Bengaluru,,true,true,true,50
SC-0207,Safe City Camera 207,Safe_City,12.957105,77.573256,Bengaluru Urban,,true,true,true,50
MC-R-0373,MCCTNS Camera Whitefield 373,MCCTNS_RWA,12.954369,77.7,East Bengaluru,Marathahalli Bridge,false,false,false,20
SC-0222,Safe City Camera 222,Safe_City,12.926727,77.561661,South Bengaluru,,true,true,false,50
MC-R-0218,MCCTNS Camera Jayanagar 218,MCCTNS_RWA,12.924217,77.585347,South Bengaluru,Jayanagar,false,false,true,20
MC-R-0154,MCCTNS Camera Banashankari 154,MCCTNS_RWA,12.923539,77.555397,South Bengaluru,,false,false,true,20
MC-P-0298,MCCTNS Camera Whitefield 298,MCCTNS_Private,12.960866,77.7,East Bengaluru,Marathahalli Bridge,false,false,true,20
MC-R-0065,MCCTNS Camera BTM Layout 65,MCCTNS_RWA,12.912297,77.609029,South Bengaluru,BTM Layout,false,false,false,20
MC-P-0172,MCCTNS Camera Jayanagar 172,MCCTNS_Private,12.938965,77.588292,Bengaluru Urban,,false,false,true,20
MC-C-0119,MCCTNS Camera Banashankari 119,MCCTNS_Commercial,12.927726,77.547582,South Bengaluru,Banashankari,false,false,true,20
MC-P-0548,MCCTNS Camera BTM Layout 548,MCCTNS_Private,12.913254,77.609388,South Bengaluru,BTM Layout,false,false,true,20
BATCS-0328,Traffic Signal Camera 328,BATCS,12.976561,77.599506,Central Bengaluru,,true,false,true,80
BATCS-0008,Traffic Signal Camera 8,BATCS,12.905861,77.54271,South Bengaluru,,true,false,true,80
BATCS-0377,Traffic Signal Camera 377,BATCS,13.034701,77.557477,North Bengaluru,,true,false,true,80
SC-0024,Safe City Camera 24,Safe_City,12.974742,77.577359,Central Bengaluru,,true,true,true,50
SC-0157,Safe City Camera 157,Safe_City,13.005085,77.565262,North Bengaluru,Malleshwaram,true,true,true,50
MC-P-0058,MCCTNS Camera Whitefield 58,MCCTNS_Private,12.98269,77.7,Bengaluru Urban,,false,false,true,20
MC-C-0024,MCCTNS Camera Malleshwaram 24,MCCTNS_Commercial,12.999921,77.57924,Central Bengaluru,,false,false,true,20
MC-C-0098,MCCTNS Camera Banashankari 98,MCCTNS_Commercial,12.937911,77.533346,Bengaluru Urban,,false,false,true,20
MC-P-0484,MCCTNS Camera Commercial Street 484,MCCTNS_Private,12.993188,77.621422,Central Bengaluru,,false,false,true,20
MC-P-0097,MCCTNS Camera Manyata Tech Park 97,MCCTNS_Private,13.05,77.619429,North Bengaluru,Manyata Tech Park,false,false,true,20
MC-P-0437,MCCTNS Camera Malleshwaram 437,MCCTNS_Private,13.009156,77.576213,North Bengaluru,,false,false,true,20
MC-R-0131,MCCTNS Camera Electronic City 131,MCCTNS_RWA,12.85,77.674723,Bengaluru Urban,,false,false,true,20
MC-P-0558,MCCTNS Camera BTM Layout 558,MCCTNS_Private,12.911321,77.609457,South Bengaluru,BTM Layout,false,false,true,20
MC-P-0570,MCCTNS Camera Manyata Tech Park 570,MCCTNS_Private,13.040526,77.624803,North Bengaluru,,false,false,true,20
MC-P-0553,MCCTNS Camera Malleshwaram 553,MCCTNS_Private,12.986513,77.573901,Central Bengaluru,,false,false,true,20
MC-C-0027,MCCTNS Camera Jayanagar 27,MCCTNS_Commercial,12.924971,77.590613,South Bengaluru,,false,false,true,20
MC-P-0351,MCCTNS Camera Electronic City 351,MCCTNS_Private,12.85,77.670497,Bengaluru Urban,,false,false,true,20
BATCS-0125,Traffic Signal Camera 125,BATCS,12.998152,77.553117,Central Bengaluru,Rajajinagar,true,false,true,80
BATCS-0094,Traffic Signal Camera 94,BATCS,12.996655,77.569532,Central Bengaluru,Malleshwaram,true,false,true,80
SC-0194,Safe City Camera 194,Safe_City,12.97857,77.646582,Central Bengaluru,Indiranagar 100ft Road,true,true,true,50
BATCS-0265,Traffic Signal Camera 265,BATCS,12.95541,77.689568,East Bengaluru,,true,false,true,80
SC-0162,Safe City Camera 162,Safe_City,12.993043,77.608243,Central Bengaluru,,true,true,true,50
BATCS-0342,Traffic Signal Camera 342,BATCS,12.92655,77.561348,South Bengaluru,,true,false,true,80
MC-P-0536,MCCTNS Camera Malleshwaram 536,MCCTNS_Private,13.00094,77.575878,North Bengaluru,Malleshwaram,false,false,true,20
MC-P-0162,MCCTNS Camera BTM Layout 162,MCCTNS_Private,12.92462,77.60728,South Bengaluru,,false,false,true,20
MC-P-0343,MCCTNS Camera Manyata Tech Park 343,MCCTNS_Private,13.038726,77.61944,North Bengaluru,,false,false,true,20
MC-P-0076,MCCTNS Camera Rajajinagar 76,MCCTNS_Private,12.994514,77.564192,Central Bengaluru,,false,false,true,20
MC-R-0322,MCCTNS Camera Rajajinagar 322,MCCTNS_RWA,12.994108,77.556155,Central Bengaluru,Rajajinagar,false,false,false,20
BATCS-0139,Traffic Signal Camera 139,BATCS,12.968579,77.614108,East Bengaluru,,true,false,true,80
MC-P-0095,MCCTNS Camera Whitefield 95,MCCTNS_Private,12.970433,77.7,Bengaluru Urban,,false,false,true,20
MC-P-0455,MCCTNS Camera Jayanagar 455,MCCTNS_Private,12.92754,77.584893,South Bengaluru,Jayanagar,false,false,true,20
MC-P-0345,MCCTNS Camera Electronic City 345,MCCTNS_Private,12.852822,77.664278,Bengaluru Urban,,false,false,true,20
MC-P-0022,MCCTNS Camera Manyata Tech Park 22,MCCTNS_Private,13.047178,77.617671,North Bengaluru,Manyata Tech Park,false,false,true,20
MC-R-0006,MCCTNS Camera Rajajinagar 6,MCCTNS_RWA,12.996345,77.555146,Central Bengaluru,Rajajinagar,false,false,true,20
SC-0118,Safe City Camera 118,Safe_City,12.925391,77.55003,South Bengaluru,Banashankari,true,true,true,50
MC-R-0125,MCCTNS Camera Banashankari 125,MCCTNS_RWA,12.928476,77.527737,South Bengaluru,,false,false,true,20
MC-P-0253,MCCTNS Camera Rajajinagar 253,MCCTNS_Private,13.00028,77.556025,North Bengaluru,Rajajinagar,false,false,true,20
BATCS-0393,Traffic Signal Camera 393,BATCS,12.97765,77.59058,Central Bengaluru,,true,false,true,80
MC-P-0386,MCCTNS Camera Whitefield 386,MCCTNS_Private,12.985346,77.7,Bengaluru Urban,,false,false,true,20
BATCS-0090,Traffic Signal Camera 90,BATCS,12.96227,77.575925,Bengaluru Urban,,true,false,true,80
MC-P-0603,MCCTNS Camera Manyata Tech Park 603,MCCTNS_Private,13.04102,77.63544,North Bengaluru,,false,false,true,20
MC-R-0112,MCCTNS Camera JP Nagar 112,MCCTNS_RWA,12.915205,77.591108,South Bengaluru,,false,false,true,20
SC-0014,Safe City Camera 14,Safe_City,13.003766,77.619766,North Bengaluru,,true,true,true,50
MC-R-0080,MCCTNS Camera Commercial Street 80,MCCTNS_RWA,12.986618,77.611382,Central Bengaluru,Commercial Street,false,false,true,20
MC-C-0252,MCCTNS Camera Manyata Tech Park 252,MCCTNS_Commercial,13.040976,77.625757,North Bengaluru,,false,false,true,20
MC-R-0365,MCCTNS Camera Banashankari 365,MCCTNS_RWA,12.938952,77.547087,Bengaluru Urban,,false,false,true,20
MC-P-0207,MCCTNS Camera Electronic City 207,MCCTNS_Private,12.85,77.690202,Bengaluru Urban,,false,false,true,20
MC-R-0197,MCCTNS Camera Jayanagar 197,MCCTNS_RWA,12.9243,77.579887,South Bengaluru,Jayanagar,false,false,true,20
MC-P-0393,MCCTNS Camera Commercial Street 393,MCCTNS_Private,12.982079,77.605505,Central Bengaluru,Commercial Street,false,false,true,20
MC-C-0050,MCCTNS Camera Manyata Tech Park 50,MCCTNS_Commercial,13.05,77.617556,North Bengaluru,Manyata Tech Park,false,false,true,20
BATCS-0396,Traffic Signal Camera 396,BATCS,12.966826,77.620692,East Bengaluru,,true,false,true,80
BATCS-0391,Traffic Signal Camera 391,BATCS,13.008556,77.569308,North Bengaluru,Malleshwaram,true,false,true,80
BATCS-0085,Traffic Signal Camera 85,BATCS,12.92773,77.62113,South Bengaluru,Koramangala 5th Block,true,false,true,80
MC-R-0152,MCCTNS Camera JP Nagar 152,MCCTNS_RWA,12.914135,77.596627,South Bengaluru,,false,false,true,20
BATCS-0268,Traffic Signal Camera 268,BATCS,12.92446,77.628542,South Bengaluru,,true,false,true,80
BATCS-0218,Traffic Signal Camera 218,BATCS,12.928444,77.600599,South Bengaluru,,true,false,true,80
MC-R-0212,MCCTNS Camera Malleshwaram 212,MCCTNS_RWA,13.008219,77.56516,North Bengaluru,,false,false,true,20
MC-P-0479,MCCTNS Camera BTM Layout 479,MCCTNS_Private,12.913668,77.609991,South Bengaluru,BTM Layout,false,false,true,20
SC-0031,Safe City Camera 31,Safe_City,12.975424,77.575821,Central Bengaluru,,true,true,true,50
SC-0166,Safe City Camera 166,Safe_City,12.974678,77.577404,Central Bengaluru,,true,true,true,50
SC-0088,Safe City Camera 88,Safe_City,13.037814,77.522194,North Bengaluru,,true,true,true,50
MC-R-0019,MCCTNS Camera Whitefield 19,MCCTNS_RWA,12.966126,77.7,East Bengaluru,Marathahalli Bridge,false,false,true,20
MC-P-0320,MCCTNS Camera Commercial Street 320,MCCTNS_Private,12.984013,77.604881,Central Bengaluru,Commercial Street,false,false,true,20
MC-P-0016,MCCTNS Camera Manyata Tech Park 16,MCCTNS_Private,13.05,77.605792,North Bengaluru,,false,false,true,20
MC-P-0015,MCCTNS Camera JP Nagar 15,MCCTNS_Private,12.906695,77.590553,South Bengaluru,JP Nagar,false,false,true,20
MC-P-0300,MCCTNS Camera Manyata Tech Park 300,MCCTNS_Private,13.040406,77.622337,North Bengaluru,Manyata Tech Park,false,false,true,20
BATCS-0267,Traffic Signal Camera 267,BATCS,12.974713,77.548667,Bengaluru Urban,,true,false,true,80
MC-P-0430,MCCTNS Camera Jayanagar 430,MCCTNS_Private,12.927165,77.601926,South Bengaluru,,false,false,true,20
MC-P-0292,MCCTNS Camera Banashankari 292,MCCTNS_Private,12.928367,77.560436,South Bengaluru,,false,false,true,20
BATCS-0199,Traffic Signal Camera 199,BATCS,12.934189,77.612332,East Bengaluru,,true,false,true,80
MC-C-0238,MCCTNS Camera Jayanagar 238,MCCTNS_Commercial,12.928171,77.584005,South Bengaluru,Jayanagar,false,false,true,20
MC-R-0142,MCCTNS Camera Malleshwaram 142,MCCTNS_RWA,13.006296,77.568668,North Bengaluru,Malleshwaram,false,false,true,20
SC-0285,Safe City Camera 285 - Whitefield Signal,Safe_City,12.97058,77.7,Bengaluru Urban,,true,true,true,50
MC-P-0255,MCCTNS Camera Commercial Street 255,MCCTNS_Private,12.973976,77.61522,Central Bengaluru,MG Road,false,false,true,20
MC-P-0148,MCCTNS Camera Rajajinagar 148,MCCTNS_Private,12.992671,77.570411,Central Bengaluru,,false,false,true,20
SC-0117,Safe City Camera 117,Safe_City,12.906757,77.580423,South Bengaluru,JP Nagar,true,true,true,50
MC-C-0190,MCCTNS Camera Rajajinagar 190,MCCTNS_Commercial,12.99845,77.555482,Central Bengaluru,Rajajinagar,false,false,true,20
MC-R-0184,MCCTNS Camera Banashankari 184,MCCTNS_RWA,12.922746,77.53079,South Bengaluru,,false,false,true,20
BATCS-0207,Traffic Signal Camera 207,BATCS,12.978221,77.640747,Central Bengaluru,Indiranagar 100ft Road,true,false,true,80
SC-0174,Safe City Camera 174,Safe_City,12.978904,77.646159,Central Bengaluru,Indiranagar 100ft Road,true,true,true,50
MC-C-0061,MCCTNS Camera JP Nagar 61,MCCTNS_Commercial,12.915426,77.586187,South Bengaluru,JP Nagar,false,false,true,20
SC-0185,Safe City Camera 185,Safe_City,12.990366,77.613963,Central Bengaluru,,true,true,true,50
SC-0035,Safe City Camera 35,Safe_City,12.995469,77.616705,Central Bengaluru,,true,true,true,50
SC-0259,Safe City Camera 259 - Hebbal Flyover,Safe_City,13.036561,77.596942,North Bengaluru,Hebbal Flyover,true,true,true,50
MC-P-0291,MCCTNS Camera Malleshwaram 291,MCCTNS_Private,12.994387,77.56806,Central Bengaluru,,false,false,true,20
BATCS-0002,Traffic Signal Camera 2,BATCS,12.990513,77.61408,Central Bengaluru,,true,false,true,80
BATCS-0084,Traffic Signal Camera 84,BATCS,12.987807,77.512243,Bengaluru Urban,,true,false,true,80
BATCS-0373,Traffic Signal Camera 373,BATCS,13.039285,77.564022,North Bengaluru,,true,false,true,80
BATCS-0098,Traffic Signal Camera 98,BATCS,12.918811,77.685481,South Bengaluru,,true,false,true,80
MC-C-0226,MCCTNS Camera Rajajinagar 226,MCCTNS_Commercial,13.001516,77.558256,North Bengaluru,Rajajinagar,false,false,true,20
SC-0106,Safe City Camera 106,Safe_City,12.931753,77.584155,Bengaluru Urban,Jayanagar,true,true,true,50
MC-C-0259,MCCTNS Camera Whitefield 259,MCCTNS_Commercial,12.954196,77.7,East Bengaluru,Marathahalli Bridge,false,false,true,20
MC-P-0010,MCCTNS Camera Whitefield 10,MCCTNS_Private,12.980008,77.7,Bengaluru Urban,,false,false,true,20
MC-P-0620,MCCTNS Camera Banashankari 620,MCCTNS_Private,12.921641,77.550619,South Bengaluru,Banashankari,false,false,true,20
MC-P-0446,MCCTNS Camera Banashankari 446,MCCTNS_Private,12.925861,77.552617,South Bengaluru,Banashankari,false,false,true,20
MC-P-0365,MCCTNS Camera BTM Layout 365,MCCTNS_Private,12.914699,77.627332,South Bengaluru,Silk Board,false,false,true,20
MC-R-0236,MCCTNS Camera Jayanagar 236,MCCTNS_RWA,12.924805,77.601454,South Bengaluru,,false,false,true,20
SC-0224,Safe City Camera 224,Safe_City,12.974231,77.578184,Central Bengaluru,,true,true,true,50
BATCS-0106,Traffic Signal Camera 106,BATCS,12.978632,77.542544,Bengaluru Urban,,true,false,true,80
MC-R-0308,MCCTNS Camera Jayanagar 308,MCCTNS_RWA,12.931902,77.577743,Bengaluru Urban,Jayanagar,false,false,true,20
MC-C-0076,MCCTNS Camera Malleshwaram 76,MCCTNS_Commercial,13.009312,77.582366,North Bengaluru,,false,false,true,20
BATCS-0126,Traffic Signal Camera 126,BATCS,12.984165,77.587797,Central Bengaluru,,true,false,true,80
MC-C-0109,MCCTNS Camera Jayanagar 109,MCCTNS_Commercial,12.923626,77.580008,South Bengaluru,Jayanagar,false,false,true,20
MC-P-0083,MCCTNS Camera Jayanagar 83,MCCTNS_Private,12.934938,77.596237,Bengaluru Urban,,false,false,true,20
SC-0289,Safe City Camera 289 - HSR Layout,Safe_City,12.911043,77.636616,South Bengaluru,HSR Layout,true,true,true,50
MC-R-0345,MCCTNS Camera BTM Layout 345,MCCTNS_RWA,12.916752,77.610571,South Bengaluru,BTM Layout,false,false,true,20
SC-0074,Safe City Camera 74,Safe_City,12.976433,77.600763,Central Bengaluru,,true,true,true,50
MC-P-0397,MCCTNS Camera Commercial Street 397,MCCTNS_Private,12.99328,77.610929,Central Bengaluru,,false,false,true,20
MC-R-0109,MCCTNS Camera Electronic City 109,MCCTNS_RWA,12.85,77.663673,Bengaluru Urban,,false,false,true,20
MC-P-0066,MCCTNS Camera Electronic City 66,MCCTNS_Private,12.85,77.672303,Bengaluru Urban,,false,false,true,20
MC-C-0236,MCCTNS Camera BTM Layout 236,MCCTNS_Commercial,12.917152,77.602518,South Bengaluru,,false,false,true,20
MC-P-0339,MCCTNS Camera Whitefield 339,MCCTNS_Private,12.975339,77.7,Bengaluru Urban,,false,false,true,20
BATCS-0187,Traffic Signal Camera 187,BATCS,12.986149,77.589822,Central Bengaluru,,true,false,true,80
SC-0009,Safe City Camera 9,Safe_City,12.987911,77.617974,Central Bengaluru,,true,true,true,50
BATCS-0037,Traffic Signal Camera 37,BATCS,12.995685,77.616836,Central Bengaluru,,true,false,true,80
MC-C-0041,MCCTNS Camera Whitefield 41,MCCTNS_Commercial,12.974621,77.7,Bengaluru Urban,,false,false,true,20
MC-P-0527,MCCTNS Camera Jayanagar 527,MCCTNS_Private,12.922562,77.591219,South Bengaluru,,false,false,true,20
BATCS-0394,Traffic Signal Camera 394,BATCS,12.920306,77.685499,South Bengaluru,,true,false,true,80
MC-R-0312,MCCTNS Camera Electronic City 312,MCCTNS_RWA,12.85,77.668759,Bengaluru Urban,,false,false,true,20
BATCS-0079,Traffic Signal Camera 79,BATCS,13.039442,77.641566,North Bengaluru,,true,false,true,80
MC-P-0059,MCCTNS Camera Manyata Tech Park 59,MCCTNS_Private,13.05,77.616626,North Bengaluru,Manyata Tech Park,false,false,true,20
BATCS-0271,Traffic Signal Camera 271,BATCS,13.03199,77.621817,North Bengaluru,,true,false,true,80
BATCS-0247,Traffic Signal Camera 247,BATCS,12.997356,77.546364,Bengaluru Urban,,true,false,true,80
SC-0070,Safe City Camera 70,Safe_City,12.995893,77.601514,Central Bengaluru,,true,true,true,50
MC-P-0502,MCCTNS Camera Banashankari 502,MCCTNS_Private,12.923458,77.545366,South Bengaluru,Banashankari,false,false,true,20
MC-P-0264,MCCTNS Camera JP Nagar 264,MCCTNS_Private,12.912351,77.600285,South Bengaluru,,false,false,true,20
BATCS-0387,Traffic Signal Camera 387,BATCS,12.92409,77.65171,South Bengaluru,,true,false,true,80
BATCS-0372,Traffic Signal Camera 372,BATCS,12.982901,77.596963,Central Bengaluru,,true,false,true,80
MC-P-0525,MCCTNS Camera Banashankari 525,MCCTNS_Private,12.918364,77.540988,South Bengaluru,,false,false,true,20
BATCS-0212,Traffic Signal Camera 212,BATCS,12.889089,77.639981,Bengaluru Urban,,true,false,true,80
MC-C-0206,MCCTNS Camera Commercial Street 206,MCCTNS_Commercial,12.983177,77.610005,Central Bengaluru,Commercial Street,false,false,true,20
MC-P-0481,MCCTNS Camera Whitefield 481,MCCTNS_Private,12.968443,77.7,East Bengaluru,,false,false,true,20
MC-P-0626,MCCTNS Camera Electronic City 626,MCCTNS_Private,12.85,77.660998,Bengaluru Urban,,false,false,true,20
MC-R-0238,MCCTNS Camera Manyata Tech Park 238,MCCTNS_RWA,13.036634,77.60898,North Bengaluru,,false,false,true,20
SC-0140,Safe City Camera 140,Safe_City,12.955584,77.690689,East Bengaluru,,true,true,true,50
BATCS-0236,Traffic Signal Camera 236,BATCS,12.980917,77.597589,Central Bengaluru,,true,false,true,80
SC-0176,Safe City Camera 176,Safe_City,12.991091,77.614358,Central Bengaluru,,true,true,true,50
MC-P-0467,MCCTNS Camera Banashankari 467,MCCTNS_Private,12.932814,77.552584,Bengaluru Urban,,false,false,true,20
BATCS-0383,Traffic Signal Camera 383,BATCS,12.917106,77.585773,South Bengaluru,,true,false,true,80
MC-P-0413,MCCTNS Camera Rajajinagar 413,MCCTNS_Private,13.004338,77.568252,North Bengaluru,Malleshwaram,false,false,true,20
MC-P-0549,MCCTNS Camera Banashankari 549,MCCTNS_Private,12.92324,77.54268,South Bengaluru,Banashankari,false,false,true,20
SC-0108,Safe City Camera 108,Safe_City,12.948023,77.568933,Bengaluru Urban,,true,true,true,50
MC-C-0043,MCCTNS Camera Rajajinagar 43,MCCTNS_Commercial,12.995633,77.559832,Central Bengaluru,Rajajinagar,false,false,true,20
MC-R-0287,MCCTNS Camera Manyata Tech Park 287,MCCTNS_RWA,13.036184,77.62624,North Bengaluru,,false,false,true,20
MC-C-0068,MCCTNS Camera Manyata Tech Park 68,MCCTNS_Commercial,13.05,77.627848,North Bengaluru,Manyata Tech Park,false,false,true,20
MC-P-0394,MCCTNS Camera Commercial Street 394,MCCTNS_Private,12.978095,77.619688,Central Bengaluru,,false,false,true,20
SC-0193,Safe City Camera 193,Safe_City,13.004254,77.619766,North Bengaluru,,true,true,true,50
MC-C-0066,MCCTNS Camera Banashankari 66,MCCTNS_Commercial,12.922052,77.534988,South Bengaluru,,false,false,true,20
MC-C-0046,MCCTNS Camera Electronic City 46,MCCTNS_Commercial,12.85,77.675896,Bengaluru Urban,,false,false,true,20
BATCS-0017,Traffic Signal Camera 17,BATCS,12.928236,77.546295,South Bengaluru,Banashankari,true,false,true,80
MC-P-0271,MCCTNS Camera Whitefield 271,MCCTNS_Private,12.962321,77.7,East Bengaluru,Marathahalli Bridge,false,false,true,20
MC-P-0087,MCCTNS Camera Electronic City 87,MCCTNS_Private,12.85,77.677815,Bengaluru Urban,,false,false,true,20
MC-R-0001,MCCTNS Camera Whitefield 1,MCCTNS_RWA,12.971901,77.7,Bengaluru Urban,,false,false,true,20
BATCS-0107,Traffic Signal Camera 107,BATCS,12.96225,77.575867,Bengaluru Urban,,true,false,true,80
SC-0085,Safe City Camera 85,Safe_City,12.978383,77.646653,Central Bengaluru,Indiranagar 100ft Road,true,true,true,50
BATCS-0028,Traffic Signal Camera 28,BATCS,12.936348,77.518521,Bengaluru Urban,,true,false,true,80
MC-P-0158,MCCTNS Camera JP Nagar 158,MCCTNS_Private,12.918948,77.576478,South Bengaluru,,false,false,true,20
MC-R-0002,MCCTNS Camera Malleshwaram 2,MCCTNS_RWA,12.992957,77.58235,Central Bengaluru,,false,false,true,20
MC-R-0181,MCCTNS Camera Rajajinagar 181,MCCTNS_RWA,13.01491,77.560722,North Bengaluru,,false,false,true,20
MC-R-0217,MCCTNS Camera Malleshwaram 217,MCCTNS_RWA,12.997728,77.577491,Central Bengaluru,,false,false,true,20
BATCS-0044,Traffic Signal Camera 44,BATCS,13.045558,77.507499,North Bengaluru,,true,false,true,80
BATCS-0221,Traffic Signal Camera 221,BATCS,12.976814,77.599371,Central Bengaluru,,true,false,true,80
BATCS-0225,Traffic Signal Camera 225,BATCS,12.995536,77.616495,Central Bengaluru,,true,false,true,80
BATCS-0270,Traffic Signal Camera 270,BATCS,12.9372,77.601888,East Bengaluru,,true,false,false,80
MC-R-0029,MCCTNS Camera Rajajinagar 29,MCCTNS_RWA,12.991981,77.566177,Central Bengaluru,,false,false,false,20
MC-P-0159,MCCTNS Camera BTM Layout 159,MCCTNS_Private,12.929442,77.617187,South Bengaluru,,false,false,true,20
MC-P-0057,MCCTNS Camera Banashankari 57,MCCTNS_Private,12.919312,77.546455,South Bengaluru,Banashankari,false,false,true,20
SC-0266,Safe City Camera 266 - Indiranagar 100ft Road,Safe_City,12.978173,77.640656,Central Bengaluru,Indiranagar 100ft Road,true,true,true,50
MC-R-0350,MCCTNS Camera Commercial Street 350,MCCTNS_RWA,12.98669,77.611061,Central Bengaluru,Commercial Street,false,false,true,20
MC-C-0133,MCCTNS Camera Rajajinagar 133,MCCTNS_Commercial,13.012024,77.550228,North Bengaluru,,false,false,true,20
MC-P-0458,MCCTNS Camera Rajajinagar 458,MCCTNS_Private,13.008733,77.545005,North Bengaluru,,false,false,false,20
MC-P-0486,MCCTNS Camera JP Nagar 486,MCCTNS_Private,12.90107,77.576606,South Bengaluru,,false,false,true,20
MC-P-0301,MCCTNS Camera Electronic City 301,MCCTNS_Private,12.85,77.680061,Bengaluru Urban,,false,false,true,20
MC-R-0298,MCCTNS Camera Manyata Tech Park 298,MCCTNS_RWA,13.031208,77.615861,North Bengaluru,,false,false,true,20
SC-0145,Safe City Camera 145,Safe_City,12.955972,77.546098,Bengaluru Urban,,true,true,true,50
MC-R-0082,MCCTNS Camera Jayanagar 82,MCCTNS_RWA,12.91867,77.589613,South Bengaluru,,false,false,true,20
SC-0008,Safe City Camera 8,Safe_City,12.958003,77.518958,Bengaluru Urban,,true,true,true,50
MC-P-0625,MCCTNS Camera Jayanagar 625,MCCTNS_Private,12.923873,77.591501,South Bengaluru,,false,false,true,20
BATCS-0065,Traffic Signal Camera 65,BATCS,12.902179,77.601195,South Bengaluru,,true,false,true,80
SC-0279,Safe City Camera 279 - Marathahalli Bridge,Safe_City,12.958642,77.7,East Bengaluru,Marathahalli Bridge,true,true,true,50
MC-R-0048,MCCTNS Camera Malleshwaram 48,MCCTNS_RWA,13.005263,77.56322,North Bengaluru,,false,false,true,20
MC-P-0051,MCCTNS Camera Manyata Tech Park 51,MCCTNS_Private,13.038145,77.62475,North Bengaluru,,false,false,true,20
MC-P-0485,MCCTNS Camera Whitefield 485,MCCTNS_Private,12.970641,77.7,Bengaluru Urban,,false,false,true,20
BATCS-0083,Traffic Signal Camera 83,BATCS,12.954641,77.679687,East Bengaluru,,true,false,true,80
SC-0184,Safe City Camera 184,Safe_City,12.964116,77.585148,Bengaluru Urban,,true,true,true,50
MC-P-0586,MCCTNS Camera Electronic City 586,MCCTNS_Private,12.85,77.661776,Bengaluru Urban,,false,false,true,20
BATCS-0227,Traffic Signal Camera 227,BATCS,13.00394,77.619604,North Bengaluru,,true,false,true,80
SC-0007,Safe City Camera 7,Safe_City,12.98493,77.588292,Central Bengaluru,,true,true,false,50
MC-P-0427,MCCTNS Camera Rajajinagar 427,MCCTNS_Private,12.999103,77.542024,Bengaluru Urban,,false,false,true,20
BATCS-0012,Traffic Signal Camera 12,BATCS,12.975844,77.587725,Central Bengaluru,,true,false,true,80
MC-C-0162,MCCTNS Camera JP Nagar 162,MCCTNS_Commercial,12.917036,77.584127,South Bengaluru,,false,false,true,20
MC-R-0251,MCCTNS Camera Whitefield 251,MCCTNS_RWA,12.964083,77.7,East Bengaluru,Marathahalli Bridge,false,false,true,20
MC-R-0262,MCCTNS Camera Jayanagar 262,MCCTNS_RWA,12.925322,77.579825,South Bengaluru,Jayanagar,false,false,true,20
BATCS-0332,Traffic Signal Camera 332,BATCS,13.04965,77.553672,North Bengaluru,,true,false,true,80
MC-P-0100,MCCTNS Camera BTM Layout 100,MCCTNS_Private,12.919213,77.627439,South Bengaluru,Silk Board,false,false,true,20
MC-P-0374,MCCTNS Camera BTM Layout 374,MCCTNS_Private,12.9177,77.609773,South Bengaluru,BTM Layout,false,false,true,20
BATCS-0223,Traffic Signal Camera 223,BATCS,12.935228,77.624453,East Bengaluru,Koramangala 5th Block,true,false,true,80
MC-R-0354,MCCTNS Camera Manyata Tech Park 354,MCCTNS_RWA,13.046319,77.619686,North Bengaluru,Manyata Tech Park,false,false,true,20
MC-P-0580,MCCTNS Camera Malleshwaram 580,MCCTNS_Private,13.007897,77.587089,North Bengaluru,,false,false,true,20
BATCS-0374,Sony World Signal,BATCS,12.937389,77.627145,East Bengaluru,Koramangala 5th Block,true,false,true,80
MC-P-0086,MCCTNS Camera Electronic City 86,MCCTNS_Private,12.85,77.685985,Bengaluru Urban,,false,false,true,20
MC-C-0010,MCCTNS Camera Electronic City 10,MCCTNS_Commercial,12.85,77.675814,Bengaluru Urban,,false,false,true,20
MC-C-0135,MCCTNS Camera BTM Layout 135,MCCTNS_Commercial,12.904102,77.604179,South Bengaluru,,false,false,true,20
MC-C-0015,MCCTNS Camera Electronic City 15,MCCTNS_Commercial,12.85,77.666282,Bengaluru Urban,,false,false,true,20
MC-C-0232,MCCTNS Camera BTM Layout 232,MCCTNS_Commercial,12.919201,77.615059,South Bengaluru,BTM Layout,false,false,true,20
MC-P-0128,MCCTNS Camera BTM Layout 128,MCCTNS_Private,12.926067,77.625692,South Bengaluru,,false,false,true,20
SC-0064,Safe City Camera 64,Safe_City,12.934377,77.629658,East Bengaluru,Koramangala 5th Block,true,true,true,50
SC-0113,Safe City Camera 113,Safe_City,13.004621,77.565155,North Bengaluru,Malleshwaram,true,true,true,50
MC-P-0383,MCCTNS Camera BTM Layout 383,MCCTNS_Private,12.920633,77.597072,South Bengaluru,,false,false,true,20
MC-R-0203,MCCTNS Camera BTM Layout 203,MCCTNS_RWA,12.926035,77.612416,South Bengaluru,,false,false,true,20
MC-P-0541,MCCTNS Camera Electronic City 541,MCCTNS_Private,12.85,77.670717,Bengaluru Urban,,false,false,true,20
BATCS-0254,Traffic Signal Camera 254,BATCS,12.926346,77.586113,South Bengaluru,Jayanagar,true,false,true,80
MC-P-0072,MCCTNS Camera Whitefield 72,MCCTNS_Private,12.969994,77.7,East Bengaluru,,false,false,true,20
MC-P-0410,MCCTNS Camera Malleshwaram 410,MCCTNS_Private,13.001937,77.573219,North Bengaluru,Malleshwaram,false,false,true,20
MC-C-0078,MCCTNS Camera Jayanagar 78,MCCTNS_Commercial,12.926096,77.591891,South Bengaluru,,false,false,true,20
MC-P-0619,MCCTNS Camera Rajajinagar 619,MCCTNS_Private,13.008673,77.553253,North Bengaluru,,false,false,true,20
MC-P-0362,MCCTNS Camera Malleshwaram 362,MCCTNS_Private,13.00194,77.581827,North Bengaluru,,false,false,true,20
SC-0005,Safe City Camera 5,Safe_City,12.965258,77.618406,East Bengaluru,,true,true,true,50
MC-R-0367,MCCTNS Camera BTM Layout 367,MCCTNS_RWA,12.930343,77.613683,East Bengaluru,,false,false,true,20
MC-P-0089,MCCTNS Camera JP Nagar 89,MCCTNS_Private,12.903051,77.567439,South Bengaluru,,false,false,true,20
BATCS-0208,Traffic Signal Camera 208,BATCS,12.976254,77.61492,Central Bengaluru,MG Road,true,false,true,80
MC-P-0511,MCCTNS Camera Rajajinagar 511,MCCTNS_Private,12.993503,77.55539,Central Bengaluru,Rajajinagar,false,false,true,20
MC-C-0003,MCCTNS Camera JP Nagar 3,MCCTNS_Commercial,12.909734,77.587649,South Bengaluru,JP Nagar,false,false,true,20
MC-P-0060,MCCTNS Camera Manyata Tech Park 60,MCCTNS_Private,13.05,77.613163,North Bengaluru,,false,false,true,20
BATCS-0382,Traffic Signal Camera 382,BATCS,12.961368,77.559071,Bengaluru Urban,,true,false,true,80
MC-C-0001,MCCTNS Camera BTM Layout 1,MCCTNS_Commercial,12.909927,77.613915,South Bengaluru,,false,false,true,20
MC-R-0276,MCCTNS Camera BTM Layout 276,MCCTNS_RWA,12.903264,77.607521,South Bengaluru,,false,false,true,20
BATCS-0220,Traffic Signal Camera 220,BATCS,12.940009,77.625491,East Bengaluru,Koramangala 5th Block,true,false,true,80
MC-R-0214,MCCTNS Camera Whitefield 214,MCCTNS_RWA,12.963487,77.7,East Bengaluru,Marathahalli Bridge,false,false,true,20
MC-R-0268,MCCTNS Camera Whitefield 268,MCCTNS_RWA,12.971798,77.7,Bengaluru Urban,,false,false,true,20
SC-0273,Safe City Camera 273 - Koramangala 5th Block,Safe_City,12.934047,77.624611,East Bengaluru,Koramangala 5th Block,true,true,true,50
MC-P-0120,MCCTNS Camera BTM Layout 120,MCCTNS_Private,12.928541,77.598959,South Bengaluru,,false,false,true,20
MC-R-0164,MCCTNS Camera Commercial Street 164,MCCTNS_RWA,12.980274,77.609346,Central Bengaluru,Commercial Street,false,false,true,20
BATCS-0013,Traffic Signal Camera 13,BATCS,12.961184,77.588501,Bengaluru Urban,,true,false,false,80
MC-R-0303,MCCTNS Camera BTM Layout 303,MCCTNS_RWA,12.913296,77.600401,South Bengaluru,,false,false,true,20
MC-P-0384,MCCTNS Camera Rajajinagar 384,MCCTNS_Private,12.994047,77.549949,Bengaluru Urban,Rajajinagar,false,false,true,20
MC-R-0085,MCCTNS Camera JP Nagar 85,MCCTNS_RWA,12.912582,77.58026,South Bengaluru,JP Nagar,false,false,true,20
MC-R-0167,MCCTNS Camera Banashankari 167,MCCTNS_RWA,12.938178,77.544306,Bengaluru Urban,,false,false,true,20
MC-P-0123,MCCTNS Camera Electronic City 123,MCCTNS_Private,12.85,77.677513,Bengaluru Urban,,false,false,true,20
BATCS-0073,Traffic Signal Camera 73,BATCS,12.948095,77.579752,Bengaluru Urban,,true,false,true,80
MC-P-0506,MCCTNS Camera Commercial Street 506,MCCTNS_Private,12.97847,77.59252,Central Bengaluru,,false,false,true,20
MC-C-0116,MCCTNS Camera Jayanagar 116,MCCTNS_Commercial,12.932123,77.588904,Bengaluru Urban,Jayanagar,false,false,true,20
SC-0225,Safe City Camera 225,Safe_City,12.919867,77.580222,South Bengaluru,,true,true,true,50
SC-0046,Safe City Camera 46,Safe_City,12.926287,77.586048,South Bengaluru,Jayanagar,true,true,true,50
MC-C-0234,MCCTNS Camera Whitefield 234,MCCTNS_Commercial,12.967252,77.7,East Bengaluru,,false,false,true,20
MC-P-0234,MCCTNS Camera BTM Layout 234,MCCTNS_Private,12.923609,77.595001,South Bengaluru,,false,false,true,20
MC-P-0556,MCCTNS Camera BTM Layout 556,MCCTNS_Private,12.917428,77.614349,South Bengaluru,BTM Layout,false,false,true,20
BATCS-0005,Traffic Signal Camera 5,BATCS,13.00366,77.570012,North Bengaluru,Malleshwaram,true,false,true,80
SC-0037,Safe City Camera 37,Safe_City,12.929912,77.574696,South Bengaluru,,true,true,true,50
SC-0143,Safe City Camera 143,Safe_City,13.044016,77.556784,North Bengaluru,,true,true,true,50
MC-C-0257,MCCTNS Camera Whitefield 257,MCCTNS_Commercial,12.975247,77.7,Bengaluru Urban,,false,false,true,20
MC-R-0084,MCCTNS Camera Whitefield 84,MCCTNS_RWA,12.970221,77.7,Bengaluru Urban,,false,false,true,20
MC-R-0366,MCCTNS Camera Whitefield 366,MCCTNS_RWA,12.970113,77.7,Bengaluru Urban,,false,false,true,20
SC-0195,Safe City Camera 195,Safe_City,13.037729,77.521925,North Bengaluru,,true,true,true,50
BATCS-0242,Traffic Signal Camera 242,BATCS,12.912042,77.648994,South Bengaluru,,true,false,true,80
MC-P-0201,MCCTNS Camera Rajajinagar 201,MCCTNS_Private,12.997578,77.555618,Central Bengaluru,Rajajinagar,false,false,true,20
SC-0112,Safe City Camera 112,Safe_City,12.981411,77.59733,Central Bengaluru,,true,true,true,50
SC-0293,Safe City Camera 293 - KR Puram,Safe_City,13.006736,77.695868,North Bengaluru,KR Puram,true,true,false,50
BATCS-0232,Traffic Signal Camera 232,BATCS,13.037805,77.52209,North Bengaluru,,true,false,true,80
MC-P-0031,MCCTNS Camera Jayanagar 31,MCCTNS_Private,12.931919,77.593189,Bengaluru Urban,,false,false,true,20
MC-R-0223,MCCTNS Camera Jayanagar 223,MCCTNS_RWA,12.939749,77.584029,Bengaluru Urban,,false,false,true,20
MC-C-0239,MCCTNS Camera Malleshwaram 239,MCCTNS_Commercial,13.00355,77.571216,North Bengaluru,Malleshwaram,false,false,true,20
MC-C-0071,MCCTNS Camera Electronic City 71,MCCTNS_Commercial,12.85,77.688232,Bengaluru Urban,,false,false,true,20
MC-P-0534,MCCTNS Camera Commercial Street 534,MCCTNS_Private,12.971932,77.596047,Central Bengaluru,,false,false,true,20
BATCS-0105,Traffic Signal Camera 105,BATCS,12.959999,77.533206,Bengaluru Urban,,true,false,true,80
MC-R-0009,MCCTNS Camera Banashankari 9,MCCTNS_RWA,12.91533,77.533916,South Bengaluru,,false,false,true,20
MC-C-0077,MCCTNS Camera Banashankari 77,MCCTNS_Commercial,12.926949,77.531044,South Bengaluru,,false,false,true,20
BATCS-0274,Traffic Signal Camera 274,BATCS,12.990009,77.550875,Central Bengaluru,,true,false,true,80
MC-R-0018,MCCTNS Camera Rajajinagar 18,MCCTNS_RWA,12.998106,77.555909,Central Bengaluru,Rajajinagar,false,false,true,20
BATCS-0154,Traffic Signal Camera 154,BATCS,12.924014,77.629056,South Bengaluru,,true,false,true,80
BATCS-0359,Traffic Signal Camera 359,BATCS,12.906952,77.628653,South Bengaluru,,true,false,true,80
MC-P-0483,MCCTNS Camera JP Nagar 483,MCCTNS_Private,12.904734,77.589051,South Bengaluru,JP Nagar,false,false,true,20
MC-P-0183,MCCTNS Camera Manyata Tech Park 183,MCCTNS_Private,13.036728,77.625158,North Bengaluru,,false,false,true,20
BATCS-0346,Traffic Signal Camera 346,BATCS,12.916491,77.610023,South Bengaluru,BTM Layout,true,false,true,80
MC-P-0108,MCCTNS Camera JP Nagar 108,MCCTNS_Private,12.909367,77.583257,South Bengaluru,JP Nagar,false,false,true,20
MC-R-0388,MCCTNS Camera Malleshwaram 388,MCCTNS_RWA,12.997991,77.566274,Central Bengaluru,Malleshwaram,false,false,false,20
BATCS-0087,Traffic Signal Camera 87,BATCS,12.980873,77.596999,Central Bengaluru,,true,false,true,80
MC-P-0284,MCCTNS Camera Commercial Street 284,MCCTNS_Private,12.984307,77.61166,Central Bengaluru,Commercial Street,false,false,true,20
MC-P-0528,MCCTNS Camera Malleshwaram 528,MCCTNS_Private,13.007883,77.581563,North Bengaluru,,false,false,true,20
MC-R-0193,MCCTNS Camera BTM Layout 193,MCCTNS_RWA,12.928783,77.600373,South Bengaluru,,false,false,true,20
SC-0101,Safe City Camera 101,Safe_City,13.005824,77.5651,North Bengaluru,Malleshwaram,true,true,true,50
MC-C-0255,MCCTNS Camera Malleshwaram 255,MCCTNS_Commercial,13.000982,77.565338,North Bengaluru,Malleshwaram,false,false,true,20
MC-P-0615,MCCTNS Camera Rajajinagar 615,MCCTNS_Private,13.001996,77.556668,North Bengaluru,Rajajinagar,false,false,true,20
MC-R-0050,MCCTNS Camera Rajajinagar 50,MCCTNS_RWA,12.996764,77.556475,Central Bengaluru,Rajajinagar,false,false,true,20
BATCS-0015,Traffic Signal Camera 15,BATCS,12.933073,77.583726,Bengaluru Urban,Jayanagar,true,false,true,80
BATCS-0390,Traffic Signal Camera 390,BATCS,12.939445,77.694896,East Bengaluru,,true,false,true,80
MC-P-0293,MCCTNS Camera Malleshwaram 293,MCCTNS_Private,13.011075,77.583466,North Bengaluru,,false,false,true,20
BATCS-0029,Traffic Signal Camera 29,BATCS,12.999572,77.54121,Bengaluru Urban,,true,false,true,80
MC-P-0468,MCCTNS Camera Jayanagar 468,MCCTNS_Private,12.912111,77.589309,South Bengaluru,JP Nagar,false,false,true,20
MC-P-0405,MCCTNS Camera BTM Layout 405,MCCTNS_Private,12.929991,77.603286,South Bengaluru,,false,false,true,20
MC-P-0193,MCCTNS Camera Rajajinagar 193,MCCTNS_Private,12.989156,77.550675,Central Bengaluru,,false,false,true,20
MC-P-0359,MCCTNS Camera Whitefield 359,MCCTNS_Private,12.975815,77.7,Bengaluru Urban,,false,false,true,20
MC-P-0174,MCCTNS Camera Banashankari 174,MCCTNS_Private,12.928516,77.553948,South Bengaluru,,false,false,true,20
MC-C-0253,MCCTNS Camera BTM Layout 253,MCCTNS_Commercial,12.914788,77.609266,South Bengaluru,BTM Layout,false,false,true,20
MC-R-0334,MCCTNS Camera Manyata Tech Park 334,MCCTNS_RWA,13.037231,77.626563,North Bengaluru,,false,false,true,20
BATCS-0280,Traffic Signal Camera 280,BATCS,12.912297,77.638219,South Bengaluru,HSR Layout,true,false,true,80
MC-P-0167,MCCTNS Camera Electronic City 167,MCCTNS_Private,12.85,77.677125,Bengaluru Urban,,false,false,true,20
MC-R-0201,MCCTNS Camera Banashankari 201,MCCTNS_RWA,12.925367,77.545389,South Bengaluru,Banashankari,false,false,true,20
MC-R-0049,MCCTNS Camera Whitefield 49,MCCTNS_RWA,12.970256,77.7,Bengaluru Urban,,false,false,true,20
BATCS-0022,Traffic Signal Camera 22,BATCS,12.978709,77.646457,Central Bengaluru,Indiranagar 100ft Road,true,false,true,80
MC-P-0150,MCCTNS Camera JP Nagar 150,MCCTNS_Private,12.908599,77.585139,South Bengaluru,JP Nagar,false,false,true,20
MC-P-0214,MCCTNS Camera Rajajinagar 214,MCCTNS_Private,12.992638,77.550165,Central Bengaluru,,false,false,true,20
SC-0186,Safe City Camera 186,Safe_City,12.966273,77.619249,East Bengaluru,,true,true,true,50
MC-P-0449,MCCTNS Camera Commercial Street 449,MCCTNS_Private,12.986993,77.592066,Central Bengaluru,,false,false,true,20
BATCS-0118,Traffic Signal Camera 118,BATCS,12.938538,77.53352,Bengaluru Urban,,true,false,true,80
MC-R-0311,MCCTNS Camera Whitefield 311,MCCTNS_RWA,12.986765,77.7,Bengaluru Urban,,false,false,true,20
BATCS-0339,Traffic Signal Camera 339,BATCS,12.929399,77.573683,South Bengaluru,,true,false,true,80
BATCS-0192,Traffic Signal Camera 192,BATCS,12.971857,77.593873,Central Bengaluru,,true,false,true,80
SC-0092,Safe City Camera 92,Safe_City,13.00433,77.554027,North Bengaluru,Rajajinagar,true,true,true,50
BATCS-0158,Traffic Signal Camera 158,BATCS,12.993276,77.595994,Central Bengaluru,,true,false,true,80
BATCS-0163,Traffic Signal Camera 163,BATCS,12.924609,77.649815,South Bengaluru,,true,false,true,80
MC-P-0311,MCCTNS Camera JP Nagar 311,MCCTNS_Private,12.905667,77.580412,South Bengaluru,JP Nagar,false,false,true,20
BATCS-0185,Traffic Signal Camera 185,BATCS,12.981921,77.623045,Central Bengaluru,,true,false,true,80
MC-C-0173,MCCTNS Camera JP Nagar 173,MCCTNS_Commercial,12.908561,77.585103,South Bengaluru,JP Nagar,false,false,true,20
MC-P-0065,MCCTNS Camera Whitefield 65,MCCTNS_Private,12.970295,77.7,Bengaluru Urban,,false,false,true,20
MC-C-0194,MCCTNS Camera Electronic City 194,MCCTNS_Commercial,12.85,77.683313,Bengaluru Urban,,false,false,true,20
MC-P-0637,MCCTNS Camera Whitefield 637,MCCTNS_Private,12.973264,77.7,Bengaluru Urban,,false,false,true,20
MC-P-0312,MCCTNS Camera Banashankari 312,MCCTNS_Private,12.928993,77.544167,South Bengaluru,Banashankari,false,false,true,20
SC-0226,Safe City Camera 226,Safe_City,12.981954,77.629738,Central Bengaluru,,true,true,true,50
SC-0069,Safe City Camera 69,Safe_City,12.975804,77.614185,Central Bengaluru,MG Road,true,true,true,50
MC-R-0107,MCCTNS Camera Manyata Tech Park 107,MCCTNS_RWA,13.041866,77.625211,North Bengaluru,Manyata Tech Park,false,false,true,20
MC-C-0042,MCCTNS Camera Manyata Tech Park 42,MCCTNS_Commercial,13.047399,77.620316,North Bengaluru,Manyata Tech Park,false,false,true,20
SC-0165,Safe City Camera 165,Safe_City,12.98038,77.656396,Bengaluru Urban,,true,true,false,50
SC-0188,Safe City Camera 188,Safe_City,12.919671,77.685251,South Bengaluru,,true,true,true,50
MC-C-0225,MCCTNS Camera Banashankari 225,MCCTNS_Commercial,12.921816,77.562017,South Bengaluru,,false,false,true,20
MC-R-0076,MCCTNS Camera BTM Layout 76,MCCTNS_RWA,12.920487,77.624727,South Bengaluru,Silk Board,false,false,true,20
MC-R-0010,MCCTNS Camera Whitefield 10,MCCTNS_RWA,12.964131,77.7,East Bengaluru,Marathahalli Bridge,false,false,true,20
MC-P-0099,MCCTNS Camera Manyata Tech Park 99,MCCTNS_Private,13.05,77.620781,North Bengaluru,Manyata Tech Park,false,false,true,20
BATCS-0375,Traffic Signal Camera 375,BATCS,12.998389,77.552981,Central Bengaluru,Rajajinagar,true,false,true,80
MC-C-0237,MCCTNS Camera Rajajinagar 237,MCCTNS_Commercial,12.986637,77.563116,Central Bengaluru,,false,false,true,20
MC-R-0046,MCCTNS Camera Commercial Street 46,MCCTNS_RWA,12.990983,77.598789,Central Bengaluru,,false,false,true,20
MC-R-0159,MCCTNS Camera JP Nagar 159,MCCTNS_RWA,12.924387,77.592934,South Bengaluru,,false,false,true,20
MC-P-0390,MCCTNS Camera Jayanagar 390,MCCTNS_Private,12.934835,77.579976,Bengaluru Urban,,false,false,true,20
SC-0111,Safe City Camera 111,Safe_City,12.924215,77.651133,South Bengaluru,,true,true,true,50
MC-P-0028,MCCTNS Camera Malleshwaram 28,MCCTNS_Private,13.002926,77.572548,North Bengaluru,Malleshwaram,false,false,true,20
MC-R-0180,MCCTNS Camera Electronic City 180,MCCTNS_RWA,12.85,77.677549,Bengaluru Urban,,false,false,true,20
BATCS-0109,Traffic Signal Camera 109,BATCS,12.9482,77.57673,Bengaluru Urban,,true,false,true,80
SC-0148,Safe City Camera 148,Safe_City,12.972319,77.593829,Central Bengaluru,,true,true,true,50
MC-P-0232,MCCTNS Camera Commercial Street 232,MCCTNS_Private,12.971071,77.598643,Central Bengaluru,,false,false,true,20
MC-R-0229,MCCTNS Camera Electronic City 229,MCCTNS_RWA,12.85,77.680529,Bengaluru Urban,,false,false,true,20
BATCS-0293,Traffic Signal Camera 293,BATCS,12.934294,77.629685,East Bengaluru,Koramangala 5th Block,true,false,true,80
MC-P-0579,MCCTNS Camera Rajajinagar 579,MCCTNS_Private,12.998175,77.54767,Bengaluru Urban,,false,false,true,20
MC-P-0593,MCCTNS Camera Jayanagar 593,MCCTNS_Private,12.930858,77.588181,Bengaluru Urban,Jayanagar,false,false,true,20
BATCS-0319,Traffic Signal Camera 319,BATCS,12.963838,77.584982,Bengaluru Urban,,true,false,true,80
MC-P-0173,MCCTNS Camera JP Nagar 173,MCCTNS_Private,12.906912,77.583452,South Bengaluru,JP Nagar,false,false,true,20
MC-R-0206,MCCTNS Camera Manyata Tech Park 206,MCCTNS_RWA,13.038917,77.626243,North Bengaluru,,false,false,true,20
BATCS-0020,Traffic Signal Camera 20,BATCS,13.004328,77.553727,North Bengaluru,Rajajinagar,true,false,true,80
MC-R-0357,MCCTNS Camera Commercial Street 357,MCCTNS_RWA,12.992597,77.617346,Central Bengaluru,,false,false,true,20
MC-P-0639,MCCTNS Camera Banashankari 639,MCCTNS_Private,12.926298,77.542285,South Bengaluru,Banashankari,false,false,true,20
MC-P-0266,MCCTNS Camera Electronic City 266,MCCTNS_Private,12.85,77.674991,Bengaluru Urban,,false,false,true,20
MC-C-0064,MCCTNS Camera Whitefield 64,MCCTNS_Commercial,12.957221,77.7,East Bengaluru,Marathahalli Bridge,false,false,true,20
MC-C-0030,MCCTNS Camera JP Nagar 30,MCCTNS_Commercial,12.922461,77.589959,South Bengaluru,,false,false,true,20
MC-P-0268,MCCTNS Camera Manyata Tech Park 268,MCCTNS_Private,13.042701,77.607757,North Bengaluru,,false,false,true,20
MC-C-0220,MCCTNS Camera BTM Layout 220,MCCTNS_Commercial,12.917963,77.593132,South Bengaluru,,false,false,true,20
MC-P-0417,MCCTNS Camera BTM Layout 417,MCCTNS_Private,12.91604,77.595357,South Bengaluru,,false,false,true,20
MC-P-0533,MCCTNS Camera Banashankari 533,MCCTNS_Private,12.935793,77.549479,Bengaluru Urban,,false,false,true,20
MC-R-0003,MCCTNS Camera Rajajinagar 3,MCCTNS_RWA,13.000527,77.560035,North Bengaluru,Rajajinagar,false,false,true,20
MC-R-0278,MCCTNS Camera Commercial Street 278,MCCTNS_RWA,12.980297,77.596053,Central Bengaluru,,false,false,true,20
MC-R-0030,MCCTNS Camera Commercial Street 30,MCCTNS_RWA,12.995823,77.615175,Central Bengaluru,,false,false,true,20
SC-0252,Safe City Camera 252,Safe_City,13.008893,77.562977,North Bengaluru,,true,true,true,50
MC-P-0629,MCCTNS Camera Electronic City 629,MCCTNS_Private,12.85,77.677504,Bengaluru Urban,,false,false,true,20
BATCS-0099,Traffic Signal Camera 99,BATCS,12.976285,77.62031,Central Bengaluru,,true,false,true,80
MC-P-0436,MCCTNS Camera Electronic City 436,MCCTNS_Private,12.85,77.675221,Bengaluru Urban,,false,false,true,20
MC-P-0282,MCCTNS Camera Manyata Tech Park 282,MCCTNS_Private,13.05,77.637024,North Bengaluru,,false,false,true,20
SC-0156,Safe City Camera 156,Safe_City,12.960583,77.504136,Bengaluru Urban,,true,true,true,50
MC-P-0212,MCCTNS Camera Malleshwaram 212,MCCTNS_Private,13.0011,77.585226,North Bengaluru,,false,false,true,20
SC-0178,Safe City Camera 178,Safe_City,12.906531,77.579413,South Bengaluru,JP Nagar,true,true,true,50
MC-R-0387,MCCTNS Camera Malleshwaram 387,MCCTNS_RWA,13.003483,77.571175,North Bengaluru,Malleshwaram,false,false,false,20
MC-P-0545,MCCTNS Camera Manyata Tech Park 545,MCCTNS_Private,13.041887,77.628064,North Bengaluru,,false,false,true,20
MC-P-0008,MCCTNS Camera JP Nagar 8,MCCTNS_Private,12.908828,77.588148,South Bengaluru,JP Nagar,false,false,true,20
MC-C-0086,MCCTNS Camera Rajajinagar 86,MCCTNS_Commercial,12.986546,77.552316,Central Bengaluru,,false,false,true,20
BATCS-0196,Traffic Signal Camera 196,BATCS,12.927467,77.621149,South Bengaluru,Koramangala 5th Block,true,false,false,80
MC-P-0146,MCCTNS Camera Rajajinagar 146,MCCTNS_Private,13.002795,77.564052,North Bengaluru,Malleshwaram,false,false,true,20
MC-R-0145,MCCTNS Camera Banashankari 145,MCCTNS_RWA,12.924345,77.546441,South Bengaluru,Banashankari,false,false,true,20
SC-0228,Safe City Camera 228,Safe_City,12.976432,77.600602,Central Bengaluru,,true,true,true,50
MC-P-0186,MCCTNS Camera Jayanagar 186,MCCTNS_Private,12.938355,77.581246,Bengaluru Urban,,false,false,true,20
BATCS-0360,Jalahalli Cross,BATCS,13.039889,77.518317,North Bengaluru,,true,false,true,80
MC-R-0338,MCCTNS Camera BTM Layout 338,MCCTNS_RWA,12.915308,77.619201,South Bengaluru,Silk Board,false,false,true,20
BATCS-0216,Traffic Signal Camera 216,BATCS,13.037749,77.522289,North Bengaluru,,true,false,true,80
MC-P-0036,MCCTNS Camera Commercial Street 36,MCCTNS_Private,12.981014,77.610872,Central Bengaluru,Commercial Street,false,false,true,20
SC-0056,Safe City Camera 56,Safe_City,12.966164,77.535323,Bengaluru Urban,,true,true,true,50
MC-P-0607,MCCTNS Camera JP Nagar 607,MCCTNS_Private,12.912391,77.571969,South Bengaluru,,false,false,true,20
BATCS-0201,Traffic Signal Camera 201,BATCS,12.973938,77.646906,Central Bengaluru,,true,false,true,80
BATCS-0021,Traffic Signal Camera 21,BATCS,12.930567,77.547198,Bengaluru Urban,Banashankari,true,false,true,80
MC-C-0195,MCCTNS Camera Rajajinagar 195,MCCTNS_Commercial,12.996659,77.562062,Central Bengaluru,Rajajinagar,false,false,true,20
SC-0063,Safe City Camera 63,Safe_City,13.00538,77.565681,North Bengaluru,Malleshwaram,true,true,true,50
BATCS-0300,Traffic Signal Camera 300,BATCS,12.91278,77.567361,South Bengaluru,,true,false,true,80
SC-0160,Safe City Camera 160,Safe_City,13.005637,77.565821,North Bengaluru,Malleshwaram,true,true,true,50
SC-0284,Safe City Camera 284 - HSR Layout,Safe_City,12.913158,77.637294,South Bengaluru,HSR Layout,true,true,true,50
MC-P-0018,MCCTNS Camera Commercial Street 18,MCCTNS_Private,12.983056,77.614338,Central Bengaluru,Commercial Street,false,false,true,20
MC-P-0594,MCCTNS Camera Banashankari 594,MCCTNS_Private,12.932849,77.557947,Bengaluru Urban,,false,false,true,20
MC-P-0317,MCCTNS Camera BTM Layout 317,MCCTNS_Private,12.926797,77.615583,South Bengaluru,,false,false,true,20
SC-0275,Safe City Camera 275 - KR Puram,Safe_City,13.006518,77.697428,North Bengaluru,KR Puram,true,true,true,50
BATCS-0136,Traffic Signal Camera 136,BATCS,12.93139,77.694985,East Bengaluru,,true,false,true,80
MC-R-0037,MCCTNS Camera Jayanagar 37,MCCTNS_RWA,12.923209,77.576001,South Bengaluru,,false,false,true,20
MC-C-0251,MCCTNS Camera Electronic City 251,MCCTNS_Commercial,12.85,77.681612,Bengaluru Urban,,false,false,true,20
MC-R-0204,MCCTNS Camera Commercial Street 204,MCCTNS_RWA,12.988314,77.627108,Central Bengaluru,,false,false,true,20
BATCS-0226,Traffic Signal Camera 226,BATCS,12.956439,77.57728,Bengaluru Urban,,true,false,true,80
MC-P-0192,MCCTNS Camera JP Nagar 192,MCCTNS_Private,12.89886,77.577303,Bengaluru Urban,,false,false,true,20
MC-P-0448,MCCTNS Camera Manyata Tech Park 448,MCCTNS_Private,13.043721,77.620308,North Bengaluru,Manyata Tech Park,false,false,true,20
SC-0154,Safe City Camera 154,Safe_City,12.991223,77.656937,Bengaluru Urban,,true,true,true,50
BATCS-0159,Traffic Signal Camera 159,BATCS,12.957307,77.552173,Bengaluru Urban,,true,false,true,80
SC-0107,Safe City Camera 107,Safe_City,13.004506,77.553848,North Bengaluru,Rajajinagar,true,true,true,50
MC-R-0156,MCCTNS Camera Commercial Street 156,MCCTNS_RWA,12.98329,77.596367,Central Bengaluru,,false,false,true,20
BATCS-0054,Traffic Signal Camera 54,BATCS,13.03184,77.621878,North Bengaluru,,true,false,true,80
MC-C-0018,MCCTNS Camera Whitefield 18,MCCTNS_Commercial,12.971418,77.7,Bengaluru Urban,,false,false,true,20
MC-P-0516,MCCTNS Camera JP Nagar 516,MCCTNS_Private,12.911946,77.580554,South Bengaluru,JP Nagar,false,false,true,20
MC-R-0343,MCCTNS Camera BTM Layout 343,MCCTNS_RWA,12.934197,77.609448,East Bengaluru,,false,false,true,20
BATCS-0315,Traffic Signal Camera 315,BATCS,12.906233,77.595103,South Bengaluru,,true,false,true,80
MC-P-0077,MCCTNS Camera Commercial Street 77,MCCTNS_Private,12.981202,77.604279,Central Bengaluru,Commercial Street,false,false,true,20
MC-P-0574,MCCTNS Camera Banashankari 574,MCCTNS_Private,12.921126,77.550903,South Bengaluru,Banashankari,false,false,true,20
MC-C-0104,MCCTNS Camera JP Nagar 104,MCCTNS_Commercial,12.913727,77.581156,South Bengaluru,JP Nagar,false,false,true,20
MC-P-0170,MCCTNS Camera BTM Layout 170,MCCTNS_Private,12.914944,77.610709,South Bengaluru,BTM Layout,false,false,true,20
MC-P-0323,MCCTNS Camera Whitefield 323,MCCTNS_Private,12.978008,77.7,Bengaluru Urban,,false,false,true,20
MC-P-0330,MCCTNS Camera Manyata Tech Park 330,MCCTNS_Private,13.05,77.62009,North Bengaluru,Manyata Tech Park,false,false,true,20
MC-P-0227,MCCTNS Camera Malleshwaram 227,MCCTNS_Private,13.005359,77.564068,North Bengaluru,Malleshwaram,false,false,true,20
MC-P-0030,MCCTNS Camera Commercial Street 30,MCCTNS_Private,12.978925,77.623296,Central Bengaluru,,false,false,true,20
MC-P-0392,MCCTNS Camera Commercial Street 392,MCCTNS_Private,12.978207,77.607409,Central Bengaluru,MG Road,false,false,true,20
BATCS-0395,Traffic Signal Camera 395,BATCS,12.99562,77.608551,Central Bengaluru,,true,false,true,80
MC-P-0321,MCCTNS Camera Manyata Tech Park 321,MCCTNS_Private,13.034946,77.629267,North Bengaluru,,false,false,true,20
MC-P-0373,MCCTNS Camera Rajajinagar 373,MCCTNS_Private,13.001118,77.542313,North Bengaluru,,false,false,true,20
MC-P-0309,MCCTNS Camera Whitefield 309,MCCTNS_Private,12.973704,77.7,Bengaluru Urban,,false,false,true,20
SC-0152,Safe City Camera 152,Safe_City,12.952893,77.573632,Bengaluru Urban,,true,true,true,50
MC-P-0547,MCCTNS Camera Whitefield 547,MCCTNS_Private,12.971381,77.7,Bengaluru Urban,,false,false,true,20
MC-R-0176,MCCTNS Camera Banashankari 176,MCCTNS_RWA,12.93012,77.539422,Bengaluru Urban,,false,false,true,20
BATCS-0145,Traffic Signal Camera 145,BATCS,12.975032,77.570869,Central Bengaluru,,true,false,true,80
SC-0018,Safe City Camera 18,Safe_City,12.910517,77.585464,South Bengaluru,JP Nagar,true,true,true,50
MC-P-0197,MCCTNS Camera BTM Layout 197,MCCTNS_Private,12.917821,77.624511,South Bengaluru,Silk Board,false,false,true,20
MC-C-0254,MCCTNS Camera Whitefield 254,MCCTNS_Commercial,12.97018,77.7,Bengaluru Urban,,false,false,true,20
MC-R-0213,MCCTNS Camera BTM Layout 213,MCCTNS_RWA,12.916745,77.60961,South Bengaluru,BTM Layout,false,false,true,20
MC-P-0082,MCCTNS Camera Electronic City 82,MCCTNS_Private,12.85,77.679717,Bengaluru Urban,,false,false,true,20
MC-C-0136,MCCTNS Camera Whitefield 136,MCCTNS_Commercial,12.971059,77.7,Bengaluru Urban,,false,false,true,20
SC-0121,Safe City Camera 121,Safe_City,13.004948,77.548898,North Bengaluru,,true,true,true,50
BATCS-0171,Traffic Signal Camera 171,BATCS,12.935485,77.51299,Bengaluru Urban,,true,false,true,80
MC-P-0116,MCCTNS Camera Electronic City 116,MCCTNS_Private,12.85,77.693333,Bengaluru Urban,,false,false,true,20
MC-C-0028,MCCTNS Camera JP Nagar 28,MCCTNS_Commercial,12.919234,77.588012,South Bengaluru,,false,false,true,20
BATCS-0335,Traffic Signal Camera 335,BATCS,12.975403,77.574675,Central Bengaluru,,true,false,true,80
MC-R-0187,MCCTNS Camera Commercial Street 187,MCCTNS_RWA,12.993598,77.61911,Central Bengaluru,,false,false,true,20
MC-P-0605,MCCTNS Camera BTM Layout 605,MCCTNS_Private,12.91745,77.617961,South Bengaluru,Silk Board,false,false,true,20
SC-0134,Safe City Camera 134,Safe_City,12.972168,77.593527,Central Bengaluru,,true,true,true,50
SC-0123,Safe City Camera 123,Safe_City,12.972018,77.619412,Central Bengaluru,,true,true,true,50
MC-R-0124,MCCTNS Camera Electronic City 124,MCCTNS_RWA,12.850379,77.68239,Bengaluru Urban,,false,false,true,20
BATCS-0153,Traffic Signal Camera 153,BATCS,12.928822,77.566286,South Bengaluru,,true,false,true,80
MC-C-0040,MCCTNS Camera BTM Layout 40,MCCTNS_Commercial,12.915822,77.620201,South Bengaluru,Silk Board,false,false,true,20
MC-C-0107,MCCTNS Camera BTM Layout 107,MCCTNS_Commercial,12.914594,77.610373,South Bengaluru,BTM Layout,false,false,true,20
MC-R-0234,MCCTNS Camera Rajajinagar 234,MCCTNS_RWA,13.005295,77.554409,North Bengaluru,Rajajinagar,false,false,true,20
MC-R-0280,MCCTNS Camera Whitefield 280,MCCTNS_RWA,12.966285,77.7,East Bengaluru,,false,false,true,20
SC-0169,Safe City Camera 169,Safe_City,13.005629,77.564422,North Bengaluru,Malleshwaram,true,true,true,50
MC-R-0015,MCCTNS Camera Malleshwaram 15,MCCTNS_RWA,13.015161,77.557973,North Bengaluru,,false,false,true,20
MC-P-0265,MCCTNS Camera Jayanagar 265,MCCTNS_Private,12.936503,77.584579,Bengaluru Urban,,false,false,true,20
SC-0043,Safe City Camera 43,Safe_City,13.036929,77.565989,North Bengaluru,,true,true,true,50
MC-C-0094,MCCTNS Camera Jayanagar 94,MCCTNS_Commercial,12.935199,77.583618,Bengaluru Urban,Jayanagar,false,false,true,20
MC-P-0277,MCCTNS Camera BTM Layout 277,MCCTNS_Private,12.912658,77.604666,South Bengaluru,BTM Layout,false,false,true,20
BATCS-0275,Traffic Signal Camera 275,BATCS,12.925222,77.63354,South Bengaluru,,true,false,true,80
SC-0041,Safe City Camera 41,Safe_City,12.951664,77.590879,Bengaluru Urban,,true,true,true,50
SC-0214,Safe City Camera 214,Safe_City,12.962556,77.595154,Bengaluru Urban,,true,true,true,50
BATCS-0291,Traffic Signal Camera 291,BATCS,12.912427,77.638087,South Bengaluru,HSR Layout,true,false,true,80
MC-R-0355,MCCTNS Camera Electronic City 355,MCCTNS_RWA,12.85,77.681027,Bengaluru Urban,,false,false,true,20
BATCS-0076,Traffic Signal Camera 76,BATCS,12.981696,77.62851,Central Bengaluru,,true,false,true,80
SC-0086,Safe City Camera 86,Safe_City,13.018066,77.557777,North Bengaluru,,true,true,true,50
BATCS-0092,Traffic Signal Camera 92,BATCS,13.042533,77.5147,North Bengaluru,,true,false,true,80
MC-R-0380,MCCTNS Camera Electronic City 380,MCCTNS_RWA,12.85,77.667683,Bengaluru Urban,,false,false,true,20
BATCS-0203,Traffic Signal Camera 203,BATCS,12.939649,77.625369,East Bengaluru,Koramangala 5th Block,true,false,true,80
MC-C-0221,MCCTNS Camera Manyata Tech Park 221,MCCTNS_Commercial,13.043281,77.637098,North Bengaluru,,false,false,true,20
MC-P-0538,MCCTNS Camera Jayanagar 538,MCCTNS_Private,12.917536,77.57078,South Bengaluru,,false,false,true,20
MC-P-0169,MCCTNS Camera Rajajinagar 169,MCCTNS_Private,12.995342,77.542117,Bengaluru Urban,,false,false,true,20
MC-C-0231,MCCTNS Camera Rajajinagar 231,MCCTNS_Commercial,12.997632,77.556171,Central Bengaluru,Rajajinagar,false,false,true,20
MC-P-0280,MCCTNS Camera Whitefield 280,MCCTNS_Private,12.961498,77.7,East Bengaluru,Marathahalli Bridge,false,false,true,20
MC-P-0012,MCCTNS Camera Malleshwaram 12,MCCTNS_Private,13.002463,77.556244,North Bengaluru,Rajajinagar,false,false,true,20
MC-P-0181,MCCTNS Camera JP Nagar 181,MCCTNS_Private,12.909951,77.582319,South Bengaluru,JP Nagar,false,false,true,20
SC-0241,Safe City Camera 241,Safe_City,12.981853,77.5974,Central Bengaluru,,true,true,false,50
MC-R-0277,MCCTNS Camera Jayanagar 277,MCCTNS_RWA,12.943646,77.578853,Bengaluru Urban,,false,false,true,20
MC-R-0088,MCCTNS Camera Jayanagar 88,MCCTNS_RWA,12.930964,77.574886,Bengaluru Urban,,false,false,true,20
MC-P-0590,MCCTNS Camera Electronic City 590,MCCTNS_Private,12.850498,77.669061,Bengaluru Urban,,false,false,true,20
BATCS-0287,Traffic Signal Camera 287,BATCS,12.961068,77.588002,Bengaluru Urban,,true,false,true,80
MC-P-0492,MCCTNS Camera BTM Layout 492,MCCTNS_Private,12.907588,77.624678,South Bengaluru,,false,false,true,20
MC-C-0088,MCCTNS Camera BTM Layout 88,MCCTNS_Commercial,12.916418,77.624587,South Bengaluru,Silk Board,false,false,true,20
MC-P-0332,MCCTNS Camera Commercial Street 332,MCCTNS_Private,12.977352,77.617018,Central Bengaluru,MG Road,false,false,true,20
SC-0201,Safe City Camera 201,Safe_City,12.930371,77.576036,Bengaluru Urban,,true,true,true,50
MC-P-0179,MCCTNS Camera Rajajinagar 179,MCCTNS_Private,12.99582,77.544171,Bengaluru Urban,,false,false,true,20
BATCS-0095,Traffic Signal Camera 95,BATCS,12.951423,77.590916,Bengaluru Urban,,true,false,true,80
SC-0216,Safe City Camera 216,Safe_City,13.005739,77.593194,North Bengaluru,,true,true,true,50
SC-0109,Safe City Camera 109,Safe_City,12.916763,77.609738,South Bengaluru,BTM Layout,true,true,true,50
BATCS-0001,Traffic Signal Camera 1,BATCS,13.031759,77.635817,North Bengaluru,,true,false,true,80
MC-C-0126,MCCTNS Camera Whitefield 126,MCCTNS_Commercial,12.962053,77.7,East Bengaluru,Marathahalli Bridge,false,false,true,20
MC-P-0079,MCCTNS Camera Commercial Street 79,MCCTNS_Private,12.985875,77.618424,Central Bengaluru,,false,false,true,20
BATCS-0352,Traffic Signal Camera 352,BATCS,13.004469,77.55384,North Bengaluru,Rajajinagar,true,false,true,80
MC-R-0120,MCCTNS Camera Rajajinagar 120,MCCTNS_RWA,12.999127,77.567871,Central Bengaluru,Malleshwaram,false,false,true,20
MC-P-0019,MCCTNS Camera Banashankari 19,MCCTNS_Private,12.929613,77.559437,South Bengaluru,,false,false,true,20
MC-P-0475,MCCTNS Camera JP Nagar 475,MCCTNS_Private,12.909614,77.587046,South Bengaluru,JP Nagar,false,false,true,20
MC-C-0074,MCCTNS Camera Banashankari 74,MCCTNS_Commercial,12.923232,77.561315,South Bengaluru,,false,false,true,20
BATCS-0256,Traffic Signal Camera 256,BATCS,13.008918,77.563156,North Bengaluru,,true,false,true,80
BATCS-0174,Traffic Signal Camera 174,BATCS,12.959693,77.574522,Bengaluru Urban,,true,false,true,80
BATCS-0072,Traffic Signal Camera 72,BATCS,12.929905,77.632914,South Bengaluru,,true,false,true,80
MC-P-0460,MCCTNS Camera Electronic City 460,MCCTNS_Private,12.85,77.67117,Bengaluru Urban,,false,false,true,20
SC-0126,Safe City Camera 126,Safe_City,12.952357,77.620256,East Bengaluru,,true,true,true,50
MC-P-0225,MCCTNS Camera Commercial Street 225,MCCTNS_Private,12.970733,77.611079,Central Bengaluru,MG Road,false,false,true,20
MC-P-0595,MCCTNS Camera Commercial Street 595,MCCTNS_Private,12.982389,77.606792,Central Bengaluru,Commercial Street,false,false,true,20
BATCS-0331,Traffic Signal Camera 331,BATCS,12.912892,77.680206,South Bengaluru,,true,false,true,80
MC-P-0496,MCCTNS Camera Manyata Tech Park 496,MCCTNS_Private,13.04548,77.626429,North Bengaluru,Manyata Tech Park,false,false,true,20
SC-0023,Safe City Camera 23,Safe_City,12.966722,77.661449,East Bengaluru,,true,true,true,50
MC-P-0242,MCCTNS Camera Malleshwaram 242,MCCTNS_Private,13.003616,77.57094,North Bengaluru,Malleshwaram,false,false,true,20
BATCS-0264,Traffic Signal Camera 264,BATCS,12.916993,77.595008,South Bengaluru,,true,false,false,80
BATCS-0081,Traffic Signal Camera 81,BATCS,13.003818,77.549068,North Bengaluru,,true,false,true,80
BATCS-0252,Traffic Signal Camera 252,BATCS,12.959498,77.555786,Bengaluru Urban,,true,false,true,80
SC-0244,Safe City Camera 244,Safe_City,12.991255,77.614051,Central Bengaluru,,true,true,true,50
MC-P-0105,MCCTNS Camera Banashankari 105,MCCTNS_Private,12.928638,77.546398,South Bengaluru,Banashankari,false,false,false,20
MC-C-0096,MCCTNS Camera Manyata Tech Park 96,MCCTNS_Commercial,13.047322,77.620611,North Bengaluru,Manyata Tech Park,false,false,true,20
BATCS-0011,Traffic Signal Camera 11,BATCS,13.005436,77.593179,North Bengaluru,,true,false,false,80
BATCS-0369,Traffic Signal Camera 369,BATCS,13.028718,77.663787,North Bengaluru,,true,false,true,80
MC-P-0369,MCCTNS Camera Whitefield 369,MCCTNS_Private,12.978533,77.7,Bengaluru Urban,,false,false,true,20
MC-P-0561,MCCTNS Camera Electronic City 561,MCCTNS_Private,12.85,77.685525,Bengaluru Urban,,false,false,true,20
MC-R-0282,MCCTNS Camera Manyata Tech Park 282,MCCTNS_RWA,13.05,77.620211,North Bengaluru,Manyata Tech Park,false,false,true,20
MC-P-0507,MCCTNS Camera Manyata Tech Park 507,MCCTNS_Private,13.042308,77.632929,North Bengaluru,,false,false,true,20
MC-R-0292,MCCTNS Camera Banashankari 292,MCCTNS_RWA,12.928954,77.545156,South Bengaluru,Banashankari,false,false,true,20
SC-0025,Safe City Camera 25,Safe_City,12.931099,77.576329,Bengaluru Urban,,true,true,true,50
MC-R-0378,MCCTNS Camera Rajajinagar 378,MCCTNS_RWA,12.990049,77.545565,Bengaluru Urban,,false,false,true,20
MC-R-0253,MCCTNS Camera Electronic City 253,MCCTNS_RWA,12.85,77.673491,Bengaluru Urban,,false,false,true,20
BATCS-0255,Traffic Signal Camera 255,BATCS,12.991267,77.657267,Bengaluru Urban,,true,false,true,80
MC-R-0188,MCCTNS Camera Whitefield 188,MCCTNS_RWA,12.975224,77.7,Bengaluru Urban,,false,false,true,20
MC-C-0184,MCCTNS Camera Whitefield 184,MCCTNS_Commercial,12.980051,77.7,Bengaluru Urban,,false,false,false,20
MC-P-0470,MCCTNS Camera Rajajinagar 470,MCCTNS_Private,12.997218,77.559519,Central Bengaluru,Rajajinagar,false,false,true,20
MC-R-0116,MCCTNS Camera BTM Layout 116,MCCTNS_RWA,12.916512,77.6111,South Bengaluru,BTM Layout,false,false,true,20
MC-P-0256,MCCTNS Camera Whitefield 256,MCCTNS_Private,12.971822,77.7,Bengaluru Urban,,false,false,true,20
MC-P-0178,MCCTNS Camera BTM Layout 178,MCCTNS_Private,12.916089,77.61034,South Bengaluru,BTM Layout,false,false,true,20
MC-R-0339,MCCTNS Camera Electronic City 339,MCCTNS_RWA,12.85,77.686812,Bengaluru Urban,,false,false,true,20
MC-P-0555,MCCTNS Camera Jayanagar 555,MCCTNS_Private,12.931148,77.58145,Bengaluru Urban,Jayanagar,false,false,true,20
MC-C-0087,MCCTNS Camera Manyata Tech Park 87,MCCTNS_Commercial,13.047314,77.621957,North Bengaluru,Manyata Tech Park,false,false,true,20
MC-R-0274,MCCTNS Camera Banashankari 274,MCCTNS_RWA,12.935173,77.55927,Bengaluru Urban,,false,false,true,20
MC-R-0114,MCCTNS Camera Manyata Tech Park 114,MCCTNS_RWA,13.05,77.623913,North Bengaluru,Manyata Tech Park,false,false,false,20
MC-P-0215,MCCTNS Camera Rajajinagar 215,MCCTNS_Private,12.998515,77.555404,Central Bengaluru,Rajajinagar,false,false,true,20
MC-P-0523,MCCTNS Camera Jayanagar 523,MCCTNS_Private,12.915716,77.592901,South Bengaluru,,false,false,true,20
BATCS-0041,Traffic Signal Camera 41,BATCS,12.906494,77.580458,South Bengaluru,JP Nagar,true,false,true,80
MC-C-0215,MCCTNS Camera Manyata Tech Park 215,MCCTNS_Commercial,13.041884,77.616472,North Bengaluru,,false,false,true,20
MC-P-0063,MCCTNS Camera Manyata Tech Park 63,MCCTNS_Private,13.048873,77.608173,North Bengaluru,,false,false,true,20
BATCS-0379,Traffic Signal Camera 379,BATCS,12.96039,77.601359,East Bengaluru,,true,false,true,80
MC-P-0199,MCCTNS Camera JP Nagar 199,MCCTNS_Private,12.909362,77.569219,South Bengaluru,,false,false,true,20
MC-C-0201,MCCTNS Camera JP Nagar 201,MCCTNS_Commercial,12.90528,77.59729,South Bengaluru,,false,false,true,20
MC-C-0149,MCCTNS Camera Electronic City 149,MCCTNS_Commercial,12.85,77.68764,Bengaluru Urban,,false,false,true,20
BATCS-0131,Traffic Signal Camera 131,BATCS,12.978251,77.636857,Central Bengaluru,Indiranagar 100ft Road,true,false,true,80
SC-0267,Safe City Camera 267 - MG Road,Safe_City,12.977108,77.609111,Central Bengaluru,MG Road,true,true,true,50
BATCS-0204,Traffic Signal Camera 204,BATCS,12.928454,77.597193,South Bengaluru,,true,false,true,80
BATCS-0257,Traffic Signal Camera 257,BATCS,12.952394,77.620259,East Bengaluru,,true,false,true,80
MC-P-0237,MCCTNS Camera Electronic City 237,MCCTNS_Private,12.85,77.685885,Bengaluru Urban,,false,false,false,20
SC-0212,Safe City Camera 212,Safe_City,13.032101,77.621969,North Bengaluru,,true,true,true,50
MC-P-0503,MCCTNS Camera Whitefield 503,MCCTNS_Private,12.969285,77.7,East Bengaluru,,false,false,true,20
MC-C-0227,MCCTNS Camera Commercial Street 227,MCCTNS_Commercial,12.988651,77.624558,Central Bengaluru,,false,false,true,20
MC-C-0118,MCCTNS Camera Commercial Street 118,MCCTNS_Commercial,12.979374,77.600404,Central Bengaluru,,false,false,false,20
MC-P-0142,MCCTNS Camera Rajajinagar 142,MCCTNS_Private,13.001769,77.547534,North Bengaluru,,false,false,true,20
MC-R-0027,MCCTNS Camera JP Nagar 27,MCCTNS_RWA,12.906219,77.587172,South Bengaluru,JP Nagar,false,false,false,20
BATCS-0371,Traffic Signal Camera 371,BATCS,13.002103,77.61233,North Bengaluru,,true,false,true,80
MC-R-0148,MCCTNS Camera Rajajinagar 148,MCCTNS_RWA,13.011713,77.545319,North Bengaluru,,false,false,true,20
MC-P-0461,MCCTNS Camera JP Nagar 461,MCCTNS_Private,12.90041,77.572628,South Bengaluru,,false,false,true,20
BATCS-0194,Traffic Signal Camera 194,BATCS,12.97657,77.599613,Central Bengaluru,,true,false,true,80
MC-R-0295,MCCTNS Camera Electronic City 295,MCCTNS_RWA,12.85,77.676539,Bengaluru Urban,,false,false,true,20
MC-P-0367,MCCTNS Camera Jayanagar 367,MCCTNS_Private,12.930955,77.588291,Bengaluru Urban,Jayanagar,false,false,true,20
MC-R-0337,MCCTNS Camera Manyata Tech Park 337,MCCTNS_RWA,13.040091,77.625334,North Bengaluru,,false,false,true,20
MC-P-0136,MCCTNS Camera Rajajinagar 136,MCCTNS_Private,13.000673,77.549331,North Bengaluru,Rajajinagar,false,false,true,20
MC-P-0239,MCCTNS Camera BTM Layout 239,MCCTNS_Private,12.91643,77.611256,South Bengaluru,BTM Layout,false,false,true,20
MC-R-0352,MCCTNS Camera Electronic City 352,MCCTNS_RWA,12.85,77.680554,Bengaluru Urban,,false,false,true,20
MC-P-0258,MCCTNS Camera Commercial Street 258,MCCTNS_Private,12.98009,77.607463,Central Bengaluru,Commercial Street,false,false,true,20
BATCS-0048,Traffic Signal Camera 48,BATCS,12.984772,77.588454,Central Bengaluru,,true,false,true,80
MC-P-0546,MCCTNS Camera Malleshwaram 546,MCCTNS_Private,13.000457,77.570466,North Bengaluru,Malleshwaram,false,false,true,20
MC-P-0168,MCCTNS Camera Malleshwaram 168,MCCTNS_Private,12.98739,77.563571,Central Bengaluru,,false,false,true,20
MC-P-0340,MCCTNS Camera JP Nagar 340,MCCTNS_Private,12.89414,77.58488,Bengaluru Urban,,false,false,true,20
MC-R-0182,MCCTNS Camera Rajajinagar 182,MCCTNS_RWA,12.997173,77.558175,Central Bengaluru,Rajajinagar,false,false,true,20
MC-R-0087,MCCTNS Camera JP Nagar 87,MCCTNS_RWA,12.912305,77.57867,South Bengaluru,JP Nagar,false,false,true,20
BATCS-0250,Traffic Signal Camera 250,BATCS,12.963208,77.641552,East Bengaluru,,true,false,true,80
BATCS-0170,Traffic Signal Camera 170,BATCS,12.994912,77.555269,Central Bengaluru,Rajajinagar,true,false,true,80
BATCS-0239,Traffic Signal Camera 239,BATCS,12.912355,77.632341,South Bengaluru,HSR Layout,true,false,true,80
BATCS-0246,Traffic Signal Camera 246,BATCS,12.932589,77.51627,Bengaluru Urban,,true,false,true,80
BATCS-0024,Traffic Signal Camera 24,BATCS,12.944319,77.603032,East Bengaluru,,true,false,true,80
MC-P-0024,MCCTNS Camera Rajajinagar 24,MCCTNS_Private,12.983258,77.558671,Central Bengaluru,,false,false,true,20
MC-R-0060,MCCTNS Camera BTM Layout 60,MCCTNS_RWA,12.919177,77.610595,South Bengaluru,BTM Layout,false,false,true,20
MC-C-0122,MCCTNS Camera Electronic City 122,MCCTNS_Commercial,12.85,77.674111,Bengaluru Urban,,false,false,true,20
MC-P-0308,MCCTNS Camera Whitefield 308,MCCTNS_Private,12.971575,77.7,Bengaluru Urban,,false,false,true,20
SC-0164,Safe City Camera 164,Safe_City,13.042543,77.514654,North Bengaluru,,true,true,true,50
MC-R-0024,MCCTNS Camera JP Nagar 24,MCCTNS_RWA,12.915954,77.585259,South Bengaluru,JP Nagar,false,false,false,20
MC-R-0301,MCCTNS Camera Electronic City 301,MCCTNS_RWA,12.854799,77.671306,Bengaluru Urban,,false,false,true,20
MC-R-0290,MCCTNS Camera Manyata Tech Park 290,MCCTNS_RWA,13.030412,77.619487,North Bengaluru,,false,false,true,20
MC-P-0124,MCCTNS Camera Banashankari 124,MCCTNS_Private,12.936509,77.533763,Bengaluru Urban,,false,false,true,20
MC-P-0447,MCCTNS Camera BTM Layout 447,MCCTNS_Private,12.908986,77.622805,South Bengaluru,,false,false,true,20
MC-R-0376,MCCTNS Camera Banashankari 376,MCCTNS_RWA,12.942341,77.553901,Bengaluru Urban,,false,false,true,20
MC-P-0648,MCCTNS Camera Electronic City 648,MCCTNS_Private,12.85,77.672364,Bengaluru Urban,,false,false,true,20
MC-R-0371,MCCTNS Camera JP Nagar 371,MCCTNS_RWA,12.925647,77.577765,South Bengaluru,Jayanagar,false,false,true,20
MC-C-0188,MCCTNS Camera Rajajinagar 188,MCCTNS_Commercial,12.997135,77.548326,Bengaluru Urban,Rajajinagar,false,false,true,20
MC-C-0242,MCCTNS Camera Electronic City 242,MCCTNS_Commercial,12.85,77.671393,Bengaluru Urban,,false,false,true,20
MC-P-0445,MCCTNS Camera Banashankari 445,MCCTNS_Private,12.939692,77.540863,Bengaluru Urban,,false,false,true,20
MC-C-0016,MCCTNS Camera Electronic City 16,MCCTNS_Commercial,12.85,77.667149,Bengaluru Urban,,false,false,true,20
MC-P-0418,MCCTNS Camera Banashankari 418,MCCTNS_Private,12.935368,77.552116,Bengaluru Urban,,false,false,true,20
MC-P-0327,MCCTNS Camera Electronic City 327,MCCTNS_Private,12.85,77.673554,Bengaluru Urban,,false,false,true,20
BATCS-0354,Traffic Signal Camera 354,BATCS,12.990654,77.599512,Central Bengaluru,,true,false,true,80
MC-R-0150,MCCTNS Camera BTM Layout 150,MCCTNS_RWA,12.917043,77.61671,South Bengaluru,Silk Board,false,false,false,20
MC-P-0363,MCCTNS Camera Electronic City 363,MCCTNS_Private,12.85,77.672057,Bengaluru Urban,,false,false,true,20
SC-0220,Safe City Camera 220,Safe_City,13.004787,77.564688,North Bengaluru,Malleshwaram,true,true,true,50
MC-R-0086,MCCTNS Camera Whitefield 86,MCCTNS_RWA,12.973982,77.7,Bengaluru Urban,,false,false,true,20
MC-R-0034,MCCTNS Camera Commercial Street 34,MCCTNS_RWA,12.988544,77.624077,Central Bengaluru,,false,false,true,20
MC-P-0630,MCCTNS Camera Rajajinagar 630,MCCTNS_Private,13.005678,77.565262,North Bengaluru,Malleshwaram,false,false,true,20
BATCS-0244,Traffic Signal Camera 244,BATCS,12.917154,77.580045,South Bengaluru,,true,false,true,80
BATCS-0070,Traffic Signal Camera 70,BATCS,12.916397,77.61534,South Bengaluru,BTM Layout,true,false,true,80
SC-0102,Safe City Camera 102,Safe_City,12.948143,77.579616,Bengaluru Urban,,true,true,true,50
MC-C-0032,MCCTNS Camera Electronic City 32,MCCTNS_Commercial,12.85,77.678657,Bengaluru Urban,,false,false,true,20
MC-R-0227,MCCTNS Camera Rajajinagar 227,MCCTNS_RWA,13.005113,77.539276,North Bengaluru,,false,false,true,20
MC-R-0174,MCCTNS Camera Malleshwaram 174,MCCTNS_RWA,13.010437,77.571546,North Bengaluru,Malleshwaram,false,false,true,20
BATCS-0305,Traffic Signal Camera 305,BATCS,13.004062,77.550081,North Bengaluru,,true,false,true,80
MC-P-0091,MCCTNS Camera Rajajinagar 91,MCCTNS_Private,12.997987,77.557324,Central Bengaluru,Rajajinagar,false,false,true,20
MC-R-0149,MCCTNS Camera Manyata Tech Park 149,MCCTNS_RWA,13.048296,77.621855,North Bengaluru,Manyata Tech Park,false,false,true,20
SC-0294,Safe City Camera 294 - Marathahalli Bridge,Safe_City,12.958172,77.699633,East Bengaluru,Marathahalli Bridge,true,true,true,50
MC-P-0325,MCCTNS Camera BTM Layout 325,MCCTNS_Private,12.908676,77.613848,South Bengaluru,,false,false,true,20
MC-P-0175,MCCTNS Camera Jayanagar 175,MCCTNS_Private,12.929685,77.578473,South Bengaluru,Jayanagar,false,false,true,20
BATCS-0241,Traffic Signal Camera 241,BATCS,12.992949,77.609696,Central Bengaluru,,true,false,true,80
MC-C-0218,MCCTNS Camera JP Nagar 218,MCCTNS_Commercial,12.918848,77.596371,South Bengaluru,,false,false,true,20
BATCS-0368,Traffic Signal Camera 368,BATCS,12.939991,77.625318,East Bengaluru,Koramangala 5th Block,true,false,true,80
MC-P-0130,MCCTNS Camera Malleshwaram 130,MCCTNS_Private,12.998418,77.57414,Central Bengaluru,Malleshwaram,false,false,true,20
MC-C-0004,MCCTNS Camera Commercial Street 4,MCCTNS_Commercial,12.98011,77.613695,Central Bengaluru,Commercial Street,false,false,true,20
BATCS-0197,Traffic Signal Camera 197,BATCS,12.879432,77.545767,Bengaluru Urban,,true,false,true,80
BATCS-0116,Traffic Signal Camera 116,BATCS,12.906795,77.521011,South Bengaluru,,true,false,true,80
MC-P-0634,MCCTNS Camera Malleshwaram 634,MCCTNS_Private,13.002436,77.560217,North Bengaluru,Rajajinagar,false,false,true,20
MC-R-0346,MCCTNS Camera Jayanagar 346,MCCTNS_RWA,12.930509,77.578587,Bengaluru Urban,Jayanagar,false,false,true,20
MC-P-0084,MCCTNS Camera Banashankari 84,MCCTNS_Private,12.933353,77.542268,Bengaluru Urban,,false,false,true,20
MC-C-0223,MCCTNS Camera Jayanagar 223,MCCTNS_Commercial,12.93337,77.578969,Bengaluru Urban,Jayanagar,false,false,true,20
BATCS-0303,Traffic Signal Camera 303,BATCS,12.936919,77.573825,Bengaluru Urban,,true,false,true,80
MC-P-0454,MCCTNS Camera JP Nagar 454,MCCTNS_Private,12.90879,77.58785,South Bengaluru,JP Nagar,false,false,true,20
MC-P-0353,MCCTNS Camera Whitefield 353,MCCTNS_Private,12.977505,77.7,Bengaluru Urban,,false,false,true,20
BATCS-0209,SRS,BATCS,13.034489,77.529671,North Bengaluru,,true,false,true,80
MC-P-0243,MCCTNS Camera Manyata Tech Park 243,MCCTNS_Private,13.04525,77.632636,North Bengaluru,,false,false,true,20
MC-C-0157,MCCTNS Camera Banashankari 157,MCCTNS_Commercial,12.932139,77.539735,Bengaluru Urban,,false,false,false,20
MC-C-0009,MCCTNS Camera Malleshwaram 9,MCCTNS_Commercial,12.990141,77.569186,Central Bengaluru,,false,false,true,20
MC-P-0622,MCCTNS Camera Rajajinagar 622,MCCTNS_Private,12.986175,77.561607,Central Bengaluru,,false,false,true,20
MC-C-0121,MCCTNS Camera Malleshwaram 121,MCCTNS_Commercial,13.010594,77.566285,North Bengaluru,,false,false,true,20
MC-P-0407,MCCTNS Camera Manyata Tech Park 407,MCCTNS_Private,13.05,77.623075,North Bengaluru,Manyata Tech Park,false,false,true,20
SC-0001,Safe City Camera 1,Safe_City,12.965074,77.618207,East Bengaluru,,true,true,true,50
MC-R-0248,MCCTNS Camera Electronic City 248,MCCTNS_RWA,12.85,77.685436,Bengaluru Urban,,false,false,true,20
MC-P-0476,MCCTNS Camera Banashankari 476,MCCTNS_Private,12.916311,77.553178,South Bengaluru,,false,false,true,20
SC-0047,Safe City Camera 47,Safe_City,13.004926,77.548934,North Bengaluru,,true,true,true,50
SC-0030,Safe City Camera 30,Safe_City,12.929139,77.546869,South Bengaluru,Banashankari,true,true,true,50
MC-R-0342,MCCTNS Camera Commercial Street 342,MCCTNS_RWA,12.993118,77.612109,Central Bengaluru,,false,false,true,20
MC-C-0224,MCCTNS Camera Jayanagar 224,MCCTNS_Commercial,12.915527,77.581701,South Bengaluru,JP Nagar,false,false,true,20
MC-P-0140,MCCTNS Camera Banashankari 140,MCCTNS_Private,12.909825,77.548232,South Bengaluru,,false,false,true,20
MC-P-0371,MCCTNS Camera Banashankari 371,MCCTNS_Private,12.92643,77.545478,South Bengaluru,Banashankari,false,false,true,20
MC-R-0056,MCCTNS Camera Commercial Street 56,MCCTNS_RWA,12.988574,77.616117,Central Bengaluru,,false,false,true,20
BATCS-0282,Traffic Signal Camera 282,BATCS,13.0131,77.662573,North Bengaluru,,true,false,true,80
MC-P-0246,MCCTNS Camera Jayanagar 246,MCCTNS_Private,12.926001,77.57301,South Bengaluru,,false,false,true,20
BATCS-0336,Traffic Signal Camera 336,BATCS,12.980147,77.571182,Central Bengaluru,,true,false,true,80
MC-R-0190,MCCTNS Camera Jayanagar 190,MCCTNS_RWA,12.928721,77.582656,South Bengaluru,Jayanagar,false,false,true,20
MC-R-0067,MCCTNS Camera Banashankari 67,MCCTNS_RWA,12.936523,77.538743,Bengaluru Urban,,false,false,true,20
SC-0223,Safe City Camera 223,Safe_City,12.961408,77.588113,Bengaluru Urban,,true,true,true,50
MC-P-0387,MCCTNS Camera Banashankari 387,MCCTNS_Private,12.92306,77.553401,South Bengaluru,,false,false,true,20
MC-R-0317,MCCTNS Camera Banashankari 317,MCCTNS_RWA,12.93159,77.551208,Bengaluru Urban,,false,false,true,20
BATCS-0111,Traffic Signal Camera 111,BATCS,13.018198,77.557882,North Bengaluru,,true,false,true,80
MC-P-0477,MCCTNS Camera Electronic City 477,MCCTNS_Private,12.85,77.666434,Bengaluru Urban,,false,false,true,20
MC-C-0101,MCCTNS Camera JP Nagar 101,MCCTNS_Commercial,12.909826,77.585338,South Bengaluru,JP Nagar,false,false,true,20
MC-C-0185,MCCTNS Camera Rajajinagar 185,MCCTNS_Commercial,13.004192,77.550301,North Bengaluru,,false,false,true,20
MC-P-0423,MCCTNS Camera Banashankari 423,MCCTNS_Private,12.933714,77.550131,Bengaluru Urban,,false,false,true,20
SC-0263,Safe City Camera 263 - Koramangala 5th Block,Safe_City,12.933904,77.624595,East Bengaluru,Koramangala 5th Block,true,true,true,50
BATCS-0269,Traffic Signal Camera 269,BATCS,12.948233,77.574159,Bengaluru Urban,,true,false,true,80
BATCS-0200,Traffic Signal Camera 200,BATCS,12.922065,77.560327,South Bengaluru,,true,false,true,80
MC-P-0049,MCCTNS Camera Rajajinagar 49,MCCTNS_Private,13.005405,77.546895,North Bengaluru,,false,false,true,20
MC-C-0217,MCCTNS Camera Commercial Street 217,MCCTNS_Commercial,12.969053,77.603644,East Bengaluru,,false,false,true,20
MC-R-0358,MCCTNS Camera JP Nagar 358,MCCTNS_RWA,12.920399,77.589559,South Bengaluru,,false,false,false,20
MC-P-0378,MCCTNS Camera BTM Layout 378,MCCTNS_Private,12.918169,77.599129,South Bengaluru,,false,false,true,20
MC-C-0256,MCCTNS Camera Manyata Tech Park 256,MCCTNS_Commercial,13.047871,77.627718,North Bengaluru,Manyata Tech Park,false,false,true,20
MC-P-0372,MCCTNS Camera Electronic City 372,MCCTNS_Private,12.85,77.668786,Bengaluru Urban,,false,false,true,20
SC-0179,Safe City Camera 179,Safe_City,12.990618,77.614356,Central Bengaluru,,true,true,true,50
SC-0180,Safe City Camera 180,Safe_City,12.937,77.580417,Bengaluru Urban,,true,true,true,50
MC-R-0232,MCCTNS Camera Malleshwaram 232,MCCTNS_RWA,12.997252,77.566511,Central Bengaluru,,false,false,true,20
MC-C-0084,MCCTNS Camera Banashankari 84,MCCTNS_Commercial,12.919037,77.53983,South Bengaluru,,false,false,true,20
BATCS-0148,Traffic Signal Camera 148,BATCS,12.966787,77.661347,East Bengaluru,,true,false,true,80
MC-C-0025,MCCTNS Camera Whitefield 25,MCCTNS_Commercial,12.963132,77.7,East Bengaluru,Marathahalli Bridge,false,false,true,20
MC-P-0047,MCCTNS Camera BTM Layout 47,MCCTNS_Private,12.929692,77.611913,South Bengaluru,,false,false,true,20
MC-P-0428,MCCTNS Camera BTM Layout 428,MCCTNS_Private,12.908698,77.622641,South Bengaluru,,false,false,true,20
MC-R-0007,MCCTNS Camera Whitefield 7,MCCTNS_RWA,12.968629,77.7,East Bengaluru,,false,false,true,20
MC-P-0129,MCCTNS Camera Manyata Tech Park 129,MCCTNS_Private,13.05,77.627941,North Bengaluru,Manyata Tech Park,false,false,true,20
MC-P-0352,MCCTNS Camera JP Nagar 352,MCCTNS_Private,12.89936,77.574689,Bengaluru Urban,,false,false,true,20
MC-P-0078,MCCTNS Camera JP Nagar 78,MCCTNS_Private,12.906581,77.577095,South Bengaluru,,false,false,true,20
SC-0292,Safe City Camera 292 - Silk Board,Safe_City,12.916929,77.622343,South Bengaluru,Silk Board,true,true,true,50
MC-C-0026,MCCTNS Camera Jayanagar 26,MCCTNS_Commercial,12.916334,77.579066,South Bengaluru,,false,false,true,20
MC-R-0122,MCCTNS Camera Rajajinagar 122,MCCTNS_RWA,13.000618,77.55481,North Bengaluru,Rajajinagar,false,false,true,20
BATCS-0045,Traffic Signal Camera 45,BATCS,12.988949,77.573958,Central Bengaluru,,true,false,true,80
BATCS-0327,Traffic Signal Camera 327,BATCS,13.003743,77.565326,North Bengaluru,Malleshwaram,true,false,true,80
MC-R-0315,MCCTNS Camera Manyata Tech Park 315,MCCTNS_RWA,13.05,77.613462,North Bengaluru,,false,false,true,20
MC-C-0127,MCCTNS Camera JP Nagar 127,MCCTNS_Commercial,12.920412,77.591295,South Bengaluru,,false,false,true,20
MC-C-0198,MCCTNS Camera Jayanagar 198,MCCTNS_Commercial,12.919595,77.597908,South Bengaluru,,false,false,true,20
SC-0213,Safe City Camera 213,Safe_City,12.91048,77.585709,South Bengaluru,JP Nagar,true,true,true,50
MC-R-0031,MCCTNS Camera Rajajinagar 31,MCCTNS_RWA,12.998443,77.568795,Central Bengaluru,Malleshwaram,false,false,true,20
MC-C-0159,MCCTNS Camera Jayanagar 159,MCCTNS_Commercial,12.937703,77.587112,Bengaluru Urban,,false,false,true,20
MC-C-0070,MCCTNS Camera Malleshwaram 70,MCCTNS_Commercial,13.006006,77.573321,North Bengaluru,Malleshwaram,false,false,true,20
MC-R-0386,MCCTNS Camera Electronic City 386,MCCTNS_RWA,12.85,77.677705,Bengaluru Urban,,false,false,true,20
BATCS-0367,Traffic Signal Camera 367,BATCS,12.961436,77.636024,East Bengaluru,,true,false,true,80
MC-C-0178,MCCTNS Camera Commercial Street 178,MCCTNS_Commercial,12.979138,77.608483,Central Bengaluru,MG Road,false,false,false,20
MC-P-0531,MCCTNS Camera Whitefield 531,MCCTNS_Private,12.963061,77.7,East Bengaluru,Marathahalli Bridge,false,false,true,20
BATCS-0108,Traffic Signal Camera 108,BATCS,12.960443,77.504283,Bengaluru Urban,,true,false,true,80
MC-P-0408,MCCTNS Camera Jayanagar 408,MCCTNS_Private,12.932579,77.591242,Bengaluru Urban,,false,false,true,20
MC-P-0377,MCCTNS Camera Banashankari 377,MCCTNS_Private,12.916838,77.546217,South Bengaluru,,false,false,true,20
SC-0061,Safe City Camera 61,Safe_City,12.933156,77.612603,East Bengaluru,,true,true,true,50
MC-P-0550,MCCTNS Camera Jayanagar 550,MCCTNS_Private,12.926948,77.574852,South Bengaluru,,false,false,true,20
MC-R-0237,MCCTNS Camera Manyata Tech Park 237,MCCTNS_RWA,13.05,77.617338,North Bengaluru,Manyata Tech Park,false,false,true,20
MC-R-0336,MCCTNS Camera Electronic City 336,MCCTNS_RWA,12.85,77.676741,Bengaluru Urban,,false,false,true,20
SC-0032,Safe City Camera 32,Safe_City,13.043773,77.556907,North Bengaluru,,true,true,true,50
MC-P-0641,MCCTNS Camera Malleshwaram 641,MCCTNS_Private,13.013555,77.576657,North Bengaluru,,false,false,true,20
MC-P-0563,MCCTNS Camera BTM Layout 563,MCCTNS_Private,12.918122,77.608086,South Bengaluru,BTM Layout,false,false,true,20
BATCS-0313,Traffic Signal Camera 313,BATCS,12.925262,77.550038,South Bengaluru,Banashankari,true,false,true,80
SC-0283,Safe City Camera 283 - Indiranagar 100ft Road,Safe_City,12.979001,77.641505,Central Bengaluru,Indiranagar 100ft Road,true,true,true,50
MC-R-0284,MCCTNS Camera Manyata Tech Park 284,MCCTNS_RWA,13.048042,77.619317,North Bengaluru,Manyata Tech Park,false,false,true,20
BATCS-0121,Traffic Signal Camera 121,BATCS,12.995357,77.60206,Central Bengaluru,,true,false,true,80
MC-P-0034,MCCTNS Camera JP Nagar 34,MCCTNS_Private,12.910993,77.586314,South Bengaluru,JP Nagar,false,false,true,20
MC-P-0382,MCCTNS Camera Commercial Street 382,MCCTNS_Private,12.984169,77.604983,Central Bengaluru,Commercial Street,false,false,true,20
SC-0197,Safe City Camera 197,Safe_City,12.975059,77.576406,Central Bengaluru,,true,true,true,50
MC-R-0092,MCCTNS Camera Whitefield 92,MCCTNS_RWA,12.9831,77.7,Bengaluru Urban,,false,false,true,20
SC-0042,Safe City Camera 42,Safe_City,12.974424,77.577251,Central Bengaluru,,true,true,true,50
MC-C-0205,MCCTNS Camera Manyata Tech Park 205,MCCTNS_Commercial,13.05,77.615115,North Bengaluru,Manyata Tech Park,false,false,true,20
MC-P-0305,MCCTNS Camera Banashankari 305,MCCTNS_Private,12.918738,77.553684,South Bengaluru,,false,false,true,20
MC-P-0134,MCCTNS Camera Whitefield 134,MCCTNS_Private,12.972369,77.7,Bengaluru Urban,,false,false,true,20
MC-P-0241,MCCTNS Camera Whitefield 241,MCCTNS_Private,12.960187,77.7,East Bengaluru,Marathahalli Bridge,false,false,true,20
MC-C-0147,MCCTNS Camera Commercial Street 147,MCCTNS_Commercial,12.975282,77.595053,Central Bengaluru,,false,false,true,20
MC-R-0314,MCCTNS Camera BTM Layout 314,MCCTNS_RWA,12.908936,77.593989,South Bengaluru,,false,false,true,20
SC-0161,Safe City Camera 161,Safe_City,12.979046,77.646394,Central Bengaluru,Indiranagar 100ft Road,true,true,true,50
MC-R-0370,MCCTNS Camera Electronic City 370,MCCTNS_RWA,12.85,77.674192,Bengaluru Urban,,false,false,true,20
MC-R-0209,MCCTNS Camera Manyata Tech Park 209,MCCTNS_RWA,13.035936,77.618243,North Bengaluru,,false,false,true,20
MC-P-0160,MCCTNS Camera Commercial Street 160,MCCTNS_Private,12.970557,77.60416,Central Bengaluru,,false,false,true,20
SC-0233,Safe City Camera 233,Safe_City,12.995715,77.60184,Central Bengaluru,,true,true,true,50
SC-0256,Safe City Camera 256 - MG Road,Safe_City,12.974712,77.609041,Central Bengaluru,MG Road,true,true,true,50
MC-R-0153,MCCTNS Camera Malleshwaram 153,MCCTNS_RWA,12.995027,77.578678,Central Bengaluru,,false,false,true,20
BATCS-0071,Traffic Signal Camera 71,BATCS,13.044078,77.556956,North Bengaluru,,true,false,true,80
MC-P-0380,MCCTNS Camera Banashankari 380,MCCTNS_Private,12.931093,77.540272,Bengaluru Urban,,false,false,true,20
MC-P-0497,MCCTNS Camera Jayanagar 497,MCCTNS_Private,12.936685,77.590252,Bengaluru Urban,,false,false,true,20
MC-P-0471,MCCTNS Camera Whitefield 471,MCCTNS_Private,12.956622,77.7,East Bengaluru,Marathahalli Bridge,false,false,true,20
MC-P-0517,MCCTNS Camera Malleshwaram 517,MCCTNS_Private,12.996688,77.585158,Central Bengaluru,,false,false,true,20
MC-P-0650,MCCTNS Camera Malleshwaram 650,MCCTNS_Private,12.995213,77.582968,Central Bengaluru,,false,false,true,20
MC-C-0164,MCCTNS Camera Manyata Tech Park 164,MCCTNS_Commercial,13.043135,77.615958,North Bengaluru,,false,false,false,20
BATCS-0299,Traffic Signal Camera 299,BATCS,12.912417,77.632624,South Bengaluru,HSR Layout,true,false,true,80
SC-0181,Safe City Camera 181,Safe_City,12.985717,77.588234,Central Bengaluru,,true,true,true,50
MC-P-0275,MCCTNS Camera Rajajinagar 275,MCCTNS_Private,12.987735,77.568093,Central Bengaluru,,false,false,true,20
BATCS-0302,Traffic Signal Camera 302,BATCS,12.919965,77.580523,South Bengaluru,,true,false,true,80
MC-C-0054,MCCTNS Camera Malleshwaram 54,MCCTNS_Commercial,13.002963,77.571472,North Bengaluru,Malleshwaram,false,false,true,20
MC-P-0355,MCCTNS Camera Malleshwaram 355,MCCTNS_Private,13.015279,77.581586,North Bengaluru,,false,false,true,20
MC-P-0157,MCCTNS Camera Electronic City 157,MCCTNS_Private,12.85,77.680451,Bengaluru Urban,,false,false,true,20
SC-0049,Safe City Camera 49,Safe_City,13.012792,77.662319,North Bengaluru,,true,true,true,50
MC-P-0508,MCCTNS Camera Banashankari 508,MCCTNS_Private,12.928428,77.54484,South Bengaluru,Banashankari,false,false,true,20
SC-0208,Safe City Camera 208,Safe_City,12.927868,77.620974,South Bengaluru,Koramangala 5th Block,true,true,true,50
MC-P-0487,MCCTNS Camera Rajajinagar 487,MCCTNS_Private,12.999307,77.556812,Central Bengaluru,Rajajinagar,false,false,true,20
BATCS-0297,Traffic Signal Camera 297,BATCS,13.03449,77.622802,North Bengaluru,,true,false,true,80
SC-0248,Safe City Camera 248,Safe_City,12.988784,77.550184,Central Bengaluru,,true,true,true,50
MC-P-0121,MCCTNS Camera Commercial Street 121,MCCTNS_Private,12.979626,77.605184,Central Bengaluru,Commercial Street,false,false,true,20
MC-C-0210,MCCTNS Camera Commercial Street 210,MCCTNS_Commercial,12.985822,77.628096,Central Bengaluru,,false,false,true,20
MC-R-0115,MCCTNS Camera BTM Layout 115,MCCTNS_RWA,12.913939,77.608649,South Bengaluru,BTM Layout,false,false,true,20
BATCS-0019,Traffic Signal Camera 19,BATCS,12.926635,77.56144,South Bengaluru,,true,false,true,80
MC-P-0052,MCCTNS Camera Manyata Tech Park 52,MCCTNS_Private,13.046566,77.612591,North Bengaluru,,false,false,true,20
BATCS-0219,Iblur Junction,BATCS,12.920725,77.665112,South Bengaluru,,true,false,false,80
SC-0055,Safe City Camera 55,Safe_City,12.930077,77.574818,Bengaluru Urban,,true,true,true,50
MC-R-0146,MCCTNS Camera Malleshwaram 146,MCCTNS_RWA,12.999982,77.573238,Central Bengaluru,Malleshwaram,false,false,true,20
MC-P-0276,MCCTNS Camera Whitefield 276,MCCTNS_Private,12.963063,77.7,East Bengaluru,Marathahalli Bridge,false,false,true,20
MC-C-0130,MCCTNS Camera JP Nagar 130,MCCTNS_Commercial,12.919522,77.576126,South Bengaluru,,false,false,true,20
MC-R-0106,MCCTNS Camera Electronic City 106,MCCTNS_RWA,12.85,77.684605,Bengaluru Urban,,false,false,true,20
BATCS-0259,Sumanahalli Junction,BATCS,12.987137,77.519145,Bengaluru Urban,,true,false,true,80
MC-P-0638,MCCTNS Camera Commercial Street 638,MCCTNS_Private,12.980688,77.610211,Central Bengaluru,Commercial Street,false,false,true,20
MC-R-0202,MCCTNS Camera Whitefield 202,MCCTNS_RWA,12.974641,77.7,Bengaluru Urban,,false,false,true,20
MC-P-0466,MCCTNS Camera Malleshwaram 466,MCCTNS_Private,12.998656,77.573622,Central Bengaluru,Malleshwaram,false,false,true,20
MC-C-0011,MCCTNS Camera BTM Layout 11,MCCTNS_Commercial,12.930854,77.621287,East Bengaluru,Koramangala 5th Block,false,false,true,20
MC-R-0263,MCCTNS Camera Banashankari 263,MCCTNS_RWA,12.913459,77.548579,South Bengaluru,,false,false,true,20
SC-0255,Safe City Camera 255 - Indiranagar 100ft Road,Safe_City,12.979133,77.640256,Central Bengaluru,Indiranagar 100ft Road,true,true,true,50
MC-P-0080,MCCTNS Camera Commercial Street 80,MCCTNS_Private,12.973557,77.606039,Central Bengaluru,MG Road,false,false,false,20
MC-C-0022,MCCTNS Camera Commercial Street 22,MCCTNS_Commercial,12.978403,77.598172,Central Bengaluru,,false,false,true,20
MC-P-0515,MCCTNS Camera JP Nagar 515,MCCTNS_Private,12.920403,77.573948,South Bengaluru,,false,false,true,20
BATCS-0389,Traffic Signal Camera 389,BATCS,13.018795,77.655788,North Bengaluru,,true,false,true,80
MC-R-0113,MCCTNS Camera Commercial Street 113,MCCTNS_RWA,12.974983,77.618897,Central Bengaluru,,false,false,true,20
MC-P-0263,MCCTNS Camera Whitefield 263,MCCTNS_Private,12.95541,77.7,East Bengaluru,Marathahalli Bridge,false,false,true,20
BATCS-0127,Traffic Signal Camera 127,BATCS,12.987471,77.619401,Central Bengaluru,,true,false,true,80
SC-0237,Safe City Camera 237,Safe_City,12.980281,77.656374,Bengaluru Urban,,true,true,true,50
BATCS-0004,Traffic Signal Camera 4,BATCS,13.03494,77.557447,North Bengaluru,,true,false,true,80
MC-P-0409,MCCTNS Camera Malleshwaram 409,MCCTNS_Private,13.009772,77.576497,North Bengaluru,,false,false,true,20
MC-P-0245,MCCTNS Camera Malleshwaram 245,MCCTNS_Private,13.005468,77.574936,North Bengaluru,Malleshwaram,false,false,true,20
MC-P-0037,MCCTNS Camera Commercial Street 37,MCCTNS_Private,12.98091,77.603511,Central Bengaluru,Commercial Street,false,false,true,20
SC-0242,Safe City Camera 242,Safe_City,12.966023,77.535344,Bengaluru Urban,,true,true,true,50
MC-P-0518,MCCTNS Camera Jayanagar 518,MCCTNS_Private,12.933676,77.586141,Bengaluru Urban,Jayanagar,false,false,true,20
BATCS-0261,Traffic Signal Camera 261,BATCS,12.979857,77.553625,Central Bengaluru,,true,false,true,80
MC-P-0025,MCCTNS Camera Commercial Street 25,MCCTNS_Private,12.967033,77.604809,East Bengaluru,,false,false,true,20
MC-R-0136,MCCTNS Camera Jayanagar 136,MCCTNS_RWA,12.926128,77.586066,South Bengaluru,Jayanagar,false,false,true,20
BATCS-0238,Traffic Signal Camera 238,BATCS,12.978392,77.646587,Central Bengaluru,Indiranagar 100ft Road,true,false,true,80
MC-R-0246,MCCTNS Camera BTM Layout 246,MCCTNS_RWA,12.921551,77.594972,South Bengaluru,,false,false,true,20
BATCS-0386,Traffic Signal Camera 386,BATCS,12.954491,77.54399,Bengaluru Urban,,true,false,true,80
MC-R-0147,MCCTNS Camera BTM Layout 147,MCCTNS_RWA,12.916814,77.626229,South Bengaluru,Silk Board,false,false,true,20
MC-P-0414,MCCTNS Camera JP Nagar 414,MCCTNS_Private,12.907834,77.590635,South Bengaluru,JP Nagar,false,false,false,20
SC-0297,Safe City Camera 297 - Marathahalli Bridge,Safe_City,12.958113,77.699553,East Bengaluru,Marathahalli Bridge,true,true,true,50
BATCS-0183,Traffic Signal Camera 183,BATCS,13.040463,77.624356,North Bengaluru,,true,false,true,80
BATCS-0229,Traffic Signal Camera 229,BATCS,12.924379,77.618044,South Bengaluru,,true,false,true,80
BATCS-0180,Traffic Signal Camera 180,BATCS,12.984322,77.582178,Central Bengaluru,,true,false,true,80
SC-0196,Safe City Camera 196,Safe_City,13.035178,77.557438,North Bengaluru,,true,true,true,50
MC-P-0631,MCCTNS Camera JP Nagar 631,MCCTNS_Private,12.907213,77.577864,South Bengaluru,JP Nagar,false,false,false,20
SC-0131,Safe City Camera 131,Safe_City,12.985531,77.589116,Central Bengaluru,,true,true,true,50
SC-0058,Safe City Camera 58,Safe_City,12.937139,77.601696,East Bengaluru,,true,true,true,50
SC-0078,Safe City Camera 78,Safe_City,12.906235,77.594623,South Bengaluru,,true,true,true,50
MC-R-0283,MCCTNS Camera Jayanagar 283,MCCTNS_RWA,12.940394,77.595367,Bengaluru Urban,,false,false,true,20
MC-P-0096,MCCTNS Camera Malleshwaram 96,MCCTNS_Private,13.003189,77.561946,North Bengaluru,,false,false,true,20
MC-P-0521,MCCTNS Camera BTM Layout 521,MCCTNS_Private,12.923116,77.614685,South Bengaluru,,false,false,true,20
MC-P-0224,MCCTNS Camera JP Nagar 224,MCCTNS_Private,12.904948,77.588219,South Bengaluru,JP Nagar,false,false,true,20
MC-P-0642,MCCTNS Camera Jayanagar 642,MCCTNS_Private,12.923988,77.584203,South Bengaluru,Jayanagar,false,false,true,20
MC-P-0319,MCCTNS Camera BTM Layout 319,MCCTNS_Private,12.908431,77.61991,South Bengaluru,,false,false,true,20
MC-P-0328,MCCTNS Camera Banashankari 328,MCCTNS_Private,12.915628,77.536594,South Bengaluru,,false,false,true,20
MC-P-0040,MCCTNS Camera Whitefield 40,MCCTNS_Private,12.972394,77.7,Bengaluru Urban,,false,false,true,20
MC-R-0231,MCCTNS Camera Whitefield 231,MCCTNS_RWA,12.965757,77.7,East Bengaluru,Marathahalli Bridge,false,false,true,20
MC-R-0239,MCCTNS Camera Jayanagar 239,MCCTNS_RWA,12.929853,77.582487,South Bengaluru,Jayanagar,false,false,true,20
MC-R-0245,MCCTNS Camera JP Nagar 245,MCCTNS_RWA,12.914812,77.586357,South Bengaluru,JP Nagar,false,false,true,20
MC-R-0224,MCCTNS Camera Whitefield 224,MCCTNS_RWA,12.968776,77.7,East Bengaluru,,false,false,true,20
MC-P-0584,MCCTNS Camera BTM Layout 584,MCCTNS_Private,12.924687,77.612179,South Bengaluru,,false,false,true,20
MC-R-0022,MCCTNS Camera Banashankari 22,MCCTNS_RWA,12.923802,77.538032,South Bengaluru,,false,false,true,20
MC-P-0002,MCCTNS Camera Manyata Tech Park 2,MCCTNS_Private,13.04886,77.621502,North Bengaluru,Manyata Tech Park,false,false,true,20
MC-R-0183,MCCTNS Camera Rajajinagar 183,MCCTNS_RWA,13.007123,77.569949,North Bengaluru,Malleshwaram,false,false,true,20
BATCS-0133,Traffic Signal Camera 133,BATCS,12.930803,77.579914,Bengaluru Urban,Jayanagar,true,false,true,80
MC-P-0274,MCCTNS Camera Banashankari 274,MCCTNS_Private,12.931809,77.543437,Bengaluru Urban,Banashankari,false,false,true,20
MC-P-0598,MCCTNS Camera Manyata Tech Park 598,MCCTNS_Private,13.040975,77.617148,North Bengaluru,,false,false,true,20
MC-C-0246,MCCTNS Camera Banashankari 246,MCCTNS_Commercial,12.920413,77.541042,South Bengaluru,,false,false,true,20
MC-P-0244,MCCTNS Camera JP Nagar 244,MCCTNS_Private,12.894987,77.586899,Bengaluru Urban,,false,false,true,20
MC-P-0608,MCCTNS Camera Electronic City 608,MCCTNS_Private,12.85,77.687318,Bengaluru Urban,,false,false,true,20
SC-0059,Safe City Camera 59,Safe_City,12.980199,77.553744,Central Bengaluru,,true,true,true,50
MC-P-0539,MCCTNS Camera Commercial Street 539,MCCTNS_Private,12.977613,77.614075,Central Bengaluru,MG Road,false,false,true,20
SC-0282,Safe City Camera 282 - MG Road,Safe_City,12.976103,77.610701,Central Bengaluru,MG Road,true,true,true,50
MC-R-0210,MCCTNS Camera Rajajinagar 210,MCCTNS_RWA,12.994985,77.556266,Central Bengaluru,Rajajinagar,false,false,true,20
MC-P-0463,MCCTNS Camera Jayanagar 463,MCCTNS_Private,12.919128,77.581361,South Bengaluru,,false,false,true,20
BATCS-0186,Traffic Signal Camera 186,BATCS,12.943523,77.580084,Bengaluru Urban,,true,false,true,80
MC-R-0090,MCCTNS Camera Jayanagar 90,MCCTNS_RWA,12.939505,77.592034,Bengaluru Urban,,false,false,false,20
MC-P-0399,MCCTNS Camera Malleshwaram 399,MCCTNS_Private,12.99718,77.562391,Central Bengaluru,Rajajinagar,false,false,true,20
MC-R-0178,MCCTNS Camera Rajajinagar 178,MCCTNS_RWA,12.987963,77.555801,Central Bengaluru,,false,false,true,20
MC-P-0195,MCCTNS Camera Jayanagar 195,MCCTNS_Private,12.927983,77.588883,South Bengaluru,Jayanagar,false,false,true,20
MC-P-0596,MCCTNS Camera Electronic City 596,MCCTNS_Private,12.85,77.680303,Bengaluru Urban,,false,false,true,20
BATCS-0279,Traffic Signal Camera 279,BATCS,12.971116,77.658896,Bengaluru Urban,,true,false,true,80
MC-R-0195,MCCTNS Camera Jayanagar 195,MCCTNS_RWA,12.920548,77.583844,South Bengaluru,,false,false,true,20
BATCS-0253,Traffic Signal Camera 253,BATCS,12.981128,77.597305,Central Bengaluru,,true,false,true,80
MC-P-0342,MCCTNS Camera Jayanagar 342,MCCTNS_Private,12.92593,77.592094,South Bengaluru,,false,false,true,20
MC-P-0571,MCCTNS Camera Whitefield 571,MCCTNS_Private,12.970148,77.7,Bengaluru Urban,,false,false,true,20
MC-R-0390,MCCTNS Camera Commercial Street 390,MCCTNS_RWA,12.981545,77.592143,Central Bengaluru,,false,false,true,20
MC-P-0337,MCCTNS Camera Whitefield 337,MCCTNS_Private,12.95832,77.7,East Bengaluru,Marathahalli Bridge,false,false,true,20
SC-0128,Safe City Camera 128,Safe_City,12.927865,77.546405,South Bengaluru,Banashankari,true,true,true,50
MC-P-0396,MCCTNS Camera Whitefield 396,MCCTNS_Private,12.971271,77.7,Bengaluru Urban,,false,false,true,20
SC-0052,Safe City Camera 52,Safe_City,13.005606,77.564545,North Bengaluru,Malleshwaram,true,true,true,50
SC-0175,Safe City Camera 175,Safe_City,13.036772,77.566354,North Bengaluru,,true,true,true,50
MC-C-0171,MCCTNS Camera Commercial Street 171,MCCTNS_Commercial,12.987907,77.613712,Central Bengaluru,Commercial Street,false,false,true,20
MC-P-0041,MCCTNS Camera Rajajinagar 41,MCCTNS_Private,13.009506,77.562969,North Bengaluru,,false,false,true,20
MC-R-0344,MCCTNS Camera JP Nagar 344,MCCTNS_RWA,12.914856,77.58326,South Bengaluru,JP Nagar,false,false,true,20
SC-0269,Safe City Camera 269 - Indiranagar 100ft Road,Safe_City,12.977875,77.641138,Central Bengaluru,Indiranagar 100ft Road,true,true,true,50
MC-P-0624,MCCTNS Camera JP Nagar 624,MCCTNS_Private,12.907958,77.590231,South Bengaluru,JP Nagar,false,false,true,20
MC-R-0360,MCCTNS Camera Whitefield 360,MCCTNS_RWA,12.975601,77.7,Bengaluru Urban,,false,false,true,20
BATCS-0329,Traffic Signal Camera 329,BATCS,13.005754,77.593167,North Bengaluru,,true,false,true,80
BATCS-0060,Traffic Signal Camera 60,BATCS,12.992753,77.609697,Central Bengaluru,,true,false,true,80
MC-C-0150,MCCTNS Camera Manyata Tech Park 150,MCCTNS_Commercial,13.05,77.630657,North Bengaluru,,false,false,true,20
MC-P-0092,MCCTNS Camera Manyata Tech Park 92,MCCTNS_Private,13.05,77.614445,North Bengaluru,,false,false,true,20
BATCS-0217,Traffic Signal Camera 217,BATCS,12.948283,77.570072,Bengaluru Urban,,true,false,false,80
BATCS-0184,Traffic Signal Camera 184,BATCS,12.977957,77.606639,Central Bengaluru,MG Road,true,false,true,80
MC-C-0143,MCCTNS Camera JP Nagar 143,MCCTNS_Commercial,12.898628,77.578757,Bengaluru Urban,,false,false,true,20
MC-P-0333,MCCTNS Camera Commercial Street 333,MCCTNS_Private,12.976419,77.611901,Central Bengaluru,MG Road,false,false,true,20
MC-R-0372,MCCTNS Camera Whitefield 372,MCCTNS_RWA,12.974122,77.7,Bengaluru Urban,,false,false,true,20
MC-C-0168,MCCTNS Camera Manyata Tech Park 168,MCCTNS_Commercial,13.047546,77.627456,North Bengaluru,Manyata Tech Park,false,false,true,20
BATCS-0350,Traffic Signal Camera 350,BATCS,12.989851,77.554316,Central Bengaluru,,true,false,true,80
SC-0034,Safe City Camera 34,Safe_City,13.037914,77.522202,North Bengaluru,,true,true,true,50
SC-0099,Safe City Camera 99,Safe_City,12.940009,77.625342,East Bengaluru,Koramangala 5th Block,true,true,true,50
SC-0094,Safe City Camera 94,Safe_City,12.965338,77.617894,East Bengaluru,,true,true,true,50
MC-R-0117,MCCTNS Camera Jayanagar 117,MCCTNS_RWA,12.923554,77.582877,South Bengaluru,Jayanagar,false,false,true,20
MC-C-0129,MCCTNS Camera Electronic City 129,MCCTNS_Commercial,12.85,77.668152,Bengaluru Urban,,false,false,true,20
MC-P-0139,MCCTNS Camera BTM Layout 139,MCCTNS_Private,12.921765,77.624539,South Bengaluru,Silk Board,false,false,true,20
BATCS-0237,Traffic Signal Camera 237,BATCS,13.003943,77.549401,North Bengaluru,,true,false,true,80
MC-C-0249,MCCTNS Camera JP Nagar 249,MCCTNS_Commercial,12.904697,77.585336,South Bengaluru,JP Nagar,false,false,true,20
MC-P-0104,MCCTNS Camera Commercial Street 104,MCCTNS_Private,12.988949,77.597589,Central Bengaluru,,false,false,true,20
MC-P-0568,MCCTNS Camera Rajajinagar 568,MCCTNS_Private,12.990586,77.568082,Central Bengaluru,,false,false,true,20
BATCS-0345,Traffic Signal Camera 345,BATCS,12.960556,77.50426,Bengaluru Urban,,true,false,true,80
MC-C-0058,MCCTNS Camera Banashankari 58,MCCTNS_Commercial,12.924195,77.542622,South Bengaluru,Banashankari,false,false,true,20
MC-R-0333,MCCTNS Camera BTM Layout 333,MCCTNS_RWA,12.916987,77.625762,South Bengaluru,Silk Board,false,false,true,20
MC-P-0209,MCCTNS Camera Rajajinagar 209,MCCTNS_Private,12.99075,77.563259,Central Bengaluru,,false,false,true,20
MC-P-0347,MCCTNS Camera Malleshwaram 347,MCCTNS_Private,13.003788,77.571596,North Bengaluru,Malleshwaram,false,false,true,20
MC-R-0300,MCCTNS Camera Jayanagar 300,MCCTNS_RWA,12.940452,77.58374,Bengaluru Urban,,false,false,true,20
SC-0218,Safe City Camera 218,Safe_City,12.98205,77.631119,Central Bengaluru,,true,true,true,50
BATCS-0179,Traffic Signal Camera 179,BATCS,12.945137,77.527745,Bengaluru Urban,,true,false,true,80
MC-P-0464,MCCTNS Camera Jayanagar 464,MCCTNS_Private,12.93953,77.585523,Bengaluru Urban,,false,false,true,20
MC-C-0072,MCCTNS Camera Rajajinagar 72,MCCTNS_Commercial,13.003077,77.553651,North Bengaluru,Rajajinagar,false,false,true,20
BATCS-0262,Traffic Signal Camera 262,BATCS,12.975162,77.614317,Central Bengaluru,MG Road,true,false,true,80
BATCS-0066,Traffic Signal Camera 66,BATCS,13.042502,77.514719,North Bengaluru,,true,false,true,80
MC-R-0098,MCCTNS Camera JP Nagar 98,MCCTNS_RWA,12.911967,77.583016,South Bengaluru,JP Nagar,false,false,true,20
MC-C-0152,MCCTNS Camera BTM Layout 152,MCCTNS_Commercial,12.927118,77.622112,South Bengaluru,Koramangala 5th Block,false,false,true,20
MC-C-0211,MCCTNS Camera JP Nagar 211,MCCTNS_Commercial,12.91132,77.584332,South Bengaluru,JP Nagar,false,false,true,20
MC-P-0453,MCCTNS Camera Jayanagar 453,MCCTNS_Private,12.913364,77.586342,South Bengaluru,JP Nagar,false,false,true,20
MC-P-0238,MCCTNS Camera Banashankari 238,MCCTNS_Private,12.929985,77.547114,South Bengaluru,Banashankari,false,false,true,20
MC-P-0544,MCCTNS Camera Electronic City 544,MCCTNS_Private,12.85,77.690697,Bengaluru Urban,,false,false,true,20
MC-P-0180,MCCTNS Camera Manyata Tech Park 180,MCCTNS_Private,13.045145,77.621022,North Bengaluru,Manyata Tech Park,false,false,true,20
MC-P-0537,MCCTNS Camera Commercial Street 537,MCCTNS_Private,12.996457,77.601366,Central Bengaluru,,false,false,true,20
BATCS-0294,Traffic Signal Camera 294,BATCS,12.980967,77.5366,Bengaluru Urban,,true,false,true,80
MC-C-0148,MCCTNS Camera BTM Layout 148,MCCTNS_Commercial,12.916401,77.613057,South Bengaluru,BTM Layout,false,false,true,20
BATCS-0400,Traffic Signal Camera 400,BATCS,12.917015,77.585842,South Bengaluru,,true,false,true,80
MC-P-0281,MCCTNS Camera Jayanagar 281,MCCTNS_Private,12.923963,77.572137,South Bengaluru,,false,false,false,20
SC-0202,Safe City Camera 202,Safe_City,12.937658,77.601574,East Bengaluru,,true,true,true,50
MC-P-0042,MCCTNS Camera Banashankari 42,MCCTNS_Private,12.913527,77.54178,South Bengaluru,,false,false,true,20
MC-P-0406,MCCTNS Camera BTM Layout 406,MCCTNS_Private,12.925019,77.607296,South Bengaluru,,false,false,true,20
BATCS-0206,Traffic Signal Camera 206,BATCS,12.957056,77.567333,Bengaluru Urban,,true,false,true,80
MC-P-0576,MCCTNS Camera Jayanagar 576,MCCTNS_Private,12.919132,77.586524,South Bengaluru,,false,false,true,20
MC-R-0215,MCCTNS Camera Manyata Tech Park 215,MCCTNS_RWA,13.037212,77.621884,North Bengaluru,,false,false,true,20
MC-C-0212,MCCTNS Camera Banashankari 212,MCCTNS_Commercial,12.931542,77.541556,Bengaluru Urban,Banashankari,false,false,true,20
MC-P-0331,MCCTNS Camera Electronic City 331,MCCTNS_Private,12.85,77.678035,Bengaluru Urban,,false,false,true,20
MC-C-0063,MCCTNS Camera Whitefield 63,MCCTNS_Commercial,12.965633,77.7,East Bengaluru,Marathahalli Bridge,false,false,true,20
MC-P-0606,MCCTNS Camera Jayanagar 606,MCCTNS_Private,12.91437,77.583838,South Bengaluru,JP Nagar,false,false,false,20
MC-R-0369,MCCTNS Camera JP Nagar 369,MCCTNS_RWA,12.906833,77.58223,South Bengaluru,JP Nagar,false,false,true,20
