fir_case_number,accused_full_name,role
KAR/BEN/2024/1504,Theodore Peri,Primary Suspect
KAR/BEN/2024/1535,Theodore Peri,Primary Suspect
KAR/BAL/2024/1558,Theodore Peri,Primary Suspect
KAR/BEN/2024/0938,Theodore Peri,Primary Suspect
KAR/BEN/2024/0877,Falak Bhandari,Primary Suspect
KAR/HAS/2024/1071,Falak Bhandari,Primary Suspect
KAR/BEN/2024/1439,Falak Bhandari,Primary Suspect
KAR/MYS/2024/2080,Falak Bhandari,Primary Suspect
KAR/BEN/2024/0528,Falak Bhandari,Primary Suspect
KAR/MAN/2024/1792,Anmol Bava,Primary Suspect
KAR/BEN/2024/1133,Anmol Bava,Primary Suspect
KAR/SHI/2024/0412,Anmol Bava,Primary Suspect
KAR/TUM/2024/2165,Anmol Bava,Primary Suspect
KAR/BEN/2024/1712,Ekanta Raval,Primary Suspect
KAR/MAN/2024/2470,Ekanta Raval,Primary Suspect
KAR/BEN/2024/0365,Ekanta Raval,Primary Suspect
KAR/BEN/2024/0969,Ekanta Raval,Primary Suspect
KAR/BEN/2024/2466,Ekanta Raval,Primary Suspect
KAR/KAL/2024/1261,Ekanta Raval,Primary Suspect
KAR/BEN/2024/0849,Ekanta Raval,Primary Suspect
KAR/BEN/2024/1022,Ekanta Raval,Primary Suspect
KAR/CHI/2024/0927,Shaurya Sheth,Primary Suspect
KAR/BEN/2024/1352,Shaurya Sheth,Primary Suspect
KAR/RAI/2024/0605,Shaurya Sheth,Primary Suspect
KAR/BEN/2024/1815,Shaurya Sheth,Primary Suspect
KAR/BEN/2024/1539,Shaurya Sheth,Primary Suspect
KAR/RAI/2024/1433,Shaurya Sheth,Primary Suspect
KAR/DAV/2024/2354,Chaitanya Raju,Primary Suspect
KAR/BEN/2024/2435,Chaitanya Raju,Primary Suspect
KAR/BEN/2024/1734,Chaitanya Raju,Primary Suspect
KAR/BEN/2024/0887,Chaitanya Raju,Primary Suspect
KAR/KOL/2024/0367,Jeet Anne,Primary Suspect
KAR/MYS/2024/1356,Jeet Anne,Primary Suspect
KAR/BEN/2024/1057,Jeet Anne,Primary Suspect
KAR/KOP/2024/0103,Jeet Anne,Primary Suspect
KAR/BEN/2024/0014,Jeet Anne,Primary Suspect
KAR/BEL/2024/0100,Jeet Anne,Primary Suspect
KAR/TUM/2024/1023,Abhimanyu Ratti,Primary Suspect
KAR/SHI/2024/2024,Abhimanyu Ratti,Primary Suspect
KAR/BEN/2024/2341,Abhimanyu Ratti,Primary Suspect
KAR/BEN/2024/1455,Abhimanyu Ratti,Primary Suspect
KAR/BEN/2024/0175,Abhimanyu Ratti,Primary Suspect
KAR/BEN/2024/1592,Abhimanyu Ratti,Primary Suspect
KAR/MAN/2024/0541,Abhimanyu Ratti,Primary Suspect
KAR/HAS/2024/1216,Ishaan Tella,Primary Suspect
KAR/BEN/2024/1881,Ishaan Tella,Primary Suspect
KAR/BAL/2024/0237,Ishaan Tella,Primary Suspect
KAR/BEN/2024/0697,Ishaan Tella,Primary Suspect
KAR/BEN/2024/0273,Saksham Bhatia,Primary Suspect
KAR/KOL/2024/0166,Saksham Bhatia,Primary Suspect
KAR/BEN/2024/0813,Saksham Bhatia,Primary Suspect
KAR/BEL/2024/1819,Saksham Bhatia,Primary Suspect
KAR/MAN/2024/0885,Saksham Bhatia,Primary Suspect
KAR/MYS/2024/0701,Rachita Pradhan,Primary Suspect
KAR/TUM/2024/2210,Rachita Pradhan,Primary Suspect
KAR/BEN/2024/1656,Rachita Pradhan,Primary Suspect
KAR/SHI/2024/2484,Rachita Pradhan,Primary Suspect
KAR/MYS/2024/0691,Rachita Pradhan,Primary Suspect
KAR/UDU/2024/0321,Rachita Pradhan,Primary Suspect
KAR/BEN/2024/1444,Bhavna Dutt,Primary Suspect
KAR/BAL/2024/1773,Bhavna Dutt,Primary Suspect
KAR/RAI/2024/0625,Bhavna Dutt,Primary Suspect
KAR/CHI/2024/1495,Bhavna Dutt,Primary Suspect
KAR/HUB/2024/0355,Bhavna Dutt,Primary Suspect
KAR/BID/2024/0590,Bhavna Dutt,Primary Suspect
KAR/TUM/2024/0960,Bhavna Dutt,Primary Suspect
KAR/BEN/2024/1795,Yatin Ratti,Primary Suspect
KAR/BEL/2024/1287,Yatin Ratti,Primary Suspect
KAR/VIJ/2024/1101,Yatin Ratti,Primary Suspect
KAR/BEN/2024/0296,Yatin Ratti,Primary Suspect
KAR/BEN/2024/1047,Yatin Ratti,Primary Suspect
KAR/BEN/2024/1825,Yatin Ratti,Primary Suspect
KAR/UDU/2024/1003,Yatin Ratti,Primary Suspect
KAR/MAN/2024/0568,Yatin Ratti,Primary Suspect
KAR/VIJ/2024/1180,Avni Nagi,Primary Suspect
KAR/KOP/2024/0186,Avni Nagi,Primary Suspect
KAR/VIJ/2024/0615,Avni Nagi,Primary Suspect
KAR/VIJ/2024/2131,Avni Nagi,Primary Suspect
KAR/BEN/2024/1702,Avni Nagi,Primary Suspect
KAR/BID/2024/1041,Avni Nagi,Primary Suspect
KAR/DAV/2024/1004,Avni Nagi,Primary Suspect
KAR/BEL/2024/1685,Avni Nagi,Primary Suspect
KAR/MAN/2024/2033,Samuel Ganguly,Primary Suspect
KAR/KOP/2024/2300,Samuel Ganguly,Primary Suspect
KAR/KOP/2024/0456,Samuel Ganguly,Primary Suspect
KAR/BEN/2024/0637,Samuel Ganguly,Primary Suspect
KAR/CHI/2024/0851,Samuel Ganguly,Primary Suspect
KAR/BAL/2024/0767,Samuel Ganguly,Primary Suspect
KAR/MYS/2024/0691,Vihaan Saxena,Accomplice
KAR/RAI/2024/2329,Abdul Sanghvi,Primary Suspect
KAR/BEN/2024/1170,Brijesh Tata,Primary Suspect
KAR/KAL/2024/0861,Advay Badal,Primary Suspect
KAR/BEN/2024/2075,Eiravati Aurora,Co-conspirator
KAR/KAL/2024/1258,Aarav Ganesh,Co-conspirator
KAR/BEN/2024/0009,Girik Dara,Accomplice
KAR/KOL/2024/1940,Logan Minhas,Accomplice
KAR/BEN/2024/1285,Naksh Dube,Primary Suspect
KAR/BEN/2024/1563,Krish Chadha,Co-conspirator
KAR/CHI/2024/0088,Yug Rege,Co-conspirator
KAR/MAN/2024/1668,Yashoda Dyal,Co-conspirator
KAR/KOL/2024/2426,Widisha More,Accomplice
KAR/HUB/2024/1274,Pratyush Lala,Primary Suspect
KAR/BEL/2024/0440,Guneet Kothari,Accomplice
KAR/MAN/2024/1259,Yatan Walla,Co-conspirator
KAR/CHI/2024/0846,Champak Natt,Accomplice
KAR/BID/2024/0931,Yauvani Dhawan,Co-conspirator
KAR/MAN/2024/0182,Girik Date,Accomplice
KAR/HAS/2024/2432,Azaan Dayal,Primary Suspect
KAR/BEN/2024/1296,Ekavir Dugal,Primary Suspect
KAR/VIJ/2024/2457,Reyansh Majumdar,Accomplice
KAR/MAN/2024/1671,Rachit Kunda,Co-conspirator
KAR/BEL/2024/2190,Nachiket Narayanan,Co-conspirator
KAR/CHI/2024/2388,Balendra Garde,Co-conspirator
KAR/KAL/2024/1678,Brijesh Sahni,Accomplice
KAR/RAI/2024/0729,Jonathan Gade,Accomplice
KAR/BEN/2024/0986,Ira Narain,Accomplice
KAR/BEN/2024/0783,Nidhi Mann,Co-conspirator
KAR/VIJ/2024/2259,Ryan Rattan,Primary Suspect
KAR/BEN/2024/0068,Rohan Lata,Co-conspirator
KAR/KOL/2024/1451,Harsh Deep,Primary Suspect
KAR/BEN/2024/0997,Patrick Kara,Accomplice
KAR/UDU/2024/0437,Madhavi Badal,Accomplice
KAR/VIJ/2024/2377,Chatura Bhakta,Accomplice
KAR/MAN/2024/1986,Inaya Jaggi,Primary Suspect
KAR/BAL/2024/0334,Matthew Mannan,Primary Suspect
KAR/KOL/2024/0550,Samar Buch,Accomplice
KAR/KAL/2024/0740,Jagvi Misra,Primary Suspect
KAR/SHI/2024/0173,Fariq Gaba,Co-conspirator
KAR/BEN/2024/2340,Anirudh Sule,Primary Suspect
KAR/RAI/2024/2367,Girik Doshi,Co-conspirator
KAR/BEN/2024/1491,Matthew Bala,Accomplice
KAR/BEN/2024/1249,Praneel Kale,Primary Suspect
KAR/BEN/2024/2217,Nirja Goda,Accomplice
KAR/BEN/2024/0755,Faras Nigam,Accomplice
KAR/BEL/2024/1130,Vedant Ravi,Primary Suspect
KAR/BEN/2024/2477,Forum Soni,Accomplice
KAR/BEN/2024/1890,Eesha Tata,Co-conspirator
KAR/MAN/2024/1918,Chandresh Samra,Accomplice
KAR/BEN/2024/0829,Rishi Loke,Primary Suspect
KAR/BEN/2024/0991,Arjun Garg,Primary Suspect
KAR/BEL/2024/2203,Ryan Goda,Co-conspirator
KAR/KOP/2024/2000,Dhruv Gulati,Accomplice
KAR/BEN/2024/0534,Amrita Loyal,Accomplice
KAR/RAI/2024/1606,Ekavir Ratta,Primary Suspect
KAR/BEN/2024/1124,Kavya Wason,Primary Suspect
KAR/BEN/2024/2405,Ojas Gade,Co-conspirator
KAR/BEN/2024/2044,Andrew Gola,Accomplice
KAR/BEL/2024/0480,Warhi Mane,Co-conspirator
KAR/BEN/2024/0039,Hardik Bora,Co-conspirator
KAR/BEN/2024/2035,Nakul Gopal,Co-conspirator
KAR/HUB/2024/0852,Darsh Mukhopadhyay,Accomplice
KAR/MYS/2024/0860,Amrita Loyal,Primary Suspect
KAR/BEN/2024/1337,Jack Gill,Accomplice
KAR/MAN/2024/0397,Ekiya Bath,Accomplice
KAR/BEN/2024/1244,Nachiket Bhat,Co-conspirator
KAR/SHI/2024/0693,Naksh Chana,Primary Suspect
KAR/BEN/2024/0255,Ekansh Bahl,Co-conspirator
KAR/RAI/2024/2398,Siya Arya,Co-conspirator
KAR/MAN/2024/1672,Aarna Yogi,Primary Suspect
KAR/BEN/2024/0834,Rachana Shenoy,Co-conspirator
KAR/BEN/2024/1120,Darpan Rai,Co-conspirator
KAR/BEN/2024/1489,Kabir Goda,Co-conspirator
KAR/KOP/2024/1616,Upasna Bora,Primary Suspect
KAR/BEN/2024/0390,Kevin Madan,Accomplice
KAR/BEL/2024/0400,Nathaniel Hegde,Primary Suspect
KAR/BEN/2024/1093,Jagdish Chand,Co-conspirator
KAR/HUB/2024/1385,Nakul Vyas,Co-conspirator
KAR/BEN/2024/1726,Frado Bahl,Co-conspirator
KAR/SHI/2024/0519,Chatura Sankar,Co-conspirator
KAR/TUM/2024/2302,Gautam Balakrishnan,Co-conspirator
KAR/SHI/2024/0387,Mitesh Parmer,Primary Suspect
KAR/BEL/2024/1202,Kalpit Bhatia,Co-conspirator
KAR/TUM/2024/1823,Chatresh Mand,Accomplice
KAR/BEN/2024/1711,Robert Gara,Co-conspirator
KAR/BEN/2024/2218,Girik Gokhale,Accomplice
KAR/MYS/2024/1763,Tanvi Bansal,Accomplice
KAR/BEN/2024/1754,Lakshmi Lalla,Co-conspirator
KAR/MAN/2024/0715,Nicholas Bakshi,Primary Suspect
KAR/BEN/2024/1630,Gabriel Mittal,Primary Suspect
KAR/BAL/2024/2002,Anita Rout,Primary Suspect
KAR/UDU/2024/1995,Yashoda Dyal,Co-conspirator
KAR/BEN/2024/1604,Naveen Talwar,Primary Suspect
KAR/BEN/2024/0366,Ranveer Dhar,Accomplice
KAR/HUB/2024/0399,Neel Hans,Primary Suspect
KAR/BEN/2024/0883,Gautami Raghavan,Primary Suspect
KAR/SHI/2024/1037,Victor Kuruvilla,Co-conspirator
KAR/BAL/2024/2365,Qarin Dube,Primary Suspect
KAR/BEN/2024/1953,Harsh Mishra,Co-conspirator
KAR/RAI/2024/0093,Aayush Sarna,Co-conspirator
KAR/BEL/2024/2021,Jonathan Gade,Accomplice
KAR/MAN/2024/1757,Abdul Goda,Co-conspirator
KAR/UDU/2024/0620,Qarin Banik,Co-conspirator
KAR/MAN/2024/1932,Madhav Contractor,Accomplice
KAR/KOL/2024/0178,Gavin Rai,Accomplice
KAR/HAS/2024/2432,Gagan Gade,Accomplice
KAR/BEN/2024/1437,Jeremiah De,Accomplice
KAR/BEN/2024/0354,David Karan,Accomplice
KAR/CHI/2024/0164,Reyansh Devi,Accomplice
KAR/RAI/2024/1686,Banjeet Baria,Co-conspirator
KAR/HAS/2024/2096,Chatura Sharaf,Accomplice
KAR/MAN/2024/0129,Shaurya Narayan,Accomplice
KAR/BEN/2024/2254,Vedant Talwar,Accomplice
KAR/BAL/2024/2186,Zehaan Iyer,Co-conspirator
KAR/BAL/2024/1832,Aarna Minhas,Co-conspirator
KAR/SHI/2024/1787,Girindra Barman,Co-conspirator
KAR/HAS/2024/2458,Rachit Sethi,Co-conspirator
KAR/DAV/2024/0105,Raghav Chokshi,Co-conspirator
KAR/BEN/2024/0981,Vaishnavi Sabharwal,Accomplice
KAR/UDU/2024/0594,Chatresh Mishra,Co-conspirator
KAR/RAI/2024/0867,Naksh Dube,Accomplice
KAR/BEN/2024/2258,Dev Chauhan,Co-conspirator
KAR/MYS/2024/2080,Chaitanya Sekhon,Primary Suspect
KAR/BEN/2024/0059,Andrew Jayaraman,Accomplice
KAR/CHI/2024/1158,Chakradev Minhas,Accomplice
KAR/MAN/2024/1336,Kai Kapadia,Accomplice
KAR/BEN/2024/0790,Urishilla Nagarajan,Co-conspirator
KAR/TUM/2024/0419,Matthew Bala,Primary Suspect
KAR/KOL/2024/0814,Jeet Khurana,Primary Suspect
KAR/BEN/2024/1362,Damyanti Barad,Primary Suspect
KAR/KOP/2024/0925,Watika Mahajan,Primary Suspect
KAR/BEN/2024/0009,Widisha Kota,Primary Suspect
KAR/BEN/2024/0498,Jason Bumb,Accomplice
KAR/VIJ/2024/1596,Wahab Mohan,Primary Suspect
KAR/BEN/2024/1905,Parth Khurana,Co-conspirator
KAR/HUB/2024/2188,Rohan Krish,Accomplice
KAR/SHI/2024/2025,Mason Baral,Accomplice
KAR/BEN/2024/0008,Kiaan Balasubramanian,Accomplice
KAR/KAL/2024/2224,Ekalinga Saini,Co-conspirator
KAR/BEN/2024/0306,Neel Hans,Accomplice
KAR/BAL/2024/1363,Simon Date,Accomplice
KAR/BEL/2024/1722,Samar Lata,Primary Suspect
KAR/UDU/2024/0648,Harsh Mishra,Co-conspirator
KAR/BEN/2024/1604,Samaksh Subramaniam,Primary Suspect
KAR/BAL/2024/1590,Abhimanyu Luthra,Accomplice
KAR/BEN/2024/1058,Samar Buch,Co-conspirator
KAR/BEN/2024/2011,Nathaniel Dugar,Primary Suspect
KAR/MAN/2024/0432,Rushil Bose,Primary Suspect
KAR/KAL/2024/1962,George Ravel,Co-conspirator
KAR/HAS/2024/2357,Ekta Khatri,Co-conspirator
KAR/BEN/2024/1697,Faraj Saxena,Primary Suspect
KAR/BEN/2024/0050,Waida Doctor,Primary Suspect
KAR/HUB/2024/1493,Anjali Ramachandran,Primary Suspect
KAR/BEN/2024/0216,Omisha Chahal,Co-conspirator
KAR/CHI/2024/2022,Saksham Deol,Accomplice
KAR/KOL/2024/0550,Maanas Lata,Primary Suspect
KAR/KOL/2024/0067,Krisha Karan,Accomplice
KAR/HAS/2024/2274,Hitesh Goyal,Co-conspirator
KAR/CHI/2024/2061,Jeevika Rattan,Co-conspirator
KAR/HAS/2024/0238,Aarnav Narayanan,Primary Suspect
KAR/BEN/2024/2314,Anmol Handa,Primary Suspect
KAR/RAI/2024/1650,Liam Mody,Co-conspirator
KAR/RAI/2024/0915,Pranit Chatterjee,Accomplice
KAR/BEN/2024/0595,Oni Acharya,Accomplice
KAR/DAV/2024/1951,Tristan Bajaj,Primary Suspect
KAR/HUB/2024/1956,Anay Chawla,Co-conspirator
KAR/TUM/2024/1805,Shaurya Luthra,Primary Suspect
KAR/VIJ/2024/0824,Zehaan Wagle,Accomplice
KAR/BEN/2024/2050,Kalpit Bhatia,Accomplice
KAR/TUM/2024/0083,Aarush Patil,Accomplice
KAR/KOL/2024/2059,Amara Nayak,Accomplice
KAR/BEN/2024/0988,Harshil Bhavsar,Accomplice
KAR/BEN/2024/0949,Eta Dada,Co-conspirator
KAR/VIJ/2024/0274,Ranveer Barad,Accomplice
KAR/BEN/2024/1575,Kabir Lall,Primary Suspect
KAR/BEN/2024/1738,Meghana Panchal,Accomplice
KAR/MYS/2024/0482,Tejas Ray,Accomplice
KAR/KAL/2024/0131,Laban Iyengar,Co-conspirator
KAR/BEN/2024/0567,Oliver Buch,Co-conspirator
KAR/KAL/2024/0461,Laban Bhatia,Primary Suspect
KAR/BEN/2024/0319,Ria Hayer,Co-conspirator
KAR/KOP/2024/1750,Peter Hora,Co-conspirator
KAR/BEN/2024/2112,Amol Bhakta,Primary Suspect
KAR/BEN/2024/1147,Devansh Thakur,Primary Suspect
KAR/KOL/2024/0656,Guneet Kakar,Primary Suspect
KAR/BEN/2024/1705,Neel Sheth,Accomplice
KAR/BAL/2024/2434,Naksh Jani,Primary Suspect
KAR/DAV/2024/2233,Jonathan Chander,Accomplice
KAR/BID/2024/2019,Krisha Kannan,Primary Suspect
KAR/BEN/2024/1414,Yuvraj Padmanabhan,Accomplice
KAR/KOP/2024/2120,Dakshesh Jayaraman,Accomplice
KAR/CHI/2024/1548,Jeet Dutt,Accomplice
KAR/BEN/2024/0012,Charles Din,Primary Suspect
KAR/BEN/2024/0167,Maanav Venkataraman,Primary Suspect
KAR/HUB/2024/0853,Peter Char,Co-conspirator
KAR/BID/2024/1041,Jagrati Murthy,Primary Suspect
KAR/KOP/2024/1299,Zayyan Gade,Primary Suspect
KAR/MAN/2024/2428,Fariq Gaba,Accomplice
KAR/BEN/2024/0076,Abhimanyu Saha,Co-conspirator
KAR/DAV/2024/0292,Guneet Sehgal,Primary Suspect
KAR/KAL/2024/0739,Balveer Doctor,Accomplice
KAR/BEL/2024/2190,Nathaniel Das,Accomplice
KAR/BEN/2024/2087,Bahadurjit Raja,Accomplice
KAR/MAN/2024/1472,Xavier Thakur,Accomplice
KAR/BEN/2024/1754,Aarnav Mannan,Co-conspirator
KAR/BEN/2024/1296,Varenya Sharaf,Co-conspirator
KAR/DAV/2024/0277,Ranbir Sandhu,Primary Suspect
KAR/SHI/2024/2193,Lekha Vyas,Primary Suspect
KAR/BEN/2024/1812,Manthan Randhawa,Primary Suspect
KAR/BEN/2024/1436,Balveer Basu,Co-conspirator
KAR/KAL/2024/1261,Nathan Chandran,Accomplice
KAR/VIJ/2024/1944,Pranit Kant,Accomplice
KAR/BEN/2024/0390,Siddharth Gandhi,Primary Suspect
KAR/VIJ/2024/0970,Qadim Kala,Co-conspirator
KAR/BEN/2024/0844,Dominic Murthy,Primary Suspect
KAR/BEN/2024/1977,Dakshesh Doctor,Accomplice
KAR/BEN/2024/0721,Vincent Gole,Co-conspirator
KAR/SHI/2024/0280,Manan Jani,Primary Suspect
KAR/BEN/2024/1324,Sai Zacharia,Primary Suspect
KAR/HUB/2024/0853,Arjun Garg,Accomplice
KAR/TUM/2024/2326,Ojasvi Rajagopal,Primary Suspect
KAR/CHI/2024/1262,Waida Parekh,Primary Suspect
KAR/BEN/2024/0553,Chaitanya Lall,Co-conspirator
KAR/BEN/2024/0716,Siddharth Varty,Accomplice
KAR/KOL/2024/0656,Zinal Mukherjee,Primary Suspect
KAR/BEN/2024/1677,Faras Shukla,Co-conspirator
KAR/BID/2024/0414,Faras Dugar,Accomplice
KAR/BEN/2024/0128,Vincent Rau,Co-conspirator
KAR/UDU/2024/0361,Faris Kuruvilla,Accomplice
KAR/BEN/2024/0743,Viraj Rai,Accomplice
KAR/VIJ/2024/2259,Hemang Saraf,Primary Suspect
KAR/HUB/2024/0062,Imaran Chad,Co-conspirator
KAR/BEN/2024/1994,Jack Dass,Accomplice
KAR/KOL/2024/1721,Nilima Mahal,Co-conspirator
KAR/MAN/2024/1472,Abdul Nair,Primary Suspect
KAR/BID/2024/1080,Hemang Dalal,Primary Suspect
KAR/BID/2024/0085,Falan Mutti,Primary Suspect
KAR/HUB/2024/2099,Harshil Chakraborty,Accomplice
KAR/KOL/2024/2060,Anthony Dash,Accomplice
KAR/BEN/2024/0454,Tristan Chad,Accomplice
KAR/BEN/2024/0326,Bachittar Chawla,Primary Suspect
KAR/BEN/2024/0259,Balendra Garde,Co-conspirator
KAR/CHI/2024/2223,Sudiksha Rastogi,Accomplice
KAR/DAV/2024/1251,Om Dugar,Primary Suspect
KAR/BEN/2024/1127,Vedika Thaker,Primary Suspect
KAR/BAL/2024/1946,Upkaar Saha,Co-conspirator
KAR/HAS/2024/1064,Chandresh Sekhon,Co-conspirator
KAR/BEN/2024/0800,Xalak Rajan,Co-conspirator
KAR/BEN/2024/0730,George Minhas,Accomplice
KAR/MAN/2024/0182,Chaman Sekhon,Primary Suspect
KAR/VIJ/2024/2419,Upkaar Viswanathan,Primary Suspect
KAR/MYS/2024/1394,Ekapad Behl,Primary Suspect
KAR/BEN/2024/0786,Mason Khare,Accomplice
KAR/KOL/2024/1709,Wahab Mitter,Co-conspirator
KAR/BEN/2024/2422,Sudiksha Rastogi,Primary Suspect
KAR/HUB/2024/0404,Tanmayi Sarin,Primary Suspect
KAR/BEN/2024/0099,Anirudh Yohannan,Co-conspirator
KAR/BAL/2024/0286,Bhavna Rai,Primary Suspect
KAR/HAS/2024/2285,Omkaar Tank,Accomplice
KAR/KOL/2024/0198,Maanas Lata,Accomplice
KAR/UDU/2024/1351,Gautami Tata,Co-conspirator
KAR/MAN/2024/1757,Hredhaan Bail,Accomplice
KAR/BEN/2024/2168,Chanakya Nanda,Primary Suspect
KAR/SHI/2024/1343,Nandini Vora,Co-conspirator
KAR/SHI/2024/0750,Azaan Dayal,Primary Suspect
KAR/MYS/2024/0485,Janya Thaker,Accomplice
KAR/MAN/2024/0147,Rachit Sethi,Accomplice
KAR/MAN/2024/1472,Ekta Khatri,Primary Suspect
KAR/BEN/2024/0614,Frado Nagi,Primary Suspect
KAR/BEN/2024/0353,Vidhi Dara,Primary Suspect
KAR/BEN/2024/2140,Shivansh Samra,Co-conspirator
KAR/BAL/2024/1271,Charan Ghose,Accomplice
KAR/BEN/2024/0553,Kabir Goda,Co-conspirator
KAR/BEL/2024/0616,Amol Balay,Primary Suspect
KAR/UDU/2024/2057,Madhav Datta,Primary Suspect
KAR/TUM/2024/0626,Nathaniel Kata,Primary Suspect
KAR/BEN/2024/2197,Ayushman Garg,Accomplice
KAR/KOP/2024/0456,Gabriel Rana,Accomplice
KAR/BEN/2024/1219,Mohammed Kade,Primary Suspect
KAR/DAV/2024/1052,Hiral Madan,Primary Suspect
KAR/BEL/2024/0057,Frederick Cheema,Co-conspirator
KAR/BEN/2024/0743,Samuel Chandran,Co-conspirator
KAR/KOP/2024/0154,Azad Shankar,Primary Suspect
KAR/BID/2024/0963,Siddharth Savant,Primary Suspect
KAR/MAN/2024/1554,Damyanti Swamy,Accomplice
KAR/BEN/2024/1164,Dakshesh D’Alia,Co-conspirator
KAR/BEN/2024/0165,Aarna Yogi,Accomplice
KAR/BEN/2024/2258,Max Naidu,Co-conspirator
KAR/HUB/2024/1357,Anamika Goswami,Accomplice
KAR/DAV/2024/0692,Amol Chauhan,Accomplice
KAR/VIJ/2024/2377,Ryan Chaudhry,Accomplice
KAR/CHI/2024/1099,Fariq Gaba,Primary Suspect
KAR/BEN/2024/0869,Darsh Memon,Accomplice
KAR/DAV/2024/1951,Vinaya Sankar,Co-conspirator
KAR/VIJ/2024/1690,Wyatt Parmar,Accomplice
KAR/BEN/2024/2251,Vedant Ravi,Co-conspirator
KAR/RAI/2024/2328,Aarush Arora,Accomplice
KAR/KOL/2024/0713,Chatresh Dugar,Co-conspirator
KAR/SHI/2024/1804,Advay Bhardwaj,Accomplice
KAR/BEN/2024/1720,Tarak Keer,Co-conspirator
KAR/BEN/2024/1486,Chatresh Andra,Accomplice
KAR/SHI/2024/2193,Riya Jhaveri,Accomplice
KAR/VIJ/2024/0967,Ekaraj Savant,Co-conspirator
KAR/HAS/2024/0349,Avi Karpe,Co-conspirator
KAR/KAL/2024/0131,Rohan Reddy,Primary Suspect
KAR/BEN/2024/1745,Aarnav Sant,Co-conspirator
KAR/RAI/2024/0245,Mugdha Som,Accomplice
KAR/BEN/2024/2401,Farhan Mital,Primary Suspect
KAR/BEN/2024/0102,Wriddhish Mittal,Primary Suspect
KAR/KOP/2024/1208,Nihal Palla,Accomplice
KAR/KOP/2024/1422,Chatura Merchant,Primary Suspect
KAR/BEN/2024/0909,Fitan Narayanan,Primary Suspect
KAR/BEL/2024/1809,Luke Bahri,Accomplice
KAR/DAV/2024/2187,Bishakha Bawa,Accomplice
KAR/BEN/2024/1455,Vivaan Mitra,Accomplice
KAR/KOP/2024/1616,Warjas Yohannan,Accomplice
KAR/KOP/2024/2100,Fiyaz Singh,Accomplice
KAR/BEN/2024/0697,Lohit Chaudry,Co-conspirator
KAR/BEN/2024/1337,Parth Thaman,Accomplice
KAR/BEN/2024/1453,Chaitanya Dayal,Primary Suspect
KAR/BAL/2024/0196,Peter Kari,Co-conspirator
KAR/BEN/2024/0643,Mitesh Salvi,Co-conspirator
KAR/CHI/2024/0497,Nitesh Setty,Primary Suspect
KAR/MAN/2024/2185,Tanish Bera,Accomplice
KAR/VIJ/2024/0720,Lucky Chana,Primary Suspect
KAR/BEN/2024/0969,Imaran Keer,Primary Suspect
KAR/HUB/2024/2230,Guneet Prabhakar,Accomplice
KAR/SHI/2024/0874,Guneet Bahri,Accomplice
KAR/BEN/2024/0759,Tristan Barad,Primary Suspect
KAR/BEN/2024/1734,Baghyawati Lanka,Co-conspirator
KAR/BEN/2024/0651,Ekapad Sood,Primary Suspect
KAR/BEN/2024/0224,Ayushman Rout,Primary Suspect
KAR/SHI/2024/0750,Ekansh Konda,Accomplice
KAR/BEN/2024/0398,Chatresh Dugar,Accomplice
KAR/BAL/2024/0171,Lucky Chana,Accomplice
KAR/KOP/2024/0712,Balendra Chaudhari,Accomplice
KAR/KOL/2024/1451,Jasmit Deshmukh,Accomplice
KAR/BEN/2024/0099,Kiaan Edwin,Co-conspirator
KAR/BID/2024/2126,Jeet Mohanty,Accomplice
KAR/SHI/2024/0815,Oscar Sangha,Accomplice
KAR/BEN/2024/1734,Faqid Sarin,Primary Suspect
KAR/MYS/2024/0922,Fitan Suri,Accomplice
KAR/RAI/2024/0729,Aadi Ahluwalia,Co-conspirator
KAR/BEN/2024/2219,Naksh Jani,Primary Suspect
KAR/BEN/2024/0029,Rehaan Chaudry,Primary Suspect
KAR/VIJ/2024/1320,Raghav Rajagopalan,Primary Suspect
KAR/DAV/2024/1067,Chaitaly Wable,Accomplice
KAR/MYS/2024/1333,Ayushman Dasgupta,Co-conspirator
KAR/BEN/2024/0709,Inaya Jaggi,Primary Suspect
KAR/KOL/2024/0550,Ishaan Prasad,Co-conspirator
KAR/BEN/2024/1238,Ekapad Behl,Accomplice
KAR/KAL/2024/2166,Balveer Raj,Co-conspirator
KAR/BEN/2024/0320,Guneet Bahri,Primary Suspect
KAR/KOP/2024/1299,Hritik Kaul,Primary Suspect
KAR/HAS/2024/0676,Pranav Devan,Accomplice
KAR/HUB/2024/2204,Warinder Kalita,Accomplice
KAR/CHI/2024/0135,Theodore Konda,Co-conspirator
KAR/KAL/2024/1258,Samar Dani,Primary Suspect
KAR/RAI/2024/0372,Zehaan Mody,Accomplice
KAR/VIJ/2024/1632,Ranbir Malhotra,Primary Suspect
KAR/BEN/2024/1677,Advaith Palla,Primary Suspect
KAR/BEN/2024/0145,Faris Walla,Co-conspirator
KAR/BEL/2024/0598,Yuvraj Chadha,Co-conspirator
KAR/MYS/2024/0453,Vasatika Brahmbhatt,Co-conspirator
KAR/BEN/2024/2489,Sathvik Sunder,Primary Suspect
KAR/HUB/2024/0406,Dakshesh D’Alia,Accomplice
KAR/BAL/2024/1289,Hredhaan Memon,Accomplice
KAR/CHI/2024/0061,Libni Edwin,Accomplice
KAR/BID/2024/0421,Henry Deshmukh,Co-conspirator
KAR/BEN/2024/0474,Kalpit Kala,Accomplice
KAR/RAI/2024/1650,Zaid De,Primary Suspect
KAR/TUM/2024/0588,Waida Doctor,Accomplice
KAR/TUM/2024/2326,Gayathri Thakkar,Primary Suspect
KAR/HUB/2024/2174,Aditya Guha,Co-conspirator
KAR/RAI/2024/0867,Bakhshi Sahni,Accomplice
KAR/RAI/2024/0605,Aryan Apte,Primary Suspect
KAR/BID/2024/1350,Guneet Bahri,Primary Suspect
KAR/BEN/2024/0988,Ikshita Ramaswamy,Primary Suspect
KAR/MYS/2024/1167,Ayaan Ganguly,Accomplice
KAR/BEN/2024/1327,Siddharth Morar,Primary Suspect
KAR/BEN/2024/0259,Isaiah Jani,Co-conspirator
KAR/BEN/2024/1898,Bachittar Johal,Primary Suspect
KAR/BEN/2024/0711,Janya Goda,Co-conspirator
KAR/KAL/2024/0710,Harrison Ganesh,Primary Suspect
KAR/BEN/2024/0697,Zehaan Wagle,Accomplice
KAR/MAN/2024/1082,Chavvi De,Accomplice
KAR/BEN/2024/2218,Arya Parikh,Co-conspirator
KAR/BEN/2024/1768,Theodore Deshpande,Primary Suspect
KAR/BEL/2024/0548,Xiti Malhotra,Primary Suspect
KAR/HUB/2024/1135,Hritik Thaman,Primary Suspect
KAR/MAN/2024/0227,Zayyan Balakrishnan,Primary Suspect
KAR/RAI/2024/0090,Alexander Sarna,Co-conspirator
KAR/BEN/2024/1065,Yug Krishna,Co-conspirator
KAR/KOL/2024/0386,Nitesh Setty,Co-conspirator
KAR/MAN/2024/0541,Reyansh Pradhan,Co-conspirator
KAR/BEN/2024/2044,Abhiram Chakraborty,Accomplice
KAR/VIJ/2024/2457,Abhiram Minhas,Primary Suspect
KAR/BEN/2024/0553,Falak Lad,Accomplice
KAR/RAI/2024/2119,Onveer Bhatnagar,Primary Suspect
KAR/MAN/2024/0796,Chatura Bhandari,Accomplice
KAR/BEN/2024/2348,Henry Gala,Co-conspirator
KAR/BEN/2024/2184,Raksha Chowdhury,Primary Suspect
KAR/MYS/2024/0215,Arya Jaggi,Primary Suspect
KAR/KOL/2024/1451,Krish Date,Co-conspirator
KAR/BEN/2024/0722,Rohan Dash,Co-conspirator
KAR/BEN/2024/0646,Michael Jaggi,Co-conspirator
KAR/HAS/2024/0659,Harrison Ramakrishnan,Co-conspirator
KAR/CHI/2024/0542,Unnati Suresh,Primary Suspect
KAR/VIJ/2024/1506,Yatin Nagi,Co-conspirator
KAR/BEN/2024/0271,Zehaan Mannan,Co-conspirator
KAR/BEN/2024/1982,Peter Kari,Co-conspirator
KAR/KOP/2024/1583,Ekiya Bath,Co-conspirator
KAR/MYS/2024/0496,Sai Bali,Co-conspirator
KAR/BEN/2024/1366,Raghav Kale,Co-conspirator
KAR/MAN/2024/1854,Nathaniel Toor,Primary Suspect
KAR/DAV/2024/1844,Om Roy,Accomplice
KAR/BEN/2024/2442,Shaurya Zacharia,Accomplice
KAR/KOL/2024/2239,Indira Munshi,Co-conspirator
KAR/BEN/2024/0572,Raghav Kale,Accomplice
KAR/HAS/2024/1646,Aarnav Narayanan,Co-conspirator
KAR/MAN/2024/0455,Indrajit Dutt,Accomplice
KAR/BEN/2024/0650,Oeshi Saraf,Co-conspirator
KAR/HUB/2024/0241,Yatin Lalla,Accomplice
KAR/KOL/2024/2031,Chatresh Kota,Co-conspirator
KAR/UDU/2024/0735,Meghana Khalsa,Co-conspirator
KAR/CHI/2024/0061,Chameli Wason,Accomplice
KAR/BEN/2024/1254,Fitan Suri,Co-conspirator
KAR/BAL/2024/2485,Jacob Mistry,Primary Suspect
KAR/BEN/2024/1680,Daksh Sachdeva,Accomplice
KAR/MAN/2024/1472,Fariq Sule,Co-conspirator
KAR/KAL/2024/1984,Benjamin Khalsa,Accomplice
KAR/BEN/2024/0140,Vyanjana Bhargava,Primary Suspect
KAR/TUM/2024/2177,Ikbal Panchal,Primary Suspect
KAR/BEN/2024/2028,Triya Cherian,Primary Suspect
KAR/BEN/2024/0477,Leela Padmanabhan,Accomplice
KAR/MAN/2024/0297,Michael Cheema,Primary Suspect
KAR/BEN/2024/1752,Frederick Cheema,Co-conspirator
KAR/DAV/2024/0549,Jagat Chakraborty,Co-conspirator
KAR/BID/2024/1266,Ayaan Ganguly,Primary Suspect
KAR/BEN/2024/0202,Qasim Sharma,Accomplice
KAR/HUB/2024/0675,Gaurang Lad,Co-conspirator
KAR/RAI/2024/2469,Harrison Basak,Accomplice
KAR/BEN/2024/1634,Isaac Kapur,Co-conspirator
KAR/CHI/2024/0704,Azaan Acharya,Primary Suspect
KAR/BEN/2024/1081,Michael Dua,Co-conspirator
KAR/MAN/2024/0024,Chameli Wason,Co-conspirator
KAR/MAN/2024/0489,Sara Sha,Co-conspirator
KAR/BEL/2024/2203,Ishaan Prasad,Accomplice
KAR/KOP/2024/0186,Ishaan Buch,Accomplice
KAR/TUM/2024/1109,Prisha Pau,Co-conspirator
KAR/TUM/2024/1732,Wahab Kannan,Co-conspirator
KAR/BID/2024/1523,Theodore Datta,Co-conspirator
KAR/KAL/2024/0514,Nisha Arora,Co-conspirator
KAR/MAN/2024/1516,Chatresh Mand,Co-conspirator
KAR/HAS/2024/1071,Noah Balakrishnan,Primary Suspect
KAR/BAL/2024/1499,Bhavna Rai,Accomplice
KAR/DAV/2024/1407,Udarsh Kapur,Primary Suspect
KAR/KOP/2024/0103,Girik Dara,Co-conspirator
KAR/BEN/2024/0015,Ekbal Warrior,Accomplice
KAR/BID/2024/0862,Abeer Sawhney,Primary Suspect
KAR/KOL/2024/1940,Hitesh Shere,Accomplice
KAR/BEL/2024/0733,Widisha Sarkar,Accomplice
KAR/DAV/2024/1533,Jason Patil,Accomplice
KAR/SHI/2024/1276,Bishakha Bawa,Primary Suspect
KAR/BEN/2024/1181,Tristan Nagarajan,Primary Suspect
KAR/KOP/2024/1079,Advaith Palla,Primary Suspect
KAR/KOP/2024/0644,Anthony Zachariah,Co-conspirator
KAR/MAN/2024/1114,Bakhshi Oommen,Primary Suspect
KAR/MAN/2024/0129,Jalsa Mahajan,Co-conspirator
KAR/BAL/2024/1946,Max Ghose,Accomplice
KAR/BEN/2024/1711,Rohan Wadhwa,Accomplice
KAR/BEN/2024/1016,Ayush Swamy,Accomplice
KAR/BEN/2024/1358,Jack Gill,Primary Suspect
KAR/RAI/2024/0324,Balhaar Din,Co-conspirator
KAR/BEN/2024/0743,Pratyush Virk,Co-conspirator
KAR/DAV/2024/2082,Kabir Bhat,Co-conspirator
KAR/BEN/2024/0699,Rehaan Raman,Co-conspirator
KAR/KOP/2024/0149,Krish Chadha,Accomplice
KAR/BEN/2024/1654,Dakshesh D’Alia,Accomplice
KAR/DAV/2024/1708,Harsh Mitra,Co-conspirator
KAR/BEN/2024/1774,Yashoda Khalsa,Primary Suspect
KAR/BEN/2024/1863,Teerth Agrawal,Primary Suspect
KAR/BEN/2024/1999,Mohini Soni,Accomplice
KAR/HUB/2024/0087,Zinal Gala,Accomplice
KAR/MAN/2024/1821,Timothy Thaman,Accomplice
KAR/RAI/2024/2205,Darsh Subramaniam,Accomplice
KAR/BEN/2024/0341,Gaurav Modi,Primary Suspect
KAR/BEL/2024/1411,Dhruv Saini,Accomplice
KAR/KOP/2024/0636,Kiaan Edwin,Co-conspirator
KAR/BID/2024/0379,Om Sibal,Primary Suspect
KAR/KAL/2024/0064,Isha Tandon,Accomplice
KAR/BID/2024/0882,William Srinivas,Primary Suspect
KAR/MYS/2024/0654,Dayamai Misra,Primary Suspect
KAR/BEN/2024/1134,Utkarsh Devi,Co-conspirator
KAR/RAI/2024/1985,Meghana Panchal,Accomplice
KAR/HUB/2024/0399,Anjali Radhakrishnan,Co-conspirator
KAR/HUB/2024/1579,Arya Jaggi,Co-conspirator
KAR/BEN/2024/2270,Radhika Dash,Primary Suspect
KAR/BEL/2024/0480,Arin Kohli,Primary Suspect
KAR/KAL/2024/0131,Vasudha Balasubramanian,Primary Suspect
KAR/KAL/2024/1920,Nisha Sekhon,Co-conspirator
KAR/HUB/2024/1585,Wazir Rai,Primary Suspect
KAR/MAN/2024/1794,Noah Agate,Accomplice
KAR/CHI/2024/1380,Chaaya Kapoor,Co-conspirator
KAR/CHI/2024/0835,Ayush Sankar,Accomplice
KAR/KOP/2024/2014,Ekbal Kulkarni,Accomplice
KAR/BEN/2024/1910,Daksh Gokhale,Accomplice
KAR/BEN/2024/1362,Faraj Bassi,Primary Suspect
KAR/BEN/2024/1014,Gautami Iyengar,Primary Suspect
KAR/BEN/2024/1302,Umang D’Alia,Co-conspirator
KAR/MAN/2024/0432,Faras Pall,Co-conspirator
KAR/DAV/2024/0150,Faqid Chadha,Primary Suspect
KAR/TUM/2024/0639,Finn Manda,Primary Suspect
KAR/KAL/2024/1432,Netra Cherian,Primary Suspect
KAR/BEN/2024/1967,Om Roy,Co-conspirator
KAR/BEN/2024/0828,Avi Ranganathan,Co-conspirator
KAR/KOL/2024/1213,Zansi Dar,Accomplice
KAR/CHI/2024/1062,Aadi Ganesh,Accomplice
KAR/HUB/2024/2455,Hemang Dalal,Co-conspirator
KAR/BEL/2024/2203,Rachit Keer,Primary Suspect
KAR/BEN/2024/0283,Ranbir Bhargava,Co-conspirator
KAR/BEN/2024/0711,Darsh Kade,Primary Suspect
KAR/BEN/2024/0364,Gaurangi Dugal,Primary Suspect
KAR/BAL/2024/0487,Upkaar Bhasin,Primary Suspect
KAR/BEN/2024/2444,Ansh Bali,Co-conspirator
KAR/CHI/2024/2137,Nachiket Narayanan,Primary Suspect
KAR/BEN/2024/1462,Watika Palla,Co-conspirator
KAR/BEN/2024/1901,Rayaan Agarwal,Accomplice
KAR/BID/2024/0862,Advaith Palla,Co-conspirator
KAR/UDU/2024/1143,Faris Ramakrishnan,Primary Suspect
KAR/BEN/2024/2270,Balhaar Parikh,Primary Suspect
KAR/KOL/2024/0731,Victor Wason,Co-conspirator
KAR/KAL/2024/2074,Wahab Mitter,Primary Suspect
KAR/BID/2024/1936,Ekapad Sood,Primary Suspect
KAR/BEN/2024/1098,Balhaar Din,Co-conspirator
KAR/RAI/2024/2192,Jatin Bumb,Co-conspirator
KAR/MYS/2024/0701,Kabir Kanda,Accomplice
KAR/TUM/2024/1776,Finn Srinivas,Co-conspirator
KAR/CHI/2024/1602,Jonathan Chander,Co-conspirator
KAR/DAV/2024/1043,Anmol Madan,Primary Suspect
KAR/TUM/2024/2441,Samarth Vora,Co-conspirator
KAR/VIJ/2024/0775,Manan Sha,Accomplice
KAR/BEN/2024/0353,Ayushman Garg,Primary Suspect
KAR/BEN/2024/1870,Ayush Dube,Accomplice
KAR/CHI/2024/0257,Girish Dewan,Primary Suspect
KAR/BAL/2024/2186,Umang Karpe,Accomplice
KAR/BEN/2024/1572,Quincy Dubey,Co-conspirator
KAR/BEN/2024/0338,Ansh Bali,Co-conspirator
KAR/KOL/2024/2097,Arjun Garg,Accomplice
KAR/RAI/2024/1309,Anirudh Sule,Primary Suspect
KAR/BEN/2024/0191,Ethan Bhardwaj,Accomplice
KAR/KOL/2024/0166,Samar Sabharwal,Primary Suspect
KAR/VIJ/2024/0441,Harrison Baral,Co-conspirator
KAR/UDU/2024/0620,Banjeet Tara,Accomplice
KAR/HAS/2024/0208,Jacob Acharya,Accomplice
KAR/BEN/2024/1149,Harshil Kuruvilla,Co-conspirator
KAR/BEN/2024/2305,Azad Bala,Primary Suspect
KAR/BEN/2024/0942,Samarth Mody,Primary Suspect
KAR/RAI/2024/0046,Anjali Parekh,Co-conspirator
KAR/BEL/2024/0598,Lipika Jhaveri,Accomplice
KAR/BEN/2024/1214,Frederick Sidhu,Primary Suspect
KAR/HAS/2024/0659,Wriddhish Raval,Co-conspirator
KAR/BEN/2024/1941,Luke Khosla,Primary Suspect
KAR/BEN/2024/2347,Aarush Arora,Co-conspirator
KAR/BEN/2024/1604,Aditya Guha,Co-conspirator
KAR/VIJ/2024/1631,Faras Rattan,Co-conspirator
KAR/RAI/2024/1682,Anthony Ravel,Accomplice
KAR/DAV/2024/1210,Patrick Deol,Co-conspirator
KAR/VIJ/2024/1207,Nidhi Thakkar,Primary Suspect
KAR/VIJ/2024/0256,Devika Nadig,Primary Suspect
KAR/TUM/2024/2273,Gabriel Mittal,Co-conspirator
KAR/BEN/2024/2147,Balveer Doctor,Co-conspirator
KAR/BEN/2024/1291,Zaid Murthy,Accomplice
KAR/MAN/2024/1236,Harsh Datta,Co-conspirator
KAR/BEL/2024/1934,Anthony Mani,Co-conspirator
KAR/RAI/2024/0729,Tristan Bajaj,Primary Suspect
KAR/BEN/2024/0029,Banjeet Bal,Co-conspirator
KAR/BID/2024/1381,Falak Nadig,Accomplice
KAR/VIJ/2024/0602,Dalbir Varghese,Primary Suspect
KAR/BEN/2024/0136,Devika Srivastava,Accomplice
KAR/KOL/2024/1344,Samuel Kuruvilla,Accomplice
KAR/BEN/2024/1739,Pranav Sathe,Co-conspirator
KAR/KOP/2024/0878,Chaitanya Banik,Co-conspirator
KAR/BEN/2024/1697,Isaac Khurana,Co-conspirator
KAR/SHI/2024/1465,Dipta Tiwari,Primary Suspect
KAR/BEN/2024/1455,Om Sibal,Co-conspirator
KAR/BEN/2024/0128,Balendra D’Alia,Accomplice
KAR/BAL/2024/1590,Ekbal Sem,Co-conspirator
KAR/BEN/2024/1570,Yadavi Rama,Co-conspirator
KAR/HAS/2024/1699,Noah Balakrishnan,Accomplice
KAR/BEN/2024/1893,Naksh Dube,Primary Suspect
KAR/SHI/2024/2484,Xalak Rajan,Accomplice
KAR/BEN/2024/1277,Aarav Jaggi,Co-conspirator
KAR/BEN/2024/0916,Oliver Sharaf,Co-conspirator
KAR/BEN/2024/1681,Chandran Gala,Primary Suspect
KAR/MAN/2024/0034,Faras Shukla,Co-conspirator
KAR/BEN/2024/0973,Harshil Shukla,Primary Suspect
KAR/KOP/2024/1203,Eiravati Banik,Accomplice
KAR/HAS/2024/0978,Utkarsh Devi,Primary Suspect
KAR/BEN/2024/0229,Hardik Lad,Accomplice
KAR/KOL/2024/0043,Aarav Bhardwaj,Co-conspirator
KAR/BEN/2024/2342,Yutika Prashad,Accomplice
KAR/SHI/2024/1609,Ekansh Konda,Co-conspirator
KAR/CHI/2024/0927,Varenya Bahri,Primary Suspect
KAR/BID/2024/1041,Matthew Bala,Primary Suspect
KAR/DAV/2024/0954,Tarak Ravi,Co-conspirator
KAR/BEN/2024/1647,Pranit Rau,Accomplice
KAR/BEN/2024/0177,Yash Bir,Primary Suspect
KAR/KAL/2024/1435,Isaac Lad,Accomplice
KAR/HAS/2024/1071,Indira Jaggi,Co-conspirator
KAR/BAL/2024/1574,Mason Sur,Primary Suspect
KAR/BEN/2024/1437,Pratyush Lala,Co-conspirator
KAR/HAS/2024/1367,Vivaan Mitra,Primary Suspect
KAR/KOP/2024/1305,Agastya Ratti,Primary Suspect
KAR/BID/2024/1080,Dalbir Varghese,Accomplice
KAR/MAN/2024/0796,Sudiksha Rama,Primary Suspect
KAR/KOL/2024/0074,Anthony Dash,Primary Suspect
KAR/BEN/2024/2286,Dhruv Parmar,Accomplice
KAR/KAL/2024/0508,Pratyush Tank,Accomplice
KAR/CHI/2024/2137,Anika Grover,Accomplice
KAR/MAN/2024/1854,Teerth Chaudhry,Accomplice
KAR/BEN/2024/1791,Neel Choudhury,Primary Suspect
KAR/DAV/2024/1002,Naveen Sur,Accomplice
KAR/SHI/2024/0086,Samar Shankar,Accomplice
KAR/MYS/2024/2321,Liam Bhatnagar,Co-conspirator
KAR/DAV/2024/1849,Benjamin Dhingra,Primary Suspect
KAR/KOP/2024/1299,Benjamin Chaudry,Primary Suspect
KAR/BEN/2024/0072,Kabir Yogi,Co-conspirator
KAR/BEN/2024/2243,Bishakha Bawa,Co-conspirator
KAR/CHI/2024/0682,Anita Bhatnagar,Primary Suspect
KAR/BEN/2024/1301,Advay Bhardwaj,Primary Suspect
KAR/MAN/2024/1932,Saumya Lad,Co-conspirator
KAR/DAV/2024/2233,Darpan Bajaj,Primary Suspect
KAR/BEN/2024/0527,Neha Kata,Co-conspirator
KAR/MAN/2024/1843,Pranav Kapadia,Co-conspirator
KAR/BEL/2024/1142,Arya Varkey,Co-conspirator
KAR/BEN/2024/0495,Dev Dalal,Primary Suspect
KAR/SHI/2024/0750,Saanvi Nadig,Co-conspirator
KAR/UDU/2024/2454,Hema Chadha,Co-conspirator
KAR/RAI/2024/0090,Rudra Anne,Co-conspirator
KAR/CHI/2024/2388,Mason Sharma,Accomplice
KAR/HUB/2024/0168,Anirudh Yohannan,Accomplice
KAR/KAL/2024/0418,Baghyawati Nadkarni,Co-conspirator
KAR/KOP/2024/1616,Nihal Bhakta,Co-conspirator
KAR/DAV/2024/0547,Manthan Palla,Accomplice
KAR/BEN/2024/1684,Rushil Virk,Accomplice
KAR/MAN/2024/2185,Rishi Tank,Primary Suspect
KAR/KOP/2024/0712,Wahab Saini,Primary Suspect
KAR/RAI/2024/1520,Gautam Natt,Primary Suspect
KAR/RAI/2024/0066,Caleb Thakur,Primary Suspect
KAR/HUB/2024/0772,Qarin Dutt,Co-conspirator
KAR/DAV/2024/1140,Krisha Kannan,Primary Suspect
KAR/BEN/2024/2400,Ishaan Mahajan,Primary Suspect
KAR/HAS/2024/1824,Matthew Sundaram,Primary Suspect
KAR/BEL/2024/2244,Manya Mangal,Co-conspirator
KAR/UDU/2024/0416,Rehaan Sharaf,Primary Suspect
KAR/BEL/2024/0934,Aadi Prabhu,Co-conspirator
KAR/VIJ/2024/1108,Nachiket Bhat,Primary Suspect
KAR/HAS/2024/1676,Tristan Handa,Accomplice
KAR/MAN/2024/2491,Pranit Sankar,Accomplice
KAR/MAN/2024/1472,Varenya Sharaf,Accomplice
KAR/BEN/2024/0688,Darsh Ganesan,Co-conspirator
KAR/SHI/2024/0280,Chaitaly Yogi,Primary Suspect
KAR/MAN/2024/1554,Forum Chauhan,Accomplice
KAR/BEN/2024/2065,Zashil Dayal,Primary Suspect
KAR/BEN/2024/1681,Ikbal Panchal,Co-conspirator
KAR/RAI/2024/1929,Azad Issac,Accomplice
KAR/MYS/2024/1406,Osha Hari,Co-conspirator
KAR/BEN/2024/1872,Balendra Wadhwa,Primary Suspect
KAR/BEL/2024/2148,Jason Nath,Accomplice
KAR/RAI/2024/1929,Max Gola,Primary Suspect
KAR/SHI/2024/0007,Sathvik Sunder,Primary Suspect
KAR/CHI/2024/0927,Nicholas Bakshi,Primary Suspect
KAR/UDU/2024/0472,Gopal Jain,Accomplice
KAR/CHI/2024/1075,Vaishnavi Loyal,Primary Suspect
KAR/VIJ/2024/1690,Shivansh Ghose,Co-conspirator
KAR/BEN/2024/1640,Ekalinga Gill,Accomplice
KAR/DAV/2024/2256,Michael Gandhi,Primary Suspect
KAR/SHI/2024/1322,Andrew Gola,Primary Suspect
KAR/BEN/2024/0454,Patrick Deol,Co-conspirator
KAR/KAL/2024/0751,Nihal Gera,Co-conspirator
KAR/KOP/2024/1775,Ekaraj Savant,Accomplice
KAR/BEN/2024/2240,Ekiya Bath,Co-conspirator
KAR/TUM/2024/2326,Dakshesh Jayaraman,Co-conspirator
KAR/BEN/2024/0270,Krish Puri,Primary Suspect
KAR/UDU/2024/2498,Gunbir Kothari,Primary Suspect
KAR/DAV/2024/0669,Oscar Saran,Accomplice
KAR/KOL/2024/2294,Nitara Savant,Co-conspirator
KAR/BEN/2024/0226,Maanas Sahni,Co-conspirator
KAR/BEN/2024/1339,Faqid Venkatesh,Co-conspirator
KAR/BEN/2024/0009,Isaiah Chauhan,Accomplice
KAR/BEN/2024/2330,Ekapad Borde,Accomplice
KAR/BEN/2024/2197,Xavier Subramanian,Accomplice
KAR/BEN/2024/0342,Arjun Ahuja,Co-conspirator
KAR/BEN/2024/1145,William Srinivas,Co-conspirator
KAR/BEN/2024/1501,Rehaan Brar,Co-conspirator
KAR/BEN/2024/0643,Advika Agrawal,Co-conspirator
KAR/BEN/2024/0671,Faras Pall,Co-conspirator
KAR/BEL/2024/2128,Edhitha Krishnan,Co-conspirator
KAR/KOP/2024/1803,Udarsh Kapur,Accomplice
KAR/UDU/2024/0936,Dakshesh Rao,Primary Suspect
KAR/DAV/2024/1393,Yauvani Atwal,Co-conspirator
KAR/BEL/2024/0953,Chaaya Natt,Accomplice
KAR/HUB/2024/1585,Tejas Deshmukh,Co-conspirator
KAR/BEN/2024/1983,Balendra Nagy,Co-conspirator
KAR/RAI/2024/2493,Kai Bawa,Co-conspirator
KAR/MYS/2024/0703,Manbir Deol,Primary Suspect
KAR/BEN/2024/1301,Matthew Bala,Primary Suspect
KAR/UDU/2024/0540,Faras Rattan,Primary Suspect
KAR/BEN/2024/1088,Pratyush Narayan,Co-conspirator
KAR/BEN/2024/1136,Akshay Raghavan,Accomplice
KAR/TUM/2024/0999,Oni Acharya,Primary Suspect
KAR/BEN/2024/1630,Lakshit Dayal,Primary Suspect
KAR/UDU/2024/2039,Gautami Raghavan,Accomplice
KAR/MYS/2024/2361,Faqid Bandi,Accomplice
KAR/BEL/2024/0141,Aarav Sanghvi,Primary Suspect
KAR/UDU/2024/1996,George Bhandari,Co-conspirator
KAR/BEN/2024/0158,Samarth Mody,Primary Suspect
KAR/BEN/2024/2347,Ekavir Naik,Primary Suspect
KAR/TUM/2024/0538,Siddharth Varty,Primary Suspect
KAR/BEN/2024/0777,Daniel Swamy,Accomplice
KAR/BEN/2024/0653,Abhiram Minhas,Accomplice
KAR/MAN/2024/1472,Samesh Chakraborty,Co-conspirator
KAR/BEN/2024/2449,Ekaraj Savant,Accomplice
KAR/KAL/2024/1247,Chaman Sankar,Primary Suspect
KAR/MAN/2024/0796,Faraj Bhatt,Co-conspirator
KAR/DAV/2024/2288,Amol Naidu,Primary Suspect
KAR/BID/2024/0752,Zansi Suresh,Co-conspirator
KAR/BEN/2024/1612,Girik Raman,Primary Suspect
KAR/MAN/2024/0246,Kai Iyer,Accomplice
KAR/HUB/2024/1603,Vasatika Kala,Primary Suspect
KAR/HAS/2024/1410,Bakhshi Oommen,Co-conspirator
KAR/VIJ/2024/0810,Nidhi Goel,Co-conspirator
KAR/BEN/2024/1442,Aayush Memon,Accomplice
KAR/TUM/2024/2255,Vansha Dhingra,Primary Suspect
KAR/SHI/2024/0903,Bakhshi Sahni,Accomplice
KAR/DAV/2024/2101,Amara Chakrabarti,Primary Suspect
KAR/BAL/2024/1183,Falan Sahota,Accomplice
KAR/RAI/2024/1683,Max Modi,Primary Suspect
KAR/RAI/2024/2398,Ayaan Sarma,Accomplice
KAR/SHI/2024/1861,Maanas Kashyap,Co-conspirator
KAR/BEN/2024/0759,Oscar Lall,Co-conspirator
KAR/BEN/2024/1818,Nathan Choudhary,Accomplice
KAR/KOL/2024/0892,Dev Pandit,Accomplice
KAR/BEN/2024/1536,Advay Saraf,Co-conspirator
KAR/BEN/2024/0566,Abdul Chadha,Co-conspirator
KAR/BEN/2024/2430,Qarin Dube,Co-conspirator
KAR/BEN/2024/0986,Om Oommen,Accomplice
KAR/SHI/2024/2124,Fiyaz Wali,Co-conspirator
KAR/HUB/2024/0406,Christopher Sule,Co-conspirator
KAR/KOP/2024/0644,Forum Chauhan,Primary Suspect
KAR/BID/2024/0752,Rajeshri Pillai,Accomplice
KAR/RAI/2024/0046,Luke Khurana,Accomplice
KAR/MYS/2024/0859,Ganga Zachariah,Accomplice
KAR/BEN/2024/2336,Oviya Soman,Accomplice
KAR/BEN/2024/1612,Faqid Venkatesh,Accomplice
KAR/UDU/2024/0657,Finn Manda,Primary Suspect
KAR/UDU/2024/1615,Ojasvi Pall,Primary Suspect
KAR/DAV/2024/2282,Bahadurjit Kala,Primary Suspect
KAR/BEL/2024/0480,Michael Gandhi,Primary Suspect
KAR/BEN/2024/0282,Avi Ranganathan,Co-conspirator
KAR/MAN/2024/0155,Nitesh Setty,Co-conspirator
KAR/BEN/2024/1337,Charan Balakrishnan,Primary Suspect
KAR/BEN/2024/1647,Advay Wable,Accomplice
KAR/RAI/2024/2205,Peter Aggarwal,Co-conspirator
KAR/BEN/2024/0132,Rehaan Chaudry,Co-conspirator
KAR/HAS/2024/0208,Gaurang Chandra,Primary Suspect
KAR/TUM/2024/0532,Kritika Nair,Co-conspirator
KAR/BEN/2024/0926,Kabir Krishnamurthy,Accomplice
KAR/RAI/2024/0729,Samarth Vora,Accomplice
KAR/CHI/2024/0164,Krish Date,Accomplice
KAR/MAN/2024/0243,Udarsh Sami,Accomplice
KAR/BEN/2024/2283,Sudiksha Ghose,Accomplice
KAR/KOP/2024/1434,Dalbir Singh,Accomplice
KAR/BEN/2024/1618,Eshana Gandhi,Co-conspirator
KAR/KOL/2024/0968,Anthony Mohan,Primary Suspect
KAR/BEN/2024/2218,Ekalinga Gandhi,Accomplice
KAR/BID/2024/1936,Owen Bora,Primary Suspect
KAR/DAV/2024/1384,Darpan Rai,Accomplice
KAR/HAS/2024/1089,Ishaan Sarma,Primary Suspect
KAR/MYS/2024/2299,Aishani Mohan,Accomplice
KAR/BEN/2024/2056,Aadi Bal,Co-conspirator
KAR/BAL/2024/0745,Tanish Bera,Primary Suspect
KAR/BEN/2024/2027,Balendra Dar,Primary Suspect
KAR/BEN/2024/1704,Frado Muni,Primary Suspect
KAR/BAL/2024/2459,Abhiram Chakraborty,Accomplice
KAR/BEN/2024/0494,Sai Sekhon,Co-conspirator
KAR/CHI/2024/0846,Nidhi Goel,Accomplice
KAR/MAN/2024/1783,Prisha Mani,Accomplice
KAR/SHI/2024/1608,Amol Kulkarni,Primary Suspect
KAR/DAV/2024/1652,Frado Muni,Primary Suspect
KAR/HAS/2024/1373,Vihaan Khalsa,Accomplice
KAR/BID/2024/1553,Bhanumati Patil,Co-conspirator
KAR/MAN/2024/0885,Lohit Varty,Accomplice
KAR/DAV/2024/1877,Daniel Bala,Co-conspirator
KAR/BEN/2024/1661,Jeet Dutt,Co-conspirator
KAR/BAL/2024/1416,Wyatt Vaidya,Co-conspirator
KAR/BEN/2024/1707,Eiravati Banik,Co-conspirator
KAR/MYS/2024/0758,Neel Sheth,Accomplice
KAR/RAI/2024/1141,Gautam Master,Co-conspirator
KAR/CHI/2024/0762,Wazir Nadig,Co-conspirator
KAR/BEN/2024/0410,Jack Dass,Primary Suspect
KAR/BEN/2024/2489,Hritik Dube,Accomplice
KAR/BEN/2024/0985,Hemal Desai,Co-conspirator
KAR/HUB/2024/2307,Frederick Sidhu,Accomplice
KAR/BEN/2024/0917,Harrison Edwin,Primary Suspect
KAR/MYS/2024/0608,Michael Cheema,Primary Suspect
KAR/BEN/2024/1628,Chandani Devi,Accomplice
KAR/BEN/2024/1720,Chandani Shah,Co-conspirator
KAR/UDU/2024/1655,Yug Sahni,Co-conspirator
KAR/BEN/2024/0624,Hredhaan Dada,Primary Suspect
KAR/RAI/2024/1543,Indrajit Boase,Co-conspirator
KAR/BAL/2024/1869,Rachit Bandi,Co-conspirator
KAR/MAN/2024/0411,Gaurangi Dugal,Co-conspirator
KAR/TUM/2024/2467,Gaurang Sandal,Primary Suspect
KAR/BEN/2024/0136,Gaurav Baral,Co-conspirator
KAR/KOL/2024/0550,Wishi Suresh,Primary Suspect
KAR/SHI/2024/2161,Vrishti Varghese,Accomplice
KAR/MYS/2024/0608,Shaurya Narayan,Co-conspirator
KAR/BEN/2024/0216,Chatresh Kota,Co-conspirator
KAR/BEN/2024/2144,Wahab Mitter,Primary Suspect
KAR/BEN/2024/2347,Harrison Mangal,Primary Suspect
KAR/BEN/2024/1677,Utkarsh Bala,Co-conspirator
KAR/BEN/2024/2375,Qasim Pillai,Co-conspirator
KAR/SHI/2024/1265,Ati Pai,Primary Suspect
KAR/BEN/2024/1500,Gaurav Comar,Co-conspirator
KAR/CHI/2024/1240,Finn Ravi,Accomplice
KAR/BAL/2024/1289,Lekha Kaur,Co-conspirator
KAR/BEN/2024/1058,Christopher Kade,Primary Suspect
KAR/KAL/2024/0739,Vidhi Gaba,Accomplice
KAR/BID/2024/2145,Naveen Nigam,Primary Suspect
KAR/BEN/2024/1011,Rehaan Menon,Accomplice
KAR/BID/2024/0559,Veer Edwin,Primary Suspect
KAR/BEN/2024/2113,Kavya Wason,Accomplice
KAR/DAV/2024/0235,Kritika Edwin,Primary Suspect
KAR/BEN/2024/1901,Frado Jha,Co-conspirator
KAR/BEN/2024/0566,Abhimanyu Suresh,Co-conspirator
KAR/MAN/2024/1237,Frado Pradhan,Co-conspirator
KAR/RAI/2024/0123,Panini Narayanan,Primary Suspect
KAR/DAV/2024/0549,Samarth Sachar,Accomplice
KAR/BEN/2024/0722,Rehaan Raman,Co-conspirator
KAR/BEL/2024/2406,Ranveer Parmer,Primary Suspect
KAR/BEL/2024/1411,Gopal Bobal,Co-conspirator
KAR/BEN/2024/1786,William Parikh,Primary Suspect
KAR/MAN/2024/0432,Sudiksha Rastogi,Primary Suspect
KAR/BEL/2024/1331,Gaurav Chhabra,Co-conspirator
KAR/RAI/2024/0056,George Ravel,Accomplice
KAR/MAN/2024/2491,Theodore Tella,Accomplice
KAR/DAV/2024/1033,Ishaan Rau,Accomplice
KAR/SHI/2024/0348,Hritik Banerjee,Primary Suspect
KAR/CHI/2024/0901,Ekalinga Gandhi,Co-conspirator
KAR/BEN/2024/0535,Luke Khurana,Co-conspirator
KAR/BEN/2024/0997,Jagrati Thaman,Primary Suspect
KAR/BEN/2024/0162,Yatin Upadhyay,Primary Suspect
KAR/BEL/2024/1325,Warhi Dutta,Accomplice
KAR/HUB/2024/0406,Darsh Sagar,Accomplice
KAR/BEN/2024/1658,Jagvi Misra,Co-conspirator
KAR/BEN/2024/0287,Naveen Brar,Accomplice
KAR/HUB/2024/1056,Nandini Vora,Primary Suspect
KAR/BEN/2024/1658,Rohan Dugar,Co-conspirator
KAR/VIJ/2024/0021,Mohammed Kade,Primary Suspect
KAR/BEN/2024/0300,Imaran Aggarwal,Co-conspirator
KAR/BEN/2024/0579,Shivansh Kala,Primary Suspect
KAR/UDU/2024/2196,Kiaan Dayal,Accomplice
KAR/BEN/2024/0015,Faris Kuruvilla,Accomplice
KAR/VIJ/2024/0569,Karan Gopal,Primary Suspect
KAR/MAN/2024/0609,Avi Bhandari,Accomplice
KAR/BAL/2024/1363,Qarin Sura,Accomplice
KAR/BEN/2024/0371,Wriddhish Raval,Accomplice
KAR/BEN/2024/0742,Faqid Kanda,Accomplice
KAR/BEN/2024/2482,Faras Dubey,Primary Suspect
KAR/TUM/2024/1137,Kalpit Dhar,Primary Suspect
KAR/MYS/2024/1048,Champak Magar,Accomplice
KAR/BID/2024/1080,Siya Mishra,Primary Suspect
KAR/VIJ/2024/0441,Oscar Kuruvilla,Co-conspirator
KAR/MAN/2024/1236,Indrajit Dhillon,Primary Suspect
KAR/TUM/2024/1512,Fiyaz Shukla,Accomplice
KAR/BEN/2024/1155,Chatresh Dugar,Accomplice
KAR/BID/2024/1972,Charan Balakrishnan,Co-conspirator
KAR/MAN/2024/2423,Andrew Jayaraman,Accomplice
KAR/BEN/2024/0104,Wriddhish Golla,Accomplice
KAR/HAS/2024/1263,Siddharth Wali,Accomplice
KAR/KOL/2024/2097,Nirja Goda,Primary Suspect
KAR/BEN/2024/0189,Logan Rajan,Co-conspirator
KAR/BEN/2024/0847,Shaurya Narayan,Primary Suspect
KAR/TUM/2024/1396,Rishi Bawa,Primary Suspect
KAR/BEN/2024/2164,Zehaan Nagy,Co-conspirator
KAR/KAL/2024/1920,Zayyan Balakrishnan,Accomplice
KAR/KOL/2024/0596,Azaan Acharya,Primary Suspect
KAR/HUB/2024/2214,Yadavi Mani,Accomplice
KAR/RAI/2024/2205,Upkaar Batra,Primary Suspect
KAR/BEN/2024/2311,Vyanjana Mander,Accomplice
KAR/MYS/2024/2447,Indali Gulati,Primary Suspect
KAR/BEN/2024/2197,Maanav Zacharia,Co-conspirator
KAR/KAL/2024/1151,Gaurika Sehgal,Co-conspirator
KAR/SHI/2024/0184,Joshua Mody,Accomplice
KAR/UDU/2024/1515,Vamakshi Kala,Accomplice
KAR/BEN/2024/0202,Gabriel Bail,Accomplice
KAR/VIJ/2024/0970,Kiaan Ghose,Accomplice
KAR/RAI/2024/0324,Banjeet Ben,Accomplice
KAR/BEN/2024/1754,Rishi Loke,Primary Suspect
KAR/KOP/2024/1899,Ekapad Sood,Co-conspirator
KAR/MAN/2024/0024,Rehaan Brar,Primary Suspect
KAR/BEN/2024/0544,Wazir Nadkarni,Accomplice
KAR/CHI/2024/0830,Ekbal Merchant,Accomplice
KAR/BEN/2024/2448,Bishakha Kalla,Accomplice
KAR/BEN/2024/2284,Max Ghose,Primary Suspect
KAR/HAS/2024/0668,Hitesh Shere,Primary Suspect
KAR/SHI/2024/0693,Ikbal Dyal,Primary Suspect
KAR/VIJ/2024/0667,Orinder Kara,Primary Suspect
KAR/UDU/2024/2247,Qarin Patil,Co-conspirator
KAR/MAN/2024/0172,Shivansh Samra,Accomplice
KAR/BAL/2024/0196,Anita Rout,Co-conspirator
KAR/KOL/2024/1074,Lohit Varty,Co-conspirator
KAR/SHI/2024/2456,Praneel Sastry,Primary Suspect
KAR/TUM/2024/2263,Aarnav Mannan,Accomplice
KAR/MYS/2024/1762,Mitesh Madan,Accomplice
KAR/BEN/2024/2133,Siddharth Savant,Primary Suspect
KAR/BEN/2024/2324,Riya Thaker,Co-conspirator
KAR/MAN/2024/1918,Ekanta Mitra,Primary Suspect
KAR/BEN/2024/1352,Sudiksha Ghose,Co-conspirator
KAR/BEN/2024/0366,Varenya Bahri,Co-conspirator
KAR/BEN/2024/1397,Brijesh Sahni,Primary Suspect
KAR/BEN/2024/1712,Yuvraj Ramanathan,Primary Suspect
KAR/UDU/2024/1519,Wridesh Tailor,Accomplice
KAR/MYS/2024/0482,Aditya Bhatti,Primary Suspect
KAR/TUM/2024/1651,Ayushman Dasgupta,Primary Suspect
KAR/VIJ/2024/0667,Simon Warrior,Accomplice
KAR/BEN/2024/1403,Daksh Gokhale,Primary Suspect
KAR/KAL/2024/0861,Hredhaan Mammen,Accomplice
KAR/KOL/2024/1053,Rajeshri Bhalla,Co-conspirator
KAR/CHI/2024/1158,Nitesh Andra,Co-conspirator
KAR/BEN/2024/0253,Vasatika Parsa,Accomplice
KAR/KAL/2024/0751,Noah Agate,Co-conspirator
KAR/BEN/2024/0748,Tara Kothari,Primary Suspect
KAR/UDU/2024/1665,Nachiket Dua,Co-conspirator
KAR/BEN/2024/1296,Faras Mody,Accomplice
KAR/TUM/2024/0626,Hiral Madan,Accomplice
KAR/UDU/2024/1160,Ekapad Behl,Co-conspirator
KAR/BEN/2024/2311,Akshay Chander,Co-conspirator
KAR/DAV/2024/1652,Advik Balay,Co-conspirator
KAR/HAS/2024/2364,Jairaj Jaggi,Primary Suspect
KAR/DAV/2024/1067,Kritika Nair,Accomplice
KAR/MYS/2024/2323,Yatan Hari,Co-conspirator
KAR/BEN/2024/1943,Ekta Dey,Co-conspirator
KAR/BEN/2024/0203,Ekbal Sahni,Primary Suspect
KAR/MAN/2024/2013,Harinakshi Srinivas,Accomplice
KAR/RAI/2024/1667,Udyati Devan,Primary Suspect
KAR/KOP/2024/1775,Ranveer Parmer,Accomplice
KAR/BEN/2024/0829,Tanveer Bumb,Co-conspirator
KAR/KOP/2024/1463,Ayushman Suresh,Co-conspirator
KAR/SHI/2024/2373,Siddharth Bhagat,Accomplice
KAR/BEN/2024/0820,Nachiket Narayanan,Primary Suspect
KAR/KOP/2024/1463,Shaurya Krish,Primary Suspect
KAR/RAI/2024/1759,Wyatt Mutti,Co-conspirator
KAR/DAV/2024/1969,Shaurya Luthra,Accomplice
KAR/HAS/2024/0294,Aditya Bala,Primary Suspect
KAR/KOL/2024/0318,Omkaar Parikh,Accomplice
KAR/HAS/2024/2252,Jagrati Kuruvilla,Co-conspirator
KAR/RAI/2024/1141,David Maharaj,Co-conspirator
KAR/BEN/2024/0618,Benjamin Chaudry,Co-conspirator
KAR/MAN/2024/0343,Vincent Gole,Primary Suspect
KAR/DAV/2024/2118,Advaith Sibal,Co-conspirator
KAR/BEN/2024/2257,Udant Borah,Primary Suspect
KAR/SHI/2024/1037,Bina Ramesh,Accomplice
KAR/BEN/2024/1656,Nitesh Iyer,Accomplice
KAR/RAI/2024/1929,Fiyaz Krish,Co-conspirator
KAR/BEN/2024/0696,Daksha Khalsa,Primary Suspect
KAR/KOL/2024/0596,Isaiah Sandal,Primary Suspect
KAR/HAS/2024/2285,Andrew Mann,Accomplice
KAR/MAN/2024/1405,Faraj Minhas,Primary Suspect
KAR/BEN/2024/0527,Banjeet Buch,Accomplice
KAR/KAL/2024/1742,Finn Rajan,Co-conspirator
KAR/TUM/2024/0971,Gagan Gaba,Co-conspirator
KAR/BEN/2024/0350,Oscar Sangha,Co-conspirator
KAR/HAS/2024/0349,Chakradev Sura,Primary Suspect
KAR/DAV/2024/0673,Michael Gandhi,Co-conspirator
KAR/HUB/2024/2204,Lekha Bahri,Accomplice
KAR/BEN/2024/1483,Balhaar Sathe,Accomplice
KAR/BEN/2024/2092,Rishi Gara,Co-conspirator
KAR/KOL/2024/1498,Hitesh Karpe,Accomplice
KAR/KOP/2024/0718,Falan Karpe,Co-conspirator
KAR/BEN/2024/2133,Karan Kohli,Co-conspirator
KAR/MAN/2024/0359,Warjas Mitra,Co-conspirator
KAR/HAS/2024/1290,Advay Sidhu,Accomplice
KAR/RAI/2024/1650,Zarna Bhardwaj,Co-conspirator
KAR/BEN/2024/2168,Gopal Palan,Accomplice
KAR/KAL/2024/1151,Vihaan Lad,Co-conspirator
KAR/BEN/2024/0694,Darpan Krish,Accomplice
KAR/KOL/2024/0968,Balhaar Sathe,Accomplice
KAR/MAN/2024/0096,Gaurangi Dugal,Accomplice
KAR/BEN/2024/0148,Anmol Ganguly,Accomplice
KAR/BEN/2024/1955,Balveer Jhaveri,Primary Suspect
KAR/BEN/2024/2173,Jairaj Kalla,Accomplice
KAR/BAL/2024/0990,Bishakha Kalla,Primary Suspect
KAR/MAN/2024/0343,Zayan Oommen,Co-conspirator
KAR/TUM/2024/0532,Darpan Rai,Accomplice
KAR/BEN/2024/1875,Ekansh Bahl,Accomplice
KAR/SHI/2024/0773,Chakrika Som,Co-conspirator
KAR/BEN/2024/0614,Unnati Suresh,Primary Suspect
KAR/BEN/2024/0203,Yamini Pandit,Primary Suspect
KAR/BEN/2024/2343,Udant Saxena,Primary Suspect
KAR/BID/2024/0085,Baghyawati Lanka,Accomplice
KAR/KAL/2024/1012,Rajata Kala,Accomplice
KAR/RAI/2024/1985,Ekaraj Sood,Accomplice
KAR/MAN/2024/1854,Vidhi Hari,Co-conspirator
KAR/VIJ/2024/1161,Akshay Kapoor,Primary Suspect
KAR/BEN/2024/1349,Max Mital,Primary Suspect
KAR/CHI/2024/0088,Hitesh Sant,Co-conspirator
KAR/CHI/2024/0497,Dalbir Kapadia,Co-conspirator
KAR/UDU/2024/0001,Laban Bhatia,Primary Suspect
KAR/BEL/2024/2497,Aarav Ganesh,Co-conspirator
KAR/HUB/2024/1908,Lekha Kaur,Co-conspirator
KAR/MAN/2024/0715,Isaac Kapur,Accomplice
KAR/SHI/2024/1306,Raagini Pillay,Primary Suspect
KAR/DAV/2024/1067,Balhaar Wadhwa,Primary Suspect
KAR/CHI/2024/1316,Chaitaly Yogi,Primary Suspect
KAR/BEN/2024/1846,Ayush Shanker,Co-conspirator
KAR/BEN/2024/2270,Yadavi Madan,Co-conspirator
KAR/BEN/2024/1122,Faras Dugar,Accomplice
KAR/HAS/2024/1263,Arya Grover,Co-conspirator
KAR/RAI/2024/0245,Hitesh Goyal,Co-conspirator
KAR/BEN/2024/1345,Hritik Tiwari,Co-conspirator
KAR/HAS/2024/1492,Sai Bali,Co-conspirator
KAR/BID/2024/2070,Bhavini Rajagopal,Co-conspirator
KAR/UDU/2024/1185,Theodore Magar,Primary Suspect
KAR/VIJ/2024/1596,Chandran Gala,Co-conspirator
KAR/BAL/2024/2002,Aarnav Jayaraman,Primary Suspect
KAR/BEN/2024/0756,Charan Warrior,Accomplice
KAR/BEN/2024/1688,Arjun Mital,Co-conspirator
KAR/BEN/2024/1534,Brijesh Mitter,Co-conspirator
KAR/MAN/2024/0754,Kai Rastogi,Co-conspirator
KAR/HAS/2024/1263,Rajata Kala,Accomplice
KAR/TUM/2024/0209,Qushi Chokshi,Co-conspirator
KAR/BEN/2024/1270,Rushil Lad,Accomplice
KAR/BEN/2024/1174,Nakul Vyas,Accomplice
KAR/UDU/2024/0648,Tejas Rattan,Co-conspirator
KAR/BEN/2024/0005,Neel Dalal,Co-conspirator
KAR/BEN/2024/0793,Zaid Prabhakar,Accomplice
KAR/BEN/2024/1901,Ishaan Cheema,Co-conspirator
KAR/SHI/2024/0317,Baljiwan Iyengar,Co-conspirator
KAR/UDU/2024/0657,Laban Mishra,Primary Suspect
KAR/MAN/2024/2020,Anirudh Sule,Accomplice
KAR/MAN/2024/0250,Brijesh Mitter,Accomplice
KAR/UDU/2024/2454,Jeet Dutt,Accomplice
KAR/VIJ/2024/0256,Avi Sawhney,Co-conspirator
KAR/MAN/2024/1516,Zayan Balay,Accomplice
KAR/MYS/2024/1017,Indali Gulati,Primary Suspect
KAR/BID/2024/0559,Brijesh Kohli,Co-conspirator
KAR/BEN/2024/1437,Samaksh Sastry,Primary Suspect
KAR/BEN/2024/0928,Vyanjana Seshadri,Primary Suspect
KAR/MAN/2024/0792,Chakradev Sura,Co-conspirator
KAR/BEL/2024/1036,Reva Vasa,Co-conspirator
KAR/TUM/2024/2009,Upkaar Viswanathan,Co-conspirator
KAR/BID/2024/0862,Aarav Jaggi,Co-conspirator
KAR/BEN/2024/0795,Yashoda Minhas,Primary Suspect
KAR/MAN/2024/1336,Baljiwan Buch,Accomplice
KAR/RAI/2024/2367,Saksham Kulkarni,Accomplice
KAR/RAI/2024/1309,Waida Parekh,Accomplice
KAR/BEN/2024/1552,Krishna Mital,Accomplice
KAR/BEL/2024/2093,Andrew Goda,Accomplice
KAR/HUB/2024/2488,Ryan Rattan,Primary Suspect
KAR/MAN/2024/0798,Harrison Kota,Accomplice
KAR/HAS/2024/1162,Upkaar Saha,Primary Suspect
KAR/BEN/2024/0544,Faras Gandhi,Primary Suspect
KAR/KOL/2024/0386,Zilmil Garde,Primary Suspect
KAR/BEN/2024/2415,Warjas Dass,Co-conspirator
KAR/BEN/2024/2379,Gaurav Modi,Primary Suspect
KAR/BEN/2024/2065,Gautami Tata,Co-conspirator
KAR/BEN/2024/0356,Lakshmi Lalla,Primary Suspect
KAR/SHI/2024/2124,Chasmum Kamdar,Primary Suspect
KAR/KOP/2024/1434,George Borde,Accomplice
KAR/SHI/2024/0899,Samesh Deol,Primary Suspect
KAR/RAI/2024/2181,Nathaniel Das,Primary Suspect
KAR/TUM/2024/1988,Umang Jayaraman,Co-conspirator
KAR/BEN/2024/0128,Pranit Chatterjee,Primary Suspect
KAR/HUB/2024/0399,Xavier Mangal,Accomplice
KAR/BID/2024/1428,Imaran Sane,Co-conspirator
KAR/MAN/2024/0509,Oliver Sachar,Primary Suspect
KAR/TUM/2024/2165,Pranit Deshpande,Primary Suspect
KAR/BEN/2024/0113,Amrita Mukherjee,Accomplice
KAR/BEN/2024/0098,Wazir Karpe,Accomplice
KAR/MYS/2024/1559,Manthan Narula,Co-conspirator
KAR/BEN/2024/1846,Guneet Prabhakar,Accomplice
KAR/MAN/2024/2005,Jai Gupta,Primary Suspect
KAR/BEN/2024/1706,Nihal Biswas,Accomplice
KAR/BEN/2024/0167,Charan Date,Accomplice
KAR/RAI/2024/1212,Patrick Balay,Accomplice
KAR/BEN/2024/0054,Shaurya Narayan,Accomplice
KAR/TUM/2024/0378,Gavin Varty,Co-conspirator
KAR/UDU/2024/2180,Tara Kothari,Co-conspirator
KAR/MAN/2024/1201,Faris Ramakrishnan,Primary Suspect
KAR/BEN/2024/0133,Balhaar Dube,Co-conspirator
KAR/CHI/2024/1158,Rajeshri Pillai,Accomplice
KAR/HAS/2024/2264,Manbir Borde,Co-conspirator
KAR/BEN/2024/0202,Anirudh Randhawa,Primary Suspect
KAR/BEN/2024/0443,Neelima Dash,Accomplice
KAR/BEN/2024/1377,Ishani Agrawal,Primary Suspect
KAR/BEN/2024/1587,Eiravati Banik,Primary Suspect
KAR/KOL/2024/0596,Bishakha Bawa,Accomplice
KAR/UDU/2024/1591,Vyanjana Baria,Accomplice
KAR/MAN/2024/0034,Indrajit Boase,Co-conspirator
KAR/BEL/2024/0057,Aadi Khalsa,Primary Suspect
KAR/MYS/2024/2213,Indrajit Prabhu,Co-conspirator
KAR/RAI/2024/0032,Jagdish Hegde,Accomplice
KAR/BEN/2024/1106,Orinder Sharma,Accomplice
KAR/KOL/2024/2136,Abeer Sawhney,Co-conspirator
KAR/BAL/2024/0442,Falak Lad,Accomplice
KAR/BEN/2024/0022,Ikbal Panchal,Co-conspirator
KAR/BEN/2024/2319,Hitesh Chaudhari,Primary Suspect
KAR/BEN/2024/1174,Pallavi Bail,Primary Suspect
KAR/BEN/2024/0148,Max Ghose,Co-conspirator
KAR/BEN/2024/1927,Zinal Bawa,Co-conspirator
KAR/BEN/2024/1326,Utkarsh Kumer,Primary Suspect
KAR/RAI/2024/1938,Advay Bhardwaj,Co-conspirator
KAR/RAI/2024/0337,Tarak Ravi,Co-conspirator
KAR/KOP/2024/0322,Brijesh Sahni,Accomplice
KAR/UDU/2024/0649,Krisha Karan,Primary Suspect
KAR/TUM/2024/1651,Harini Chahal,Accomplice
KAR/HUB/2024/0406,Kiaan Varkey,Co-conspirator
KAR/SHI/2024/0348,Bina Radhakrishnan,Primary Suspect
KAR/MYS/2024/0513,Rayaan Bhargava,Accomplice
KAR/MAN/2024/0484,Rishi Bawa,Primary Suspect
KAR/KOP/2024/0878,Vasatika Kala,Accomplice
KAR/TUM/2024/2210,Timothy Tata,Accomplice
KAR/MYS/2024/0311,Barkha Bhat,Primary Suspect
KAR/SHI/2024/1571,Balendra Wadhwa,Accomplice
KAR/BEN/2024/2402,Nachiket Khosla,Primary Suspect
KAR/BAL/2024/1092,Devika Pandya,Primary Suspect
KAR/BEN/2024/0099,Darika Din,Primary Suspect
KAR/BEN/2024/1894,Hritik Kalla,Accomplice
KAR/MYS/2024/0608,Caleb Viswanathan,Accomplice
KAR/BEN/2024/2198,Gaurangi Mital,Primary Suspect
KAR/VIJ/2024/2315,Xalak Bath,Primary Suspect
KAR/SHI/2024/0052,Balveer Dugar,Co-conspirator
KAR/BEL/2024/0480,Lucky Banik,Accomplice
KAR/DAV/2024/0058,Harrison Misra,Primary Suspect
KAR/BEN/2024/2251,Garima Bains,Accomplice
KAR/KOL/2024/0033,Faraj Minhas,Accomplice
KAR/HAS/2024/1006,Naveen Basak,Accomplice
KAR/BEN/2024/2363,Hitesh Narain,Accomplice
KAR/BEN/2024/2191,Yatan Walla,Primary Suspect
KAR/BAL/2024/1580,Avni Kannan,Accomplice
KAR/HUB/2024/0675,Diya Dua,Accomplice
KAR/KOP/2024/0689,Maanav Gopal,Primary Suspect
KAR/BEL/2024/1295,Falan Rau,Co-conspirator
KAR/BEL/2024/1411,Widisha More,Co-conspirator
KAR/SHI/2024/2105,Tanveer Basu,Primary Suspect
KAR/BEN/2024/0828,Prisha Pau,Co-conspirator
KAR/BEN/2024/2071,Gayathri Venkatesh,Accomplice
KAR/KOP/2024/0199,Chandran Nayak,Co-conspirator
KAR/TUM/2024/1732,Wriddhish Raval,Primary Suspect
KAR/BEN/2024/0871,Janya Thaker,Accomplice
KAR/BEN/2024/1188,Aditya Gola,Co-conspirator
KAR/BEN/2024/0869,Indrajit Koshy,Co-conspirator
KAR/BEN/2024/0996,Rohan Krish,Accomplice
KAR/BEN/2024/1592,Jatin Shenoy,Co-conspirator
KAR/BEN/2024/1815,Faris Solanki,Primary Suspect
KAR/HAS/2024/1341,Neel Sheth,Accomplice
KAR/UDU/2024/0657,Om Chandra,Accomplice
KAR/HAS/2024/0518,Nikita Pall,Accomplice
KAR/VIJ/2024/2461,Aarav Pal,Primary Suspect
KAR/MAN/2024/1725,Ekapad Agarwal,Co-conspirator
KAR/BEN/2024/1529,Eta Dada,Primary Suspect
KAR/KAL/2024/1194,Nathaniel Krishna,Co-conspirator
KAR/HAS/2024/2483,Alexander Sarna,Primary Suspect
KAR/MAN/2024/1237,Zayan Prashad,Primary Suspect
KAR/RAI/2024/1454,Christopher Kade,Primary Suspect
KAR/MAN/2024/0343,Ethan Srinivas,Accomplice
KAR/MYS/2024/0922,Rudra Anne,Accomplice
KAR/HAS/2024/1549,Bahadurjit Kala,Co-conspirator
KAR/BAL/2024/1832,Darika Bhalla,Primary Suspect
KAR/BEN/2024/0694,Kai Rastogi,Accomplice
KAR/BEN/2024/2222,Nakul Dutt,Primary Suspect
KAR/SHI/2024/1727,Charan Balakrishnan,Accomplice
KAR/BEN/2024/0696,Abdul Samra,Primary Suspect
KAR/BAL/2024/0933,Onveer Palan,Primary Suspect
KAR/HAS/2024/2156,Gopal Sarin,Co-conspirator
KAR/HUB/2024/1468,Maanav Arya,Co-conspirator
KAR/BAL/2024/0705,Daksha Khalsa,Co-conspirator
KAR/VIJ/2024/0771,Yashoda Dyal,Accomplice
KAR/BEN/2024/1021,Aditya Palla,Primary Suspect
KAR/VIJ/2024/1207,Anvi Shetty,Primary Suspect
KAR/BAL/2024/2386,Yatin Tak,Co-conspirator
KAR/BEN/2024/1085,Bhavna Sami,Accomplice
KAR/UDU/2024/1485,Liam Sur,Co-conspirator
KAR/MAN/2024/1932,Gavin Sule,Primary Suspect
KAR/BEN/2024/0672,Zaid Atwal,Accomplice
KAR/BEN/2024/1840,Jairaj Borde,Primary Suspect
KAR/MAN/2024/1336,Manthan Randhawa,Co-conspirator
KAR/HAS/2024/0335,Osha Chada,Accomplice
KAR/BEN/2024/0041,Sanya Bhargava,Co-conspirator
KAR/BEN/2024/1654,Girindra Barman,Primary Suspect
KAR/DAV/2024/0692,Arjun Ahuja,Co-conspirator
KAR/HAS/2024/0668,Yash Samra,Co-conspirator
KAR/BID/2024/1211,Mohini Vaidya,Primary Suspect
KAR/KOL/2024/0746,Pranav Agate,Primary Suspect
KAR/BEN/2024/0987,Vyanjana Tella,Primary Suspect
KAR/MAN/2024/1412,Darsh Chaudhuri,Co-conspirator
KAR/BEL/2024/1295,Daksh Agrawal,Accomplice
KAR/MYS/2024/2316,Dalaja Johal,Accomplice
KAR/HUB/2024/0232,George Maharaj,Primary Suspect
KAR/MYS/2024/0260,Maanas Varughese,Primary Suspect
KAR/BAL/2024/0632,Rudra Dasgupta,Primary Suspect
KAR/SHI/2024/0377,Henry Mahajan,Accomplice
KAR/VIJ/2024/1631,Vasatika Iyer,Accomplice
KAR/BEN/2024/2018,Gayathri Minhas,Co-conspirator
KAR/DAV/2024/0277,Vihaan Ravi,Co-conspirator
KAR/BEN/2024/0743,Hitesh Chakraborty,Primary Suspect
KAR/BEN/2024/1104,Akshay Wali,Accomplice
KAR/SHI/2024/2004,Dhruv Palan,Co-conspirator
KAR/RAI/2024/2098,Abdul Narain,Co-conspirator
KAR/DAV/2024/1847,Aditya Gola,Accomplice
KAR/MAN/2024/2428,Hitesh Goyal,Primary Suspect
KAR/BEN/2024/2217,Indrajit Swaminathan,Accomplice
KAR/DAV/2024/1457,Ronith Kumar,Co-conspirator
KAR/UDU/2024/2387,Prisha Pau,Co-conspirator
KAR/MAN/2024/1885,Sathvik Ranganathan,Accomplice
KAR/BEN/2024/0980,Vyanjana Tella,Accomplice
KAR/UDU/2024/1851,Chandran Gala,Co-conspirator
KAR/BEN/2024/1507,Simon Chakrabarti,Accomplice
KAR/TUM/2024/1396,Rehaan Sharaf,Primary Suspect
KAR/BEN/2024/0531,Oliver Chaudhary,Accomplice
KAR/MAN/2024/1792,Laksh Pingle,Accomplice
KAR/BEN/2024/1511,Dakshesh Rao,Primary Suspect
KAR/DAV/2024/1269,Daksh Gokhale,Co-conspirator
KAR/BAL/2024/1580,Arjun Garg,Primary Suspect
KAR/UDU/2024/0907,Liam Bhagat,Accomplice
KAR/BEN/2024/0415,Jonathan Gade,Accomplice
KAR/KOP/2024/2058,Ekapad Gole,Co-conspirator
KAR/CHI/2024/0830,Andrew Bera,Primary Suspect
KAR/BEN/2024/1836,Bhavya Dhingra,Co-conspirator
KAR/BEN/2024/0529,Azaan Viswanathan,Accomplice
KAR/HAS/2024/2345,Anmol Handa,Accomplice
KAR/UDU/2024/0552,Nitesh Khatri,Co-conspirator
KAR/KOP/2024/1803,Qarin Sekhon,Co-conspirator
KAR/HUB/2024/2072,Bakhshi Narayan,Primary Suspect
KAR/HAS/2024/1741,Darpan Bajaj,Accomplice
KAR/BEN/2024/0028,Yadavi Rama,Primary Suspect
KAR/BEL/2024/1404,Yug Sahni,Accomplice
KAR/MYS/2024/0423,Divya Chandra,Co-conspirator
KAR/BEN/2024/0813,Ishaan Modi,Co-conspirator
KAR/BEN/2024/1941,Nilima Mahal,Primary Suspect
KAR/BEN/2024/0162,Vasana Narula,Primary Suspect
KAR/BEN/2024/1204,Neel Nadig,Primary Suspect
KAR/CHI/2024/1262,Neel Dhaliwal,Primary Suspect
KAR/CHI/2024/0863,Saksham Sachdev,Accomplice
KAR/BEN/2024/2144,Reyansh Pradhan,Co-conspirator
KAR/RAI/2024/1831,Tamanna Soni,Co-conspirator
KAR/KAL/2024/1920,Azad Chahal,Primary Suspect
KAR/KOP/2024/1527,Chanakya Gola,Primary Suspect
KAR/CHI/2024/0460,Hema Kant,Accomplice
KAR/BEN/2024/1081,Fariq Hegde,Primary Suspect
KAR/KOP/2024/1735,Udarsh Soman,Primary Suspect
KAR/SHI/2024/0007,Vasatika Kala,Co-conspirator
KAR/MYS/2024/0260,Faras Pradhan,Accomplice
KAR/BEN/2024/0783,Oni Acharya,Accomplice
KAR/VIJ/2024/0582,Abhimanyu Luthra,Primary Suspect
KAR/TUM/2024/0960,Karan Banik,Primary Suspect
KAR/UDU/2024/1648,Oliver Gupta,Accomplice
KAR/CHI/2024/0628,William Dhar,Co-conspirator
KAR/BEN/2024/2314,Fitan Basak,Co-conspirator
KAR/HAS/2024/1930,Anay Ahuja,Co-conspirator
KAR/SHI/2024/0207,Barkha Parmer,Primary Suspect
KAR/BEN/2024/0887,Patrick Parikh,Primary Suspect
KAR/CHI/2024/1548,Kai Bawa,Accomplice
KAR/TUM/2024/0458,Dakshesh Chad,Primary Suspect
KAR/TUM/2024/0161,Vasatika Brahmbhatt,Accomplice
KAR/KOL/2024/1220,Kalpit Luthra,Accomplice
KAR/BEN/2024/1280,Gautam Master,Accomplice
KAR/MYS/2024/2447,Om Gade,Co-conspirator
KAR/BEN/2024/1020,Mitesh Goyal,Primary Suspect
KAR/CHI/2024/2137,Xavier Thakur,Primary Suspect
KAR/HAS/2024/0842,Yatin Deep,Accomplice
KAR/BEN/2024/1507,Joshua Karan,Primary Suspect
KAR/RAI/2024/1833,Pranav Morar,Co-conspirator
KAR/BEN/2024/1174,Rayaan Sunder,Primary Suspect
KAR/BEN/2024/2198,Dakshesh Doctor,Accomplice
KAR/BEN/2024/1272,Ria Magar,Primary Suspect
KAR/SHI/2024/1639,Vritti Kadakia,Accomplice
KAR/BEN/2024/0145,Watika Vora,Accomplice
KAR/BEN/2024/1205,Ekavir Munshi,Primary Suspect
KAR/KOL/2024/1613,Fitan Mital,Co-conspirator
KAR/MAN/2024/0250,Logan Radhakrishnan,Primary Suspect
KAR/BEN/2024/1521,Vihaan Lad,Primary Suspect
KAR/BEN/2024/1035,Vasatika Kala,Accomplice
KAR/BEN/2024/1090,Faras Guha,Accomplice
KAR/BEN/2024/0444,Aarav Shetty,Co-conspirator
KAR/MYS/2024/0483,Pranit Ganesh,Co-conspirator
KAR/BEL/2024/1477,Parth Khurana,Accomplice
KAR/CHI/2024/2107,Anita Rout,Accomplice
KAR/UDU/2024/1851,Azad Rai,Co-conspirator
KAR/RAI/2024/2181,Abhiram Minhas,Co-conspirator
KAR/BEN/2024/2248,Jacob Mistry,Co-conspirator
KAR/BEL/2024/1913,Raksha Mistry,Co-conspirator
KAR/BEN/2024/1107,Ekavir Munshi,Accomplice
KAR/DAV/2024/0284,Bachittar Wali,Primary Suspect
KAR/UDU/2024/0124,Imaran Aggarwal,Co-conspirator
KAR/DAV/2024/0825,Zashil Dayal,Co-conspirator
KAR/SHI/2024/0865,Aayush Basak,Co-conspirator
KAR/CHI/2024/0497,Udant Srinivas,Primary Suspect
KAR/MAN/2024/1760,Nathaniel Krishna,Primary Suspect
KAR/BID/2024/0963,Aarna Pau,Primary Suspect
KAR/MYS/2024/0939,Noah Anne,Co-conspirator
KAR/MAN/2024/2020,Samarth Saxena,Co-conspirator
KAR/BEN/2024/0982,Krish Tiwari,Co-conspirator
KAR/MAN/2024/1237,Riya Jhaveri,Accomplice
KAR/MAN/2024/0843,Lohit Varty,Co-conspirator
KAR/BEN/2024/1811,Teerth Bala,Co-conspirator
KAR/KAL/2024/1540,Praneel Wason,Accomplice
KAR/HUB/2024/0681,Abdul Sampath,Primary Suspect
KAR/TUM/2024/2302,Reva Vasa,Co-conspirator
KAR/RAI/2024/0702,Matthew Hari,Primary Suspect
KAR/BEN/2024/1085,Arya Jaggi,Co-conspirator
KAR/SHI/2024/1005,Udarsh Kapur,Primary Suspect
KAR/BEN/2024/1088,Chakradev Vora,Accomplice
KAR/BEN/2024/2303,Pranit Chahal,Primary Suspect
KAR/KOL/2024/2301,Qabil Bali,Co-conspirator
KAR/BEN/2024/2284,Warjas Yohannan,Primary Suspect
KAR/BEN/2024/1456,Abhimanyu Saha,Co-conspirator
KAR/KOP/2024/2100,Harrison Ramakrishnan,Co-conspirator
KAR/HAS/2024/1549,Jeet Bajwa,Accomplice
KAR/BEN/2024/1482,Mason Sur,Accomplice
KAR/BEN/2024/0091,Rudra Vora,Co-conspirator
KAR/DAV/2024/0095,Eiravati Dutt,Co-conspirator
KAR/MYS/2024/2476,Pahal Upadhyay,Co-conspirator
KAR/BEN/2024/2243,Chandresh Bedi,Accomplice
KAR/MAN/2024/0096,Dhruv Agrawal,Accomplice
KAR/MYS/2024/1426,Janya Goda,Primary Suspect
KAR/CHI/2024/0135,Ekansh Konda,Accomplice
KAR/BEN/2024/1807,Krishna Dubey,Accomplice
KAR/MAN/2024/0246,Arjun Garg,Accomplice
KAR/KOL/2024/1940,Harita Keer,Co-conspirator
KAR/BEN/2024/0822,Zashil Ahuja,Primary Suspect
KAR/HUB/2024/0675,Advaith Bansal,Primary Suspect
KAR/MYS/2024/1939,Chaitanya Lall,Co-conspirator
KAR/MYS/2024/0816,Abhimanyu Saha,Primary Suspect
KAR/HAS/2024/1369,Karan Patil,Co-conspirator
KAR/MAN/2024/1949,Nikita Purohit,Primary Suspect
KAR/BID/2024/2391,Rohan Wadhwa,Primary Suspect
KAR/BEN/2024/0357,Dalbir Varghese,Primary Suspect
KAR/BEN/2024/0883,Zehaan Iyer,Accomplice
KAR/BEN/2024/0770,Bahadurjit Memon,Co-conspirator
KAR/MAN/2024/0889,Anita Bhatnagar,Primary Suspect
KAR/HUB/2024/1234,Banjeet Nadig,Co-conspirator
KAR/BEN/2024/2050,Damini Deep,Primary Suspect
KAR/BEN/2024/0506,Amrita Mukherjee,Primary Suspect
KAR/BEN/2024/2472,Kiaan Dayal,Primary Suspect
KAR/BID/2024/1816,Teerth Sharaf,Accomplice
KAR/SHI/2024/0584,Patrick Agarwal,Co-conspirator
KAR/HUB/2024/2287,Tarak Ravi,Co-conspirator
KAR/BEN/2024/2184,Yuvraj Mishra,Co-conspirator
KAR/SHI/2024/0052,Mason Baral,Co-conspirator
KAR/MAN/2024/2077,Samesh Chakraborty,Primary Suspect
KAR/BEN/2024/2351,Rudra Vora,Accomplice
KAR/BEN/2024/1239,Kai Chacko,Co-conspirator
KAR/VIJ/2024/1101,Rushil Kakar,Primary Suspect
KAR/HUB/2024/0921,Baljiwan Buch,Primary Suspect
KAR/BEN/2024/0507,Qabil Chowdhury,Accomplice
KAR/BEN/2024/0353,Gagan Gade,Co-conspirator
KAR/SHI/2024/0280,Rehaan Chaudry,Co-conspirator
KAR/BEN/2024/2243,Kashvi Gola,Co-conspirator
KAR/KOP/2024/1230,Amruta Ahuja,Co-conspirator
KAR/KOP/2024/1899,Aryan Kant,Primary Suspect
KAR/VIJ/2024/1596,Girik Bhavsar,Primary Suspect
KAR/KOL/2024/0744,Balhaar Parikh,Primary Suspect
KAR/BEN/2024/1836,Jonathan Pall,Primary Suspect
KAR/BID/2024/1041,Manthan Rajagopal,Primary Suspect
KAR/BEN/2024/2400,Tanmayi Jaggi,Accomplice
KAR/BEN/2024/2197,Hardik Dalal,Accomplice
KAR/BEN/2024/0734,Faqid Kara,Co-conspirator
KAR/DAV/2024/0284,Eta Nayak,Co-conspirator
KAR/KOL/2024/0070,Aditya Bala,Co-conspirator
KAR/MAN/2024/1915,Bakhshi Sahni,Primary Suspect
KAR/MAN/2024/0351,Lakshit Mangat,Primary Suspect
KAR/HUB/2024/0794,Rajeshri Peri,Co-conspirator
KAR/KOL/2024/1030,Ishaan Ray,Accomplice
KAR/DAV/2024/0673,Chandani Nadkarni,Accomplice
KAR/BEN/2024/2198,Nidhi Pathak,Co-conspirator
KAR/BEN/2024/0579,Ekaraj Gill,Co-conspirator
KAR/CHI/2024/0851,Bina Ramesh,Co-conspirator
KAR/KOP/2024/2464,Unni Atwal,Co-conspirator
KAR/HUB/2024/0062,Siddharth Sule,Co-conspirator
KAR/SHI/2024/0519,William Kakar,Primary Suspect
KAR/MAN/2024/0381,Om Majumdar,Primary Suspect
KAR/MAN/2024/0753,Udant Ghosh,Accomplice
KAR/BEN/2024/1511,Ronith Raval,Accomplice
KAR/KOL/2024/0281,Prisha Khatri,Co-conspirator
KAR/BEN/2024/2411,Girik Chowdhury,Co-conspirator
KAR/BEN/2024/2219,Vyanjana Baria,Co-conspirator
KAR/BEN/2024/0944,George Sem,Primary Suspect
KAR/BEN/2024/0438,Dhruv Vasa,Accomplice
KAR/BEN/2024/2268,Shaurya Batra,Co-conspirator
KAR/DAV/2024/2465,Gaurika Setty,Accomplice
KAR/KOP/2024/1735,Dakshesh Chana,Primary Suspect
KAR/TUM/2024/2412,Jeremiah Grewal,Accomplice
KAR/BEN/2024/0326,Tamanna Dash,Primary Suspect
KAR/SHI/2024/1037,Qadim Kala,Co-conspirator
KAR/KOL/2024/0180,Jatin Tailor,Primary Suspect
KAR/CHI/2024/1154,Amol Kulkarni,Co-conspirator
KAR/BEN/2024/1326,Pahal Upadhyay,Co-conspirator
KAR/BEN/2024/0179,Madhav Hayre,Primary Suspect
KAR/BEN/2024/1657,Girindra Barman,Primary Suspect
KAR/BAL/2024/0242,Zayyan Tailor,Accomplice
KAR/BEN/2024/1217,Oscar Kuruvilla,Co-conspirator
KAR/VIJ/2024/0554,Raghav Rajagopalan,Co-conspirator
KAR/DAV/2024/1847,Shivani Uppal,Co-conspirator
KAR/MAN/2024/1547,Kalpit Kala,Primary Suspect
KAR/BEN/2024/0025,Radhika Kaur,Accomplice
KAR/BEN/2024/1345,Aditya Guha,Accomplice
KAR/BEN/2024/2477,Victor Chauhan,Co-conspirator
KAR/BAL/2024/1092,Alexander Mahal,Primary Suspect
KAR/BID/2024/0931,Jairaj Sethi,Accomplice
KAR/BAL/2024/1664,Watika Palla,Accomplice
KAR/KOP/2024/1923,Chandran Nayak,Co-conspirator
KAR/BEN/2024/0102,Dalbir Kapadia,Co-conspirator
KAR/MYS/2024/1119,Nachiket Dasgupta,Co-conspirator
KAR/BEN/2024/1716,Baghyawati Dayal,Accomplice
KAR/SHI/2024/0803,Amrita Mukherjee,Co-conspirator
KAR/MAN/2024/1671,Ekapad Behl,Co-conspirator
KAR/RAI/2024/1629,Mason Baral,Accomplice
KAR/BEN/2024/2415,Nathaniel Das,Accomplice
KAR/BEN/2024/0593,Bachittar Wali,Accomplice
KAR/BEN/2024/1795,Rushil Borde,Accomplice
KAR/KOL/2024/0070,Manthan Sibal,Primary Suspect
KAR/RAI/2024/0195,Zehaan Wagle,Primary Suspect
KAR/BEN/2024/1587,Baljiwan Iyengar,Co-conspirator
KAR/RAI/2024/1686,Yuvraj Subramanian,Primary Suspect
KAR/RAI/2024/2404,Dakshesh Walla,Co-conspirator
KAR/KAL/2024/0751,Omkaar Madan,Primary Suspect
KAR/BAL/2024/0905,Samarth Peri,Primary Suspect
KAR/BEN/2024/1241,Omisha Chahal,Co-conspirator
KAR/BAL/2024/2322,Balendra D’Alia,Accomplice
KAR/BEN/2024/0748,Yatan Hari,Accomplice
KAR/BEN/2024/1575,Chatresh Rastogi,Accomplice
KAR/VIJ/2024/2199,Sai Bali,Primary Suspect
KAR/RAI/2024/0515,Banjeet Badal,Accomplice
KAR/HUB/2024/0768,Victor Baral,Accomplice
KAR/BEN/2024/1311,Meghana Khalsa,Primary Suspect
KAR/BEN/2024/1358,Charan Suri,Primary Suspect
KAR/MAN/2024/2170,Charan Master,Primary Suspect
KAR/BEN/2024/1055,Samuel Khare,Accomplice
KAR/UDU/2024/2387,Azad Bala,Primary Suspect
KAR/VIJ/2024/0392,Ekbal Warrior,Co-conspirator
KAR/BEL/2024/2069,Ethan Bhardwaj,Accomplice
KAR/CHI/2024/1062,Harrison Baral,Co-conspirator
KAR/BEL/2024/1478,Rachit Keer,Co-conspirator
KAR/KAL/2024/1194,Kalpit Talwar,Accomplice
KAR/BAL/2024/0632,Jairaj Warrior,Co-conspirator
KAR/HUB/2024/1468,Odika Borah,Primary Suspect
KAR/RAI/2024/1454,Vihaan Date,Accomplice
KAR/KOL/2024/2418,Geetika Saraf,Co-conspirator
KAR/BEN/2024/1604,Samaksh Kala,Accomplice
KAR/KAL/2024/1617,Jeet Bajwa,Accomplice
KAR/BEN/2024/0320,Onkar Mody,Co-conspirator
KAR/MAN/2024/1719,Pooja Sachar,Accomplice
KAR/KAL/2024/2074,Dhruv Sane,Accomplice
KAR/VIJ/2024/2199,Banjeet Badal,Accomplice
KAR/BEN/2024/0504,Abhiram Minhas,Co-conspirator
KAR/HAS/2024/1625,Ekapad Borde,Primary Suspect
KAR/BEN/2024/2296,Ekbal Gopal,Accomplice
KAR/KAL/2024/2074,Onveer Bhatnagar,Co-conspirator
KAR/BEN/2024/2449,Rudra Tank,Primary Suspect
KAR/BEN/2024/2251,Shivani Sastry,Co-conspirator
KAR/BAL/2024/0196,Matthew Prasad,Co-conspirator
KAR/MYS/2024/1288,Lohit Nanda,Primary Suspect
KAR/CHI/2024/0851,Ekbal Agarwal,Co-conspirator
KAR/HAS/2024/2285,Gopal Sarin,Accomplice
KAR/VIJ/2024/0824,Liam Sur,Co-conspirator
KAR/MAN/2024/0601,Widisha Tara,Accomplice
KAR/KAL/2024/2091,Warjas Mitra,Primary Suspect
KAR/MYS/2024/0859,Anmol Ganguly,Accomplice
KAR/BEN/2024/2113,Yatin Lalla,Primary Suspect
KAR/HAS/2024/1089,Hitesh Narain,Primary Suspect
KAR/BEN/2024/2139,Omkaar Guha,Co-conspirator
KAR/HUB/2024/2072,Chatresh Rastogi,Accomplice
KAR/BEN/2024/1978,Raksha Chowdhury,Co-conspirator
KAR/BEN/2024/1978,Champak Ramanathan,Accomplice
KAR/BID/2024/1765,Vedant Ravi,Accomplice
KAR/BEN/2024/0010,Chandani Parmer,Accomplice
KAR/BEN/2024/1181,Warinder Kalita,Co-conspirator
KAR/KAL/2024/0751,Jai Radhakrishnan,Accomplice
KAR/BEN/2024/0544,Rajeshri Bhalla,Primary Suspect
KAR/BEN/2024/0683,Hredhaan Mammen,Co-conspirator
KAR/VIJ/2024/1446,Henry Gala,Accomplice
KAR/BEN/2024/2169,Thomas Bhatt,Accomplice
KAR/BEL/2024/1142,Yatan Pillay,Accomplice
KAR/TUM/2024/2026,Michael Chadha,Co-conspirator
KAR/BAL/2024/2334,Rajata Mohanty,Accomplice
KAR/TUM/2024/0532,Krishna Lata,Primary Suspect
KAR/BEN/2024/0741,Daniel Swamy,Co-conspirator
KAR/BID/2024/1211,Dipta Tiwari,Co-conspirator
KAR/MAN/2024/1259,Onveer Singh,Primary Suspect
KAR/BEN/2024/0102,Gayathri Minhas,Co-conspirator
KAR/BEN/2024/1241,Ronith Raval,Primary Suspect
KAR/UDU/2024/0429,Maanas Chauhan,Primary Suspect
KAR/MAN/2024/0568,Aditya Guha,Co-conspirator
KAR/BEN/2024/0028,Aadi Bal,Co-conspirator
KAR/KAL/2024/1835,Siddharth Varty,Co-conspirator
KAR/UDU/2024/0017,Nathan Kunda,Primary Suspect
KAR/BEN/2024/1291,Baljiwan Sarma,Accomplice
KAR/SHI/2024/1276,Amara Chakrabarti,Accomplice
KAR/VIJ/2024/2016,Samuel Bhattacharyya,Accomplice
KAR/BEN/2024/0263,Lajita Jayaraman,Co-conspirator
KAR/MYS/2024/0826,Ekavir Munshi,Co-conspirator
KAR/SHI/2024/0316,Rohan Kulkarni,Primary Suspect
KAR/KAL/2024/2221,Yug Krishna,Accomplice
KAR/BID/2024/0085,Timothy Chada,Co-conspirator
KAR/MAN/2024/1236,Chanakya Nanda,Primary Suspect
KAR/KOP/2024/0199,Brijesh Chakraborty,Accomplice
KAR/MAN/2024/1114,Pallavi Rajagopalan,Co-conspirator
KAR/SHI/2024/0211,Dalbir Kapadia,Primary Suspect
KAR/BEN/2024/1688,Peter Char,Co-conspirator
KAR/UDU/2024/1391,Fiyaz Wali,Primary Suspect
KAR/BEN/2024/1272,Vedika Thaker,Accomplice
KAR/BEN/2024/1386,Chatura Sankar,Primary Suspect
KAR/BEL/2024/2497,Rayaan Sunder,Primary Suspect
KAR/CHI/2024/0077,Gavin Wali,Primary Suspect
KAR/HUB/2024/1039,Hemang Dani,Accomplice
KAR/CHI/2024/2325,Brijesh Chakraborty,Primary Suspect
KAR/BEN/2024/0572,Bhavini Dhingra,Primary Suspect
KAR/BEN/2024/0300,Faqid Kara,Co-conspirator
KAR/BAL/2024/0905,Jairaj Pillai,Co-conspirator
KAR/HUB/2024/1234,Bahadurjit Raja,Accomplice
KAR/CHI/2024/0031,Qarin Dube,Primary Suspect
KAR/HAS/2024/2274,Chakradev Khatri,Co-conspirator
KAR/HUB/2024/0839,Shivansh Char,Co-conspirator
KAR/VIJ/2024/1546,Gaurangi Mital,Primary Suspect
KAR/BEN/2024/0988,Hardik Sarna,Accomplice
KAR/BAL/2024/1092,Triya Mutti,Co-conspirator
KAR/KAL/2024/2153,Bhavna Sami,Primary Suspect
KAR/SHI/2024/0560,Akshay Chander,Primary Suspect
KAR/KOL/2024/1624,Mitali Thaman,Primary Suspect
KAR/KOP/2024/1642,Widisha Tara,Primary Suspect
KAR/MAN/2024/1166,Darpan Rai,Co-conspirator
KAR/BEN/2024/1362,Isaac Lad,Accomplice
KAR/BEN/2024/0884,Sarthak Chaudhari,Accomplice
KAR/SHI/2024/1306,Ati Pai,Co-conspirator
KAR/HUB/2024/1627,Chatura Merchant,Primary Suspect
KAR/SHI/2024/0962,Anirudh Panchal,Co-conspirator
KAR/BEN/2024/0614,Agastya Lala,Accomplice
KAR/MYS/2024/0036,Bakhshi Sahni,Co-conspirator
KAR/KOP/2024/0199,Yash Bir,Co-conspirator
KAR/RAI/2024/0117,Jack Dass,Primary Suspect
KAR/RAI/2024/1831,Isaac Krish,Accomplice
KAR/BEN/2024/2071,Mitesh Parmer,Accomplice
KAR/BEN/2024/1332,Yug Krishna,Primary Suspect
KAR/TUM/2024/0011,Liam Bhatnagar,Primary Suspect
KAR/BEL/2024/0121,Eshana Gandhi,Primary Suspect
KAR/MAN/2024/0190,Logan Pau,Co-conspirator
KAR/RAI/2024/1520,Naksh Mitra,Co-conspirator
KAR/BID/2024/1041,Samuel Varty,Co-conspirator
KAR/DAV/2024/1193,Fariq Hegde,Co-conspirator
KAR/KOL/2024/0067,Mason Iyengar,Primary Suspect
KAR/HUB/2024/2455,Orinder Oak,Primary Suspect
KAR/MYS/2024/2323,Neelima Aggarwal,Accomplice
KAR/BEN/2024/1486,Ethan Karnik,Accomplice
KAR/BEN/2024/0338,Anya Kapoor,Co-conspirator
KAR/KAL/2024/1359,Krish Kalita,Primary Suspect
KAR/BID/2024/1523,Hitesh Karpe,Accomplice
KAR/RAI/2024/2494,Rudra Anne,Accomplice
KAR/KAL/2024/1258,Balveer Doctor,Primary Suspect
KAR/BEN/2024/1717,Gaurang Chaudhry,Primary Suspect
KAR/BEN/2024/0527,Ganga Zachariah,Primary Suspect
KAR/MAN/2024/1839,Nihal Palla,Accomplice
KAR/UDU/2024/1391,Caleb Dani,Co-conspirator
KAR/BEN/2024/2393,Theodore Magar,Primary Suspect
KAR/BEN/2024/1177,Udant Srinivas,Primary Suspect
KAR/BEN/2024/1563,Tejas Deshmukh,Co-conspirator
KAR/UDU/2024/0536,Gautami Mallick,Co-conspirator
KAR/BAL/2024/0487,Hiral Madan,Accomplice
KAR/MYS/2024/1426,Daksh Patil,Co-conspirator
KAR/MYS/2024/0453,Liam Parmar,Accomplice
KAR/BEN/2024/2430,Ekapad Borde,Primary Suspect
KAR/UDU/2024/2387,Samesh Tank,Accomplice
KAR/VIJ/2024/0314,Krisha Kannan,Co-conspirator
KAR/BEN/2024/1967,Victor Baral,Primary Suspect
KAR/RAI/2024/1759,Shaurya Warrior,Accomplice
KAR/MAN/2024/1566,Vincent Dhaliwal,Primary Suspect
KAR/TUM/2024/2302,Quincy Dubey,Co-conspirator
KAR/BEL/2024/0598,Madhav Contractor,Co-conspirator
KAR/BEN/2024/0128,Girik Khare,Co-conspirator
KAR/KOL/2024/0166,Wahab Kannan,Accomplice
KAR/BEN/2024/0026,Ishaan Ray,Accomplice
KAR/BEL/2024/2148,Qarin Thakur,Accomplice
KAR/BEN/2024/0897,Rajeshri Peri,Primary Suspect
KAR/SHI/2024/0316,Balveer Misra,Co-conspirator
KAR/BEN/2024/1863,Girik Gokhale,Primary Suspect
KAR/RAI/2024/0470,Harsh Kannan,Primary Suspect
KAR/KOL/2024/0573,Sathvik Ganesan,Co-conspirator
KAR/DAV/2024/1877,Madhav Hayre,Co-conspirator
KAR/SHI/2024/0962,Vyanjana Bhargava,Primary Suspect
KAR/BEN/2024/1402,Vaishnavi Bedi,Primary Suspect
KAR/DAV/2024/2317,Lohit Chahal,Primary Suspect
KAR/VIJ/2024/0220,Forum Bawa,Accomplice
KAR/KAL/2024/0818,Sarthak Parekh,Primary Suspect
KAR/UDU/2024/1515,George Bhandari,Primary Suspect
KAR/KOP/2024/1749,Faraj Solanki,Accomplice
KAR/HAS/2024/0914,Aayush Guha,Co-conspirator
KAR/BEN/2024/2314,Qarin Banik,Accomplice
KAR/DAV/2024/1407,Amrita Loyal,Accomplice
KAR/UDU/2024/0648,Abhimanyu Contractor,Co-conspirator
KAR/KOL/2024/0713,Ayaan Ganguly,Primary Suspect
KAR/MAN/2024/0455,Kashvi Mallick,Accomplice
KAR/BAL/2024/1926,Chatresh Dugar,Accomplice
KAR/BEN/2024/1218,Advika Agrawal,Co-conspirator
KAR/MAN/2024/0048,Meera Koshy,Accomplice
KAR/BEN/2024/0160,Sudiksha Ghose,Accomplice
KAR/VIJ/2024/1693,Zashil Dayal,Co-conspirator
KAR/TUM/2024/1673,Gaurav Raju,Accomplice
KAR/UDU/2024/1519,Rudra Dasgupta,Co-conspirator
KAR/BEN/2024/0562,Girik Date,Primary Suspect
KAR/BEL/2024/2190,Faraj Minhas,Co-conspirator
KAR/BEL/2024/1837,Eta Dada,Accomplice
KAR/VIJ/2024/0021,Vihaan Aggarwal,Accomplice
KAR/MYS/2024/0092,Janaki Sankaran,Co-conspirator
KAR/BEN/2024/1218,Rehaan Brar,Accomplice
KAR/MAN/2024/1980,Sudiksha Rastogi,Co-conspirator
KAR/BAL/2024/2280,Yuvraj Dixit,Co-conspirator
KAR/VIJ/2024/1355,Imaran Sane,Primary Suspect
KAR/UDU/2024/2196,Gayathri Rege,Co-conspirator
KAR/BEL/2024/0524,Manbir Varkey,Co-conspirator
KAR/HAS/2024/0978,Charan Suri,Accomplice
KAR/BEL/2024/1295,Farhan Walla,Primary Suspect
KAR/BEN/2024/2296,Balendra Warrior,Primary Suspect
KAR/BEN/2024/1871,Faqid Kanda,Primary Suspect
KAR/KOP/2024/1923,Om Arya,Accomplice
KAR/HUB/2024/0402,Falan Mutti,Co-conspirator
KAR/BEN/2024/1782,Ekapad Choudhury,Accomplice
KAR/BEN/2024/1165,Jairaj Chaudry,Co-conspirator
KAR/RAI/2024/0056,Parth Jhaveri,Accomplice
KAR/UDU/2024/0536,Hemangini Kant,Co-conspirator
KAR/BEN/2024/0607,Warjas Yohannan,Primary Suspect
KAR/RAI/2024/2398,Jeremiah Grewal,Co-conspirator
KAR/CHI/2024/1240,Nathaniel Shroff,Accomplice
KAR/BEN/2024/0975,Rehaan Char,Primary Suspect
KAR/BID/2024/1523,Omkaar Nagar,Accomplice
KAR/MYS/2024/0479,Ethan Ghosh,Accomplice
KAR/KOL/2024/0043,Madhav Contractor,Accomplice
KAR/VIJ/2024/0049,Harrison Kota,Co-conspirator
KAR/MAN/2024/1645,Reyansh Chanda,Primary Suspect
KAR/BEN/2024/0041,Onveer Bhatnagar,Accomplice
KAR/KAL/2024/0413,Urishilla Nagarajan,Co-conspirator
KAR/KAL/2024/1541,Mason Sharma,Co-conspirator
KAR/DAV/2024/1086,Ekiya Bala,Primary Suspect
KAR/BID/2024/2278,Pranit Deshpande,Co-conspirator
KAR/RAI/2024/0332,Om Roy,Co-conspirator
KAR/BID/2024/1428,Parth Thaman,Co-conspirator
KAR/KOL/2024/0473,Ekansh Dutta,Accomplice
KAR/BAL/2024/1869,Chanakya Gola,Primary Suspect
KAR/RAI/2024/2367,Aarush Wable,Co-conspirator
KAR/BEN/2024/1131,Rushil Virk,Co-conspirator
KAR/KAL/2024/2115,Ayushman Sankar,Accomplice
KAR/HAS/2024/1646,Vansha Sarraf,Accomplice
KAR/SHI/2024/0003,Vivaan Gala,Co-conspirator
KAR/BEN/2024/0736,Jatin Bumb,Primary Suspect
KAR/HUB/2024/0563,Ekapad Behl,Co-conspirator
KAR/UDU/2024/1867,Vasatika Iyer,Co-conspirator
KAR/CHI/2024/2061,Wridesh Narasimhan,Co-conspirator
KAR/BEN/2024/0104,Forum Chauhan,Accomplice
KAR/MAN/2024/1225,Daksha Nayak,Primary Suspect
KAR/UDU/2024/1185,Ekapad Gole,Primary Suspect
KAR/BEN/2024/2071,Januja Joshi,Accomplice
KAR/BEN/2024/0957,Shivansh Samra,Primary Suspect
KAR/TUM/2024/0971,Akshay Raghavan,Primary Suspect
KAR/MAN/2024/2313,Azaan Ganesh,Co-conspirator
KAR/MAN/2024/0397,Manan Sha,Accomplice
KAR/TUM/2024/2177,Arjun Goswami,Co-conspirator
KAR/MYS/2024/2361,Ekaraj Savant,Co-conspirator
KAR/BEN/2024/2191,Sanaya Agarwal,Co-conspirator
KAR/CHI/2024/0061,Eiravati Bala,Co-conspirator
KAR/BEN/2024/1128,Vyanjana Kunda,Accomplice
KAR/VIJ/2024/1460,Chatresh Kota,Co-conspirator
KAR/TUM/2024/2417,Michael Chadha,Co-conspirator
KAR/MAN/2024/0157,Daksh Sachdeva,Primary Suspect
KAR/BEN/2024/1620,Yadavi Brar,Primary Suspect
KAR/KAL/2024/1330,Gautami Dixit,Accomplice
KAR/MYS/2024/2383,Chandran Krishnamurthy,Co-conspirator
KAR/BEN/2024/1129,Vritti Kadakia,Co-conspirator
KAR/BEN/2024/1136,Yatin Biswas,Co-conspirator
KAR/BEN/2024/1085,Wyatt Sani,Primary Suspect
KAR/BEN/2024/1335,Jagdish Hegde,Co-conspirator
KAR/KOL/2024/0033,Imaran Aggarwal,Co-conspirator
KAR/BEN/2024/0054,Prisha Khatri,Co-conspirator
KAR/KOL/2024/1030,Yahvi Tara,Primary Suspect
KAR/BAL/2024/1042,Ojas Kohli,Accomplice
KAR/BEN/2024/2140,Abeer Bakshi,Co-conspirator
KAR/HUB/2024/2072,Chandresh Modi,Primary Suspect
KAR/BEN/2024/0185,Daniel Nayar,Primary Suspect
KAR/MYS/2024/0340,Netra Minhas,Primary Suspect
KAR/BEN/2024/0793,Ayush Narula,Accomplice
KAR/BEN/2024/0777,Yadavi Rama,Co-conspirator
KAR/HUB/2024/1603,Frederick Trivedi,Co-conspirator
KAR/RAI/2024/1315,Ishaan Balay,Co-conspirator
KAR/HUB/2024/0563,Oscar Kapur,Co-conspirator
KAR/BEN/2024/1656,Leela Padmanabhan,Co-conspirator
KAR/BEN/2024/0015,Imaran Rout,Primary Suspect
KAR/KOP/2024/0658,Vedant Ahuja,Co-conspirator
KAR/BEN/2024/0498,Manbir Dutta,Accomplice
KAR/BEN/2024/0338,Simon Chakrabarti,Primary Suspect
KAR/BAL/2024/1248,Ekapad Behl,Accomplice
KAR/SHI/2024/0865,Vidhi Gaba,Co-conspirator
KAR/MAN/2024/1260,Wyatt Parmar,Co-conspirator
KAR/VIJ/2024/0274,Nitesh Andra,Co-conspirator
KAR/BEN/2024/2435,Balendra Nagy,Primary Suspect
KAR/BEN/2024/2071,Yuvraj Kanda,Accomplice
KAR/BAL/2024/1590,Reva Vasa,Co-conspirator
KAR/BEN/2024/1250,Aarnav Manne,Accomplice
KAR/BEN/2024/1697,Aadi Ganesh,Primary Suspect
KAR/BEN/2024/2337,Harinakshi Srinivas,Co-conspirator
KAR/BEN/2024/2261,Chasmum Kamdar,Co-conspirator
KAR/MYS/2024/2076,Jackson Bhatia,Co-conspirator
KAR/BEN/2024/0748,Patrick Kara,Co-conspirator
KAR/BEN/2024/2286,Shaurya Luthra,Primary Suspect
KAR/VIJ/2024/0554,Mason Iyengar,Accomplice
KAR/BEN/2024/0498,Aarush Patil,Accomplice
KAR/BEN/2024/1593,Libni Bhardwaj,Primary Suspect
KAR/BEN/2024/1486,Dhruv Sane,Primary Suspect
KAR/BEN/2024/0944,Kabir Lall,Co-conspirator
KAR/RAI/2024/0117,Mohini Vaidya,Accomplice
KAR/MYS/2024/0939,Harshil Kuruvilla,Co-conspirator
KAR/BEN/2024/1782,Vihaan Ravi,Accomplice
KAR/BEN/2024/1510,Rushil Nayar,Primary Suspect
KAR/SHI/2024/1639,Chanakya Nanda,Co-conspirator
KAR/BEN/2024/1270,Falan Rau,Accomplice
KAR/KAL/2024/2318,Isha Dara,Co-conspirator
KAR/HUB/2024/0853,Wyatt Parmar,Accomplice
KAR/BEN/2024/1681,Adya Bose,Accomplice
KAR/MAN/2024/1986,Teerth Saran,Co-conspirator
KAR/BID/2024/2278,Ekbal Kulkarni,Primary Suspect
KAR/VIJ/2024/1010,Xavier Dalal,Co-conspirator
KAR/BID/2024/0329,Lucky Lall,Primary Suspect
KAR/RAI/2024/1772,Victor Wason,Primary Suspect
KAR/BEN/2024/1302,Robert Lanka,Co-conspirator
KAR/BEN/2024/2075,Chandresh Kala,Primary Suspect
KAR/MAN/2024/2470,Yuvraj Subramanian,Accomplice
KAR/KOL/2024/1584,Hritik Tiwari,Primary Suspect
KAR/TUM/2024/0234,Rushil Bose,Co-conspirator
KAR/BID/2024/1936,Ekbal Merchant,Accomplice
KAR/BID/2024/2012,Laksh Sengupta,Co-conspirator
KAR/MAN/2024/0875,Jairaj Borde,Primary Suspect
KAR/BEN/2024/0319,Nitesh Andra,Accomplice
KAR/BEN/2024/2191,Zayan Prashad,Co-conspirator
KAR/KOP/2024/2100,Wriddhish Mittal,Co-conspirator
KAR/BEN/2024/0426,Chatura Kota,Co-conspirator
KAR/KAL/2024/0064,Nitesh Venkataraman,Co-conspirator
KAR/MAN/2024/2395,Ayaan Karan,Co-conspirator
KAR/BEN/2024/1469,Jagrati Kulkarni,Primary Suspect
KAR/BEL/2024/1913,Gagan Tara,Accomplice
KAR/BEN/2024/2054,Rachit Bandi,Primary Suspect
KAR/UDU/2024/1351,Xavier Subramanian,Primary Suspect
KAR/BEN/2024/1186,Ryan Deo,Accomplice
KAR/BID/2024/1041,Isha Tandon,Primary Suspect
KAR/BEN/2024/2051,Abdul Tara,Accomplice
KAR/BEL/2024/0585,Karan Patil,Co-conspirator
KAR/CHI/2024/2208,Vincent Nair,Co-conspirator
KAR/BEN/2024/1670,Vincent Gole,Primary Suspect
KAR/BID/2024/2278,Yuvraj Dixit,Co-conspirator
KAR/BEN/2024/0438,Zayyan Bora,Accomplice
KAR/HUB/2024/0940,Joshua Karan,Accomplice
KAR/SHI/2024/2373,Vincent Dhaliwal,Co-conspirator
KAR/TUM/2024/2165,Rishi Rege,Primary Suspect
KAR/CHI/2024/1031,Vansha Dhingra,Accomplice
KAR/BEN/2024/0575,Vyanjana Kunda,Accomplice
KAR/BEN/2024/1116,Agastya Ratti,Primary Suspect
KAR/KAL/2024/1835,Jalsa Lad,Primary Suspect
KAR/BEN/2024/0101,Deepa Manda,Primary Suspect
KAR/SHI/2024/0239,Fitan Kade,Accomplice
KAR/TUM/2024/0564,Advaith Sibal,Accomplice
KAR/BAL/2024/0242,Ekbal Behl,Primary Suspect
KAR/RAI/2024/0915,Abdul Nair,Accomplice
KAR/VIJ/2024/0220,Tanay Merchant,Primary Suspect
KAR/HAS/2024/1746,Nathaniel Das,Accomplice
KAR/TUM/2024/0161,Ekbal Agarwal,Primary Suspect
KAR/BEN/2024/0844,Amol Baria,Primary Suspect
KAR/BEN/2024/2311,Zilmil Garde,Accomplice
KAR/BID/2024/0941,Bhavini Dhingra,Co-conspirator
KAR/SHI/2024/0499,Karan Gopal,Co-conspirator
KAR/KAL/2024/2352,Arjun Gara,Accomplice
KAR/BEN/2024/1294,Forum Nayar,Primary Suspect
KAR/MYS/2024/0513,Krisha Karan,Co-conspirator
KAR/BEN/2024/0722,Vanya Madan,Co-conspirator
KAR/HUB/2024/0940,Rushil Virk,Primary Suspect
KAR/BEN/2024/2314,Forum Nayar,Accomplice
KAR/CHI/2024/1643,Viraj Samra,Accomplice
KAR/BEN/2024/1517,Nitara Savant,Co-conspirator
KAR/BEN/2024/1507,Zansi Suresh,Accomplice
KAR/BEN/2024/1349,Naksh Mitra,Primary Suspect
KAR/MAN/2024/0983,Pranav Amble,Accomplice
KAR/BEL/2024/1477,Manan Jani,Accomplice
KAR/KAL/2024/0064,Agastya Krishnan,Co-conspirator
KAR/BAL/2024/1770,William Parikh,Accomplice
KAR/BEN/2024/1122,Azaan Sule,Primary Suspect
KAR/BID/2024/0110,Ojasvi Bhatti,Accomplice
KAR/BEN/2024/0366,Max Modi,Co-conspirator
KAR/KAL/2024/1920,Ojas Dave,Co-conspirator
KAR/HAS/2024/1852,Ikbal Mohanty,Co-conspirator
KAR/BEN/2024/0930,Mohammed Ray,Co-conspirator
KAR/KOL/2024/1584,Dhriti Randhawa,Accomplice
KAR/BEN/2024/0722,Falan Rau,Accomplice
KAR/MYS/2024/0872,Fitan Basak,Primary Suspect
KAR/DAV/2024/2111,Mohammed Biswas,Accomplice
KAR/BEN/2024/0699,Banjeet Bal,Accomplice
KAR/BEN/2024/2363,Zashil Swamy,Co-conspirator
KAR/TUM/2024/0011,Ethan Karnik,Co-conspirator
KAR/BEN/2024/1992,Mason Tara,Co-conspirator
KAR/BEN/2024/1818,Ryan Deo,Co-conspirator
KAR/BEN/2024/1811,Wriddhish Prasad,Accomplice
KAR/HUB/2024/2488,Wahab Mangal,Co-conspirator
KAR/BEN/2024/1663,Ansh Bali,Primary Suspect
KAR/MYS/2024/0215,Arya Grover,Primary Suspect
KAR/BEN/2024/0716,Baljiwan Tailor,Co-conspirator
KAR/MAN/2024/1066,Samarth Sachar,Primary Suspect
KAR/VIJ/2024/0441,Nilima Mahal,Co-conspirator
KAR/BEN/2024/0699,Jagrati Murthy,Primary Suspect
KAR/BID/2024/1080,Guneet Oza,Accomplice
KAR/RAI/2024/1959,Shivansh Dubey,Primary Suspect
KAR/SHI/2024/1787,Gaurav Comar,Primary Suspect
KAR/BEN/2024/0847,Amol Guha,Primary Suspect
KAR/BEN/2024/0102,Agastya Kashyap,Co-conspirator
KAR/BEN/2024/1218,Chatresh Mand,Accomplice
KAR/BEN/2024/0949,Tristan Handa,Accomplice
KAR/BAL/2024/1229,Warjas Mitra,Accomplice
KAR/RAI/2024/2494,Devika Srivastava,Primary Suspect
KAR/KOP/2024/1168,Ekbal Sem,Accomplice
KAR/SHI/2024/0865,Nidhi Goel,Primary Suspect
KAR/MYS/2024/0080,Shivansh Kala,Accomplice
KAR/RAI/2024/0674,Warjas Narasimhan,Primary Suspect
KAR/BAL/2024/2403,Bahadurjit Padmanabhan,Accomplice
KAR/HAS/2024/2483,Jagvi Misra,Primary Suspect
KAR/BEN/2024/2479,Yatin Amble,Accomplice
KAR/BEN/2024/0793,Vritti Handa,Co-conspirator
KAR/BEN/2024/1361,Aarnav Manne,Primary Suspect
KAR/HAS/2024/2345,Laksh Choudhry,Accomplice
KAR/BEN/2024/1807,Mahika Bhagat,Primary Suspect
KAR/BEN/2024/1738,Mugdha Lall,Primary Suspect
KAR/MYS/2024/2476,Advik Menon,Primary Suspect
KAR/BEN/2024/1802,Ayush Swamy,Primary Suspect
KAR/BEN/2024/1892,Anirudh Singh,Co-conspirator
KAR/BEN/2024/2401,Ronith Raval,Primary Suspect
KAR/BEN/2024/0177,Jhalak Goswami,Accomplice
KAR/MAN/2024/1009,Jairaj Sethi,Co-conspirator
KAR/MAN/2024/2238,Hemangini Amble,Accomplice
KAR/BAL/2024/2130,George Ravel,Accomplice
KAR/RAI/2024/1858,Sai Balay,Accomplice
KAR/BID/2024/0964,Arin Thaman,Co-conspirator
KAR/RAI/2024/0231,Zehaan Raja,Accomplice
KAR/BEN/2024/0790,Imaran Thakkar,Primary Suspect
KAR/BEN/2024/0197,Isaac Pillai,Accomplice
KAR/BEN/2024/0014,Ethan Karnik,Co-conspirator
KAR/RAI/2024/0571,Bhavna Rai,Co-conspirator
KAR/CHI/2024/1262,Upadhriti Ramaswamy,Co-conspirator
KAR/BEN/2024/1998,Ekapad Hegde,Accomplice
KAR/HAS/2024/0676,Azaan Date,Primary Suspect
KAR/BEN/2024/2477,Girik Raman,Primary Suspect
KAR/BEN/2024/1444,Manthan Palla,Primary Suspect
KAR/HAS/2024/0819,Lakshit Dayal,Co-conspirator
KAR/BEN/2024/0722,Jeet Dutt,Co-conspirator
KAR/BID/2024/2453,Ekbal Sem,Primary Suspect
KAR/KOL/2024/1308,Daksh Sachdeva,Accomplice
KAR/BEN/2024/0454,Raghav Deshpande,Primary Suspect
KAR/KAL/2024/0295,Ishwar Chopra,Accomplice
KAR/HAS/2024/0895,Nakul Kashyap,Primary Suspect
KAR/BID/2024/1321,Krish Date,Accomplice
KAR/BEN/2024/0562,Harshil Shukla,Primary Suspect
KAR/BEN/2024/1323,Azad Issac,Co-conspirator
KAR/BEN/2024/0711,Balveer Basu,Accomplice
KAR/MYS/2024/0703,Champak Ramanathan,Accomplice
KAR/BID/2024/0457,Vidhi Hari,Co-conspirator
KAR/TUM/2024/0680,Chakradev Vora,Primary Suspect
KAR/DAV/2024/2288,Thomas Minhas,Primary Suspect
KAR/KAL/2024/1012,Oni Agate,Co-conspirator
KAR/BEN/2024/1272,Ayaan Sarma,Accomplice
KAR/SHI/2024/0499,Nidhi Mann,Co-conspirator
KAR/BEN/2024/0240,Manthan Rajagopal,Primary Suspect
KAR/HAS/2024/1508,Rayaan Bhargava,Co-conspirator
KAR/BEN/2024/0822,Kabir Yogi,Accomplice
KAR/BEN/2024/0769,Hritik Thaman,Co-conspirator
KAR/MAN/2024/0006,Falan Kalita,Accomplice
KAR/RAI/2024/1985,Rohan Dixit,Co-conspirator
KAR/BAL/2024/1917,Siddharth Varty,Primary Suspect
KAR/BEN/2024/1131,Max Mital,Primary Suspect
KAR/MYS/2024/2129,Zaid Mann,Co-conspirator
KAR/BEN/2024/1712,Hitesh Vyas,Co-conspirator
KAR/BEN/2024/2040,Tanay Bhatia,Accomplice
KAR/BEN/2024/2421,Hitesh Vyas,Accomplice
KAR/TUM/2024/0788,Ranveer Wadhwa,Accomplice
KAR/MYS/2024/2323,Idika Lalla,Primary Suspect
KAR/RAI/2024/2122,Oscar Lall,Accomplice
KAR/BEN/2024/0637,Brinda More,Co-conspirator
KAR/BEN/2024/1124,Sachi Rajagopalan,Primary Suspect
KAR/TUM/2024/1023,Chakradev Khatri,Co-conspirator
KAR/MYS/2024/2129,Naksh Mitra,Primary Suspect
KAR/SHI/2024/0044,Vasana De,Primary Suspect
KAR/HAS/2024/2274,Triya Bajwa,Primary Suspect
KAR/HAS/2024/2450,Chakradhar Bandi,Accomplice
KAR/SHI/2024/1171,Gavin Wali,Accomplice
KAR/UDU/2024/2196,Neel Sheth,Primary Suspect
KAR/BEN/2024/2363,Daksh Agrawal,Primary Suspect
KAR/BAL/2024/1860,Pratyush Sarna,Accomplice
KAR/BEN/2024/1456,Finn Srinivas,Accomplice
KAR/BAL/2024/1860,Jairaj Nagar,Accomplice
KAR/HAS/2024/1470,Samesh Tank,Co-conspirator
KAR/KOL/2024/0427,Maanav Bhalla,Primary Suspect
KAR/SHI/2024/0211,Samuel Kuruvilla,Co-conspirator
KAR/SHI/2024/2025,Zayan Sha,Accomplice
KAR/KOL/2024/2396,Maanas Lata,Accomplice
KAR/RAI/2024/1520,Zashil Dayal,Primary Suspect
KAR/BEN/2024/0930,Kiaan Edwin,Accomplice
KAR/RAI/2024/2034,Manthan Palan,Accomplice
KAR/TUM/2024/1573,Maanav Mukherjee,Primary Suspect
KAR/BEN/2024/0975,Yatin Sidhu,Primary Suspect
KAR/BEN/2024/1612,Pranav Khurana,Primary Suspect
KAR/BEL/2024/1443,Guneet Kakar,Co-conspirator
KAR/BEN/2024/1871,Om Majumdar,Co-conspirator
KAR/MAN/2024/0153,Theodore Lal,Co-conspirator
KAR/BEN/2024/1272,Frederick Cheema,Accomplice
KAR/BEN/2024/0961,Chandresh Sekhon,Primary Suspect
KAR/BEN/2024/1131,Agastya Zachariah,Co-conspirator
KAR/BEN/2024/1173,Aditya Guha,Primary Suspect
KAR/KAL/2024/1330,Neelima Aggarwal,Accomplice
KAR/CHI/2024/0628,Victor Sarna,Primary Suspect
KAR/BEN/2024/0010,Chaitaly Mitter,Accomplice
KAR/RAI/2024/1959,Laban Bhatia,Accomplice
KAR/VIJ/2024/0289,Jagvi Sachdev,Primary Suspect
KAR/BEN/2024/1239,Saksham Dutt,Primary Suspect
KAR/RAI/2024/1781,Wyatt Mutti,Co-conspirator
KAR/TUM/2024/2026,Qarin Nayar,Co-conspirator
KAR/BEN/2024/0795,Janani Bassi,Primary Suspect
KAR/BEN/2024/1621,Damini Deep,Primary Suspect
KAR/SHI/2024/0584,Veer Varughese,Co-conspirator
KAR/BAL/2024/2079,Naveen Salvi,Primary Suspect
KAR/VIJ/2024/2315,Ayushman Roy,Primary Suspect
KAR/KAL/2024/0727,Zayan Balay,Primary Suspect
KAR/BAL/2024/2130,Laban Iyengar,Primary Suspect
KAR/BID/2024/2425,Vedant Raghavan,Co-conspirator
KAR/SHI/2024/2289,Ranveer Parmer,Accomplice
KAR/CHI/2024/1158,Michael Chadha,Co-conspirator
KAR/BEN/2024/2147,Fiyaz Soman,Primary Suspect
KAR/BEN/2024/0140,Aarna Som,Accomplice
KAR/BEN/2024/0829,Ekalinga Dar,Accomplice
KAR/BAL/2024/0286,Praneel Kale,Accomplice
KAR/BEN/2024/1842,Advik Menon,Co-conspirator
KAR/VIJ/2024/2457,Maanas Varughese,Co-conspirator
KAR/RAI/2024/1667,Pranit Rau,Primary Suspect
KAR/MAN/2024/2238,Nachiket Khosla,Primary Suspect
KAR/UDU/2024/0017,Chandresh Kala,Co-conspirator
KAR/BID/2024/1816,Maanav Gopal,Accomplice
KAR/CHI/2024/0851,Brijesh Mitter,Accomplice
KAR/HAS/2024/2450,Naveen Sur,Co-conspirator
KAR/KOP/2024/2291,Dakshesh Jayaraman,Primary Suspect
KAR/HUB/2024/2287,Faras Dubey,Co-conspirator
KAR/MAN/2024/1314,Tanay Balan,Accomplice
KAR/VIJ/2024/2461,Rushil Sridhar,Accomplice
KAR/MYS/2024/1848,Yahvi Batta,Co-conspirator
KAR/MAN/2024/1566,Teerth Saran,Accomplice
KAR/BEN/2024/1214,Rachit Keer,Primary Suspect
KAR/TUM/2024/0378,Aarnav Thakur,Co-conspirator
KAR/BID/2024/2425,Abdul Narain,Accomplice
KAR/HAS/2024/0335,Kalpit Bhatia,Primary Suspect
KAR/RAI/2024/1606,Anay Chawla,Primary Suspect
KAR/HAS/2024/0978,Yagnesh Tiwari,Accomplice
KAR/TUM/2024/0626,Ekapad Menon,Co-conspirator
KAR/TUM/2024/0458,Chakrika Som,Accomplice
KAR/BEN/2024/1663,Siya Pathak,Co-conspirator
KAR/BEN/2024/1963,Laban Bhatia,Accomplice
KAR/KOP/2024/1775,Pranit Tata,Co-conspirator
KAR/BEN/2024/0365,Wishi Mangat,Co-conspirator
KAR/MYS/2024/2323,Ekbal Agarwal,Co-conspirator
KAR/KOP/2024/0718,Falan Karpe,Co-conspirator
KAR/BEN/2024/0663,Hardik Dalal,Primary Suspect
KAR/MYS/2024/1288,Widisha More,Primary Suspect
KAR/VIJ/2024/0970,Samesh Deol,Primary Suspect
KAR/BEN/2024/1307,Xalak Bath,Primary Suspect
KAR/BEN/2024/2003,Agastya Krishnan,Primary Suspect
KAR/MAN/2024/1814,Chaitaly Mitter,Co-conspirator
KAR/UDU/2024/1778,Yash Bir,Co-conspirator
KAR/BEN/2024/2258,Ekiya Kannan,Co-conspirator
KAR/MAN/2024/0246,Kai Cherian,Primary Suspect
KAR/CHI/2024/0682,Naksh Dube,Accomplice
KAR/CHI/2024/1084,Ayaan Karan,Primary Suspect
KAR/DAV/2024/1251,Gaurang Dugal,Primary Suspect
KAR/BEN/2024/1724,Zehaan Bava,Accomplice
KAR/DAV/2024/0268,Ryan Deo,Co-conspirator
KAR/BEN/2024/1455,Tarak Keer,Primary Suspect
KAR/BID/2024/1428,Agastya Zachariah,Accomplice
KAR/BEN/2024/2044,Tejas Sani,Co-conspirator
KAR/MAN/2024/1524,Manya Mangal,Co-conspirator
KAR/BEN/2024/1250,Umang Karpe,Co-conspirator
KAR/RAI/2024/0515,Lucky Chana,Co-conspirator
KAR/BEN/2024/2393,Kai Suri,Primary Suspect
KAR/HUB/2024/0168,Anmol Handa,Accomplice
KAR/KAL/2024/2352,Gaurav Goda,Co-conspirator
KAR/SHI/2024/0560,Triveni Choudhury,Accomplice
KAR/VIJ/2024/1693,Falak Lad,Accomplice
KAR/BEN/2024/1035,Harsh Datta,Accomplice
KAR/BEN/2024/0935,Amruta Ahuja,Co-conspirator
KAR/KAL/2024/0295,Ekalinga Chana,Co-conspirator
KAR/BEN/2024/1219,Isaac Lad,Accomplice
KAR/CHI/2024/1099,Manthan Gandhi,Primary Suspect
KAR/BEN/2024/0140,Krishna Bedi,Primary Suspect
KAR/KOP/2024/0186,Anjali Kapur,Co-conspirator
KAR/UDU/2024/2182,Saksham Deol,Primary Suspect
KAR/UDU/2024/1766,Imaran Thakkar,Primary Suspect
KAR/HAS/2024/1699,Raksha Mistry,Primary Suspect
KAR/BEN/2024/2445,Varsha Shukla,Accomplice
KAR/KOL/2024/2189,Ekaraj Yohannan,Accomplice
KAR/UDU/2024/2387,Hemang Dani,Co-conspirator
KAR/BEN/2024/0425,Balveer Konda,Accomplice
KAR/BEN/2024/0981,Chakradev Tripathi,Primary Suspect
KAR/BEN/2024/0028,Rishi Tank,Co-conspirator
KAR/VIJ/2024/2410,Yuvraj Padmanabhan,Primary Suspect
KAR/KOL/2024/0746,Yashodhara Roy,Primary Suspect
KAR/BEN/2024/2421,Kritika Comar,Co-conspirator
KAR/TUM/2024/1732,Oliver Bhat,Accomplice
KAR/BEN/2024/2402,Siddharth Khosla,Co-conspirator
KAR/HUB/2024/0921,Naveen Nigam,Co-conspirator
KAR/RAI/2024/1650,Ranveer Barad,Accomplice
KAR/BEN/2024/0054,Peter Sabharwal,Primary Suspect
KAR/SHI/2024/1727,Oni Acharya,Primary Suspect
KAR/BEN/2024/0191,Theodore Dewan,Primary Suspect
KAR/BEN/2024/0911,Balendra Mital,Co-conspirator
KAR/MAN/2024/0344,George Minhas,Co-conspirator
KAR/BEN/2024/0169,Samar Palla,Accomplice
KAR/BEN/2024/1104,Theodore Magar,Accomplice
KAR/BEN/2024/1280,Qasim Sharma,Primary Suspect
KAR/HUB/2024/2287,Jeet Sampath,Co-conspirator
KAR/TUM/2024/1979,Champak Ramanathan,Co-conspirator
KAR/KAL/2024/2318,Yatin Lalla,Accomplice
KAR/KOL/2024/0713,Warjas Shere,Primary Suspect
KAR/BEN/2024/1623,Rishi Rege,Co-conspirator
KAR/KOP/2024/0719,Chandani Parmer,Co-conspirator
KAR/MYS/2024/1048,Zaid Prabhakar,Accomplice
KAR/KOP/2024/1230,Ekansh Andra,Accomplice
KAR/RAI/2024/1543,Rishi Sodhi,Accomplice
KAR/BEN/2024/1455,Theodore Datta,Primary Suspect
KAR/UDU/2024/0124,Kabir Bhat,Primary Suspect
KAR/BID/2024/2126,Tanish More,Co-conspirator
KAR/TUM/2024/0309,Ranbir Bhargava,Primary Suspect
KAR/BEN/2024/1927,Quincy Warrior,Accomplice
KAR/TUM/2024/0886,Raghav Deshpande,Co-conspirator
KAR/DAV/2024/0105,Reyansh Pradhan,Primary Suspect
KAR/MYS/2024/0860,Daniel Kale,Accomplice
KAR/BEN/2024/0113,Nihal Gera,Accomplice
KAR/BEN/2024/2008,Faqid Comar,Accomplice
KAR/TUM/2024/1458,Sanya Bhargava,Co-conspirator
KAR/VIJ/2024/1694,Faraj Saxena,Accomplice
KAR/DAV/2024/0058,Om Jayaraman,Primary Suspect
KAR/BEN/2024/0832,Chatresh Kota,Primary Suspect
KAR/KAL/2024/1117,Michael Ghosh,Accomplice
KAR/UDU/2024/0623,Bhavini Dhingra,Primary Suspect
KAR/BEN/2024/0800,Krish Krishnan,Co-conspirator
KAR/BEN/2024/0897,Hritik Mitra,Primary Suspect
KAR/TUM/2024/1679,Dev Patla,Primary Suspect
KAR/BEN/2024/0495,Arunima Pillay,Co-conspirator
KAR/BEN/2024/0113,Vincent Nair,Co-conspirator
KAR/BEN/2024/1907,Vincent Dhaliwal,Accomplice
KAR/RAI/2024/0605,Rachana Choudhury,Co-conspirator
KAR/MAN/2024/0147,Aadi Bail,Co-conspirator
KAR/KOL/2024/0070,Yashoda Khalsa,Accomplice
KAR/VIJ/2024/2378,Rajata Hari,Accomplice
KAR/RAI/2024/2192,Aarush Tata,Primary Suspect
KAR/DAV/2024/1004,Harsh Deep,Co-conspirator
KAR/BEN/2024/0030,Simon Chakrabarti,Accomplice
KAR/BEN/2024/0307,Yuvraj Subramanian,Accomplice
KAR/BEN/2024/0236,Krish Krishnan,Co-conspirator
KAR/HUB/2024/1761,Advaith Bansal,Co-conspirator
KAR/BEL/2024/1477,Vaishnavi Sabharwal,Co-conspirator
KAR/BEL/2024/2030,Samuel Chandran,Co-conspirator
KAR/RAI/2024/1767,Samuel Chander,Co-conspirator
KAR/BEN/2024/0913,Dominic Johal,Co-conspirator
KAR/BEN/2024/1239,Aarnav Mannan,Accomplice
KAR/BEN/2024/1217,Utkarsh Bail,Accomplice
KAR/KOP/2024/1749,Sanya Agarwal,Accomplice
KAR/MAN/2024/2127,Finn Manda,Primary Suspect
KAR/MAN/2024/1918,Radhika Ghosh,Accomplice
KAR/BAL/2024/1590,Harsh Suri,Accomplice
KAR/HAS/2024/1492,Samar Gill,Accomplice
KAR/KOP/2024/1427,Yasti Garde,Accomplice
KAR/BEN/2024/2001,William Dhar,Primary Suspect
KAR/BEN/2024/0391,Samuel Chadha,Co-conspirator
KAR/KAL/2024/1419,Leela Padmanabhan,Co-conspirator
KAR/TUM/2024/0293,Hitesh Sant,Accomplice
KAR/MYS/2024/0485,Nilima Mahal,Accomplice
KAR/BID/2024/0941,Christopher Kade,Co-conspirator
KAR/UDU/2024/2366,Theodore Dada,Co-conspirator
KAR/MAN/2024/1751,Pranit Chahal,Co-conspirator
KAR/RAI/2024/0729,Benjamin Vora,Co-conspirator
KAR/CHI/2024/0762,Harrison Kota,Co-conspirator
KAR/SHI/2024/2179,Dev Patla,Co-conspirator
KAR/BID/2024/1784,Ekapad Behl,Co-conspirator
KAR/BEN/2024/0871,Yamini Pandit,Accomplice
KAR/HUB/2024/2488,Xavier Thakur,Accomplice
KAR/BEN/2024/2306,Peter Aggarwal,Accomplice
KAR/DAV/2024/1457,Jonathan Pall,Co-conspirator
KAR/KAL/2024/0508,Meghana Panchal,Primary Suspect
KAR/BEN/2024/1022,Balveer Golla,Primary Suspect
KAR/BEN/2024/2348,Oliver Chaudhary,Primary Suspect
KAR/HAS/2024/1232,Vincent Palla,Accomplice
KAR/VIJ/2024/2410,Jairaj Goel,Primary Suspect
KAR/BAL/2024/2280,Anirudh Thaman,Primary Suspect
KAR/DAV/2024/1140,Rachit Keer,Primary Suspect
KAR/MAN/2024/2020,Tarak Palla,Accomplice
KAR/HUB/2024/0404,Jack Gill,Primary Suspect
KAR/BEL/2024/1595,Gopal Sarin,Primary Suspect
KAR/BEN/2024/2176,Pranit Sankar,Primary Suspect
KAR/BEN/2024/1147,Hemang Dani,Primary Suspect
KAR/TUM/2024/2229,Anirudh Singh,Co-conspirator
KAR/BEL/2024/1018,Gaurika Setty,Co-conspirator
KAR/HAS/2024/0424,Amol Warrior,Accomplice
KAR/BID/2024/0219,Advika Agrawal,Primary Suspect
KAR/MYS/2024/2081,Parth Thaman,Co-conspirator
KAR/BEN/2024/0688,Arya Bose,Co-conspirator
KAR/BEN/2024/0050,Devika Srivastava,Accomplice
KAR/BEN/2024/0076,Frado Pradhan,Primary Suspect
KAR/BEN/2024/1927,Jasmit Minhas,Primary Suspect
KAR/KAL/2024/1419,Neel Hans,Accomplice
KAR/BEN/2024/1489,Pranav Devan,Accomplice
KAR/KAL/2024/0295,Shivansh Patil,Accomplice
KAR/DAV/2024/1708,Luke Dara,Primary Suspect
KAR/BEN/2024/2209,Fariq Gaba,Accomplice
KAR/BEN/2024/1572,Theodore Cherian,Co-conspirator
KAR/HUB/2024/0168,Isaiah Sandal,Primary Suspect
KAR/BEN/2024/2443,Girish Raman,Primary Suspect
KAR/MYS/2024/1729,Advay Sidhu,Co-conspirator
KAR/RAI/2024/0245,Victor Baral,Primary Suspect
KAR/BEN/2024/1378,Neel Hans,Primary Suspect
KAR/MAN/2024/1751,Tanveer Bumb,Co-conspirator
KAR/RAI/2024/1315,Bimala Dhillon,Co-conspirator
KAR/BEN/2024/1312,Timothy Kapoor,Co-conspirator
KAR/MAN/2024/2428,Yatin Deep,Accomplice
KAR/UDU/2024/0194,Faqid Bandi,Co-conspirator
KAR/MAN/2024/1918,Balveer Konda,Primary Suspect
KAR/BEN/2024/1313,Fiyaz Borra,Co-conspirator
KAR/BEN/2024/1164,Oliver Sharaf,Co-conspirator
KAR/BEN/2024/0364,Forum Khanna,Primary Suspect
KAR/BID/2024/0782,Abhiram Chakraborty,Accomplice
KAR/VIJ/2024/0392,Yash Samra,Primary Suspect
KAR/BEL/2024/1837,Jason Patil,Accomplice
KAR/BEN/2024/0948,Praneel Wason,Accomplice
KAR/BEL/2024/1722,Caleb Thakur,Accomplice
KAR/MAN/2024/0246,Ekalinga Goyal,Co-conspirator
KAR/UDU/2024/2196,Aayush Pai,Accomplice
KAR/MYS/2024/0758,Manbir Borde,Accomplice
KAR/KOL/2024/1613,Omisha Sachar,Accomplice
KAR/MAN/2024/1672,Rushil Virk,Primary Suspect
KAR/BID/2024/1740,Omkaar Barad,Primary Suspect
KAR/MYS/2024/0260,Tamanna Khare,Accomplice
KAR/HUB/2024/2188,Dhruv Sheth,Primary Suspect
KAR/MAN/2024/1038,Jack Thaman,Primary Suspect
KAR/SHI/2024/0903,Dominic Murthy,Co-conspirator
KAR/BID/2024/2237,Chakradev Tripathi,Co-conspirator
KAR/KAL/2024/1000,Yashawini Sharaf,Co-conspirator
KAR/RAI/2024/0571,Faqid Venkatesh,Accomplice
KAR/UDU/2024/1195,Hritik Bansal,Co-conspirator
KAR/BEN/2024/0722,Tanay Arya,Co-conspirator
KAR/BEN/2024/1705,Brijesh Minhas,Primary Suspect
KAR/HAS/2024/1896,Abeer Madan,Accomplice
KAR/BEN/2024/0389,Reyansh Devi,Accomplice
KAR/BEN/2024/1680,Akshay Thaman,Co-conspirator
KAR/BEN/2024/1711,Upkaar Saha,Co-conspirator
KAR/MYS/2024/1848,Ekapad Dhaliwal,Co-conspirator
KAR/SHI/2024/1804,Wriddhish Golla,Accomplice
KAR/BEN/2024/1081,Manbir Jha,Accomplice
KAR/HAS/2024/0114,Indali Gulati,Accomplice
KAR/KAL/2024/2221,Mason Sharma,Primary Suspect
KAR/SHI/2024/2066,Maanav Dhaliwal,Primary Suspect
KAR/BEN/2024/0795,Balhaar Parikh,Accomplice
KAR/SHI/2024/0084,Anirudh Nagi,Accomplice
KAR/MYS/2024/0728,Upkaar Viswanathan,Accomplice
KAR/BEN/2024/1802,Wyatt Malhotra,Accomplice
KAR/KOP/2024/1299,Theodore Deshpande,Co-conspirator
KAR/BEN/2024/1825,Ranbir Tata,Primary Suspect
KAR/KOL/2024/0603,Chameli Sampath,Primary Suspect
KAR/RAI/2024/0574,Wriddhish Raval,Accomplice
KAR/MAN/2024/2020,Victor Bumb,Primary Suspect
KAR/KOL/2024/0838,Yatin Sidhu,Co-conspirator
KAR/SHI/2024/1571,Omisha Sachar,Co-conspirator
KAR/BEN/2024/0795,Saksham Goel,Co-conspirator
KAR/MYS/2024/0482,Madhav Shanker,Co-conspirator
KAR/UDU/2024/1867,Matthew Mannan,Primary Suspect
KAR/BEN/2024/0849,Guneet Bahri,Primary Suspect
KAR/MYS/2024/0912,George Dewan,Primary Suspect
KAR/BEN/2024/2401,Harini Mital,Co-conspirator
KAR/MAN/2024/1114,Maanas Varughese,Primary Suspect
KAR/CHI/2024/1380,Ridhi Kanda,Co-conspirator
KAR/BEN/2024/0016,Shaurya Krish,Accomplice
KAR/BID/2024/1076,Finn Srinivas,Accomplice
KAR/BEL/2024/0210,Siddharth Savant,Primary Suspect
KAR/MAN/2024/1038,Champak Subramaniam,Co-conspirator
KAR/HAS/2024/1112,Ekavir Munshi,Primary Suspect
KAR/BEN/2024/0945,Ronith Raj,Primary Suspect
KAR/BEN/2024/1754,Siya Arya,Primary Suspect
KAR/RAI/2024/2192,Dalbir Singh,Primary Suspect
KAR/HAS/2024/0082,Madhav Koshy,Co-conspirator
KAR/BEN/2024/2089,Nicholas Bakshi,Accomplice
KAR/BEN/2024/0996,Aarnav Jayaraman,Primary Suspect
KAR/BEN/2024/1035,Manbir Loke,Co-conspirator
KAR/DAV/2024/2317,Upkaar Bhasin,Co-conspirator
KAR/BEN/2024/1054,Parth Setty,Co-conspirator
KAR/BEN/2024/0528,Bakhshi Dhillon,Primary Suspect
KAR/DAV/2024/1533,Warinder Morar,Primary Suspect
KAR/MAN/2024/1880,Anirudh Parmer,Accomplice
KAR/MYS/2024/0423,Joshua Saha,Primary Suspect
KAR/BEN/2024/1628,Aarav Jaggi,Primary Suspect
KAR/HUB/2024/0355,Hitesh Chaudhari,Co-conspirator
KAR/BEN/2024/1575,Yuvraj Padmanabhan,Accomplice
KAR/RAI/2024/1759,Wyatt Mutti,Co-conspirator
KAR/BID/2024/2094,Umang Jayaraman,Co-conspirator
KAR/MYS/2024/0479,Faras Pradhan,Primary Suspect
KAR/MAN/2024/1854,Upma Bhatnagar,Co-conspirator
KAR/VIJ/2024/1083,Anmol Memon,Co-conspirator
KAR/BAL/2024/1530,Zehaan Wagle,Accomplice
KAR/HUB/2024/0725,Ranbir Vig,Accomplice
KAR/BEN/2024/2225,Abhiram Minhas,Primary Suspect
KAR/SHI/2024/0207,Max Mital,Co-conspirator
KAR/UDU/2024/0472,Max Naidu,Accomplice
KAR/CHI/2024/1743,Dalbir Kapadia,Primary Suspect
KAR/TUM/2024/1573,Liam Sem,Accomplice
KAR/BEN/2024/0551,Hritik Thaman,Primary Suspect
KAR/BAL/2024/1580,Oviya Upadhyay,Co-conspirator
KAR/BEN/2024/1214,Balveer Doctor,Primary Suspect
KAR/DAV/2024/2187,Nathan Kunda,Co-conspirator
KAR/KAL/2024/1920,Chatresh Gala,Primary Suspect
KAR/BEN/2024/0697,Priya Sachdev,Primary Suspect
KAR/BEL/2024/2030,Maanav Mukherjee,Accomplice
KAR/MYS/2024/2476,Dalbir Mistry,Co-conspirator
KAR/HAS/2024/2264,Aayush Swamy,Accomplice
KAR/BEN/2024/1377,Yadavi Mani,Accomplice
KAR/BEN/2024/1361,Yashodhara Chad,Co-conspirator
KAR/CHI/2024/2042,Ryan Bora,Primary Suspect
KAR/HUB/2024/2230,Sarthak Saran,Co-conspirator
KAR/SHI/2024/0870,Bachittar Wali,Primary Suspect
KAR/BEN/2024/1704,Ronith Kumar,Co-conspirator
KAR/BEN/2024/1026,Sai Sekhon,Co-conspirator
KAR/BEN/2024/0822,Zilmil Garde,Co-conspirator
KAR/BEN/2024/0224,Gaurav Goda,Co-conspirator
KAR/BID/2024/0543,Hritik Kaul,Co-conspirator
KAR/KOP/2024/2226,Zashil Kade,Accomplice
KAR/BEN/2024/2481,Amol Bhakta,Accomplice
KAR/RAI/2024/2103,Omkaar Tank,Co-conspirator
KAR/BID/2024/0931,Manthan Krishna,Primary Suspect
KAR/BEN/2024/2047,Elijah Chadha,Primary Suspect
KAR/BEN/2024/1070,Hritik Bansal,Co-conspirator
KAR/BEN/2024/0273,Shivani Dhawan,Co-conspirator
KAR/KAL/2024/2224,Pranav Agate,Primary Suspect
KAR/TUM/2024/2412,Jairaj Sodhi,Co-conspirator
KAR/BAL/2024/2362,Chakradev Ratta,Primary Suspect
KAR/KAL/2024/1297,Tanvi Parsa,Co-conspirator
KAR/SHI/2024/1445,Prisha Khatri,Co-conspirator
KAR/BEN/2024/0477,Janaki Sankaran,Accomplice
KAR/MYS/2024/0640,Alexander Dubey,Co-conspirator
KAR/CHI/2024/2061,Praneel Mall,Primary Suspect
KAR/CHI/2024/1262,Rachana Hora,Co-conspirator
KAR/BEN/2024/0366,George Bajaj,Accomplice
KAR/CHI/2024/2325,Balhaar Dube,Co-conspirator
KAR/BEN/2024/1656,Nirja Chahal,Primary Suspect
KAR/BEN/2024/0884,Arjun Goswami,Co-conspirator
KAR/KOP/2024/2162,Chaitanya Lall,Accomplice
KAR/UDU/2024/1996,Simon Chadha,Primary Suspect
KAR/DAV/2024/0150,Hritik Dugar,Co-conspirator
KAR/BEN/2024/2370,Samar Gill,Accomplice
KAR/BEN/2024/0010,Isaac Khurana,Primary Suspect
KAR/BEL/2024/1838,Hemangini Kant,Co-conspirator
KAR/KAL/2024/0861,Aayush Sarna,Accomplice
KAR/HAS/2024/2458,Krish Puri,Primary Suspect
KAR/BAL/2024/1914,Hitesh Chakraborty,Co-conspirator
KAR/BEN/2024/1758,Kamya Johal,Primary Suspect
KAR/BEL/2024/2497,Yatin Deep,Accomplice
KAR/MAN/2024/1691,Pratyush Madan,Primary Suspect
KAR/VIJ/2024/0720,Rohan Kibe,Accomplice
KAR/BEN/2024/0306,Abdul Nair,Accomplice
KAR/BEN/2024/2481,Bahadurjit Raja,Accomplice
KAR/BEL/2024/0223,Chaitaly Mitter,Primary Suspect
KAR/SHI/2024/0519,Abhimanyu Contractor,Co-conspirator
KAR/KOP/2024/2120,Ayush Sura,Primary Suspect
KAR/HUB/2024/2172,Imaran Sane,Primary Suspect
KAR/TUM/2024/0680,Yadavi Agrawal,Primary Suspect
KAR/HAS/2024/1089,Arjun Garg,Accomplice
KAR/SHI/2024/2456,Naksh Dube,Co-conspirator
KAR/UDU/2024/0597,Ranveer Barad,Primary Suspect
KAR/DAV/2024/1457,Om Doshi,Co-conspirator
KAR/RAI/2024/1588,Nathaniel Dubey,Co-conspirator
KAR/KAL/2024/1096,Aishani Bajwa,Co-conspirator
KAR/UDU/2024/1996,Nachiket Shanker,Primary Suspect
KAR/RAI/2024/2034,Teerth Kuruvilla,Co-conspirator
KAR/BEN/2024/1169,Gaurav Modi,Co-conspirator
KAR/UDU/2024/1996,Caleb Bose,Co-conspirator
KAR/SHI/2024/1465,Rudra Vora,Primary Suspect
KAR/BEN/2024/1054,Frado Maharaj,Primary Suspect
KAR/SHI/2024/0184,Avni Kannan,Co-conspirator
KAR/SHI/2024/1471,Watika Brar,Accomplice
KAR/BID/2024/0085,George Dugal,Co-conspirator
KAR/MYS/2024/1464,Akshay Wagle,Co-conspirator
KAR/BEN/2024/0917,Hitesh Chakraborty,Primary Suspect
KAR/MYS/2024/2212,Osha Hari,Co-conspirator
KAR/CHI/2024/2201,Rushil Ahuja,Accomplice
KAR/DAV/2024/2282,Siya Arya,Accomplice
KAR/HAS/2024/2159,Dayamai More,Primary Suspect
KAR/BEN/2024/2254,Wyatt Vaidya,Accomplice
KAR/BEL/2024/0301,Champak Subramaniam,Co-conspirator
KAR/MAN/2024/1672,Harrison Kota,Accomplice
KAR/TUM/2024/0886,Abhimanyu Saha,Primary Suspect
KAR/BEN/2024/1035,Mohini Vaidya,Primary Suspect
KAR/BEN/2024/0224,Faris Dua,Accomplice
KAR/BEN/2024/0627,Ekansh Dada,Co-conspirator
KAR/BEL/2024/1443,Ojas Bajaj,Co-conspirator
KAR/MYS/2024/0640,Darsh De,Co-conspirator
KAR/DAV/2024/1319,Gaurav Comar,Accomplice
KAR/HAS/2024/0120,Vasudha Balasubramanian,Primary Suspect
KAR/BEN/2024/1397,Qarin Patil,Accomplice
KAR/BEN/2024/2430,Xalak Rajan,Accomplice
KAR/BID/2024/1523,Vyanjana Baria,Accomplice
KAR/HUB/2024/1878,Triya Dugar,Co-conspirator
KAR/KOL/2024/2239,Farhan Walla,Accomplice
KAR/DAV/2024/1951,Vedant Palla,Primary Suspect
KAR/BEN/2024/2051,Rushil Bose,Primary Suspect
KAR/BEN/2024/0371,Krish Puri,Co-conspirator
KAR/KAL/2024/1297,Raagini Tiwari,Co-conspirator
KAR/BEN/2024/2001,Tamanna Soni,Co-conspirator
KAR/DAV/2024/1251,Udant Ghosh,Accomplice
KAR/KAL/2024/0583,Finn Chaudhary,Primary Suspect
KAR/BAL/2024/1092,Gaurang Buch,Primary Suspect
KAR/MAN/2024/0034,Jason Bumb,Co-conspirator
KAR/VIJ/2024/1355,Mitali Singhal,Co-conspirator
KAR/HUB/2024/2142,Finn Manda,Accomplice
KAR/DAV/2024/2101,Forum Nayar,Co-conspirator
KAR/KAL/2024/1540,Chavvi De,Co-conspirator
KAR/BAL/2024/0645,Maya Raju,Co-conspirator
KAR/HAS/2024/0881,Vaishnavi Bedi,Accomplice
KAR/SHI/2024/0519,Aishani Bobal,Co-conspirator
KAR/BEN/2024/0300,Faqid Chadha,Co-conspirator
KAR/BAL/2024/1917,Fiyaz Soman,Co-conspirator
KAR/BID/2024/1972,Dev Patla,Accomplice
KAR/KOL/2024/0043,Avi Sawhney,Primary Suspect
KAR/KOP/2024/2100,Samaksh Subramaniam,Accomplice
KAR/MAN/2024/2475,Yug Aurora,Accomplice
KAR/KOL/2024/0033,Pratyush Lala,Co-conspirator
KAR/BEN/2024/2411,Akshay Kapoor,Co-conspirator
KAR/MAN/2024/1044,Gautami Mallick,Co-conspirator
KAR/BEN/2024/2240,Abeer Sidhu,Accomplice
KAR/BEN/2024/2330,Azaan Viswanathan,Accomplice
KAR/BEN/2024/0304,Harsh Datta,Primary Suspect
KAR/BEN/2024/0363,Jeet Mohanty,Primary Suspect
KAR/BEN/2024/1889,Anay Golla,Accomplice
KAR/BEN/2024/1348,Rushil Ahuja,Primary Suspect
KAR/MYS/2024/0859,Rohan Krish,Accomplice
KAR/RAI/2024/2367,Lekha Bahri,Accomplice
KAR/BEN/2024/1957,Oscar Lall,Accomplice
KAR/BID/2024/2425,Ekalinga Dar,Accomplice
KAR/BEN/2024/1149,Bakhshi Batta,Primary Suspect
KAR/CHI/2024/2360,Qasim Pillai,Primary Suspect
KAR/BEN/2024/1022,Umang Karpe,Primary Suspect
KAR/BEL/2024/0587,Balhaar Sood,Accomplice
KAR/KOL/2024/0596,Anirudh Parmer,Co-conspirator
KAR/BEN/2024/1747,Ronith Raj,Co-conspirator
KAR/KOP/2024/1115,Ekaraj Sood,Accomplice
KAR/VIJ/2024/1281,Ishani Chaudhry,Primary Suspect
KAR/HUB/2024/1223,Kabir Yogi,Co-conspirator
KAR/MAN/2024/1009,Rajeshri Dugar,Co-conspirator
KAR/VIJ/2024/1281,Chandresh Kant,Accomplice
KAR/MAN/2024/1044,Chandran Krishnamurthy,Primary Suspect
KAR/BEN/2024/1420,Vincent Dhaliwal,Accomplice
KAR/BEN/2024/2443,Sudiksha Rastogi,Primary Suspect
KAR/VIJ/2024/1281,Neelima Dash,Co-conspirator
KAR/KOL/2024/1526,Benjamin Dhingra,Accomplice
KAR/MYS/2024/0922,Anay Golla,Co-conspirator
KAR/MAN/2024/0339,Chatura Kota,Primary Suspect
KAR/UDU/2024/1888,Parth Thaman,Accomplice
KAR/MYS/2024/0912,Gaurav Goda,Accomplice
KAR/MAN/2024/0024,Teerth Bala,Co-conspirator
KAR/VIJ/2024/1966,Rehaan Chaudry,Accomplice
KAR/DAV/2024/1849,Aarush Tata,Co-conspirator
KAR/BEN/2024/2260,Upasna Padmanabhan,Primary Suspect
KAR/BEN/2024/1607,Veer Kar,Primary Suspect
KAR/TUM/2024/2332,Aadi Khalsa,Primary Suspect
KAR/MAN/2024/0843,Baljiwan Palla,Accomplice
KAR/SHI/2024/1334,Harrison Ramakrishnan,Accomplice
KAR/SHI/2024/0874,Lakshit Mangat,Co-conspirator
KAR/KAL/2024/2224,Lohit Garde,Co-conspirator
KAR/MAN/2024/2033,Ojas Roy,Co-conspirator
KAR/MYS/2024/0826,Yashawini Sharaf,Co-conspirator
KAR/BEN/2024/2415,Dhruv Saini,Co-conspirator
KAR/BAL/2024/0990,Patrick Kalita,Primary Suspect
KAR/BAL/2024/0705,Jairaj Khurana,Primary Suspect
KAR/MAN/2024/1225,Charles Din,Co-conspirator
KAR/BEN/2024/0975,Pranit Chahal,Accomplice
KAR/BEN/2024/1507,Inaya Buch,Primary Suspect
KAR/BEN/2024/1138,Samuel Anne,Co-conspirator
KAR/HUB/2024/2307,Jairaj Kalla,Accomplice
KAR/MAN/2024/1259,Ojas Gade,Primary Suspect
KAR/MAN/2024/0501,Nitesh Khatri,Co-conspirator
KAR/UDU/2024/1904,Girik Date,Accomplice
KAR/BEL/2024/0100,Girindra Nayar,Primary Suspect
KAR/BEN/2024/0222,Yatin Upadhyay,Co-conspirator
KAR/HAS/2024/0493,Hredhaan Dada,Primary Suspect
KAR/BEN/2024/1244,Anay Pandya,Co-conspirator
KAR/BEN/2024/1635,Abdul Goda,Primary Suspect
KAR/KAL/2024/0119,Upkaar Viswanathan,Co-conspirator
KAR/BEN/2024/1657,Anmol Tank,Primary Suspect
KAR/KOP/2024/2304,Saksham Sabharwal,Accomplice
KAR/DAV/2024/2236,Yashasvi Sampath,Co-conspirator
KAR/SHI/2024/1728,Manbir Divan,Co-conspirator
KAR/VIJ/2024/1596,Bakhshi Oommen,Primary Suspect
KAR/KAL/2024/1000,Harsh Kannan,Accomplice
KAR/HAS/2024/1746,Dalbir Varghese,Co-conspirator
KAR/HAS/2024/0176,Omkaar Barad,Primary Suspect
KAR/MYS/2024/2323,Ekavir Naik,Primary Suspect
KAR/BEN/2024/1870,Imaran Rout,Primary Suspect
KAR/TUM/2024/0469,Oscar Keer,Accomplice
KAR/BID/2024/0543,Charan Devan,Accomplice
KAR/BEL/2024/2190,Aadi Gokhale,Primary Suspect
KAR/HAS/2024/1369,Zayyan Gade,Primary Suspect
KAR/BEN/2024/0015,Harsh Suri,Co-conspirator
KAR/UDU/2024/0321,Matthew Bala,Primary Suspect
KAR/BEN/2024/2370,Abhiram Chakraborty,Co-conspirator
KAR/BEN/2024/1836,Bachittar Chawla,Co-conspirator
KAR/BEN/2024/2409,Wyatt Chada,Accomplice
KAR/BEN/2024/0203,Bhavya Pai,Accomplice
KAR/SHI/2024/0111,Harrison Baral,Co-conspirator
KAR/BID/2024/2145,Vanya Madan,Primary Suspect
KAR/BEN/2024/1444,Aarav Shanker,Co-conspirator
KAR/KOP/2024/2241,Gaurav Modi,Co-conspirator
KAR/HAS/2024/0294,Arya Bose,Accomplice
KAR/KOL/2024/2023,Qasim Pillai,Co-conspirator
KAR/MYS/2024/0703,Geetika Saraf,Primary Suspect
KAR/BEN/2024/2343,Maanav Dhaliwal,Primary Suspect
KAR/DAV/2024/1708,Hritik Modi,Co-conspirator
KAR/BEN/2024/0829,Laksh Sharaf,Accomplice
KAR/BID/2024/1428,Fitan Basak,Accomplice
KAR/BEN/2024/1145,Chakradev Minhas,Primary Suspect
KAR/HAS/2024/0188,Udant Wable,Primary Suspect
KAR/RAI/2024/2103,Ekalinga Lala,Co-conspirator
KAR/BEN/2024/0128,Zaid De,Accomplice
KAR/KOL/2024/1584,Ojasvi Bhatti,Accomplice
KAR/BEN/2024/2075,Geetika Singh,Accomplice
KAR/BEN/2024/0700,Hitesh Karpe,Accomplice
KAR/KOL/2024/1532,Finn Srinivas,Accomplice
KAR/BEN/2024/2222,Devika Pandya,Primary Suspect
KAR/MAN/2024/0393,Mekhala Ranganathan,Accomplice
KAR/BEN/2024/0526,Sai Wason,Accomplice
KAR/BEN/2024/1078,Simon Date,Primary Suspect
KAR/BEL/2024/2207,Janya Mann,Accomplice
KAR/BAL/2024/0487,Aayush Memon,Co-conspirator
KAR/BEN/2024/0618,Faraj Reddy,Accomplice
KAR/BEN/2024/2306,Neel Nadig,Accomplice
KAR/BEN/2024/2477,Yamini Pandit,Primary Suspect
KAR/VIJ/2024/2410,Chaaya Kapoor,Primary Suspect
KAR/MAN/2024/0172,Shivansh Kala,Co-conspirator
KAR/BID/2024/0421,Aarav Shetty,Primary Suspect
KAR/CHI/2024/1743,Vincent Palla,Accomplice
KAR/BEN/2024/1386,Ridhi Kanda,Accomplice
KAR/BEN/2024/0338,Faris Kadakia,Co-conspirator
KAR/DAV/2024/0069,Gautam Master,Accomplice
KAR/RAI/2024/2119,Naksh Taneja,Co-conspirator
KAR/CHI/2024/1605,Abeer Sawhney,Primary Suspect
KAR/KOL/2024/0074,Pratyush Sarna,Co-conspirator
KAR/HUB/2024/2072,Vamakshi Ghosh,Primary Suspect
KAR/BEN/2024/1521,Wahab Mangal,Co-conspirator
KAR/VIJ/2024/1944,George Maharaj,Accomplice
KAR/MYS/2024/2436,Krishna Hari,Primary Suspect
KAR/RAI/2024/1714,Udarsh Doctor,Co-conspirator
KAR/BEL/2024/2190,Chakradev Vora,Accomplice
KAR/BEL/2024/0598,Bhavika Pandya,Co-conspirator
KAR/BEN/2024/1436,Anika Grover,Co-conspirator
KAR/CHI/2024/0164,Gaurav Mangal,Co-conspirator
KAR/BEN/2024/1296,Quincy Dubey,Co-conspirator
KAR/KOL/2024/1344,Sarthak Naik,Primary Suspect
KAR/BEN/2024/1055,Amol Baria,Co-conspirator
KAR/BEN/2024/0801,Aadi Gokhale,Co-conspirator
KAR/KOL/2024/0070,Rishi Brahmbhatt,Co-conspirator
KAR/BAL/2024/2386,Hredhaan Prabhakar,Co-conspirator
KAR/KOL/2024/0814,Darsh De,Accomplice
KAR/BEN/2024/0495,Lakshit Dayal,Co-conspirator
KAR/MYS/2024/1599,Faraj Reddy,Co-conspirator
KAR/BEN/2024/1572,Raghav Chokshi,Primary Suspect
KAR/RAI/2024/0605,Geetika Singh,Co-conspirator
KAR/BEN/2024/1374,Pranit Bail,Primary Suspect
KAR/MYS/2024/1288,Michael Aurora,Accomplice
KAR/BEN/2024/1442,Liam Mammen,Accomplice
KAR/KOP/2024/1203,Aayush Tella,Co-conspirator
KAR/BEN/2024/2415,Indrajit Boase,Primary Suspect
KAR/BEN/2024/0827,Qarin Dutt,Accomplice
KAR/BID/2024/1329,Siya Comar,Co-conspirator
KAR/BEL/2024/1477,Bimala Dhillon,Co-conspirator
KAR/BEN/2024/2084,Forum Soni,Primary Suspect
KAR/RAI/2024/1667,Mohammed Ray,Co-conspirator
KAR/MYS/2024/2212,Hema Varughese,Co-conspirator
KAR/KAL/2024/0818,Urishilla Nagarajan,Accomplice
KAR/BEL/2024/2029,Balendra Garde,Primary Suspect
KAR/DAV/2024/0954,Xavier Dalal,Accomplice
KAR/MYS/2024/2447,Akshay Raghavan,Co-conspirator
KAR/KAL/2024/0079,Advay Saraf,Co-conspirator
KAR/MYS/2024/2007,Oliver Dugal,Co-conspirator
KAR/BEN/2024/0770,Faras Tank,Primary Suspect
KAR/KOP/2024/2300,Tristan Handa,Accomplice
KAR/BEN/2024/1147,Sai Atwal,Primary Suspect
KAR/TUM/2024/0538,Naveen Talwar,Primary Suspect
KAR/UDU/2024/0799,Gaurika Setty,Primary Suspect
KAR/DAV/2024/0277,Arjun Gara,Primary Suspect
KAR/MAN/2024/1201,Onveer Palan,Co-conspirator
KAR/BEN/2024/1014,Karan Banik,Primary Suspect
KAR/BEN/2024/2393,Libni Bhardwaj,Accomplice
KAR/UDU/2024/0808,Shivani Dhawan,Co-conspirator
KAR/BID/2024/2237,Forum Soni,Accomplice
KAR/BEN/2024/0988,Akshay Divan,Accomplice
KAR/VIJ/2024/2410,Siya Comar,Primary Suspect
KAR/BEN/2024/0973,Bhavna Sarraf,Co-conspirator
KAR/BEN/2024/1511,Girik Chowdhury,Co-conspirator
KAR/VIJ/2024/0775,Zinal Bawa,Co-conspirator
KAR/BEN/2024/1587,Diya Brahmbhatt,Co-conspirator
KAR/BEN/2024/1910,Daniel Kala,Primary Suspect
KAR/VIJ/2024/0824,Anika Grover,Co-conspirator
KAR/RAI/2024/0332,Udant Wable,Co-conspirator
KAR/BEN/2024/2370,Gayathri Venkatesh,Primary Suspect
KAR/BEN/2024/2139,Henry Deshmukh,Accomplice
KAR/UDU/2024/1195,Dhriti Sachar,Co-conspirator
KAR/KOL/2024/0386,Bhavika Pandya,Co-conspirator
KAR/BEN/2024/2342,Maanas Nair,Co-conspirator
KAR/BEN/2024/1188,Faris Ramakrishnan,Co-conspirator
KAR/BEN/2024/0558,Ojas Setty,Co-conspirator
KAR/RAI/2024/0290,Jai Radhakrishnan,Primary Suspect
KAR/BEN/2024/1226,Xalak Bath,Accomplice
KAR/VIJ/2024/1101,Ekapad Borde,Co-conspirator
KAR/BEN/2024/2167,Gaurang Mann,Primary Suspect
KAR/HAS/2024/1676,Kai Iyer,Co-conspirator
KAR/HAS/2024/1369,Teerth Bala,Accomplice
KAR/BEN/2024/1362,Veer Kar,Primary Suspect
KAR/BEN/2024/1233,Omkaar Guha,Co-conspirator
KAR/BID/2024/2278,Zansi Patla,Primary Suspect
KAR/KOP/2024/0718,Lohit Gupta,Co-conspirator
KAR/BEN/2024/1496,Michael Aurora,Accomplice
KAR/CHI/2024/1494,Wakeeta Shetty,Accomplice
KAR/DAV/2024/2211,Rohan Lata,Co-conspirator
KAR/BEN/2024/1414,Fitan Suri,Co-conspirator
KAR/BEN/2024/1769,Aayush Sarna,Co-conspirator
KAR/RAI/2024/1588,Saksham Deol,Co-conspirator
KAR/BEN/2024/2155,Anay Taneja,Accomplice
KAR/BEN/2024/1706,Girindra Nayar,Primary Suspect
KAR/DAV/2024/1148,Zaid Mann,Accomplice
KAR/VIJ/2024/1475,Anita Bhatnagar,Accomplice
KAR/BEN/2024/1712,Abdul Chadha,Co-conspirator
KAR/UDU/2024/0707,Shravya Gala,Primary Suspect
KAR/MAN/2024/0749,Ethan Toor,Co-conspirator
KAR/RAI/2024/2398,Siddharth Wali,Co-conspirator
KAR/HUB/2024/0725,Yug Sahni,Accomplice
KAR/BEN/2024/1291,Nidhi Goel,Accomplice
KAR/BEN/2024/0791,Eshana Gandhi,Co-conspirator
KAR/VIJ/2024/1389,Vedant Palla,Co-conspirator
KAR/HAS/2024/0449,Ekapad Borde,Primary Suspect
KAR/BAL/2024/1990,Brijesh Sant,Primary Suspect
KAR/CHI/2024/1856,Nirja Chahal,Accomplice
KAR/BEN/2024/2041,Theodore Tella,Accomplice
KAR/BEN/2024/2381,Aishani Bobal,Accomplice
KAR/RAI/2024/2205,Arya Wason,Primary Suspect
KAR/BEN/2024/1855,Shaurya Luthra,Co-conspirator
KAR/BEN/2024/2184,Vanya Pillai,Accomplice
KAR/SHI/2024/0207,Arjun Yadav,Co-conspirator
KAR/BEN/2024/1352,Yatan Arora,Co-conspirator
KAR/BEL/2024/0979,Faras Jain,Accomplice
KAR/BEL/2024/0934,Veer Mand,Primary Suspect
KAR/BEN/2024/1883,Kevin Reddy,Accomplice
KAR/HUB/2024/0087,Anthony Mani,Primary Suspect
KAR/VIJ/2024/0256,Qasim Ratta,Accomplice
KAR/HUB/2024/0355,Warinder Kohli,Accomplice
KAR/BEN/2024/1174,Anthony Ravel,Primary Suspect
KAR/CHI/2024/0542,Om Merchant,Primary Suspect
KAR/BAL/2024/1042,Lekha Vyas,Primary Suspect
KAR/KOP/2024/1299,David Nagar,Accomplice
KAR/BEN/2024/0271,Nandini Vora,Co-conspirator
KAR/BEN/2024/2251,Fitan Wali,Primary Suspect
KAR/SHI/2024/2004,Yutika Prashad,Accomplice
KAR/HUB/2024/1256,Frado Pradhan,Co-conspirator
KAR/BEN/2024/0785,Gautami Raghavan,Primary Suspect
KAR/SHI/2024/0111,Tanmayi Chakraborty,Accomplice
KAR/UDU/2024/1160,Ekiya Bala,Primary Suspect
KAR/KAL/2024/0295,Mason Iyengar,Accomplice
KAR/BEN/2024/0259,Yashvi Dugar,Co-conspirator
KAR/BEN/2024/1058,Gautam Gulati,Co-conspirator
KAR/MAN/2024/0297,Liam Bhatnagar,Accomplice
KAR/MAN/2024/1225,Brijesh Sant,Co-conspirator
KAR/DAV/2024/0277,Chakradhar Nazareth,Accomplice
KAR/BEN/2024/0112,Fitan Kade,Co-conspirator
KAR/HAS/2024/1367,Gautami Hari,Accomplice
KAR/MYS/2024/0737,Anay Pandya,Co-conspirator
KAR/HAS/2024/1215,Wyatt Vasa,Co-conspirator
KAR/BEL/2024/0977,Nitesh Andra,Co-conspirator
KAR/BEN/2024/0503,Simon Chandra,Primary Suspect
KAR/CHI/2024/0497,Fiyaz Wali,Primary Suspect
KAR/BEN/2024/1601,Dalbir Pillay,Accomplice
KAR/HAS/2024/2483,Vaishnavi Loyal,Co-conspirator
KAR/RAI/2024/1831,Rushil Barman,Co-conspirator
KAR/RAI/2024/2367,Frederick Tata,Co-conspirator
KAR/MAN/2024/2005,Agastya Kashyap,Primary Suspect
KAR/BEL/2024/1934,Mason Baral,Primary Suspect
KAR/HAS/2024/0238,Vincent Dhaliwal,Accomplice
KAR/DAV/2024/1847,Mitesh Kaul,Co-conspirator
KAR/BAL/2024/2010,Teerth Krishna,Co-conspirator
KAR/TUM/2024/1805,Bakhshi Oommen,Primary Suspect
KAR/BID/2024/0634,Jeevika Bobal,Co-conspirator
KAR/BEN/2024/1335,Hardik Dalal,Accomplice
KAR/BEN/2024/2171,Inaya Buch,Primary Suspect
KAR/MAN/2024/2491,Gautam Balakrishnan,Primary Suspect
KAR/BEN/2024/1536,Rohan Wadhwa,Accomplice
KAR/BEN/2024/1963,Benjamin Bansal,Co-conspirator
KAR/KOL/2024/2031,Vyanjana Baria,Primary Suspect
KAR/HAS/2024/2450,Arjun Yohannan,Accomplice
KAR/MAN/2024/1753,Zilmil Garde,Primary Suspect
KAR/SHI/2024/0539,Ishaan Balay,Accomplice
KAR/BEN/2024/1992,Gaurang Balan,Accomplice
KAR/BEN/2024/0299,Neel Dalal,Co-conspirator
KAR/HUB/2024/0747,Elijah Kara,Primary Suspect
KAR/BAL/2024/2386,Daniel Swamy,Primary Suspect
KAR/UDU/2024/1806,Oscar Sangha,Co-conspirator
KAR/BEN/2024/1214,Bahadurjit Kala,Primary Suspect
KAR/BEN/2024/2486,Ishaan Ramesh,Co-conspirator
KAR/BEN/2024/1047,Aarav Sule,Primary Suspect
KAR/BEN/2024/0622,Shravya Gala,Co-conspirator
KAR/BEN/2024/0537,Nitara Deep,Primary Suspect
KAR/KOP/2024/0463,Widisha More,Co-conspirator
KAR/BEN/2024/0275,Anirudh Nagi,Accomplice
KAR/KOP/2024/2226,Isaiah Chauhan,Co-conspirator
KAR/BEN/2024/1252,Anmol Tank,Accomplice
KAR/BEN/2024/1349,Zashil Ahuja,Accomplice
KAR/BEN/2024/1945,Ronith Raval,Accomplice
KAR/BEN/2024/2333,Yochana Rastogi,Co-conspirator
KAR/BEN/2024/1088,Bishakha Deshpande,Accomplice
KAR/BEN/2024/1466,Hemangini Kant,Accomplice
KAR/HUB/2024/2214,Tanay Arya,Primary Suspect
KAR/BEN/2024/1872,Frado Pradhan,Accomplice
KAR/BEN/2024/2228,Liam Bhagat,Accomplice
KAR/BEN/2024/2183,Tejas Sani,Co-conspirator
KAR/BEN/2024/1149,Jeet Dutt,Primary Suspect
KAR/BEN/2024/2169,Chakradhar Kothari,Co-conspirator
KAR/KOL/2024/0367,Faris Kadakia,Primary Suspect
KAR/HUB/2024/1468,Siddharth Sule,Accomplice
KAR/MAN/2024/1027,Tripti Natarajan,Co-conspirator
KAR/BEN/2024/1768,Ojas Mahajan,Co-conspirator
KAR/VIJ/2024/0289,Ishanvi Pathak,Primary Suspect
KAR/TUM/2024/1109,Dhruv Vasa,Co-conspirator
KAR/MAN/2024/0227,Divya Bali,Accomplice
KAR/TUM/2024/0564,Sarthak Parekh,Accomplice
KAR/RAI/2024/2095,Chandani Seshadri,Accomplice
KAR/BEN/2024/2489,Rehaan Swamy,Accomplice
KAR/BEN/2024/1345,Sarthak Parmar,Primary Suspect
KAR/BEN/2024/0595,Gavin Sule,Co-conspirator
KAR/BEN/2024/0502,Falak Lad,Accomplice
KAR/BEN/2024/1511,Bakhshi Oommen,Co-conspirator
KAR/MAN/2024/1788,Onveer Bhatnagar,Accomplice
KAR/BEN/2024/1312,Madhav Koshy,Primary Suspect
KAR/RAI/2024/0574,Samar Palla,Co-conspirator
KAR/BEN/2024/0732,Maya Raju,Primary Suspect
KAR/HAS/2024/2096,Falan Sahota,Accomplice
KAR/BEN/2024/0884,Abeer Bakshi,Accomplice
KAR/BAL/2024/1773,Januja Lad,Co-conspirator
KAR/TUM/2024/2165,Warinder Kalita,Primary Suspect
KAR/BEL/2024/0327,Sachi Rajagopalan,Accomplice
KAR/VIJ/2024/0554,Pallavi Rajagopalan,Primary Suspect
KAR/BEN/2024/1525,Chaitaly Mitter,Co-conspirator
KAR/BEN/2024/1217,Vrinda Khanna,Primary Suspect
KAR/BAL/2024/1946,Abhimanyu Contractor,Primary Suspect
KAR/BEN/2024/2420,Faras Pall,Co-conspirator
KAR/BEN/2024/0169,Quincy Warrior,Co-conspirator
KAR/MAN/2024/0661,Indira Jha,Primary Suspect
KAR/DAV/2024/1407,Nathan Dasgupta,Primary Suspect
KAR/HUB/2024/1857,Darpan Balasubramanian,Primary Suspect
KAR/TUM/2024/0383,Tanmayi Jaggi,Accomplice
KAR/HAS/2024/1006,Gunbir Kothari,Primary Suspect
KAR/MAN/2024/0428,Rajata Mohanty,Co-conspirator
KAR/MAN/2024/0662,Qarin Prabhu,Co-conspirator
KAR/BEN/2024/1496,Qarin Edwin,Accomplice
KAR/HUB/2024/0062,Praneel Mall,Co-conspirator
KAR/BEN/2024/2480,Noah Balakrishnan,Accomplice
KAR/MYS/2024/0758,Aditya Bir,Primary Suspect
KAR/BEN/2024/1437,Vansha Sarraf,Primary Suspect
KAR/SHI/2024/1306,Avi Karpe,Primary Suspect
KAR/BEN/2024/1812,Ishani Chaudhry,Accomplice
KAR/SHI/2024/0280,Yadavi Chaudhuri,Primary Suspect
KAR/SHI/2024/0611,Chatura Sharaf,Co-conspirator
KAR/BEN/2024/1474,Zilmil Mutti,Primary Suspect
KAR/BEN/2024/0987,Udarsh Sami,Primary Suspect
KAR/KOP/2024/1749,Lucky Basu,Primary Suspect
KAR/MAN/2024/1843,Varenya Sharaf,Co-conspirator
KAR/BID/2024/1816,Chandani Sundaram,Accomplice
KAR/KAL/2024/0418,Guneet Kakar,Accomplice
KAR/KAL/2024/0710,Samuel Chadha,Primary Suspect
KAR/KOP/2024/2162,Bakhshi Nanda,Accomplice
KAR/TUM/2024/2210,Urishilla Panchal,Primary Suspect
KAR/BEN/2024/2141,Bhanumati Patil,Accomplice
KAR/TUM/2024/2026,Timothy Thaman,Primary Suspect
KAR/VIJ/2024/1207,Azaan Viswanathan,Accomplice
KAR/CHI/2024/2137,Chakradev Vora,Primary Suspect
KAR/BEL/2024/0100,Om Dugar,Co-conspirator
KAR/SHI/2024/2339,Oscar Saran,Co-conspirator
KAR/KOP/2024/1803,Victor Nagar,Accomplice
KAR/BEN/2024/1640,Champak Hans,Accomplice
KAR/BEN/2024/0148,Hritik Bhat,Accomplice
KAR/BEN/2024/2474,Om Dugar,Co-conspirator
KAR/SHI/2024/0084,Ekapad Choudhury,Primary Suspect
KAR/BEN/2024/1301,Dalbir Pillay,Accomplice
KAR/KOL/2024/0251,Ethan Chowdhury,Co-conspirator
KAR/VIJ/2024/0441,Shivani Dhawan,Primary Suspect
KAR/BEN/2024/2295,Tanveer Basu,Accomplice
KAR/BEN/2024/0495,Advay Wable,Primary Suspect
KAR/BEL/2024/1934,Samuel Chandran,Co-conspirator
KAR/VIJ/2024/2377,Vincent Dhaliwal,Co-conspirator
KAR/BEN/2024/0855,Charan Balakrishnan,Primary Suspect
KAR/KOP/2024/0658,Nakul Dhingra,Accomplice
KAR/BAL/2024/1229,Chandran Krishnamurthy,Primary Suspect
KAR/BEN/2024/1131,Zehaan Nagy,Co-conspirator
KAR/BEN/2024/1941,Fiyaz Krish,Primary Suspect
