fir_case_number,accused_full_name,accused_role
KAR/RAI/2024/1934,Manbir Nadig,Primary Suspect
KAR/TUM/2024/1046,Manbir Nadig,Primary Suspect
KAR/KOL/2024/1322,Manbir Nadig,Primary Suspect
KAR/BEN/2024/2193,Manbir Nadig,Primary Suspect
KAR/BEN/2024/1467,Parth Nazareth,Primary Suspect
KAR/HUB/2024/0341,Parth Nazareth,Primary Suspect
KAR/MAN/2024/1758,Parth Nazareth,Primary Suspect
KAR/BEN/2024/2151,Parth Nazareth,Primary Suspect
KAR/KOP/2024/0473,Parth Nazareth,Primary Suspect
KAR/KAL/2024/0658,Parth Nazareth,Primary Suspect
KAR/VIJ/2024/0318,Parth Nazareth,Primary Suspect
KAR/BEL/2024/1534,Alexander Sehgal,Primary Suspect
KAR/RAI/2024/0957,Alexander Sehgal,Primary Suspect
KAR/KOP/2024/0312,Alexander Sehgal,Primary Suspect
KAR/KOL/2024/0542,Alexander Sehgal,Primary Suspect
KAR/BEN/2024/2145,Rajata Patla,Primary Suspect
KAR/BEN/2024/1989,Rajata Patla,Primary Suspect
KAR/VIJ/2024/1201,Rajata Patla,Primary Suspect
KAR/BAL/2024/2188,Rajata Patla,Primary Suspect
KAR/BEN/2024/2083,Rajata Patla,Primary Suspect
KAR/BEN/2024/0050,Niharika Chawla,Primary Suspect
KAR/MAN/2024/1943,Niharika Chawla,Primary Suspect
KAR/BAL/2024/1790,Niharika Chawla,Primary Suspect
KAR/BEN/2024/0815,Niharika Chawla,Primary Suspect
KAR/HAS/2024/1662,Niharika Chawla,Primary Suspect
KAR/BEN/2024/2385,Niharika Chawla,Primary Suspect
KAR/DAV/2024/0330,Urishilla Kapadia,Primary Suspect
KAR/DAV/2024/0827,Urishilla Kapadia,Primary Suspect
KAR/KOP/2024/1087,Urishilla Kapadia,Primary Suspect
KAR/BID/2024/1991,Urishilla Kapadia,Primary Suspect
KAR/CHI/2024/0636,Urishilla Kapadia,Primary Suspect
KAR/BEN/2024/1430,Urishilla Kapadia,Primary Suspect
KAR/BEN/2024/0053,Ria Chowdhury,Primary Suspect
KAR/HUB/2024/0419,Ria Chowdhury,Primary Suspect
KAR/BEN/2024/1740,Ria Chowdhury,Primary Suspect
KAR/BEN/2024/0585,Ria Chowdhury,Primary Suspect
KAR/DAV/2024/1530,Rehaan Toor,Primary Suspect
KAR/BEN/2024/1510,Rehaan Toor,Primary Suspect
KAR/MAN/2024/0941,Rehaan Toor,Primary Suspect
KAR/HAS/2024/1515,Rehaan Toor,Primary Suspect
KAR/MAN/2024/2023,Rehaan Toor,Primary Suspect
KAR/DAV/2024/1160,Rehaan Toor,Primary Suspect
KAR/MYS/2024/1867,Azad Nagi,Primary Suspect
KAR/BID/2024/1018,Azad Nagi,Primary Suspect
KAR/RAI/2024/0831,Azad Nagi,Primary Suspect
KAR/BEN/2024/1547,Azad Nagi,Primary Suspect
KAR/UDU/2024/0113,Azad Nagi,Primary Suspect
KAR/VIJ/2024/0949,Azad Nagi,Primary Suspect
KAR/BEN/2024/1286,Azad Nagi,Primary Suspect
KAR/BEN/2024/0560,Anya Rege,Primary Suspect
KAR/BEN/2024/1749,Anya Rege,Primary Suspect
KAR/UDU/2024/1824,Anya Rege,Primary Suspect
KAR/BEN/2024/0124,Anya Rege,Primary Suspect
KAR/BEN/2024/0157,Anya Rege,Primary Suspect
KAR/MYS/2024/0543,Anya Rege,Primary Suspect
KAR/BEN/2024/2154,Anya Rege,Primary Suspect
KAR/DAV/2024/0097,Oliver Chowdhury,Primary Suspect
KAR/BEL/2024/1355,Oliver Chowdhury,Primary Suspect
KAR/KOL/2024/1322,Oliver Chowdhury,Primary Suspect
KAR/BEN/2024/0715,Oliver Chowdhury,Primary Suspect
KAR/BEN/2024/0728,Oliver Chowdhury,Primary Suspect
KAR/BEN/2024/0582,Oliver Chowdhury,Primary Suspect
KAR/MAN/2024/2261,Tanish Comar,Primary Suspect
KAR/DAV/2024/2441,Tanish Comar,Primary Suspect
KAR/MYS/2024/2420,Tanish Comar,Primary Suspect
KAR/BEN/2024/0757,Tanish Comar,Primary Suspect
KAR/BEN/2024/2063,Yatan Prashad,Primary Suspect
KAR/BEL/2024/1442,Yatan Prashad,Primary Suspect
KAR/MAN/2024/0021,Yatan Prashad,Primary Suspect
KAR/SHI/2024/0281,Yatan Prashad,Primary Suspect
KAR/UDU/2024/2053,Faris Dhawan,Primary Suspect
KAR/RAI/2024/1970,Faris Dhawan,Primary Suspect
KAR/MAN/2024/1455,Faris Dhawan,Primary Suspect
KAR/BEN/2024/0834,Faris Dhawan,Primary Suspect
KAR/HAS/2024/0067,Faris Dhawan,Primary Suspect
KAR/BEN/2024/1339,Faris Dhawan,Primary Suspect
KAR/BEN/2024/2059,Faris Dhawan,Primary Suspect
KAR/KOP/2024/1588,Faris Dhawan,Primary Suspect
KAR/DAV/2024/0182,Pahal Lanka,Primary Suspect
KAR/BAL/2024/0012,Pahal Lanka,Primary Suspect
KAR/DAV/2024/1154,Pahal Lanka,Primary Suspect
KAR/BEL/2024/0870,Pahal Lanka,Primary Suspect
KAR/SHI/2024/1120,Pahal Lanka,Primary Suspect
KAR/RAI/2024/0957,Abhiram Bava,Accomplice
KAR/BEN/2024/0668,Jairaj Bains,Primary Suspect
KAR/BEN/2024/1531,Eesha Trivedi,Co-conspirator
KAR/VIJ/2024/0469,Viraj Datta,Accomplice
KAR/MAN/2024/0556,Pavani Apte,Primary Suspect
KAR/HAS/2024/1426,Vincent Iyengar,Accomplice
KAR/BEN/2024/2021,Oliver Kibe,Primary Suspect
KAR/BEN/2024/1884,Nitesh Wali,Primary Suspect
KAR/BEN/2024/0810,Jagdish Nagar,Co-conspirator
KAR/BEN/2024/0758,Qushi Amble,Co-conspirator
KAR/MAN/2024/0189,Dominic Mani,Primary Suspect
KAR/BEN/2024/2119,Udant Badal,Accomplice
KAR/KAL/2024/1174,Jai Pradhan,Co-conspirator
KAR/RAI/2024/0226,Jason Vohra,Primary Suspect
KAR/BAL/2024/1788,Baljiwan Ray,Accomplice
KAR/HAS/2024/1976,Laksh Dugar,Co-conspirator
KAR/BEN/2024/2314,Rishi Contractor,Co-conspirator
KAR/BEN/2024/0839,Tanay Srivastava,Accomplice
KAR/DAV/2024/2373,Garima Shanker,Primary Suspect
KAR/BEN/2024/2303,Ekavir Dave,Primary Suspect
KAR/KOP/2024/0312,Tanay Jain,Primary Suspect
KAR/KOP/2024/0241,Bhavika Choudhury,Accomplice
KAR/BEN/2024/1072,Mugdha Sehgal,Primary Suspect
KAR/BEN/2024/0976,Chaitanya Dua,Accomplice
KAR/BEN/2024/0319,Indali Hora,Primary Suspect
KAR/KOP/2024/1205,Wahab Bahri,Co-conspirator
KAR/HUB/2024/0953,Samuel Saraf,Accomplice
KAR/TUM/2024/1586,Mitesh Sundaram,Primary Suspect
KAR/BID/2024/1448,Rachana Edwin,Accomplice
KAR/HUB/2024/0634,Wridesh Bhatnagar,Accomplice
KAR/MYS/2024/1042,Nihal Gala,Co-conspirator
KAR/BEN/2024/0931,Zansi Jaggi,Co-conspirator
KAR/BID/2024/1135,Aarna Raja,Primary Suspect
KAR/BEN/2024/1480,Jai Bala,Co-conspirator
KAR/UDU/2024/1496,Yagnesh Pall,Accomplice
KAR/BEN/2024/1836,Ranbir Sagar,Primary Suspect
KAR/BEN/2024/0856,Vedant Jha,Accomplice
KAR/DAV/2024/0366,Ikbal Deo,Accomplice
KAR/DAV/2024/2103,Vivaan Ram,Co-conspirator
KAR/RAI/2024/1964,Pooja Kuruvilla,Accomplice
KAR/KAL/2024/1357,Aayush Hayre,Co-conspirator
KAR/KAL/2024/0075,Yatan Tripathi,Accomplice
KAR/HUB/2024/1523,Chaitaly Bava,Co-conspirator
KAR/BEN/2024/0790,Ayaan Warrior,Co-conspirator
KAR/TUM/2024/1926,Alexander Misra,Co-conspirator
KAR/BAL/2024/1052,Timothy Mishra,Accomplice
KAR/KOL/2024/2394,Banjeet Jani,Accomplice
KAR/KAL/2024/1244,Fiyaz Swamy,Accomplice
KAR/BEN/2024/0054,Samuel Dora,Co-conspirator
KAR/BAL/2024/1366,Arin Sethi,Primary Suspect
KAR/BEN/2024/1118,Vritti Bal,Primary Suspect
KAR/TUM/2024/0186,Unni Rajagopalan,Primary Suspect
KAR/BEN/2024/0726,Jonathan Venkatesh,Accomplice
KAR/MAN/2024/1068,Akshay Suri,Accomplice
KAR/UDU/2024/1815,Mekhala Sridhar,Primary Suspect
KAR/HUB/2024/0345,Krisha Ratta,Primary Suspect
KAR/BEN/2024/0653,Ekapad Varma,Accomplice
KAR/KAL/2024/1368,Maanas Kar,Co-conspirator
KAR/TUM/2024/1141,Neelima Gola,Accomplice
KAR/MAN/2024/2078,Victor Balay,Primary Suspect
KAR/BEN/2024/0129,Abhimanyu Nagy,Accomplice
KAR/BEN/2024/1213,Rushil Sarin,Primary Suspect
KAR/BEN/2024/1784,Hitesh Narasimhan,Co-conspirator
KAR/BEN/2024/1621,Sarthak Natt,Co-conspirator
KAR/BAL/2024/1234,Bahadurjit Rao,Accomplice
KAR/TUM/2024/2453,Banjeet Shukla,Primary Suspect
KAR/MAN/2024/1943,Tanay Srivastava,Accomplice
KAR/BEN/2024/0857,Mitesh Hayer,Accomplice
KAR/KOL/2024/1553,Ojasvi Shetty,Accomplice
KAR/TUM/2024/1926,Dalaja Gala,Primary Suspect
KAR/TUM/2024/0774,Samaksh Bhasin,Co-conspirator
KAR/BAL/2024/1788,Jeet Sunder,Accomplice
KAR/DAV/2024/0717,Darpan Bhattacharyya,Primary Suspect
KAR/SHI/2024/0430,Guneet Krishnan,Accomplice
KAR/UDU/2024/0231,Omkaar D’Alia,Primary Suspect
KAR/RAI/2024/0489,Dominic Mitter,Co-conspirator
KAR/DAV/2024/2020,Jonathan Kamdar,Primary Suspect
KAR/KOL/2024/1303,Anay Sachdev,Primary Suspect
KAR/BEN/2024/2089,Andrew Chhabra,Accomplice
KAR/KAL/2024/2025,Arin Thakur,Primary Suspect
KAR/DAV/2024/0882,Avi Parekh,Primary Suspect
KAR/VIJ/2024/1462,Manthan Mallick,Primary Suspect
KAR/DAV/2024/1004,Ayushman Chadha,Co-conspirator
KAR/BEL/2024/1672,Frederick Ramakrishnan,Co-conspirator
KAR/HUB/2024/0895,Samesh Keer,Accomplice
KAR/BID/2024/2256,Yasti Saxena,Primary Suspect
KAR/BEL/2024/0745,Arin Lata,Accomplice
KAR/BEN/2024/0409,Tanveer Gupta,Accomplice
KAR/BID/2024/2290,Banjeet Sule,Primary Suspect
KAR/BEN/2024/0785,Victor Goel,Co-conspirator
KAR/HUB/2024/0063,Simon Vaidya,Primary Suspect
KAR/BEN/2024/2448,Avi Batta,Accomplice
KAR/HUB/2024/0953,Jason Mallick,Accomplice
KAR/BID/2024/1395,Elijah Jha,Primary Suspect
KAR/BEN/2024/0758,Rudra Mahajan,Co-conspirator
KAR/UDU/2024/0458,Rachit Saraf,Accomplice
KAR/BEN/2024/0491,Kalpit Shukla,Primary Suspect
KAR/RAI/2024/2268,Aryan Sethi,Accomplice
KAR/BEN/2024/0976,Warjas Varma,Accomplice
KAR/BEL/2024/1024,Manbir Sankar,Co-conspirator
KAR/BEN/2024/0148,Nihal Rao,Primary Suspect
KAR/BEN/2024/1424,Tanmayi Saraf,Accomplice
KAR/KOP/2024/0010,Aradhana Murthy,Co-conspirator
KAR/KAL/2024/1344,Aarush Kala,Accomplice
KAR/BEN/2024/1981,Suhani Suresh,Primary Suspect
KAR/BEN/2024/1784,Azad Sehgal,Co-conspirator
KAR/UDU/2024/1828,Chakradev Shanker,Primary Suspect
KAR/BEN/2024/0124,Gabriel Vaidya,Primary Suspect
KAR/BEN/2024/1852,Tejas Muni,Primary Suspect
KAR/BEN/2024/2258,Amruta Gade,Primary Suspect
KAR/BEN/2024/1616,Ekantika Mammen,Accomplice
KAR/TUM/2024/1493,Hredhaan Bobal,Accomplice
KAR/HUB/2024/0262,Tejas Oak,Primary Suspect
KAR/TUM/2024/2187,Raghav Pau,Accomplice
KAR/BEN/2024/1550,Mitesh Sundaram,Accomplice
KAR/UDU/2024/1815,Eta Goswami,Accomplice
KAR/MAN/2024/0288,Arin Thakur,Co-conspirator
KAR/TUM/2024/1666,Maanav Bajwa,Accomplice
KAR/BEN/2024/0944,Onveer Aggarwal,Co-conspirator
KAR/KAL/2024/0599,Samaksh Bhalla,Co-conspirator
KAR/BEN/2024/1391,Anthony Gupta,Co-conspirator
KAR/BEN/2024/2169,Vinaya Balasubramanian,Accomplice
KAR/KOP/2024/1912,David Bains,Primary Suspect
KAR/SHI/2024/1579,Sai Koshy,Primary Suspect
KAR/VIJ/2024/1260,Samaksh Bail,Co-conspirator
KAR/BEN/2024/0147,Baljiwan Chatterjee,Primary Suspect
KAR/CHI/2024/0602,Manan Goswami,Co-conspirator
KAR/BEN/2024/1255,Azaan Dugar,Primary Suspect
KAR/BEN/2024/0457,Hredhaan Sangha,Accomplice
KAR/BEN/2024/2174,Lohit Bora,Co-conspirator
KAR/KOP/2024/1812,Eshana Bhagat,Primary Suspect
KAR/SHI/2024/2471,Shaurya Divan,Primary Suspect
KAR/BEN/2024/0467,Champak Iyer,Co-conspirator
KAR/KOL/2024/0107,Gayathri Sura,Co-conspirator
KAR/BEN/2024/2042,Tejas Oak,Co-conspirator
KAR/HUB/2024/0802,Kiaan Chaudhry,Primary Suspect
KAR/SHI/2024/0751,Pranit Dass,Co-conspirator
KAR/MYS/2024/2363,Advik More,Primary Suspect
KAR/BEN/2024/0686,Arin Lata,Primary Suspect
KAR/RAI/2024/0475,Idika Gandhi,Co-conspirator
KAR/BEN/2024/2175,Urmi Gaba,Co-conspirator
KAR/BAL/2024/1234,Jackson Bal,Co-conspirator
KAR/BEN/2024/0833,Timothy Barman,Primary Suspect
KAR/BEN/2024/1634,Udarsh Bawa,Primary Suspect
KAR/BEN/2024/0561,Umang Jani,Co-conspirator
KAR/KOP/2024/1762,Aadhya Raman,Primary Suspect
KAR/BEN/2024/1737,Tanvi Soni,Co-conspirator
KAR/BEN/2024/2108,Laksh Dugar,Accomplice
KAR/BEL/2024/2344,Aarush Acharya,Primary Suspect
KAR/KOP/2024/0251,Krishna Chahal,Co-conspirator
KAR/MAN/2024/2202,Dakshesh Das,Accomplice
KAR/VIJ/2024/1752,Advaith Chadha,Primary Suspect
KAR/HUB/2024/0178,Yug Sehgal,Co-conspirator
KAR/MAN/2024/2155,Nakul Chakrabarti,Primary Suspect
KAR/BEN/2024/0027,Alexander Malhotra,Co-conspirator
KAR/BEN/2024/0744,Yug Mahajan,Primary Suspect
KAR/HAS/2024/0436,Ojas Taneja,Primary Suspect
KAR/BEN/2024/0856,Jeremiah Shere,Accomplice
KAR/KAL/2024/0655,Gagan Subramaniam,Co-conspirator
KAR/CHI/2024/1438,Kevin Korpal,Primary Suspect
KAR/BAL/2024/1403,Nidra Wagle,Co-conspirator
KAR/MAN/2024/1151,Amara Bhandari,Accomplice
KAR/DAV/2024/2391,Chaitanya Sarkar,Accomplice
KAR/BID/2024/1203,Jasmit Chada,Co-conspirator
KAR/VIJ/2024/0540,Nathan Bala,Primary Suspect
KAR/BEN/2024/0640,Noah Gandhi,Accomplice
KAR/MAN/2024/2023,Tarak Sha,Co-conspirator
KAR/BEN/2024/1629,Arin Wason,Accomplice
KAR/BEN/2024/2428,Panini Salvi,Accomplice
KAR/RAI/2024/0361,Tarak Das,Accomplice
KAR/HAS/2024/1711,Vritti Mahal,Primary Suspect
KAR/KOP/2024/1919,Anirudh Badami,Co-conspirator
KAR/RAI/2024/1517,Xalak Tiwari,Primary Suspect
KAR/HUB/2024/0533,Amol Cheema,Accomplice
KAR/BEN/2024/1373,Indrajit Buch,Accomplice
KAR/TUM/2024/1984,Caleb Bhattacharyya,Co-conspirator
KAR/BEN/2024/1062,Ryan Varkey,Co-conspirator
KAR/MAN/2024/0397,Neha Bains,Accomplice
KAR/BEN/2024/1237,Benjamin Varkey,Primary Suspect
KAR/BEN/2024/2096,Nicholas Minhas,Primary Suspect
KAR/BEN/2024/0322,Qasim Bera,Accomplice
KAR/BID/2024/0956,Hitesh Sangha,Co-conspirator
KAR/SHI/2024/1224,Kalpit Bhatia,Primary Suspect
KAR/HAS/2024/0761,Pranit Kata,Primary Suspect
KAR/BEN/2024/0840,Rudra Chatterjee,Accomplice
KAR/BEN/2024/2177,Logan Sha,Co-conspirator
KAR/BEN/2024/1781,Zayyan Kade,Accomplice
KAR/CHI/2024/0864,Lakshit Kala,Primary Suspect
KAR/KOP/2024/0981,Balvan Prasad,Accomplice
KAR/KOP/2024/2217,Nirja Master,Primary Suspect
KAR/MYS/2024/2106,Matthew Sha,Accomplice
KAR/HUB/2024/0336,Arjun Choudhary,Accomplice
KAR/HUB/2024/1593,Wriddhish Bora,Primary Suspect
KAR/BEN/2024/0152,Henry Gade,Accomplice
KAR/HAS/2024/0761,Rayaan Soni,Primary Suspect
KAR/BEN/2024/2192,Saksham Nath,Accomplice
KAR/BEN/2024/0095,Amara Hari,Co-conspirator
KAR/VIJ/2024/2434,Megha Roy,Primary Suspect
KAR/BEN/2024/2386,Falan Dugar,Accomplice
KAR/BEN/2024/2253,Tanveer Prasad,Co-conspirator
KAR/BEN/2024/1382,Indrajit Banik,Accomplice
KAR/BEN/2024/0038,Matthew Brar,Primary Suspect
KAR/BEN/2024/1898,Hemang Bhatia,Accomplice
KAR/BEN/2024/2350,Wridesh Dhar,Co-conspirator
KAR/MYS/2024/1570,Onkar Doshi,Accomplice
KAR/BEN/2024/0512,Indira Kothari,Co-conspirator
KAR/BEN/2024/2498,Bakhshi Kurian,Co-conspirator
KAR/BEN/2024/0173,Unnati Gour,Primary Suspect
KAR/BID/2024/0897,Harshil Chaudhary,Accomplice
KAR/BEN/2024/2247,Anirudh Menon,Co-conspirator
KAR/SHI/2024/0234,Lohit Rajagopalan,Co-conspirator
KAR/BAL/2024/2370,Upadhriti Karpe,Primary Suspect
KAR/BEN/2024/2214,Ekapad Goel,Co-conspirator
KAR/BEN/2024/1656,Sanya Bedi,Co-conspirator
KAR/BEN/2024/0936,Radha Sane,Accomplice
KAR/BEN/2024/1108,Amaira Tandon,Co-conspirator
KAR/HUB/2024/1791,Brijesh Chander,Accomplice
KAR/BEN/2024/0944,Victor Kibe,Co-conspirator
KAR/BEN/2024/0415,Irya Randhawa,Co-conspirator
KAR/MYS/2024/0139,Noah Yadav,Primary Suspect
KAR/BEN/2024/2499,Chakradev Basak,Accomplice
KAR/BEL/2024/0098,Vedhika Pau,Co-conspirator
KAR/UDU/2024/0738,Ayushman Sahni,Accomplice
KAR/MAN/2024/0890,Rushil Natarajan,Primary Suspect
KAR/RAI/2024/0475,Ishanvi Jhaveri,Co-conspirator
KAR/KOP/2024/0034,Warinder Dhillon,Accomplice
KAR/MAN/2024/0978,Amol Thakkar,Co-conspirator
KAR/KAL/2024/0847,Hitesh Nair,Co-conspirator
KAR/KAL/2024/0847,Nakul Tara,Primary Suspect
KAR/HAS/2024/1802,Dakshesh Nigam,Co-conspirator
KAR/UDU/2024/1100,Eesha Mangat,Primary Suspect
KAR/BEN/2024/2200,Yoshita Natt,Primary Suspect
KAR/BEN/2024/0753,Lavanya Mann,Accomplice
KAR/KAL/2024/0310,Akshay Bhavsar,Primary Suspect
KAR/MAN/2024/1228,William Bhavsar,Primary Suspect
KAR/CHI/2024/0838,Zilmil Sathe,Co-conspirator
KAR/MAN/2024/2469,Arin Sethi,Primary Suspect
KAR/HAS/2024/2407,Tarak Jha,Co-conspirator
KAR/SHI/2024/0767,Utkarsh Nori,Accomplice
KAR/BEN/2024/1923,Urvi Basu,Accomplice
KAR/BEN/2024/2319,Chatura Chawla,Accomplice
KAR/BEN/2024/1299,Liam Bakshi,Accomplice
KAR/BEN/2024/1642,Rishi More,Primary Suspect
KAR/BEN/2024/1208,Yashica De,Accomplice
KAR/CHI/2024/0693,Jeet Nanda,Primary Suspect
KAR/BID/2024/1654,Lajita Pandya,Accomplice
KAR/VIJ/2024/0673,Ikbal Kumer,Co-conspirator
KAR/BEN/2024/2367,Yuvraj Bawa,Accomplice
KAR/BEL/2024/2358,Amaira Shah,Primary Suspect
KAR/BEN/2024/1621,Radhika Bhatt,Co-conspirator
KAR/UDU/2024/0206,Jonathan Kashyap,Primary Suspect
KAR/BEN/2024/0144,Dakshesh Nigam,Co-conspirator
KAR/BEN/2024/1607,Sachi Goyal,Co-conspirator
KAR/KOP/2024/1585,Gavin Gera,Primary Suspect
KAR/HAS/2024/0225,Utkarsh Deshpande,Co-conspirator
KAR/MYS/2024/1821,Omkaar Bhatnagar,Accomplice
KAR/DAV/2024/0227,Timothy Sampath,Primary Suspect
KAR/MAN/2024/1767,Joshua Singhal,Accomplice
KAR/BEN/2024/0072,Yuvraj Kunda,Accomplice
KAR/KAL/2024/0901,Hemal Kalla,Co-conspirator
KAR/BEN/2024/1740,Hredhaan Ahluwalia,Co-conspirator
KAR/KOP/2024/1215,Caleb Bhattacharyya,Accomplice
KAR/BEN/2024/1489,Ekapad Khurana,Accomplice
KAR/BID/2024/1080,Parth Mammen,Primary Suspect
KAR/DAV/2024/2109,Om Bhalla,Co-conspirator
KAR/MYS/2024/1396,Harsh Patil,Co-conspirator
KAR/MAN/2024/0786,Brijesh Sathe,Co-conspirator
KAR/KOL/2024/0198,Peter Pall,Co-conspirator
KAR/BEN/2024/0856,Henry Pau,Co-conspirator
KAR/DAV/2024/1302,Indira Ratti,Co-conspirator
KAR/SHI/2024/0544,Neel Sarkar,Primary Suspect
KAR/BEL/2024/2242,Dakshesh Das,Primary Suspect
KAR/BEN/2024/0868,Kabir Sem,Primary Suspect
KAR/RAI/2024/1838,Pranit Lad,Co-conspirator
KAR/BEN/2024/0525,Zehaan Srivastava,Co-conspirator
KAR/BEN/2024/0173,Falan De,Primary Suspect
KAR/CHI/2024/2065,Maanas Sengupta,Co-conspirator
KAR/BEN/2024/1834,Unni Balay,Primary Suspect
KAR/MAN/2024/1088,Idika Tandon,Accomplice
KAR/SHI/2024/1965,Nilima Narang,Co-conspirator
KAR/HAS/2024/1974,Daksh Dhawan,Primary Suspect
KAR/RAI/2024/0489,Yash Narayan,Co-conspirator
KAR/BEN/2024/1921,Zaid Mammen,Primary Suspect
KAR/VIJ/2024/2185,Banjeet Kapadia,Co-conspirator
KAR/BEN/2024/2413,Onveer Venkatesh,Co-conspirator
KAR/BEN/2024/0277,Anirudh Kuruvilla,Co-conspirator
KAR/BEN/2024/2321,Gayathri Sura,Co-conspirator
KAR/HAS/2024/2107,Priya Kurian,Primary Suspect
KAR/BEN/2024/0301,Onkar Palla,Co-conspirator
KAR/MYS/2024/2438,Christopher Brahmbhatt,Accomplice
KAR/BAL/2024/0633,Prisha Pandey,Co-conspirator
KAR/BEN/2024/2270,Bina Gola,Primary Suspect
KAR/BEN/2024/2292,Amruta Gade,Co-conspirator
KAR/BAL/2024/0573,Mitesh Oak,Co-conspirator
KAR/UDU/2024/0825,Lohit Behl,Primary Suspect
KAR/CHI/2024/1528,Jackson Krishna,Primary Suspect
KAR/KOL/2024/0638,Ekaraj Koshy,Accomplice
KAR/BEN/2024/0947,Vaishnavi Chanda,Accomplice
KAR/BID/2024/1342,Vansha Sem,Primary Suspect
KAR/TUM/2024/0986,Jasmit Chada,Accomplice
KAR/BEL/2024/1808,Owen Nori,Primary Suspect
KAR/BEN/2024/2367,Kabir Sampath,Accomplice
KAR/KOP/2024/0325,Tanveer Prasad,Co-conspirator
KAR/BEL/2024/0866,Nihal Bose,Primary Suspect
KAR/DAV/2024/0044,Noah Merchant,Co-conspirator
KAR/HUB/2024/1258,Manan Pradhan,Accomplice
KAR/TUM/2024/1141,Manan Rau,Co-conspirator
KAR/BEN/2024/0763,Frederick Bhatt,Primary Suspect
KAR/MAN/2024/0298,Tamanna Anne,Co-conspirator
KAR/BEN/2024/1470,Theodore Chowdhury,Co-conspirator
KAR/BEL/2024/1731,Wridesh Dube,Primary Suspect
KAR/MAN/2024/0123,Charan Varma,Primary Suspect
KAR/CHI/2024/1750,Vamakshi Sengupta,Accomplice
KAR/BEN/2024/1086,Inaya Khalsa,Primary Suspect
KAR/BEN/2024/0705,Ikshita Bhasin,Accomplice
KAR/BEN/2024/1041,Azad Dani,Accomplice
KAR/MAN/2024/1074,Lakshmi Uppal,Primary Suspect
KAR/BEN/2024/0514,Yashica Mallick,Accomplice
KAR/BEN/2024/1936,Patrick Bora,Co-conspirator
KAR/HUB/2024/0262,Panini Baria,Co-conspirator
KAR/HAS/2024/2388,Aadhya Kala,Accomplice
KAR/DAV/2024/1617,Ijaya Bail,Co-conspirator
KAR/KOL/2024/1624,Ansh Agarwal,Co-conspirator
KAR/VIJ/2024/0199,Atharv Luthra,Primary Suspect
KAR/BAL/2024/0012,Samaksh Bhalla,Primary Suspect
KAR/DAV/2024/2103,Chavvi Doctor,Primary Suspect
KAR/BEN/2024/2301,Kashish Sawhney,Primary Suspect
KAR/KOP/2024/1215,Veer Basu,Accomplice
KAR/BEN/2024/1002,Jacob Virk,Accomplice
KAR/BAL/2024/1805,Onveer Solanki,Primary Suspect
KAR/BEN/2024/2258,Ekbal Sawhney,Accomplice
KAR/BEN/2024/0359,Bina Naik,Co-conspirator
KAR/BID/2024/1654,Tanish Bava,Co-conspirator
KAR/BEN/2024/1556,Om Tak,Accomplice
KAR/UDU/2024/1130,Ekantika Mammen,Accomplice
KAR/CHI/2024/1528,Lohit Dasgupta,Co-conspirator
KAR/VIJ/2024/1778,Gaurav Issac,Co-conspirator
KAR/BEN/2024/1200,Noah Pal,Co-conspirator
KAR/DAV/2024/0354,Hardik Chandran,Accomplice
KAR/MAN/2024/1775,Samuel Dass,Co-conspirator
KAR/KOL/2024/1798,Dhruv Barad,Accomplice
KAR/BEN/2024/2144,Azaan Bir,Primary Suspect
KAR/BEN/2024/0707,Priya Kurian,Primary Suspect
KAR/BEN/2024/0086,Nakul Khalsa,Co-conspirator
KAR/BEN/2024/1601,Upadhriti Karpe,Accomplice
KAR/HUB/2024/2137,Reyansh Sundaram,Co-conspirator
KAR/BEN/2024/2365,Viraj Kulkarni,Accomplice
KAR/KOL/2024/0808,Triya Ahuja,Accomplice
KAR/HUB/2024/0178,Abdul Deshmukh,Primary Suspect
KAR/MAN/2024/1099,Hredhaan Ahluwalia,Primary Suspect
KAR/BEN/2024/1956,Upma Lal,Primary Suspect
KAR/KOP/2024/1205,Anamika Merchant,Co-conspirator
KAR/BEN/2024/0511,Girik Rajan,Co-conspirator
KAR/HUB/2024/0063,Zayan Magar,Co-conspirator
KAR/HAS/2024/1711,Avi Batta,Primary Suspect
KAR/BEN/2024/0359,Qasim Rege,Co-conspirator
KAR/BEN/2024/1315,Indrajit Buch,Primary Suspect
KAR/KOL/2024/1038,Ekapad Nanda,Primary Suspect
KAR/VIJ/2024/1156,Liam Dhaliwal,Co-conspirator
KAR/KOL/2024/0179,Maanas Dar,Co-conspirator
KAR/HUB/2024/1165,Yuvraj Bhagat,Primary Suspect
KAR/BEL/2024/0870,Xavier Sarna,Co-conspirator
KAR/RAI/2024/2029,Falan Bhasin,Primary Suspect
KAR/BEN/2024/2198,Jackson Tella,Primary Suspect
KAR/BEL/2024/1759,Noah Merchant,Co-conspirator
KAR/BEN/2024/1281,Balendra Bhardwaj,Primary Suspect
KAR/MAN/2024/1742,Kamya Ram,Accomplice
KAR/BEL/2024/0121,Vansha Iyer,Co-conspirator
KAR/KAL/2024/1807,Oliver Iyer,Primary Suspect
KAR/BAL/2024/0765,Siddharth Natarajan,Primary Suspect
KAR/BEN/2024/0472,Wahab Ahuja,Accomplice
KAR/BID/2024/1285,Keya Tata,Accomplice
KAR/BID/2024/0880,Gavin Bassi,Accomplice
KAR/HUB/2024/1165,Arin Lata,Accomplice
KAR/BEN/2024/1629,Karan Kala,Primary Suspect
KAR/BEN/2024/0585,Dakshesh Chaudry,Primary Suspect
KAR/KOL/2024/0235,Anjali Verma,Primary Suspect
KAR/DAV/2024/1272,Sneha Bandi,Primary Suspect
KAR/SHI/2024/0001,Praneel Batta,Accomplice
KAR/BEN/2024/0824,Kiaan Gola,Accomplice
KAR/KOL/2024/1034,Anika Tank,Co-conspirator
KAR/BID/2024/2091,Gopal Mallick,Co-conspirator
KAR/BEN/2024/0494,Hredhaan Kar,Primary Suspect
KAR/VIJ/2024/0673,Jackson Bal,Co-conspirator
KAR/VIJ/2024/1193,Osha Narula,Primary Suspect
KAR/MAN/2024/1233,Fitan Dugal,Accomplice
KAR/BEN/2024/2241,Gagan Rattan,Co-conspirator
KAR/KOL/2024/2004,Yasti Contractor,Primary Suspect
KAR/BEN/2024/1385,Zilmil Sathe,Accomplice
KAR/BEN/2024/0246,Ranveer Dhingra,Co-conspirator
KAR/BEL/2024/1202,Sanaya Acharya,Primary Suspect
KAR/MYS/2024/1042,Rudra Mutti,Accomplice
KAR/BEN/2024/1848,Vedika Sharaf,Co-conspirator
KAR/DAV/2024/2430,Aayush Balakrishnan,Primary Suspect
KAR/KOP/2024/0507,Aarush Acharya,Accomplice
KAR/BEN/2024/2063,Jackson Andra,Primary Suspect
KAR/KOL/2024/2146,Chakradhar Chaudhuri,Co-conspirator
KAR/TUM/2024/1421,Ishaan Pillai,Accomplice
KAR/KAL/2024/0971,Kamya Sachdev,Primary Suspect
KAR/BEN/2024/1500,Varsha Sen,Primary Suspect
KAR/BEN/2024/1071,Shaurya Nadig,Co-conspirator
KAR/SHI/2024/2323,Akshay Parmar,Primary Suspect
KAR/BEN/2024/2151,Gopal Mallick,Primary Suspect
KAR/BEN/2024/0944,Odika Sem,Co-conspirator
KAR/RAI/2024/1293,Peter Pall,Primary Suspect
KAR/BEN/2024/1958,Hredhaan Gola,Accomplice
KAR/UDU/2024/0058,Gunbir Nori,Primary Suspect
KAR/BEN/2024/0815,Urishilla Dara,Accomplice
KAR/SHI/2024/1623,Pooja Kuruvilla,Co-conspirator
KAR/SHI/2024/1400,Tarak Sama,Accomplice
KAR/BID/2024/1214,Atharv Iyer,Co-conspirator
KAR/KOL/2024/1738,Guneet Das,Accomplice
KAR/SHI/2024/0819,Jeet Chada,Primary Suspect
KAR/SHI/2024/2425,Rudra Majumdar,Primary Suspect
KAR/SHI/2024/2239,Isaac Behl,Co-conspirator
KAR/BEN/2024/0756,Banjeet Rajagopalan,Primary Suspect
KAR/BEN/2024/1249,Jacob Virk,Co-conspirator
KAR/BEN/2024/0155,Suhani Kannan,Accomplice
KAR/BEN/2024/0215,Hemang Setty,Primary Suspect
KAR/VIJ/2024/2236,Aarnav Kala,Primary Suspect
KAR/UDU/2024/1361,Diya Sheth,Primary Suspect
KAR/BEN/2024/0680,Samarth Raval,Primary Suspect
KAR/UDU/2024/0918,Hitesh Goswami,Co-conspirator
KAR/MAN/2024/1088,Avi Randhawa,Primary Suspect
KAR/UDU/2024/0685,Kabir Krishnan,Co-conspirator
KAR/BEN/2024/1692,Hredhaan Shenoy,Accomplice
KAR/MYS/2024/0446,Ansh Menon,Primary Suspect
KAR/MYS/2024/0543,Kevin Korpal,Co-conspirator
KAR/KAL/2024/0212,Sanaya Minhas,Primary Suspect
KAR/BEN/2024/1470,Krish Ben,Co-conspirator
KAR/BEN/2024/0990,Gopal Prakash,Primary Suspect
KAR/DAV/2024/1879,Dakshesh Nigam,Primary Suspect
KAR/BEN/2024/0377,Dakshesh Chatterjee,Co-conspirator
KAR/UDU/2024/2130,Parth Manda,Accomplice
KAR/BEN/2024/1236,Azaan Deshmukh,Co-conspirator
KAR/KAL/2024/2406,Reyansh Khare,Co-conspirator
KAR/SHI/2024/0637,Caleb Dalal,Co-conspirator
KAR/KOP/2024/1541,Manthan Kapadia,Co-conspirator
KAR/UDU/2024/1761,Triveni Khalsa,Accomplice
KAR/MAN/2024/1088,Samar Dalal,Primary Suspect
KAR/MAN/2024/2417,Garima Pingle,Primary Suspect
KAR/BEN/2024/2039,Rehaan Narain,Co-conspirator
KAR/BEN/2024/1903,Chanakya Sood,Co-conspirator
KAR/BEN/2024/1728,Kalpit Bhatia,Accomplice
KAR/SHI/2024/2361,Noah Merchant,Primary Suspect
KAR/BEL/2024/1774,Dhriti Keer,Co-conspirator
KAR/BEN/2024/0140,Rachana Muni,Accomplice
KAR/BEN/2024/2149,Mohammed Bail,Accomplice
KAR/BEN/2024/0111,Abhiram Atwal,Primary Suspect
KAR/SHI/2024/1190,Balendra Gopal,Primary Suspect
KAR/BEN/2024/1346,Vansha Sem,Accomplice
KAR/BEN/2024/0904,Sarthak Nazareth,Primary Suspect
KAR/BEN/2024/1398,Chanakya Dasgupta,Accomplice
KAR/HAS/2024/1337,Sanya Bedi,Primary Suspect
KAR/BEN/2024/0822,Odika Wali,Accomplice
KAR/TUM/2024/2347,Indrajit Boase,Primary Suspect
KAR/BEN/2024/2204,Maanav Bajwa,Co-conspirator
KAR/BEN/2024/0982,Meera Bala,Accomplice
KAR/BEN/2024/1213,Onveer Shere,Accomplice
KAR/BEN/2024/0449,Gunbir Nori,Primary Suspect
KAR/HUB/2024/0733,Falak Sehgal,Co-conspirator
KAR/BEL/2024/2293,Leena Chauhan,Accomplice
KAR/BEN/2024/2093,Krishna Nadkarni,Co-conspirator
KAR/MAN/2024/0703,Unnati Panchal,Primary Suspect
KAR/BEN/2024/0747,Ranveer Mukhopadhyay,Co-conspirator
KAR/BEN/2024/2152,Tanveer Rai,Co-conspirator
KAR/BEN/2024/2190,Harshil Chaudhary,Accomplice
KAR/BEN/2024/0678,Ekansh Nazareth,Accomplice
KAR/BEN/2024/0639,Madhav Kuruvilla,Co-conspirator
KAR/CHI/2024/0700,Omkaar Dhar,Primary Suspect
KAR/KOL/2024/1657,Samuel Saraf,Co-conspirator
KAR/MAN/2024/0132,Indrajit Anne,Primary Suspect
KAR/DAV/2024/0044,Samaksh Bhat,Accomplice
KAR/KOP/2024/0082,Fitan Dey,Primary Suspect
KAR/SHI/2024/2323,Jason Biswas,Primary Suspect
KAR/BEN/2024/0374,Thomas Gandhi,Co-conspirator
KAR/BEN/2024/0080,Jairaj Nayak,Accomplice
KAR/UDU/2024/1471,Joshua Singhal,Co-conspirator
KAR/KAL/2024/1776,Pratyush Sha,Accomplice
KAR/HAS/2024/0192,Rishi Contractor,Co-conspirator
KAR/TUM/2024/0780,Patrick Kota,Co-conspirator
KAR/BEN/2024/0646,Anthony Madan,Primary Suspect
KAR/BEN/2024/1194,Charvi Sheth,Accomplice
KAR/SHI/2024/0476,Vincent Dara,Co-conspirator
KAR/KOL/2024/0638,Yashica De,Primary Suspect
KAR/BEN/2024/0640,Baljiwan Sandhu,Accomplice
KAR/MAN/2024/1460,Ekaraj Din,Co-conspirator
KAR/BEN/2024/2229,Ekapad Ram,Accomplice
KAR/KOL/2024/0198,Finn Oza,Co-conspirator
KAR/BEN/2024/2017,Pranit Dass,Accomplice
KAR/BEN/2024/0600,Brijesh Doctor,Primary Suspect
KAR/BAL/2024/0214,Varsha Dewan,Co-conspirator
KAR/RAI/2024/1447,Raghav Raj,Accomplice
KAR/BID/2024/1503,Christopher Magar,Accomplice
KAR/BEN/2024/1514,Nachiket Raja,Accomplice
KAR/HUB/2024/0881,Balhaar Puri,Co-conspirator
KAR/CHI/2024/1528,Alexander Agarwal,Primary Suspect
KAR/MAN/2024/0326,Pranav Puri,Accomplice
KAR/BEL/2024/1008,Anamika Ravel,Co-conspirator
KAR/BEN/2024/1171,Chatura Din,Co-conspirator
KAR/MAN/2024/1767,Henry Gade,Accomplice
KAR/BEN/2024/1978,Unnati Mishra,Primary Suspect
KAR/CHI/2024/0921,Fitan Bali,Accomplice
KAR/BEN/2024/2243,Nitesh Mander,Co-conspirator
KAR/SHI/2024/0945,Bachittar Hari,Accomplice
KAR/TUM/2024/1640,Vedhika Rai,Primary Suspect
KAR/RAI/2024/0648,Mitesh Sinha,Co-conspirator
KAR/RAI/2024/1447,Zinal Narang,Co-conspirator
KAR/CHI/2024/0209,Aahana Khalsa,Co-conspirator
KAR/KOL/2024/0523,Sai Koshy,Primary Suspect
KAR/BEN/2024/0442,Dakshesh Gour,Accomplice
KAR/BEN/2024/1684,Ryan Gole,Co-conspirator
KAR/BAL/2024/0633,Timothy Narayanan,Primary Suspect
KAR/BAL/2024/1924,Girish Peri,Co-conspirator
KAR/SHI/2024/0902,Daksh Kumar,Co-conspirator
KAR/MAN/2024/1905,Jai Oommen,Accomplice
KAR/BEL/2024/0327,Mugdha Kothari,Accomplice
KAR/BID/2024/0956,Warinder Mutti,Primary Suspect
KAR/VIJ/2024/0670,Balveer Ghose,Accomplice
KAR/UDU/2024/2216,Hredhaan Gola,Primary Suspect
KAR/UDU/2024/2055,Joshua Dugar,Accomplice
KAR/BEN/2024/0772,Tanay Bose,Co-conspirator
KAR/BEN/2024/1683,Naveen Master,Primary Suspect
KAR/SHI/2024/0553,Wahab Kala,Co-conspirator
KAR/MYS/2024/1937,Teerth Saini,Primary Suspect
KAR/BEN/2024/0581,Om Tak,Co-conspirator
KAR/DAV/2024/0529,Zayyan Kunda,Accomplice
KAR/CHI/2024/0009,Chaaya Mandal,Primary Suspect
KAR/BEN/2024/1713,Faris Upadhyay,Co-conspirator
KAR/BAL/2024/0279,Anmol Bawa,Primary Suspect
KAR/BID/2024/0880,Ekavir Prakash,Co-conspirator
KAR/HAS/2024/1961,Advaith Chadha,Co-conspirator
KAR/DAV/2024/1271,Victor Jaggi,Co-conspirator
KAR/RAI/2024/1615,Devansh Minhas,Primary Suspect
KAR/CHI/2024/0994,Chakradev Chaudhuri,Co-conspirator
KAR/BEN/2024/1452,Noah Bansal,Primary Suspect
KAR/BEN/2024/1558,Daksh Choudhury,Co-conspirator
KAR/BEN/2024/1546,Shaurya Divan,Accomplice
KAR/DAV/2024/1779,Harshil Bhatnagar,Accomplice
KAR/KOP/2024/2282,Omkaar D’Alia,Accomplice
KAR/TUM/2024/1777,Brijesh Palla,Accomplice
KAR/RAI/2024/0576,Bakhshi Kurian,Primary Suspect
KAR/MYS/2024/1066,Chandani Bora,Accomplice
KAR/BEN/2024/1839,Naveen Nigam,Accomplice
KAR/BEN/2024/2087,Lohit Tandon,Co-conspirator
KAR/BEN/2024/1552,Victor Jaggi,Accomplice
KAR/BEN/2024/0025,Dayita Deshmukh,Co-conspirator
KAR/VIJ/2024/1957,Xalak Tiwari,Accomplice
KAR/BEN/2024/1542,Jai Oommen,Primary Suspect
KAR/BEL/2024/0903,Jairaj Chadha,Accomplice
KAR/BEN/2024/2019,Tanveer Lata,Accomplice
KAR/UDU/2024/0113,Banjeet Rama,Co-conspirator
KAR/BEN/2024/0483,Hemang Shankar,Primary Suspect
KAR/BEN/2024/1415,Tamanna Kala,Accomplice
KAR/MAN/2024/1228,Odika Lall,Accomplice
KAR/BEN/2024/1062,Devansh Mangal,Co-conspirator
KAR/BEN/2024/1179,Matthew Sha,Primary Suspect
KAR/KAL/2024/1954,Baghyawati Dugar,Primary Suspect
KAR/VIJ/2024/1095,Faraj Ahluwalia,Co-conspirator
KAR/BAL/2024/1889,Christopher Brahmbhatt,Primary Suspect
KAR/BEN/2024/0758,Eshana Munshi,Co-conspirator
KAR/BEN/2024/1123,Chaitanya Thaman,Primary Suspect
KAR/BEN/2024/2342,Lavanya Sant,Accomplice
KAR/BEN/2024/0856,Diya Sengupta,Accomplice
KAR/BEN/2024/0834,Ansh Aggarwal,Accomplice
KAR/UDU/2024/1130,Vedant Cheema,Co-conspirator
KAR/HUB/2024/2337,Rishi Konda,Accomplice
KAR/SHI/2024/1070,Januja Dhaliwal,Co-conspirator
KAR/HAS/2024/1716,Balvan Soni,Primary Suspect
KAR/BEN/2024/0505,Akshay Bhavsar,Accomplice
KAR/BEN/2024/0617,Bakhshi Kurian,Co-conspirator
KAR/BEN/2024/0562,Orinder Raju,Primary Suspect
KAR/BEN/2024/0048,Bhavna Mallick,Co-conspirator
KAR/BEN/2024/1419,Jagdish Panchal,Co-conspirator
KAR/BEN/2024/1587,Jonathan Behl,Primary Suspect
KAR/HUB/2024/0977,Libni Dash,Co-conspirator
KAR/BAL/2024/1805,Ekbal Sarma,Co-conspirator
KAR/KOP/2024/0325,Nitesh Mall,Primary Suspect
KAR/RAI/2024/0464,Samesh Ramanathan,Co-conspirator
KAR/BEN/2024/1045,Mugdha Sehgal,Co-conspirator
KAR/BID/2024/1564,Jagat Keer,Co-conspirator
KAR/BEN/2024/2140,Luke Rattan,Accomplice
KAR/VIJ/2024/2360,Kalpit Modi,Accomplice
KAR/BAL/2024/2495,Faras Bedi,Accomplice
KAR/BID/2024/2016,Upasna Sunder,Primary Suspect
KAR/BEN/2024/0494,Ayaan Anand,Primary Suspect
KAR/BEN/2024/0740,Ishwar Sha,Co-conspirator
KAR/BEN/2024/2145,Udarsh Bhalla,Accomplice
KAR/BEN/2024/2444,Ekbal Sarma,Primary Suspect
KAR/BEN/2024/0173,Pratyush Muni,Accomplice
KAR/MYS/2024/2423,Ladli Bawa,Co-conspirator
KAR/BEN/2024/2270,Pratyush Srinivasan,Co-conspirator
KAR/UDU/2024/0918,Hemal Madan,Co-conspirator
KAR/BEN/2024/0133,Triveni Muni,Primary Suspect
KAR/BEN/2024/2141,Samar Dalal,Accomplice
KAR/SHI/2024/1148,Pranav Rau,Accomplice
KAR/BEN/2024/2499,Nitara Bawa,Co-conspirator
KAR/CHI/2024/1698,Samaksh Nori,Primary Suspect
KAR/MYS/2024/0208,Gagan Murthy,Co-conspirator
KAR/MAN/2024/1643,Chavvi Doctor,Accomplice
KAR/RAI/2024/0489,Patrick Tella,Accomplice
KAR/BEN/2024/0868,Krishna Kunda,Accomplice
KAR/BEN/2024/0833,Idika Sami,Co-conspirator
KAR/BID/2024/0230,Qasim Rege,Co-conspirator
KAR/HUB/2024/0814,Warjas Datta,Co-conspirator
KAR/SHI/2024/0970,Gagan Bajwa,Co-conspirator
KAR/BEN/2024/1653,Balhaar Vaidya,Primary Suspect
KAR/CHI/2024/1960,Vivaan Ram,Accomplice
KAR/BEN/2024/0471,Jyoti Biswas,Primary Suspect
KAR/CHI/2024/0017,Girish Sehgal,Accomplice
KAR/MAN/2024/1891,Hema Balan,Co-conspirator
KAR/KOL/2024/0523,Yug Sani,Primary Suspect
KAR/KOP/2024/1235,Parth Buch,Accomplice
KAR/BEN/2024/1536,Patrick Barman,Primary Suspect
KAR/DAV/2024/1154,Victor Thaker,Primary Suspect
KAR/BEN/2024/1171,Libni Dash,Accomplice
KAR/KAL/2024/0532,Gabriel Vaidya,Accomplice
KAR/KOP/2024/0162,Advaith Dhar,Primary Suspect
KAR/BID/2024/2290,Anthony Dhaliwal,Primary Suspect
KAR/RAI/2024/0226,Harrison Mangal,Accomplice
KAR/BEN/2024/2095,Ikbal Deo,Accomplice
KAR/KOP/2024/1677,Kashvi Som,Primary Suspect
KAR/BEN/2024/0680,Brijesh Agrawal,Accomplice
KAR/MAN/2024/0486,Unnati Gour,Co-conspirator
KAR/UDU/2024/2053,Zaid Kadakia,Co-conspirator
KAR/BEN/2024/2122,Om Banik,Primary Suspect
KAR/MYS/2024/2470,Rudra Majumdar,Co-conspirator
KAR/SHI/2024/0597,Pratyush Srinivasan,Co-conspirator
KAR/KAL/2024/1206,Ekanta Oak,Primary Suspect
KAR/BEN/2024/2402,Azad Dani,Primary Suspect
KAR/MYS/2024/1408,Imaran Mittal,Co-conspirator
KAR/BEN/2024/1898,Neelima Ganguly,Primary Suspect
KAR/MAN/2024/2417,Megha Sridhar,Co-conspirator
KAR/BEN/2024/0653,Libni Balasubramanian,Primary Suspect
KAR/MYS/2024/0335,Jagvi Korpal,Primary Suspect
KAR/KOP/2024/2340,Agastya Sarraf,Primary Suspect
KAR/BEN/2024/0190,Anmol Kalla,Primary Suspect
KAR/SHI/2024/0476,Ekbal Sawhney,Co-conspirator
KAR/UDU/2024/2100,Wahab Kunda,Primary Suspect
KAR/BEN/2024/2024,Fitan Wadhwa,Co-conspirator
KAR/DAV/2024/0115,Aayush Hayre,Co-conspirator
KAR/MAN/2024/1233,Samesh Wali,Primary Suspect
KAR/BEL/2024/1000,Brijesh Palla,Co-conspirator
KAR/HUB/2024/1966,Akshay Parmar,Primary Suspect
KAR/BEN/2024/0321,Sathvik Bhagat,Accomplice
KAR/BEN/2024/2397,Aarnav Char,Primary Suspect
KAR/BEN/2024/2178,Jackson Bal,Primary Suspect
KAR/DAV/2024/0097,Rohan Patla,Accomplice
KAR/BEN/2024/0505,Aayush Balakrishnan,Accomplice
KAR/BEN/2024/1936,Gautam Chaudhari,Accomplice
KAR/KOL/2024/1034,Harshil Hans,Accomplice
KAR/KOL/2024/0523,Saumya Varkey,Primary Suspect
KAR/BEN/2024/0174,Rushil Sagar,Co-conspirator
KAR/HAS/2024/2067,Girik Walia,Accomplice
KAR/BEN/2024/0675,Vansha Sem,Co-conspirator
KAR/TUM/2024/1777,Aarnav Nagar,Co-conspirator
KAR/MAN/2024/1732,Chandran Pingle,Primary Suspect
KAR/BEN/2024/0581,Triveni Sehgal,Primary Suspect
KAR/BEN/2024/0868,Lakshit Choudhury,Accomplice
KAR/BEN/2024/1642,Chatresh Ganguly,Co-conspirator
KAR/BEN/2024/2151,Mohammed Andra,Accomplice
KAR/CHI/2024/0791,Anmol Chander,Co-conspirator
KAR/MYS/2024/1066,Darpan Subramaniam,Co-conspirator
KAR/BEN/2024/0014,Nirja Goel,Co-conspirator
KAR/KOP/2024/1912,Tanveer Prasad,Co-conspirator
KAR/DAV/2024/0619,Lucky Deep,Primary Suspect
KAR/KAL/2024/1104,Devansh Sankaran,Primary Suspect
KAR/BEL/2024/0327,Anya Mann,Accomplice
KAR/BEN/2024/2279,Omisha Pai,Co-conspirator
KAR/MAN/2024/1994,Omkaar Bhatnagar,Co-conspirator
KAR/BEN/2024/0151,Yochana Atwal,Co-conspirator
KAR/KOP/2024/0251,Baljiwan Datta,Accomplice
KAR/BEN/2024/1155,Jonathan Bhardwaj,Accomplice
KAR/BEN/2024/1786,Yahvi Shere,Accomplice
KAR/KAL/2024/1357,Hredhaan Pai,Accomplice
KAR/SHI/2024/1246,Girindra Bhargava,Co-conspirator
KAR/BEN/2024/2022,Hritik Padmanabhan,Co-conspirator
KAR/BEN/2024/1096,Timothy Mishra,Co-conspirator
KAR/VIJ/2024/1462,Frederick Ramakrishnan,Accomplice
KAR/BEN/2024/2154,Faras Suresh,Accomplice
KAR/KOL/2024/0623,Manan Rau,Co-conspirator
KAR/TUM/2024/0841,Dayamai Kala,Accomplice
KAR/RAI/2024/0958,Balhaar Mand,Co-conspirator
KAR/DAV/2024/2072,Oni Khatri,Primary Suspect
KAR/BEN/2024/1229,Tanmayi Talwar,Primary Suspect
KAR/BEN/2024/0955,Sachi Goyal,Primary Suspect
KAR/TUM/2024/2068,Lila Nadig,Accomplice
KAR/TUM/2024/0549,Eta Goswami,Accomplice
KAR/BEN/2024/0926,Onkar Sinha,Co-conspirator
KAR/TUM/2024/0652,Theodore Chowdhury,Co-conspirator
KAR/BEN/2024/1795,Banjeet Shukla,Co-conspirator
KAR/SHI/2024/1608,Udant Badal,Accomplice
KAR/MYS/2024/2420,Vedhika Tripathi,Accomplice
KAR/BEN/2024/1118,Gayathri Padmanabhan,Primary Suspect
KAR/KAL/2024/2238,Teerth Borra,Accomplice
KAR/KAL/2024/0346,Yasti Contractor,Accomplice
KAR/BEN/2024/0680,Samaksh Jaggi,Accomplice
KAR/MYS/2024/1138,Girik Walia,Accomplice
KAR/BEN/2024/2386,Mason Kunda,Accomplice
KAR/BEN/2024/0522,Om Mohanty,Co-conspirator
KAR/BAL/2024/1682,Kalpit Gole,Co-conspirator
KAR/HUB/2024/0178,Hitesh Goswami,Co-conspirator
KAR/BEN/2024/0201,Parth Buch,Primary Suspect
KAR/BEN/2024/1255,Hredhaan Som,Accomplice
KAR/BEN/2024/2280,Vansha Iyer,Accomplice
KAR/MAN/2024/0228,Zaid Barman,Accomplice
KAR/BEL/2024/0870,Raghav Dua,Accomplice
KAR/CHI/2024/1416,Indrajit Boase,Accomplice
KAR/UDU/2024/0158,Imaran Badal,Accomplice
KAR/BID/2024/1285,Prisha Luthra,Co-conspirator
KAR/MYS/2024/1817,Onveer Venkatesh,Accomplice
KAR/RAI/2024/2132,Shravya Dhawan,Accomplice
KAR/BEN/2024/1857,Fitan Varty,Accomplice
KAR/KOL/2024/2124,Kiaan Chaudhry,Accomplice
KAR/BEN/2024/1097,Vinaya Balasubramanian,Accomplice
KAR/UDU/2024/1254,Kamya Boase,Primary Suspect
KAR/MAN/2024/1614,Nitesh Mander,Primary Suspect
KAR/VIJ/2024/2183,Simon Gulati,Primary Suspect
KAR/SHI/2024/2361,Matthew Bajaj,Accomplice
KAR/BAL/2024/0238,Vincent Bora,Accomplice
KAR/BEN/2024/1232,Abhiram Mani,Accomplice
KAR/CHI/2024/0769,Thomas Verma,Co-conspirator
KAR/BEL/2024/1811,Anay Sethi,Accomplice
KAR/CHI/2024/0631,Yashica Chana,Co-conspirator
KAR/DAV/2024/1324,Meghana Chada,Accomplice
KAR/BEN/2024/1467,Samuel Puri,Accomplice
KAR/UDU/2024/1902,Ryan Gole,Accomplice
KAR/BID/2024/1018,Yoshita Natt,Primary Suspect
KAR/BEN/2024/0467,Chameli Iyengar,Primary Suspect
KAR/BEN/2024/0775,Gautam Dey,Co-conspirator
KAR/BEN/2024/0375,Vivaan Anand,Accomplice
KAR/BAL/2024/2304,Warhi Kala,Accomplice
KAR/TUM/2024/0114,Lohit Bakshi,Accomplice
KAR/BEN/2024/2348,Jonathan Sen,Co-conspirator
KAR/BEN/2024/0710,Nathan Ben,Accomplice
KAR/BEN/2024/0840,Tanay Varkey,Co-conspirator
KAR/BEN/2024/1171,Gautam Chaudhari,Primary Suspect
KAR/MAN/2024/1167,Ekta Sankar,Co-conspirator
KAR/UDU/2024/0918,Yashoda Mani,Accomplice
KAR/BEN/2024/1308,Ranbir Johal,Primary Suspect
KAR/BEN/2024/0402,Harshil Bhalla,Primary Suspect
KAR/CHI/2024/0468,Hardik Kaul,Primary Suspect
KAR/BEN/2024/1315,Gavin Bassi,Co-conspirator
KAR/BEN/2024/0011,Christopher Sarraf,Primary Suspect
KAR/DAV/2024/0619,Daksh Venkatesh,Co-conspirator
KAR/BEN/2024/1569,Lekha Lata,Accomplice
KAR/HUB/2024/2493,Max Saxena,Accomplice
KAR/BEN/2024/0976,Gayathri Kade,Accomplice
KAR/BEL/2024/0584,Faqid Lall,Accomplice
KAR/BEN/2024/1884,Dakshesh Dave,Co-conspirator
KAR/SHI/2024/0553,Anusha Naidu,Accomplice
KAR/UDU/2024/0501,Ekbal Sarma,Primary Suspect
KAR/BID/2024/1269,Oni Prabhu,Co-conspirator
KAR/BEN/2024/0525,Gautam Amble,Primary Suspect
KAR/DAV/2024/2210,Teerth Khanna,Accomplice
KAR/TUM/2024/0460,Oliver Shah,Primary Suspect
KAR/BEN/2024/2113,Idika Gandhi,Primary Suspect
KAR/BEN/2024/0311,Max Hora,Primary Suspect
KAR/BEN/2024/0822,Max Hora,Primary Suspect
KAR/BEN/2024/1692,Ijaya Rout,Co-conspirator
KAR/BEN/2024/1744,Dakshesh Das,Primary Suspect
KAR/BAL/2024/2117,Zehaan Boase,Primary Suspect
KAR/BEN/2024/0307,Joshua Singhal,Co-conspirator
KAR/BEN/2024/0960,Gunbir Sur,Accomplice
KAR/HAS/2024/1420,Osha Sule,Accomplice
KAR/BEL/2024/0879,Onkar Oak,Co-conspirator
KAR/BEN/2024/1264,Shaurya Subramanian,Co-conspirator
KAR/UDU/2024/0601,Jagat Keer,Accomplice
KAR/SHI/2024/0659,Dhriti Keer,Primary Suspect
KAR/BID/2024/2395,Harrison Mangal,Accomplice
KAR/BEN/2024/0181,Ubika Walia,Accomplice
KAR/VIJ/2024/1260,Maanas Dar,Co-conspirator
KAR/SHI/2024/1525,Dhriti Keer,Primary Suspect
KAR/SHI/2024/1524,Vivaan Bajaj,Accomplice
KAR/BEN/2024/0662,Ojas Rajan,Co-conspirator
KAR/KOP/2024/1318,Xalak Dash,Primary Suspect
KAR/KOP/2024/1506,Samesh Prabhu,Primary Suspect
KAR/HUB/2024/0733,Widisha Kade,Accomplice
KAR/BEN/2024/0348,Hemal Kalla,Accomplice
KAR/BEN/2024/0815,Pallavi Gole,Co-conspirator
KAR/HUB/2024/1791,Chaitanya Ravel,Co-conspirator
KAR/SHI/2024/0845,Prisha Sarraf,Accomplice
KAR/MAN/2024/2245,Xavier Mander,Primary Suspect
KAR/CHI/2024/2205,Arjun Choudhary,Accomplice
KAR/BEN/2024/1171,Hredhaan Goyal,Co-conspirator
KAR/BEN/2024/2052,Sarthak Natt,Primary Suspect
KAR/KOL/2024/1303,Siddharth Konda,Co-conspirator
KAR/UDU/2024/0113,Manthan Kapadia,Accomplice
KAR/BEN/2024/2198,Ekapad Natt,Primary Suspect
KAR/BEN/2024/0217,Falan Banerjee,Primary Suspect
KAR/KOP/2024/0889,Pahal Dara,Primary Suspect
KAR/BEN/2024/2200,Irya Kakar,Accomplice
KAR/VIJ/2024/2311,Reyansh Sarkar,Primary Suspect
KAR/BEN/2024/2059,Chanakya Sood,Primary Suspect
KAR/BEN/2024/1852,Elijah Jha,Primary Suspect
KAR/SHI/2024/0888,Sarthak Natt,Co-conspirator
KAR/RAI/2024/1730,Gayathri Sem,Primary Suspect
KAR/BEN/2024/2035,Naksh Atwal,Accomplice
KAR/TUM/2024/0154,Peter Yogi,Accomplice
KAR/BEN/2024/1164,Frado Krish,Co-conspirator
KAR/TUM/2024/0770,Harrison Aggarwal,Co-conspirator
KAR/TUM/2024/1984,Ojas Som,Primary Suspect
KAR/BEN/2024/1266,Ayushman Mander,Accomplice
KAR/BEN/2024/1756,Jatin Mander,Co-conspirator
KAR/VIJ/2024/1957,Theodore Bawa,Primary Suspect
KAR/CHI/2024/0474,Rayaan Soni,Co-conspirator
KAR/BAL/2024/1842,Amol Sekhon,Accomplice
KAR/BEN/2024/1944,Fariq Venkatesh,Primary Suspect
KAR/BEN/2024/1670,Rachit Deol,Accomplice
KAR/MYS/2024/2050,Chandran Pal,Primary Suspect
KAR/KOL/2024/2322,Pranit Peri,Co-conspirator
KAR/BEN/2024/0855,Ekapad Mistry,Accomplice
KAR/BID/2024/2449,Widisha Kade,Accomplice
KAR/BEN/2024/2297,Patrick Peri,Primary Suspect
KAR/BEN/2024/1179,Matthew Agate,Primary Suspect
KAR/UDU/2024/1930,William Bhavsar,Primary Suspect
KAR/DAV/2024/2020,Pranit Hayre,Primary Suspect
KAR/BEL/2024/0098,Pranav Rau,Accomplice
KAR/HAS/2024/2309,Hitesh Thaman,Co-conspirator
KAR/RAI/2024/1832,Nathan Tiwari,Co-conspirator
KAR/BEN/2024/2193,Charvi Sheth,Co-conspirator
KAR/BEN/2024/1409,Harsh Toor,Primary Suspect
KAR/BEN/2024/2348,Nachiket Rai,Primary Suspect
KAR/BEL/2024/2295,Karan Gaba,Primary Suspect
KAR/SHI/2024/0552,Charles Kale,Primary Suspect
KAR/BEN/2024/2158,Nidra Wagle,Co-conspirator
KAR/BEN/2024/1546,Ikbal Gandhi,Primary Suspect
KAR/DAV/2024/1676,Advik Raval,Co-conspirator
KAR/BEN/2024/0931,Madhav Buch,Primary Suspect
KAR/BEL/2024/1561,Gayathri Bava,Accomplice
KAR/BEN/2024/0372,Gayathri Sem,Co-conspirator
KAR/BEN/2024/2419,Raksha Dora,Primary Suspect
KAR/BEN/2024/0129,William Ramaswamy,Accomplice
KAR/BEN/2024/0883,Aachal Viswanathan,Primary Suspect
KAR/BEN/2024/2176,Nathan Kant,Accomplice
KAR/BEN/2024/2047,Mekhala Srinivasan,Accomplice
KAR/BEN/2024/0806,Pranit Dhingra,Co-conspirator
KAR/BEN/2024/1748,Utkarsh Nadig,Co-conspirator
KAR/KOL/2024/0808,Balhaar Gola,Primary Suspect
KAR/MAN/2024/0849,Mason Desai,Co-conspirator
KAR/SHI/2024/0819,Jatin Raman,Co-conspirator
KAR/KOL/2024/2273,Odika Chandra,Primary Suspect
KAR/BEN/2024/2139,Vinaya Naik,Accomplice
KAR/BAL/2024/0645,Anmol Kalla,Primary Suspect
KAR/HAS/2024/2351,Jhalak Rai,Co-conspirator
KAR/BEN/2024/1703,Charita Buch,Accomplice
KAR/BEL/2024/0954,Anmol Kalla,Co-conspirator
KAR/DAV/2024/2072,Chatura Chawla,Accomplice
KAR/BEN/2024/0053,Oeshi Roy,Accomplice
KAR/BID/2024/1181,Samaksh Nori,Primary Suspect
KAR/MYS/2024/1678,Fitan Dave,Primary Suspect
KAR/MYS/2024/0506,Vivaan Bansal,Accomplice
KAR/MAN/2024/1727,Maanav Purohit,Co-conspirator
KAR/MAN/2024/0928,Ishwar Mishra,Co-conspirator
KAR/MAN/2024/2202,Yash Saxena,Primary Suspect
KAR/BEN/2024/0618,Gautam Dixit,Accomplice
KAR/TUM/2024/0974,Upasna Sunder,Accomplice
KAR/KOP/2024/0414,Gopal Wason,Accomplice
KAR/CHI/2024/0791,Maanav Bhalla,Accomplice
KAR/HUB/2024/2137,Hemang Shankar,Co-conspirator
KAR/BEN/2024/0124,Tristan Sura,Co-conspirator
KAR/BEN/2024/1497,Qabil Kannan,Accomplice
KAR/KOP/2024/2249,Chandresh Memon,Primary Suspect
KAR/HAS/2024/1782,Upasna Sunder,Co-conspirator
KAR/MAN/2024/1478,Liam Bakshi,Primary Suspect
KAR/BEN/2024/1582,Veer Wali,Co-conspirator
KAR/BID/2024/1269,Victor Shere,Primary Suspect
KAR/KAL/2024/1696,Wazir Lad,Primary Suspect
KAR/RAI/2024/1199,Hitesh Thaman,Primary Suspect
KAR/KAL/2024/2025,Jason Keer,Accomplice
KAR/TUM/2024/1532,Caleb Agrawal,Co-conspirator
KAR/UDU/2024/2464,Zehaan Boase,Co-conspirator
KAR/KOL/2024/0259,Timothy Zacharia,Accomplice
KAR/KOP/2024/0796,Rachit Kunda,Co-conspirator
KAR/HAS/2024/0400,Reyansh Sarkar,Co-conspirator
KAR/UDU/2024/0704,Diya Radhakrishnan,Accomplice
KAR/BEN/2024/1634,Tanay Grover,Co-conspirator
KAR/MAN/2024/1630,Chatresh Ganguly,Accomplice
KAR/VIJ/2024/2339,Lekha Dara,Co-conspirator
KAR/BEN/2024/0494,Vedika Sharaf,Co-conspirator
KAR/BEN/2024/1283,Hamsini Subramaniam,Accomplice
KAR/HUB/2024/1791,Rohan Dugar,Co-conspirator
KAR/SHI/2024/0544,Gopal Sule,Accomplice
KAR/BEN/2024/1274,Jacob Babu,Primary Suspect
KAR/KOL/2024/2146,Manthan Kothari,Primary Suspect
KAR/VIJ/2024/0792,Om Narayanan,Primary Suspect
KAR/RAI/2024/1545,Faqid Lall,Accomplice
KAR/BEN/2024/0829,Ojas Raghavan,Accomplice
KAR/BEN/2024/0297,Aishani Balakrishnan,Co-conspirator
KAR/RAI/2024/0066,Ronith Mody,Accomplice
KAR/BEN/2024/1846,Onkar Raju,Accomplice
KAR/BEN/2024/2213,Upadhriti Karpe,Primary Suspect
KAR/BEN/2024/1700,Aachal Kata,Co-conspirator
KAR/BEN/2024/0516,Prisha Sarraf,Primary Suspect
KAR/BEN/2024/0946,Tarak Sha,Co-conspirator
KAR/UDU/2024/2053,Chatresh Nigam,Primary Suspect
KAR/BEN/2024/2175,Sarthak Nazareth,Co-conspirator
KAR/MAN/2024/1456,Matthew Brar,Co-conspirator
KAR/BEL/2024/1202,Lakshmi Pau,Accomplice
KAR/BAL/2024/0022,Brinda Wali,Accomplice
KAR/HUB/2024/0908,Bakhshi Srinivasan,Primary Suspect
KAR/BEN/2024/1892,Yash Mane,Co-conspirator
KAR/BEN/2024/0734,Viraj Datta,Co-conspirator
KAR/BEN/2024/2175,Hredhaan Sangha,Primary Suspect
KAR/UDU/2024/1128,Aradhana Pingle,Accomplice
KAR/SHI/2024/1939,Libni Balasubramanian,Co-conspirator
KAR/TUM/2024/0069,Om Dua,Accomplice
KAR/BEN/2024/1071,Naveen Patil,Primary Suspect
KAR/KOL/2024/2088,Ikbal Gandhi,Accomplice
KAR/KOL/2024/0808,Krishna Kunda,Co-conspirator
KAR/HAS/2024/1441,Indrajit Majumdar,Primary Suspect
KAR/HUB/2024/1326,Siddharth Konda,Co-conspirator
KAR/BAL/2024/1366,Amaira Dara,Primary Suspect
KAR/BEN/2024/2140,Jeet Chada,Accomplice
KAR/HUB/2024/1966,Faras Mittal,Accomplice
KAR/DAV/2024/0427,Azad Mitter,Primary Suspect
KAR/VIJ/2024/0792,Zayyan Soni,Co-conspirator
KAR/BEN/2024/1308,Amaira Shah,Co-conspirator
KAR/DAV/2024/1160,Anamika Merchant,Co-conspirator
KAR/KAL/2024/2484,Nakul Khalsa,Primary Suspect
KAR/BEN/2024/0376,Advika Nazareth,Co-conspirator
KAR/BEL/2024/0121,Gagan Kala,Accomplice
KAR/MAN/2024/1891,Hemani Varma,Primary Suspect
KAR/VIJ/2024/0792,Wriddhish Bora,Accomplice
KAR/BEN/2024/0857,Gautam Ganesan,Accomplice
KAR/BEL/2024/0954,Patrick Tella,Co-conspirator
KAR/BEN/2024/2141,Gagan Kadakia,Co-conspirator
KAR/BEN/2024/1314,Laksh Dugar,Co-conspirator
KAR/BEN/2024/2092,Onkar Doshi,Primary Suspect
KAR/TUM/2024/1635,Guneet Desai,Accomplice
KAR/BEN/2024/2047,Jagvi Ganesan,Accomplice
KAR/BEL/2024/1986,Yash Mane,Co-conspirator
KAR/TUM/2024/1015,Faras Chander,Primary Suspect
KAR/BEN/2024/2473,Zaid Mammen,Accomplice
KAR/BEN/2024/1921,Praneel Sankaran,Primary Suspect
KAR/HUB/2024/1075,Ekapad Modi,Co-conspirator
KAR/RAI/2024/1005,Patrick Peri,Accomplice
KAR/HAS/2024/1976,Chaitanya Ravel,Co-conspirator
KAR/BEL/2024/1669,Indrajit Anne,Primary Suspect
KAR/UDU/2024/1100,Samesh Prabhu,Co-conspirator
KAR/DAV/2024/0020,Onkar Gour,Primary Suspect
KAR/BEL/2024/0967,Anya Mann,Primary Suspect
KAR/HUB/2024/1323,Baljiwan Borra,Accomplice
KAR/BEN/2024/1621,Urvashi Ganguly,Accomplice
KAR/KOP/2024/2271,Zehaan Kota,Accomplice
KAR/BID/2024/0478,Eshana Munshi,Accomplice
KAR/BEN/2024/2353,Nitesh Chhabra,Primary Suspect
KAR/HAS/2024/1253,Rayaan Soni,Primary Suspect
KAR/BEN/2024/2338,Waida Chana,Co-conspirator
KAR/HAS/2024/1899,Tanvi Soni,Primary Suspect
KAR/BEN/2024/2234,Tristan Sura,Primary Suspect
KAR/VIJ/2024/1439,Anirudh Bhat,Co-conspirator
KAR/HAS/2024/2388,Rishi Bhatnagar,Primary Suspect
KAR/KOP/2024/0325,Theodore Toor,Co-conspirator
KAR/BID/2024/1671,Kiaan Hans,Co-conspirator
KAR/BID/2024/0959,Yahvi Shere,Primary Suspect
KAR/BEN/2024/0868,Charles Kale,Accomplice
KAR/BEN/2024/2448,Indali Sant,Accomplice
KAR/BEN/2024/0911,Harrison Gala,Accomplice
KAR/VIJ/2024/1957,Advay Walla,Co-conspirator
KAR/BEN/2024/0029,Jasmit Hans,Primary Suspect
KAR/CHI/2024/1050,Girindra Jain,Primary Suspect
KAR/BEN/2024/1491,Sudiksha Chakrabarti,Primary Suspect
KAR/RAI/2024/0576,Hemang Shankar,Primary Suspect
KAR/CHI/2024/2500,Naksh Vohra,Co-conspirator
KAR/BEL/2024/1065,Sai Toor,Primary Suspect
KAR/BEN/2024/1359,Tanay Bajaj,Accomplice
KAR/VIJ/2024/2185,Aashi Kapoor,Primary Suspect
KAR/KOL/2024/0777,Matthew Karnik,Accomplice
KAR/RAI/2024/0475,Bhavani Sood,Accomplice
KAR/HUB/2024/2225,Wishi Sachdeva,Accomplice
KAR/BEL/2024/0866,Gaurav Gala,Co-conspirator
KAR/MAN/2024/2066,Jai Sami,Co-conspirator
KAR/BEN/2024/1370,Pranit Sachar,Primary Suspect
KAR/BEN/2024/2297,Chandresh Kamdar,Co-conspirator
KAR/UDU/2024/2100,Avi Cheema,Accomplice
KAR/BEN/2024/2073,Ekaraj Dey,Co-conspirator
KAR/BEN/2024/1499,Yamini Sampath,Accomplice
KAR/BEN/2024/0678,Nathan Ahluwalia,Co-conspirator
KAR/BEN/2024/2384,Ira Brar,Primary Suspect
KAR/KAL/2024/0454,Rishi Shah,Co-conspirator
KAR/BEN/2024/0315,Isaac Parmer,Accomplice
KAR/DAV/2024/2430,Tanay Borra,Accomplice
KAR/UDU/2024/1618,Manan Kapur,Accomplice
KAR/BEN/2024/2000,Damini Chaudhary,Accomplice
KAR/DAV/2024/2352,Krishna More,Primary Suspect
KAR/CHI/2024/0684,Arin Thakur,Co-conspirator
KAR/BEN/2024/1118,Madhav Thaker,Accomplice
KAR/KOP/2024/0034,Balendra Ben,Accomplice
KAR/BEN/2024/1743,Raghav Garde,Primary Suspect
KAR/KOL/2024/0777,Aditya Dara,Co-conspirator
KAR/KOP/2024/0202,Onkar Dey,Primary Suspect
KAR/MYS/2024/1321,Girik Rajan,Primary Suspect
KAR/MAN/2024/1478,Nilima Narang,Primary Suspect
KAR/BEN/2024/1631,Azad Sinha,Co-conspirator
KAR/BEN/2024/2232,Ridhi Tak,Co-conspirator
KAR/DAV/2024/0420,Chaman Deshmukh,Co-conspirator
KAR/BEL/2024/0389,Pranit Pradhan,Accomplice
KAR/VIJ/2024/0792,Hredhaan Bobal,Co-conspirator
KAR/DAV/2024/2043,Ucchal Mitra,Accomplice
KAR/BEN/2024/1194,Nathan Ben,Co-conspirator
KAR/VIJ/2024/1975,Nihal Dhawan,Primary Suspect
KAR/BEN/2024/2086,Jasmit Nazareth,Co-conspirator
KAR/HAS/2024/1982,Libni Dash,Accomplice
KAR/CHI/2024/1050,Joshua Nagarajan,Accomplice
KAR/BAL/2024/1037,Ekbal Sawhney,Accomplice
KAR/BEN/2024/0471,Lucky Gala,Co-conspirator
KAR/BEN/2024/1687,Ekansh Behl,Primary Suspect
KAR/BEN/2024/1860,Ekavir Kapur,Co-conspirator
KAR/BEN/2024/1498,Tanay Varkey,Accomplice
KAR/BEN/2024/0350,Yahvi Pal,Primary Suspect
KAR/HAS/2024/0448,Amara Manne,Primary Suspect
KAR/TUM/2024/2187,Baljiwan Reddy,Accomplice
KAR/BEN/2024/2173,Jonathan Hans,Accomplice
KAR/BEN/2024/1168,Quincy Murty,Primary Suspect
KAR/BID/2024/1289,Indrajit Mishra,Co-conspirator
KAR/BEN/2024/2177,Jagdish Kapadia,Primary Suspect
KAR/MYS/2024/1396,Samaksh Dhar,Accomplice
KAR/KAL/2024/1461,Maanas Kara,Accomplice
KAR/MYS/2024/1679,Rayaan Sastry,Primary Suspect
KAR/CHI/2024/1849,Inaya Khalsa,Accomplice
KAR/CHI/2024/0009,Hemang Shankar,Co-conspirator
KAR/VIJ/2024/1110,Kabir Krishnan,Primary Suspect
KAR/CHI/2024/1399,Ayaan Saini,Co-conspirator
KAR/BEN/2024/2113,Kashish Sawhney,Co-conspirator
KAR/MAN/2024/0363,Warjas Iyer,Primary Suspect
KAR/BEN/2024/0431,Mason Desai,Co-conspirator
KAR/DAV/2024/0620,Ekaraj Mutti,Primary Suspect
KAR/BEN/2024/2198,Jonathan Hans,Primary Suspect
KAR/TUM/2024/1926,Qarin Sathe,Primary Suspect
KAR/TUM/2024/2172,Ekanta Ahluwalia,Primary Suspect
KAR/HAS/2024/2317,Vritti Bal,Primary Suspect
KAR/HAS/2024/1021,Lakshit Kashyap,Primary Suspect
KAR/HUB/2024/1219,Pranit Dhingra,Co-conspirator
KAR/BEN/2024/1292,Baljiwan Rao,Accomplice
KAR/BEN/2024/2465,Nakul Nadig,Co-conspirator
KAR/BEN/2024/1804,Zarna Shroff,Accomplice
KAR/BAL/2024/2188,Abeer Wagle,Co-conspirator
KAR/BEL/2024/1313,Logan Sha,Co-conspirator
KAR/BAL/2024/2474,Girish Peri,Primary Suspect
KAR/BEN/2024/1053,Gavin Badal,Accomplice
KAR/BEN/2024/0698,Rachana Muni,Accomplice
KAR/BEN/2024/1334,Amol Sekhon,Accomplice
KAR/MAN/2024/1973,Shravya Kamdar,Accomplice
KAR/DAV/2024/0906,Robert Devi,Primary Suspect
KAR/BEL/2024/2090,Ishita Rama,Co-conspirator
KAR/CHI/2024/0921,Abdul Shetty,Accomplice
KAR/MAN/2024/2490,Ishanvi Jhaveri,Accomplice
KAR/RAI/2024/0464,Frederick Ramakrishnan,Accomplice
KAR/VIJ/2024/0949,Victor Kibe,Primary Suspect
KAR/CHI/2024/0474,Pratyush Merchant,Accomplice
KAR/BEN/2024/0116,Abhiram Toor,Accomplice
KAR/BEN/2024/1200,Ishaan Pillai,Accomplice
KAR/BEN/2024/2289,Caleb Ravi,Accomplice
KAR/VIJ/2024/1688,Kiaan Chaudhry,Primary Suspect
KAR/BEN/2024/1909,Shaurya Parikh,Accomplice
KAR/BEL/2024/0256,Vamakshi Chawla,Accomplice
KAR/HUB/2024/1101,Frado Krish,Primary Suspect
KAR/VIJ/2024/2288,Nidra Golla,Primary Suspect
KAR/KOP/2024/1720,Nicholas Minhas,Accomplice
KAR/BEN/2024/1375,Wishi Sachdeva,Accomplice
KAR/BID/2024/0463,Triya Prasad,Accomplice
KAR/HAS/2024/1961,Zehaan Srivastava,Accomplice
KAR/BEN/2024/0816,Ranbir Bala,Co-conspirator
KAR/BEN/2024/0914,Frederick Ramakrishnan,Primary Suspect
KAR/BEN/2024/0568,Aachal Viswanathan,Co-conspirator
KAR/BEN/2024/1848,Arin Tata,Primary Suspect
KAR/BEN/2024/1123,Nandini Walla,Co-conspirator
KAR/BEN/2024/1207,Ridhi Rama,Co-conspirator
KAR/CHI/2024/0520,Suhani Suresh,Accomplice
KAR/KOP/2024/1481,Gautami Chawla,Accomplice
KAR/KOP/2024/0343,Logan Bhattacharyya,Accomplice
KAR/MAN/2024/1454,Chandran Mann,Primary Suspect
KAR/KOL/2024/2163,Devika Sahota,Accomplice
KAR/BEN/2024/0572,Gaurav Sarma,Co-conspirator
KAR/HUB/2024/2435,Balhaar Gola,Co-conspirator
KAR/BEN/2024/1102,Hredhaan Shenoy,Primary Suspect
KAR/KOL/2024/1029,Arin Tata,Accomplice
KAR/BEN/2024/0772,Ayaan De,Accomplice
KAR/BEN/2024/1019,Yashawini Goda,Co-conspirator
KAR/CHI/2024/0474,Nachiket Nagi,Primary Suspect
KAR/BEN/2024/0344,Patrick Sunder,Co-conspirator
KAR/TUM/2024/1358,Azaan Bir,Primary Suspect
KAR/BEN/2024/0698,Yashica Chana,Co-conspirator
KAR/BEN/2024/1153,Qadim Sankaran,Accomplice
KAR/BEN/2024/0593,Jai Oommen,Primary Suspect
KAR/HAS/2024/0084,Hema Majumdar,Accomplice
KAR/BEL/2024/0870,Kamya Ram,Accomplice
KAR/UDU/2024/2055,Banjeet Badal,Primary Suspect
KAR/BEN/2024/0447,Upkaar Palla,Primary Suspect
KAR/BEL/2024/0611,Isaiah Sawhney,Accomplice
KAR/TUM/2024/1436,Nakul Chakrabarti,Accomplice
KAR/UDU/2024/1331,Diya Sengupta,Primary Suspect
KAR/BID/2024/1671,Charita Buch,Primary Suspect
KAR/BEN/2024/0912,Fariq Venkatesh,Co-conspirator
KAR/KOL/2024/0175,Rayaan Soni,Primary Suspect
KAR/BEN/2024/0708,Vritti Lata,Co-conspirator
KAR/MYS/2024/1668,Teerth Khanna,Co-conspirator
KAR/CHI/2024/0474,Janani Batra,Co-conspirator
KAR/DAV/2024/0826,Upadhriti Wason,Co-conspirator
KAR/HUB/2024/1219,Akshay Kara,Primary Suspect
KAR/BEN/2024/2207,Praneel Khosla,Accomplice
KAR/BEN/2024/0433,Ishwar Bhatti,Primary Suspect
KAR/BEN/2024/1097,Amaira Shah,Primary Suspect
KAR/UDU/2024/0495,Rachit Hora,Co-conspirator
KAR/MYS/2024/2450,Aarna Kothari,Co-conspirator
KAR/BEN/2024/0146,Advik More,Primary Suspect
KAR/CHI/2024/1955,Bimala Choudhary,Accomplice
KAR/MAN/2024/0371,Upasna Sunder,Primary Suspect
KAR/KOL/2024/2004,Veer Maharaj,Co-conspirator
KAR/KAL/2024/0566,Ekapad Seshadri,Co-conspirator
KAR/BAL/2024/0033,Gautam Dixit,Accomplice
KAR/BEL/2024/0787,Indrajit Boase,Accomplice
KAR/DAV/2024/0821,Pratyush Merchant,Primary Suspect
KAR/HUB/2024/2336,Chavvi Kibe,Co-conspirator
KAR/BEN/2024/1740,Maanas Kara,Accomplice
KAR/VIJ/2024/0028,Anay Sachdev,Co-conspirator
KAR/BEN/2024/0005,Hritik Kapur,Co-conspirator
KAR/BEN/2024/1773,Christopher Seshadri,Co-conspirator
KAR/KAL/2024/0527,Charan Choudhury,Accomplice
KAR/KOP/2024/1009,Jagdish Das,Primary Suspect
KAR/BEL/2024/1143,Harsh Pall,Co-conspirator
KAR/TUM/2024/0069,Mohammed Yohannan,Primary Suspect
KAR/BID/2024/1448,Darpan Doctor,Primary Suspect
KAR/TUM/2024/0924,Michael Krishnamurthy,Accomplice
KAR/KOP/2024/1189,Imaran Dhar,Accomplice
KAR/MYS/2024/1867,Qadim Radhakrishnan,Primary Suspect
KAR/BEN/2024/0649,Bhavani Sood,Primary Suspect
KAR/BEN/2024/1726,Xavier Chanda,Accomplice
KAR/BAL/2024/2118,Gayathri Sura,Primary Suspect
KAR/MAN/2024/0041,Bahadurjit Rai,Primary Suspect
KAR/BEN/2024/1305,Jacob Gour,Accomplice
KAR/BEN/2024/2035,Jairaj Chadha,Accomplice
KAR/CHI/2024/0636,Shaurya Sem,Accomplice
KAR/DAV/2024/1968,Chaitaly Bava,Co-conspirator
KAR/BEN/2024/1837,Harsh Pall,Primary Suspect
KAR/SHI/2024/0812,Hitesh Nair,Primary Suspect
KAR/MAN/2024/0379,Kamala Golla,Co-conspirator
KAR/MAN/2024/1456,Baljiwan Reddy,Co-conspirator
KAR/MYS/2024/1468,Caleb Chana,Primary Suspect
KAR/BEN/2024/0585,Vamakshi Chawla,Accomplice
KAR/DAV/2024/1324,Lavanya Mann,Accomplice
KAR/BEN/2024/1002,Omkaar Mohan,Primary Suspect
KAR/KOL/2024/1519,Megha Sridhar,Co-conspirator
KAR/DAV/2024/1160,Jatin Raman,Co-conspirator
KAR/BEN/2024/0723,Hemang Dara,Primary Suspect
KAR/BEN/2024/0051,Abhimanyu Mangal,Primary Suspect
KAR/KAL/2024/0413,Fitan Varty,Accomplice
KAR/BID/2024/0253,Lipika Chana,Co-conspirator
KAR/UDU/2024/2130,Wahab Oak,Primary Suspect
KAR/VIJ/2024/0492,Divya Maharaj,Primary Suspect
KAR/BEN/2024/0381,Daniel Setty,Accomplice
KAR/MAN/2024/1349,Tejas Aggarwal,Accomplice
KAR/RAI/2024/1554,Mitesh Oak,Primary Suspect
KAR/RAI/2024/1380,Dakshesh Chauhan,Primary Suspect
KAR/CHI/2024/0930,Abhiram Chowdhury,Accomplice
KAR/BEN/2024/2353,Harshil Bhatnagar,Accomplice
KAR/BEN/2024/2157,Leena Manne,Accomplice
KAR/BEN/2024/0148,Tanay Halder,Co-conspirator
KAR/BEN/2024/1893,Tristan Karan,Co-conspirator
KAR/SHI/2024/0878,Akshay Parmar,Primary Suspect
KAR/BEN/2024/1567,Vivaan Gandhi,Primary Suspect
KAR/BEN/2024/1385,Banjeet Shukla,Primary Suspect
KAR/BEN/2024/1734,Chaitanya Zachariah,Primary Suspect
KAR/CHI/2024/0602,Qushi Bumb,Co-conspirator
KAR/BEN/2024/0647,Samaksh Nori,Co-conspirator
KAR/KOP/2024/1301,Jacob Gour,Co-conspirator
KAR/SHI/2024/0369,Tejas Oak,Primary Suspect
KAR/KOL/2024/0743,Ranveer Gokhale,Co-conspirator
KAR/BAL/2024/0922,Maanas Bhardwaj,Primary Suspect
KAR/TUM/2024/1586,Jason Keer,Co-conspirator
KAR/BEL/2024/1355,Gavin Karnik,Co-conspirator
KAR/BEN/2024/1653,Frado Parekh,Co-conspirator
KAR/UDU/2024/1508,Wyatt Kuruvilla,Primary Suspect
KAR/MAN/2024/1261,Christopher Seshadri,Accomplice
KAR/BEN/2024/1740,Balendra Gopal,Co-conspirator
KAR/BEN/2024/1144,Harish Nath,Accomplice
KAR/BEN/2024/1492,Tanay Srivastava,Co-conspirator
KAR/BID/2024/0282,Zashil More,Accomplice
KAR/BEN/2024/1909,Banjeet Badal,Co-conspirator
KAR/MAN/2024/1578,Wriddhish Bhavsar,Primary Suspect
KAR/BEN/2024/2154,David Yohannan,Co-conspirator
KAR/BEN/2024/2062,Ekaraj Mangal,Accomplice
KAR/KAL/2024/0599,Omya Chana,Primary Suspect
KAR/KAL/2024/0450,Abeer Badami,Co-conspirator
KAR/BID/2024/0951,Wridesh Palan,Accomplice
KAR/KAL/2024/1112,Krishna Chahal,Co-conspirator
KAR/BAL/2024/1037,Rishi Mall,Accomplice
KAR/DAV/2024/0137,Adya Ravi,Primary Suspect
KAR/BEN/2024/2255,Balveer Madan,Primary Suspect
KAR/BEN/2024/0592,Tanay Andra,Primary Suspect
KAR/BID/2024/1289,Idika Vora,Primary Suspect
KAR/MAN/2024/2257,Sanya Bedi,Accomplice
KAR/BEN/2024/0719,Gaurangi Bir,Co-conspirator
KAR/BEL/2024/2293,Banjeet Batra,Primary Suspect
KAR/UDU/2024/0165,Damini Chaudhary,Primary Suspect
KAR/BEL/2024/2344,Anmol Bawa,Accomplice
KAR/BEN/2024/2308,Abeer Vyas,Primary Suspect
KAR/BEN/2024/0300,Robert Devi,Accomplice
KAR/BAL/2024/1639,Qadim Tata,Accomplice
KAR/BEN/2024/0867,Bahadurjit Rai,Co-conspirator
KAR/BID/2024/2221,Brijesh Nayak,Primary Suspect
KAR/BEN/2024/0146,Chaaya Bava,Primary Suspect
KAR/SHI/2024/1872,Chasmum Gupta,Accomplice
KAR/BEN/2024/2378,Gabriel Solanki,Primary Suspect
KAR/BEN/2024/1683,Timothy Sampath,Primary Suspect
KAR/BEL/2024/0954,Maanas Suri,Co-conspirator
KAR/DAV/2024/1103,Onveer Kata,Co-conspirator
KAR/MYS/2024/0335,Samesh Borra,Accomplice
KAR/BEN/2024/0415,Jeet Chatterjee,Co-conspirator
KAR/BEN/2024/1035,Quincy Sawhney,Accomplice
KAR/KOL/2024/0623,Isaac Mallick,Accomplice
KAR/BEN/2024/1352,Jeremiah Char,Co-conspirator
KAR/SHI/2024/0150,Charita Buch,Primary Suspect
KAR/BEN/2024/2353,Bimala Choudhary,Primary Suspect
KAR/MAN/2024/0486,Arin Bandi,Primary Suspect
KAR/CHI/2024/1979,Michael Panchal,Accomplice
KAR/BEN/2024/0027,Warhi Char,Primary Suspect
KAR/UDU/2024/1886,Charan Basu,Accomplice
KAR/BEN/2024/1424,Onveer Shere,Accomplice
KAR/BEN/2024/1071,Harsh Gour,Co-conspirator
KAR/CHI/2024/0554,Yash Buch,Co-conspirator
KAR/UDU/2024/1988,Zayyan Memon,Co-conspirator
KAR/BEN/2024/1950,Aayush Palla,Co-conspirator
KAR/DAV/2024/0290,Christopher Brahmbhatt,Co-conspirator
KAR/BEN/2024/0438,Isaiah Aggarwal,Primary Suspect
KAR/BEN/2024/0095,Ati Palla,Primary Suspect
KAR/DAV/2024/1324,Lohit Sahota,Primary Suspect
KAR/BID/2024/1595,Sathvik Bhagat,Primary Suspect
KAR/HUB/2024/0404,Januja Ravi,Primary Suspect
KAR/BEN/2024/0455,Abeer Badami,Primary Suspect
KAR/SHI/2024/0942,Triveni Khalsa,Accomplice
KAR/BEN/2024/0775,Azad Dani,Co-conspirator
KAR/BEN/2024/1565,Kashvi Anne,Co-conspirator
KAR/KOL/2024/1798,Zansi Shankar,Accomplice
KAR/HUB/2024/1686,Hardik Mane,Co-conspirator
KAR/SHI/2024/1632,Raghav Deshpande,Co-conspirator
KAR/RAI/2024/1964,Urvi Shanker,Accomplice
KAR/BEN/2024/1684,Gautam Dhillon,Accomplice
KAR/TUM/2024/2172,Mitali Tandon,Co-conspirator
KAR/MAN/2024/0149,Laban Behl,Co-conspirator
KAR/HUB/2024/2421,Finn Kapoor,Primary Suspect
KAR/BAL/2024/2170,Rachana Kara,Primary Suspect
KAR/UDU/2024/1886,Rachana Edwin,Accomplice
KAR/KOL/2024/0275,Bina Naik,Accomplice
KAR/SHI/2024/0544,Indira Kothari,Co-conspirator
KAR/BEN/2024/1315,Alka Thaman,Co-conspirator
KAR/SHI/2024/2362,Oni Sem,Accomplice
KAR/KOL/2024/1029,Harish Nath,Co-conspirator
KAR/RAI/2024/1483,Wyatt Doshi,Accomplice
KAR/KOP/2024/1189,Qushi Lala,Primary Suspect
KAR/BEL/2024/1808,Chatura Chopra,Co-conspirator
KAR/BEN/2024/1818,David Krishnamurthy,Primary Suspect
KAR/MAN/2024/2490,Shravya Bains,Accomplice
KAR/MYS/2024/1330,Ekavir Kapur,Accomplice
KAR/TUM/2024/2299,Daksh Mammen,Primary Suspect
KAR/BEN/2024/2240,Bhavani Bhatnagar,Primary Suspect
KAR/KOP/2024/1215,Logan Bhattacharyya,Co-conspirator
KAR/BEN/2024/1558,Radhika Bhatt,Accomplice
KAR/BAL/2024/1495,Harish Thakkar,Primary Suspect
KAR/BEN/2024/1558,Liam Ramakrishnan,Primary Suspect
KAR/MAN/2024/2396,Advika Nazareth,Accomplice
KAR/BEN/2024/1196,Tanvi Soni,Co-conspirator
KAR/HUB/2024/1185,Jagat Wagle,Co-conspirator
KAR/BEN/2024/2156,Aadi Nagarajan,Co-conspirator
KAR/BID/2024/1395,Jacob Gour,Accomplice
KAR/BEN/2024/1729,Patrick Sunder,Primary Suspect
KAR/BEN/2024/0380,Yashawini Palla,Co-conspirator
KAR/KOP/2024/1087,Dakshesh Dave,Accomplice
KAR/MAN/2024/0042,Yug Sani,Co-conspirator
KAR/BEN/2024/2156,Dakshesh Dave,Primary Suspect
KAR/TUM/2024/2453,Dev Bhakta,Co-conspirator
KAR/BEN/2024/2487,Laban Shere,Primary Suspect
KAR/MAN/2024/0973,Advaith Dasgupta,Primary Suspect
KAR/KOP/2024/2340,Abhiram Deol,Co-conspirator
KAR/BEN/2024/1958,Warinder Om,Primary Suspect
KAR/DAV/2024/1879,Vaishnavi Chad,Co-conspirator
KAR/TUM/2024/2018,Nihal Vaidya,Primary Suspect
KAR/KOP/2024/0414,Warjas Datta,Primary Suspect
KAR/SHI/2024/1069,Simon Ramakrishnan,Primary Suspect
KAR/MAN/2024/1580,Girik Vyas,Primary Suspect
KAR/SHI/2024/2265,Vivaan Gandhi,Primary Suspect
KAR/BID/2024/1135,Lila Sharaf,Primary Suspect
KAR/HUB/2024/1864,Lipika Brar,Primary Suspect
KAR/BEN/2024/1500,Onkar Singh,Accomplice
KAR/MAN/2024/1068,Kamala Golla,Accomplice
KAR/MYS/2024/1620,Shaurya Nadig,Primary Suspect
KAR/BEN/2024/2160,Jacob Yadav,Co-conspirator
KAR/BEN/2024/0644,Gayathri Sura,Accomplice
KAR/HUB/2024/0345,Thomas Kota,Co-conspirator
KAR/KOL/2024/1322,Aarush Patel,Co-conspirator
KAR/KOP/2024/0507,Yash Pau,Co-conspirator
KAR/BEL/2024/1877,Warjas Dutta,Accomplice
KAR/BEN/2024/1225,Banjeet Kaur,Co-conspirator
KAR/TUM/2024/2068,Oviya Prabhakar,Primary Suspect
KAR/UDU/2024/2267,Wazir Dhillon,Accomplice
KAR/RAI/2024/1719,Hredhaan Kar,Primary Suspect
KAR/BEN/2024/2052,Rohan Swamy,Accomplice
KAR/BID/2024/0720,Gaurav Srinivasan,Primary Suspect
KAR/CHI/2024/0993,Tamanna Dey,Primary Suspect
KAR/HAS/2024/2364,Shaurya Kadakia,Accomplice
KAR/KOL/2024/0660,Ubika Walia,Primary Suspect
KAR/BEN/2024/1200,Jai Oommen,Accomplice
KAR/MYS/2024/0919,Maanas Suri,Primary Suspect
KAR/BEN/2024/0935,Ekbal Kari,Primary Suspect
KAR/UDU/2024/1254,Urvashi Barad,Primary Suspect
KAR/BEN/2024/0887,Ikbal Tailor,Accomplice
KAR/MAN/2024/0809,Zehaan Kota,Accomplice
KAR/MYS/2024/1138,Ishita Mangal,Primary Suspect
KAR/BEN/2024/0442,Samuel Dass,Primary Suspect
KAR/TUM/2024/2123,Yoshita Natt,Co-conspirator
KAR/BEN/2024/1290,Pranit Peri,Primary Suspect
KAR/BEN/2024/2499,Reyansh Venkatesh,Accomplice
KAR/BAL/2024/2291,Gopal Manne,Accomplice
KAR/BEN/2024/1928,Hemal Kalla,Primary Suspect
KAR/HUB/2024/0802,Isaac Parmer,Primary Suspect
KAR/SHI/2024/0812,Abeer Bora,Co-conspirator
KAR/BEN/2024/0768,Girik Lalla,Accomplice
KAR/BEN/2024/1708,Chaitanya Ravel,Co-conspirator
KAR/BEN/2024/0646,Warjas Dutta,Accomplice
KAR/MAN/2024/1460,Ijaya Bail,Co-conspirator
KAR/BEN/2024/0600,Upadhriti Karpe,Co-conspirator
KAR/KOL/2024/0198,Vedika Sharaf,Co-conspirator
KAR/MAN/2024/1643,Bhanumati Mitter,Accomplice
KAR/BEN/2024/0917,Ojas Raghavan,Co-conspirator
KAR/KAL/2024/1555,Priya Bera,Accomplice
KAR/RAI/2024/0545,Ethan Chakrabarti,Co-conspirator
KAR/BEN/2024/1498,Baghyawati Cheema,Accomplice
KAR/BEL/2024/0256,Timothy Narayanan,Accomplice
KAR/RAI/2024/1832,Girik Walia,Primary Suspect
KAR/VIJ/2024/0673,Victor Deep,Co-conspirator
KAR/MYS/2024/1620,Rajeshri Chahal,Accomplice
KAR/BEL/2024/0632,Ayaan Sem,Primary Suspect
KAR/MAN/2024/1544,Xavier Saxena,Primary Suspect
KAR/MAN/2024/0200,Qushi Bhat,Co-conspirator
KAR/HUB/2024/0419,Sarthak Chandran,Primary Suspect
KAR/BEN/2024/1450,Yatan Mandal,Accomplice
KAR/HAS/2024/0929,Netra Bal,Accomplice
KAR/CHI/2024/2215,Fitan Dey,Accomplice
KAR/MAN/2024/2257,Azad Sehgal,Accomplice
KAR/MAN/2024/2203,Hema Majumdar,Accomplice
KAR/BEN/2024/0572,Nicholas Raju,Accomplice
KAR/BEN/2024/0668,Peter Mand,Accomplice
KAR/BID/2024/0793,Balvan Prasad,Accomplice
KAR/BEN/2024/0837,Advik More,Primary Suspect
KAR/MAN/2024/0123,Theodore Chowdhury,Accomplice
KAR/HUB/2024/1568,Oni Prabhu,Accomplice
KAR/BID/2024/0951,Karan Chander,Primary Suspect
KAR/BEN/2024/2140,Orinder Raju,Co-conspirator
KAR/VIJ/2024/2248,Jacob Babu,Primary Suspect
KAR/BEN/2024/1287,Urvashi Ganguly,Co-conspirator
KAR/KOL/2024/1177,Karan Kala,Primary Suspect
KAR/BAL/2024/1052,Gaurav Issac,Primary Suspect
KAR/BEN/2024/0168,Mekhala Sunder,Co-conspirator
KAR/RAI/2024/1293,Abhiram Soman,Accomplice
KAR/BEL/2024/2219,Gautami Chawla,Co-conspirator
KAR/BEN/2024/0344,Yuvraj Chauhan,Accomplice
KAR/BEN/2024/1605,Upkaar Butala,Accomplice
KAR/BEN/2024/2384,Nathan Tiwari,Co-conspirator
KAR/BEL/2024/1175,Ishita Raj,Co-conspirator
KAR/BEN/2024/1266,Vanya Sridhar,Accomplice
KAR/KOP/2024/0258,Rushil Natarajan,Accomplice
KAR/RAI/2024/2445,Advay Raj,Primary Suspect
KAR/BEN/2024/1556,Zehaan Kothari,Primary Suspect
KAR/CHI/2024/1044,Advika Nazareth,Primary Suspect
KAR/RAI/2024/0605,Hredhaan Sangha,Accomplice
KAR/UDU/2024/1930,Aayush Dey,Accomplice
KAR/BEN/2024/1892,Atharv Luthra,Primary Suspect
KAR/BEN/2024/0250,Laban Thakur,Primary Suspect
KAR/BEN/2024/0905,Krishna Rama,Co-conspirator
KAR/BEN/2024/1894,Banjeet Mohanty,Co-conspirator
KAR/BEN/2024/2035,Samaksh Pillai,Primary Suspect
KAR/RAI/2024/0998,Omkaar D’Alia,Accomplice
KAR/HAS/2024/0293,Chakradev Sant,Co-conspirator
KAR/VIJ/2024/0068,Viraj Bawa,Co-conspirator
KAR/BID/2024/0836,Abhiram Mani,Primary Suspect
KAR/RAI/2024/1838,Lakshit Ganesan,Co-conspirator
KAR/BEN/2024/2457,Jonathan Nori,Primary Suspect
KAR/UDU/2024/1522,Naksh Baral,Co-conspirator
KAR/BEN/2024/1417,Aarav Lala,Co-conspirator
KAR/DAV/2024/1617,Xavier Mann,Co-conspirator
KAR/BEN/2024/2051,Zaid Hans,Co-conspirator
KAR/BEN/2024/1575,Varsha Dewan,Accomplice
KAR/MAN/2024/1478,Indrajit Chaudhuri,Co-conspirator
KAR/VIJ/2024/2288,Jeremiah Ahluwalia,Accomplice
KAR/BEN/2024/1081,Benjamin Devan,Co-conspirator
KAR/BEL/2024/0531,Eesha Mangat,Primary Suspect
KAR/BEN/2024/1641,Rachit Zachariah,Primary Suspect
KAR/MYS/2024/1678,Xiti Naidu,Primary Suspect
KAR/BEN/2024/2235,Darpan Doctor,Primary Suspect
KAR/KAL/2024/2359,Onkar Mohan,Primary Suspect
KAR/BEL/2024/1669,Wyatt Singhal,Primary Suspect
KAR/KAL/2024/0130,Onkar Sinha,Co-conspirator
KAR/BEN/2024/0144,Banjeet Kapadia,Primary Suspect
KAR/BEN/2024/0402,Dakshesh Dave,Co-conspirator
KAR/TUM/2024/2116,Jacob Yadav,Co-conspirator
KAR/BEN/2024/1391,Naveen Narayanan,Co-conspirator
KAR/SHI/2024/1148,Gunbir Sur,Accomplice
KAR/BEN/2024/1869,Yuvraj Prakash,Co-conspirator
KAR/MAN/2024/0132,Sathvik Dar,Co-conspirator
KAR/KOP/2024/0721,Wazir Mody,Co-conspirator
KAR/MAN/2024/0703,Zashil Boase,Co-conspirator
KAR/SHI/2024/0637,Daniel Mann,Primary Suspect
KAR/DAV/2024/1676,Shivansh Walla,Co-conspirator
KAR/DAV/2024/0927,Wridesh Dhar,Accomplice
KAR/KAL/2024/0603,Lakshit Pal,Primary Suspect
KAR/BEN/2024/0007,Darsh Prabhu,Co-conspirator
KAR/BEN/2024/1003,Ekbal Chopra,Primary Suspect
KAR/MAN/2024/0642,Imaran Apte,Co-conspirator
KAR/HUB/2024/0091,Krisha Oak,Co-conspirator
KAR/KAL/2024/0682,Upadhriti Lata,Co-conspirator
KAR/CHI/2024/0838,Arin Cheema,Co-conspirator
KAR/BEN/2024/1713,Abhiram Deol,Accomplice
KAR/UDU/2024/1824,Noah Merchant,Accomplice
KAR/KAL/2024/1012,Vedhika Pau,Co-conspirator
KAR/BEN/2024/2243,Christopher Magar,Accomplice
KAR/BEN/2024/0291,Brijesh Chander,Primary Suspect
KAR/HUB/2024/1709,Daniel Ramanathan,Primary Suspect
KAR/RAI/2024/1739,Harshil Chaudhary,Co-conspirator
KAR/MYS/2024/0543,Viraj Manda,Co-conspirator
KAR/BID/2024/1847,Osha Dora,Primary Suspect
KAR/HUB/2024/0274,Praneel Sankaran,Primary Suspect
KAR/BEN/2024/1704,Zaid Hans,Primary Suspect
KAR/BEN/2024/0712,Yashoda Savant,Co-conspirator
KAR/BEN/2024/1487,Jason Chaudry,Primary Suspect
KAR/BEL/2024/0531,Jai Oommen,Co-conspirator
KAR/KAL/2024/2131,Gayathri Dyal,Primary Suspect
KAR/HAS/2024/2407,Aarush Patel,Primary Suspect
KAR/BEN/2024/0340,Gautami Zachariah,Accomplice
KAR/BEN/2024/1887,Ekalinga Andra,Primary Suspect
KAR/BEN/2024/1514,Balendra Gopal,Accomplice
KAR/BEN/2024/0452,Pranav Rau,Primary Suspect
KAR/KAL/2024/1176,Ekansh Nazareth,Co-conspirator
KAR/UDU/2024/0706,Upadhriti Bhardwaj,Accomplice
KAR/MAN/2024/1880,Nakul Nadig,Accomplice
KAR/KOP/2024/0082,Hemang Dara,Accomplice
KAR/DAV/2024/1617,Zayan Pal,Primary Suspect
KAR/SHI/2024/0902,Neelima Ganguly,Primary Suspect
KAR/MAN/2024/1507,Chaitaly Suri,Primary Suspect
KAR/TUM/2024/0069,Sachi Goyal,Primary Suspect
KAR/BEN/2024/1794,Bhanumati Mitter,Accomplice
KAR/SHI/2024/0260,Baghyawati Jani,Co-conspirator
KAR/VIJ/2024/1184,Warjas Khanna,Primary Suspect
KAR/DAV/2024/1271,Viraj Manda,Primary Suspect
KAR/UDU/2024/2442,Pratyush Muni,Primary Suspect
KAR/KOP/2024/1885,Mitesh Oak,Accomplice
KAR/UDU/2024/0393,Charles Shanker,Co-conspirator
KAR/BID/2024/0328,Sanya Gole,Co-conspirator
KAR/HAS/2024/2477,Daniel Ramanathan,Accomplice
KAR/SHI/2024/0965,Aradhana Mammen,Accomplice
KAR/BEL/2024/0632,Zayyan Cheema,Accomplice
KAR/BEN/2024/0772,Vivaan Bajaj,Primary Suspect
KAR/KAL/2024/1112,Bachittar Munshi,Accomplice
KAR/MAN/2024/2294,Lohit Bakshi,Primary Suspect
KAR/VIJ/2024/1932,Vinaya Naik,Accomplice
KAR/BEN/2024/1989,Chandresh Kamdar,Accomplice
KAR/CHI/2024/1031,Anirudh Kuruvilla,Primary Suspect
KAR/BEN/2024/1445,Madhav Thaker,Accomplice
KAR/BEL/2024/1667,Kiaan Banik,Accomplice
KAR/MAN/2024/0865,Henry Ratta,Primary Suspect
KAR/BEN/2024/0144,Warjas Natarajan,Accomplice
KAR/MAN/2024/2294,Aishani Balakrishnan,Primary Suspect
KAR/RAI/2024/1934,Naksh Baral,Primary Suspect
KAR/RAI/2024/1057,Jackson Sangha,Primary Suspect
KAR/SHI/2024/2148,Zayyan Soni,Co-conspirator
KAR/HUB/2024/2069,Rayaan Ahuja,Co-conspirator
KAR/BEN/2024/2005,Gavin Karnik,Accomplice
KAR/BEN/2024/1936,Nathaniel Chanda,Accomplice
KAR/BEN/2024/0647,Benjamin Varkey,Accomplice
KAR/BEN/2024/0024,Advay Walla,Accomplice
KAR/KAL/2024/0413,Laksh Pant,Accomplice
KAR/KOP/2024/1481,Balendra Doshi,Co-conspirator
KAR/BEN/2024/1236,Oliver Prakash,Accomplice
KAR/BEN/2024/0848,Balvan Prasad,Primary Suspect
KAR/CHI/2024/1227,Omkaar Reddy,Primary Suspect
KAR/BEL/2024/1065,Kai Bala,Primary Suspect
KAR/HUB/2024/0915,Pallavi Gole,Co-conspirator
KAR/DAV/2024/1685,Henry Pau,Primary Suspect
KAR/BEN/2024/1451,Maanav Mani,Accomplice
KAR/HUB/2024/1686,Darsh Ramachandran,Primary Suspect
KAR/BEN/2024/0586,Imaran Venkataraman,Co-conspirator
KAR/DAV/2024/2072,Omisha Shenoy,Accomplice
KAR/BEN/2024/1834,Umang Varkey,Accomplice
KAR/MAN/2024/2058,Ganga Johal,Co-conspirator
KAR/SHI/2024/1069,Samuel Gulati,Accomplice
KAR/BEN/2024/0133,Chatura Chawla,Co-conspirator
KAR/TUM/2024/0114,Mohini Trivedi,Primary Suspect
KAR/MAN/2024/0797,Qadim Ratti,Co-conspirator
KAR/HAS/2024/1907,Qadim Radhakrishnan,Co-conspirator
KAR/BEN/2024/0038,Patrick Varughese,Primary Suspect
KAR/BEN/2024/0484,Luke Bail,Co-conspirator
KAR/BEN/2024/1378,Rishi Gola,Primary Suspect
KAR/BEN/2024/2079,Zilmil Sathe,Accomplice
KAR/BEN/2024/0014,Qadim Radhakrishnan,Primary Suspect
KAR/MAN/2024/2060,Ishaan Shah,Primary Suspect
KAR/BAL/2024/1788,Pranit Kata,Co-conspirator
KAR/KOP/2024/0202,Luke Kaur,Primary Suspect
KAR/BEN/2024/1963,Brinda Wali,Accomplice
KAR/KAL/2024/2422,Abeer Vyas,Primary Suspect
KAR/BID/2024/0836,Nihal Vaidya,Co-conspirator
KAR/BEN/2024/0181,Lajita Srinivasan,Accomplice
KAR/HAS/2024/1952,Utkarsh Nori,Primary Suspect
KAR/BEN/2024/1860,Raagini Bhakta,Primary Suspect
KAR/BEN/2024/0572,Gunbir Mohan,Primary Suspect
KAR/HUB/2024/0384,Aadi Salvi,Primary Suspect
KAR/DAV/2024/0906,Hredhaan Kumar,Accomplice
KAR/BEN/2024/0204,Ronith Raval,Primary Suspect
KAR/BEN/2024/0006,Upkaar Koshy,Primary Suspect
KAR/CHI/2024/1911,Urmi Nadkarni,Primary Suspect
KAR/BEN/2024/1573,Arin Prasad,Primary Suspect
KAR/HAS/2024/2309,Gaurangi Gala,Primary Suspect
KAR/HAS/2024/1420,Orinder Tripathi,Primary Suspect
KAR/KOL/2024/1519,Tanveer Bora,Co-conspirator
KAR/VIJ/2024/2408,Isaac Sarin,Co-conspirator
KAR/UDU/2024/1828,Pranit Hayre,Accomplice
KAR/BID/2024/1218,Madhav Bhalla,Accomplice
KAR/UDU/2024/1618,Fitan Kapadia,Primary Suspect
KAR/BEN/2024/1072,Radha Sane,Accomplice
KAR/BEN/2024/1373,Quincy Ahuja,Primary Suspect
KAR/TUM/2024/2187,Agastya Barad,Co-conspirator
KAR/BEN/2024/2021,Qabil Kade,Co-conspirator
KAR/UDU/2024/1178,Banjeet Nagar,Accomplice
KAR/HUB/2024/2142,Fiyaz Chad,Co-conspirator
KAR/BEN/2024/0676,Advay Walla,Primary Suspect
KAR/BEN/2024/1315,Darpan Subramaniam,Accomplice
KAR/HUB/2024/0915,Riya Chandran,Accomplice
KAR/HAS/2024/0225,Balhaar Vaidya,Accomplice
KAR/RAI/2024/1545,Ethan Nath,Co-conspirator
KAR/BEN/2024/2443,Leena Manne,Primary Suspect
KAR/DAV/2024/0387,Theodore Prakash,Co-conspirator
KAR/BAL/2024/0022,Ikshita Bhasin,Co-conspirator
KAR/KOP/2024/2171,Indira Mandal,Co-conspirator
KAR/RAI/2024/0119,Luke Bail,Accomplice
KAR/KOL/2024/0107,Charvi Ramesh,Co-conspirator
KAR/BEN/2024/1873,Azad Sehgal,Accomplice
KAR/MAN/2024/2078,Charvi Ramesh,Primary Suspect
KAR/DAV/2024/0827,William Hegde,Co-conspirator
KAR/BEN/2024/1247,Quincy Karpe,Co-conspirator
KAR/BEN/2024/1597,Chaitaly Suri,Co-conspirator
KAR/UDU/2024/1828,Jacob Yadav,Co-conspirator
KAR/BEN/2024/1836,Anusha Naidu,Primary Suspect
KAR/TUM/2024/0841,Qasim Chaudhari,Accomplice
KAR/MYS/2024/2218,Finn Oza,Accomplice
KAR/MAN/2024/0849,Devika Sahota,Primary Suspect
KAR/BEN/2024/0471,Tristan Bora,Co-conspirator
KAR/KOL/2024/1173,Ekapad Seshadri,Co-conspirator
KAR/KOL/2024/0175,Yutika Keer,Primary Suspect
KAR/BID/2024/1135,Jonathan Hans,Co-conspirator
KAR/BEN/2024/1833,Udant Dixit,Co-conspirator
KAR/HAS/2024/2317,Vrinda Bala,Co-conspirator
KAR/BEN/2024/0309,Nitara Bawa,Accomplice
KAR/BEN/2024/0140,Chandran Ganesh,Accomplice
KAR/SHI/2024/1524,Yug Sehgal,Primary Suspect
KAR/MYS/2024/1066,Faras Bedi,Co-conspirator
KAR/BEN/2024/0151,Laksh Dugar,Accomplice
KAR/BEN/2024/0735,Thomas Kota,Accomplice
KAR/SHI/2024/2471,Hritik Kant,Co-conspirator
KAR/BAL/2024/1889,Owen Bali,Co-conspirator
KAR/RAI/2024/0831,Warjas Khanna,Co-conspirator
KAR/BAL/2024/1265,Yatin Ranganathan,Co-conspirator
KAR/KOP/2024/1933,Jeet Chatterjee,Accomplice
KAR/VIJ/2024/0122,Anya Mann,Co-conspirator
KAR/BEN/2024/1692,Yuvraj Guha,Primary Suspect
KAR/HUB/2024/0404,Victor Thaker,Co-conspirator
KAR/BEN/2024/0050,Qushi Bumb,Primary Suspect
KAR/SHI/2024/0185,Prisha Pandey,Co-conspirator
KAR/BID/2024/1917,Veer Kapadia,Co-conspirator
KAR/DAV/2024/1405,Keya Tata,Accomplice
KAR/BEN/2024/0311,Advay Loke,Accomplice
KAR/UDU/2024/2014,Isaac Sen,Primary Suspect
KAR/KOP/2024/1677,Leela Sandal,Accomplice
KAR/BEN/2024/1277,Hitesh Sangha,Primary Suspect
KAR/DAV/2024/2376,Ria Mutti,Co-conspirator
KAR/BEN/2024/0525,Avni Palla,Accomplice
KAR/BEN/2024/0511,Yagnesh Munshi,Co-conspirator
KAR/BID/2024/1463,Rishi Mall,Accomplice
KAR/BEN/2024/1360,Jeremiah Shere,Accomplice
KAR/MYS/2024/2433,Banjeet Shukla,Primary Suspect
KAR/SHI/2024/0150,Orinder Ranganathan,Primary Suspect
KAR/BEN/2024/1854,Patrick Peri,Primary Suspect
KAR/MYS/2024/1257,Parth Buch,Accomplice
KAR/BEN/2024/1153,Wyatt Majumdar,Co-conspirator
KAR/HAS/2024/0276,Aadhya Sachar,Accomplice
KAR/HUB/2024/0802,Brijesh Sathe,Accomplice
KAR/MYS/2024/1620,Amol Cheema,Primary Suspect
KAR/BEN/2024/2255,Naksh Biswas,Accomplice
KAR/BEL/2024/0966,Rayaan Dewan,Co-conspirator
KAR/KOP/2024/2249,Anjali Rana,Primary Suspect
KAR/KOL/2024/0923,Zayyan Soni,Primary Suspect
KAR/BEL/2024/2358,Imaran Zachariah,Co-conspirator
KAR/KAL/2024/1017,Abeer Bala,Accomplice
KAR/HUB/2024/0274,Onveer Aggarwal,Accomplice
KAR/VIJ/2024/0536,Ayaan Srinivasan,Accomplice
KAR/SHI/2024/2048,Maanav Bajwa,Accomplice
KAR/BEN/2024/2154,Arjun Nadig,Primary Suspect
KAR/DAV/2024/1004,Victor Deep,Primary Suspect
KAR/DAV/2024/1154,Gagan Kadakia,Primary Suspect
KAR/MAN/2024/2381,Xavier Sarna,Primary Suspect
KAR/MAN/2024/1735,Krishna Kata,Co-conspirator
KAR/BEN/2024/1747,Neelima Ganguly,Co-conspirator
KAR/BEN/2024/0172,Yug Mahajan,Accomplice
KAR/KOP/2024/2346,Tanay Borra,Accomplice
KAR/BID/2024/1448,Ekantika Mammen,Accomplice
KAR/CHI/2024/0838,Charles Mukherjee,Co-conspirator
KAR/BEN/2024/0403,Isha Oommen,Accomplice
KAR/BEN/2024/1294,Gaurangi Bir,Accomplice
KAR/MAN/2024/0978,Vamakshi Chawla,Co-conspirator
KAR/BEN/2024/2232,Gopal Wason,Accomplice
KAR/BEL/2024/0121,Hemang Yadav,Co-conspirator
KAR/KAL/2024/1206,Hredhaan Sangha,Primary Suspect
KAR/BEN/2024/1901,Udant Parekh,Accomplice
KAR/KOP/2024/1718,Peter Dyal,Primary Suspect
KAR/TUM/2024/0186,Yagnesh Munshi,Accomplice
KAR/BEN/2024/1539,Caleb Chana,Co-conspirator
KAR/HUB/2024/0671,Arin Karpe,Accomplice
KAR/BEN/2024/0484,Yuvraj Nagi,Co-conspirator
KAR/BEN/2024/2475,Eiravati Cheema,Primary Suspect
KAR/BEN/2024/2204,Nidhi Swamy,Co-conspirator
KAR/BEN/2024/1108,Leena Hora,Primary Suspect
KAR/BAL/2024/2304,Balvan Soni,Primary Suspect
KAR/TUM/2024/2299,Wyatt Prabhakar,Accomplice
KAR/BID/2024/1809,Wahab Kunda,Accomplice
KAR/RAI/2024/1931,Ekavir Dave,Accomplice
KAR/BEN/2024/2365,David Pillay,Co-conspirator
KAR/BEN/2024/1756,Reyansh Doshi,Co-conspirator
KAR/BEN/2024/2235,Nachiket Behl,Co-conspirator
KAR/BEN/2024/1652,Zilmil Sarma,Co-conspirator
KAR/BAL/2024/2379,Kabir Krishnan,Co-conspirator
KAR/KOP/2024/2212,Ryan Gole,Co-conspirator
KAR/VIJ/2024/0690,Rohan Patla,Co-conspirator
KAR/DAV/2024/1830,Nathaniel Chanda,Accomplice
KAR/BAL/2024/1265,Wahab Kala,Accomplice
KAR/HAS/2024/0444,Indali Sant,Co-conspirator
KAR/CHI/2024/2054,Zaitra Sarna,Co-conspirator
KAR/VIJ/2024/1040,Harish Balasubramanian,Co-conspirator
KAR/BEL/2024/0903,Xavier Mander,Co-conspirator
KAR/MAN/2024/0272,Advik Yadav,Accomplice
KAR/MAN/2024/1089,Azad Sinha,Co-conspirator
KAR/BAL/2024/2002,Vritti Mahal,Co-conspirator
KAR/BEN/2024/0457,Nitara Bawa,Co-conspirator
KAR/UDU/2024/1329,Madhav Thaker,Co-conspirator
KAR/HUB/2024/0895,Michael Sood,Co-conspirator
KAR/UDU/2024/0194,Ansh Aggarwal,Accomplice
KAR/KOL/2024/2322,Yatin Raval,Primary Suspect
KAR/BEN/2024/1556,Om Narayanan,Primary Suspect
KAR/BEN/2024/0875,Rayaan Prakash,Accomplice
KAR/TUM/2024/1586,Teerth Prashad,Primary Suspect
KAR/BAL/2024/0453,Aryan Patil,Accomplice
KAR/SHI/2024/1069,Saumya Sama,Accomplice
KAR/DAV/2024/1559,Tanay Jain,Co-conspirator
KAR/BEN/2024/2200,Gautam Dixit,Primary Suspect
KAR/KOP/2024/1296,Rachit Badal,Accomplice
KAR/BAL/2024/1518,Arin Sethi,Accomplice
KAR/BEN/2024/1082,Adweta Zachariah,Co-conspirator
KAR/DAV/2024/0529,Netra Bal,Co-conspirator
KAR/BEN/2024/1378,Jai Oommen,Accomplice
KAR/BEN/2024/1567,Ikbal Gandhi,Accomplice
KAR/HUB/2024/0733,Yatin Raval,Primary Suspect
KAR/DAV/2024/1084,Charles Mukherjee,Co-conspirator
KAR/MAN/2024/0703,Aachal Misra,Accomplice
KAR/BEN/2024/1792,Vanya Gupta,Co-conspirator
KAR/MYS/2024/2218,Abeer Wagle,Co-conspirator
KAR/BEN/2024/0848,Pranit Hayre,Accomplice
KAR/UDU/2024/0558,Gopal Wason,Co-conspirator
KAR/TUM/2024/2172,Ranveer Gokhale,Accomplice
KAR/DAV/2024/0927,Shivani Kaur,Accomplice
KAR/MYS/2024/1668,Advik Choudhury,Accomplice
KAR/BEN/2024/2198,Daniel Setty,Co-conspirator
KAR/BEN/2024/1016,Balendra Pradhan,Accomplice
KAR/MAN/2024/1636,Farhan Rajan,Primary Suspect
KAR/BEN/2024/1896,Suhani Dash,Accomplice
KAR/CHI/2024/0554,William Bhavsar,Primary Suspect
KAR/BEN/2024/1290,Nimrat Shah,Co-conspirator
KAR/BEN/2024/0834,Nakul Tara,Co-conspirator
KAR/SHI/2024/1070,Xavier Saxena,Primary Suspect
KAR/HUB/2024/2337,Gautam Dhillon,Co-conspirator
KAR/BEN/2024/0561,Pranit Dhingra,Primary Suspect
KAR/BEN/2024/1548,Jack Shukla,Primary Suspect
KAR/BID/2024/0432,Osha Dora,Primary Suspect
KAR/BEN/2024/1424,Xiti Naidu,Primary Suspect
KAR/KOL/2024/0275,Peter Yogi,Co-conspirator
KAR/KOP/2024/1541,Zilmil Sathe,Co-conspirator
KAR/DAV/2024/0697,Michael Badami,Co-conspirator
KAR/KAL/2024/1745,Girindra Jain,Accomplice
KAR/BEN/2024/0856,Ekaraj Dey,Accomplice
KAR/BEN/2024/0578,Dakshesh Mukhopadhyay,Accomplice
KAR/MAN/2024/0254,Aadhya Kala,Primary Suspect
KAR/BEL/2024/2371,Hritik Boase,Primary Suspect
KAR/BEN/2024/1102,Urvashi Barad,Accomplice
KAR/MAN/2024/0096,Gavin Gera,Co-conspirator
KAR/BEN/2024/0348,William Ramaswamy,Accomplice
KAR/BEN/2024/1963,Wazir Dhillon,Primary Suspect
KAR/BEL/2024/2219,Rishi Konda,Primary Suspect
KAR/BEN/2024/2047,Umang Jani,Accomplice
KAR/BEN/2024/1107,Nathaniel Rege,Accomplice
KAR/BEN/2024/1413,Vincent Iyengar,Accomplice
KAR/CHI/2024/1911,Zayan Pal,Co-conspirator
KAR/BEN/2024/0668,Oni Singhal,Accomplice
KAR/HAS/2024/0292,Chatura Sahni,Co-conspirator
KAR/BEL/2024/0866,Rajeshri Chahal,Primary Suspect
KAR/TUM/2024/0629,Finn Babu,Primary Suspect
KAR/RAI/2024/0489,Veer Ganguly,Primary Suspect
KAR/BEN/2024/1385,Maanav Purohit,Accomplice
KAR/BEN/2024/1003,Pratyush Parikh,Accomplice
KAR/BEN/2024/0016,Onveer Ramakrishnan,Accomplice
KAR/BID/2024/1018,Rishi Mall,Co-conspirator
KAR/SHI/2024/0980,Januja Maharaj,Co-conspirator
KAR/HAS/2024/0349,Eiravati Cheema,Co-conspirator
KAR/BEN/2024/1603,Vasatika Loke,Accomplice
KAR/BEN/2024/1548,Vedant Sachdeva,Primary Suspect
KAR/DAV/2024/0015,Faraj Mutti,Co-conspirator
KAR/BEN/2024/0805,Imaran Chad,Co-conspirator
KAR/BEN/2024/2095,Naksh Biswas,Accomplice
KAR/DAV/2024/2391,Naksh Biswas,Co-conspirator
KAR/BEN/2024/0678,Isaiah Aggarwal,Co-conspirator
KAR/BEN/2024/1055,Parth Raman,Accomplice
KAR/BEN/2024/2235,Robert Ramachandran,Accomplice
KAR/BEN/2024/0568,Daniel Jhaveri,Accomplice
KAR/MYS/2024/1521,Wyatt Patil,Co-conspirator
KAR/BEL/2024/2219,Jairaj Chadha,Co-conspirator
KAR/KAL/2024/0701,Jason Biswas,Accomplice
KAR/BEN/2024/0548,Shravya Dhawan,Co-conspirator
KAR/KOP/2024/1933,Patrick Peri,Accomplice
KAR/BEN/2024/0598,Amruta Pant,Primary Suspect
KAR/KOP/2024/1659,Eiravati Borde,Primary Suspect
KAR/BEN/2024/2162,Advay Walla,Co-conspirator
KAR/BEN/2024/2208,Riya Chandran,Primary Suspect
KAR/CHI/2024/1044,Ryan Pandya,Primary Suspect
KAR/BEN/2024/0399,Peter Palan,Primary Suspect
KAR/SHI/2024/0234,Zaid Mammen,Accomplice
KAR/BEL/2024/1561,Nisha Borde,Accomplice
KAR/BEN/2024/1060,Parth Manda,Accomplice
KAR/KOP/2024/1516,Krishna Kunda,Primary Suspect
KAR/BID/2024/0736,Agastya Barad,Accomplice
KAR/KOL/2024/1757,Yashica Chana,Co-conspirator
KAR/DAV/2024/0137,Noah Merchant,Accomplice
KAR/MAN/2024/0579,Kiaan Chaudhry,Primary Suspect
KAR/VIJ/2024/0145,Nathan Ben,Co-conspirator
KAR/KOP/2024/1318,Harshil Parmar,Co-conspirator
KAR/BEN/2024/2431,Wriddhish Bhavsar,Accomplice
KAR/MYS/2024/1396,Finn Pal,Co-conspirator
KAR/BEL/2024/0213,Baljiwan Sodhi,Co-conspirator
KAR/BEN/2024/1467,Zinal Sundaram,Primary Suspect
KAR/HAS/2024/2189,Chaitanya Sarkar,Co-conspirator
KAR/BEN/2024/1073,Hritik Kapur,Accomplice
KAR/BEN/2024/2041,Om Shankar,Co-conspirator
KAR/KOL/2024/2163,Onveer Kata,Co-conspirator
KAR/BEN/2024/2444,Rayaan Bedi,Co-conspirator
KAR/BEL/2024/2227,Aradhana Yohannan,Accomplice
KAR/BEL/2024/1175,Sanya Chakraborty,Primary Suspect
KAR/DAV/2024/0717,Manan Mahajan,Accomplice
KAR/MAN/2024/0383,Pranit Kata,Accomplice
KAR/RAI/2024/1970,Vincent Iyengar,Primary Suspect
KAR/BEN/2024/2321,Harsh Patil,Primary Suspect
KAR/UDU/2024/0058,Ojasvi Puri,Accomplice
KAR/BEN/2024/2080,Parth Raman,Primary Suspect
KAR/BEN/2024/1977,Frederick Andra,Accomplice
KAR/KOP/2024/1235,Aachal Misra,Primary Suspect
KAR/UDU/2024/0501,Jeremiah Shere,Accomplice
KAR/BEN/2024/0439,Banjeet Dhar,Accomplice
KAR/MYS/2024/2433,Baghyawati Cheema,Co-conspirator
KAR/CHI/2024/1750,Lavanya Sant,Primary Suspect
KAR/BEN/2024/2036,Udyati Mittal,Primary Suspect
KAR/BEN/2024/0215,Idika Gandhi,Co-conspirator
KAR/BEN/2024/2194,Luke Rattan,Co-conspirator
KAR/BEN/2024/0752,Jai Sami,Accomplice
KAR/TUM/2024/0652,Madhav Buch,Co-conspirator
KAR/HAS/2024/1929,Baghyawati Dugar,Primary Suspect
KAR/CHI/2024/0117,Vedant Seth,Primary Suspect
KAR/BEN/2024/1139,Laban Behl,Primary Suspect
KAR/CHI/2024/1955,Jeet Pall,Primary Suspect
KAR/SHI/2024/0942,Ranveer Batta,Co-conspirator
KAR/MAN/2024/2417,Arin Narula,Co-conspirator
KAR/BEN/2024/1207,Qadim Radhakrishnan,Co-conspirator
KAR/HAS/2024/1020,Tanay Jain,Accomplice
KAR/RAI/2024/1789,Vincent Tank,Co-conspirator
KAR/CHI/2024/0610,Indrajit Roy,Accomplice
KAR/HUB/2024/1831,Januja Dhaliwal,Co-conspirator
KAR/BEN/2024/1500,Ikshita Bhasin,Primary Suspect
KAR/DAV/2024/1154,Advika Nazareth,Accomplice
KAR/BEN/2024/1385,Dakshesh Chatterjee,Primary Suspect
KAR/UDU/2024/1600,Maanas Suri,Accomplice
KAR/BAL/2024/0922,Ijaya Rout,Primary Suspect
KAR/KAL/2024/0130,Anika Tank,Co-conspirator
KAR/DAV/2024/1111,Nitesh Wali,Co-conspirator
KAR/BAL/2024/1805,David Dubey,Accomplice
KAR/SHI/2024/1939,Jasmit Gade,Accomplice
KAR/HAS/2024/2407,Ekaraj Gera,Primary Suspect
KAR/BEN/2024/1567,Onkar Raju,Accomplice
KAR/KAL/2024/2223,Upkaar Koshy,Primary Suspect
KAR/KAL/2024/1344,Harsh Gour,Accomplice
KAR/TUM/2024/2018,Onkar Grewal,Primary Suspect
KAR/KOP/2024/0863,Amruta Pant,Co-conspirator
KAR/BEN/2024/0627,Vaishnavi Thakkar,Co-conspirator
KAR/BEN/2024/1273,Laksh Bhandari,Primary Suspect
KAR/MYS/2024/2363,Gavin Gera,Co-conspirator
KAR/MYS/2024/0714,Anvi Mital,Co-conspirator
KAR/DAV/2024/0330,Qabil Kannan,Co-conspirator
KAR/BEN/2024/2286,Niharika Sampath,Co-conspirator
KAR/HUB/2024/1780,Abdul Gala,Co-conspirator
KAR/BEL/2024/1384,Reyansh Sundaram,Primary Suspect
KAR/VIJ/2024/1778,Samesh Atwal,Co-conspirator
KAR/BAL/2024/0938,Jatin Raman,Accomplice
KAR/BEN/2024/0834,Joshua Singhal,Primary Suspect
KAR/KAL/2024/1365,Harsh Gour,Co-conspirator
KAR/SHI/2024/0902,Agastya Sarraf,Co-conspirator
KAR/BEN/2024/1267,Sai Bava,Primary Suspect
KAR/BAL/2024/1351,Lohit Sahota,Primary Suspect
KAR/BID/2024/1285,Kabir Solanki,Accomplice
KAR/DAV/2024/0354,Samuel Dora,Accomplice
KAR/SHI/2024/0920,Vedika Som,Primary Suspect
KAR/HAS/2024/1782,Onkar Singh,Accomplice
KAR/SHI/2024/1925,Pallavi Minhas,Co-conspirator
KAR/KAL/2024/0212,Jairaj Nayak,Accomplice
KAR/BEN/2024/0936,Laksh Dugar,Primary Suspect
KAR/CHI/2024/0520,Veer Sachdeva,Primary Suspect
KAR/BEN/2024/1944,Hemang Yadav,Accomplice
KAR/BEN/2024/2303,Riya Mahajan,Primary Suspect
KAR/CHI/2024/2380,Zinal Bal,Primary Suspect
KAR/MAN/2024/2469,Gopal Wason,Co-conspirator
KAR/MAN/2024/1151,Yash Saxena,Accomplice
KAR/BEN/2024/2276,Mitali Tandon,Accomplice
KAR/BEN/2024/0051,Mitesh Chaudhari,Accomplice
KAR/BEL/2024/0094,Tanvi Bansal,Co-conspirator
KAR/MYS/2024/2106,Henry Sodhi,Co-conspirator
KAR/BEN/2024/0899,Advik Mani,Primary Suspect
KAR/BEN/2024/1338,Elijah Sane,Co-conspirator
KAR/BEN/2024/0598,Nidra Golla,Accomplice
KAR/BEN/2024/0108,Neel Sarkar,Accomplice
KAR/BEN/2024/1487,Samar Shetty,Primary Suspect
KAR/DAV/2024/2103,Gavin Bassi,Co-conspirator
KAR/BEN/2024/0457,Zehaan Narula,Primary Suspect
KAR/DAV/2024/0927,Yashica Prasad,Accomplice
KAR/BEN/2024/0681,Barkha Kara,Primary Suspect
KAR/HAS/2024/2067,Vivaan Kala,Co-conspirator
KAR/BEN/2024/0512,Bina Naik,Primary Suspect
KAR/BEN/2024/1606,Wriddhish Manda,Primary Suspect
KAR/BEN/2024/1413,Zaid Bajwa,Primary Suspect
KAR/SHI/2024/1069,Kamya Sachdev,Accomplice
KAR/DAV/2024/0354,Zaid Hans,Primary Suspect
KAR/BEN/2024/1756,Kalpit Konda,Accomplice
KAR/BEL/2024/0252,Zayan Pal,Primary Suspect
KAR/UDU/2024/1329,Mason Kunda,Co-conspirator
KAR/SHI/2024/0125,Rachit Badal,Accomplice
KAR/BEN/2024/1756,Devansh Rai,Co-conspirator
KAR/BEN/2024/1510,Pratyush Srinivasan,Co-conspirator
KAR/KOP/2024/0889,Om Tak,Primary Suspect
KAR/HAS/2024/0192,Yug Kuruvilla,Co-conspirator
KAR/BEN/2024/1637,Hritik Swaminathan,Primary Suspect
KAR/MAN/2024/1904,Zehaan Kothari,Primary Suspect
KAR/HUB/2024/0854,Jai Bora,Co-conspirator
KAR/BEN/2024/1144,Krishna Chahal,Co-conspirator
KAR/HUB/2024/0440,Aayush Hayre,Primary Suspect
KAR/BEN/2024/2350,Benjamin Devan,Accomplice
KAR/HAS/2024/2382,Finn Khanna,Primary Suspect
KAR/BEN/2024/2063,Onveer Srinivas,Primary Suspect
KAR/BEN/2024/0407,Bahadurjit Kale,Co-conspirator
KAR/BEN/2024/1370,Kevin Krishnan,Accomplice
KAR/CHI/2024/1698,Gavin Gera,Primary Suspect
KAR/HAS/2024/2186,Anthony Chaudhari,Accomplice
KAR/SHI/2024/0513,Lipika Brar,Co-conspirator
KAR/BEN/2024/0467,Imaran Badal,Co-conspirator
KAR/MYS/2024/0968,Advay Raj,Co-conspirator
KAR/RAI/2024/2412,Dayita Bains,Primary Suspect
KAR/SHI/2024/1011,Onveer Venkatesh,Primary Suspect
KAR/BAL/2024/1265,Bimala Choudhary,Co-conspirator
KAR/KAL/2024/0847,Indira Kothari,Primary Suspect
KAR/MYS/2024/1822,Hredhaan Sangha,Primary Suspect
KAR/BEN/2024/0668,Jatin Raman,Primary Suspect
KAR/SHI/2024/2278,Advika Biswas,Co-conspirator
KAR/SHI/2024/0369,Zaid Barman,Accomplice
KAR/MAN/2024/0835,Ranbir Narayan,Primary Suspect
KAR/BEL/2024/2285,Chaaya Bava,Primary Suspect
KAR/BEN/2024/1846,Ekavir Mannan,Co-conspirator
KAR/TUM/2024/0462,Raagini Bahl,Co-conspirator
KAR/VIJ/2024/0687,Omkaar Dada,Primary Suspect
KAR/BEN/2024/0144,Balvan Khanna,Primary Suspect
KAR/BEN/2024/2121,Tanay Grover,Accomplice
KAR/DAV/2024/0499,Ojasvi Puri,Accomplice
KAR/BEL/2024/0589,Manya Halder,Primary Suspect
KAR/BEN/2024/0350,Imaran Mutti,Co-conspirator
KAR/BEN/2024/2498,Rishi Bhatnagar,Primary Suspect
KAR/TUM/2024/0900,Ekbal Dubey,Primary Suspect
KAR/MAN/2024/1122,Anirudh Banik,Primary Suspect
KAR/BID/2024/1113,Harrison Aggarwal,Primary Suspect
KAR/DAV/2024/0015,Laban Thakur,Co-conspirator
KAR/KAL/2024/2165,Kabir Lad,Primary Suspect
KAR/VIJ/2024/1201,Rachit Saraf,Accomplice
KAR/KOP/2024/0031,Bakhshi Kurian,Co-conspirator
KAR/BID/2024/1078,Hredhaan Narang,Primary Suspect
KAR/BEN/2024/1465,Farhan Rajan,Primary Suspect
KAR/UDU/2024/1329,Xavier Luthra,Primary Suspect
KAR/BEL/2024/0584,Ayaan Warrior,Co-conspirator
KAR/BEN/2024/1826,Yagnesh Kulkarni,Accomplice
KAR/SHI/2024/1939,Samar Saxena,Primary Suspect
KAR/BEN/2024/0269,Patrick Mukhopadhyay,Accomplice
KAR/TUM/2024/2116,Aadi Borde,Co-conspirator
KAR/KOP/2024/1541,Nathan Kant,Accomplice
KAR/KOP/2024/1221,Triveni Khalsa,Accomplice
KAR/BID/2024/1113,Fiyaz Lala,Primary Suspect
KAR/BEL/2024/2344,Gunbir Sane,Co-conspirator
KAR/BEN/2024/2201,Warinder Dhillon,Co-conspirator
KAR/KOP/2024/2220,Vincent Iyengar,Primary Suspect
KAR/BEN/2024/0079,Harshil Bajwa,Accomplice
KAR/MAN/2024/1760,Anthony Hans,Co-conspirator
KAR/DAV/2024/1158,Rishi Rajagopalan,Co-conspirator
KAR/BEN/2024/2045,Ethan Datta,Accomplice
KAR/BEN/2024/0617,Pranit Maharaj,Primary Suspect
KAR/DAV/2024/0499,Karan Morar,Co-conspirator
KAR/BEN/2024/0071,Benjamin Oak,Accomplice
KAR/KOP/2024/2217,Anmol Hayer,Accomplice
KAR/SHI/2024/1120,Om Bhalla,Co-conspirator
KAR/BEN/2024/2086,Vivaan Mittal,Accomplice
KAR/BID/2024/0948,Prisha Sarma,Accomplice
KAR/BID/2024/0230,Anamika Ganguly,Accomplice
KAR/BEN/2024/2457,Girindra Ranganathan,Co-conspirator
KAR/BEN/2024/0350,Lila Nadig,Co-conspirator
KAR/HAS/2024/1976,Qasim Balan,Co-conspirator
KAR/KAL/2024/2359,Warinder Lad,Primary Suspect
KAR/BAL/2024/1628,Panini Baria,Accomplice
KAR/SHI/2024/0860,Aarush Patel,Primary Suspect
KAR/HUB/2024/0134,Upasna Parikh,Primary Suspect
KAR/BEN/2024/1818,Jasmit Chada,Accomplice
KAR/BEN/2024/2080,Rudra Mutti,Co-conspirator
KAR/CHI/2024/0975,Jai Oommen,Accomplice
KAR/BEN/2024/0147,Indrajit Johal,Co-conspirator
KAR/BEL/2024/1442,Odika Chandra,Primary Suspect
KAR/BEN/2024/2298,Gaurav Deep,Accomplice
KAR/TUM/2024/1640,Advika Nazareth,Accomplice
KAR/BEN/2024/0612,Chandran Mann,Accomplice
KAR/HUB/2024/0908,Yashica Prasad,Co-conspirator
KAR/HAS/2024/1711,Viraj Kulkarni,Accomplice
KAR/BEL/2024/0213,Reyansh Sarkar,Accomplice
KAR/KOP/2024/1300,Zaid Bajwa,Co-conspirator
KAR/BID/2024/0880,Ekbal Pradhan,Accomplice
KAR/BEN/2024/2190,Balhaar Puri,Accomplice
KAR/BEN/2024/0157,Rudra Chatterjee,Primary Suspect
KAR/BEN/2024/1081,Bhavani Sood,Accomplice
KAR/VIJ/2024/1439,Qadim Ratti,Accomplice
KAR/MAN/2024/2202,Ekta Bala,Primary Suspect
KAR/BID/2024/1269,Bina Dar,Primary Suspect
KAR/BEN/2024/0204,Saksham Nath,Primary Suspect
KAR/BEN/2024/0626,Rayaan Prakash,Primary Suspect
KAR/BEN/2024/2444,Aadi Borde,Primary Suspect
KAR/BEN/2024/1276,Ucchal Mitra,Accomplice
KAR/BEN/2024/1055,Tanvi Soni,Primary Suspect
KAR/BEN/2024/0073,Manan Kapur,Primary Suspect
KAR/BEN/2024/1294,Bhavani Bhatnagar,Accomplice
KAR/HAS/2024/1802,Jason Biswas,Primary Suspect
KAR/TUM/2024/0154,Girindra Kashyap,Accomplice
KAR/CHI/2024/0994,Xalak Tiwari,Co-conspirator
KAR/BID/2024/0830,Tristan Chakrabarti,Primary Suspect
KAR/UDU/2024/1433,Upma Mukhopadhyay,Primary Suspect
KAR/BEN/2024/1945,Vanya Gupta,Accomplice
KAR/KOL/2024/0076,Nathan Tiwari,Co-conspirator
KAR/KOP/2024/0034,Urvashi Ganguly,Primary Suspect
KAR/BEN/2024/1898,Keya Comar,Accomplice
KAR/BEN/2024/1317,Rishi Sarma,Co-conspirator
KAR/DAV/2024/2043,Chakradhar Aggarwal,Primary Suspect
KAR/BEL/2024/1008,Zehaan Boase,Primary Suspect
KAR/KAL/2024/2484,Pranit Dass,Co-conspirator
KAR/BID/2024/0880,Parth Manda,Primary Suspect
KAR/BID/2024/0161,Brijesh Doctor,Primary Suspect
KAR/SHI/2024/0845,Aryan Chawla,Primary Suspect
KAR/BID/2024/1342,Timothy Dada,Co-conspirator
KAR/VIJ/2024/1067,Hardik Agarwal,Accomplice
KAR/DAV/2024/2352,Saksham Nath,Co-conspirator
KAR/BEN/2024/2385,Ladli Grover,Co-conspirator
KAR/BEN/2024/2419,Ishanvi Dass,Primary Suspect
KAR/BEN/2024/0300,Unnati Panchal,Accomplice
KAR/BEN/2024/0914,Ekalinga Munshi,Co-conspirator
KAR/BEL/2024/0271,Advaith Sastry,Primary Suspect
KAR/RAI/2024/2368,Sathvik Dar,Co-conspirator
KAR/RAI/2024/0576,Yuvraj Prakash,Primary Suspect
KAR/BEN/2024/2457,Manya Halder,Primary Suspect
KAR/KAL/2024/0390,Onkar Morar,Co-conspirator
KAR/VIJ/2024/1383,Vasatika Loke,Co-conspirator
KAR/TUM/2024/0629,Zayyan Soni,Accomplice
KAR/VIJ/2024/1040,Bimala Tailor,Co-conspirator
KAR/CHI/2024/0769,Sachi Goyal,Accomplice
KAR/KOL/2024/1322,Naksh Thaker,Co-conspirator
KAR/BEN/2024/0590,Wyatt Kuruvilla,Accomplice
KAR/BEN/2024/1873,Dominic Sangha,Accomplice
KAR/MAN/2024/1735,Eesha Trivedi,Co-conspirator
KAR/BEN/2024/0563,Peter Sahota,Accomplice
KAR/VIJ/2024/1462,Eiravati Cheema,Accomplice
KAR/BEN/2024/0402,Qasim Bhagat,Primary Suspect
KAR/KOP/2024/0162,Onveer Aggarwal,Accomplice
KAR/TUM/2024/0154,Arjun Zachariah,Accomplice
KAR/VIJ/2024/2333,Hema Majumdar,Primary Suspect
KAR/HAS/2024/0067,Karan Kala,Accomplice
KAR/DAV/2024/1968,Dakshesh Gour,Accomplice
KAR/KAL/2024/0450,Chatura Chawla,Co-conspirator
KAR/BEN/2024/1581,Daksh Dhawan,Accomplice
KAR/BID/2024/2274,Ishani Oommen,Primary Suspect
KAR/BEN/2024/2193,Dominic Mani,Accomplice
KAR/BEN/2024/1486,Aarush Mangat,Primary Suspect
KAR/UDU/2024/1427,Tanmayi Tella,Primary Suspect
KAR/MAN/2024/0928,Gunbir Mohan,Accomplice
KAR/BEN/2024/1958,Manbir Morar,Co-conspirator
KAR/BEN/2024/1247,Manthan Gara,Primary Suspect
KAR/BID/2024/2091,Mason Kunda,Accomplice
KAR/BEN/2024/2300,Zayyan Kapadia,Accomplice
KAR/BEN/2024/1773,Samuel Tandon,Co-conspirator
KAR/KOL/2024/0567,Wridesh Talwar,Accomplice
KAR/BEL/2024/1425,Vedhika Rai,Accomplice
KAR/KOP/2024/0210,Charles Prasad,Accomplice
KAR/BEN/2024/0395,Tamanna Anne,Primary Suspect
KAR/BEN/2024/0036,Gunbir Sharaf,Co-conspirator
KAR/BEN/2024/1565,Eta Gopal,Co-conspirator
KAR/VIJ/2024/1260,Kalpit Kannan,Accomplice
KAR/UDU/2024/2104,Finn Dara,Co-conspirator
KAR/BEN/2024/0144,Wyatt Kakar,Primary Suspect
KAR/MYS/2024/0506,Falan De,Primary Suspect
KAR/BEN/2024/0140,Azaan Karan,Co-conspirator
KAR/CHI/2024/0801,Balhaar Puri,Primary Suspect
KAR/MAN/2024/0120,Samuel Kale,Primary Suspect
KAR/SHI/2024/2361,Devansh Purohit,Co-conspirator
KAR/DAV/2024/0575,Sanya Bedi,Accomplice
KAR/MAN/2024/2469,Jeet Chatterjee,Accomplice
KAR/DAV/2024/1422,Jeet Pall,Primary Suspect
KAR/BEN/2024/1071,Baghyawati Dugar,Co-conspirator
KAR/HUB/2024/0814,Harish Madan,Accomplice
KAR/BEN/2024/1576,Aayush Tella,Accomplice
KAR/CHI/2024/0017,Theodore Bawa,Primary Suspect
KAR/VIJ/2024/1288,Xavier Bajaj,Co-conspirator
KAR/SHI/2024/0913,Wridesh Sibal,Co-conspirator
KAR/HUB/2024/0991,Vedika Sharaf,Primary Suspect
KAR/KAL/2024/0532,Maanas Suri,Primary Suspect
KAR/BEN/2024/2270,Jai Samra,Primary Suspect
KAR/VIJ/2024/2248,Avi Gopal,Co-conspirator
KAR/UDU/2024/0039,Victor Kibe,Primary Suspect
KAR/VIJ/2024/0295,Falguni Palla,Co-conspirator
KAR/HUB/2024/0908,Saksham Dhaliwal,Accomplice
KAR/BID/2024/2256,Rohan Dugar,Primary Suspect
KAR/UDU/2024/2440,Damyanti Sani,Primary Suspect
KAR/BEN/2024/0451,Dev Kara,Primary Suspect
KAR/UDU/2024/0113,Christopher Dube,Co-conspirator
KAR/BEN/2024/1744,Garima Pingle,Co-conspirator
KAR/RAI/2024/0519,Sara Kale,Co-conspirator
KAR/BEN/2024/2401,Diya Mutti,Primary Suspect
KAR/BEN/2024/1551,Faqid Morar,Co-conspirator
KAR/UDU/2024/0501,Pranit Desai,Primary Suspect
KAR/KAL/2024/1793,Rachana Edwin,Accomplice
KAR/HUB/2024/0991,Abdul Deshmukh,Accomplice
KAR/BEN/2024/1237,Fitan Narang,Primary Suspect
KAR/BEN/2024/0129,Ishita Rama,Primary Suspect
KAR/TUM/2024/1926,Gopal Bala,Primary Suspect
KAR/BEN/2024/1449,Tanay Jain,Co-conspirator
KAR/BAL/2024/1265,Nakul Tara,Co-conspirator
KAR/BEN/2024/0622,Urmi Bhargava,Accomplice
KAR/VIJ/2024/0469,William Wable,Primary Suspect
KAR/VIJ/2024/1418,Anirudh Banik,Accomplice
KAR/VIJ/2024/1462,Daniel Jhaveri,Co-conspirator
KAR/TUM/2024/0229,Samesh Prabhu,Primary Suspect
KAR/DAV/2024/2210,Ayushman Joshi,Primary Suspect
KAR/HUB/2024/0651,Odika Sem,Primary Suspect
KAR/RAI/2024/0648,Theodore Prakash,Co-conspirator
KAR/TUM/2024/1712,Advik Yadav,Primary Suspect
KAR/BEN/2024/1816,Reyansh Venkatesh,Co-conspirator
KAR/BEN/2024/0763,Vivaan Aurora,Co-conspirator
KAR/MAN/2024/0298,Samesh Atwal,Primary Suspect
KAR/BAL/2024/1949,Wyatt Kuruvilla,Primary Suspect
KAR/MAN/2024/1456,Samesh Borra,Co-conspirator
KAR/BEN/2024/0140,Gautam Dhillon,Primary Suspect
KAR/HAS/2024/1974,Akshay Parmar,Accomplice
KAR/BEN/2024/0108,Arjun Zachariah,Primary Suspect
KAR/BEN/2024/2120,Maanas Dar,Co-conspirator
KAR/KOL/2024/2273,Manya Chandra,Co-conspirator
KAR/BEN/2024/0946,Upasna Parikh,Primary Suspect
KAR/BID/2024/0823,Arjun Khalsa,Primary Suspect
KAR/KOL/2024/0939,Pavani Devi,Co-conspirator
KAR/BEN/2024/1674,Qarin Halder,Primary Suspect
KAR/SHI/2024/2098,Suhani Dasgupta,Primary Suspect
KAR/RAI/2024/0464,Christopher Dube,Accomplice
KAR/BEN/2024/0477,Aadhya Raman,Accomplice
KAR/BEL/2024/1888,Hredhaan Pai,Primary Suspect
KAR/KOP/2024/1189,Madhav Muni,Co-conspirator
KAR/MAN/2024/2203,Rishi Mall,Primary Suspect
KAR/HUB/2024/2225,Qasim Puri,Co-conspirator
KAR/MAN/2024/2490,Avi Gopal,Primary Suspect
KAR/BID/2024/1248,Mitesh Sundaram,Primary Suspect
KAR/BID/2024/1856,Advika Majumdar,Accomplice
KAR/BEN/2024/0144,Wridesh Dhar,Primary Suspect
KAR/BAL/2024/1924,Tanmayi Tella,Accomplice
KAR/BID/2024/0110,Anirudh Dave,Primary Suspect
KAR/BEL/2024/1986,Naveen Nigam,Accomplice
KAR/BEN/2024/1942,Nihal Vaidya,Accomplice
KAR/TUM/2024/1039,Ekanta Ahluwalia,Accomplice
KAR/BEN/2024/0512,Naksh Balan,Primary Suspect
KAR/SHI/2024/2048,Kalpit Konda,Co-conspirator
KAR/BEN/2024/0303,Joshua Natarajan,Co-conspirator
KAR/DAV/2024/2391,Udarsh Sanghvi,Primary Suspect
KAR/MYS/2024/2326,Garima Thakur,Co-conspirator
KAR/RAI/2024/1554,Arin Lata,Primary Suspect
KAR/DAV/2024/0927,Ryan Chada,Accomplice
KAR/MAN/2024/1758,Shravya Kamdar,Primary Suspect
KAR/BEN/2024/1536,Ishaan Biswas,Primary Suspect
KAR/SHI/2024/0667,Gopal Bala,Accomplice
KAR/BEN/2024/0348,Indali Sant,Accomplice
KAR/SHI/2024/2009,Dhruv Mangat,Primary Suspect
KAR/BID/2024/0766,Netra Bal,Accomplice
KAR/MAN/2024/0928,Lajita Chaudhry,Accomplice
KAR/BEN/2024/0731,Hemal Kalla,Co-conspirator
KAR/MAN/2024/1325,Ria Mutti,Co-conspirator
KAR/BEL/2024/0866,Azad Sinha,Primary Suspect
KAR/BEL/2024/0509,Gauri Ahuja,Co-conspirator
KAR/UDU/2024/0410,Gavin Thaker,Co-conspirator
KAR/BEN/2024/2193,Abeer Kapadia,Co-conspirator
KAR/MYS/2024/1476,Harshil Chadha,Co-conspirator
KAR/KOL/2024/1553,Banjeet Jani,Co-conspirator
KAR/TUM/2024/2123,Chatresh Ram,Primary Suspect
KAR/BEN/2024/1841,Ira Dora,Primary Suspect
KAR/UDU/2024/0996,Umang Bail,Primary Suspect
KAR/BEN/2024/1166,Baghyawati Kant,Accomplice
KAR/BAL/2024/2002,Urmi Chauhan,Accomplice
KAR/BEN/2024/0247,Urvashi Modi,Co-conspirator
KAR/HUB/2024/2467,Urvi Shanker,Co-conspirator
KAR/BEN/2024/1794,Wahab Oak,Accomplice
KAR/MAN/2024/1758,Lakshit Ganesan,Co-conspirator
KAR/BEN/2024/0027,Jai Oommen,Primary Suspect
KAR/BEN/2024/0716,Patrick Tella,Accomplice
KAR/BEN/2024/0562,Jackson Krishna,Primary Suspect
KAR/BEL/2024/2074,Abhiram Karpe,Co-conspirator
KAR/DAV/2024/1111,Zinal Bal,Co-conspirator
KAR/CHI/2024/0264,Dhruv Barad,Accomplice
KAR/BEN/2024/0723,Gautam Tata,Primary Suspect
KAR/HUB/2024/0754,Triveni Sehgal,Co-conspirator
KAR/BEN/2024/1873,Yuvraj Bawa,Co-conspirator
KAR/BID/2024/1825,Lohit Sahota,Co-conspirator
KAR/MAN/2024/1644,Bishakha Dhillon,Co-conspirator
KAR/SHI/2024/0888,Tanay Tata,Co-conspirator
KAR/SHI/2024/2239,Yashawini Goda,Co-conspirator
KAR/KOP/2024/2275,Dev Bhakta,Accomplice
KAR/BEN/2024/2499,Nathaniel Rege,Primary Suspect
KAR/KOL/2024/2349,Yatin Varghese,Primary Suspect
KAR/MAN/2024/1140,Urvashi Modi,Accomplice
KAR/BEN/2024/2204,Maanav Parekh,Primary Suspect
KAR/KOP/2024/0981,Chaitanya Wali,Co-conspirator
KAR/HUB/2024/2435,Onkar Morar,Accomplice
KAR/BEN/2024/1804,Rishi Rajagopalan,Accomplice
KAR/BEN/2024/0618,Urvi Shanker,Co-conspirator
KAR/BEL/2024/2418,Krisha Oak,Co-conspirator
KAR/BEN/2024/1170,Hredhaan Pai,Co-conspirator
KAR/VIJ/2024/0318,Thomas Chhabra,Accomplice
KAR/CHI/2024/0729,Keya Date,Primary Suspect
KAR/MYS/2024/1679,Sai Memon,Accomplice
KAR/DAV/2024/2391,Fiyaz Chad,Co-conspirator
KAR/MAN/2024/1880,Vincent Bera,Primary Suspect
KAR/KOL/2024/0197,Logan Sawhney,Primary Suspect
KAR/BEN/2024/2209,Xavier Chanda,Co-conspirator
KAR/BEN/2024/0771,Max Merchant,Primary Suspect
KAR/TUM/2024/0332,Zayan Jaggi,Primary Suspect
KAR/HAS/2024/0761,Ishwar Bhatti,Accomplice
KAR/HUB/2024/0991,Naveen Sawhney,Co-conspirator
KAR/BEN/2024/1467,Wridesh Wason,Co-conspirator
KAR/KOL/2024/0638,Ekavir Tata,Primary Suspect
KAR/BEN/2024/2111,Pranit Maharaj,Accomplice
KAR/BEN/2024/0455,Chavvi Kibe,Accomplice
KAR/BEN/2024/1430,Nandini Aurora,Primary Suspect
KAR/KOP/2024/1363,Tanveer Gupta,Accomplice
KAR/BEN/2024/1482,Ayushman Dubey,Primary Suspect
KAR/KOP/2024/1769,Riya Cherian,Primary Suspect
KAR/BEN/2024/0510,Chakradev Chaudhuri,Accomplice
KAR/BEN/2024/2350,Jatin Murty,Primary Suspect
KAR/BEN/2024/0884,Ekansh Nazareth,Primary Suspect
KAR/BEN/2024/2253,Ishita Mangal,Primary Suspect
KAR/UDU/2024/0918,Faraj Munshi,Co-conspirator
KAR/BEN/2024/2319,Faras Chakraborty,Primary Suspect
KAR/BEN/2024/0723,Ishaan Shah,Primary Suspect
KAR/BID/2024/0224,Akshay Bhavsar,Primary Suspect
KAR/DAV/2024/1324,Indali Sant,Primary Suspect
KAR/BEL/2024/2074,Noah Yadav,Accomplice
KAR/HUB/2024/1780,Qasim Puri,Primary Suspect
KAR/BAL/2024/0278,Maanav Parekh,Co-conspirator
KAR/MYS/2024/1134,Sanaya Goel,Accomplice
KAR/BEN/2024/0204,Aadhya Sachar,Accomplice
KAR/BEN/2024/0431,Riya Dora,Primary Suspect
KAR/HAS/2024/1866,Pooja Kuruvilla,Primary Suspect
KAR/RAI/2024/0958,Vedant Cheema,Accomplice
KAR/DAV/2024/2103,Xiti Naidu,Primary Suspect
KAR/BEN/2024/2064,Utkarsh Doctor,Accomplice
KAR/BEN/2024/0029,Kalpit Gole,Accomplice
KAR/BEN/2024/2338,Rayaan Sastry,Co-conspirator
KAR/MAN/2024/2245,Daksh Chander,Accomplice
KAR/VIJ/2024/1619,Jairaj Narula,Co-conspirator
KAR/BID/2024/2221,Theodore Toor,Accomplice
KAR/BID/2024/0280,David Krishnamurthy,Co-conspirator
KAR/BEN/2024/1222,Michael Babu,Primary Suspect
KAR/BEN/2024/0771,Teerth Borra,Accomplice
KAR/DAV/2024/1676,Nathaniel Rege,Primary Suspect
KAR/KOP/2024/1566,Jonathan Hans,Primary Suspect
KAR/CHI/2024/0481,Wishi Pau,Primary Suspect
KAR/RAI/2024/1005,Akshay Kara,Accomplice
KAR/BEN/2024/0805,Dev Bhakta,Co-conspirator
KAR/BEN/2024/2460,Pranav Kant,Primary Suspect
KAR/BEN/2024/1188,Gagan Tella,Co-conspirator
KAR/KOP/2024/1205,Pranit Kata,Accomplice
KAR/HUB/2024/2137,Frederick Bandi,Accomplice
KAR/BEN/2024/0990,Vasudha Gola,Accomplice
KAR/BEN/2024/1751,Aarnav Zachariah,Primary Suspect
KAR/MAN/2024/2287,Jairaj Korpal,Primary Suspect
KAR/BEL/2024/1534,Jonathan Venkatesh,Co-conspirator
KAR/BEN/2024/0705,Zayan Jaggi,Accomplice
KAR/BEN/2024/1369,Aditya Hari,Primary Suspect
KAR/BEN/2024/0695,Tanish Lad,Accomplice
KAR/HUB/2024/0634,Megha Sridhar,Accomplice
KAR/MAN/2024/0783,Ekbal Sawhney,Co-conspirator
KAR/BEN/2024/0403,Timothy Zacharia,Primary Suspect
KAR/MAN/2024/1969,Qarin Chaudhry,Co-conspirator
KAR/TUM/2024/0583,Zayyan Kunda,Primary Suspect
KAR/BEN/2024/1062,Ishaan Nagy,Primary Suspect
KAR/MYS/2024/1396,Jagdish Kapadia,Accomplice
KAR/MAN/2024/1122,David Krishnamurthy,Accomplice
KAR/BEN/2024/1582,Prisha Sarraf,Accomplice
KAR/HUB/2024/1075,Bakhshi Sidhu,Primary Suspect
KAR/HUB/2024/0419,Ojas Taneja,Primary Suspect
KAR/BAL/2024/1230,Umang Jani,Accomplice
KAR/BEN/2024/2214,Falak Sehgal,Co-conspirator
KAR/BEL/2024/1202,Anirudh Naik,Co-conspirator
KAR/BEN/2024/0577,Hitesh Sangha,Accomplice
KAR/TUM/2024/1421,Christopher Dugal,Accomplice
KAR/MYS/2024/2057,Krishna Iyer,Accomplice
KAR/VIJ/2024/0949,Ayaan Srinivasan,Primary Suspect
KAR/MYS/2024/0294,Sarthak Narain,Primary Suspect
KAR/KAL/2024/1479,Banjeet Sule,Accomplice
KAR/HAS/2024/1951,Laksh Sama,Primary Suspect
KAR/BEN/2024/2473,Jyoti Zacharia,Accomplice
KAR/KOL/2024/1191,Victor Jhaveri,Co-conspirator
KAR/MAN/2024/0579,Neha Bains,Accomplice
KAR/UDU/2024/0165,Jason Comar,Primary Suspect
KAR/TUM/2024/0186,Advay Savant,Co-conspirator
KAR/MYS/2024/1937,Jack Hayer,Co-conspirator
KAR/BEN/2024/1858,Onkar Palla,Co-conspirator
KAR/MYS/2024/1371,Gayathri Padmanabhan,Co-conspirator
KAR/BEN/2024/1262,Falan Raju,Primary Suspect
KAR/MAN/2024/0257,Dalaja Narayan,Accomplice
KAR/UDU/2024/0103,Kevin Yadav,Primary Suspect
KAR/BEN/2024/0029,Aishani Balakrishnan,Accomplice
KAR/DAV/2024/1084,Nachiket Behl,Primary Suspect
KAR/BEN/2024/2149,Wazir Dhillon,Co-conspirator
KAR/BEN/2024/1145,Gagan Kala,Primary Suspect
KAR/BEN/2024/0944,Ekbal Sawhney,Co-conspirator
KAR/HAS/2024/0180,Utkarsh Doctor,Accomplice
KAR/BEN/2024/0135,Gautami Saini,Primary Suspect
KAR/BAL/2024/0223,Gauri Jaggi,Co-conspirator
KAR/BEN/2024/1414,Ayaan Nadig,Primary Suspect
KAR/HUB/2024/1831,Harshil Banik,Primary Suspect
KAR/BEN/2024/2161,Alexander Malhotra,Co-conspirator
KAR/TUM/2024/2168,Warhi Char,Accomplice
KAR/MAN/2024/2294,Nicholas Nazareth,Primary Suspect
KAR/MAN/2024/0317,Kevin Krishnan,Co-conspirator
KAR/BEN/2024/0911,Veer Ganguly,Co-conspirator
KAR/TUM/2024/1490,Nitesh Deshpande,Accomplice
KAR/TUM/2024/2116,Aryan Ratti,Primary Suspect
KAR/BEN/2024/0496,Harish Chatterjee,Primary Suspect
KAR/HAS/2024/1030,Aadhya Padmanabhan,Accomplice
KAR/BEN/2024/1700,Gautami Zachariah,Co-conspirator
KAR/BEN/2024/0616,Jason Madan,Co-conspirator
KAR/BEN/2024/1827,Yuvraj Nagi,Accomplice
KAR/SHI/2024/2148,Krishna Kunda,Accomplice
KAR/MAN/2024/0844,Caleb Gopal,Accomplice
KAR/BEN/2024/0560,Robert Devi,Co-conspirator
KAR/KOP/2024/0162,Jack Deep,Primary Suspect
KAR/HUB/2024/0651,Sathvik Talwar,Primary Suspect
KAR/DAV/2024/0906,Farhan Chandran,Accomplice
KAR/BEN/2024/0412,Maanas Bala,Co-conspirator
KAR/BEN/2024/0261,Max Hora,Co-conspirator
KAR/BID/2024/1078,Nitesh Deshpande,Accomplice
KAR/BEN/2024/0303,Max Yadav,Primary Suspect
KAR/BEN/2024/2062,Onkar Dey,Accomplice
KAR/MAN/2024/1485,Shaurya Divan,Co-conspirator
KAR/BID/2024/0463,Zehaan Kothari,Primary Suspect
KAR/BEN/2024/2169,Amol Cheema,Primary Suspect
KAR/BEN/2024/2372,Barkha Bal,Co-conspirator
KAR/SHI/2024/0888,Udarsh Bawa,Co-conspirator
KAR/CHI/2024/0791,Rachana Muni,Primary Suspect
KAR/HUB/2024/2336,Ojas Raghavan,Accomplice
KAR/BEN/2024/1694,Gayathri Padmanabhan,Co-conspirator
KAR/BEN/2024/0099,Qasim Bhagat,Accomplice
KAR/VIJ/2024/2434,Advay Savant,Accomplice
KAR/BEN/2024/0726,Matthew Sha,Accomplice
KAR/BAL/2024/0223,Jeet Kant,Co-conspirator
KAR/BEN/2024/1370,Mitesh Dugar,Co-conspirator
KAR/KOP/2024/1588,Nachiket Kalla,Primary Suspect
KAR/BAL/2024/2118,Yash Rajagopal,Co-conspirator
KAR/VIJ/2024/0670,Victor Goel,Accomplice
KAR/VIJ/2024/0669,Veer Maharaj,Primary Suspect
KAR/HAS/2024/0225,Banjeet Mohanty,Accomplice
KAR/BEN/2024/1944,Viraj Bhatia,Accomplice
KAR/BEN/2024/2475,Farhan Chandran,Primary Suspect
KAR/BEN/2024/2190,Faras Mohan,Primary Suspect
KAR/HAS/2024/0448,Parth Saini,Co-conspirator
KAR/BEN/2024/0874,Ikshita Bhasin,Accomplice
KAR/VIJ/2024/1972,Radha Biswas,Accomplice
KAR/VIJ/2024/1778,Nidra Golla,Accomplice
KAR/BEN/2024/0358,Laksh Pant,Primary Suspect
KAR/HAS/2024/1974,Yagnesh Munshi,Accomplice
KAR/BEN/2024/1873,Vincent Bera,Accomplice
KAR/MYS/2024/2438,Neel Ben,Co-conspirator
KAR/BEN/2024/0742,Quincy Tank,Co-conspirator
KAR/UDU/2024/0018,Kashvi Som,Accomplice
KAR/BEN/2024/0457,Rishi Vala,Primary Suspect
KAR/BEN/2024/0155,Jairaj Korpal,Co-conspirator
KAR/DAV/2024/0821,Samesh Borra,Primary Suspect
KAR/BEN/2024/2062,Ekbal Chopra,Co-conspirator
KAR/BEN/2024/1482,Mason Kunda,Primary Suspect
KAR/BEN/2024/1237,Balveer Dixit,Primary Suspect
KAR/KOL/2024/0988,Harshil Chadha,Accomplice
KAR/BEN/2024/2234,Tanveer Rai,Accomplice
KAR/DAV/2024/2391,Odika Sem,Accomplice
KAR/BEN/2024/0415,Lohit Behl,Primary Suspect
KAR/KOL/2024/0391,Vamakshi Sengupta,Primary Suspect
KAR/BEN/2024/0755,Aarav Chauhan,Accomplice
KAR/HUB/2024/1709,Pratyush Merchant,Co-conspirator
KAR/MAN/2024/0243,Naksh Atwal,Accomplice
KAR/MYS/2024/1627,Anay Buch,Accomplice
KAR/BEN/2024/0952,Yashawini Khalsa,Primary Suspect
KAR/BEN/2024/1393,Chanchal Butala,Primary Suspect
KAR/BEN/2024/2404,Ayaan Sem,Co-conspirator
KAR/BEN/2024/2207,Faraj Chauhan,Co-conspirator
KAR/BEN/2024/0753,Liam Lal,Co-conspirator
KAR/VIJ/2024/1259,Tanmayi Talwar,Accomplice
KAR/BAL/2024/0205,Chaaya Yohannan,Accomplice
KAR/BEN/2024/1612,Balvan Patil,Accomplice
KAR/BAL/2024/1788,Zaid Hans,Primary Suspect
KAR/HAS/2024/1974,Peter Sehgal,Accomplice
KAR/BEN/2024/1484,Nicholas Nazareth,Primary Suspect
KAR/UDU/2024/2400,Nakul Khalsa,Primary Suspect
KAR/BEL/2024/1000,Jackson Sangha,Primary Suspect
KAR/KOP/2024/1506,Charles Vohra,Primary Suspect
KAR/MAN/2024/2312,Ekapad Seshadri,Accomplice
KAR/UDU/2024/1210,Kiaan Parikh,Co-conspirator
KAR/BEN/2024/1414,Theodore Patla,Accomplice
KAR/BEN/2024/1310,Umang Choudhury,Primary Suspect
KAR/BEN/2024/0727,Oni Khatri,Primary Suspect
KAR/DAV/2024/1160,Ronith Raman,Primary Suspect
KAR/BEN/2024/0716,Warjas Kaur,Accomplice
KAR/TUM/2024/0974,Umang Ratti,Primary Suspect
KAR/SHI/2024/1011,Victor Dara,Co-conspirator
KAR/BEN/2024/1841,Charan Varma,Co-conspirator
KAR/MAN/2024/1735,Dayamai Kale,Accomplice
KAR/BEN/2024/0649,Abhiram Karpe,Primary Suspect
KAR/HAS/2024/0962,Samarth Swaminathan,Accomplice
KAR/BEN/2024/1740,Upasna Parikh,Accomplice
KAR/HUB/2024/0953,Vedhika Rai,Primary Suspect
KAR/TUM/2024/0460,Chatura Din,Accomplice
KAR/BEN/2024/1419,Pranit Char,Accomplice
KAR/HUB/2024/2142,Samesh Ramanathan,Accomplice
KAR/BEN/2024/1818,Ayaan Mukherjee,Accomplice
KAR/MYS/2024/1702,Bakhshi Keer,Accomplice
KAR/BEN/2024/1139,Mahika Grover,Co-conspirator
KAR/HUB/2024/1881,Orinder Swamy,Primary Suspect
KAR/TUM/2024/1666,Jai Bala,Accomplice
KAR/HAS/2024/1030,Noah Merchant,Accomplice
KAR/BEN/2024/2461,Ekbal Kari,Co-conspirator
KAR/BEN/2024/2255,Baghyawati Kadakia,Primary Suspect
KAR/BEN/2024/0763,Chatresh Ganguly,Accomplice
KAR/BEN/2024/2017,Gaurav Raj,Primary Suspect
KAR/KOP/2024/1215,Vedant Cheema,Co-conspirator
KAR/BEN/2024/0148,Darpan Bhattacharyya,Co-conspirator
KAR/BAL/2024/2495,Bina Gola,Accomplice
KAR/DAV/2024/0387,Jairaj Narula,Primary Suspect
KAR/SHI/2024/0942,Ekavir Kapur,Accomplice
KAR/BEN/2024/1171,Joshua Mahajan,Accomplice
KAR/BEN/2024/2021,Abeer Goda,Primary Suspect
KAR/BEN/2024/0935,Shaurya Nadig,Co-conspirator
KAR/VIJ/2024/2185,Logan Bhattacharyya,Primary Suspect
KAR/TUM/2024/2084,Jairaj Narula,Primary Suspect
KAR/VIJ/2024/1975,Abhiram Toor,Primary Suspect
KAR/UDU/2024/0039,Lila Shroff,Co-conspirator
KAR/DAV/2024/2260,Peter Sahota,Primary Suspect
KAR/MYS/2024/2281,Raghav Garde,Accomplice
KAR/KOL/2024/2273,Krishna More,Accomplice
KAR/BEN/2024/0322,Naksh Balan,Accomplice
KAR/BEN/2024/1196,Reyansh Agate,Accomplice
KAR/KAL/2024/1953,Inaya Swaminathan,Primary Suspect
KAR/BEN/2024/0466,Bina Gola,Co-conspirator
KAR/BEL/2024/0121,Arin Prasad,Accomplice
KAR/BEN/2024/2005,Onkar Sundaram,Accomplice
KAR/MAN/2024/1233,Nimrat Shah,Primary Suspect
KAR/BEN/2024/1457,Omkaar Dhar,Primary Suspect
KAR/MAN/2024/0096,Balvan Dasgupta,Co-conspirator
KAR/BEN/2024/0057,Ronith Narasimhan,Co-conspirator
KAR/UDU/2024/2464,Samuel Puri,Primary Suspect
KAR/HUB/2024/1186,Alexander Agarwal,Primary Suspect
KAR/BEN/2024/1797,Ekapad Nanda,Co-conspirator
KAR/HUB/2024/2001,Yug Sehgal,Co-conspirator
KAR/BEN/2024/0593,Abhiram Chowdhury,Co-conspirator
KAR/BEN/2024/1307,Jasmit Tak,Primary Suspect
KAR/BAL/2024/1403,Onveer Venkatesh,Co-conspirator
KAR/BAL/2024/1681,Vanya Gupta,Accomplice
KAR/BEN/2024/2308,Vivaan Ranganathan,Primary Suspect
KAR/BEN/2024/2316,Nachiket Kalla,Primary Suspect
KAR/KAL/2024/2165,Rishi Golla,Primary Suspect
KAR/HAS/2024/0002,Anmol Chander,Accomplice
KAR/MAN/2024/1485,Imaran Chad,Accomplice
KAR/BEN/2024/0578,Chanakya Sahota,Accomplice
KAR/CHI/2024/0264,Vedika Som,Primary Suspect
KAR/BEN/2024/1310,Udyati Sibal,Primary Suspect
KAR/BEN/2024/0181,Qushi Amble,Accomplice
KAR/UDU/2024/1427,Bachittar Deol,Co-conspirator
KAR/BEN/2024/0914,Falan Banerjee,Co-conspirator
KAR/CHI/2024/2054,Xiti Naidu,Co-conspirator
KAR/BID/2024/1799,Nidra Golla,Co-conspirator
KAR/KOP/2024/2282,Qabil Toor,Primary Suspect
KAR/BEN/2024/1386,Jagat Sodhi,Co-conspirator
KAR/BEN/2024/2353,Chatresh Ganguly,Accomplice
KAR/BEN/2024/1839,Manan Baria,Primary Suspect
KAR/KOL/2024/0689,Anmol Kalla,Co-conspirator
KAR/BEN/2024/0215,Anirudh Bhat,Co-conspirator
KAR/UDU/2024/0410,Kalpit Konda,Accomplice
KAR/MAN/2024/2023,Gunbir Sharaf,Primary Suspect
KAR/KOP/2024/0241,Yash Buch,Accomplice
KAR/BID/2024/1289,Henry Chaudhary,Accomplice
KAR/MAN/2024/1325,Idika Vora,Primary Suspect
KAR/BEN/2024/0694,Balendra Bhardwaj,Primary Suspect
KAR/BEN/2024/0871,Lucky Misra,Primary Suspect
KAR/BEN/2024/2180,Avi Gopal,Primary Suspect
KAR/KOP/2024/1659,Ayushman Mander,Primary Suspect
KAR/CHI/2024/1513,Victor Chanda,Co-conspirator
KAR/TUM/2024/2046,Ikbal Boase,Accomplice
KAR/BEN/2024/2367,Anthony Gupta,Accomplice
KAR/BEN/2024/2461,Daksh Choudhury,Accomplice
KAR/BEN/2024/1338,Tristan Bora,Co-conspirator
KAR/CHI/2024/2325,Patrick Mallick,Primary Suspect
KAR/BEN/2024/1708,Anmol Bawa,Primary Suspect
KAR/BEN/2024/1159,Chasmum Gupta,Accomplice
KAR/KOL/2024/0437,Farhan Brahmbhatt,Co-conspirator
KAR/BEN/2024/0204,Wriddhish Naik,Co-conspirator
KAR/BEN/2024/0815,Chandani Bora,Co-conspirator
KAR/BID/2024/0478,Saksham Mittal,Co-conspirator
KAR/BEN/2024/1703,Hemani Varma,Primary Suspect
KAR/BEN/2024/2228,Dakshesh Das,Accomplice
KAR/BEN/2024/0059,Arjun Khalsa,Primary Suspect
KAR/CHI/2024/0602,Jagdish Nagar,Primary Suspect
KAR/SHI/2024/0503,Gaurangi Bir,Accomplice
KAR/KOL/2024/1392,Mohini Murty,Primary Suspect
KAR/BAL/2024/0012,Avi Cheema,Primary Suspect
KAR/BEL/2024/1850,Banjeet Nagar,Co-conspirator
KAR/BEN/2024/1415,Patrick Varughese,Primary Suspect
KAR/BEN/2024/0111,Ekaraj Datta,Co-conspirator
KAR/BEN/2024/1467,Falan Balakrishnan,Primary Suspect
KAR/KAL/2024/0346,Brijesh Doctor,Co-conspirator
KAR/HAS/2024/1030,Ikbal Kumer,Primary Suspect
KAR/BEN/2024/2328,Kabir Solanki,Co-conspirator
KAR/BEN/2024/1963,Veer Gopal,Primary Suspect
KAR/KOP/2024/0721,Kalpit Bhatia,Accomplice
KAR/BEN/2024/0105,Gabriel Vaidya,Primary Suspect
KAR/MYS/2024/0550,Vivaan Mittal,Accomplice
KAR/BEN/2024/2402,Henry Gade,Primary Suspect
KAR/MAN/2024/1151,Mugdha Sehgal,Accomplice
KAR/KAL/2024/2422,Yash Dewan,Co-conspirator
KAR/RAI/2024/2390,Inaya Sharaf,Accomplice
KAR/BEN/2024/2022,Ranveer Tiwari,Primary Suspect
KAR/KAL/2024/0130,Rajata Bhalla,Accomplice
KAR/VIJ/2024/1184,Tamanna Kala,Primary Suspect
KAR/BEN/2024/2044,Vedhika Rai,Primary Suspect
KAR/BEN/2024/1388,Shivansh Khalsa,Accomplice
KAR/MAN/2024/1027,Pratyush Rege,Primary Suspect
KAR/BEN/2024/1183,Finn Gour,Accomplice
KAR/BEN/2024/0077,Dalbir Kannan,Accomplice
KAR/BEN/2024/0016,Alexander Patla,Accomplice
KAR/BEN/2024/0570,Balhaar Puri,Primary Suspect
KAR/KAL/2024/1594,Qadim Radhakrishnan,Accomplice
KAR/BEN/2024/2494,Samuel Dass,Primary Suspect
KAR/VIJ/2024/1650,Noah Sibal,Accomplice
KAR/BEN/2024/0829,Balendra Karpe,Co-conspirator
KAR/HAS/2024/0641,Tara Mani,Primary Suspect
KAR/BEN/2024/0038,Girish Tiwari,Co-conspirator
KAR/MAN/2024/0061,Indrajit Roy,Primary Suspect
KAR/BEN/2024/0438,Triya Prasad,Accomplice
KAR/BID/2024/1689,Urishilla Kurian,Primary Suspect
KAR/BEN/2024/1901,Akshay Parmar,Accomplice
KAR/BAL/2024/1967,Onkar Sundaram,Primary Suspect
KAR/KAL/2024/0081,Ekantika Thakur,Co-conspirator
KAR/CHI/2024/1399,Aadi Salvi,Co-conspirator
KAR/BID/2024/0614,Saksham Mittal,Primary Suspect
KAR/KAL/2024/1176,Anika Edwin,Accomplice
KAR/BEN/2024/1848,Bakhshi Gala,Primary Suspect
KAR/BID/2024/1395,Ridhi Tak,Primary Suspect
KAR/VIJ/2024/0540,Om Dugal,Accomplice
KAR/KAL/2024/1922,Pranit Peri,Accomplice
KAR/RAI/2024/1655,Chanakya Sahota,Accomplice
KAR/DAV/2024/1537,Chandresh Kamdar,Accomplice
KAR/BEN/2024/0565,Thomas Sarin,Accomplice
KAR/BEN/2024/0048,Bimala Choudhary,Accomplice
KAR/VIJ/2024/0559,Aditya Dara,Primary Suspect
KAR/HAS/2024/2277,Lekha Dara,Co-conspirator
KAR/KAL/2024/0555,Michael Babu,Accomplice
KAR/BEN/2024/1605,Rishi Konda,Primary Suspect
KAR/BEN/2024/1063,Rachit Kunda,Primary Suspect
KAR/MAN/2024/1643,Farhan Brahmbhatt,Accomplice
KAR/MAN/2024/0288,Om Dugal,Co-conspirator
KAR/BEN/2024/1378,Shaurya Subramanian,Co-conspirator
KAR/SHI/2024/0845,Michael Panchal,Accomplice
KAR/BEN/2024/1855,Elijah Sane,Accomplice
KAR/MYS/2024/0283,Jonathan Kashyap,Co-conspirator
KAR/HAS/2024/1899,Ronith Mody,Accomplice
KAR/BEN/2024/2386,Sudiksha Chakrabarti,Primary Suspect
KAR/SHI/2024/2278,Wriddhish Bora,Accomplice
KAR/TUM/2024/0069,Nandini Aurora,Accomplice
KAR/CHI/2024/2325,Vrinda Grewal,Accomplice
KAR/RAI/2024/1057,Saksham Dhaliwal,Primary Suspect
KAR/DAV/2024/2430,Brijesh Doctor,Accomplice
KAR/BEN/2024/1255,Pranav Mistry,Primary Suspect
KAR/MAN/2024/2305,Unnati Mishra,Accomplice
KAR/CHI/2024/0975,Onveer Kata,Primary Suspect
KAR/VIJ/2024/1067,Manbir Sankar,Co-conspirator
KAR/DAV/2024/0093,Amol Cheema,Co-conspirator
KAR/BEL/2024/1442,Tanish Sarkar,Accomplice
KAR/UDU/2024/1100,Tanish Bava,Accomplice
KAR/SHI/2024/1120,Panini Baria,Co-conspirator
KAR/DAV/2024/2072,Victor Dara,Accomplice
KAR/BEN/2024/0494,Raghav Pau,Co-conspirator
KAR/MYS/2024/2126,Baghyawati Dugar,Accomplice
KAR/BEN/2024/1664,Vasana Prasad,Co-conspirator
KAR/MYS/2024/1476,Omkaar Jani,Co-conspirator
KAR/TUM/2024/0229,Jairaj Narula,Co-conspirator
KAR/BEN/2024/1213,Banjeet Bala,Accomplice
KAR/BEL/2024/1888,Pooja Nair,Primary Suspect
KAR/CHI/2024/2500,Elijah Madan,Accomplice
KAR/BEN/2024/1834,Aarna Kothari,Accomplice
KAR/BEN/2024/0111,Balveer Madan,Accomplice
KAR/HUB/2024/1165,Udarsh Bhalla,Co-conspirator
KAR/BEL/2024/1759,Azad Mitter,Co-conspirator
KAR/BEN/2024/2413,Patrick Peri,Co-conspirator
KAR/KAL/2024/1187,Faraj Agarwal,Co-conspirator
KAR/CHI/2024/2215,Warinder Kashyap,Primary Suspect
KAR/BEN/2024/2303,Andrew Solanki,Co-conspirator
KAR/KOP/2024/1481,Ranveer Mukhopadhyay,Co-conspirator
KAR/BEN/2024/1565,Dev Upadhyay,Primary Suspect
KAR/BEN/2024/2021,Jairaj Nayak,Accomplice
KAR/BEN/2024/0731,Theodore Doshi,Accomplice
KAR/KOL/2024/2349,Jason Chaudry,Primary Suspect
KAR/VIJ/2024/2038,Amol Palla,Primary Suspect
KAR/VIJ/2024/2075,Keya Comar,Accomplice
KAR/BEN/2024/0568,Odika Chandra,Co-conspirator
KAR/BID/2024/0110,Faraj Subramanian,Accomplice
KAR/DAV/2024/2210,Falguni Chaudhuri,Accomplice
KAR/MAN/2024/0305,Jacob Gour,Primary Suspect
KAR/BEN/2024/0381,Samaksh Bhalla,Co-conspirator
KAR/KOL/2024/1440,Ishaan Biswas,Primary Suspect
KAR/DAV/2024/1530,Finn Manda,Accomplice
KAR/RAI/2024/0648,Jeremiah Ahluwalia,Primary Suspect
KAR/BEN/2024/0744,Imaran Dhar,Accomplice
KAR/DAV/2024/1160,Laban Kumar,Co-conspirator
KAR/HUB/2024/0178,Warjas Datta,Primary Suspect
KAR/MYS/2024/2011,Isha Patil,Accomplice
KAR/BEN/2024/2080,Karan Morar,Primary Suspect
KAR/BEN/2024/1212,Christopher Dugal,Co-conspirator
KAR/BEL/2024/0879,Balendra Ben,Primary Suspect
KAR/MAN/2024/2294,Panini Salvi,Co-conspirator
KAR/TUM/2024/2468,Irya Randhawa,Accomplice
KAR/HAS/2024/0781,Daniel Pai,Co-conspirator
KAR/MYS/2024/1651,Sarthak Natt,Co-conspirator
KAR/HUB/2024/0760,Zashil More,Co-conspirator
KAR/TUM/2024/2299,Samarth Swaminathan,Co-conspirator
KAR/CHI/2024/0801,Idika Vora,Accomplice
KAR/BEN/2024/1472,Abeer Bora,Accomplice
KAR/BEN/2024/1002,Keya Date,Accomplice
KAR/CHI/2024/0636,Quincy Tank,Primary Suspect
KAR/DAV/2024/1464,Ekapad Thaker,Co-conspirator
KAR/BEN/2024/2083,Utkarsh Venkataraman,Co-conspirator
KAR/SHI/2024/0552,Sathvik Talwar,Co-conspirator
KAR/BAL/2024/1048,Unnati Gour,Primary Suspect
KAR/KOP/2024/0312,Kalpit Kannan,Accomplice
KAR/BEL/2024/0423,Raghav Gopal,Primary Suspect
KAR/BEN/2024/0072,Ranbir Kapoor,Accomplice
KAR/KAL/2024/1357,Anika Lalla,Primary Suspect
KAR/BEN/2024/2377,Dhruv Subramanian,Co-conspirator
KAR/BID/2024/0894,Aarna Kamdar,Primary Suspect
KAR/CHI/2024/2380,Falan Dugar,Accomplice
KAR/HUB/2024/0991,Andrew Soni,Primary Suspect
KAR/BEN/2024/0338,Onveer Barman,Primary Suspect
KAR/BEL/2024/1384,Raksha Dora,Co-conspirator
KAR/BEN/2024/2331,Manan Kapur,Co-conspirator
KAR/BEN/2024/1558,Chaman Karan,Accomplice
KAR/BAL/2024/2495,Joshua Mahajan,Co-conspirator
KAR/MAN/2024/1578,Manan Goswami,Accomplice
KAR/BID/2024/1991,Baljiwan Datta,Primary Suspect
KAR/BEN/2024/2232,Ekavir Prakash,Co-conspirator
KAR/RAI/2024/2029,Frado Krish,Primary Suspect
KAR/BEN/2024/0201,Gabriel Sane,Accomplice
KAR/SHI/2024/0281,Balveer Madan,Accomplice
KAR/BEN/2024/1409,Rachana Kara,Primary Suspect
KAR/SHI/2024/0896,Noah Gandhi,Co-conspirator
KAR/BEN/2024/0960,Balendra Garg,Co-conspirator
KAR/KOP/2024/0034,Mekhala Sridhar,Primary Suspect
KAR/BEN/2024/0072,Timothy Dada,Co-conspirator
KAR/BEN/2024/0370,Eta Goswami,Primary Suspect
KAR/HAS/2024/1843,Urishilla Kurian,Co-conspirator
KAR/SHI/2024/1560,Upadhriti Lata,Primary Suspect
KAR/BEN/2024/1102,Ekbal Sawhney,Co-conspirator
KAR/BEN/2024/2200,Falan Sandhu,Primary Suspect
KAR/BEN/2024/1978,Yash Buch,Co-conspirator
KAR/DAV/2024/2233,Gabriel Solanki,Primary Suspect
KAR/BEN/2024/2136,Rajeshri Chahal,Co-conspirator
KAR/KOP/2024/1585,Bhavika Dhingra,Co-conspirator
KAR/TUM/2024/1666,Samaksh Pillai,Accomplice
KAR/MAN/2024/0189,Jai Pradhan,Co-conspirator
KAR/BID/2024/2335,Simon Ramakrishnan,Co-conspirator
KAR/BEN/2024/0418,Banjeet Batra,Co-conspirator
KAR/RAI/2024/2390,Jagvi Ganesan,Co-conspirator
KAR/DAV/2024/2415,Zayyan Cheema,Co-conspirator
KAR/BEN/2024/0164,Victor Deep,Accomplice
KAR/BEL/2024/2219,Maanas Sengupta,Accomplice
KAR/BEN/2024/0867,Ranbir Bala,Primary Suspect
KAR/BEN/2024/1571,Champak Cherian,Co-conspirator
KAR/BEN/2024/0321,Yash Narayan,Co-conspirator
KAR/MAN/2024/1767,Frederick Deol,Co-conspirator
KAR/BEN/2024/0517,Gagan Subramaniam,Co-conspirator
KAR/SHI/2024/1525,Qasim Bera,Co-conspirator
KAR/BEN/2024/2292,Eta Rai,Accomplice
KAR/VIJ/2024/2038,Nathan Lata,Co-conspirator
KAR/BEN/2024/1670,Warjas Agarwal,Co-conspirator
KAR/HUB/2024/2493,Max Srivastava,Co-conspirator
KAR/BEN/2024/1914,Ronith Narasimhan,Accomplice
KAR/SHI/2024/0503,Abha Khosla,Primary Suspect
KAR/KAL/2024/0390,Gunbir Sur,Accomplice
KAR/BEN/2024/2035,Patrick Prabhu,Co-conspirator
KAR/MAN/2024/1646,Quincy Karpe,Accomplice
KAR/KOL/2024/0743,Aradhana Murthy,Co-conspirator
KAR/DAV/2024/0290,Udyati Sibal,Accomplice
KAR/SHI/2024/0564,Upma Seshadri,Co-conspirator
KAR/KAL/2024/2164,Yashica Prasad,Accomplice
KAR/RAI/2024/0800,Nihal Rao,Primary Suspect
KAR/BEN/2024/2083,Kiaan Banik,Co-conspirator
KAR/SHI/2024/0595,Gopal Atwal,Accomplice
KAR/UDU/2024/2104,Lohit Bora,Primary Suspect
KAR/RAI/2024/1739,Devansh Mangal,Co-conspirator
KAR/BEN/2024/2158,Krishna Kunda,Accomplice
KAR/SHI/2024/2148,Dhruv Wable,Accomplice
KAR/KOP/2024/0863,Jasmit Dugal,Co-conspirator
KAR/KOL/2024/2146,Yatan Modi,Co-conspirator
KAR/MYS/2024/1243,Joshua Natarajan,Primary Suspect
KAR/BEN/2024/0168,Barkha Magar,Primary Suspect
KAR/MYS/2024/1817,Brijesh Chander,Primary Suspect
KAR/BEN/2024/1892,Baghyawati Kadakia,Primary Suspect
KAR/BEN/2024/0013,Ayaan Sem,Co-conspirator
KAR/BID/2024/1448,Jasmit Gade,Primary Suspect
KAR/BEN/2024/0485,Christopher Seshadri,Co-conspirator
KAR/BEN/2024/1795,Onkar Oak,Accomplice
KAR/TUM/2024/0580,Falan Nair,Accomplice
KAR/MAN/2024/0042,Aayush Natt,Accomplice
KAR/MYS/2024/2050,Dev Kara,Co-conspirator
KAR/BEN/2024/1430,Gabriel Ramakrishnan,Primary Suspect
KAR/BEN/2024/1645,Nathan Ahluwalia,Co-conspirator
KAR/SHI/2024/0185,Yasti Contractor,Co-conspirator
KAR/BEN/2024/1360,Thomas Gandhi,Accomplice
KAR/MYS/2024/1702,Kabir Lad,Primary Suspect
KAR/MAN/2024/0869,Wridesh Dube,Accomplice
KAR/KOP/2024/0473,Rudra Sastry,Accomplice
KAR/BID/2024/1671,Balvan Prasad,Accomplice
KAR/KOP/2024/2094,Samuel Prakash,Accomplice
KAR/UDU/2024/0501,Udant Parekh,Co-conspirator
KAR/DAV/2024/1559,Onkar Grewal,Accomplice
KAR/BID/2024/0280,Vrinda Bala,Accomplice
KAR/BID/2024/1285,Manthan Kapadia,Primary Suspect
KAR/BID/2024/0230,Wriddhish Manda,Co-conspirator
KAR/BEN/2024/2292,Udarsh Goswami,Co-conspirator
KAR/BEN/2024/1385,Udant Dixit,Primary Suspect
KAR/MAN/2024/1478,Dalbir Uppal,Co-conspirator
KAR/CHI/2024/0481,Faqid Lall,Co-conspirator
KAR/BEN/2024/0157,Christopher Dube,Primary Suspect
KAR/RAI/2024/0401,Yashvi Saran,Co-conspirator
KAR/DAV/2024/0420,Dhruv Pal,Co-conspirator
KAR/CHI/2024/2491,Tanish Lad,Primary Suspect
KAR/BID/2024/1941,Jeremiah Char,Co-conspirator
KAR/BEN/2024/0810,Patrick Varughese,Primary Suspect
KAR/BEN/2024/0051,Laban Pillay,Primary Suspect
KAR/BID/2024/1503,Zayyan Jaggi,Primary Suspect
KAR/BEN/2024/1231,Udyati Sibal,Primary Suspect
KAR/CHI/2024/0481,Wridesh Talwar,Accomplice
KAR/BEN/2024/2194,Pratyush Kadakia,Primary Suspect
KAR/HAS/2024/0192,Laksh Pant,Primary Suspect
KAR/MAN/2024/1969,Jeet Chada,Co-conspirator
KAR/SHI/2024/2425,Jai Oommen,Primary Suspect
KAR/BEN/2024/0046,Joshua Nagarajan,Primary Suspect
KAR/BEN/2024/1144,Gopal Manne,Accomplice
KAR/DAV/2024/1690,Qadim Tata,Co-conspirator
KAR/BEN/2024/0982,Laban Kumar,Accomplice
KAR/HAS/2024/1381,Gavin Bassi,Accomplice
KAR/BEN/2024/2184,Advay Raj,Co-conspirator
KAR/CHI/2024/2215,Devansh Mammen,Co-conspirator
KAR/BEN/2024/2176,Lohit Nori,Co-conspirator
KAR/DAV/2024/1992,Wazir Devi,Accomplice
KAR/BEN/2024/1081,Sathvik Pradhan,Primary Suspect
KAR/BEN/2024/1292,Urishilla Dara,Accomplice
KAR/BEN/2024/0649,Jairaj Chanda,Accomplice
KAR/BEL/2024/2134,Orinder Tripathi,Accomplice
KAR/KOL/2024/0245,Jagdish Nagar,Accomplice
KAR/UDU/2024/1618,Janani Batra,Co-conspirator
KAR/RAI/2024/0957,Chatresh Naik,Primary Suspect
KAR/BEN/2024/0146,Sanya Gill,Co-conspirator
KAR/MAN/2024/0244,Xavier Bajaj,Accomplice
KAR/SHI/2024/0730,Anirudh Badami,Primary Suspect
KAR/UDU/2024/1600,Harsh Raghavan,Primary Suspect
KAR/BAL/2024/1495,Logan Sawhney,Accomplice
KAR/BID/2024/1248,Charan Basu,Co-conspirator
KAR/BEN/2024/1520,Omya Chana,Primary Suspect
KAR/TUM/2024/1490,Anirudh Bhat,Co-conspirator
KAR/BEN/2024/1086,Harini Deo,Accomplice
KAR/HUB/2024/0345,Geetika Mishra,Co-conspirator
KAR/KAL/2024/2466,Balhaar Setty,Primary Suspect
KAR/DAV/2024/2020,Baljiwan Chatterjee,Accomplice
KAR/MAN/2024/0061,Jeremiah Char,Accomplice
KAR/KOL/2024/0198,Lohit Dasgupta,Primary Suspect
KAR/BEN/2024/2093,Alexander Malhotra,Accomplice
KAR/BEN/2024/1473,Vasana Mallick,Accomplice
KAR/MAN/2024/1295,Samesh Walia,Primary Suspect
KAR/UDU/2024/1433,Triveni Sehgal,Co-conspirator
KAR/BEN/2024/2475,Onveer Venkatesh,Co-conspirator
KAR/KOP/2024/1221,Wridesh Sibal,Accomplice
KAR/BEN/2024/2461,Jagdish Panchal,Co-conspirator
KAR/UDU/2024/0194,Ekavir Jhaveri,Primary Suspect
KAR/MAN/2024/0869,Girish Sehgal,Accomplice
