case_number,date_filed,time_filed,crime_type_code,description,case_status,district_name,police_station,location_name,location_lat,location_lng,investigating_officer,year_filed,month_filed,hour_of_crime
KAR/BEL/2024/0001,2025-01-28,20:02:00,burglary,"Reported incident of burglary at Near Halder Chowk, Belagavi.",open,Belagavi,Belagavi Traffic PS,"Near Halder Chowk, Belagavi",15.8683,74.4921,Insp. Girik Bumb,2025,1,20
KAR/SHI/2024/0002,2025-01-10,02:46:00,burglary,"Reported incident of burglary at Near Thakkar Ganj, Shivamogga.",open,Shivamogga,Shivamogga Traffic PS,"Near Thakkar Ganj, Shivamogga",13.9733,75.6093,Insp. Tanmayi Zacharia,2025,1,2
KAR/BEN/2024/0003,2024-10-17,09:31:00,fraud,"Reported incident of fraud at Near Misra Street, Bengaluru Urban.",open,Bengaluru Urban,Bengaluru Urban West PS,"Near Misra Street, Bengaluru Urban",12.925,77.5491,Insp. Balvan Ramanathan,2024,10,9
KAR/MAN/2024/0004,2024-11-13,16:43:00,burglary,"Reported incident of burglary at Near Shenoy Street, Mangaluru (Dakshina Kannada).",open,Mangaluru (Dakshina Kannada),Mangaluru (Dakshina Kannada) Rural PS,"Near Shenoy Street, Mangaluru (Dakshina Kannada)",12.8996,74.8014,Insp. Oscar Singh,2024,11,16
KAR/BEN/2024/0005,2024-04-05,07:58:00,cybercrime,"Reported incident of cybercrime at Near Pandey Circle, Bengaluru Urban.",open,Bengaluru Urban,Bengaluru Urban Central PS,"Near Pandey Circle, Bengaluru Urban",12.9013,77.5996,Insp. Ayaan Lanka,2024,4,7
KAR/KOL/2024/0006,2024-03-16,12:48:00,fraud,"Reported incident of fraud at Near Grewal Road, Kolar.",open,Kolar,Kolar Rural PS,"Near Grewal Road, Kolar",13.2015,78.0588,Insp. Kevin Thakur,2024,3,12
KAR/MYS/2024/0007,2025-05-15,05:37:00,burglary,"Reported incident of burglary at Near Ghose Nagar, Mysuru.",closed,Mysuru,Mysuru South PS,"Near Ghose Nagar, Mysuru",12.2575,76.629,Insp. Advaith More,2025,5,5
KAR/TUM/2024/0008,2024-05-09,22:39:00,senior_citizen_crime,"Reported incident of senior citizen crime at Near Mannan Zila, Tumakuru.",under_investigation,Tumakuru,Tumakuru Traffic PS,"Near Mannan Zila, Tumakuru",13.3162,77.0657,Insp. Henry Khatri,2024,5,22
KAR/MYS/2024/0009,2024-05-27,04:12:00,fraud,"Reported incident of fraud at Near Kulkarni Circle, Mysuru.",under_investigation,Mysuru,Mysuru Traffic PS,"Near Kulkarni Circle, Mysuru",12.3509,76.5657,Insp. Tanmayi Vala,2024,5,4
KAR/MAN/2024/0010,2024-12-15,17:27:00,vehicle_theft,"Reported incident of vehicle theft at Near Contractor Street, Mangaluru (Dakshina Kannada). Suspect vehicle noticed with plate KA-22-M-8430.",open,Mangaluru (Dakshina Kannada),Mangaluru (Dakshina Kannada) Traffic PS,"Near Contractor Street, Mangaluru (Dakshina Kannada)",12.9227,74.913,Insp. Yasti Sethi,2024,12,17
KAR/BEN/2024/0011,2024-12-07,09:30:00,vehicle_theft,"Reported incident of vehicle theft at Near Mangal Nagar, Bengaluru Urban. Suspect vehicle noticed with plate KA-01-A-3562.",closed,Bengaluru Urban,Bengaluru Urban Traffic PS,"Near Mangal Nagar, Bengaluru Urban",12.9577,77.6417,Insp. Vihaan Chauhan,2024,12,9
KAR/BAL/2024/0012,2024-03-15,16:55:00,robbery,"Reported incident of robbery at Near Mistry Nagar, Ballari. Suspect vehicle noticed with plate KA-10-A-7762.",open,Ballari,Ballari Industrial PS,"Near Mistry Nagar, Ballari",15.1493,76.9071,Insp. Yachana Pant,2024,3,16
KAR/MAN/2024/0013,2024-10-01,02:02:00,robbery,"Reported incident of robbery at Near Sastry Street, Mandya. Suspect vehicle noticed with plate KA-27-N-4433.",chargesheeted,Mandya,Mandya Rural PS,"Near Sastry Street, Mandya",12.5566,76.9685,Insp. Janaki Choudhry,2024,10,2
KAR/VIJ/2024/0014,2024-11-16,20:59:00,burglary,"Reported incident of burglary at Near Narang Street, Vijayapura.",open,Vijayapura,Vijayapura Rural PS,"Near Narang Street, Vijayapura",16.8543,75.6636,Insp. Mugdha Shenoy,2024,11,20
KAR/BEN/2024/0015,2024-08-26,17:24:00,cybercrime,"Reported incident of cybercrime at Near Babu Path, Bengaluru Urban.",open,Bengaluru Urban,Bengaluru Urban South PS,"Near Babu Path, Bengaluru Urban",12.9763,77.5105,Insp. Ria Dhaliwal,2024,8,17
KAR/BAL/2024/0016,2025-02-12,00:42:00,senior_citizen_crime,"Reported incident of senior citizen crime at Near Seshadri Marg, Ballari.",under_investigation,Ballari,Ballari Town PS,"Near Seshadri Marg, Ballari",15.14,77.0145,Insp. Shaurya Krishna,2025,2,0
KAR/DAV/2024/0017,2024-10-14,06:20:00,drug_offence,"Reported incident of drug offence at Near Deep Marg, Davangere.",under_investigation,Davangere,Davangere Market PS,"Near Deep Marg, Davangere",14.4126,75.8191,Insp. Gaurang Kar,2024,10,6
KAR/RAI/2024/0018,2024-05-16,16:46:00,murder,"Reported incident of murder at Near Dora Path, Raichur.",open,Raichur,Raichur Suburban PS,"Near Dora Path, Raichur",16.2879,77.3259,Insp. Kamala Sankaran,2024,5,16
KAR/KAL/2024/0019,2024-10-25,14:30:00,hit_and_run,"Reported incident of hit and run at Near Desai Circle, Kalaburagi.",open,Kalaburagi,Kalaburagi Market PS,"Near Desai Circle, Kalaburagi",17.3356,76.8691,Insp. Mahika Kari,2024,10,14
KAR/HAS/2024/0020,2024-11-27,14:05:00,fraud,"Reported incident of fraud at Near Chowdhury Zila, Hassan.",under_investigation,Hassan,Hassan Industrial PS,"Near Chowdhury Zila, Hassan",13.0065,76.0804,Insp. Ekanta Nadkarni,2024,11,14
KAR/BEN/2024/0021,2025-04-26,20:52:00,assault,"Reported incident of assault at Near Batta Zila, Bengaluru Urban.",open,Bengaluru Urban,Bengaluru Urban East PS,"Near Batta Zila, Bengaluru Urban",13.0313,77.5924,Insp. Edhitha Grewal,2025,4,20
KAR/HUB/2024/0022,2024-10-02,16:37:00,fraud,"Reported incident of fraud at Near Balasubramanian Chowk, Hubballi-Dharwad.",open,Hubballi-Dharwad,Hubballi-Dharwad Industrial PS,"Near Balasubramanian Chowk, Hubballi-Dharwad",15.3976,75.0393,Insp. Tejas Chaudhry,2024,10,16
KAR/BEN/2024/0023,2024-12-10,11:59:00,cybercrime,"Reported incident of cybercrime at Near Raja Chowk, Bengaluru Urban.",open,Bengaluru Urban,Bengaluru Urban North PS,"Near Raja Chowk, Bengaluru Urban",12.9441,77.5948,Insp. Yatan Naik,2024,12,11
KAR/BEN/2024/0024,2024-12-14,13:20:00,chain_snatching,"Reported incident of chain snatching at Near Parmar Path, Bengaluru Urban. Suspect vehicle noticed with plate KA-50-P-4479.",chargesheeted,Bengaluru Urban,Bengaluru Urban East PS,"Near Parmar Path, Bengaluru Urban",13.0355,77.602,Insp. Amaira Gupta,2024,12,13
KAR/KAL/2024/0025,2024-07-10,03:44:00,robbery,"Reported incident of robbery at Near Guha Path, Kalaburagi. Suspect vehicle noticed with plate KA-30-M-8291.",open,Kalaburagi,Kalaburagi Town PS,"Near Guha Path, Kalaburagi",17.2343,76.8468,Insp. Aachal Chhabra,2024,7,3
KAR/BEN/2024/0026,2024-12-09,13:50:00,fraud,"Reported incident of fraud at Near Keer Road, Bengaluru Urban.",open,Bengaluru Urban,Bengaluru Urban Traffic PS,"Near Keer Road, Bengaluru Urban",12.9664,77.6419,Insp. Baljiwan Contractor,2024,12,13
KAR/MAN/2024/0027,2024-05-22,16:07:00,domestic_violence,"Reported incident of domestic violence at Near Aggarwal Ganj, Mangaluru (Dakshina Kannada).",under_investigation,Mangaluru (Dakshina Kannada),Mangaluru (Dakshina Kannada) Town PS,"Near Aggarwal Ganj, Mangaluru (Dakshina Kannada)",12.9346,74.914,Insp. Pranit Parmar,2024,5,16
KAR/BEL/2024/0028,2024-02-07,23:17:00,property_crime,"Reported incident of property crime at Near Jayaraman Nagar, Belagavi.",open,Belagavi,Belagavi Suburban PS,"Near Jayaraman Nagar, Belagavi",15.8468,74.4723,Insp. Yug Sarin,2024,2,23
KAR/BEL/2024/0029,2024-02-27,20:30:00,kidnapping,"Reported incident of kidnapping at Near Sura Road, Belagavi.",chargesheeted,Belagavi,Belagavi Market PS,"Near Sura Road, Belagavi",15.7533,74.4791,Insp. Anusha Sankar,2024,2,20
KAR/HAS/2024/0030,2024-06-13,02:25:00,fraud,"Reported incident of fraud at Near Krishnan Marg, Hassan.",open,Hassan,Hassan Suburban PS,"Near Krishnan Marg, Hassan",13.0436,76.099,Insp. Vansha Panchal,2024,6,2
KAR/HAS/2024/0031,2024-11-21,16:49:00,vehicle_theft,"Reported incident of vehicle theft at Near Swaminathan Zila, Hassan. Suspect vehicle noticed with plate KA-50-P-2785.",open,Hassan,Hassan Suburban PS,"Near Swaminathan Zila, Hassan",13.0435,76.0958,Insp. Kevin Parekh,2024,11,16
KAR/KOL/2024/0032,2024-12-02,18:34:00,fraud,"Reported incident of fraud at Near Pall Path, Kolar.",open,Kolar,Kolar Rural PS,"Near Pall Path, Kolar",13.1791,78.071,Insp. Quincy Vig,2024,12,18
KAR/BEN/2024/0033,2025-02-02,12:21:00,cybercrime,"Reported incident of cybercrime at Near Bhat Marg, Bengaluru Urban.",open,Bengaluru Urban,Bengaluru Urban Central PS,"Near Bhat Marg, Bengaluru Urban",12.945,77.5876,Insp. Anya Kamdar,2025,2,12
KAR/BEN/2024/0034,2024-11-17,22:40:00,vehicle_theft,"Reported incident of vehicle theft at Near Tailor Nagar, Bengaluru Urban. Suspect vehicle noticed with plate KA-31-KB-2491.",open,Bengaluru Urban,Bengaluru Urban Central PS,"Near Tailor Nagar, Bengaluru Urban",12.9254,77.569,Insp. Nidra Kadakia,2024,11,22
KAR/KOL/2024/0035,2024-03-18,20:53:00,vehicle_theft,"Reported incident of vehicle theft at Near Memon Marg, Kolar. Suspect vehicle noticed with plate KA-36-P-8942.",open,Kolar,Kolar Market PS,"Near Memon Marg, Kolar",13.2376,78.2174,Insp. Dayamai Dalal,2024,3,20
KAR/BEN/2024/0036,2024-01-21,03:48:00,cybercrime,"Reported incident of cybercrime at Near Reddy Nagar, Bengaluru Urban.",open,Bengaluru Urban,Bengaluru Urban Traffic PS,"Near Reddy Nagar, Bengaluru Urban",12.9678,77.6853,Insp. Yamini Sen,2024,1,3
KAR/BEN/2024/0037,2025-04-13,20:57:00,senior_citizen_crime,"Reported incident of senior citizen crime at Near Kalita Chowk, Bengaluru Urban.",open,Bengaluru Urban,Bengaluru Urban Central PS,"Near Kalita Chowk, Bengaluru Urban",12.8984,77.5722,Insp. Faqid Mann,2025,4,20
KAR/BEN/2024/0038,2024-09-24,09:54:00,eve_teasing,"Reported incident of eve teasing at Near Memon Chowk, Bengaluru Urban.",chargesheeted,Bengaluru Urban,Bengaluru Urban North PS,"Near Memon Chowk, Bengaluru Urban",12.9386,77.6199,Insp. Qasim Soni,2024,9,9
KAR/BEN/2024/0039,2024-08-28,15:22:00,cybercrime,"Reported incident of cybercrime at Near Sehgal Path, Bengaluru Urban.",under_investigation,Bengaluru Urban,Bengaluru Urban South PS,"Near Sehgal Path, Bengaluru Urban",12.9918,77.497,Insp. Samar Tak,2024,8,15
KAR/HAS/2024/0040,2024-06-07,11:40:00,senior_citizen_crime,"Reported incident of senior citizen crime at Near Saraf Chowk, Hassan.",open,Hassan,Hassan Suburban PS,"Near Saraf Chowk, Hassan",13.093,76.1065,Insp. Arunima Bhat,2024,6,11
KAR/SHI/2024/0041,2024-06-23,14:46:00,eve_teasing,"Reported incident of eve teasing at Near Mannan Circle, Shivamogga.",closed,Shivamogga,Shivamogga Suburban PS,"Near Mannan Circle, Shivamogga",13.964,75.5939,Insp. Mahika Savant,2024,6,14
KAR/KAL/2024/0042,2024-11-05,12:42:00,hit_and_run,"Reported incident of hit and run at Near Wable Zila, Kalaburagi.",open,Kalaburagi,Kalaburagi Town PS,"Near Wable Zila, Kalaburagi",17.2445,76.8277,Insp. Aachal Gupta,2024,11,12
KAR/BEN/2024/0043,2024-04-28,10:57:00,eve_teasing,"Reported incident of eve teasing at Near Agrawal Street, Bengaluru Urban.",under_investigation,Bengaluru Urban,Bengaluru Urban West PS,"Near Agrawal Street, Bengaluru Urban",12.9315,77.5325,Insp. Pooja Uppal,2024,4,10
KAR/MAN/2024/0044,2024-03-14,21:02:00,burglary,"Reported incident of burglary at Near Rai Path, Mandya.",under_investigation,Mandya,Mandya Rural PS,"Near Rai Path, Mandya",12.5235,76.9653,Insp. Ganga Apte,2024,3,21
KAR/BEN/2024/0045,2025-01-11,23:05:00,cybercrime,"Reported incident of cybercrime at Near Puri Marg, Bengaluru Urban.",open,Bengaluru Urban,Bengaluru Urban Traffic PS,"Near Puri Marg, Bengaluru Urban",12.9806,77.6291,Insp. Christopher Kota,2025,1,23
KAR/TUM/2024/0046,2024-11-10,11:11:00,property_crime,"Reported incident of property crime at Near Jha Chowk, Tumakuru.",open,Tumakuru,Tumakuru Rural PS,"Near Jha Chowk, Tumakuru",13.3059,77.0742,Insp. Divya Walia,2024,11,11
KAR/KAL/2024/0047,2024-05-07,09:46:00,domestic_violence,"Reported incident of domestic violence at Near Jain Ganj, Kalaburagi.",open,Kalaburagi,Kalaburagi Traffic PS,"Near Jain Ganj, Kalaburagi",17.2951,76.7992,Insp. Benjamin Anand,2024,5,9
KAR/BEN/2024/0048,2024-08-21,09:19:00,assault,"Reported incident of assault at Near Balay Circle, Bengaluru Urban.",chargesheeted,Bengaluru Urban,Bengaluru Urban West PS,"Near Balay Circle, Bengaluru Urban",12.8854,77.5665,Insp. Darpan Jayaraman,2024,8,9
KAR/UDU/2024/0049,2024-12-28,20:27:00,vehicle_theft,"Reported incident of vehicle theft at Near Sachdeva Street, Udupi. Suspect vehicle noticed with plate KA-49-B-3882.",chargesheeted,Udupi,Udupi Suburban PS,"Near Sachdeva Street, Udupi",13.3584,74.773,Insp. Anusha Barad,2024,12,20
KAR/BEN/2024/0050,2024-06-25,06:45:00,chain_snatching,"Reported incident of chain snatching at Near Mody Marg, Bengaluru Urban. Suspect vehicle noticed with plate KA-35-A-9259.",under_investigation,Bengaluru Urban,Bengaluru Urban East PS,"Near Mody Marg, Bengaluru Urban",13.0573,77.6225,Insp. Ati Kara,2024,6,6
KAR/HAS/2024/0051,2024-04-19,17:01:00,robbery,"Reported incident of robbery at Near Modi Marg, Hassan. Suspect vehicle noticed with plate KA-19-B-7747.",chargesheeted,Hassan,Hassan Traffic PS,"Near Modi Marg, Hassan",12.9049,76.0389,Insp. Yoshita Seshadri,2024,4,17
KAR/BEN/2024/0052,2025-05-20,12:43:00,robbery,"Reported incident of robbery at Near Murthy Marg, Bengaluru Urban. Suspect vehicle noticed with plate KA-52-KA-6844.",under_investigation,Bengaluru Urban,Bengaluru Urban Central PS,"Near Murthy Marg, Bengaluru Urban",12.9418,77.5501,Insp. Krishna Goyal,2025,5,12
KAR/HAS/2024/0053,2024-01-18,16:10:00,assault,"Reported incident of assault at Near Ben Street, Hassan.",under_investigation,Hassan,Hassan Industrial PS,"Near Ben Street, Hassan",13.0324,76.0956,Insp. Chaman Bhardwaj,2024,1,16
KAR/HAS/2024/0054,2024-08-01,11:17:00,robbery,"Reported incident of robbery at Near Dass Street, Hassan. Suspect vehicle noticed with plate KA-53-P-6200.",under_investigation,Hassan,Hassan Town PS,"Near Dass Street, Hassan",13.0219,76.0234,Insp. Akshay Pathak,2024,8,11
KAR/MYS/2024/0055,2024-07-07,02:40:00,vehicle_theft,"Reported incident of vehicle theft at Near Bhandari Chowk, Mysuru. Suspect vehicle noticed with plate KA-12-M-2433.",open,Mysuru,Mysuru Central PS,"Near Bhandari Chowk, Mysuru",12.246,76.6849,Insp. Nilima Dyal,2024,7,2
KAR/UDU/2024/0056,2024-12-24,08:08:00,assault,"Reported incident of assault at Near Vyas Circle, Udupi.",open,Udupi,Udupi Rural PS,"Near Vyas Circle, Udupi",13.3555,74.769,Insp. Tara Gade,2024,12,8
KAR/BEN/2024/0057,2024-11-29,05:51:00,fraud,"Reported incident of fraud at Near Padmanabhan Zila, Bengaluru Urban.",open,Bengaluru Urban,Bengaluru Urban Central PS,"Near Padmanabhan Zila, Bengaluru Urban",12.9296,77.5693,Insp. Vrishti Lala,2024,11,5
KAR/VIJ/2024/0058,2024-03-28,02:20:00,drug_offence,"Reported incident of drug offence at Near Kaul Path, Vijayapura.",open,Vijayapura,Vijayapura Suburban PS,"Near Kaul Path, Vijayapura",16.7787,75.6658,Insp. Gaurangi Batta,2024,3,2
KAR/BEN/2024/0059,2025-05-20,17:20:00,robbery,"Reported incident of robbery at Near Soman Marg, Bengaluru Urban. Suspect vehicle noticed with plate KA-15-B-7615.",chargesheeted,Bengaluru Urban,Bengaluru Urban West PS,"Near Soman Marg, Bengaluru Urban",12.8856,77.5811,Insp. Arin Walla,2025,5,17
KAR/DAV/2024/0060,2024-11-26,21:08:00,fraud,"Reported incident of fraud at Near Jain Circle, Davangere.",chargesheeted,Davangere,Davangere Market PS,"Near Jain Circle, Davangere",14.4258,75.8723,Insp. Anamika Gopal,2024,11,21
KAR/MAN/2024/0061,2024-04-13,20:12:00,murder,"Reported incident of murder at Near Gour Path, Mandya.",open,Mandya,Mandya Suburban PS,"Near Gour Path, Mandya",12.5049,76.8577,Insp. Teerth Sundaram,2024,4,20
KAR/CHI/2024/0062,2024-11-20,01:38:00,cybercrime,"Reported incident of cybercrime at Near Johal Road, Chikkamagaluru.",under_investigation,Chikkamagaluru,Chikkamagaluru Market PS,"Near Johal Road, Chikkamagaluru",13.3958,75.7145,Insp. Udant Sami,2024,11,1
KAR/BEN/2024/0063,2024-02-08,23:52:00,chain_snatching,"Reported incident of chain snatching at Near Bhattacharyya Marg, Bengaluru Urban. Suspect vehicle noticed with plate KA-52-A-1835.",chargesheeted,Bengaluru Urban,Bengaluru Urban West PS,"Near Bhattacharyya Marg, Bengaluru Urban",12.8832,77.5484,Insp. Wishi Murty,2024,2,23
KAR/BEN/2024/0064,2025-02-07,12:55:00,fraud,"Reported incident of fraud at Near Anand Marg, Bengaluru Urban.",open,Bengaluru Urban,Bengaluru Urban West PS,"Near Anand Marg, Bengaluru Urban",12.9105,77.5376,Insp. Indira Minhas,2025,2,12
KAR/BEN/2024/0065,2024-10-27,05:18:00,drug_offence,"Reported incident of drug offence at Near Dave Road, Bengaluru Rural.",open,Bengaluru Rural,Bengaluru Rural Traffic PS,"Near Dave Road, Bengaluru Rural",13.2827,77.5265,Insp. Anirudh Dey,2024,10,5
KAR/TUM/2024/0066,2024-11-01,00:09:00,chain_snatching,"Reported incident of chain snatching at Near Brahmbhatt Chowk, Tumakuru. Suspect vehicle noticed with plate KA-53-B-2890.",closed,Tumakuru,Tumakuru Industrial PS,"Near Brahmbhatt Chowk, Tumakuru",13.3393,77.0588,Insp. Ojas Sarin,2024,11,0
KAR/SHI/2024/0067,2024-03-26,12:22:00,chain_snatching,"Reported incident of chain snatching at Near Chander Road, Shivamogga. Suspect vehicle noticed with plate KA-53-P-9723.",open,Shivamogga,Shivamogga Town PS,"Near Chander Road, Shivamogga",14.0174,75.6437,Insp. Balendra Sengupta,2024,3,12
KAR/BEN/2024/0068,2024-07-19,01:25:00,domestic_violence,"Reported incident of domestic violence at Near Rama Street, Bengaluru Urban.",open,Bengaluru Urban,Bengaluru Urban Central PS,"Near Rama Street, Bengaluru Urban",12.9406,77.594,Insp. Henry Kashyap,2024,7,1
KAR/SHI/2024/0069,2024-03-31,23:02:00,assault,"Reported incident of assault at Near Warrior Zila, Shivamogga.",chargesheeted,Shivamogga,Shivamogga Town PS,"Near Warrior Zila, Shivamogga",13.9874,75.6335,Insp. Indali Chauhan,2024,3,23
KAR/BEN/2024/0070,2025-05-26,18:30:00,fraud,"Reported incident of fraud at Near Kamdar Road, Bengaluru Urban.",open,Bengaluru Urban,Bengaluru Urban North PS,"Near Kamdar Road, Bengaluru Urban",12.9747,77.5741,Insp. Aadi Prasad,2025,5,18
KAR/BAL/2024/0071,2024-11-25,04:40:00,robbery,"Reported incident of robbery at Near Gokhale Street, Ballari. Suspect vehicle noticed with plate KA-25-A-4900.",chargesheeted,Ballari,Ballari Industrial PS,"Near Gokhale Street, Ballari",15.0964,76.9192,Insp. Joshua Chakrabarti,2024,11,4
KAR/DAV/2024/0072,2025-02-11,13:29:00,vehicle_theft,"Reported incident of vehicle theft at Near Kota, Davangere. Suspect vehicle noticed with plate KA-24-B-6129.",open,Davangere,Davangere Industrial PS,"Near Kota, Davangere",14.3746,75.9789,Insp. Ekapad Soni,2025,2,13
KAR/RAI/2024/0073,2024-12-05,05:48:00,vehicle_theft,"Reported incident of vehicle theft at Near Bhagat Road, Raichur. Suspect vehicle noticed with plate KA-37-N-6878.",under_investigation,Raichur,Raichur Rural PS,"Near Bhagat Road, Raichur",16.1603,77.2772,Insp. Yatin Badal,2024,12,5
KAR/TUM/2024/0074,2025-02-12,05:11:00,robbery,"Reported incident of robbery at Near Seshadri Ganj, Tumakuru. Suspect vehicle noticed with plate KA-54-KB-1208.",under_investigation,Tumakuru,Tumakuru Rural PS,"Near Seshadri Ganj, Tumakuru",13.3073,77.1018,Insp. Forum Tiwari,2025,2,5
KAR/BEN/2024/0075,2024-05-18,00:32:00,robbery,"Reported incident of robbery at Near Warrior Ganj, Bengaluru Urban. Suspect vehicle noticed with plate KA-23-P-8138.",open,Bengaluru Urban,Bengaluru Urban East PS,"Near Warrior Ganj, Bengaluru Urban",13.0523,77.618,Insp. Andrew Dixit,2024,5,0
KAR/SHI/2024/0076,2024-08-03,07:55:00,drug_offence,"Reported incident of drug offence at Near Nayar Street, Shivamogga.",under_investigation,Shivamogga,Shivamogga Market PS,"Near Nayar Street, Shivamogga",13.889,75.5669,Insp. Gopal Jain,2024,8,7
KAR/HUB/2024/0077,2024-06-04,19:16:00,hit_and_run,"Reported incident of hit and run at Near Hans Circle, Hubballi-Dharwad.",chargesheeted,Hubballi-Dharwad,Hubballi-Dharwad Suburban PS,"Near Hans Circle, Hubballi-Dharwad",15.3616,75.0801,Insp. Ranveer Verma,2024,6,19
KAR/KOL/2024/0078,2024-07-26,05:42:00,vehicle_theft,"Reported incident of vehicle theft at Near Majumdar Ganj, Kolar. Suspect vehicle noticed with plate KA-49-A-6852.",open,Kolar,Kolar Suburban PS,"Near Majumdar Ganj, Kolar",13.1473,78.0568,Insp. Gopal Sathe,2024,7,5
KAR/BEN/2024/0079,2025-04-11,13:24:00,drug_offence,"Reported incident of drug offence at Near Char Ganj, Bengaluru Urban.",under_investigation,Bengaluru Urban,Bengaluru Urban Central PS,"Near Char Ganj, Bengaluru Urban",12.9226,77.5805,Insp. Sachi Kaur,2025,4,13
KAR/TUM/2024/0080,2024-09-19,02:02:00,burglary,"Reported incident of burglary at Near Verma Road, Tumakuru.",closed,Tumakuru,Tumakuru Suburban PS,"Near Verma Road, Tumakuru",13.2894,77.0916,Insp. Aahana Dhar,2024,9,2
KAR/BEN/2024/0081,2025-04-16,18:28:00,robbery,"Reported incident of robbery at Near Maharaj Path, Bengaluru Urban. Suspect vehicle noticed with plate KA-33-M-3346.",closed,Bengaluru Urban,Bengaluru Urban East PS,"Near Maharaj Path, Bengaluru Urban",13.066,77.5821,Insp. Oscar Bal,2025,4,18
KAR/BEN/2024/0082,2024-11-16,06:46:00,vehicle_theft,"Reported incident of vehicle theft at Near Bhardwaj Ganj, Bengaluru Urban. Suspect vehicle noticed with plate KA-35-B-2842.",chargesheeted,Bengaluru Urban,Bengaluru Urban South PS,"Near Bhardwaj Ganj, Bengaluru Urban",12.9688,77.5195,Insp. Rajata Mishra,2024,11,6
KAR/TUM/2024/0083,2025-03-11,01:50:00,fraud,"Reported incident of fraud at Near Singhal Circle, Tumakuru.",under_investigation,Tumakuru,Tumakuru Traffic PS,"Near Singhal Circle, Tumakuru",13.3279,77.0617,Insp. Rajeshri Mitra,2025,3,1
KAR/BEN/2024/0084,2024-06-04,18:28:00,burglary,"Reported incident of burglary at Near Bhatia Path, Bengaluru Rural.",chargesheeted,Bengaluru Rural,Bengaluru Rural South PS,"Near Bhatia Path, Bengaluru Rural",13.1325,77.6226,Insp. Gopal Wagle,2024,6,18
KAR/BEN/2024/0085,2024-12-25,12:57:00,chain_snatching,"Reported incident of chain snatching at Near Pillay Street, Bengaluru Urban. Suspect vehicle noticed with plate KA-07-B-8530.",under_investigation,Bengaluru Urban,Bengaluru Urban East PS,"Near Pillay Street, Bengaluru Urban",13.0275,77.5907,Insp. Urmi Viswanathan,2024,12,12
KAR/BEN/2024/0086,2024-06-16,05:34:00,kidnapping,"Reported incident of kidnapping at Near Goda Road, Bengaluru Urban.",under_investigation,Bengaluru Urban,Bengaluru Urban West PS,"Near Goda Road, Bengaluru Urban",12.9109,77.5424,Insp. Orinder Raghavan,2024,6,5
KAR/MAN/2024/0087,2024-02-29,15:04:00,vehicle_theft,"Reported incident of vehicle theft at Near Bajaj Road, Mandya. Suspect vehicle noticed with plate KA-38-B-7632.",chargesheeted,Mandya,Mandya Suburban PS,"Near Bajaj Road, Mandya",12.5023,76.8531,Insp. Anika Hayre,2024,2,15
KAR/BEN/2024/0088,2025-05-19,13:33:00,domestic_violence,"Reported incident of domestic violence at Near Sant Marg, Bengaluru Rural.",under_investigation,Bengaluru Rural,Bengaluru Rural North PS,"Near Sant Marg, Bengaluru Rural",13.2547,77.5061,Insp. Ranveer Hora,2025,5,13
KAR/BEN/2024/0089,2024-04-23,05:21:00,burglary,"Reported incident of burglary at Near Sathe Marg, Bengaluru Urban.",open,Bengaluru Urban,Bengaluru Urban Traffic PS,"Near Sathe Marg, Bengaluru Urban",12.9693,77.6302,Insp. Arjun Bawa,2024,4,5
KAR/KOP/2024/0090,2025-02-28,18:10:00,burglary,"Reported incident of burglary at Near Bhasin Path, Koppal.",under_investigation,Koppal,Koppal Market PS,"Near Bhasin Path, Koppal",15.3963,76.2054,Insp. Barkha Lall,2025,2,18
KAR/MYS/2024/0091,2024-03-03,16:16:00,eve_teasing,"Reported incident of eve teasing at Near Rau Road, Mysuru.",under_investigation,Mysuru,Mysuru West PS,"Near Rau Road, Mysuru",12.3506,76.5948,Insp. Aarna Kala,2024,3,16
KAR/SHI/2024/0092,2024-01-25,02:47:00,chain_snatching,"Reported incident of chain snatching at Near Nori Circle, Shivamogga. Suspect vehicle noticed with plate KA-52-P-2552.",open,Shivamogga,Shivamogga Traffic PS,"Near Nori Circle, Shivamogga",14.0056,75.6236,Insp. Nakul Nagi,2024,1,2
KAR/BEN/2024/0093,2024-10-02,12:59:00,chain_snatching,"Reported incident of chain snatching at Near Babu Ganj, Bengaluru Urban. Suspect vehicle noticed with plate KA-02-KB-4854.",under_investigation,Bengaluru Urban,Bengaluru Urban South PS,"Near Babu Ganj, Bengaluru Urban",12.9878,77.528,Insp. Jason Dhawan,2024,10,12
KAR/MAN/2024/0094,2024-12-22,14:47:00,chain_snatching,"Reported incident of chain snatching at Near Mody Marg, Mangaluru (Dakshina Kannada). Suspect vehicle noticed with plate KA-27-B-6437.",chargesheeted,Mangaluru (Dakshina Kannada),Mangaluru (Dakshina Kannada) Suburban PS,"Near Mody Marg, Mangaluru (Dakshina Kannada)",12.8527,74.8868,Insp. Xavier Mukherjee,2024,12,14
KAR/SHI/2024/0095,2025-02-22,20:03:00,fraud,"Reported incident of fraud at Near Dube Nagar, Shivamogga.",under_investigation,Shivamogga,Shivamogga Rural PS,"Near Dube Nagar, Shivamogga",13.904,75.5196,Insp. Lavanya Randhawa,2025,2,20
KAR/KOL/2024/0096,2025-04-26,03:27:00,fraud,"Reported incident of fraud at Near Golla, Kolar.",chargesheeted,Kolar,Kolar Industrial PS,"Near Golla, Kolar",13.1372,78.1882,Insp. Yashodhara Pathak,2025,4,3
KAR/BEN/2024/0097,2024-07-22,06:58:00,vehicle_theft,"Reported incident of vehicle theft at Near Bobal Ganj, Bengaluru Rural. Suspect vehicle noticed with plate KA-10-M-2250.",under_investigation,Bengaluru Rural,Bengaluru Rural East PS,"Near Bobal Ganj, Bengaluru Rural",13.2605,77.5134,Insp. Anya Thakkar,2024,7,6
KAR/VIJ/2024/0098,2024-09-18,21:49:00,robbery,"Reported incident of robbery at Near Nayar Ganj, Vijayapura. Suspect vehicle noticed with plate KA-43-KB-7602.",under_investigation,Vijayapura,Vijayapura Industrial PS,"Near Nayar Ganj, Vijayapura",16.8262,75.7103,Insp. Warda Keer,2024,9,21
KAR/VIJ/2024/0099,2024-02-02,01:16:00,chain_snatching,"Reported incident of chain snatching at Near Loke Road, Vijayapura. Suspect vehicle noticed with plate KA-08-N-9346.",open,Vijayapura,Vijayapura Suburban PS,"Near Loke Road, Vijayapura",16.7665,75.6655,Insp. Owen Peri,2024,2,1
KAR/BEN/2024/0100,2024-12-02,11:58:00,chain_snatching,"Reported incident of chain snatching at Near Ray Zila, Bengaluru Urban. Suspect vehicle noticed with plate KA-43-N-2085.",under_investigation,Bengaluru Urban,Bengaluru Urban Traffic PS,"Near Ray Zila, Bengaluru Urban",12.9874,77.6679,Insp. Radhika Chanda,2024,12,11
KAR/BEL/2024/0101,2024-01-21,02:04:00,cybercrime,"Reported incident of cybercrime at Near Chaudhary Road, Belagavi.",chargesheeted,Belagavi,Belagavi Town PS,"Near Chaudhary Road, Belagavi",15.8832,74.5555,Insp. Varenya Chopra,2024,1,2
KAR/MAN/2024/0102,2024-05-12,10:48:00,vehicle_theft,"Reported incident of vehicle theft at Near Batra Street, Mangaluru (Dakshina Kannada). Suspect vehicle noticed with plate KA-41-KA-6747.",under_investigation,Mangaluru (Dakshina Kannada),Mangaluru (Dakshina Kannada) Traffic PS,"Near Batra Street, Mangaluru (Dakshina Kannada)",12.9481,74.9124,Insp. Bimala Borde,2024,5,10
KAR/BAL/2024/0103,2024-02-25,18:52:00,robbery,"Reported incident of robbery at Near Sengupta Street, Ballari. Suspect vehicle noticed with plate KA-51-N-4520.",open,Ballari,Ballari Rural PS,"Near Sengupta Street, Ballari",15.1524,76.9304,Insp. Aadi Sharaf,2024,2,18
KAR/RAI/2024/0104,2025-02-18,21:35:00,eve_teasing,"Reported incident of eve teasing at Near Sachdeva Zila, Raichur.",under_investigation,Raichur,Raichur Industrial PS,"Near Sachdeva Zila, Raichur",16.2284,77.4153,Insp. Krish Mani,2025,2,21
KAR/HAS/2024/0105,2025-04-23,19:56:00,robbery,"Reported incident of robbery at Near Krishnan, Hassan. Suspect vehicle noticed with plate KA-23-A-1186.",under_investigation,Hassan,Hassan Traffic PS,"Near Krishnan, Hassan",12.9581,76.0417,Insp. Zayan Choudhary,2025,4,19
KAR/BAL/2024/0106,2024-09-02,10:39:00,hit_and_run,"Reported incident of hit and run at Near Gala Zila, Ballari.",open,Ballari,Ballari Industrial PS,"Near Gala Zila, Ballari",15.1511,76.9473,Insp. Upkaar Boase,2024,9,10
KAR/BEN/2024/0107,2024-04-19,05:13:00,robbery,"Reported incident of robbery at Near Tiwari Ganj, Bengaluru Urban. Suspect vehicle noticed with plate KA-01-B-1249.",under_investigation,Bengaluru Urban,Bengaluru Urban South PS,"Near Tiwari Ganj, Bengaluru Urban",12.9793,77.5264,Insp. Bachittar Garg,2024,4,5
KAR/BEN/2024/0108,2024-07-03,20:37:00,vehicle_theft,"Reported incident of vehicle theft at Near Kalla Marg, Bengaluru Urban. Suspect vehicle noticed with plate KA-52-M-5196.",closed,Bengaluru Urban,Bengaluru Urban Central PS,"Near Kalla Marg, Bengaluru Urban",12.9376,77.6045,Insp. Zaid Bakshi,2024,7,20
KAR/BEN/2024/0109,2025-04-30,09:29:00,eve_teasing,"Reported incident of eve teasing at Near Vaidya Ganj, Bengaluru Urban.",open,Bengaluru Urban,Bengaluru Urban North PS,"Near Vaidya Ganj, Bengaluru Urban",12.9644,77.583,Insp. Lopa Mane,2025,4,9
KAR/MAN/2024/0110,2025-03-08,12:36:00,vehicle_theft,"Reported incident of vehicle theft at Near Barman Nagar, Mandya. Suspect vehicle noticed with plate KA-30-P-7219.",under_investigation,Mandya,Mandya Market PS,"Near Barman Nagar, Mandya",12.5357,76.8434,Insp. Hritik Barad,2025,3,12
KAR/BID/2024/0111,2024-06-19,21:36:00,fraud,"Reported incident of fraud at Near Nagi Path, Bidar.",open,Bidar,Bidar Traffic PS,"Near Nagi Path, Bidar",17.9098,77.4686,Insp. Chasmum Naidu,2024,6,21
KAR/BID/2024/0112,2024-10-12,15:04:00,vehicle_theft,"Reported incident of vehicle theft at Near Borde Nagar, Bidar. Suspect vehicle noticed with plate KA-13-P-3415.",open,Bidar,Bidar Rural PS,"Near Borde Nagar, Bidar",17.9825,77.4698,Insp. Falguni Aurora,2024,10,15
KAR/CHI/2024/0113,2024-10-15,00:00:00,vehicle_theft,"Reported incident of vehicle theft at Near Setty Chowk, Chikkamagaluru. Suspect vehicle noticed with plate KA-51-P-7896.",open,Chikkamagaluru,Chikkamagaluru Rural PS,"Near Setty Chowk, Chikkamagaluru",13.332,75.7463,Insp. Zayan Warrior,2024,10,0
KAR/BEN/2024/0114,2024-11-24,14:31:00,vehicle_theft,"Reported incident of vehicle theft at Near Gera Path, Bengaluru Urban. Suspect vehicle noticed with plate KA-16-KB-7557.",open,Bengaluru Urban,Bengaluru Urban South PS,"Near Gera Path, Bengaluru Urban",12.9893,77.5066,Insp. Balendra Chahal,2024,11,14
KAR/BEN/2024/0115,2024-09-06,06:20:00,fraud,"Reported incident of fraud at Near Atwal Nagar, Bengaluru Urban.",open,Bengaluru Urban,Bengaluru Urban Central PS,"Near Atwal Nagar, Bengaluru Urban",12.9278,77.552,Insp. Vasana Menon,2024,9,6
KAR/DAV/2024/0116,2024-03-31,04:15:00,fraud,"Reported incident of fraud at Near Loyal Circle, Davangere.",under_investigation,Davangere,Davangere Market PS,"Near Loyal Circle, Davangere",14.4262,75.8581,Insp. Bhanumati Vaidya,2024,3,4
KAR/KOL/2024/0117,2024-10-14,13:51:00,burglary,"Reported incident of burglary at Near Lall Marg, Kolar.",open,Kolar,Kolar Market PS,"Near Lall Marg, Kolar",13.2055,78.1882,Insp. Gunbir Zacharia,2024,10,13
KAR/BID/2024/0118,2024-12-02,19:26:00,burglary,"Reported incident of burglary at Near Varughese Marg, Bidar.",under_investigation,Bidar,Bidar Suburban PS,"Near Varughese Marg, Bidar",17.887,77.5514,Insp. Jatin Vasa,2024,12,19
KAR/BEN/2024/0119,2024-10-22,09:04:00,murder,"Reported incident of murder at Near Khatri Nagar, Bengaluru Rural.",open,Bengaluru Rural,Bengaluru Rural Traffic PS,"Near Khatri Nagar, Bengaluru Rural",13.3262,77.5274,Insp. Pushti Bhagat,2024,10,9
KAR/BEN/2024/0120,2024-10-13,09:06:00,chain_snatching,"Reported incident of chain snatching at Near Nagi Chowk, Bengaluru Urban. Suspect vehicle noticed with plate KA-36-M-1691.",open,Bengaluru Urban,Bengaluru Urban Traffic PS,"Near Nagi Chowk, Bengaluru Urban",12.9929,77.6762,Insp. Jeevika Kashyap,2024,10,9
KAR/BEN/2024/0121,2025-04-21,04:09:00,assault,"Reported incident of assault at Near Bansal Path, Bengaluru Urban.",open,Bengaluru Urban,Bengaluru Urban North PS,"Near Bansal Path, Bengaluru Urban",12.9392,77.6087,Insp. Anvi Guha,2025,4,4
KAR/BID/2024/0122,2024-07-16,19:45:00,vehicle_theft,"Reported incident of vehicle theft at Near Sahni Ganj, Bidar. Suspect vehicle noticed with plate KA-22-N-5746.",open,Bidar,Bidar Suburban PS,"Near Sahni Ganj, Bidar",17.9354,77.5538,Insp. Onkar Kant,2024,7,19
KAR/BEN/2024/0123,2024-12-08,20:07:00,eve_teasing,"Reported incident of eve teasing at Near Bains Chowk, Bengaluru Urban.",open,Bengaluru Urban,Bengaluru Urban North PS,"Near Bains Chowk, Bengaluru Urban",12.9795,77.5793,Insp. Hiral Choudhary,2024,12,20
KAR/BEN/2024/0124,2024-08-13,01:21:00,burglary,"Reported incident of burglary at Near Kashyap Road, Bengaluru Urban.",open,Bengaluru Urban,Bengaluru Urban North PS,"Near Kashyap Road, Bengaluru Urban",12.934,77.6153,Insp. Jack Parikh,2024,8,1
KAR/BEN/2024/0125,2024-08-13,15:15:00,cybercrime,"Reported incident of cybercrime at Near Devi Path, Bengaluru Urban.",under_investigation,Bengaluru Urban,Bengaluru Urban South PS,"Near Devi Path, Bengaluru Urban",13.0003,77.5031,Insp. Ekta Sekhon,2024,8,15
KAR/UDU/2024/0126,2025-03-02,19:25:00,burglary,"Reported incident of burglary at Near Tata Zila, Udupi.",open,Udupi,Udupi Suburban PS,"Near Tata Zila, Udupi",13.3602,74.7634,Insp. Yashica Padmanabhan,2025,3,19
KAR/MYS/2024/0127,2025-01-19,10:25:00,chain_snatching,"Reported incident of chain snatching at Near Tiwari Road, Mysuru. Suspect vehicle noticed with plate KA-01-KB-9412.",open,Mysuru,Mysuru South PS,"Near Tiwari Road, Mysuru",12.2739,76.6357,Insp. Saksham Chaudhry,2025,1,10
KAR/VIJ/2024/0128,2025-01-23,11:30:00,drug_offence,"Reported incident of drug offence at Near Chaudry Path, Vijayapura.",under_investigation,Vijayapura,Vijayapura Industrial PS,"Near Chaudry Path, Vijayapura",16.7801,75.7508,Insp. Vaishnavi Pau,2025,1,11
KAR/BEL/2024/0129,2024-07-16,15:19:00,domestic_violence,"Reported incident of domestic violence at Near Thakkar Nagar, Belagavi.",open,Belagavi,Belagavi Industrial PS,"Near Thakkar Nagar, Belagavi",15.8402,74.5343,Insp. Yasti Toor,2024,7,15
KAR/BEN/2024/0130,2024-12-20,00:59:00,vehicle_theft,"Reported incident of vehicle theft at Near Bail Street, Bengaluru Urban. Suspect vehicle noticed with plate KA-07-B-1823.",open,Bengaluru Urban,Bengaluru Urban Central PS,"Near Bail Street, Bengaluru Urban",12.8977,77.6001,Insp. Vedant Bhat,2024,12,0
KAR/BEL/2024/0131,2024-08-19,23:55:00,fraud,"Reported incident of fraud at Near Gade Ganj, Belagavi.",open,Belagavi,Belagavi Rural PS,"Near Gade Ganj, Belagavi",15.8501,74.5094,Insp. Ayaan Barad,2024,8,23
KAR/BEN/2024/0132,2024-05-01,17:36:00,fraud,"Reported incident of fraud at Near Borra Street, Bengaluru Urban.",chargesheeted,Bengaluru Urban,Bengaluru Urban East PS,"Near Borra Street, Bengaluru Urban",13.0508,77.5875,Insp. Zilmil Raj,2024,5,17
KAR/BEL/2024/0133,2025-02-15,20:58:00,murder,"Reported incident of murder at Near Mody Zila, Belagavi.",under_investigation,Belagavi,Belagavi Town PS,"Near Mody Zila, Belagavi",15.8518,74.5757,Insp. Nandini Warrior,2025,2,20
KAR/MAN/2024/0134,2024-10-15,13:39:00,vehicle_theft,"Reported incident of vehicle theft at Near Sabharwal Circle, Mandya. Suspect vehicle noticed with plate KA-50-M-2499.",under_investigation,Mandya,Mandya Industrial PS,"Near Sabharwal Circle, Mandya",12.5393,76.9356,Insp. Rishi Bhasin,2024,10,13
KAR/BEN/2024/0135,2025-04-30,09:01:00,hit_and_run,"Reported incident of hit and run at Near Narain Street, Bengaluru Rural.",open,Bengaluru Rural,Bengaluru Rural Central PS,"Near Narain Street, Bengaluru Rural",13.2408,77.561,Insp. Brinda Garg,2025,4,9
KAR/KOP/2024/0136,2024-10-10,09:48:00,drug_offence,"Reported incident of drug offence at Near Pillai Nagar, Koppal.",open,Koppal,Koppal Suburban PS,"Near Pillai Nagar, Koppal",15.3619,76.2483,Insp. Wishi Hayer,2024,10,9
KAR/BEN/2024/0137,2024-12-30,09:49:00,assault,"Reported incident of assault at Near Sawhney Chowk, Bengaluru Urban.",under_investigation,Bengaluru Urban,Bengaluru Urban North PS,"Near Sawhney Chowk, Bengaluru Urban",12.9344,77.5888,Insp. Kai Bhattacharyya,2024,12,9
KAR/MAN/2024/0138,2025-04-21,07:56:00,fraud,"Reported incident of fraud at Near Loke Chowk, Mandya.",chargesheeted,Mandya,Mandya Town PS,"Near Loke Chowk, Mandya",12.5751,76.9247,Insp. Samuel Trivedi,2025,4,7
KAR/BEN/2024/0139,2024-06-04,09:36:00,vehicle_theft,"Reported incident of vehicle theft at Near Luthra Chowk, Bengaluru Rural. Suspect vehicle noticed with plate KA-04-KB-9063.",open,Bengaluru Rural,Bengaluru Rural Traffic PS,"Near Luthra Chowk, Bengaluru Rural",13.2818,77.5055,Insp. Dev Bali,2024,6,9
KAR/KOP/2024/0140,2024-05-11,18:57:00,cybercrime,"Reported incident of cybercrime at Near Nayar Path, Koppal.",under_investigation,Koppal,Koppal Industrial PS,"Near Nayar Path, Koppal",15.3143,76.2092,Insp. Turvi Venkataraman,2024,5,18
KAR/BEN/2024/0141,2024-06-13,06:20:00,drug_offence,"Reported incident of drug offence at Near Nagy Road, Bengaluru Urban.",under_investigation,Bengaluru Urban,Bengaluru Urban North PS,"Near Nagy Road, Bengaluru Urban",12.9567,77.6075,Insp. Parth Sane,2024,6,6
KAR/DAV/2024/0142,2024-05-20,15:55:00,kidnapping,"Reported incident of kidnapping at Near Ganguly Zila, Davangere.",open,Davangere,Davangere Market PS,"Near Ganguly Zila, Davangere",14.4484,75.8582,Insp. Nilima Suri,2024,5,15
KAR/BEN/2024/0143,2025-02-25,23:41:00,assault,"Reported incident of assault at Near Kant Chowk, Bengaluru Urban.",open,Bengaluru Urban,Bengaluru Urban South PS,"Near Kant Chowk, Bengaluru Urban",13.0142,77.503,Insp. Kamya Kulkarni,2025,2,23
KAR/UDU/2024/0144,2024-01-02,11:11:00,hit_and_run,"Reported incident of hit and run at Near Rege Path, Udupi.",open,Udupi,Udupi Traffic PS,"Near Rege Path, Udupi",13.3631,74.6561,Insp. Umang Parmer,2024,1,11
KAR/CHI/2024/0145,2024-08-13,08:43:00,vehicle_theft,"Reported incident of vehicle theft at Near Murty Marg, Chikkamagaluru. Suspect vehicle noticed with plate KA-10-KA-8289.",open,Chikkamagaluru,Chikkamagaluru Town PS,"Near Murty Marg, Chikkamagaluru",13.3713,75.8369,Insp. Max Goda,2024,8,8
KAR/BEN/2024/0146,2024-12-26,23:13:00,senior_citizen_crime,"Reported incident of senior citizen crime at Near Gole Chowk, Bengaluru Urban.",open,Bengaluru Urban,Bengaluru Urban North PS,"Near Gole Chowk, Bengaluru Urban",12.9553,77.5693,Insp. Yash Bail,2024,12,23
KAR/BID/2024/0147,2024-03-04,15:12:00,eve_teasing,"Reported incident of eve teasing at Near Dada Road, Bidar.",open,Bidar,Bidar Suburban PS,"Near Dada Road, Bidar",17.8903,77.5143,Insp. Sai Parsa,2024,3,15
KAR/BEL/2024/0148,2025-02-17,03:33:00,vehicle_theft,"Reported incident of vehicle theft at Near Karpe Circle, Belagavi. Suspect vehicle noticed with plate KA-43-KA-1983.",open,Belagavi,Belagavi Town PS,"Near Karpe Circle, Belagavi",15.8565,74.6046,Insp. Ikbal Murthy,2025,2,3
KAR/BEN/2024/0149,2024-07-07,17:46:00,chain_snatching,"Reported incident of chain snatching at Near Talwar Street, Bengaluru Urban. Suspect vehicle noticed with plate KA-44-KB-1345.",open,Bengaluru Urban,Bengaluru Urban Traffic PS,"Near Talwar Street, Bengaluru Urban",13.0007,77.6543,Insp. Omaja Chaudhry,2024,7,17
KAR/HAS/2024/0150,2024-10-21,09:39:00,murder,"Reported incident of murder at Near Borde Chowk, Hassan.",open,Hassan,Hassan Suburban PS,"Near Borde Chowk, Hassan",13.0803,76.1089,Insp. Wishi Kalita,2024,10,9
KAR/BEN/2024/0151,2024-11-03,00:29:00,assault,"Reported incident of assault at Near Ramachandran Ganj, Bengaluru Urban.",open,Bengaluru Urban,Bengaluru Urban Traffic PS,"Near Ramachandran Ganj, Bengaluru Urban",12.9699,77.6809,Insp. Dayita Jayaraman,2024,11,0
KAR/BEN/2024/0152,2024-04-20,08:10:00,vehicle_theft,"Reported incident of vehicle theft at Near Ravi Nagar, Bengaluru Urban. Suspect vehicle noticed with plate KA-41-KA-1562.",under_investigation,Bengaluru Urban,Bengaluru Urban Traffic PS,"Near Ravi Nagar, Bengaluru Urban",12.9984,77.6643,Insp. Zarna Atwal,2024,4,8
KAR/BEN/2024/0153,2024-04-04,18:32:00,fraud,"Reported incident of fraud at Near Madan Path, Bengaluru Rural.",closed,Bengaluru Rural,Bengaluru Rural Central PS,"Near Madan Path, Bengaluru Rural",13.2394,77.5571,Insp. Anamika Srivastava,2024,4,18
KAR/MAN/2024/0154,2024-12-05,19:29:00,chain_snatching,"Reported incident of chain snatching at Near Bajaj Chowk, Mandya. Suspect vehicle noticed with plate KA-17-KB-5175.",open,Mandya,Mandya Market PS,"Near Bajaj Chowk, Mandya",12.5287,76.8256,Insp. Nakul Patel,2024,12,19
KAR/VIJ/2024/0155,2024-11-27,15:52:00,fraud,"Reported incident of fraud at Near Shukla Road, Vijayapura.",chargesheeted,Vijayapura,Vijayapura Suburban PS,"Near Shukla Road, Vijayapura",16.777,75.6354,Insp. Mekhala Goel,2024,11,15
KAR/BEN/2024/0156,2025-02-05,16:04:00,murder,"Reported incident of murder at Near Sani, Bengaluru Urban.",open,Bengaluru Urban,Bengaluru Urban Central PS,"Near Sani, Bengaluru Urban",12.9169,77.5524,Insp. Zilmil Sane,2025,2,16
KAR/CHI/2024/0157,2025-04-23,02:54:00,kidnapping,"Reported incident of kidnapping at Near Dubey Nagar, Chikkamagaluru.",closed,Chikkamagaluru,Chikkamagaluru Traffic PS,"Near Dubey Nagar, Chikkamagaluru",13.3296,75.7184,Insp. Varenya Nanda,2025,4,2
KAR/DAV/2024/0158,2024-08-23,19:07:00,robbery,"Reported incident of robbery at Near Aurora Road, Davangere. Suspect vehicle noticed with plate KA-35-KA-3362.",open,Davangere,Davangere Town PS,"Near Aurora Road, Davangere",14.4452,75.9196,Insp. Ojasvi Bava,2024,8,19
KAR/BEN/2024/0159,2024-11-24,03:13:00,vehicle_theft,"Reported incident of vehicle theft at Near Karan Circle, Bengaluru Urban. Suspect vehicle noticed with plate KA-19-KA-1135.",chargesheeted,Bengaluru Urban,Bengaluru Urban South PS,"Near Karan Circle, Bengaluru Urban",12.9817,77.5423,Insp. Aachal Sachdev,2024,11,3
KAR/UDU/2024/0160,2024-02-01,02:18:00,burglary,"Reported incident of burglary at Near Srivastava Circle, Udupi.",under_investigation,Udupi,Udupi Rural PS,"Near Srivastava Circle, Udupi",13.3884,74.7194,Insp. Ria Luthra,2024,2,2
KAR/BEN/2024/0161,2024-11-17,15:08:00,vehicle_theft,"Reported incident of vehicle theft at Near Ahluwalia Marg, Bengaluru Urban. Suspect vehicle noticed with plate KA-47-M-9077.",open,Bengaluru Urban,Bengaluru Urban West PS,"Near Ahluwalia Marg, Bengaluru Urban",12.9284,77.5383,Insp. Mohammed Raval,2024,11,15
KAR/HUB/2024/0162,2024-05-06,14:01:00,murder,"Reported incident of murder at Near Sastry Nagar, Hubballi-Dharwad.",under_investigation,Hubballi-Dharwad,Hubballi-Dharwad Town PS,"Near Sastry Nagar, Hubballi-Dharwad",15.4105,75.1961,Insp. Qabil Choudhary,2024,5,14
KAR/BEN/2024/0163,2024-05-13,20:51:00,property_crime,"Reported incident of property crime at Near Cheema Road, Bengaluru Urban.",open,Bengaluru Urban,Bengaluru Urban South PS,"Near Cheema Road, Bengaluru Urban",12.979,77.4939,Insp. Rachit Bhavsar,2024,5,20
KAR/RAI/2024/0164,2024-06-01,17:37:00,robbery,"Reported incident of robbery at Near Mallick Street, Raichur. Suspect vehicle noticed with plate KA-28-A-2343.",under_investigation,Raichur,Raichur Traffic PS,"Near Mallick Street, Raichur",16.1471,77.3806,Insp. Chanakya Rajagopalan,2024,6,17
KAR/DAV/2024/0165,2025-01-05,22:22:00,cybercrime,"Reported incident of cybercrime at Near Jani Circle, Davangere.",open,Davangere,Davangere Rural PS,"Near Jani Circle, Davangere",14.3601,75.8345,Insp. Samaksh Wason,2025,1,22
KAR/BEN/2024/0166,2024-06-08,22:30:00,fraud,"Reported incident of fraud at Near Boase Marg, Bengaluru Urban.",under_investigation,Bengaluru Urban,Bengaluru Urban East PS,"Near Boase Marg, Bengaluru Urban",13.0513,77.5911,Insp. Qushi Agate,2024,6,22
KAR/MYS/2024/0167,2024-06-20,08:38:00,robbery,"Reported incident of robbery at Near Kalla Road, Mysuru. Suspect vehicle noticed with plate KA-15-P-4625.",under_investigation,Mysuru,Mysuru South PS,"Near Kalla Road, Mysuru",12.2665,76.626,Insp. Girish Dubey,2024,6,8
KAR/HAS/2024/0168,2024-07-07,07:01:00,burglary,"Reported incident of burglary at Near Ratti Circle, Hassan.",under_investigation,Hassan,Hassan Rural PS,"Near Ratti Circle, Hassan",13.0002,76.0023,Insp. Edhitha Nanda,2024,7,7
KAR/HAS/2024/0169,2024-10-20,13:00:00,vehicle_theft,"Reported incident of vehicle theft at Near Lala Marg, Hassan. Suspect vehicle noticed with plate KA-07-KA-4643.",open,Hassan,Hassan Market PS,"Near Lala Marg, Hassan",13.0549,76.1001,Insp. Yashica Tiwari,2024,10,13
KAR/BEN/2024/0170,2025-01-17,11:27:00,domestic_violence,"Reported incident of domestic violence at Near Mitra Chowk, Bengaluru Urban.",open,Bengaluru Urban,Bengaluru Urban Central PS,"Near Mitra Chowk, Bengaluru Urban",12.9479,77.5732,Insp. Riya Wagle,2025,1,11
KAR/MAN/2024/0171,2024-12-06,03:38:00,vehicle_theft,"Reported incident of vehicle theft at Near Kakar Circle, Mangaluru (Dakshina Kannada). Suspect vehicle noticed with plate KA-05-M-2071.",open,Mangaluru (Dakshina Kannada),Mangaluru (Dakshina Kannada) Town PS,"Near Kakar Circle, Mangaluru (Dakshina Kannada)",12.9586,74.9053,Insp. Barkha Ranganathan,2024,12,3
KAR/BEN/2024/0172,2025-02-05,04:29:00,murder,"Reported incident of murder at Near Edwin Road, Bengaluru Urban.",open,Bengaluru Urban,Bengaluru Urban West PS,"Near Edwin Road, Bengaluru Urban",12.9219,77.5766,Insp. Aachal Parikh,2025,2,4
KAR/TUM/2024/0173,2024-04-07,19:45:00,drug_offence,"Reported incident of drug offence at Near Saha Path, Tumakuru.",open,Tumakuru,Tumakuru Traffic PS,"Near Saha Path, Tumakuru",13.3344,77.0642,Insp. Urvi Singh,2024,4,19
KAR/BEN/2024/0174,2024-10-26,12:05:00,vehicle_theft,"Reported incident of vehicle theft at Near Gopal, Bengaluru Urban. Suspect vehicle noticed with plate KA-20-A-7892.",under_investigation,Bengaluru Urban,Bengaluru Urban South PS,"Near Gopal, Bengaluru Urban",12.9739,77.5216,Insp. Hema Mishra,2024,10,12
KAR/BEN/2024/0175,2024-02-13,14:50:00,assault,"Reported incident of assault at Near Bora Road, Bengaluru Urban.",under_investigation,Bengaluru Urban,Bengaluru Urban North PS,"Near Bora Road, Bengaluru Urban",12.926,77.5916,Insp. Mekhala Chad,2024,2,14
KAR/BEN/2024/0176,2025-02-27,00:59:00,vehicle_theft,"Reported incident of vehicle theft at Near Kamdar Nagar, Bengaluru Urban. Suspect vehicle noticed with plate KA-50-N-4408.",chargesheeted,Bengaluru Urban,Bengaluru Urban North PS,"Near Kamdar Nagar, Bengaluru Urban",12.9243,77.6066,Insp. Yatan Seshadri,2025,2,0
KAR/MYS/2024/0177,2024-08-28,16:45:00,robbery,"Reported incident of robbery at Near Varkey Marg, Mysuru. Suspect vehicle noticed with plate KA-23-KB-3454.",under_investigation,Mysuru,Mysuru South PS,"Near Varkey Marg, Mysuru",12.2669,76.6395,Insp. Harshil Chada,2024,8,16
KAR/KOL/2024/0178,2025-01-01,23:18:00,cybercrime,"Reported incident of cybercrime at Near Sami Circle, Kolar.",open,Kolar,Kolar Rural PS,"Near Sami Circle, Kolar",13.1524,78.0936,Insp. Anika Koshy,2025,1,23
KAR/BEN/2024/0179,2024-08-21,11:16:00,robbery,"Reported incident of robbery at Near Dara Chowk, Bengaluru Urban. Suspect vehicle noticed with plate KA-18-KB-1542.",open,Bengaluru Urban,Bengaluru Urban Traffic PS,"Near Dara Chowk, Bengaluru Urban",12.9605,77.6665,Insp. Falak Chada,2024,8,11
KAR/BEN/2024/0180,2024-10-14,23:20:00,chain_snatching,"Reported incident of chain snatching at Near Desai, Bengaluru Rural. Suspect vehicle noticed with plate KA-10-N-5780.",open,Bengaluru Rural,Bengaluru Rural Traffic PS,"Near Desai, Bengaluru Rural",13.3175,77.5137,Insp. Lakshmi Chaudry,2024,10,23
KAR/KAL/2024/0181,2024-02-23,06:45:00,chain_snatching,"Reported incident of chain snatching at Near Chaudhuri Nagar, Kalaburagi. Suspect vehicle noticed with plate KA-03-P-1516.",chargesheeted,Kalaburagi,Kalaburagi Market PS,"Near Chaudhuri Nagar, Kalaburagi",17.3222,76.8437,Insp. Niharika Deo,2024,2,6
KAR/MAN/2024/0182,2025-04-11,01:00:00,vehicle_theft,"Reported incident of vehicle theft at Near Srivastava Road, Mangaluru (Dakshina Kannada). Suspect vehicle noticed with plate KA-29-P-5953.",open,Mangaluru (Dakshina Kannada),Mangaluru (Dakshina Kannada) Traffic PS,"Near Srivastava Road, Mangaluru (Dakshina Kannada)",12.9187,74.9349,Insp. Anmol Deo,2025,4,1
KAR/MAN/2024/0183,2024-08-08,07:41:00,kidnapping,"Reported incident of kidnapping at Near Kunda Nagar, Mangaluru (Dakshina Kannada).",open,Mangaluru (Dakshina Kannada),Mangaluru (Dakshina Kannada) Rural PS,"Near Kunda Nagar, Mangaluru (Dakshina Kannada)",12.9201,74.7743,Insp. Harrison Kurian,2024,8,7
KAR/BAL/2024/0184,2024-11-13,05:46:00,vehicle_theft,"Reported incident of vehicle theft at Near Tailor Path, Ballari. Suspect vehicle noticed with plate KA-49-B-9457.",open,Ballari,Ballari Industrial PS,"Near Tailor Path, Ballari",15.1206,76.9501,Insp. Rishi Shah,2024,11,5
KAR/BAL/2024/0185,2024-04-06,04:01:00,assault,"Reported incident of assault at Near Mukherjee, Ballari.",closed,Ballari,Ballari Industrial PS,"Near Mukherjee, Ballari",15.1349,76.9443,Insp. Om Batra,2024,4,4
KAR/MAN/2024/0186,2025-05-25,21:53:00,assault,"Reported incident of assault at Near Raghavan Nagar, Mangaluru (Dakshina Kannada).",open,Mangaluru (Dakshina Kannada),Mangaluru (Dakshina Kannada) Rural PS,"Near Raghavan Nagar, Mangaluru (Dakshina Kannada)",12.9545,74.8037,Insp. Diya Bedi,2025,5,21
KAR/SHI/2024/0187,2025-03-13,06:33:00,robbery,"Reported incident of robbery at Near Singhal, Shivamogga. Suspect vehicle noticed with plate KA-22-A-6475.",open,Shivamogga,Shivamogga Rural PS,"Near Singhal, Shivamogga",13.9112,75.554,Insp. Aarush Chahal,2025,3,6
KAR/TUM/2024/0188,2024-12-08,02:06:00,vehicle_theft,"Reported incident of vehicle theft at Near Reddy Path, Tumakuru. Suspect vehicle noticed with plate KA-17-N-9261.",under_investigation,Tumakuru,Tumakuru Industrial PS,"Near Reddy Path, Tumakuru",13.3135,77.0795,Insp. Veer Sura,2024,12,2
KAR/KOP/2024/0189,2024-08-02,23:29:00,domestic_violence,"Reported incident of domestic violence at Near Devi Circle, Koppal.",open,Koppal,Koppal Industrial PS,"Near Devi Circle, Koppal",15.3211,76.1633,Insp. Yasti Saraf,2024,8,23
KAR/MAN/2024/0190,2024-06-02,18:06:00,burglary,"Reported incident of burglary at Near Chaudhary Nagar, Mandya.",under_investigation,Mandya,Mandya Suburban PS,"Near Chaudhary Nagar, Mandya",12.4969,76.8545,Insp. Sachi Amble,2024,6,18
KAR/KAL/2024/0191,2024-05-24,05:41:00,cybercrime,"Reported incident of cybercrime at Near Rajagopal Nagar, Kalaburagi.",open,Kalaburagi,Kalaburagi Market PS,"Near Rajagopal Nagar, Kalaburagi",17.3116,76.8589,Insp. Lila Luthra,2024,5,5
KAR/KAL/2024/0192,2024-11-25,12:34:00,drug_offence,"Reported incident of drug offence at Near Wali, Kalaburagi.",open,Kalaburagi,Kalaburagi Rural PS,"Near Wali, Kalaburagi",17.293,76.7639,Insp. Reyansh Kurian,2024,11,12
KAR/HUB/2024/0193,2024-01-13,09:07:00,robbery,"Reported incident of robbery at Near Yohannan, Hubballi-Dharwad. Suspect vehicle noticed with plate KA-26-M-3259.",open,Hubballi-Dharwad,Hubballi-Dharwad Industrial PS,"Near Yohannan, Hubballi-Dharwad",15.4182,75.0463,Insp. Bahadurjit Talwar,2024,1,9
KAR/MAN/2024/0194,2024-12-04,09:27:00,vehicle_theft,"Reported incident of vehicle theft at Near Boase Chowk, Mandya. Suspect vehicle noticed with plate KA-16-M-4523.",chargesheeted,Mandya,Mandya Industrial PS,"Near Boase Chowk, Mandya",12.5287,76.9352,Insp. Unnati Kaur,2024,12,9
KAR/BEN/2024/0195,2024-06-16,01:03:00,burglary,"Reported incident of burglary at Near Bhatti Marg, Bengaluru Urban.",under_investigation,Bengaluru Urban,Bengaluru Urban East PS,"Near Bhatti Marg, Bengaluru Urban",13.0327,77.5785,Insp. Sara Dash,2024,6,1
KAR/BEN/2024/0196,2024-06-11,20:37:00,chain_snatching,"Reported incident of chain snatching at Near Yohannan Zila, Bengaluru Urban. Suspect vehicle noticed with plate KA-03-A-5498.",under_investigation,Bengaluru Urban,Bengaluru Urban South PS,"Near Yohannan Zila, Bengaluru Urban",12.9922,77.5039,Insp. Girish Kumar,2024,6,20
KAR/BID/2024/0197,2024-12-18,10:25:00,eve_teasing,"Reported incident of eve teasing at Near Mistry Zila, Bidar.",under_investigation,Bidar,Bidar Traffic PS,"Near Mistry Zila, Bidar",17.9096,77.4385,Insp. Nathan Prasad,2024,12,10
KAR/BEN/2024/0198,2024-09-03,14:48:00,cybercrime,"Reported incident of cybercrime at Near Issac Zila, Bengaluru Urban.",under_investigation,Bengaluru Urban,Bengaluru Urban North PS,"Near Issac Zila, Bengaluru Urban",12.9349,77.5753,Insp. Eiravati Sant,2024,9,14
KAR/BEL/2024/0199,2024-01-28,05:22:00,burglary,"Reported incident of burglary at Near Subramaniam Ganj, Belagavi.",open,Belagavi,Belagavi Suburban PS,"Near Subramaniam Ganj, Belagavi",15.8249,74.4407,Insp. Nilima Soni,2024,1,5
KAR/KOL/2024/0200,2024-11-13,21:33:00,robbery,"Reported incident of robbery at Near Bhattacharyya Circle, Kolar. Suspect vehicle noticed with plate KA-45-A-6460.",open,Kolar,Kolar Rural PS,"Near Bhattacharyya Circle, Kolar",13.1767,78.1023,Insp. Chameli Shetty,2024,11,21
KAR/KOL/2024/0201,2024-07-02,09:19:00,burglary,"Reported incident of burglary at Near Modi Marg, Kolar.",chargesheeted,Kolar,Kolar Traffic PS,"Near Modi Marg, Kolar",13.1726,78.0862,Insp. Chameli Dar,2024,7,9
KAR/RAI/2024/0202,2024-02-11,17:05:00,kidnapping,"Reported incident of kidnapping at Near Shetty Ganj, Raichur.",under_investigation,Raichur,Raichur Suburban PS,"Near Shetty Ganj, Raichur",16.309,77.3501,Insp. Wridesh Sachdeva,2024,2,17
KAR/BEL/2024/0203,2024-12-03,01:50:00,vehicle_theft,"Reported incident of vehicle theft at Near Chakraborty Circle, Belagavi. Suspect vehicle noticed with plate KA-20-KA-3350.",under_investigation,Belagavi,Belagavi Industrial PS,"Near Chakraborty Circle, Belagavi",15.7978,74.5479,Insp. Urvi Krishna,2024,12,1
KAR/BEN/2024/0204,2024-03-23,19:36:00,eve_teasing,"Reported incident of eve teasing at Near Kala Circle, Bengaluru Urban.",under_investigation,Bengaluru Urban,Bengaluru Urban West PS,"Near Kala Circle, Bengaluru Urban",12.9282,77.5741,Insp. Gaurang Saha,2024,3,19
KAR/HUB/2024/0205,2024-11-15,05:41:00,hit_and_run,"Reported incident of hit and run at Near Gandhi Zila, Hubballi-Dharwad.",open,Hubballi-Dharwad,Hubballi-Dharwad Town PS,"Near Gandhi Zila, Hubballi-Dharwad",15.3917,75.1681,Insp. Girik Merchant,2024,11,5
KAR/BEL/2024/0206,2024-01-13,10:02:00,burglary,"Reported incident of burglary at Near Suri Road, Belagavi.",under_investigation,Belagavi,Belagavi Traffic PS,"Near Suri Road, Belagavi",15.8689,74.5025,Insp. Abhiram Jaggi,2024,1,10
KAR/BID/2024/0207,2024-10-09,14:58:00,chain_snatching,"Reported incident of chain snatching at Near Lala, Bidar. Suspect vehicle noticed with plate KA-09-A-4975.",under_investigation,Bidar,Bidar Industrial PS,"Near Lala, Bidar",17.9339,77.4906,Insp. Priya Grover,2024,10,14
KAR/SHI/2024/0208,2024-02-27,02:35:00,burglary,"Reported incident of burglary at Near Gopal Street, Shivamogga.",chargesheeted,Shivamogga,Shivamogga Suburban PS,"Near Gopal Street, Shivamogga",13.9514,75.6145,Insp. Veer Buch,2024,2,2
KAR/BID/2024/0209,2024-07-29,19:03:00,fraud,"Reported incident of fraud at Near Bhatia Chowk, Bidar.",open,Bidar,Bidar Market PS,"Near Bhatia Chowk, Bidar",17.8181,77.5432,Insp. Christopher Contractor,2024,7,19
KAR/MAN/2024/0210,2024-10-02,17:12:00,vehicle_theft,"Reported incident of vehicle theft at Near Mutti Zila, Mangaluru (Dakshina Kannada). Suspect vehicle noticed with plate KA-19-KA-8021.",open,Mangaluru (Dakshina Kannada),Mangaluru (Dakshina Kannada) Suburban PS,"Near Mutti Zila, Mangaluru (Dakshina Kannada)",12.8485,74.885,Insp. Frederick Master,2024,10,17
KAR/BEN/2024/0211,2024-10-19,08:34:00,vehicle_theft,"Reported incident of vehicle theft at Near Peri Zila, Bengaluru Urban. Suspect vehicle noticed with plate KA-25-KB-3898.",open,Bengaluru Urban,Bengaluru Urban West PS,"Near Peri Zila, Bengaluru Urban",12.8813,77.5452,Insp. Lipika Sha,2024,10,8
KAR/MAN/2024/0212,2024-04-28,07:10:00,vehicle_theft,"Reported incident of vehicle theft at Near Tata Zila, Mangaluru (Dakshina Kannada). Suspect vehicle noticed with plate KA-41-KB-7473.",closed,Mangaluru (Dakshina Kannada),Mangaluru (Dakshina Kannada) Industrial PS,"Near Tata Zila, Mangaluru (Dakshina Kannada)",12.8989,74.8517,Insp. Rushil Garg,2024,4,7
KAR/HUB/2024/0213,2024-05-11,17:14:00,vehicle_theft,"Reported incident of vehicle theft at Near Dhaliwal Circle, Hubballi-Dharwad. Suspect vehicle noticed with plate KA-53-N-7207.",under_investigation,Hubballi-Dharwad,Hubballi-Dharwad Rural PS,"Near Dhaliwal Circle, Hubballi-Dharwad",15.3165,75.1673,Insp. Vasatika Pillai,2024,5,17
KAR/BEN/2024/0214,2024-10-28,16:11:00,burglary,"Reported incident of burglary at Near Chand Zila, Bengaluru Urban.",under_investigation,Bengaluru Urban,Bengaluru Urban South PS,"Near Chand Zila, Bengaluru Urban",13.0068,77.5227,Insp. Irya Bhalla,2024,10,16
KAR/RAI/2024/0215,2024-03-20,00:36:00,chain_snatching,"Reported incident of chain snatching at Near Om Zila, Raichur. Suspect vehicle noticed with plate KA-39-P-4907.",chargesheeted,Raichur,Raichur Traffic PS,"Near Om Zila, Raichur",16.14,77.3798,Insp. Radha Dhillon,2024,3,0
KAR/VIJ/2024/0216,2024-12-03,23:24:00,chain_snatching,"Reported incident of chain snatching at Near Shroff Street, Vijayapura. Suspect vehicle noticed with plate KA-15-B-1262.",under_investigation,Vijayapura,Vijayapura Suburban PS,"Near Shroff Street, Vijayapura",16.777,75.6702,Insp. Daniel Wason,2024,12,23
KAR/MAN/2024/0217,2024-02-09,02:59:00,vehicle_theft,"Reported incident of vehicle theft at Near Gandhi Ganj, Mandya. Suspect vehicle noticed with plate KA-52-B-6755.",under_investigation,Mandya,Mandya Town PS,"Near Gandhi Ganj, Mandya",12.5636,76.872,Insp. Gopal Wali,2024,2,2
KAR/UDU/2024/0218,2024-06-28,01:42:00,cybercrime,"Reported incident of cybercrime at Near Sidhu, Udupi.",closed,Udupi,Udupi Market PS,"Near Sidhu, Udupi",13.4301,74.6961,Insp. Dayita Chana,2024,6,1
KAR/UDU/2024/0219,2025-05-21,22:40:00,chain_snatching,"Reported incident of chain snatching at Near Arora Circle, Udupi. Suspect vehicle noticed with plate KA-04-A-7123.",closed,Udupi,Udupi Rural PS,"Near Arora Circle, Udupi",13.3473,74.749,Insp. Praneel Divan,2025,5,22
KAR/DAV/2024/0220,2024-11-21,03:28:00,chain_snatching,"Reported incident of chain snatching at Near Virk Nagar, Davangere. Suspect vehicle noticed with plate KA-47-B-5793.",under_investigation,Davangere,Davangere Suburban PS,"Near Virk Nagar, Davangere",14.5144,75.9752,Insp. Leena Virk,2024,11,3
KAR/TUM/2024/0221,2025-01-29,12:06:00,drug_offence,"Reported incident of drug offence at Near Badami, Tumakuru.",under_investigation,Tumakuru,Tumakuru Suburban PS,"Near Badami, Tumakuru",13.3281,77.0936,Insp. Teerth Kakar,2025,1,12
KAR/BEN/2024/0222,2024-11-21,02:43:00,vehicle_theft,"Reported incident of vehicle theft at Near Maharaj Ganj, Bengaluru Urban. Suspect vehicle noticed with plate KA-47-A-9404.",under_investigation,Bengaluru Urban,Bengaluru Urban West PS,"Near Maharaj Ganj, Bengaluru Urban",12.9283,77.5715,Insp. Abha Tara,2024,11,2
KAR/RAI/2024/0223,2025-04-27,10:21:00,hit_and_run,"Reported incident of hit and run at Near Reddy Circle, Raichur.",under_investigation,Raichur,Raichur Suburban PS,"Near Reddy Circle, Raichur",16.2978,77.3176,Insp. Nimrat Viswanathan,2025,4,10
KAR/BEN/2024/0224,2024-06-05,09:25:00,drug_offence,"Reported incident of drug offence at Near Aggarwal Chowk, Bengaluru Urban.",open,Bengaluru Urban,Bengaluru Urban Central PS,"Near Aggarwal Chowk, Bengaluru Urban",12.9099,77.5513,Insp. Nirja Radhakrishnan,2024,6,9
KAR/CHI/2024/0225,2024-11-17,15:51:00,burglary,"Reported incident of burglary at Near Prashad Ganj, Chikkamagaluru.",open,Chikkamagaluru,Chikkamagaluru Industrial PS,"Near Prashad Ganj, Chikkamagaluru",13.3162,75.7828,Insp. Ojas Kala,2024,11,15
KAR/BEN/2024/0226,2024-11-08,18:41:00,chain_snatching,"Reported incident of chain snatching at Near Toor Nagar, Bengaluru Urban. Suspect vehicle noticed with plate KA-34-A-9354.",open,Bengaluru Urban,Bengaluru Urban North PS,"Near Toor Nagar, Bengaluru Urban",12.9252,77.6112,Insp. Rushil Babu,2024,11,18
KAR/HAS/2024/0227,2024-01-17,15:51:00,burglary,"Reported incident of burglary at Near Dubey Path, Hassan.",under_investigation,Hassan,Hassan Market PS,"Near Dubey Path, Hassan",13.0361,76.0843,Insp. Hemangini Bassi,2024,1,15
KAR/BEN/2024/0228,2025-05-06,05:20:00,chain_snatching,"Reported incident of chain snatching at Near Chakrabarti Zila, Bengaluru Urban. Suspect vehicle noticed with plate KA-28-P-4762.",open,Bengaluru Urban,Bengaluru Urban Central PS,"Near Chakrabarti Zila, Bengaluru Urban",12.9149,77.6051,Insp. Upma Goel,2025,5,5
KAR/MAN/2024/0229,2024-05-22,18:05:00,chain_snatching,"Reported incident of chain snatching at Near Bahri Circle, Mangaluru (Dakshina Kannada). Suspect vehicle noticed with plate KA-17-KA-1764.",under_investigation,Mangaluru (Dakshina Kannada),Mangaluru (Dakshina Kannada) Market PS,"Near Bahri Circle, Mangaluru (Dakshina Kannada)",13.0155,74.8676,Insp. Shivansh Pillai,2024,5,18
KAR/BEN/2024/0230,2024-12-23,05:58:00,robbery,"Reported incident of robbery at Near Morar Street, Bengaluru Urban. Suspect vehicle noticed with plate KA-23-N-9601.",open,Bengaluru Urban,Bengaluru Urban Central PS,"Near Morar Street, Bengaluru Urban",12.9007,77.5529,Insp. Vrishti Chaudhari,2024,12,5
KAR/VIJ/2024/0231,2024-09-29,06:10:00,burglary,"Reported incident of burglary at Near Banerjee Chowk, Vijayapura.",open,Vijayapura,Vijayapura Suburban PS,"Near Banerjee Chowk, Vijayapura",16.7356,75.6723,Insp. Victor Bera,2024,9,6
KAR/BAL/2024/0232,2024-07-28,02:01:00,assault,"Reported incident of assault at Near Dhawan Path, Ballari.",open,Ballari,Ballari Rural PS,"Near Dhawan Path, Ballari",15.1449,76.9386,Insp. Triya Sekhon,2024,7,2
KAR/BAL/2024/0233,2024-03-29,23:11:00,burglary,"Reported incident of burglary at Near Khare, Ballari.",chargesheeted,Ballari,Ballari Rural PS,"Near Khare, Ballari",15.1787,76.952,Insp. Vamakshi Narayanan,2024,3,23
KAR/HAS/2024/0234,2024-06-24,23:16:00,burglary,"Reported incident of burglary at Near Guha Circle, Hassan.",closed,Hassan,Hassan Industrial PS,"Near Guha Circle, Hassan",13.0331,76.0516,Insp. Hiral Bose,2024,6,23
KAR/BID/2024/0235,2024-04-14,12:42:00,drug_offence,"Reported incident of drug offence at Near Bath Marg, Bidar.",open,Bidar,Bidar Rural PS,"Near Bath Marg, Bidar",17.9472,77.4688,Insp. Osha Lalla,2024,4,12
KAR/CHI/2024/0236,2024-08-08,11:56:00,murder,"Reported incident of murder at Near Narasimhan Ganj, Chikkamagaluru.",under_investigation,Chikkamagaluru,Chikkamagaluru Market PS,"Near Narasimhan Ganj, Chikkamagaluru",13.3957,75.7225,Insp. Sudiksha Dada,2024,8,11
KAR/BEN/2024/0237,2024-04-22,01:27:00,assault,"Reported incident of assault at Near Sangha Ganj, Bengaluru Urban.",chargesheeted,Bengaluru Urban,Bengaluru Urban Central PS,"Near Sangha Ganj, Bengaluru Urban",12.9284,77.5591,Insp. Nirja Kalita,2024,4,1
KAR/MYS/2024/0238,2024-06-22,09:02:00,robbery,"Reported incident of robbery at Near Bhatt Chowk, Mysuru. Suspect vehicle noticed with plate KA-34-KB-3500.",closed,Mysuru,Mysuru Central PS,"Near Bhatt Chowk, Mysuru",12.2247,76.7229,Insp. Abha Wagle,2024,6,9
KAR/KAL/2024/0239,2024-03-15,10:29:00,domestic_violence,"Reported incident of domestic violence at Near Dutt Ganj, Kalaburagi.",open,Kalaburagi,Kalaburagi Industrial PS,"Near Dutt Ganj, Kalaburagi",17.2962,76.8702,Insp. Anita Date,2024,3,10
KAR/SHI/2024/0240,2024-07-07,02:44:00,property_crime,"Reported incident of property crime at Near Choudhury Circle, Shivamogga.",closed,Shivamogga,Shivamogga Suburban PS,"Near Choudhury Circle, Shivamogga",13.9433,75.6239,Insp. Amruta Chahal,2024,7,2
KAR/BID/2024/0241,2024-02-09,11:39:00,cybercrime,"Reported incident of cybercrime at Near Deep Marg, Bidar.",chargesheeted,Bidar,Bidar Traffic PS,"Near Deep Marg, Bidar",17.9073,77.4276,Insp. Aishani Nagarajan,2024,2,11
KAR/BEN/2024/0242,2024-12-02,08:31:00,eve_teasing,"Reported incident of eve teasing at Near Prashad Zila, Bengaluru Urban.",open,Bengaluru Urban,Bengaluru Urban North PS,"Near Prashad Zila, Bengaluru Urban",12.9796,77.5831,Insp. Manya Saha,2024,12,8
KAR/BAL/2024/0243,2024-01-05,11:56:00,cybercrime,"Reported incident of cybercrime at Near Mammen Circle, Ballari.",chargesheeted,Ballari,Ballari Suburban PS,"Near Mammen Circle, Ballari",15.2262,76.9682,Insp. Ishwar Agrawal,2024,1,11
KAR/BEN/2024/0244,2025-02-25,18:56:00,assault,"Reported incident of assault at Near Shanker Chowk, Bengaluru Urban.",open,Bengaluru Urban,Bengaluru Urban North PS,"Near Shanker Chowk, Bengaluru Urban",12.9564,77.6258,Insp. Girish Mannan,2025,2,18
KAR/BEN/2024/0245,2024-05-13,01:24:00,fraud,"Reported incident of fraud at Near Sachdeva Chowk, Bengaluru Urban.",under_investigation,Bengaluru Urban,Bengaluru Urban Central PS,"Near Sachdeva Chowk, Bengaluru Urban",12.9393,77.5693,Insp. Devika Chana,2024,5,1
KAR/BEN/2024/0246,2024-08-20,11:55:00,robbery,"Reported incident of robbery at Near Sarin Path, Bengaluru Rural. Suspect vehicle noticed with plate KA-24-N-5253.",open,Bengaluru Rural,Bengaluru Rural Central PS,"Near Sarin Path, Bengaluru Rural",13.1993,77.5366,Insp. Mason Padmanabhan,2024,8,11
KAR/SHI/2024/0247,2025-03-07,16:11:00,vehicle_theft,"Reported incident of vehicle theft at Near Thakur Marg, Shivamogga. Suspect vehicle noticed with plate KA-33-M-9925.",open,Shivamogga,Shivamogga Traffic PS,"Near Thakur Marg, Shivamogga",13.9815,75.5956,Insp. Vedant Nath,2025,3,16
KAR/VIJ/2024/0248,2024-11-19,13:44:00,vehicle_theft,"Reported incident of vehicle theft at Near Wagle Marg, Vijayapura. Suspect vehicle noticed with plate KA-29-M-3915.",open,Vijayapura,Vijayapura Industrial PS,"Near Wagle Marg, Vijayapura",16.8289,75.7488,Insp. Girish Iyengar,2024,11,13
KAR/SHI/2024/0249,2025-03-08,22:26:00,assault,"Reported incident of assault at Near Babu Ganj, Shivamogga.",open,Shivamogga,Shivamogga Industrial PS,"Near Babu Ganj, Shivamogga",13.8776,75.5451,Insp. Hitesh Sawhney,2025,3,22
KAR/BEN/2024/0250,2024-01-15,05:41:00,vehicle_theft,"Reported incident of vehicle theft at Near Bhatnagar Street, Bengaluru Rural. Suspect vehicle noticed with plate KA-06-M-1201.",closed,Bengaluru Rural,Bengaluru Rural South PS,"Near Bhatnagar Street, Bengaluru Rural",13.1429,77.608,Insp. Bhavini Rout,2024,1,5
KAR/BEN/2024/0251,2024-11-22,07:24:00,murder,"Reported incident of murder at Near Koshy Marg, Bengaluru Urban.",open,Bengaluru Urban,Bengaluru Urban West PS,"Near Koshy Marg, Bengaluru Urban",12.8927,77.5458,Insp. Forum Talwar,2024,11,7
KAR/TUM/2024/0252,2024-01-30,11:37:00,burglary,"Reported incident of burglary at Near Gandhi Path, Tumakuru.",open,Tumakuru,Tumakuru Suburban PS,"Near Gandhi Path, Tumakuru",13.3186,77.0885,Insp. Madhav Ramakrishnan,2024,1,11
KAR/DAV/2024/0253,2024-04-29,09:49:00,burglary,"Reported incident of burglary at Near Munshi Circle, Davangere.",open,Davangere,Davangere Industrial PS,"Near Munshi Circle, Davangere",14.3812,75.9655,Insp. Yug Grewal,2024,4,9
KAR/BEN/2024/0254,2024-05-21,18:13:00,hit_and_run,"Reported incident of hit and run at Near Agate Marg, Bengaluru Urban.",under_investigation,Bengaluru Urban,Bengaluru Urban Central PS,"Near Agate Marg, Bengaluru Urban",12.9563,77.566,Insp. Vamakshi Swamy,2024,5,18
KAR/BEN/2024/0255,2025-02-24,16:51:00,cybercrime,"Reported incident of cybercrime at Near Ravi, Bengaluru Urban.",open,Bengaluru Urban,Bengaluru Urban South PS,"Near Ravi, Bengaluru Urban",13.0089,77.5395,Insp. Krish Master,2025,2,16
KAR/BEN/2024/0256,2024-10-08,16:56:00,robbery,"Reported incident of robbery at Near Shenoy Road, Bengaluru Urban. Suspect vehicle noticed with plate KA-04-M-5496.",open,Bengaluru Urban,Bengaluru Urban North PS,"Near Shenoy Road, Bengaluru Urban",12.9523,77.5775,Insp. Vasudha Bora,2024,10,16
KAR/VIJ/2024/0257,2024-07-08,14:31:00,eve_teasing,"Reported incident of eve teasing at Near Kibe Path, Vijayapura.",under_investigation,Vijayapura,Vijayapura Rural PS,"Near Kibe Path, Vijayapura",16.8102,75.6344,Insp. Chandresh Dhar,2024,7,14
KAR/MAN/2024/0258,2024-01-07,13:40:00,vehicle_theft,"Reported incident of vehicle theft at Near Tara Ganj, Mangaluru (Dakshina Kannada). Suspect vehicle noticed with plate KA-30-KA-1648.",chargesheeted,Mangaluru (Dakshina Kannada),Mangaluru (Dakshina Kannada) Rural PS,"Near Tara Ganj, Mangaluru (Dakshina Kannada)",12.9383,74.8045,Insp. Wakeeta Patla,2024,1,13
KAR/BEN/2024/0259,2024-10-02,06:26:00,vehicle_theft,"Reported incident of vehicle theft at Near Mutti, Bengaluru Urban. Suspect vehicle noticed with plate KA-10-A-7231.",open,Bengaluru Urban,Bengaluru Urban Traffic PS,"Near Mutti, Bengaluru Urban",12.9564,77.6371,Insp. Indira Sangha,2024,10,6
KAR/SHI/2024/0260,2024-10-12,04:54:00,vehicle_theft,"Reported incident of vehicle theft at Near Kapadia Street, Shivamogga. Suspect vehicle noticed with plate KA-48-N-3739.",open,Shivamogga,Shivamogga Industrial PS,"Near Kapadia Street, Shivamogga",13.8478,75.5482,Insp. Sachi Bhavsar,2024,10,4
KAR/CHI/2024/0261,2025-03-11,10:08:00,vehicle_theft,"Reported incident of vehicle theft at Near Chhabra Circle, Chikkamagaluru. Suspect vehicle noticed with plate KA-23-KB-6869.",open,Chikkamagaluru,Chikkamagaluru Market PS,"Near Chhabra Circle, Chikkamagaluru",13.3604,75.7034,Insp. Amara Agrawal,2025,3,10
KAR/HUB/2024/0262,2025-02-25,10:24:00,drug_offence,"Reported incident of drug offence at Near Dara Ganj, Hubballi-Dharwad.",open,Hubballi-Dharwad,Hubballi-Dharwad Industrial PS,"Near Dara Ganj, Hubballi-Dharwad",15.4147,75.0604,Insp. Udarsh Mukherjee,2025,2,10
KAR/BEN/2024/0263,2025-04-09,08:21:00,fraud,"Reported incident of fraud at Near Sethi Ganj, Bengaluru Urban.",under_investigation,Bengaluru Urban,Bengaluru Urban Traffic PS,"Near Sethi Ganj, Bengaluru Urban",12.9753,77.633,Insp. Zaitra Agate,2025,4,8
KAR/KOL/2024/0264,2024-07-02,00:57:00,cybercrime,"Reported incident of cybercrime at Near Sidhu Marg, Kolar.",open,Kolar,Kolar Traffic PS,"Near Sidhu Marg, Kolar",13.1569,78.0654,Insp. Thomas Roy,2024,7,0
KAR/BEN/2024/0265,2024-08-29,19:45:00,vehicle_theft,"Reported incident of vehicle theft at Near Ramachandran Street, Bengaluru Urban. Suspect vehicle noticed with plate KA-30-KB-6781.",open,Bengaluru Urban,Bengaluru Urban Traffic PS,"Near Ramachandran Street, Bengaluru Urban",12.942,77.6649,Insp. David Raghavan,2024,8,19
KAR/BEN/2024/0266,2024-07-14,10:22:00,assault,"Reported incident of assault at Near Kalla Road, Bengaluru Urban.",open,Bengaluru Urban,Bengaluru Urban West PS,"Near Kalla Road, Bengaluru Urban",12.9214,77.5827,Insp. Neel Anand,2024,7,10
KAR/BID/2024/0267,2024-09-14,09:57:00,burglary,"Reported incident of burglary at Near Vyas Marg, Bidar.",under_investigation,Bidar,Bidar Town PS,"Near Vyas Marg, Bidar",18.0058,77.5662,Insp. Gopal Bassi,2024,9,9
KAR/BEN/2024/0268,2025-04-03,17:30:00,eve_teasing,"Reported incident of eve teasing at Near Baria Nagar, Bengaluru Urban.",open,Bengaluru Urban,Bengaluru Urban South PS,"Near Baria Nagar, Bengaluru Urban",13.0119,77.4988,Insp. Bhavya Apte,2025,4,17
KAR/DAV/2024/0269,2024-09-19,10:10:00,hit_and_run,"Reported incident of hit and run at Near Wable Path, Davangere.",open,Davangere,Davangere Industrial PS,"Near Wable Path, Davangere",14.4055,75.9725,Insp. Tristan Sandal,2024,9,10
KAR/BID/2024/0270,2024-11-18,10:08:00,vehicle_theft,"Reported incident of vehicle theft at Near Sem Path, Bidar. Suspect vehicle noticed with plate KA-44-M-2323.",chargesheeted,Bidar,Bidar Rural PS,"Near Sem Path, Bidar",17.9762,77.4627,Insp. Neel Setty,2024,11,10
KAR/HAS/2024/0271,2024-12-19,10:27:00,burglary,"Reported incident of burglary at Near Arya Ganj, Hassan.",under_investigation,Hassan,Hassan Town PS,"Near Arya Ganj, Hassan",12.9885,76.001,Insp. Yutika Kumer,2024,12,10
KAR/BAL/2024/0272,2024-04-24,03:50:00,fraud,"Reported incident of fraud at Near Kalita Nagar, Ballari.",chargesheeted,Ballari,Ballari Market PS,"Near Kalita Nagar, Ballari",15.1825,76.9007,Insp. Jagdish Narasimhan,2024,4,3
KAR/BEN/2024/0273,2025-05-16,07:16:00,vehicle_theft,"Reported incident of vehicle theft at Near Borra Road, Bengaluru Urban. Suspect vehicle noticed with plate KA-30-N-8150.",open,Bengaluru Urban,Bengaluru Urban West PS,"Near Borra Road, Bengaluru Urban",12.9354,77.5822,Insp. Kabir Wali,2025,5,7
KAR/HAS/2024/0274,2024-03-28,06:36:00,vehicle_theft,"Reported incident of vehicle theft at Near Wason Marg, Hassan. Suspect vehicle noticed with plate KA-33-B-6875.",under_investigation,Hassan,Hassan Traffic PS,"Near Wason Marg, Hassan",12.9363,76.0654,Insp. Netra Sekhon,2024,3,6
KAR/BEN/2024/0275,2024-04-29,12:59:00,fraud,"Reported incident of fraud at Near Barman Chowk, Bengaluru Rural.",open,Bengaluru Rural,Bengaluru Rural Central PS,"Near Barman Chowk, Bengaluru Rural",13.237,77.5238,Insp. Simon Raju,2024,4,12
KAR/DAV/2024/0276,2025-01-09,02:08:00,vehicle_theft,"Reported incident of vehicle theft at Near Seth Zila, Davangere. Suspect vehicle noticed with plate KA-46-B-9440.",open,Davangere,Davangere Market PS,"Near Seth Zila, Davangere",14.4132,75.8365,Insp. Mahika Rege,2025,1,2
KAR/MAN/2024/0277,2024-12-07,09:54:00,vehicle_theft,"Reported incident of vehicle theft at Near Sethi Road, Mandya. Suspect vehicle noticed with plate KA-32-A-9223.",open,Mandya,Mandya Market PS,"Near Sethi Road, Mandya",12.517,76.8431,Insp. Jai Jhaveri,2024,12,9
KAR/MYS/2024/0278,2024-02-21,00:48:00,fraud,"Reported incident of fraud at Near Krish Marg, Mysuru.",closed,Mysuru,Mysuru Traffic PS,"Near Krish Marg, Mysuru",12.3262,76.5951,Insp. Saanvi Natt,2024,2,0
KAR/BEN/2024/0279,2024-02-07,02:44:00,eve_teasing,"Reported incident of eve teasing at Near Chhabra Nagar, Bengaluru Urban.",closed,Bengaluru Urban,Bengaluru Urban West PS,"Near Chhabra Nagar, Bengaluru Urban",12.902,77.5501,Insp. Bahadurjit Gulati,2024,2,2
KAR/BEN/2024/0280,2025-02-07,00:07:00,cybercrime,"Reported incident of cybercrime at Near Narain Marg, Bengaluru Rural.",closed,Bengaluru Rural,Bengaluru Rural Central PS,"Near Narain Marg, Bengaluru Rural",13.2179,77.5395,Insp. Pooja Palla,2025,2,0
KAR/UDU/2024/0281,2024-06-01,09:46:00,kidnapping,"Reported incident of kidnapping at Near Chokshi Nagar, Udupi.",open,Udupi,Udupi Town PS,"Near Chokshi Nagar, Udupi",13.3939,74.7049,Insp. Xiti Verma,2024,6,9
KAR/SHI/2024/0282,2025-01-30,08:28:00,vehicle_theft,"Reported incident of vehicle theft at Near Bera Chowk, Shivamogga. Suspect vehicle noticed with plate KA-04-N-5552.",open,Shivamogga,Shivamogga Industrial PS,"Near Bera Chowk, Shivamogga",13.8799,75.5912,Insp. Raagini Menon,2025,1,8
KAR/BAL/2024/0283,2024-03-02,04:25:00,robbery,"Reported incident of robbery at Near Nayar Nagar, Ballari. Suspect vehicle noticed with plate KA-54-KA-5052.",under_investigation,Ballari,Ballari Town PS,"Near Nayar Nagar, Ballari",15.1219,76.9982,Insp. Gavin Sarraf,2024,3,4
KAR/BEL/2024/0284,2024-08-16,10:03:00,hit_and_run,"Reported incident of hit and run at Near Raghavan, Belagavi.",under_investigation,Belagavi,Belagavi Industrial PS,"Near Raghavan, Belagavi",15.8069,74.507,Insp. Utkarsh Master,2024,8,10
KAR/CHI/2024/0285,2024-04-22,22:35:00,cybercrime,"Reported incident of cybercrime at Near Chand Road, Chikkamagaluru.",open,Chikkamagaluru,Chikkamagaluru Market PS,"Near Chand Road, Chikkamagaluru",13.3983,75.7066,Insp. Logan Devi,2024,4,22
KAR/MAN/2024/0286,2025-03-30,20:50:00,chain_snatching,"Reported incident of chain snatching at Near Mistry Zila, Mangaluru (Dakshina Kannada). Suspect vehicle noticed with plate KA-27-A-2396.",open,Mangaluru (Dakshina Kannada),Mangaluru (Dakshina Kannada) Rural PS,"Near Mistry Zila, Mangaluru (Dakshina Kannada)",12.9242,74.8283,Insp. Gaurangi Yogi,2025,3,20
KAR/UDU/2024/0287,2024-03-25,12:10:00,property_crime,"Reported incident of property crime at Near Gaba Chowk, Udupi.",under_investigation,Udupi,Udupi Suburban PS,"Near Gaba Chowk, Udupi",13.3572,74.7686,Insp. Eta Pall,2024,3,12
KAR/BEN/2024/0288,2024-11-05,16:19:00,chain_snatching,"Reported incident of chain snatching at Near Pillay Ganj, Bengaluru Urban. Suspect vehicle noticed with plate KA-20-KA-4061.",under_investigation,Bengaluru Urban,Bengaluru Urban South PS,"Near Pillay Ganj, Bengaluru Urban",12.9764,77.4909,Insp. Vanya Patla,2024,11,16
KAR/DAV/2024/0289,2024-07-15,17:56:00,burglary,"Reported incident of burglary at Near Pandit, Davangere.",under_investigation,Davangere,Davangere Traffic PS,"Near Pandit, Davangere",14.4577,75.9598,Insp. Chakrika Arya,2024,7,17
KAR/BEN/2024/0290,2025-04-12,03:40:00,burglary,"Reported incident of burglary at Near Prabhu Street, Bengaluru Urban.",open,Bengaluru Urban,Bengaluru Urban East PS,"Near Prabhu Street, Bengaluru Urban",13.0281,77.5999,Insp. Gaurav Tiwari,2025,4,3
KAR/DAV/2024/0291,2025-02-03,06:48:00,cybercrime,"Reported incident of cybercrime at Near Shukla Ganj, Davangere.",open,Davangere,Davangere Town PS,"Near Shukla Ganj, Davangere",14.4242,75.945,Insp. Nandini Contractor,2025,2,6
KAR/KOP/2024/0292,2024-06-09,04:05:00,vehicle_theft,"Reported incident of vehicle theft at Near Sarraf Street, Koppal. Suspect vehicle noticed with plate KA-46-N-1396.",under_investigation,Koppal,Koppal Traffic PS,"Near Sarraf Street, Koppal",15.3743,76.176,Insp. Eiravati Dube,2024,6,4
KAR/BID/2024/0293,2025-01-13,06:48:00,robbery,"Reported incident of robbery at Near Mani Street, Bidar. Suspect vehicle noticed with plate KA-05-P-2718.",under_investigation,Bidar,Bidar Traffic PS,"Near Mani Street, Bidar",17.9129,77.4435,Insp. Jeet Rama,2025,1,6
KAR/BEN/2024/0294,2024-10-16,00:07:00,vehicle_theft,"Reported incident of vehicle theft at Near Shankar Nagar, Bengaluru Urban. Suspect vehicle noticed with plate KA-04-M-1293.",under_investigation,Bengaluru Urban,Bengaluru Urban North PS,"Near Shankar Nagar, Bengaluru Urban",12.9365,77.5892,Insp. Henry Keer,2024,10,0
KAR/BEN/2024/0295,2024-04-10,09:26:00,cybercrime,"Reported incident of cybercrime at Near Nadkarni Zila, Bengaluru Urban.",under_investigation,Bengaluru Urban,Bengaluru Urban Central PS,"Near Nadkarni Zila, Bengaluru Urban",12.9064,77.5578,Insp. Omisha Nigam,2024,4,9
KAR/BEL/2024/0296,2024-04-15,07:54:00,murder,"Reported incident of murder at Near Narain Marg, Belagavi.",under_investigation,Belagavi,Belagavi Town PS,"Near Narain Marg, Belagavi",15.8568,74.5947,Insp. Michael Johal,2024,4,7
KAR/BEN/2024/0297,2024-04-04,10:26:00,hit_and_run,"Reported incident of hit and run at Near Hora Zila, Bengaluru Rural.",open,Bengaluru Rural,Bengaluru Rural South PS,"Near Hora Zila, Bengaluru Rural",13.152,77.615,Insp. Siya Gupta,2024,4,10
KAR/VIJ/2024/0298,2025-01-23,08:31:00,assault,"Reported incident of assault at Near Bakshi Ganj, Vijayapura.",under_investigation,Vijayapura,Vijayapura Market PS,"Near Bakshi Ganj, Vijayapura",16.7938,75.749,Insp. Meghana Rao,2025,1,8
KAR/BEN/2024/0299,2024-06-13,06:23:00,robbery,"Reported incident of robbery at Near Sood Zila, Bengaluru Urban. Suspect vehicle noticed with plate KA-31-B-5574.",open,Bengaluru Urban,Bengaluru Urban South PS,"Near Sood Zila, Bengaluru Urban",12.9811,77.5271,Insp. Suhani Merchant,2024,6,6
KAR/HAS/2024/0300,2024-10-05,17:41:00,vehicle_theft,"Reported incident of vehicle theft at Near Ahuja Path, Hassan. Suspect vehicle noticed with plate KA-19-KA-5560.",chargesheeted,Hassan,Hassan Industrial PS,"Near Ahuja Path, Hassan",13.0332,76.0916,Insp. Jai Sabharwal,2024,10,17
KAR/TUM/2024/0301,2024-02-02,21:03:00,assault,"Reported incident of assault at Near Chatterjee Nagar, Tumakuru.",open,Tumakuru,Tumakuru Rural PS,"Near Chatterjee Nagar, Tumakuru",13.2961,77.102,Insp. Krishna Kashyap,2024,2,21
KAR/KOL/2024/0302,2024-03-23,01:04:00,vehicle_theft,"Reported incident of vehicle theft at Near Hegde Circle, Kolar. Suspect vehicle noticed with plate KA-06-A-4710.",under_investigation,Kolar,Kolar Suburban PS,"Near Hegde Circle, Kolar",13.1297,78.0426,Insp. Chaaya Rao,2024,3,1
KAR/TUM/2024/0303,2024-05-29,07:49:00,property_crime,"Reported incident of property crime at Near Doctor Marg, Tumakuru.",chargesheeted,Tumakuru,Tumakuru Rural PS,"Near Doctor Marg, Tumakuru",13.3095,77.1125,Insp. Qushi Brahmbhatt,2024,5,7
KAR/BEN/2024/0304,2025-04-24,19:05:00,vehicle_theft,"Reported incident of vehicle theft at Near Gaba Road, Bengaluru Urban. Suspect vehicle noticed with plate KA-30-P-4345.",open,Bengaluru Urban,Bengaluru Urban Traffic PS,"Near Gaba Road, Bengaluru Urban",12.9599,77.6575,Insp. Hema Seth,2025,4,19
KAR/HAS/2024/0305,2025-05-11,07:36:00,vehicle_theft,"Reported incident of vehicle theft at Near Suri Marg, Hassan. Suspect vehicle noticed with plate KA-42-M-9823.",chargesheeted,Hassan,Hassan Suburban PS,"Near Suri Marg, Hassan",13.0874,76.1104,Insp. Damini Kade,2025,5,7
KAR/BEN/2024/0306,2024-07-11,10:44:00,hit_and_run,"Reported incident of hit and run at Near Lall Circle, Bengaluru Urban.",under_investigation,Bengaluru Urban,Bengaluru Urban West PS,"Near Lall Circle, Bengaluru Urban",12.8794,77.5837,Insp. Shivansh Kanda,2024,7,10
KAR/BEN/2024/0307,2025-03-20,02:45:00,assault,"Reported incident of assault at Near Deo Nagar, Bengaluru Rural.",open,Bengaluru Rural,Bengaluru Rural North PS,"Near Deo Nagar, Bengaluru Rural",13.2448,77.5234,Insp. Andrew Raja,2025,3,2
KAR/BEL/2024/0308,2025-03-30,03:00:00,vehicle_theft,"Reported incident of vehicle theft at Near Date Marg, Belagavi. Suspect vehicle noticed with plate KA-31-A-9930.",under_investigation,Belagavi,Belagavi Rural PS,"Near Date Marg, Belagavi",15.8343,74.4903,Insp. Isaac Ganesh,2025,3,3
KAR/BEN/2024/0309,2025-03-17,01:19:00,burglary,"Reported incident of burglary at Near Dora Path, Bengaluru Rural.",under_investigation,Bengaluru Rural,Bengaluru Rural Central PS,"Near Dora Path, Bengaluru Rural",13.1863,77.5415,Insp. Nikita Swaminathan,2025,3,1
KAR/HUB/2024/0310,2024-06-11,23:39:00,assault,"Reported incident of assault at Near Narang Ganj, Hubballi-Dharwad.",chargesheeted,Hubballi-Dharwad,Hubballi-Dharwad Traffic PS,"Near Narang Ganj, Hubballi-Dharwad",15.4244,75.0579,Insp. Kalpit Kapoor,2024,6,23
KAR/BEN/2024/0311,2025-05-12,12:46:00,eve_teasing,"Reported incident of eve teasing at Near Bora Street, Bengaluru Urban.",under_investigation,Bengaluru Urban,Bengaluru Urban North PS,"Near Bora Street, Bengaluru Urban",12.9727,77.6264,Insp. Upkaar Saran,2025,5,12
KAR/BEN/2024/0312,2024-05-18,13:12:00,cybercrime,"Reported incident of cybercrime at Near Koshy Circle, Bengaluru Urban.",open,Bengaluru Urban,Bengaluru Urban Traffic PS,"Near Koshy Circle, Bengaluru Urban",12.9992,77.6509,Insp. Simon Wali,2024,5,13
KAR/BEN/2024/0313,2024-12-04,12:02:00,chain_snatching,"Reported incident of chain snatching at Near Chacko Road, Bengaluru Urban. Suspect vehicle noticed with plate KA-14-P-4607.",open,Bengaluru Urban,Bengaluru Urban Traffic PS,"Near Chacko Road, Bengaluru Urban",12.9704,77.6772,Insp. Saksham Kade,2024,12,12
KAR/KOL/2024/0314,2024-11-26,07:23:00,robbery,"Reported incident of robbery at Near Balan Circle, Kolar. Suspect vehicle noticed with plate KA-53-P-5856.",open,Kolar,Kolar Rural PS,"Near Balan Circle, Kolar",13.1519,78.1021,Insp. Gautami Kalla,2024,11,7
KAR/MAN/2024/0315,2024-12-30,03:00:00,fraud,"Reported incident of fraud at Near Sarkar Ganj, Mandya.",open,Mandya,Mandya Market PS,"Near Sarkar Ganj, Mandya",12.4954,76.8783,Insp. Lakshmi Jani,2024,12,3
KAR/BEN/2024/0316,2024-04-20,20:24:00,property_crime,"Reported incident of property crime at Near Sura Zila, Bengaluru Urban.",under_investigation,Bengaluru Urban,Bengaluru Urban Traffic PS,"Near Sura Zila, Bengaluru Urban",12.9653,77.685,Insp. Odika Thaman,2024,4,20
KAR/BEN/2024/0317,2024-12-13,09:02:00,vehicle_theft,"Reported incident of vehicle theft at Near Sunder Road, Bengaluru Urban. Suspect vehicle noticed with plate KA-19-P-2282.",open,Bengaluru Urban,Bengaluru Urban Central PS,"Near Sunder Road, Bengaluru Urban",12.8972,77.553,Insp. Sara Setty,2024,12,9
KAR/DAV/2024/0318,2025-02-21,00:58:00,hit_and_run,"Reported incident of hit and run at Near Saraf Chowk, Davangere.",under_investigation,Davangere,Davangere Industrial PS,"Near Saraf Chowk, Davangere",14.4183,75.9826,Insp. Shravya Bali,2025,2,0
KAR/HUB/2024/0319,2024-06-15,02:36:00,cybercrime,"Reported incident of cybercrime at Near Bera Road, Hubballi-Dharwad.",chargesheeted,Hubballi-Dharwad,Hubballi-Dharwad Town PS,"Near Bera Road, Hubballi-Dharwad",15.3882,75.1842,Insp. Shivansh Acharya,2024,6,2
KAR/HUB/2024/0320,2025-02-09,23:22:00,burglary,"Reported incident of burglary at Near Ahluwalia, Hubballi-Dharwad.",open,Hubballi-Dharwad,Hubballi-Dharwad Town PS,"Near Ahluwalia, Hubballi-Dharwad",15.3875,75.1816,Insp. Abhiram Puri,2025,2,23
KAR/KOP/2024/0321,2024-04-04,20:46:00,cybercrime,"Reported incident of cybercrime at Near Dua Street, Koppal.",open,Koppal,Koppal Town PS,"Near Dua Street, Koppal",15.2948,76.2184,Insp. Ekiya Bawa,2024,4,20
KAR/KOL/2024/0322,2025-01-31,17:39:00,burglary,"Reported incident of burglary at Near Kashyap Chowk, Kolar.",open,Kolar,Kolar Market PS,"Near Kashyap Chowk, Kolar",13.2241,78.2105,Insp. Girindra Varughese,2025,1,17
KAR/MAN/2024/0323,2024-10-16,08:44:00,vehicle_theft,"Reported incident of vehicle theft at Near Chatterjee Path, Mangaluru (Dakshina Kannada). Suspect vehicle noticed with plate KA-28-KB-2526.",open,Mangaluru (Dakshina Kannada),Mangaluru (Dakshina Kannada) Market PS,"Near Chatterjee Path, Mangaluru (Dakshina Kannada)",12.9645,74.8466,Insp. Dayita Sant,2024,10,8
KAR/KOP/2024/0324,2024-05-02,17:16:00,burglary,"Reported incident of burglary at Near Sengupta Path, Koppal.",under_investigation,Koppal,Koppal Market PS,"Near Sengupta Path, Koppal",15.4024,76.2324,Insp. Riya Sarkar,2024,5,17
KAR/MYS/2024/0325,2024-08-30,09:38:00,drug_offence,"Reported incident of drug offence at Near Lall Circle, Mysuru.",open,Mysuru,Mysuru Central PS,"Near Lall Circle, Mysuru",12.2141,76.7395,Insp. Anita Raman,2024,8,9
KAR/DAV/2024/0326,2024-10-24,01:02:00,chain_snatching,"Reported incident of chain snatching at Near Kaul Circle, Davangere. Suspect vehicle noticed with plate KA-03-KA-6751.",under_investigation,Davangere,Davangere Industrial PS,"Near Kaul Circle, Davangere",14.3923,76.0128,Insp. David Bava,2024,10,1
KAR/KAL/2024/0327,2024-02-16,02:58:00,kidnapping,"Reported incident of kidnapping at Near Karnik, Kalaburagi.",open,Kalaburagi,Kalaburagi Industrial PS,"Near Karnik, Kalaburagi",17.2667,76.9013,Insp. Pranit Rege,2024,2,2
KAR/CHI/2024/0328,2025-02-08,15:20:00,cybercrime,"Reported incident of cybercrime at Near Bir Ganj, Chikkamagaluru.",under_investigation,Chikkamagaluru,Chikkamagaluru Market PS,"Near Bir Ganj, Chikkamagaluru",13.3993,75.6934,Insp. Abha Sane,2025,2,15
KAR/KAL/2024/0329,2024-11-25,12:17:00,vehicle_theft,"Reported incident of vehicle theft at Near Badal Zila, Kalaburagi. Suspect vehicle noticed with plate KA-34-B-8747.",chargesheeted,Kalaburagi,Kalaburagi Market PS,"Near Badal Zila, Kalaburagi",17.332,76.841,Insp. Samarth Viswanathan,2024,11,12
KAR/MYS/2024/0330,2024-07-29,00:12:00,eve_teasing,"Reported incident of eve teasing at Near Sridhar Nagar, Mysuru.",under_investigation,Mysuru,Mysuru West PS,"Near Sridhar Nagar, Mysuru",12.3641,76.5864,Insp. Forum Dugar,2024,7,0
KAR/BEN/2024/0331,2025-02-04,10:38:00,property_crime,"Reported incident of property crime at Near Khalsa Zila, Bengaluru Urban.",open,Bengaluru Urban,Bengaluru Urban South PS,"Near Khalsa Zila, Bengaluru Urban",12.9677,77.5453,Insp. Nikita Pant,2025,2,10
KAR/SHI/2024/0332,2024-10-22,05:29:00,vehicle_theft,"Reported incident of vehicle theft at Near Chana Chowk, Shivamogga. Suspect vehicle noticed with plate KA-51-KA-2798.",under_investigation,Shivamogga,Shivamogga Industrial PS,"Near Chana Chowk, Shivamogga",13.8918,75.5437,Insp. Liam Sachdev,2024,10,5
KAR/KAL/2024/0333,2024-03-27,19:55:00,property_crime,"Reported incident of property crime at Near Shetty Street, Kalaburagi.",open,Kalaburagi,Kalaburagi Market PS,"Near Shetty Street, Kalaburagi",17.3571,76.8407,Insp. Aahana Savant,2024,3,19
KAR/CHI/2024/0334,2024-06-10,13:48:00,domestic_violence,"Reported incident of domestic violence at Near Mitra Road, Chikkamagaluru.",open,Chikkamagaluru,Chikkamagaluru Traffic PS,"Near Mitra Road, Chikkamagaluru",13.3079,75.669,Insp. Wishi Verma,2024,6,13
KAR/SHI/2024/0335,2024-02-13,14:55:00,hit_and_run,"Reported incident of hit and run at Near Tella Marg, Shivamogga.",under_investigation,Shivamogga,Shivamogga Suburban PS,"Near Tella Marg, Shivamogga",13.9632,75.6065,Insp. Noah Saha,2024,2,14
KAR/KAL/2024/0336,2025-04-06,01:34:00,robbery,"Reported incident of robbery at Near Narang Circle, Kalaburagi. Suspect vehicle noticed with plate KA-53-KA-2038.",open,Kalaburagi,Kalaburagi Town PS,"Near Narang Circle, Kalaburagi",17.2346,76.8445,Insp. Amruta Brahmbhatt,2025,4,1
KAR/BEN/2024/0337,2024-11-26,12:51:00,hit_and_run,"Reported incident of hit and run at Near Yogi Marg, Bengaluru Urban.",open,Bengaluru Urban,Bengaluru Urban Traffic PS,"Near Yogi Marg, Bengaluru Urban",12.9861,77.656,Insp. Ladli Shroff,2024,11,12
KAR/DAV/2024/0338,2024-03-31,03:18:00,assault,"Reported incident of assault at Near Kaur Nagar, Davangere.",chargesheeted,Davangere,Davangere Town PS,"Near Kaur Nagar, Davangere",14.4145,75.9048,Insp. Yash Dayal,2024,3,3
KAR/KOP/2024/0339,2024-01-09,09:58:00,assault,"Reported incident of assault at Near Sehgal Road, Koppal.",open,Koppal,Koppal Traffic PS,"Near Sehgal Road, Koppal",15.3818,76.2114,Insp. Amol Gade,2024,1,9
KAR/BEN/2024/0340,2025-05-01,12:30:00,chain_snatching,"Reported incident of chain snatching at Near Uppal Marg, Bengaluru Urban. Suspect vehicle noticed with plate KA-11-M-1062.",under_investigation,Bengaluru Urban,Bengaluru Urban North PS,"Near Uppal Marg, Bengaluru Urban",12.9755,77.6012,Insp. Qushi Bail,2025,5,12
KAR/BEN/2024/0341,2024-06-28,02:01:00,vehicle_theft,"Reported incident of vehicle theft at Near Dua Marg, Bengaluru Urban. Suspect vehicle noticed with plate KA-10-P-4899.",under_investigation,Bengaluru Urban,Bengaluru Urban East PS,"Near Dua Marg, Bengaluru Urban",13.0632,77.5704,Insp. Ishanvi Krishna,2024,6,2
KAR/BEN/2024/0342,2024-08-07,15:56:00,vehicle_theft,"Reported incident of vehicle theft at Near Panchal Nagar, Bengaluru Urban. Suspect vehicle noticed with plate KA-48-A-1877.",closed,Bengaluru Urban,Bengaluru Urban Traffic PS,"Near Panchal Nagar, Bengaluru Urban",12.9618,77.6681,Insp. Quincy Karpe,2024,8,15
KAR/HUB/2024/0343,2025-04-11,19:19:00,cybercrime,"Reported incident of cybercrime at Near Nadkarni Circle, Hubballi-Dharwad.",chargesheeted,Hubballi-Dharwad,Hubballi-Dharwad Suburban PS,"Near Nadkarni Circle, Hubballi-Dharwad",15.3978,75.1162,Insp. Ekalinga Chandra,2025,4,19
KAR/KOL/2024/0344,2024-06-28,03:25:00,burglary,"Reported incident of burglary at Near Ghosh Road, Kolar.",under_investigation,Kolar,Kolar Market PS,"Near Ghosh Road, Kolar",13.211,78.2086,Insp. Tanay Khurana,2024,6,3
KAR/BEN/2024/0345,2025-05-08,00:32:00,robbery,"Reported incident of robbery at Near Yohannan Road, Bengaluru Urban. Suspect vehicle noticed with plate KA-01-B-1169.",open,Bengaluru Urban,Bengaluru Urban West PS,"Near Yohannan Road, Bengaluru Urban",12.9124,77.5508,Insp. Xiti Sampath,2025,5,0
KAR/BEN/2024/0346,2024-01-29,05:17:00,assault,"Reported incident of assault at Near Deol Path, Bengaluru Urban.",under_investigation,Bengaluru Urban,Bengaluru Urban South PS,"Near Deol Path, Bengaluru Urban",13.0111,77.5067,Insp. Libni Lad,2024,1,5
KAR/BEN/2024/0347,2025-03-13,15:06:00,vehicle_theft,"Reported incident of vehicle theft at Near Apte, Bengaluru Urban. Suspect vehicle noticed with plate KA-35-KB-3134.",closed,Bengaluru Urban,Bengaluru Urban West PS,"Near Apte, Bengaluru Urban",12.8864,77.5369,Insp. Mugdha Sane,2025,3,15
KAR/BEN/2024/0348,2024-06-03,02:08:00,robbery,"Reported incident of robbery at Near Som Ganj, Bengaluru Urban. Suspect vehicle noticed with plate KA-23-KB-1913.",open,Bengaluru Urban,Bengaluru Urban West PS,"Near Som Ganj, Bengaluru Urban",12.8918,77.5536,Insp. Watika Mallick,2024,6,2
KAR/KOP/2024/0349,2024-06-06,10:28:00,vehicle_theft,"Reported incident of vehicle theft at Near Pant Circle, Koppal. Suspect vehicle noticed with plate KA-38-N-1959.",under_investigation,Koppal,Koppal Town PS,"Near Pant Circle, Koppal",15.2798,76.1973,Insp. Jackson Bhatt,2024,6,10
KAR/MAN/2024/0350,2024-04-05,13:56:00,robbery,"Reported incident of robbery at Near Pandya Street, Mangaluru (Dakshina Kannada). Suspect vehicle noticed with plate KA-23-N-5646.",open,Mangaluru (Dakshina Kannada),Mangaluru (Dakshina Kannada) Town PS,"Near Pandya Street, Mangaluru (Dakshina Kannada)",12.9397,74.9474,Insp. Ranveer Lal,2024,4,13
KAR/SHI/2024/0351,2024-08-20,23:54:00,fraud,"Reported incident of fraud at Near Comar Road, Shivamogga.",open,Shivamogga,Shivamogga Rural PS,"Near Comar Road, Shivamogga",13.9046,75.5614,Insp. Aarush Om,2024,8,23
KAR/HAS/2024/0352,2024-12-13,13:45:00,property_crime,"Reported incident of property crime at Near Trivedi Marg, Hassan.",open,Hassan,Hassan Traffic PS,"Near Trivedi Marg, Hassan",12.9562,76.0328,Insp. Vidhi Ghosh,2024,12,13
KAR/UDU/2024/0353,2024-04-23,23:19:00,vehicle_theft,"Reported incident of vehicle theft at Near Menon Ganj, Udupi. Suspect vehicle noticed with plate KA-35-B-7944.",open,Udupi,Udupi Market PS,"Near Menon Ganj, Udupi",13.3877,74.6672,Insp. Faqid Mohanty,2024,4,23
KAR/DAV/2024/0354,2024-07-21,07:33:00,fraud,"Reported incident of fraud at Near Prabhakar Path, Davangere.",chargesheeted,Davangere,Davangere Industrial PS,"Near Prabhakar Path, Davangere",14.4216,76.005,Insp. Ekansh Sahota,2024,7,7
KAR/KAL/2024/0355,2024-08-14,16:52:00,chain_snatching,"Reported incident of chain snatching at Near Khanna Street, Kalaburagi. Suspect vehicle noticed with plate KA-45-A-4460.",open,Kalaburagi,Kalaburagi Town PS,"Near Khanna Street, Kalaburagi",17.2566,76.8223,Insp. Finn Uppal,2024,8,16
KAR/DAV/2024/0356,2024-12-01,20:23:00,vehicle_theft,"Reported incident of vehicle theft at Near Dayal Path, Davangere. Suspect vehicle noticed with plate KA-04-N-7222.",under_investigation,Davangere,Davangere Suburban PS,"Near Dayal Path, Davangere",14.491,75.9469,Insp. Owen Bahri,2024,12,20
KAR/KOL/2024/0357,2024-09-17,17:55:00,fraud,"Reported incident of fraud at Near Anne Street, Kolar.",open,Kolar,Kolar Traffic PS,"Near Anne Street, Kolar",13.1553,78.0612,Insp. Jagvi Panchal,2024,9,17
KAR/BEN/2024/0358,2024-03-23,17:06:00,robbery,"Reported incident of robbery at Near Devi Path, Bengaluru Urban. Suspect vehicle noticed with plate KA-11-B-1933.",open,Bengaluru Urban,Bengaluru Urban South PS,"Near Devi Path, Bengaluru Urban",13.0118,77.5123,Insp. Arjun Madan,2024,3,17
KAR/HAS/2024/0359,2024-04-02,11:11:00,assault,"Reported incident of assault at Near Balay Zila, Hassan.",under_investigation,Hassan,Hassan Suburban PS,"Near Balay Zila, Hassan",13.0603,76.1163,Insp. Mahika Sethi,2024,4,11
KAR/RAI/2024/0360,2024-12-11,15:05:00,hit_and_run,"Reported incident of hit and run at Near Korpal Zila, Raichur.",chargesheeted,Raichur,Raichur Rural PS,"Near Korpal Zila, Raichur",16.1702,77.2709,Insp. Vedant Basak,2024,12,15
KAR/BEN/2024/0361,2025-02-18,10:40:00,cybercrime,"Reported incident of cybercrime at Near Balakrishnan Chowk, Bengaluru Urban.",open,Bengaluru Urban,Bengaluru Urban South PS,"Near Balakrishnan Chowk, Bengaluru Urban",12.9744,77.5221,Insp. Oliver Ganesh,2025,2,10
KAR/BEN/2024/0362,2024-08-23,00:20:00,assault,"Reported incident of assault at Near Majumdar Path, Bengaluru Urban.",under_investigation,Bengaluru Urban,Bengaluru Urban West PS,"Near Majumdar Path, Bengaluru Urban",12.9323,77.5525,Insp. Aayush Chauhan,2024,8,0
KAR/CHI/2024/0363,2024-10-07,08:53:00,assault,"Reported incident of assault at Near Issac Circle, Chikkamagaluru.",chargesheeted,Chikkamagaluru,Chikkamagaluru Town PS,"Near Issac Circle, Chikkamagaluru",13.3798,75.8444,Insp. Vritti Kulkarni,2024,10,8
KAR/BEN/2024/0364,2024-02-23,10:42:00,assault,"Reported incident of assault at Near Murty Street, Bengaluru Rural.",open,Bengaluru Rural,Bengaluru Rural Central PS,"Near Murty Street, Bengaluru Rural",13.2149,77.5446,Insp. Deepa Purohit,2024,2,10
KAR/RAI/2024/0365,2025-01-05,13:02:00,vehicle_theft,"Reported incident of vehicle theft at Near Nagar Nagar, Raichur. Suspect vehicle noticed with plate KA-27-N-7818.",closed,Raichur,Raichur Market PS,"Near Nagar Nagar, Raichur",16.1748,77.3115,Insp. Yochana Venkatesh,2025,1,13
KAR/KOL/2024/0366,2024-12-21,02:03:00,assault,"Reported incident of assault at Near Kota Chowk, Kolar.",under_investigation,Kolar,Kolar Town PS,"Near Kota Chowk, Kolar",13.2062,78.078,Insp. Hemal Muni,2024,12,2
KAR/KOL/2024/0367,2024-12-09,14:48:00,fraud,"Reported incident of fraud at Near Virk, Kolar.",open,Kolar,Kolar Market PS,"Near Virk, Kolar",13.1897,78.1939,Insp. Darsh Bhalla,2024,12,14
KAR/BEN/2024/0368,2024-11-03,18:53:00,vehicle_theft,"Reported incident of vehicle theft at Near Kari Circle, Bengaluru Urban. Suspect vehicle noticed with plate KA-28-KB-7951.",under_investigation,Bengaluru Urban,Bengaluru Urban North PS,"Near Kari Circle, Bengaluru Urban",12.9281,77.586,Insp. Rachana Kaul,2024,11,18
KAR/MAN/2024/0369,2025-02-19,17:24:00,hit_and_run,"Reported incident of hit and run at Near Pathak Circle, Mangaluru (Dakshina Kannada).",under_investigation,Mangaluru (Dakshina Kannada),Mangaluru (Dakshina Kannada) Market PS,"Near Pathak Circle, Mangaluru (Dakshina Kannada)",12.9777,74.9002,Insp. Ridhi Chhabra,2025,2,17
KAR/BEN/2024/0370,2024-10-25,12:53:00,vehicle_theft,"Reported incident of vehicle theft at Near Balan Circle, Bengaluru Urban. Suspect vehicle noticed with plate KA-41-N-2597.",open,Bengaluru Urban,Bengaluru Urban West PS,"Near Balan Circle, Bengaluru Urban",12.8912,77.5559,Insp. Aarav Garg,2024,10,12
KAR/BEN/2024/0371,2025-04-30,00:18:00,robbery,"Reported incident of robbery at Near Rout Circle, Bengaluru Rural. Suspect vehicle noticed with plate KA-47-KB-3565.",open,Bengaluru Rural,Bengaluru Rural East PS,"Near Rout Circle, Bengaluru Rural",13.2287,77.5247,Insp. Yahvi Bahri,2025,4,0
KAR/BEN/2024/0372,2025-04-21,01:50:00,assault,"Reported incident of assault at Near Bhagat Marg, Bengaluru Rural.",under_investigation,Bengaluru Rural,Bengaluru Rural Traffic PS,"Near Bhagat Marg, Bengaluru Rural",13.2906,77.5183,Insp. Tanvi Gandhi,2025,4,1
KAR/BEN/2024/0373,2025-04-25,04:09:00,fraud,"Reported incident of fraud at Near Boase Zila, Bengaluru Urban.",under_investigation,Bengaluru Urban,Bengaluru Urban South PS,"Near Boase Zila, Bengaluru Urban",12.9915,77.525,Insp. Oliver Rajan,2025,4,4
KAR/BEN/2024/0374,2024-10-04,01:53:00,vehicle_theft,"Reported incident of vehicle theft at Near Kapadia, Bengaluru Urban. Suspect vehicle noticed with plate KA-18-M-7016.",under_investigation,Bengaluru Urban,Bengaluru Urban East PS,"Near Kapadia, Bengaluru Urban",13.0604,77.6208,Insp. Krisha Deshmukh,2024,10,1
KAR/BEN/2024/0375,2024-10-19,05:14:00,burglary,"Reported incident of burglary at Near Dugal Street, Bengaluru Rural.",open,Bengaluru Rural,Bengaluru Rural North PS,"Near Dugal Street, Bengaluru Rural",13.204,77.5484,Insp. Kashish Natt,2024,10,5
KAR/BEN/2024/0376,2024-08-18,10:09:00,burglary,"Reported incident of burglary at Near Chander Path, Bengaluru Rural.",under_investigation,Bengaluru Rural,Bengaluru Rural East PS,"Near Chander Path, Bengaluru Rural",13.2395,77.5335,Insp. Warda Om,2024,8,10
KAR/BEN/2024/0377,2024-04-25,05:53:00,robbery,"Reported incident of robbery at Near Bhakta Ganj, Bengaluru Urban. Suspect vehicle noticed with plate KA-04-KB-9375.",chargesheeted,Bengaluru Urban,Bengaluru Urban Traffic PS,"Near Bhakta Ganj, Bengaluru Urban",12.9729,77.6619,Insp. Chandresh Vohra,2024,4,5
KAR/MAN/2024/0378,2024-10-13,06:53:00,vehicle_theft,"Reported incident of vehicle theft at Near Pall Street, Mandya. Suspect vehicle noticed with plate KA-04-N-2295.",closed,Mandya,Mandya Industrial PS,"Near Pall Street, Mandya",12.5429,76.9389,Insp. Yatan Sarma,2024,10,6
KAR/BEN/2024/0379,2025-05-30,04:00:00,cybercrime,"Reported incident of cybercrime at Near Ray Circle, Bengaluru Urban.",chargesheeted,Bengaluru Urban,Bengaluru Urban Traffic PS,"Near Ray Circle, Bengaluru Urban",12.972,77.6431,Insp. Fariq Vala,2025,5,4
KAR/BEL/2024/0380,2024-11-16,18:01:00,senior_citizen_crime,"Reported incident of senior citizen crime at Near Gara Marg, Belagavi.",open,Belagavi,Belagavi Market PS,"Near Gara Marg, Belagavi",15.8042,74.4872,Insp. Krish Chaudhari,2024,11,18
KAR/BEL/2024/0381,2024-01-16,17:08:00,burglary,"Reported incident of burglary at Near Kade Path, Belagavi.",chargesheeted,Belagavi,Belagavi Suburban PS,"Near Kade Path, Belagavi",15.8239,74.4598,Insp. Eshana Murty,2024,1,17
KAR/BEN/2024/0382,2024-07-09,05:55:00,burglary,"Reported incident of burglary at Near Narayanan Road, Bengaluru Urban.",chargesheeted,Bengaluru Urban,Bengaluru Urban East PS,"Near Narayanan Road, Bengaluru Urban",13.0656,77.6048,Insp. Azad Korpal,2024,7,5
KAR/SHI/2024/0383,2025-04-21,05:52:00,vehicle_theft,"Reported incident of vehicle theft at Near Kata, Shivamogga. Suspect vehicle noticed with plate KA-03-P-6129.",open,Shivamogga,Shivamogga Town PS,"Near Kata, Shivamogga",13.9733,75.6652,Insp. Yuvraj Mann,2025,4,5
KAR/BEN/2024/0384,2025-05-10,12:49:00,drug_offence,"Reported incident of drug offence at Near Randhawa Nagar, Bengaluru Urban.",under_investigation,Bengaluru Urban,Bengaluru Urban South PS,"Near Randhawa Nagar, Bengaluru Urban",12.9811,77.5023,Insp. Raksha Chaudry,2025,5,12
KAR/BEN/2024/0385,2025-01-12,23:43:00,cybercrime,"Reported incident of cybercrime at Near Dara Path, Bengaluru Urban.",under_investigation,Bengaluru Urban,Bengaluru Urban East PS,"Near Dara Path, Bengaluru Urban",13.0778,77.5992,Insp. Umang Puri,2025,1,23
KAR/MAN/2024/0386,2024-10-24,20:49:00,vehicle_theft,"Reported incident of vehicle theft at Near Murthy, Mangaluru (Dakshina Kannada). Suspect vehicle noticed with plate KA-49-B-6806.",under_investigation,Mangaluru (Dakshina Kannada),Mangaluru (Dakshina Kannada) Suburban PS,"Near Murthy, Mangaluru (Dakshina Kannada)",12.8457,74.9034,Insp. Gopal Ramanathan,2024,10,20
KAR/CHI/2024/0387,2024-05-08,05:46:00,robbery,"Reported incident of robbery at Near Memon Road, Chikkamagaluru. Suspect vehicle noticed with plate KA-08-A-8184.",open,Chikkamagaluru,Chikkamagaluru Traffic PS,"Near Memon Road, Chikkamagaluru",13.3288,75.6802,Insp. Krisha Sridhar,2024,5,5
KAR/MAN/2024/0388,2024-07-25,13:45:00,robbery,"Reported incident of robbery at Near Modi Path, Mangaluru (Dakshina Kannada). Suspect vehicle noticed with plate KA-21-KA-8262.",closed,Mangaluru (Dakshina Kannada),Mangaluru (Dakshina Kannada) Market PS,"Near Modi Path, Mangaluru (Dakshina Kannada)",12.9935,74.8788,Insp. Yuvraj Ben,2024,7,13
KAR/KAL/2024/0389,2024-09-23,13:06:00,burglary,"Reported incident of burglary at Near Mand Nagar, Kalaburagi.",open,Kalaburagi,Kalaburagi Rural PS,"Near Mand Nagar, Kalaburagi",17.2433,76.7615,Insp. Falan Shah,2024,9,13
KAR/TUM/2024/0390,2024-02-17,02:46:00,robbery,"Reported incident of robbery at Near Tata Chowk, Tumakuru. Suspect vehicle noticed with plate KA-54-M-2014.",under_investigation,Tumakuru,Tumakuru Industrial PS,"Near Tata Chowk, Tumakuru",13.3164,77.0763,Insp. Ayaan Samra,2024,2,2
KAR/BEN/2024/0391,2024-06-08,19:56:00,chain_snatching,"Reported incident of chain snatching at Near Bhandari Path, Bengaluru Urban. Suspect vehicle noticed with plate KA-34-B-5632.",open,Bengaluru Urban,Bengaluru Urban South PS,"Near Bhandari Path, Bengaluru Urban",13.0086,77.5004,Insp. Agastya Badal,2024,6,19
KAR/KOL/2024/0392,2025-02-22,16:39:00,chain_snatching,"Reported incident of chain snatching at Near Ghosh Road, Kolar. Suspect vehicle noticed with plate KA-26-M-5975.",open,Kolar,Kolar Industrial PS,"Near Ghosh Road, Kolar",13.1465,78.1546,Insp. Faras Singh,2025,2,16
KAR/RAI/2024/0393,2024-07-16,03:47:00,cybercrime,"Reported incident of cybercrime at Near Shankar Zila, Raichur.",open,Raichur,Raichur Suburban PS,"Near Shankar Zila, Raichur",16.3073,77.3093,Insp. Harish Lal,2024,7,3
KAR/HUB/2024/0394,2025-01-17,19:52:00,burglary,"Reported incident of burglary at Near Dass Marg, Hubballi-Dharwad.",under_investigation,Hubballi-Dharwad,Hubballi-Dharwad Market PS,"Near Dass Marg, Hubballi-Dharwad",15.3574,75.1575,Insp. Aadhya Deshpande,2025,1,19
KAR/BEN/2024/0395,2025-03-23,19:00:00,vehicle_theft,"Reported incident of vehicle theft at Near Samra Zila, Bengaluru Urban. Suspect vehicle noticed with plate KA-29-N-1021.",chargesheeted,Bengaluru Urban,Bengaluru Urban North PS,"Near Samra Zila, Bengaluru Urban",12.954,77.5886,Insp. Sai Krish,2025,3,19
KAR/BEN/2024/0396,2024-04-26,23:17:00,burglary,"Reported incident of burglary at Near Banik Marg, Bengaluru Urban.",chargesheeted,Bengaluru Urban,Bengaluru Urban North PS,"Near Banik Marg, Bengaluru Urban",12.9473,77.5825,Insp. Nihal Narain,2024,4,23
KAR/KOL/2024/0397,2024-11-16,15:14:00,chain_snatching,"Reported incident of chain snatching at Near Sidhu Road, Kolar. Suspect vehicle noticed with plate KA-47-B-9827.",open,Kolar,Kolar Traffic PS,"Near Sidhu Road, Kolar",13.1952,78.0773,Insp. Chanakya Pingle,2024,11,15
KAR/KAL/2024/0398,2024-03-26,12:39:00,fraud,"Reported incident of fraud at Near Naik Marg, Kalaburagi.",under_investigation,Kalaburagi,Kalaburagi Town PS,"Near Naik Marg, Kalaburagi",17.2712,76.8646,Insp. Lakshmi Mandal,2024,3,12
KAR/RAI/2024/0399,2024-09-25,18:49:00,fraud,"Reported incident of fraud at Near Bhakta Circle, Raichur.",under_investigation,Raichur,Raichur Market PS,"Near Bhakta Circle, Raichur",16.1465,77.3072,Insp. Tripti Parsa,2024,9,18
KAR/BEN/2024/0400,2024-11-25,18:42:00,vehicle_theft,"Reported incident of vehicle theft at Near Hans Circle, Bengaluru Rural. Suspect vehicle noticed with plate KA-42-B-7543.",under_investigation,Bengaluru Rural,Bengaluru Rural North PS,"Near Hans Circle, Bengaluru Rural",13.2069,77.5322,Insp. Oscar Magar,2024,11,18
KAR/BEN/2024/0401,2025-01-26,12:40:00,fraud,"Reported incident of fraud at Near Dhar Zila, Bengaluru Urban.",open,Bengaluru Urban,Bengaluru Urban Central PS,"Near Dhar Zila, Bengaluru Urban",12.9149,77.5727,Insp. Avni Choudhary,2025,1,12
KAR/BEL/2024/0402,2025-02-22,02:04:00,drug_offence,"Reported incident of drug offence at Near Kaul Marg, Belagavi.",open,Belagavi,Belagavi Market PS,"Near Kaul Marg, Belagavi",15.7738,74.4859,Insp. Zansi Rajan,2025,2,2
KAR/BEN/2024/0403,2024-07-09,06:45:00,domestic_violence,"Reported incident of domestic violence at Near Dugar, Bengaluru Urban.",under_investigation,Bengaluru Urban,Bengaluru Urban Central PS,"Near Dugar, Bengaluru Urban",12.9368,77.5875,Insp. Madhav Dhar,2024,7,6
KAR/HUB/2024/0404,2024-06-29,08:16:00,robbery,"Reported incident of robbery at Near Nadig Circle, Hubballi-Dharwad. Suspect vehicle noticed with plate KA-54-P-8524.",open,Hubballi-Dharwad,Hubballi-Dharwad Town PS,"Near Nadig Circle, Hubballi-Dharwad",15.3871,75.1561,Insp. Ucchal Choudhary,2024,6,8
KAR/KOL/2024/0405,2024-10-27,17:18:00,robbery,"Reported incident of robbery at Near Sahota, Kolar. Suspect vehicle noticed with plate KA-49-P-7477.",open,Kolar,Kolar Town PS,"Near Sahota, Kolar",13.1971,78.0827,Insp. William Nayar,2024,10,17
KAR/BEN/2024/0406,2025-04-08,20:37:00,murder,"Reported incident of murder at Near Basu Chowk, Bengaluru Urban.",open,Bengaluru Urban,Bengaluru Urban North PS,"Near Basu Chowk, Bengaluru Urban",12.9737,77.5863,Insp. Peter Shenoy,2025,4,20
KAR/BEN/2024/0407,2024-04-20,14:08:00,burglary,"Reported incident of burglary at Near Nadkarni Circle, Bengaluru Urban.",open,Bengaluru Urban,Bengaluru Urban East PS,"Near Nadkarni Circle, Bengaluru Urban",13.033,77.576,Insp. Bhanumati Dhar,2024,4,14
KAR/MYS/2024/0408,2024-09-05,12:25:00,eve_teasing,"Reported incident of eve teasing at Near Mahajan Ganj, Mysuru.",under_investigation,Mysuru,Mysuru North PS,"Near Mahajan Ganj, Mysuru",12.2144,76.6126,Insp. Charvi Dara,2024,9,12
KAR/BEN/2024/0409,2024-04-22,00:14:00,burglary,"Reported incident of burglary at Near Pandya Path, Bengaluru Urban.",open,Bengaluru Urban,Bengaluru Urban North PS,"Near Pandya Path, Bengaluru Urban",12.9679,77.5763,Insp. Agastya Thakur,2024,4,0
KAR/VIJ/2024/0410,2024-03-11,15:03:00,fraud,"Reported incident of fraud at Near Raj Chowk, Vijayapura.",open,Vijayapura,Vijayapura Rural PS,"Near Raj Chowk, Vijayapura",16.8596,75.6509,Insp. Varenya Virk,2024,3,15
KAR/KAL/2024/0411,2024-10-30,17:47:00,vehicle_theft,"Reported incident of vehicle theft at Near Grewal Circle, Kalaburagi. Suspect vehicle noticed with plate KA-22-N-9512.",under_investigation,Kalaburagi,Kalaburagi Industrial PS,"Near Grewal Circle, Kalaburagi",17.2855,76.9034,Insp. Fitan Chaudry,2024,10,17
KAR/MAN/2024/0412,2024-03-03,22:08:00,fraud,"Reported incident of fraud at Near Boase Street, Mangaluru (Dakshina Kannada).",open,Mangaluru (Dakshina Kannada),Mangaluru (Dakshina Kannada) Industrial PS,"Near Boase Street, Mangaluru (Dakshina Kannada)",12.8762,74.8567,Insp. Wishi Kakar,2024,3,22
KAR/SHI/2024/0413,2024-02-02,05:20:00,robbery,"Reported incident of robbery at Near Nagarajan, Shivamogga. Suspect vehicle noticed with plate KA-49-P-6807.",open,Shivamogga,Shivamogga Suburban PS,"Near Nagarajan, Shivamogga",13.9422,75.6178,Insp. Atharv Barman,2024,2,5
KAR/KOP/2024/0414,2024-06-30,15:46:00,cybercrime,"Reported incident of cybercrime at Near Dada, Koppal.",under_investigation,Koppal,Koppal Market PS,"Near Dada, Koppal",15.3997,76.2108,Insp. Gunbir Venkatesh,2024,6,15
KAR/BAL/2024/0415,2024-03-21,19:04:00,robbery,"Reported incident of robbery at Near Jha Road, Ballari. Suspect vehicle noticed with plate KA-52-KB-9617.",open,Ballari,Ballari Town PS,"Near Jha Road, Ballari",15.118,77.0076,Insp. Dominic Kari,2024,3,19
KAR/RAI/2024/0416,2025-05-21,21:18:00,fraud,"Reported incident of fraud at Near Loke Marg, Raichur.",open,Raichur,Raichur Industrial PS,"Near Loke Marg, Raichur",16.2453,77.3942,Insp. Vedant Aurora,2025,5,21
KAR/TUM/2024/0417,2025-02-18,22:27:00,drug_offence,"Reported incident of drug offence at Near Jain Road, Tumakuru.",under_investigation,Tumakuru,Tumakuru Suburban PS,"Near Jain Road, Tumakuru",13.3314,77.1308,Insp. Damyanti Butala,2025,2,22
KAR/BEN/2024/0418,2024-01-25,00:08:00,fraud,"Reported incident of fraud at Near Ganesan Nagar, Bengaluru Urban.",open,Bengaluru Urban,Bengaluru Urban North PS,"Near Ganesan Nagar, Bengaluru Urban",12.9646,77.5974,Insp. Ekapad Narayanan,2024,1,0
KAR/SHI/2024/0419,2024-08-13,05:44:00,assault,"Reported incident of assault at Near Manda Circle, Shivamogga.",open,Shivamogga,Shivamogga Traffic PS,"Near Manda Circle, Shivamogga",13.9749,75.5945,Insp. Fariq Kamdar,2024,8,5
KAR/KOL/2024/0420,2025-01-04,17:35:00,vehicle_theft,"Reported incident of vehicle theft at Near Deol Zila, Kolar. Suspect vehicle noticed with plate KA-52-P-1503.",under_investigation,Kolar,Kolar Market PS,"Near Deol Zila, Kolar",13.2076,78.2224,Insp. Brijesh Tripathi,2025,1,17
KAR/BID/2024/0421,2024-05-28,01:56:00,cybercrime,"Reported incident of cybercrime at Near Date Marg, Bidar.",open,Bidar,Bidar Traffic PS,"Near Date Marg, Bidar",17.8553,77.4402,Insp. Damyanti Viswanathan,2024,5,1
KAR/BID/2024/0422,2025-02-09,06:16:00,vehicle_theft,"Reported incident of vehicle theft at Near Tata Path, Bidar. Suspect vehicle noticed with plate KA-09-N-2549.",open,Bidar,Bidar Town PS,"Near Tata Path, Bidar",17.9757,77.5688,Insp. Michael Saini,2025,2,6
KAR/MAN/2024/0423,2025-05-25,09:35:00,assault,"Reported incident of assault at Near Narasimhan Zila, Mangaluru (Dakshina Kannada).",open,Mangaluru (Dakshina Kannada),Mangaluru (Dakshina Kannada) Industrial PS,"Near Narasimhan Zila, Mangaluru (Dakshina Kannada)",12.8917,74.8815,Insp. David Gupta,2025,5,9
KAR/TUM/2024/0424,2024-05-13,22:23:00,fraud,"Reported incident of fraud at Near Gera Marg, Tumakuru.",chargesheeted,Tumakuru,Tumakuru Town PS,"Near Gera Marg, Tumakuru",13.2408,77.0911,Insp. Aradhana Naidu,2024,5,22
KAR/BEN/2024/0425,2024-09-25,18:04:00,cybercrime,"Reported incident of cybercrime at Near Shetty Marg, Bengaluru Urban.",chargesheeted,Bengaluru Urban,Bengaluru Urban East PS,"Near Shetty Marg, Bengaluru Urban",13.0636,77.6019,Insp. Andrew Suresh,2024,9,18
KAR/TUM/2024/0426,2024-01-23,17:07:00,chain_snatching,"Reported incident of chain snatching at Near Hora Path, Tumakuru. Suspect vehicle noticed with plate KA-34-KB-2830.",open,Tumakuru,Tumakuru Rural PS,"Near Hora Path, Tumakuru",13.3249,77.1088,Insp. Tripti Kumer,2024,1,17
KAR/CHI/2024/0427,2024-07-05,07:42:00,senior_citizen_crime,"Reported incident of senior citizen crime at Near Chanda, Chikkamagaluru.",under_investigation,Chikkamagaluru,Chikkamagaluru Town PS,"Near Chanda, Chikkamagaluru",13.349,75.8448,Insp. Jeet Misra,2024,7,7
KAR/BEN/2024/0428,2024-12-27,22:31:00,hit_and_run,"Reported incident of hit and run at Near Natt Path, Bengaluru Urban.",open,Bengaluru Urban,Bengaluru Urban East PS,"Near Natt Path, Bengaluru Urban",13.0602,77.5672,Insp. Odika Grewal,2024,12,22
KAR/BEN/2024/0429,2024-08-19,05:05:00,burglary,"Reported incident of burglary at Near Kakar Circle, Bengaluru Urban.",chargesheeted,Bengaluru Urban,Bengaluru Urban North PS,"Near Kakar Circle, Bengaluru Urban",12.9517,77.5885,Insp. Udant Sangha,2024,8,5
KAR/BEN/2024/0430,2024-04-27,12:50:00,burglary,"Reported incident of burglary at Near Sastry, Bengaluru Urban.",open,Bengaluru Urban,Bengaluru Urban Central PS,"Near Sastry, Bengaluru Urban",12.9337,77.5605,Insp. Vivaan Patil,2024,4,12
KAR/BEN/2024/0431,2025-04-03,18:17:00,burglary,"Reported incident of burglary at Near Thakur Street, Bengaluru Urban.",open,Bengaluru Urban,Bengaluru Urban South PS,"Near Thakur Street, Bengaluru Urban",12.9613,77.5228,Insp. Urvashi Kunda,2025,4,18
KAR/BEN/2024/0432,2024-03-09,18:42:00,cybercrime,"Reported incident of cybercrime at Near Nagy Road, Bengaluru Rural.",open,Bengaluru Rural,Bengaluru Rural North PS,"Near Nagy Road, Bengaluru Rural",13.2471,77.5074,Insp. Radha Raval,2024,3,18
KAR/CHI/2024/0433,2024-10-22,02:22:00,vehicle_theft,"Reported incident of vehicle theft at Near Shenoy Marg, Chikkamagaluru. Suspect vehicle noticed with plate KA-52-KB-3829.",open,Chikkamagaluru,Chikkamagaluru Industrial PS,"Near Shenoy Marg, Chikkamagaluru",13.2922,75.8159,Insp. Kashish Varkey,2024,10,2
KAR/DAV/2024/0434,2024-10-22,01:22:00,vehicle_theft,"Reported incident of vehicle theft at Near Suresh Zila, Davangere. Suspect vehicle noticed with plate KA-20-KB-3743.",open,Davangere,Davangere Rural PS,"Near Suresh Zila, Davangere",14.3745,75.8741,Insp. Ikbal Khurana,2024,10,1
KAR/MAN/2024/0435,2024-02-19,06:31:00,cybercrime,"Reported incident of cybercrime at Near Kaul Marg, Mandya.",open,Mandya,Mandya Traffic PS,"Near Kaul Marg, Mandya",12.5252,76.907,Insp. Utkarsh Goyal,2024,2,6
KAR/KAL/2024/0436,2024-02-07,12:23:00,cybercrime,"Reported incident of cybercrime at Near Ram Circle, Kalaburagi.",chargesheeted,Kalaburagi,Kalaburagi Town PS,"Near Ram Circle, Kalaburagi",17.2662,76.8677,Insp. Yamini Murty,2024,2,12
KAR/BEN/2024/0437,2024-09-12,19:22:00,assault,"Reported incident of assault at Near Jayaraman Street, Bengaluru Urban.",open,Bengaluru Urban,Bengaluru Urban Central PS,"Near Jayaraman Street, Bengaluru Urban",12.9502,77.5782,Insp. Ishani Guha,2024,9,19
KAR/HUB/2024/0438,2024-12-29,23:39:00,domestic_violence,"Reported incident of domestic violence at Near Sengupta, Hubballi-Dharwad.",open,Hubballi-Dharwad,Hubballi-Dharwad Rural PS,"Near Sengupta, Hubballi-Dharwad",15.2936,75.1658,Insp. Naveen Vaidya,2024,12,23
KAR/KAL/2024/0439,2024-12-03,03:48:00,vehicle_theft,"Reported incident of vehicle theft at Near Gill, Kalaburagi. Suspect vehicle noticed with plate KA-37-B-1369.",chargesheeted,Kalaburagi,Kalaburagi Town PS,"Near Gill, Kalaburagi",17.2812,76.8635,Insp. Dayita Jayaraman,2024,12,3
KAR/BEN/2024/0440,2024-02-07,22:44:00,kidnapping,"Reported incident of kidnapping at Near Kohli Road, Bengaluru Urban.",open,Bengaluru Urban,Bengaluru Urban Central PS,"Near Kohli Road, Bengaluru Urban",12.9234,77.6052,Insp. Charan Bassi,2024,2,22
KAR/BEN/2024/0441,2024-10-22,12:53:00,eve_teasing,"Reported incident of eve teasing at Near Dube Chowk, Bengaluru Urban.",chargesheeted,Bengaluru Urban,Bengaluru Urban Traffic PS,"Near Dube Chowk, Bengaluru Urban",12.9882,77.6764,Insp. Wyatt Sharaf,2024,10,12
KAR/KAL/2024/0442,2024-11-26,18:59:00,cybercrime,"Reported incident of cybercrime at Near Sule Path, Kalaburagi.",open,Kalaburagi,Kalaburagi Market PS,"Near Sule Path, Kalaburagi",17.3221,76.8352,Insp. Anmol Chokshi,2024,11,18
KAR/BAL/2024/0443,2024-01-24,13:09:00,drug_offence,"Reported incident of drug offence at Near Wagle Zila, Ballari.",under_investigation,Ballari,Ballari Traffic PS,"Near Wagle Zila, Ballari",15.1693,76.8405,Insp. Om Raj,2024,1,13
KAR/MAN/2024/0444,2025-05-24,02:21:00,vehicle_theft,"Reported incident of vehicle theft at Near Gaba Chowk, Mandya. Suspect vehicle noticed with plate KA-25-A-6377.",open,Mandya,Mandya Traffic PS,"Near Gaba Chowk, Mandya",12.5377,76.9339,Insp. Maanas Roy,2025,5,2
KAR/MAN/2024/0445,2025-01-23,03:40:00,cybercrime,"Reported incident of cybercrime at Near Lala Zila, Mangaluru (Dakshina Kannada).",under_investigation,Mangaluru (Dakshina Kannada),Mangaluru (Dakshina Kannada) Rural PS,"Near Lala Zila, Mangaluru (Dakshina Kannada)",12.899,74.7937,Insp. Yashawini Nigam,2025,1,3
KAR/RAI/2024/0446,2024-11-15,02:07:00,robbery,"Reported incident of robbery at Near Acharya Ganj, Raichur. Suspect vehicle noticed with plate KA-14-N-6298.",open,Raichur,Raichur Rural PS,"Near Acharya Ganj, Raichur",16.1462,77.2565,Insp. Krishna Thaman,2024,11,2
KAR/BEN/2024/0447,2024-03-19,17:07:00,burglary,"Reported incident of burglary at Near Sodhi Circle, Bengaluru Urban.",open,Bengaluru Urban,Bengaluru Urban West PS,"Near Sodhi Circle, Bengaluru Urban",12.8881,77.5632,Insp. Jagat Kala,2024,3,17
KAR/BEN/2024/0448,2024-12-29,08:49:00,cybercrime,"Reported incident of cybercrime at Near Soman Ganj, Bengaluru Urban.",open,Bengaluru Urban,Bengaluru Urban South PS,"Near Soman Ganj, Bengaluru Urban",13.0155,77.542,Insp. Rachita Subramanian,2024,12,8
KAR/CHI/2024/0449,2024-10-04,15:56:00,drug_offence,"Reported incident of drug offence at Near Sahota Path, Chikkamagaluru.",under_investigation,Chikkamagaluru,Chikkamagaluru Industrial PS,"Near Sahota Path, Chikkamagaluru",13.3316,75.8142,Insp. Libni Mital,2024,10,15
KAR/BEN/2024/0450,2024-05-10,14:08:00,burglary,"Reported incident of burglary at Near Issac, Bengaluru Urban.",open,Bengaluru Urban,Bengaluru Urban Traffic PS,"Near Issac, Bengaluru Urban",12.9491,77.6355,Insp. Vidhi Bains,2024,5,14
KAR/BEN/2024/0451,2024-04-04,10:03:00,robbery,"Reported incident of robbery at Near Om Street, Bengaluru Urban. Suspect vehicle noticed with plate KA-38-KA-9078.",under_investigation,Bengaluru Urban,Bengaluru Urban Traffic PS,"Near Om Street, Bengaluru Urban",12.9591,77.6374,Insp. Jagvi Deo,2024,4,10
KAR/BEL/2024/0452,2024-07-02,10:52:00,vehicle_theft,"Reported incident of vehicle theft at Near Soman Nagar, Belagavi. Suspect vehicle noticed with plate KA-22-A-6055.",under_investigation,Belagavi,Belagavi Market PS,"Near Soman Nagar, Belagavi",15.7615,74.5083,Insp. Gautami Taneja,2024,7,10
KAR/BAL/2024/0453,2024-11-06,08:25:00,vehicle_theft,"Reported incident of vehicle theft at Near Halder Circle, Ballari. Suspect vehicle noticed with plate KA-27-M-8844.",under_investigation,Ballari,Ballari Suburban PS,"Near Halder Circle, Ballari",15.1777,76.9564,Insp. Oni Trivedi,2024,11,8
KAR/BEN/2024/0454,2024-03-27,02:39:00,property_crime,"Reported incident of property crime at Near Sur Path, Bengaluru Rural.",chargesheeted,Bengaluru Rural,Bengaluru Rural East PS,"Near Sur Path, Bengaluru Rural",13.2781,77.5075,Insp. Omaja Ranganathan,2024,3,2
KAR/MAN/2024/0455,2025-02-12,23:06:00,chain_snatching,"Reported incident of chain snatching at Near Soman Street, Mangaluru (Dakshina Kannada). Suspect vehicle noticed with plate KA-35-KA-6388.",open,Mangaluru (Dakshina Kannada),Mangaluru (Dakshina Kannada) Traffic PS,"Near Soman Street, Mangaluru (Dakshina Kannada)",12.9451,74.9416,Insp. Nathaniel Sathe,2025,2,23
KAR/BEN/2024/0456,2024-05-20,11:33:00,vehicle_theft,"Reported incident of vehicle theft at Near Subramaniam Ganj, Bengaluru Urban. Suspect vehicle noticed with plate KA-34-A-6667.",chargesheeted,Bengaluru Urban,Bengaluru Urban West PS,"Near Subramaniam Ganj, Bengaluru Urban",12.9331,77.5472,Insp. Ekavir Apte,2024,5,11
KAR/SHI/2024/0457,2024-12-12,17:45:00,domestic_violence,"Reported incident of domestic violence at Near Chokshi Road, Shivamogga.",chargesheeted,Shivamogga,Shivamogga Suburban PS,"Near Chokshi Road, Shivamogga",13.9832,75.5864,Insp. Gabriel Kota,2024,12,17
KAR/BEN/2024/0458,2024-11-14,06:32:00,vehicle_theft,"Reported incident of vehicle theft at Near Pradhan Zila, Bengaluru Urban. Suspect vehicle noticed with plate KA-35-P-5923.",closed,Bengaluru Urban,Bengaluru Urban North PS,"Near Pradhan Zila, Bengaluru Urban",12.9755,77.5811,Insp. Hemang Kapoor,2024,11,6
KAR/UDU/2024/0459,2025-03-10,19:24:00,cybercrime,"Reported incident of cybercrime at Near Doctor Chowk, Udupi.",open,Udupi,Udupi Industrial PS,"Near Doctor Chowk, Udupi",13.311,74.7097,Insp. Niharika Pandit,2025,3,19
KAR/BEN/2024/0460,2024-08-10,06:53:00,eve_teasing,"Reported incident of eve teasing at Near Sen Circle, Bengaluru Urban.",open,Bengaluru Urban,Bengaluru Urban South PS,"Near Sen Circle, Bengaluru Urban",12.9932,77.5333,Insp. Ryan Ramakrishnan,2024,8,6
KAR/BEN/2024/0461,2024-02-07,20:48:00,fraud,"Reported incident of fraud at Near Bahri Circle, Bengaluru Urban.",under_investigation,Bengaluru Urban,Bengaluru Urban West PS,"Near Bahri Circle, Bengaluru Urban",12.8999,77.5878,Insp. Tara Dada,2024,2,20
KAR/MYS/2024/0462,2024-02-06,14:09:00,burglary,"Reported incident of burglary at Near Comar Zila, Mysuru.",chargesheeted,Mysuru,Mysuru Central PS,"Near Comar Zila, Mysuru",12.1917,76.7183,Insp. Wyatt Bhattacharyya,2024,2,14
KAR/MYS/2024/0463,2025-02-01,17:19:00,vehicle_theft,"Reported incident of vehicle theft at Near Rana Path, Mysuru. Suspect vehicle noticed with plate KA-40-M-5776.",under_investigation,Mysuru,Mysuru South PS,"Near Rana Path, Mysuru",12.2277,76.6045,Insp. Isha Shanker,2025,2,17
KAR/KOP/2024/0464,2024-04-18,12:18:00,fraud,"Reported incident of fraud at Near Joshi Marg, Koppal.",chargesheeted,Koppal,Koppal Town PS,"Near Joshi Marg, Koppal",15.2875,76.2034,Insp. Anika Kadakia,2024,4,12
KAR/BAL/2024/0465,2024-05-28,23:19:00,fraud,"Reported incident of fraud at Near Nayar Circle, Ballari.",open,Ballari,Ballari Industrial PS,"Near Nayar Circle, Ballari",15.1288,76.902,Insp. Siya Brar,2024,5,23
KAR/KOP/2024/0466,2024-08-14,19:50:00,cybercrime,"Reported incident of cybercrime at Near Suresh Road, Koppal.",chargesheeted,Koppal,Koppal Industrial PS,"Near Suresh Road, Koppal",15.3118,76.1752,Insp. Aayush Hegde,2024,8,19
KAR/BID/2024/0467,2025-01-21,09:15:00,vehicle_theft,"Reported incident of vehicle theft at Near Mall, Bidar. Suspect vehicle noticed with plate KA-18-A-8910.",closed,Bidar,Bidar Suburban PS,"Near Mall, Bidar",17.9251,77.5464,Insp. Omkaar Venkatesh,2025,1,9
KAR/BEN/2024/0468,2024-12-11,08:04:00,vehicle_theft,"Reported incident of vehicle theft at Near Badal Street, Bengaluru Urban. Suspect vehicle noticed with plate KA-20-M-8198.",chargesheeted,Bengaluru Urban,Bengaluru Urban South PS,"Near Badal Street, Bengaluru Urban",12.9706,77.5463,Insp. Urmi Dash,2024,12,8
KAR/BEN/2024/0469,2024-05-02,19:23:00,assault,"Reported incident of assault at Near Majumdar Ganj, Bengaluru Rural.",open,Bengaluru Rural,Bengaluru Rural East PS,"Near Majumdar Ganj, Bengaluru Rural",13.2477,77.5145,Insp. Ekbal Dugar,2024,5,19
KAR/BEN/2024/0470,2024-11-15,16:29:00,fraud,"Reported incident of fraud at Near Murthy Chowk, Bengaluru Urban.",under_investigation,Bengaluru Urban,Bengaluru Urban Central PS,"Near Murthy Chowk, Bengaluru Urban",12.9252,77.5698,Insp. Nathan Prasad,2024,11,16
KAR/BEN/2024/0471,2024-01-06,20:45:00,drug_offence,"Reported incident of drug offence at Near Memon Marg, Bengaluru Urban.",open,Bengaluru Urban,Bengaluru Urban Traffic PS,"Near Memon Marg, Bengaluru Urban",12.9453,77.6741,Insp. Vinaya Apte,2024,1,20
KAR/BEN/2024/0472,2024-01-16,18:19:00,chain_snatching,"Reported incident of chain snatching at Near Dar Path, Bengaluru Urban. Suspect vehicle noticed with plate KA-44-M-9158.",under_investigation,Bengaluru Urban,Bengaluru Urban North PS,"Near Dar Path, Bengaluru Urban",12.948,77.6266,Insp. Isaiah Guha,2024,1,18
KAR/KOL/2024/0473,2024-01-26,16:11:00,drug_offence,"Reported incident of drug offence at Near Nair Marg, Kolar.",open,Kolar,Kolar Rural PS,"Near Nair Marg, Kolar",13.1903,78.0848,Insp. Raghav Patel,2024,1,16
KAR/BAL/2024/0474,2025-05-04,07:26:00,fraud,"Reported incident of fraud at Near Jaggi Chowk, Ballari.",chargesheeted,Ballari,Ballari Traffic PS,"Near Jaggi Chowk, Ballari",15.1618,76.8659,Insp. Chaitanya Chopra,2025,5,7
KAR/KOL/2024/0475,2024-08-18,16:33:00,vehicle_theft,"Reported incident of vehicle theft at Near Behl Street, Kolar. Suspect vehicle noticed with plate KA-07-KA-5589.",closed,Kolar,Kolar Rural PS,"Near Behl Street, Kolar",13.1579,78.0845,Insp. Caleb Lanka,2024,8,16
KAR/BEL/2024/0476,2024-05-02,13:40:00,vehicle_theft,"Reported incident of vehicle theft at Near Khosla Ganj, Belagavi. Suspect vehicle noticed with plate KA-45-B-8816.",closed,Belagavi,Belagavi Town PS,"Near Khosla Ganj, Belagavi",15.8741,74.5699,Insp. Bachittar Sem,2024,5,13
KAR/HAS/2024/0477,2024-02-04,15:11:00,drug_offence,"Reported incident of drug offence at Near Dash Chowk, Hassan.",closed,Hassan,Hassan Market PS,"Near Dash Chowk, Hassan",13.0092,76.1028,Insp. Deepa Kala,2024,2,15
KAR/MAN/2024/0478,2024-12-18,02:06:00,assault,"Reported incident of assault at Near Choudhary Circle, Mangaluru (Dakshina Kannada).",open,Mangaluru (Dakshina Kannada),Mangaluru (Dakshina Kannada) Town PS,"Near Choudhary Circle, Mangaluru (Dakshina Kannada)",12.9681,74.9507,Insp. Gaurika Yogi,2024,12,2
KAR/BEN/2024/0479,2024-03-01,00:18:00,chain_snatching,"Reported incident of chain snatching at Near Pingle Ganj, Bengaluru Urban. Suspect vehicle noticed with plate KA-46-KB-2555.",open,Bengaluru Urban,Bengaluru Urban Central PS,"Near Pingle Ganj, Bengaluru Urban",12.9433,77.5758,Insp. Oni Konda,2024,3,0
KAR/BEN/2024/0480,2025-05-26,13:01:00,cybercrime,"Reported incident of cybercrime at Near Kadakia Path, Bengaluru Urban.",open,Bengaluru Urban,Bengaluru Urban Traffic PS,"Near Kadakia Path, Bengaluru Urban",12.9484,77.634,Insp. Nihal Issac,2025,5,13
KAR/UDU/2024/0481,2024-02-29,12:18:00,cybercrime,"Reported incident of cybercrime at Near Mitter Ganj, Udupi.",open,Udupi,Udupi Industrial PS,"Near Mitter Ganj, Udupi",13.2914,74.7509,Insp. Maya Ramakrishnan,2024,2,12
KAR/BID/2024/0482,2025-04-09,22:20:00,chain_snatching,"Reported incident of chain snatching at Near Dara Path, Bidar. Suspect vehicle noticed with plate KA-10-KA-9582.",open,Bidar,Bidar Traffic PS,"Near Dara Path, Bidar",17.8794,77.4725,Insp. Pranav Pal,2025,4,22
KAR/BEN/2024/0483,2024-03-27,01:08:00,assault,"Reported incident of assault at Near Rao Road, Bengaluru Urban.",under_investigation,Bengaluru Urban,Bengaluru Urban South PS,"Near Rao Road, Bengaluru Urban",12.9645,77.5158,Insp. Neel Pradhan,2024,3,1
KAR/BEN/2024/0484,2024-05-02,19:17:00,kidnapping,"Reported incident of kidnapping at Near Hari Ganj, Bengaluru Urban.",open,Bengaluru Urban,Bengaluru Urban Central PS,"Near Hari Ganj, Bengaluru Urban",12.9547,77.5501,Insp. Noah Ratti,2024,5,19
KAR/BEN/2024/0485,2024-12-03,01:21:00,chain_snatching,"Reported incident of chain snatching at Near Kar Street, Bengaluru Urban. Suspect vehicle noticed with plate KA-51-KA-3647.",open,Bengaluru Urban,Bengaluru Urban West PS,"Near Kar Street, Bengaluru Urban",12.8974,77.543,Insp. Mason Lad,2024,12,1
KAR/BEN/2024/0486,2024-07-25,08:18:00,domestic_violence,"Reported incident of domestic violence at Near Raghavan Path, Bengaluru Rural.",under_investigation,Bengaluru Rural,Bengaluru Rural North PS,"Near Raghavan Path, Bengaluru Rural",13.2486,77.5247,Insp. Oscar Narain,2024,7,8
KAR/BEL/2024/0487,2024-05-27,05:39:00,assault,"Reported incident of assault at Near Mistry Marg, Belagavi.",open,Belagavi,Belagavi Rural PS,"Near Mistry Marg, Belagavi",15.864,74.5218,Insp. Bhavya Goda,2024,5,5
KAR/MYS/2024/0488,2024-10-16,13:05:00,fraud,"Reported incident of fraud at Near Narayanan Nagar, Mysuru.",chargesheeted,Mysuru,Mysuru South PS,"Near Narayanan Nagar, Mysuru",12.2332,76.638,Insp. Yashoda Deol,2024,10,13
KAR/BEN/2024/0489,2025-01-21,12:09:00,robbery,"Reported incident of robbery at Near Butala Ganj, Bengaluru Rural. Suspect vehicle noticed with plate KA-24-P-7237.",open,Bengaluru Rural,Bengaluru Rural South PS,"Near Butala Ganj, Bengaluru Rural",13.1618,77.6233,Insp. Falak Mishra,2025,1,12
KAR/HAS/2024/0490,2024-11-18,10:37:00,chain_snatching,"Reported incident of chain snatching at Near Rao Street, Hassan. Suspect vehicle noticed with plate KA-32-M-7242.",open,Hassan,Hassan Market PS,"Near Rao Street, Hassan",13.0403,76.1117,Insp. Brinda Banerjee,2024,11,10
KAR/UDU/2024/0491,2024-11-24,11:59:00,chain_snatching,"Reported incident of chain snatching at Near Dhar Road, Udupi. Suspect vehicle noticed with plate KA-11-KB-6252.",open,Udupi,Udupi Market PS,"Near Dhar Road, Udupi",13.3934,74.6599,Insp. Ekantika Talwar,2024,11,11
KAR/MAN/2024/0492,2025-04-15,03:44:00,cybercrime,"Reported incident of cybercrime at Near Lanka Road, Mandya.",under_investigation,Mandya,Mandya Town PS,"Near Lanka Road, Mandya",12.5663,76.919,Insp. Lohit Bhargava,2025,4,3
KAR/TUM/2024/0493,2025-04-07,03:10:00,drug_offence,"Reported incident of drug offence at Near Dhar Chowk, Tumakuru.",under_investigation,Tumakuru,Tumakuru Traffic PS,"Near Dhar Chowk, Tumakuru",13.3447,77.07,Insp. Advika Sani,2025,4,3
KAR/UDU/2024/0494,2025-03-13,08:44:00,cybercrime,"Reported incident of cybercrime at Near Varughese Nagar, Udupi.",open,Udupi,Udupi Industrial PS,"Near Varughese Nagar, Udupi",13.3126,74.7106,Insp. Ekantika Pathak,2025,3,8
KAR/BEN/2024/0495,2024-11-22,21:43:00,eve_teasing,"Reported incident of eve teasing at Near Choudhury Path, Bengaluru Urban.",open,Bengaluru Urban,Bengaluru Urban South PS,"Near Choudhury Path, Bengaluru Urban",13.0135,77.4891,Insp. William Nori,2024,11,21
KAR/BEN/2024/0496,2024-05-15,19:16:00,fraud,"Reported incident of fraud at Near Narang Street, Bengaluru Urban.",under_investigation,Bengaluru Urban,Bengaluru Urban Central PS,"Near Narang Street, Bengaluru Urban",12.9405,77.6063,Insp. Harini Mand,2024,5,19
KAR/BEN/2024/0497,2024-10-07,19:25:00,vehicle_theft,"Reported incident of vehicle theft at Near Ganguly Zila, Bengaluru Urban. Suspect vehicle noticed with plate KA-46-N-5492.",chargesheeted,Bengaluru Urban,Bengaluru Urban South PS,"Near Ganguly Zila, Bengaluru Urban",12.9883,77.4994,Insp. Ranveer Bhargava,2024,10,19
KAR/MAN/2024/0498,2024-11-28,08:53:00,drug_offence,"Reported incident of drug offence at Near Bhargava Nagar, Mandya.",under_investigation,Mandya,Mandya Industrial PS,"Near Bhargava Nagar, Mandya",12.5174,76.9789,Insp. Gaurika Rao,2024,11,8
KAR/BEN/2024/0499,2024-07-30,03:02:00,kidnapping,"Reported incident of kidnapping at Near Mall Path, Bengaluru Urban.",open,Bengaluru Urban,Bengaluru Urban Central PS,"Near Mall Path, Bengaluru Urban",12.9064,77.6057,Insp. Gabriel Patla,2024,7,3
KAR/BEN/2024/0500,2024-04-05,08:06:00,cybercrime,"Reported incident of cybercrime at Near Bhatt Marg, Bengaluru Urban.",under_investigation,Bengaluru Urban,Bengaluru Urban Central PS,"Near Bhatt Marg, Bengaluru Urban",12.9135,77.5586,Insp. Yahvi Master,2024,4,8
KAR/BEN/2024/0501,2024-02-04,01:07:00,assault,"Reported incident of assault at Near Chanda, Bengaluru Urban.",under_investigation,Bengaluru Urban,Bengaluru Urban South PS,"Near Chanda, Bengaluru Urban",12.9726,77.503,Insp. Harrison Loyal,2024,2,1
KAR/BEN/2024/0502,2024-02-23,14:35:00,robbery,"Reported incident of robbery at Near Sekhon Chowk, Bengaluru Urban. Suspect vehicle noticed with plate KA-09-P-1965.",chargesheeted,Bengaluru Urban,Bengaluru Urban West PS,"Near Sekhon Chowk, Bengaluru Urban",12.8944,77.5349,Insp. Vivaan Golla,2024,2,14
KAR/KAL/2024/0503,2024-12-21,07:16:00,vehicle_theft,"Reported incident of vehicle theft at Near Patil Street, Kalaburagi. Suspect vehicle noticed with plate KA-35-KA-4355.",open,Kalaburagi,Kalaburagi Market PS,"Near Patil Street, Kalaburagi",17.3161,76.8507,Insp. Urmi Madan,2024,12,7
KAR/BEN/2024/0504,2024-01-12,06:03:00,cybercrime,"Reported incident of cybercrime at Near Bhargava Path, Bengaluru Urban.",open,Bengaluru Urban,Bengaluru Urban West PS,"Near Bhargava Path, Bengaluru Urban",12.884,77.5625,Insp. Janani Walla,2024,1,6
KAR/KOP/2024/0505,2024-04-03,16:50:00,fraud,"Reported incident of fraud at Near Acharya Path, Koppal.",open,Koppal,Koppal Market PS,"Near Acharya Path, Koppal",15.384,76.2583,Insp. Ryan Krishnan,2024,4,16
KAR/KAL/2024/0506,2024-10-16,00:27:00,chain_snatching,"Reported incident of chain snatching at Near Iyengar Ganj, Kalaburagi. Suspect vehicle noticed with plate KA-07-A-8927.",open,Kalaburagi,Kalaburagi Market PS,"Near Iyengar Ganj, Kalaburagi",17.3585,76.8715,Insp. Christopher Chaudhuri,2024,10,0
KAR/MAN/2024/0507,2024-06-08,10:17:00,burglary,"Reported incident of burglary at Near Joshi, Mandya.",under_investigation,Mandya,Mandya Rural PS,"Near Joshi, Mandya",12.5143,76.9836,Insp. Daniel Krishna,2024,6,10
KAR/SHI/2024/0508,2024-01-19,06:54:00,robbery,"Reported incident of robbery at Near Garg Path, Shivamogga. Suspect vehicle noticed with plate KA-07-M-6830.",open,Shivamogga,Shivamogga Rural PS,"Near Garg Path, Shivamogga",13.873,75.5546,Insp. Rayaan Thaman,2024,1,6
KAR/BEN/2024/0509,2024-10-14,20:19:00,vehicle_theft,"Reported incident of vehicle theft at Near Pau Street, Bengaluru Urban. Suspect vehicle noticed with plate KA-17-M-7824.",under_investigation,Bengaluru Urban,Bengaluru Urban Traffic PS,"Near Pau Street, Bengaluru Urban",12.9656,77.6333,Insp. Kamya Dara,2024,10,20
KAR/HAS/2024/0510,2025-06-01,12:35:00,vehicle_theft,"Reported incident of vehicle theft at Near Ahluwalia Zila, Hassan. Suspect vehicle noticed with plate KA-19-N-8155.",closed,Hassan,Hassan Suburban PS,"Near Ahluwalia Zila, Hassan",13.0943,76.1276,Insp. Chaaya Sibal,2025,6,12
KAR/BEN/2024/0511,2024-11-29,11:20:00,burglary,"Reported incident of burglary at Near Mane, Bengaluru Urban.",open,Bengaluru Urban,Bengaluru Urban North PS,"Near Mane, Bengaluru Urban",12.9236,77.5796,Insp. Lucky Dasgupta,2024,11,11
KAR/DAV/2024/0512,2025-01-23,19:49:00,burglary,"Reported incident of burglary at Near Kadakia Zila, Davangere.",open,Davangere,Davangere Market PS,"Near Kadakia Zila, Davangere",14.4419,75.8545,Insp. Maanav Upadhyay,2025,1,19
KAR/KAL/2024/0513,2025-02-07,04:03:00,fraud,"Reported incident of fraud at Near Sinha Nagar, Kalaburagi.",open,Kalaburagi,Kalaburagi Industrial PS,"Near Sinha Nagar, Kalaburagi",17.2751,76.8597,Insp. Ekani Mani,2025,2,4
KAR/BEN/2024/0514,2024-10-08,02:56:00,vehicle_theft,"Reported incident of vehicle theft at Near Sandal, Bengaluru Urban. Suspect vehicle noticed with plate KA-35-A-6224.",open,Bengaluru Urban,Bengaluru Urban North PS,"Near Sandal, Bengaluru Urban",12.9755,77.5693,Insp. Yauvani Gara,2024,10,2
KAR/MAN/2024/0515,2025-04-11,22:00:00,senior_citizen_crime,"Reported incident of senior citizen crime at Near Zachariah Nagar, Mandya.",open,Mandya,Mandya Town PS,"Near Zachariah Nagar, Mandya",12.5366,76.9003,Insp. Yashasvi Garg,2025,4,22
KAR/KAL/2024/0516,2025-05-21,21:48:00,assault,"Reported incident of assault at Near Dugal Chowk, Kalaburagi.",chargesheeted,Kalaburagi,Kalaburagi Traffic PS,"Near Dugal Chowk, Kalaburagi",17.3123,76.8282,Insp. Max Chowdhury,2025,5,21
KAR/BEN/2024/0517,2025-03-23,23:07:00,burglary,"Reported incident of burglary at Near Hari Marg, Bengaluru Urban.",under_investigation,Bengaluru Urban,Bengaluru Urban West PS,"Near Hari Marg, Bengaluru Urban",12.9127,77.5628,Insp. Vidhi Sarma,2025,3,23
KAR/TUM/2024/0518,2024-05-03,20:28:00,cybercrime,"Reported incident of cybercrime at Near Choudhry Zila, Tumakuru.",open,Tumakuru,Tumakuru Market PS,"Near Choudhry Zila, Tumakuru",13.3613,77.1414,Insp. Omisha Dube,2024,5,20
KAR/MYS/2024/0519,2024-11-11,03:14:00,vehicle_theft,"Reported incident of vehicle theft at Near Apte Nagar, Mysuru. Suspect vehicle noticed with plate KA-13-A-1710.",open,Mysuru,Mysuru West PS,"Near Apte Nagar, Mysuru",12.3458,76.5904,Insp. Sachi Batta,2024,11,3
KAR/MAN/2024/0520,2024-08-26,18:59:00,robbery,"Reported incident of robbery at Near Sodhi Marg, Mandya. Suspect vehicle noticed with plate KA-45-N-3928.",chargesheeted,Mandya,Mandya Suburban PS,"Near Sodhi Marg, Mandya",12.4906,76.8367,Insp. Saumya De,2024,8,18
KAR/BEN/2024/0521,2024-11-18,12:50:00,property_crime,"Reported incident of property crime at Near Nath Marg, Bengaluru Urban.",open,Bengaluru Urban,Bengaluru Urban West PS,"Near Nath Marg, Bengaluru Urban",12.9173,77.5643,Insp. Panini Parmer,2024,11,12
KAR/MAN/2024/0522,2024-10-11,15:30:00,hit_and_run,"Reported incident of hit and run at Near Wadhwa Road, Mandya.",open,Mandya,Mandya Town PS,"Near Wadhwa Road, Mandya",12.5515,76.8672,Insp. Upasna Jain,2024,10,15
KAR/BEN/2024/0523,2025-05-01,11:58:00,robbery,"Reported incident of robbery at Near Mitra Nagar, Bengaluru Urban. Suspect vehicle noticed with plate KA-21-KA-2775.",under_investigation,Bengaluru Urban,Bengaluru Urban Traffic PS,"Near Mitra Nagar, Bengaluru Urban",12.9893,77.6613,Insp. Fiyaz Guha,2025,5,11
KAR/UDU/2024/0524,2024-12-30,14:16:00,property_crime,"Reported incident of property crime at Near Prakash Path, Udupi.",open,Udupi,Udupi Suburban PS,"Near Prakash Path, Udupi",13.3631,74.7792,Insp. Isaac Banerjee,2024,12,14
KAR/MAN/2024/0525,2024-12-27,23:48:00,vehicle_theft,"Reported incident of vehicle theft at Near Gera Ganj, Mandya. Suspect vehicle noticed with plate KA-44-P-6224.",chargesheeted,Mandya,Mandya Traffic PS,"Near Gera Ganj, Mandya",12.5441,76.9151,Insp. Kala Pandit,2024,12,23
KAR/BEN/2024/0526,2024-02-24,00:36:00,chain_snatching,"Reported incident of chain snatching at Near Buch Zila, Bengaluru Rural. Suspect vehicle noticed with plate KA-18-B-1880.",chargesheeted,Bengaluru Rural,Bengaluru Rural North PS,"Near Buch Zila, Bengaluru Rural",13.2135,77.4987,Insp. Tanveer Banik,2024,2,0
KAR/MYS/2024/0527,2024-07-20,14:24:00,property_crime,"Reported incident of property crime at Near Shankar, Mysuru.",open,Mysuru,Mysuru Central PS,"Near Shankar, Mysuru",12.2032,76.7124,Insp. Netra Khare,2024,7,14
KAR/BAL/2024/0528,2024-11-03,06:38:00,vehicle_theft,"Reported incident of vehicle theft at Near Basu Road, Ballari. Suspect vehicle noticed with plate KA-25-N-8630.",open,Ballari,Ballari Industrial PS,"Near Basu Road, Ballari",15.1219,76.9137,Insp. Chakradev Bhakta,2024,11,6
KAR/HAS/2024/0529,2024-12-22,16:02:00,vehicle_theft,"Reported incident of vehicle theft at Near Keer Path, Hassan. Suspect vehicle noticed with plate KA-38-N-7336.",under_investigation,Hassan,Hassan Traffic PS,"Near Keer Path, Hassan",12.9104,76.0674,Insp. Jhalak Upadhyay,2024,12,16
KAR/BEN/2024/0530,2024-10-28,03:31:00,hit_and_run,"Reported incident of hit and run at Near Behl Chowk, Bengaluru Urban.",open,Bengaluru Urban,Bengaluru Urban Central PS,"Near Behl Chowk, Bengaluru Urban",12.9086,77.6081,Insp. Yauvani Pradhan,2024,10,3
KAR/TUM/2024/0531,2025-03-07,17:00:00,assault,"Reported incident of assault at Near Iyengar Path, Tumakuru.",under_investigation,Tumakuru,Tumakuru Town PS,"Near Iyengar Path, Tumakuru",13.2868,77.1279,Insp. Owen Nagar,2025,3,17
KAR/BEL/2024/0532,2025-02-16,00:49:00,fraud,"Reported incident of fraud at Near Gopal Nagar, Belagavi.",under_investigation,Belagavi,Belagavi Industrial PS,"Near Gopal Nagar, Belagavi",15.8132,74.539,Insp. Tejas Kalla,2025,2,0
KAR/BEN/2024/0533,2024-11-09,23:37:00,assault,"Reported incident of assault at Near Dixit Chowk, Bengaluru Urban.",open,Bengaluru Urban,Bengaluru Urban South PS,"Near Dixit Chowk, Bengaluru Urban",12.98,77.5395,Insp. Shaurya Nadig,2024,11,23
KAR/TUM/2024/0534,2024-03-16,22:45:00,fraud,"Reported incident of fraud at Near Rajan Marg, Tumakuru.",under_investigation,Tumakuru,Tumakuru Traffic PS,"Near Rajan Marg, Tumakuru",13.3198,77.0322,Insp. Anamika Dara,2024,3,22
KAR/RAI/2024/0535,2024-12-08,10:39:00,chain_snatching,"Reported incident of chain snatching at Near Balakrishnan Marg, Raichur. Suspect vehicle noticed with plate KA-41-KA-5415.",under_investigation,Raichur,Raichur Industrial PS,"Near Balakrishnan Marg, Raichur",16.2245,77.3932,Insp. Quincy Palan,2024,12,10
KAR/BEN/2024/0536,2024-11-14,21:37:00,vehicle_theft,"Reported incident of vehicle theft at Near Sen Path, Bengaluru Urban. Suspect vehicle noticed with plate KA-10-N-7285.",open,Bengaluru Urban,Bengaluru Urban North PS,"Near Sen Path, Bengaluru Urban",12.9468,77.6103,Insp. Priya Munshi,2024,11,21
KAR/BEN/2024/0537,2024-02-18,23:03:00,burglary,"Reported incident of burglary at Near Sarraf Circle, Bengaluru Urban.",chargesheeted,Bengaluru Urban,Bengaluru Urban Traffic PS,"Near Sarraf Circle, Bengaluru Urban",12.9443,77.6505,Insp. Avni Choudhry,2024,2,23
KAR/MYS/2024/0538,2024-10-09,12:28:00,vehicle_theft,"Reported incident of vehicle theft at Near Hayer Ganj, Mysuru. Suspect vehicle noticed with plate KA-16-KA-3670.",open,Mysuru,Mysuru Traffic PS,"Near Hayer Ganj, Mysuru",12.2999,76.5646,Insp. Gaurav Muni,2024,10,12
KAR/VIJ/2024/0539,2024-11-04,08:25:00,vehicle_theft,"Reported incident of vehicle theft at Near Dalal Street, Vijayapura. Suspect vehicle noticed with plate KA-09-A-1568.",open,Vijayapura,Vijayapura Town PS,"Near Dalal Street, Vijayapura",16.8842,75.7637,Insp. Idika Mallick,2024,11,8
KAR/BEN/2024/0540,2025-02-26,20:59:00,fraud,"Reported incident of fraud at Near Vora Nagar, Bengaluru Urban.",under_investigation,Bengaluru Urban,Bengaluru Urban North PS,"Near Vora Nagar, Bengaluru Urban",12.9491,77.5942,Insp. Ansh Kar,2025,2,20
KAR/KOP/2024/0541,2024-04-01,00:29:00,vehicle_theft,"Reported incident of vehicle theft at Near Wali Chowk, Koppal. Suspect vehicle noticed with plate KA-51-KB-3389.",open,Koppal,Koppal Town PS,"Near Wali Chowk, Koppal",15.3229,76.23,Insp. Bhanumati Divan,2024,4,0
KAR/BEN/2024/0542,2024-06-18,02:10:00,burglary,"Reported incident of burglary at Near Bhattacharyya Street, Bengaluru Urban.",under_investigation,Bengaluru Urban,Bengaluru Urban Central PS,"Near Bhattacharyya Street, Bengaluru Urban",12.9437,77.5505,Insp. Jeet Handa,2024,6,2
KAR/BAL/2024/0543,2024-06-02,07:20:00,hit_and_run,"Reported incident of hit and run at Near Chauhan Nagar, Ballari.",open,Ballari,Ballari Market PS,"Near Chauhan Nagar, Ballari",15.1826,76.9183,Insp. Vyanjana Cheema,2024,6,7
KAR/KAL/2024/0544,2025-03-21,07:20:00,vehicle_theft,"Reported incident of vehicle theft at Near Ravel Zila, Kalaburagi. Suspect vehicle noticed with plate KA-24-P-5486.",open,Kalaburagi,Kalaburagi Town PS,"Near Ravel Zila, Kalaburagi",17.2746,76.8575,Insp. Vivaan Ramaswamy,2025,3,7
KAR/SHI/2024/0545,2025-04-06,17:08:00,assault,"Reported incident of assault at Near Mohan Zila, Shivamogga.",under_investigation,Shivamogga,Shivamogga Traffic PS,"Near Mohan Zila, Shivamogga",13.9968,75.6086,Insp. Faqid Sur,2025,4,17
KAR/KOP/2024/0546,2024-05-18,03:34:00,cybercrime,"Reported incident of cybercrime at Near Dora Zila, Koppal.",under_investigation,Koppal,Koppal Suburban PS,"Near Dora Zila, Koppal",15.3998,76.2306,Insp. Vedant Bhavsar,2024,5,3
KAR/KOP/2024/0547,2025-01-25,07:20:00,eve_teasing,"Reported incident of eve teasing at Near D’Alia Street, Koppal.",open,Koppal,Koppal Traffic PS,"Near D’Alia Street, Koppal",15.3861,76.2083,Insp. Bhanumati Kohli,2025,1,7
KAR/BEN/2024/0548,2024-01-30,00:36:00,cybercrime,"Reported incident of cybercrime at Near Biswas Marg, Bengaluru Urban.",open,Bengaluru Urban,Bengaluru Urban West PS,"Near Biswas Marg, Bengaluru Urban",12.8828,77.5765,Insp. Ayaan Sama,2024,1,0
KAR/BEN/2024/0549,2024-05-23,06:50:00,chain_snatching,"Reported incident of chain snatching at Near Mitra Path, Bengaluru Urban. Suspect vehicle noticed with plate KA-22-KB-9417.",open,Bengaluru Urban,Bengaluru Urban Traffic PS,"Near Mitra Path, Bengaluru Urban",12.9647,77.6631,Insp. Krish Bhavsar,2024,5,6
KAR/MAN/2024/0550,2024-07-16,13:33:00,cybercrime,"Reported incident of cybercrime at Near Solanki, Mangaluru (Dakshina Kannada).",under_investigation,Mangaluru (Dakshina Kannada),Mangaluru (Dakshina Kannada) Town PS,"Near Solanki, Mangaluru (Dakshina Kannada)",12.9314,74.9311,Insp. Maanas Handa,2024,7,13
KAR/BEN/2024/0551,2024-09-28,03:17:00,chain_snatching,"Reported incident of chain snatching at Near Nagarajan Nagar, Bengaluru Urban. Suspect vehicle noticed with plate KA-30-KB-4061.",under_investigation,Bengaluru Urban,Bengaluru Urban West PS,"Near Nagarajan Nagar, Bengaluru Urban",12.9023,77.5328,Insp. Veda Minhas,2024,9,3
KAR/BEN/2024/0552,2024-11-04,16:47:00,burglary,"Reported incident of burglary at Near Khatri Chowk, Bengaluru Urban.",open,Bengaluru Urban,Bengaluru Urban East PS,"Near Khatri Chowk, Bengaluru Urban",13.0723,77.6196,Insp. Eiravati Nair,2024,11,16
KAR/BEN/2024/0553,2025-02-12,13:59:00,assault,"Reported incident of assault at Near Acharya Chowk, Bengaluru Urban.",open,Bengaluru Urban,Bengaluru Urban West PS,"Near Acharya Chowk, Bengaluru Urban",12.9353,77.587,Insp. Kamya Dixit,2025,2,13
KAR/BEN/2024/0554,2024-10-24,23:24:00,fraud,"Reported incident of fraud at Near Deep Street, Bengaluru Urban.",open,Bengaluru Urban,Bengaluru Urban Traffic PS,"Near Deep Street, Bengaluru Urban",12.9828,77.6688,Insp. Pavani Chopra,2024,10,23
KAR/MAN/2024/0555,2025-05-02,04:41:00,hit_and_run,"Reported incident of hit and run at Near Khanna Circle, Mandya.",open,Mandya,Mandya Industrial PS,"Near Khanna Circle, Mandya",12.5221,76.9757,Insp. Suhani Palla,2025,5,4
KAR/VIJ/2024/0556,2025-01-10,22:11:00,fraud,"Reported incident of fraud at Near Wadhwa Chowk, Vijayapura.",open,Vijayapura,Vijayapura Industrial PS,"Near Wadhwa Chowk, Vijayapura",16.784,75.7425,Insp. Vrinda Dixit,2025,1,22
KAR/VIJ/2024/0557,2024-03-15,05:53:00,cybercrime,"Reported incident of cybercrime at Near Ghosh Nagar, Vijayapura.",open,Vijayapura,Vijayapura Market PS,"Near Ghosh Nagar, Vijayapura",16.8434,75.7827,Insp. Ethan Tella,2024,3,5
KAR/BID/2024/0558,2024-11-15,22:54:00,vehicle_theft,"Reported incident of vehicle theft at Near Kuruvilla Nagar, Bidar. Suspect vehicle noticed with plate KA-18-KA-1026.",under_investigation,Bidar,Bidar Traffic PS,"Near Kuruvilla Nagar, Bidar",17.9143,77.445,Insp. Amaira Rege,2024,11,22
KAR/RAI/2024/0559,2024-05-15,07:22:00,cybercrime,"Reported incident of cybercrime at Near Sanghvi Nagar, Raichur.",open,Raichur,Raichur Rural PS,"Near Sanghvi Nagar, Raichur",16.1694,77.2619,Insp. Dipta Mand,2024,5,7
KAR/BEN/2024/0560,2024-09-06,21:10:00,murder,"Reported incident of murder at Near Nagi Zila, Bengaluru Urban.",under_investigation,Bengaluru Urban,Bengaluru Urban Central PS,"Near Nagi Zila, Bengaluru Urban",12.903,77.6049,Insp. Garima Ramanathan,2024,9,21
KAR/TUM/2024/0561,2024-08-25,19:34:00,kidnapping,"Reported incident of kidnapping at Near Palla Ganj, Tumakuru.",under_investigation,Tumakuru,Tumakuru Suburban PS,"Near Palla Ganj, Tumakuru",13.3239,77.1038,Insp. Fitan Sidhu,2024,8,19
KAR/HAS/2024/0562,2025-01-13,19:29:00,vehicle_theft,"Reported incident of vehicle theft at Near Doshi Marg, Hassan. Suspect vehicle noticed with plate KA-20-B-3216.",chargesheeted,Hassan,Hassan Town PS,"Near Doshi Marg, Hassan",12.9926,76.0504,Insp. Vincent Bala,2025,1,19
KAR/KAL/2024/0563,2024-04-02,22:16:00,fraud,"Reported incident of fraud at Near Rai Path, Kalaburagi.",under_investigation,Kalaburagi,Kalaburagi Rural PS,"Near Rai Path, Kalaburagi",17.2787,76.7499,Insp. Kevin Chana,2024,4,22
KAR/UDU/2024/0564,2024-09-16,02:17:00,property_crime,"Reported incident of property crime at Near Sem Circle, Udupi.",closed,Udupi,Udupi Traffic PS,"Near Sem Circle, Udupi",13.4,74.6833,Insp. Madhavi Thakkar,2024,9,2
KAR/KAL/2024/0565,2024-03-30,22:18:00,assault,"Reported incident of assault at Near Hegde Marg, Kalaburagi.",closed,Kalaburagi,Kalaburagi Suburban PS,"Near Hegde Marg, Kalaburagi",17.2681,76.8668,Insp. Indrajit Vyas,2024,3,22
KAR/BEN/2024/0566,2024-10-13,00:35:00,vehicle_theft,"Reported incident of vehicle theft at Near Sodhi Chowk, Bengaluru Urban. Suspect vehicle noticed with plate KA-50-N-9844.",chargesheeted,Bengaluru Urban,Bengaluru Urban Central PS,"Near Sodhi Chowk, Bengaluru Urban",12.9398,77.5818,Insp. Chakradhar Shukla,2024,10,0
KAR/KOP/2024/0567,2024-06-24,11:19:00,cybercrime,"Reported incident of cybercrime at Near Thaker Ganj, Koppal.",open,Koppal,Koppal Suburban PS,"Near Thaker Ganj, Koppal",15.3778,76.2138,Insp. Ria Buch,2024,6,11
KAR/DAV/2024/0568,2024-08-12,06:13:00,eve_teasing,"Reported incident of eve teasing at Near Ganesan Chowk, Davangere.",under_investigation,Davangere,Davangere Industrial PS,"Near Ganesan Chowk, Davangere",14.3997,75.9934,Insp. Ikshita Kar,2024,8,6
KAR/BEN/2024/0569,2024-07-01,07:08:00,burglary,"Reported incident of burglary at Near Uppal, Bengaluru Urban.",chargesheeted,Bengaluru Urban,Bengaluru Urban West PS,"Near Uppal, Bengaluru Urban",12.9017,77.5391,Insp. Nachiket Handa,2024,7,7
KAR/BEL/2024/0570,2025-05-01,06:14:00,burglary,"Reported incident of burglary at Near Vaidya Zila, Belagavi.",open,Belagavi,Belagavi Town PS,"Near Vaidya Zila, Belagavi",15.8324,74.5631,Insp. Triveni Basak,2025,5,6
KAR/KAL/2024/0571,2024-08-23,02:50:00,robbery,"Reported incident of robbery at Near Thakur Street, Kalaburagi. Suspect vehicle noticed with plate KA-07-N-9341.",open,Kalaburagi,Kalaburagi Town PS,"Near Thakur Street, Kalaburagi",17.2435,76.8167,Insp. Tristan Contractor,2024,8,2
KAR/KOP/2024/0572,2025-01-08,08:50:00,vehicle_theft,"Reported incident of vehicle theft at Near Behl Path, Koppal. Suspect vehicle noticed with plate KA-28-N-2000.",open,Koppal,Koppal Rural PS,"Near Behl Path, Koppal",15.4074,76.2032,Insp. Chavvi Ratta,2025,1,8
KAR/UDU/2024/0573,2025-01-01,07:23:00,robbery,"Reported incident of robbery at Near Sant, Udupi. Suspect vehicle noticed with plate KA-47-A-5727.",under_investigation,Udupi,Udupi Market PS,"Near Sant, Udupi",13.424,74.6953,Insp. Patrick Tara,2025,1,7
KAR/VIJ/2024/0574,2024-10-20,17:18:00,vehicle_theft,"Reported incident of vehicle theft at Near Bora Road, Vijayapura. Suspect vehicle noticed with plate KA-30-KA-2120.",open,Vijayapura,Vijayapura Market PS,"Near Bora Road, Vijayapura",16.8415,75.773,Insp. Amrita Deol,2024,10,17
KAR/BEL/2024/0575,2024-12-10,06:53:00,chain_snatching,"Reported incident of chain snatching at Near Rana Path, Belagavi. Suspect vehicle noticed with plate KA-54-KB-4418.",open,Belagavi,Belagavi Town PS,"Near Rana Path, Belagavi",15.8883,74.5596,Insp. Aarini Gera,2024,12,6
KAR/BAL/2024/0576,2024-10-04,06:03:00,senior_citizen_crime,"Reported incident of senior citizen crime at Near Ratti Chowk, Ballari.",open,Ballari,Ballari Traffic PS,"Near Ratti Chowk, Ballari",15.1592,76.8768,Insp. Ekaja Pingle,2024,10,6
KAR/MAN/2024/0577,2024-04-23,03:46:00,domestic_violence,"Reported incident of domestic violence at Near Dalal Ganj, Mangaluru (Dakshina Kannada).",open,Mangaluru (Dakshina Kannada),Mangaluru (Dakshina Kannada) Rural PS,"Near Dalal Ganj, Mangaluru (Dakshina Kannada)",12.9291,74.8033,Insp. Dipta Nath,2024,4,3
KAR/BEN/2024/0578,2024-02-22,04:51:00,chain_snatching,"Reported incident of chain snatching at Near Sachdeva Road, Bengaluru Urban. Suspect vehicle noticed with plate KA-10-A-1110.",chargesheeted,Bengaluru Urban,Bengaluru Urban Central PS,"Near Sachdeva Road, Bengaluru Urban",12.8975,77.5668,Insp. Robert Iyengar,2024,2,4
KAR/KAL/2024/0579,2025-04-26,12:58:00,cybercrime,"Reported incident of cybercrime at Near Shan Circle, Kalaburagi.",open,Kalaburagi,Kalaburagi Industrial PS,"Near Shan Circle, Kalaburagi",17.2687,76.8454,Insp. Indira Jani,2025,4,12
KAR/MAN/2024/0580,2024-06-25,13:44:00,cybercrime,"Reported incident of cybercrime at Near Oak Street, Mangaluru (Dakshina Kannada).",open,Mangaluru (Dakshina Kannada),Mangaluru (Dakshina Kannada) Rural PS,"Near Oak Street, Mangaluru (Dakshina Kannada)",12.9457,74.8264,Insp. Gavin Panchal,2024,6,13
KAR/KOL/2024/0581,2024-10-05,23:05:00,vehicle_theft,"Reported incident of vehicle theft at Near Som Ganj, Kolar. Suspect vehicle noticed with plate KA-24-KA-4617.",under_investigation,Kolar,Kolar Market PS,"Near Som Ganj, Kolar",13.1925,78.2103,Insp. Max Tandon,2024,10,23
KAR/VIJ/2024/0582,2024-12-04,11:54:00,vehicle_theft,"Reported incident of vehicle theft at Near Narayan Circle, Vijayapura. Suspect vehicle noticed with plate KA-16-KA-5165.",under_investigation,Vijayapura,Vijayapura Rural PS,"Near Narayan Circle, Vijayapura",16.8406,75.6668,Insp. Nimrat Dhillon,2024,12,11
KAR/BAL/2024/0583,2024-04-28,12:02:00,burglary,"Reported incident of burglary at Near Yogi Path, Ballari.",open,Ballari,Ballari Market PS,"Near Yogi Path, Ballari",15.1635,76.9227,Insp. Vansha Modi,2024,4,12
KAR/HAS/2024/0584,2024-09-05,12:43:00,chain_snatching,"Reported incident of chain snatching at Near Contractor, Hassan. Suspect vehicle noticed with plate KA-44-A-9114.",open,Hassan,Hassan Market PS,"Near Contractor, Hassan",13.0194,76.0748,Insp. Mohini Mann,2024,9,12
KAR/BEL/2024/0585,2024-10-28,20:51:00,assault,"Reported incident of assault at Near Mani, Belagavi.",closed,Belagavi,Belagavi Town PS,"Near Mani, Belagavi",15.866,74.5473,Insp. Ayush Vig,2024,10,20
KAR/MAN/2024/0586,2024-01-05,15:54:00,fraud,"Reported incident of fraud at Near Wadhwa Circle, Mangaluru (Dakshina Kannada).",under_investigation,Mangaluru (Dakshina Kannada),Mangaluru (Dakshina Kannada) Rural PS,"Near Wadhwa Circle, Mangaluru (Dakshina Kannada)",12.8979,74.7914,Insp. Sara Gade,2024,1,15
KAR/BEN/2024/0587,2024-04-13,03:22:00,burglary,"Reported incident of burglary at Near Manda Road, Bengaluru Urban.",open,Bengaluru Urban,Bengaluru Urban North PS,"Near Manda Road, Bengaluru Urban",12.942,77.5974,Insp. Kabir Nagarajan,2024,4,3
KAR/TUM/2024/0588,2024-08-21,03:46:00,fraud,"Reported incident of fraud at Near Tata Ganj, Tumakuru.",under_investigation,Tumakuru,Tumakuru Suburban PS,"Near Tata Ganj, Tumakuru",13.2779,77.1263,Insp. Chaitaly Mahal,2024,8,3
KAR/BEN/2024/0589,2024-09-03,23:12:00,drug_offence,"Reported incident of drug offence at Near Dora Zila, Bengaluru Urban.",under_investigation,Bengaluru Urban,Bengaluru Urban West PS,"Near Dora Zila, Bengaluru Urban",12.9353,77.553,Insp. Pooja Balakrishnan,2024,9,23
KAR/MAN/2024/0590,2024-05-15,02:25:00,vehicle_theft,"Reported incident of vehicle theft at Near Ram Road, Mandya. Suspect vehicle noticed with plate KA-43-P-3924.",under_investigation,Mandya,Mandya Town PS,"Near Ram Road, Mandya",12.5415,76.8761,Insp. Divya Chauhan,2024,5,2
KAR/VIJ/2024/0591,2025-03-17,06:02:00,eve_teasing,"Reported incident of eve teasing at Near Mannan Zila, Vijayapura.",open,Vijayapura,Vijayapura Traffic PS,"Near Mannan Zila, Vijayapura",16.908,75.7147,Insp. Nathan De,2025,3,6
KAR/UDU/2024/0592,2024-04-05,12:56:00,robbery,"Reported incident of robbery at Near Nair Street, Udupi. Suspect vehicle noticed with plate KA-29-P-2131.",open,Udupi,Udupi Rural PS,"Near Nair Street, Udupi",13.3834,74.7455,Insp. Upasna Comar,2024,4,12
KAR/BID/2024/0593,2024-11-08,22:53:00,hit_and_run,"Reported incident of hit and run at Near Sandhu Ganj, Bidar.",closed,Bidar,Bidar Traffic PS,"Near Sandhu Ganj, Bidar",17.8568,77.4636,Insp. Reva Lad,2024,11,22
KAR/CHI/2024/0594,2024-10-08,22:28:00,fraud,"Reported incident of fraud at Near Rastogi Ganj, Chikkamagaluru.",under_investigation,Chikkamagaluru,Chikkamagaluru Suburban PS,"Near Rastogi Ganj, Chikkamagaluru",13.3872,75.8318,Insp. Xalak Saran,2024,10,22
KAR/BEN/2024/0595,2024-08-16,07:25:00,burglary,"Reported incident of burglary at Near Narang Nagar, Bengaluru Urban.",under_investigation,Bengaluru Urban,Bengaluru Urban East PS,"Near Narang Nagar, Bengaluru Urban",13.0256,77.5824,Insp. Ayushman Chakraborty,2024,8,7
KAR/BID/2024/0596,2024-02-19,07:22:00,hit_and_run,"Reported incident of hit and run at Near Barad Street, Bidar.",chargesheeted,Bidar,Bidar Suburban PS,"Near Barad Street, Bidar",17.9322,77.5472,Insp. Ria Patla,2024,2,7
KAR/KOL/2024/0597,2024-07-07,05:17:00,vehicle_theft,"Reported incident of vehicle theft at Near Batra Nagar, Kolar. Suspect vehicle noticed with plate KA-10-P-4341.",open,Kolar,Kolar Rural PS,"Near Batra Nagar, Kolar",13.1795,78.0766,Insp. Matthew Sood,2024,7,5
KAR/CHI/2024/0598,2024-02-19,11:00:00,burglary,"Reported incident of burglary at Near Kanda Zila, Chikkamagaluru.",under_investigation,Chikkamagaluru,Chikkamagaluru Town PS,"Near Kanda Zila, Chikkamagaluru",13.3475,75.8369,Insp. Indrajit Raj,2024,2,11
KAR/BEN/2024/0599,2025-05-30,17:31:00,fraud,"Reported incident of fraud at Near Som Road, Bengaluru Urban.",open,Bengaluru Urban,Bengaluru Urban South PS,"Near Som Road, Bengaluru Urban",13.0005,77.53,Insp. Devansh Bava,2025,5,17
KAR/BEN/2024/0600,2024-12-19,06:52:00,vehicle_theft,"Reported incident of vehicle theft at Near Mohan Chowk, Bengaluru Urban. Suspect vehicle noticed with plate KA-21-P-3833.",chargesheeted,Bengaluru Urban,Bengaluru Urban Central PS,"Near Mohan Chowk, Bengaluru Urban",12.9207,77.5624,Insp. Balendra Garg,2024,12,6
KAR/MAN/2024/0601,2025-03-24,07:44:00,assault,"Reported incident of assault at Near Kibe, Mandya.",closed,Mandya,Mandya Suburban PS,"Near Kibe, Mandya",12.4738,76.8415,Insp. Ekbal Gopal,2025,3,7
KAR/RAI/2024/0602,2024-12-08,16:31:00,eve_teasing,"Reported incident of eve teasing at Near Balasubramanian, Raichur.",under_investigation,Raichur,Raichur Traffic PS,"Near Balasubramanian, Raichur",16.1591,77.3608,Insp. Theodore Bahl,2024,12,16
KAR/BAL/2024/0603,2024-04-14,06:23:00,assault,"Reported incident of assault at Near Gopal Nagar, Ballari.",open,Ballari,Ballari Suburban PS,"Near Gopal Nagar, Ballari",15.1855,76.9115,Insp. Ethan Sura,2024,4,6
KAR/MAN/2024/0604,2024-12-27,11:23:00,chain_snatching,"Reported incident of chain snatching at Near Mukherjee Ganj, Mandya. Suspect vehicle noticed with plate KA-45-A-8044.",open,Mandya,Mandya Suburban PS,"Near Mukherjee Ganj, Mandya",12.5004,76.8495,Insp. Abeer Baria,2024,12,11
KAR/BEN/2024/0605,2024-10-06,06:41:00,vehicle_theft,"Reported incident of vehicle theft at Near Uppal, Bengaluru Urban. Suspect vehicle noticed with plate KA-14-KA-4963.",chargesheeted,Bengaluru Urban,Bengaluru Urban Central PS,"Near Uppal, Bengaluru Urban",12.9444,77.6013,Insp. Falan Kunda,2024,10,6
KAR/UDU/2024/0606,2024-11-21,16:37:00,fraud,"Reported incident of fraud at Near Borra Circle, Udupi.",open,Udupi,Udupi Industrial PS,"Near Borra Circle, Udupi",13.2731,74.7262,Insp. Ranbir Contractor,2024,11,16
KAR/KOL/2024/0607,2024-08-25,13:17:00,drug_offence,"Reported incident of drug offence at Near Ramachandran Ganj, Kolar.",open,Kolar,Kolar Town PS,"Near Ramachandran Ganj, Kolar",13.204,78.0991,Insp. Aayush Kothari,2024,8,13
KAR/KOP/2024/0608,2024-11-02,21:17:00,vehicle_theft,"Reported incident of vehicle theft at Near Mall Street, Koppal. Suspect vehicle noticed with plate KA-09-B-6280.",under_investigation,Koppal,Koppal Suburban PS,"Near Mall Street, Koppal",15.4095,76.2008,Insp. Robert Raval,2024,11,21
KAR/TUM/2024/0609,2024-07-23,06:48:00,assault,"Reported incident of assault at Near Salvi Zila, Tumakuru.",open,Tumakuru,Tumakuru Market PS,"Near Salvi Zila, Tumakuru",13.326,77.1133,Insp. Henry Khosla,2024,7,6
KAR/KAL/2024/0610,2024-07-18,05:42:00,burglary,"Reported incident of burglary at Near Malhotra Path, Kalaburagi.",under_investigation,Kalaburagi,Kalaburagi Suburban PS,"Near Malhotra Path, Kalaburagi",17.2686,76.8327,Insp. Hemang Dass,2024,7,5
KAR/MAN/2024/0611,2024-10-22,15:39:00,eve_teasing,"Reported incident of eve teasing at Near Iyer Road, Mandya.",under_investigation,Mandya,Mandya Town PS,"Near Iyer Road, Mandya",12.571,76.8843,Insp. Ganga Shenoy,2024,10,15
KAR/RAI/2024/0612,2024-05-11,05:31:00,robbery,"Reported incident of robbery at Near Nadig Circle, Raichur. Suspect vehicle noticed with plate KA-27-KA-8023.",open,Raichur,Raichur Traffic PS,"Near Nadig Circle, Raichur",16.1266,77.3306,Insp. Upkaar Dara,2024,5,5
KAR/BEN/2024/0613,2024-10-25,06:33:00,vehicle_theft,"Reported incident of vehicle theft at Near Goswami Path, Bengaluru Urban. Suspect vehicle noticed with plate KA-09-B-8731.",under_investigation,Bengaluru Urban,Bengaluru Urban North PS,"Near Goswami Path, Bengaluru Urban",12.9414,77.573,Insp. George Sarkar,2024,10,6
KAR/BEL/2024/0614,2025-03-01,14:03:00,cybercrime,"Reported incident of cybercrime at Near Sachar Marg, Belagavi.",open,Belagavi,Belagavi Suburban PS,"Near Sachar Marg, Belagavi",15.8235,74.4367,Insp. Dominic Varkey,2025,3,14
KAR/BEN/2024/0615,2025-03-13,03:33:00,fraud,"Reported incident of fraud at Near Ratta Road, Bengaluru Rural.",under_investigation,Bengaluru Rural,Bengaluru Rural Central PS,"Near Ratta Road, Bengaluru Rural",13.1969,77.5249,Insp. Girish Iyer,2025,3,3
KAR/MAN/2024/0616,2025-03-16,23:57:00,robbery,"Reported incident of robbery at Near Mahal Path, Mandya. Suspect vehicle noticed with plate KA-27-N-8137.",chargesheeted,Mandya,Mandya Market PS,"Near Mahal Path, Mandya",12.5224,76.8704,Insp. Panini Lal,2025,3,23
KAR/BAL/2024/0617,2024-11-21,04:53:00,vehicle_theft,"Reported incident of vehicle theft at Near Banik Path, Ballari. Suspect vehicle noticed with plate KA-18-KA-8854.",open,Ballari,Ballari Town PS,"Near Banik Path, Ballari",15.1463,77.0218,Insp. Gayathri Rau,2024,11,4
KAR/BEL/2024/0618,2024-01-11,09:44:00,cybercrime,"Reported incident of cybercrime at Near Gour Circle, Belagavi.",open,Belagavi,Belagavi Industrial PS,"Near Gour Circle, Belagavi",15.8073,74.56,Insp. Girindra Saha,2024,1,9
KAR/CHI/2024/0619,2024-02-26,13:06:00,assault,"Reported incident of assault at Near Keer Ganj, Chikkamagaluru.",chargesheeted,Chikkamagaluru,Chikkamagaluru Industrial PS,"Near Keer Ganj, Chikkamagaluru",13.3237,75.814,Insp. Mohammed Sunder,2024,2,13
KAR/VIJ/2024/0620,2024-04-27,06:12:00,fraud,"Reported incident of fraud at Near Magar Marg, Vijayapura.",open,Vijayapura,Vijayapura Rural PS,"Near Magar Marg, Vijayapura",16.8491,75.6615,Insp. Wakeeta Chadha,2024,4,6
KAR/VIJ/2024/0621,2024-10-15,02:58:00,assault,"Reported incident of assault at Near Nayar Marg, Vijayapura.",open,Vijayapura,Vijayapura Rural PS,"Near Nayar Marg, Vijayapura",16.8409,75.6626,Insp. Ayush Purohit,2024,10,2
KAR/BEN/2024/0622,2025-04-13,15:06:00,burglary,"Reported incident of burglary at Near Basak Circle, Bengaluru Urban.",under_investigation,Bengaluru Urban,Bengaluru Urban East PS,"Near Basak Circle, Bengaluru Urban",13.0606,77.6014,Insp. Arunima Choudhry,2025,4,15
KAR/MYS/2024/0623,2025-02-07,08:39:00,vehicle_theft,"Reported incident of vehicle theft at Near Sampath Path, Mysuru. Suspect vehicle noticed with plate KA-27-A-7647.",chargesheeted,Mysuru,Mysuru North PS,"Near Sampath Path, Mysuru",12.2498,76.5751,Insp. Samuel Koshy,2025,2,8
KAR/BEN/2024/0624,2024-06-23,13:41:00,burglary,"Reported incident of burglary at Near Golla Chowk, Bengaluru Rural.",open,Bengaluru Rural,Bengaluru Rural Traffic PS,"Near Golla Chowk, Bengaluru Rural",13.3193,77.5036,Insp. Ganga Konda,2024,6,13
KAR/BEN/2024/0625,2025-01-12,04:48:00,burglary,"Reported incident of burglary at Near Misra Street, Bengaluru Urban.",open,Bengaluru Urban,Bengaluru Urban Central PS,"Near Misra Street, Bengaluru Urban",12.9368,77.5606,Insp. Diya Bains,2025,1,4
KAR/VIJ/2024/0626,2024-12-01,23:18:00,vehicle_theft,"Reported incident of vehicle theft at Near Uppal Street, Vijayapura. Suspect vehicle noticed with plate KA-01-M-4532.",open,Vijayapura,Vijayapura Rural PS,"Near Uppal Street, Vijayapura",16.8497,75.6524,Insp. Dakshesh Swaminathan,2024,12,23
KAR/BID/2024/0627,2025-01-07,03:22:00,chain_snatching,"Reported incident of chain snatching at Near Buch Circle, Bidar. Suspect vehicle noticed with plate KA-28-A-8581.",closed,Bidar,Bidar Rural PS,"Near Buch Circle, Bidar",17.9341,77.4571,Insp. Chavvi Issac,2025,1,3
KAR/BEN/2024/0628,2024-10-13,01:20:00,robbery,"Reported incident of robbery at Near Ramakrishnan Chowk, Bengaluru Urban. Suspect vehicle noticed with plate KA-33-B-4878.",under_investigation,Bengaluru Urban,Bengaluru Urban Central PS,"Near Ramakrishnan Chowk, Bengaluru Urban",12.9406,77.5874,Insp. Rachita Krishnamurthy,2024,10,1
KAR/KOP/2024/0629,2024-09-02,03:43:00,fraud,"Reported incident of fraud at Near Sahota Road, Koppal.",under_investigation,Koppal,Koppal Suburban PS,"Near Sahota Road, Koppal",15.4146,76.2405,Insp. Max Mohan,2024,9,3
KAR/SHI/2024/0630,2024-03-23,13:44:00,cybercrime,"Reported incident of cybercrime at Near Chacko Street, Shivamogga.",under_investigation,Shivamogga,Shivamogga Town PS,"Near Chacko Street, Shivamogga",13.9833,75.632,Insp. Chaaya Ravi,2024,3,13
KAR/TUM/2024/0631,2025-04-15,14:13:00,burglary,"Reported incident of burglary at Near Wadhwa Nagar, Tumakuru.",open,Tumakuru,Tumakuru Town PS,"Near Wadhwa Nagar, Tumakuru",13.2964,77.1291,Insp. Forum Pant,2025,4,14
KAR/BAL/2024/0632,2024-10-21,23:12:00,robbery,"Reported incident of robbery at Near Bhatti Path, Ballari. Suspect vehicle noticed with plate KA-35-KA-8340.",under_investigation,Ballari,Ballari Market PS,"Near Bhatti Path, Ballari",15.1614,76.913,Insp. Pavani Kunda,2024,10,23
KAR/KOP/2024/0633,2024-09-02,07:16:00,murder,"Reported incident of murder at Near Hegde Street, Koppal.",open,Koppal,Koppal Market PS,"Near Hegde Street, Koppal",15.3838,76.2366,Insp. Lila Venkatesh,2024,9,7
KAR/BEN/2024/0634,2024-08-02,18:02:00,vehicle_theft,"Reported incident of vehicle theft at Near Patel Street, Bengaluru Urban. Suspect vehicle noticed with plate KA-55-M-6303.",chargesheeted,Bengaluru Urban,Bengaluru Urban East PS,"Near Patel Street, Bengaluru Urban",13.0702,77.6125,Insp. Ranbir Bajwa,2024,8,18
KAR/BEN/2024/0635,2024-10-22,14:04:00,vehicle_theft,"Reported incident of vehicle theft at Near Parmer Road, Bengaluru Rural. Suspect vehicle noticed with plate KA-06-B-5567.",under_investigation,Bengaluru Rural,Bengaluru Rural Central PS,"Near Parmer Road, Bengaluru Rural",13.1927,77.5297,Insp. Harrison Singhal,2024,10,14
KAR/BEN/2024/0636,2024-02-06,05:53:00,cybercrime,"Reported incident of cybercrime at Near Gopal Marg, Bengaluru Urban.",under_investigation,Bengaluru Urban,Bengaluru Urban East PS,"Near Gopal Marg, Bengaluru Urban",13.0545,77.6082,Insp. Nathan Banik,2024,2,5
KAR/MAN/2024/0637,2025-01-22,22:33:00,murder,"Reported incident of murder at Near Pant Ganj, Mandya.",closed,Mandya,Mandya Town PS,"Near Pant Ganj, Mandya",12.5205,76.8788,Insp. Bhavani Ray,2025,1,22
KAR/BID/2024/0638,2024-02-25,05:48:00,chain_snatching,"Reported incident of chain snatching at Near Loyal Path, Bidar. Suspect vehicle noticed with plate KA-05-KA-5572.",under_investigation,Bidar,Bidar Suburban PS,"Near Loyal Path, Bidar",17.9405,77.5551,Insp. Pranav Garg,2024,2,5
KAR/HUB/2024/0639,2024-02-07,18:59:00,domestic_violence,"Reported incident of domestic violence at Near Dua Marg, Hubballi-Dharwad.",under_investigation,Hubballi-Dharwad,Hubballi-Dharwad Traffic PS,"Near Dua Marg, Hubballi-Dharwad",15.4139,75.0349,Insp. Hemangini Dada,2024,2,18
KAR/DAV/2024/0640,2024-04-05,12:09:00,kidnapping,"Reported incident of kidnapping at Near Batra Road, Davangere.",open,Davangere,Davangere Town PS,"Near Batra Road, Davangere",14.4186,75.9071,Insp. Sanya Wali,2024,4,12
KAR/BEN/2024/0641,2024-06-23,14:12:00,assault,"Reported incident of assault at Near D’Alia Circle, Bengaluru Urban.",under_investigation,Bengaluru Urban,Bengaluru Urban West PS,"Near D’Alia Circle, Bengaluru Urban",12.884,77.5355,Insp. Samar Sura,2024,6,14
KAR/BID/2024/0642,2024-06-20,07:05:00,cybercrime,"Reported incident of cybercrime at Near Bedi Road, Bidar.",under_investigation,Bidar,Bidar Traffic PS,"Near Bedi Road, Bidar",17.8882,77.4603,Insp. Aadhya Choudhary,2024,6,7
KAR/HAS/2024/0643,2025-01-01,04:34:00,property_crime,"Reported incident of property crime at Near Soman Nagar, Hassan.",open,Hassan,Hassan Rural PS,"Near Soman Nagar, Hassan",13.0054,75.9988,Insp. Vinaya Chaudhuri,2025,1,4
KAR/TUM/2024/0644,2024-10-03,21:07:00,vehicle_theft,"Reported incident of vehicle theft at Near Patel Marg, Tumakuru. Suspect vehicle noticed with plate KA-52-KA-6628.",closed,Tumakuru,Tumakuru Suburban PS,"Near Patel Marg, Tumakuru",13.3303,77.1142,Insp. Fiyaz Rau,2024,10,21
KAR/RAI/2024/0645,2024-10-02,10:01:00,cybercrime,"Reported incident of cybercrime at Near Gill Nagar, Raichur.",chargesheeted,Raichur,Raichur Suburban PS,"Near Gill Nagar, Raichur",16.2751,77.3287,Insp. Advay Ranganathan,2024,10,10
KAR/BEN/2024/0646,2025-05-14,01:10:00,vehicle_theft,"Reported incident of vehicle theft at Near Behl Street, Bengaluru Rural. Suspect vehicle noticed with plate KA-16-P-6189.",open,Bengaluru Rural,Bengaluru Rural South PS,"Near Behl Street, Bengaluru Rural",13.1613,77.6026,Insp. Jack Savant,2025,5,1
KAR/VIJ/2024/0647,2024-12-11,12:32:00,chain_snatching,"Reported incident of chain snatching at Near Ramaswamy Nagar, Vijayapura. Suspect vehicle noticed with plate KA-23-KA-1733.",under_investigation,Vijayapura,Vijayapura Traffic PS,"Near Ramaswamy Nagar, Vijayapura",16.8958,75.6909,Insp. Yutika Rana,2024,12,12
KAR/BEN/2024/0648,2025-02-11,14:10:00,drug_offence,"Reported incident of drug offence at Near Din Circle, Bengaluru Urban.",open,Bengaluru Urban,Bengaluru Urban North PS,"Near Din Circle, Bengaluru Urban",12.951,77.5774,Insp. Vedant Walla,2025,2,14
KAR/TUM/2024/0649,2025-01-21,17:08:00,hit_and_run,"Reported incident of hit and run at Near Issac Nagar, Tumakuru.",open,Tumakuru,Tumakuru Suburban PS,"Near Issac Nagar, Tumakuru",13.3116,77.138,Insp. Hemangini Yohannan,2025,1,17
KAR/KOL/2024/0650,2025-01-25,22:24:00,chain_snatching,"Reported incident of chain snatching at Near Bahri Nagar, Kolar. Suspect vehicle noticed with plate KA-07-A-6632.",under_investigation,Kolar,Kolar Suburban PS,"Near Bahri Nagar, Kolar",13.1219,78.0821,Insp. Manan Kara,2025,1,22
KAR/SHI/2024/0651,2024-11-01,08:57:00,fraud,"Reported incident of fraud at Near Bera Chowk, Shivamogga.",chargesheeted,Shivamogga,Shivamogga Rural PS,"Near Bera Chowk, Shivamogga",13.8609,75.5186,Insp. Advaith Ranganathan,2024,11,8
KAR/CHI/2024/0652,2024-09-29,16:25:00,senior_citizen_crime,"Reported incident of senior citizen crime at Near Dara Street, Chikkamagaluru.",chargesheeted,Chikkamagaluru,Chikkamagaluru Industrial PS,"Near Dara Street, Chikkamagaluru",13.2794,75.8273,Insp. Gaurav Sawhney,2024,9,16
KAR/BEN/2024/0653,2024-09-18,00:02:00,chain_snatching,"Reported incident of chain snatching at Near Anand Zila, Bengaluru Urban. Suspect vehicle noticed with plate KA-40-KB-2199.",open,Bengaluru Urban,Bengaluru Urban West PS,"Near Anand Zila, Bengaluru Urban",12.8895,77.5592,Insp. Jason Sant,2024,9,0
KAR/CHI/2024/0654,2024-04-07,04:38:00,vehicle_theft,"Reported incident of vehicle theft at Near Gara Circle, Chikkamagaluru. Suspect vehicle noticed with plate KA-37-N-7805.",open,Chikkamagaluru,Chikkamagaluru Market PS,"Near Gara Circle, Chikkamagaluru",13.3866,75.7116,Insp. Rishi Khare,2024,4,4
KAR/RAI/2024/0655,2024-04-21,00:17:00,kidnapping,"Reported incident of kidnapping at Near Chawla Chowk, Raichur.",chargesheeted,Raichur,Raichur Industrial PS,"Near Chawla Chowk, Raichur",16.1962,77.4453,Insp. Libni Setty,2024,4,0
KAR/BAL/2024/0656,2024-11-28,22:25:00,fraud,"Reported incident of fraud at Near Parikh Road, Ballari.",open,Ballari,Ballari Traffic PS,"Near Parikh Road, Ballari",15.1884,76.8822,Insp. Advaith Palan,2024,11,22
KAR/SHI/2024/0657,2024-08-18,23:06:00,burglary,"Reported incident of burglary at Near Majumdar Chowk, Shivamogga.",open,Shivamogga,Shivamogga Suburban PS,"Near Majumdar Chowk, Shivamogga",13.9387,75.6063,Insp. Samesh Bava,2024,8,23
KAR/BEN/2024/0658,2024-09-03,11:01:00,domestic_violence,"Reported incident of domestic violence at Near Sami Zila, Bengaluru Urban.",open,Bengaluru Urban,Bengaluru Urban South PS,"Near Sami Zila, Bengaluru Urban",12.9993,77.4982,Insp. Ansh Om,2024,9,11
KAR/BEN/2024/0659,2024-09-06,21:04:00,chain_snatching,"Reported incident of chain snatching at Near Kala Road, Bengaluru Urban. Suspect vehicle noticed with plate KA-27-KB-7199.",open,Bengaluru Urban,Bengaluru Urban East PS,"Near Kala Road, Bengaluru Urban",13.0704,77.6141,Insp. Jatin Tiwari,2024,9,21
KAR/BAL/2024/0660,2025-01-06,05:01:00,domestic_violence,"Reported incident of domestic violence at Near Basu Marg, Ballari.",chargesheeted,Ballari,Ballari Market PS,"Near Basu Marg, Ballari",15.1767,76.936,Insp. Varsha Sachar,2025,1,5
KAR/BEN/2024/0661,2024-11-20,17:21:00,chain_snatching,"Reported incident of chain snatching at Near Din Chowk, Bengaluru Urban. Suspect vehicle noticed with plate KA-24-M-6201.",open,Bengaluru Urban,Bengaluru Urban Central PS,"Near Din Chowk, Bengaluru Urban",12.9374,77.588,Insp. Faraj Bumb,2024,11,17
KAR/BID/2024/0662,2025-03-07,21:06:00,vehicle_theft,"Reported incident of vehicle theft at Near Raval Ganj, Bidar. Suspect vehicle noticed with plate KA-28-KB-4609.",open,Bidar,Bidar Rural PS,"Near Raval Ganj, Bidar",17.9513,77.4624,Insp. Yashica Kota,2025,3,21
KAR/BEN/2024/0663,2024-02-16,23:10:00,eve_teasing,"Reported incident of eve teasing at Near Kannan Zila, Bengaluru Urban.",open,Bengaluru Urban,Bengaluru Urban North PS,"Near Kannan Zila, Bengaluru Urban",12.9531,77.5675,Insp. Frederick Tailor,2024,2,23
KAR/BEN/2024/0664,2024-04-13,06:11:00,burglary,"Reported incident of burglary at Near Ravel, Bengaluru Urban.",open,Bengaluru Urban,Bengaluru Urban West PS,"Near Ravel, Bengaluru Urban",12.9254,77.5367,Insp. Dayita Venkataraman,2024,4,6
KAR/VIJ/2024/0665,2025-03-20,23:07:00,cybercrime,"Reported incident of cybercrime at Near Khare Chowk, Vijayapura.",open,Vijayapura,Vijayapura Suburban PS,"Near Khare Chowk, Vijayapura",16.7447,75.6311,Insp. Yutika Kulkarni,2025,3,23
KAR/BAL/2024/0666,2024-10-04,04:31:00,chain_snatching,"Reported incident of chain snatching at Near Wali Circle, Ballari. Suspect vehicle noticed with plate KA-01-KB-2401.",open,Ballari,Ballari Suburban PS,"Near Wali Circle, Ballari",15.2166,76.9239,Insp. Ishanvi Som,2024,10,4
KAR/BEN/2024/0667,2024-01-07,10:14:00,burglary,"Reported incident of burglary at Near Rao Marg, Bengaluru Rural.",open,Bengaluru Rural,Bengaluru Rural North PS,"Near Rao Marg, Bengaluru Rural",13.2288,77.5188,Insp. Riya Basak,2024,1,10
KAR/SHI/2024/0668,2025-05-01,10:45:00,robbery,"Reported incident of robbery at Near Viswanathan, Shivamogga. Suspect vehicle noticed with plate KA-44-P-9220.",open,Shivamogga,Shivamogga Rural PS,"Near Viswanathan, Shivamogga",13.8603,75.5223,Insp. Krishna Pathak,2025,5,10
KAR/CHI/2024/0669,2024-10-18,14:29:00,vehicle_theft,"Reported incident of vehicle theft at Near Kuruvilla Marg, Chikkamagaluru. Suspect vehicle noticed with plate KA-13-KB-6236.",open,Chikkamagaluru,Chikkamagaluru Market PS,"Near Kuruvilla Marg, Chikkamagaluru",13.3608,75.7029,Insp. Radha Brar,2024,10,14
KAR/CHI/2024/0670,2025-02-20,03:04:00,robbery,"Reported incident of robbery at Near Kaul, Chikkamagaluru. Suspect vehicle noticed with plate KA-52-P-6817.",under_investigation,Chikkamagaluru,Chikkamagaluru Market PS,"Near Kaul, Chikkamagaluru",13.3487,75.7274,Insp. Ria Chad,2025,2,3
KAR/BID/2024/0671,2024-02-14,20:02:00,vehicle_theft,"Reported incident of vehicle theft at Near Sarna Circle, Bidar. Suspect vehicle noticed with plate KA-42-M-8367.",closed,Bidar,Bidar Industrial PS,"Near Sarna Circle, Bidar",17.9184,77.5439,Insp. Devansh Rajan,2024,2,20
KAR/TUM/2024/0672,2024-12-01,22:12:00,vehicle_theft,"Reported incident of vehicle theft at Near Bahri Nagar, Tumakuru. Suspect vehicle noticed with plate KA-12-KB-7678.",under_investigation,Tumakuru,Tumakuru Town PS,"Near Bahri Nagar, Tumakuru",13.2822,77.1179,Insp. Zinal Mangal,2024,12,22
KAR/BEN/2024/0673,2025-04-17,16:36:00,cybercrime,"Reported incident of cybercrime at Near Balakrishnan Zila, Bengaluru Urban.",open,Bengaluru Urban,Bengaluru Urban South PS,"Near Balakrishnan Zila, Bengaluru Urban",13.0143,77.5108,Insp. Fitan Chowdhury,2025,4,16
KAR/BEN/2024/0674,2025-03-25,22:12:00,chain_snatching,"Reported incident of chain snatching at Near Dugar Ganj, Bengaluru Urban. Suspect vehicle noticed with plate KA-23-A-3319.",under_investigation,Bengaluru Urban,Bengaluru Urban Central PS,"Near Dugar Ganj, Bengaluru Urban",12.9121,77.5498,Insp. Jason Bal,2025,3,22
KAR/BEN/2024/0675,2024-11-17,01:22:00,vehicle_theft,"Reported incident of vehicle theft at Near Sethi Street, Bengaluru Urban. Suspect vehicle noticed with plate KA-28-B-9269.",under_investigation,Bengaluru Urban,Bengaluru Urban Traffic PS,"Near Sethi Street, Bengaluru Urban",12.9502,77.6284,Insp. Baljiwan Upadhyay,2024,11,1
KAR/VIJ/2024/0676,2024-07-30,21:21:00,chain_snatching,"Reported incident of chain snatching at Near Master Circle, Vijayapura. Suspect vehicle noticed with plate KA-19-KA-7838.",open,Vijayapura,Vijayapura Industrial PS,"Near Master Circle, Vijayapura",16.8316,75.766,Insp. Kamala Goel,2024,7,21
KAR/BEN/2024/0677,2024-11-01,19:21:00,kidnapping,"Reported incident of kidnapping at Near Sangha Circle, Bengaluru Rural.",under_investigation,Bengaluru Rural,Bengaluru Rural Traffic PS,"Near Sangha Circle, Bengaluru Rural",13.2919,77.4926,Insp. Anya Sen,2024,11,19
KAR/BEN/2024/0678,2024-06-26,18:42:00,chain_snatching,"Reported incident of chain snatching at Near Rajagopalan Street, Bengaluru Urban. Suspect vehicle noticed with plate KA-47-KA-9938.",chargesheeted,Bengaluru Urban,Bengaluru Urban Traffic PS,"Near Rajagopalan Street, Bengaluru Urban",12.9456,77.6372,Insp. Luke Prashad,2024,6,18
KAR/BEN/2024/0679,2025-04-22,01:32:00,property_crime,"Reported incident of property crime at Near Mann Ganj, Bengaluru Urban.",under_investigation,Bengaluru Urban,Bengaluru Urban North PS,"Near Mann Ganj, Bengaluru Urban",12.9759,77.5992,Insp. Forum Jhaveri,2025,4,1
KAR/BEN/2024/0680,2024-11-13,01:56:00,vehicle_theft,"Reported incident of vehicle theft at Near Narayan Circle, Bengaluru Urban. Suspect vehicle noticed with plate KA-04-P-4455.",under_investigation,Bengaluru Urban,Bengaluru Urban South PS,"Near Narayan Circle, Bengaluru Urban",12.9906,77.492,Insp. Anjali Dhar,2024,11,1
KAR/MYS/2024/0681,2024-11-13,11:07:00,vehicle_theft,"Reported incident of vehicle theft at Near Ghosh Ganj, Mysuru. Suspect vehicle noticed with plate KA-39-KB-9489.",open,Mysuru,Mysuru North PS,"Near Ghosh Ganj, Mysuru",12.2508,76.5778,Insp. Qasim Deol,2024,11,11
KAR/HUB/2024/0682,2024-04-09,17:05:00,eve_teasing,"Reported incident of eve teasing at Near Morar Marg, Hubballi-Dharwad.",open,Hubballi-Dharwad,Hubballi-Dharwad Town PS,"Near Morar Marg, Hubballi-Dharwad",15.3992,75.149,Insp. Vasatika Date,2024,4,17
KAR/BEN/2024/0683,2024-10-17,03:16:00,robbery,"Reported incident of robbery at Near Dube Road, Bengaluru Urban. Suspect vehicle noticed with plate KA-28-B-9871.",open,Bengaluru Urban,Bengaluru Urban South PS,"Near Dube Road, Bengaluru Urban",12.9988,77.5354,Insp. Samar Chander,2024,10,3
KAR/BEN/2024/0684,2024-06-19,15:34:00,drug_offence,"Reported incident of drug offence at Near Sunder Chowk, Bengaluru Urban.",open,Bengaluru Urban,Bengaluru Urban Traffic PS,"Near Sunder Chowk, Bengaluru Urban",12.9852,77.6806,Insp. Anay Wadhwa,2024,6,15
KAR/BEL/2024/0685,2024-04-23,07:36:00,vehicle_theft,"Reported incident of vehicle theft at Near Anne Zila, Belagavi. Suspect vehicle noticed with plate KA-37-KA-9513.",open,Belagavi,Belagavi Industrial PS,"Near Anne Zila, Belagavi",15.8363,74.534,Insp. Harish Sanghvi,2024,4,7
KAR/VIJ/2024/0686,2024-04-01,13:37:00,drug_offence,"Reported incident of drug offence at Near Chhabra Circle, Vijayapura.",open,Vijayapura,Vijayapura Industrial PS,"Near Chhabra Circle, Vijayapura",16.8244,75.7494,Insp. Brinda Dyal,2024,4,13
KAR/BEN/2024/0687,2025-03-22,21:59:00,domestic_violence,"Reported incident of domestic violence at Near Warrior Nagar, Bengaluru Urban.",open,Bengaluru Urban,Bengaluru Urban West PS,"Near Warrior Nagar, Bengaluru Urban",12.9246,77.5321,Insp. Aarush Sarna,2025,3,21
KAR/HAS/2024/0688,2024-03-25,12:36:00,chain_snatching,"Reported incident of chain snatching at Near Nayar Road, Hassan. Suspect vehicle noticed with plate KA-32-KB-5257.",open,Hassan,Hassan Town PS,"Near Nayar Road, Hassan",13.0024,76.0083,Insp. Veda Savant,2024,3,12
KAR/BEN/2024/0689,2024-10-18,11:03:00,chain_snatching,"Reported incident of chain snatching at Near Mannan Circle, Bengaluru Urban. Suspect vehicle noticed with plate KA-42-B-2619.",under_investigation,Bengaluru Urban,Bengaluru Urban East PS,"Near Mannan Circle, Bengaluru Urban",13.0463,77.612,Insp. Nilima Goel,2024,10,11
KAR/BEN/2024/0690,2024-04-04,12:07:00,hit_and_run,"Reported incident of hit and run at Near Sethi Chowk, Bengaluru Urban.",open,Bengaluru Urban,Bengaluru Urban North PS,"Near Sethi Chowk, Bengaluru Urban",12.9624,77.6068,Insp. Hredhaan Kant,2024,4,12
KAR/KAL/2024/0691,2024-06-21,19:10:00,vehicle_theft,"Reported incident of vehicle theft at Near Shan, Kalaburagi. Suspect vehicle noticed with plate KA-15-N-9253.",open,Kalaburagi,Kalaburagi Suburban PS,"Near Shan, Kalaburagi",17.2773,76.872,Insp. Advay Rajan,2024,6,19
KAR/RAI/2024/0692,2024-10-11,12:01:00,property_crime,"Reported incident of property crime at Near Vaidya Zila, Raichur.",closed,Raichur,Raichur Market PS,"Near Vaidya Zila, Raichur",16.1688,77.3273,Insp. Veer Prakash,2024,10,12
KAR/TUM/2024/0693,2024-12-08,20:20:00,vehicle_theft,"Reported incident of vehicle theft at Near Wason Marg, Tumakuru. Suspect vehicle noticed with plate KA-19-A-3827.",under_investigation,Tumakuru,Tumakuru Industrial PS,"Near Wason Marg, Tumakuru",13.3295,77.0971,Insp. Sanaya Rattan,2024,12,20
KAR/RAI/2024/0694,2024-11-08,16:16:00,assault,"Reported incident of assault at Near Gulati Marg, Raichur.",under_investigation,Raichur,Raichur Market PS,"Near Gulati Marg, Raichur",16.1925,77.3128,Insp. Neelima Purohit,2024,11,16
KAR/BEN/2024/0695,2024-12-08,17:40:00,chain_snatching,"Reported incident of chain snatching at Near Goel Chowk, Bengaluru Urban. Suspect vehicle noticed with plate KA-40-M-5576.",closed,Bengaluru Urban,Bengaluru Urban Traffic PS,"Near Goel Chowk, Bengaluru Urban",12.9931,77.6483,Insp. Ishanvi Kapoor,2024,12,17
KAR/BID/2024/0696,2024-08-03,18:37:00,cybercrime,"Reported incident of cybercrime at Near Sur Ganj, Bidar.",open,Bidar,Bidar Town PS,"Near Sur Ganj, Bidar",17.976,77.5684,Insp. Eta Dara,2024,8,18
KAR/BEN/2024/0697,2024-01-15,14:14:00,eve_teasing,"Reported incident of eve teasing at Near Bobal Chowk, Bengaluru Urban.",chargesheeted,Bengaluru Urban,Bengaluru Urban Traffic PS,"Near Bobal Chowk, Bengaluru Urban",12.9711,77.6706,Insp. Hema Choudhry,2024,1,14
KAR/BEN/2024/0698,2024-01-27,11:10:00,fraud,"Reported incident of fraud at Near Sundaram, Bengaluru Urban.",under_investigation,Bengaluru Urban,Bengaluru Urban Traffic PS,"Near Sundaram, Bengaluru Urban",12.9511,77.6807,Insp. Ekaja Ganguly,2024,1,11
KAR/BEN/2024/0699,2025-02-19,15:52:00,vehicle_theft,"Reported incident of vehicle theft at Near Gill Marg, Bengaluru Urban. Suspect vehicle noticed with plate KA-40-P-8663.",under_investigation,Bengaluru Urban,Bengaluru Urban West PS,"Near Gill Marg, Bengaluru Urban",12.9239,77.5662,Insp. Tripti Tandon,2025,2,15
KAR/KAL/2024/0700,2024-05-16,23:52:00,domestic_violence,"Reported incident of domestic violence at Near Gour Chowk, Kalaburagi.",under_investigation,Kalaburagi,Kalaburagi Rural PS,"Near Gour Chowk, Kalaburagi",17.242,76.7569,Insp. Krishna Kade,2024,5,23
KAR/BEN/2024/0701,2024-01-25,12:47:00,murder,"Reported incident of murder at Near Vora, Bengaluru Urban.",open,Bengaluru Urban,Bengaluru Urban Traffic PS,"Near Vora, Bengaluru Urban",12.9461,77.6288,Insp. Unnati Wadhwa,2024,1,12
KAR/TUM/2024/0702,2025-03-06,15:35:00,assault,"Reported incident of assault at Near Brahmbhatt Nagar, Tumakuru.",open,Tumakuru,Tumakuru Traffic PS,"Near Brahmbhatt Nagar, Tumakuru",13.3739,77.0598,Insp. Urishilla Handa,2025,3,15
KAR/HAS/2024/0703,2024-12-11,13:42:00,robbery,"Reported incident of robbery at Near Rama Street, Hassan. Suspect vehicle noticed with plate KA-03-P-8441.",closed,Hassan,Hassan Industrial PS,"Near Rama Street, Hassan",13.0075,76.0542,Insp. Janya Joshi,2024,12,13
KAR/KOL/2024/0704,2024-01-13,00:31:00,robbery,"Reported incident of robbery at Near Brahmbhatt Road, Kolar. Suspect vehicle noticed with plate KA-08-P-6719.",under_investigation,Kolar,Kolar Rural PS,"Near Brahmbhatt Road, Kolar",13.1607,78.0974,Insp. Daksh Deo,2024,1,0
KAR/BEN/2024/0705,2024-08-18,23:35:00,hit_and_run,"Reported incident of hit and run at Near Konda, Bengaluru Urban.",open,Bengaluru Urban,Bengaluru Urban Central PS,"Near Konda, Bengaluru Urban",12.9437,77.5635,Insp. Fariq Srinivas,2024,8,23
KAR/BEN/2024/0706,2024-11-07,23:07:00,fraud,"Reported incident of fraud at Near Nair Chowk, Bengaluru Urban.",under_investigation,Bengaluru Urban,Bengaluru Urban Traffic PS,"Near Nair Chowk, Bengaluru Urban",12.9736,77.6821,Insp. Avi Parikh,2024,11,23
KAR/BAL/2024/0707,2024-06-01,22:23:00,assault,"Reported incident of assault at Near Varghese Road, Ballari.",open,Ballari,Ballari Suburban PS,"Near Varghese Road, Ballari",15.2218,76.9514,Insp. Hredhaan Dubey,2024,6,22
KAR/BID/2024/0708,2025-04-28,21:25:00,robbery,"Reported incident of robbery at Near Hayre, Bidar. Suspect vehicle noticed with plate KA-06-KB-5201.",under_investigation,Bidar,Bidar Traffic PS,"Near Hayre, Bidar",17.858,77.4485,Insp. Urishilla Samra,2025,4,21
KAR/HUB/2024/0709,2024-03-15,20:28:00,chain_snatching,"Reported incident of chain snatching at Near Raval, Hubballi-Dharwad. Suspect vehicle noticed with plate KA-50-M-3930.",under_investigation,Hubballi-Dharwad,Hubballi-Dharwad Suburban PS,"Near Raval, Hubballi-Dharwad",15.4016,75.1332,Insp. Nihal Bail,2024,3,20
KAR/UDU/2024/0710,2024-03-31,09:18:00,assault,"Reported incident of assault at Near Loke Nagar, Udupi.",chargesheeted,Udupi,Udupi Town PS,"Near Loke Nagar, Udupi",13.3763,74.7242,Insp. Garima Lala,2024,3,9
KAR/BID/2024/0711,2025-05-03,18:55:00,assault,"Reported incident of assault at Near Mahajan Chowk, Bidar.",under_investigation,Bidar,Bidar Town PS,"Near Mahajan Chowk, Bidar",18.0139,77.5462,Insp. Manan Saxena,2025,5,18
KAR/BEN/2024/0712,2024-12-20,07:38:00,vehicle_theft,"Reported incident of vehicle theft at Near Dhillon Street, Bengaluru Urban. Suspect vehicle noticed with plate KA-51-KB-1606.",open,Bengaluru Urban,Bengaluru Urban East PS,"Near Dhillon Street, Bengaluru Urban",13.0261,77.579,Insp. Rachit Rau,2024,12,7
KAR/BEN/2024/0713,2024-11-30,11:09:00,robbery,"Reported incident of robbery at Near Johal Nagar, Bengaluru Urban. Suspect vehicle noticed with plate KA-28-B-5170.",open,Bengaluru Urban,Bengaluru Urban South PS,"Near Johal Nagar, Bengaluru Urban",12.9705,77.4923,Insp. Shravya Deshmukh,2024,11,11
KAR/BEN/2024/0714,2025-02-07,23:46:00,eve_teasing,"Reported incident of eve teasing at Near Chadha Road, Bengaluru Urban.",open,Bengaluru Urban,Bengaluru Urban South PS,"Near Chadha Road, Bengaluru Urban",12.9756,77.4949,Insp. Triya Lad,2025,2,23
KAR/BEN/2024/0715,2025-03-16,18:22:00,vehicle_theft,"Reported incident of vehicle theft at Near Kade Zila, Bengaluru Urban. Suspect vehicle noticed with plate KA-03-KA-9824.",under_investigation,Bengaluru Urban,Bengaluru Urban North PS,"Near Kade Zila, Bengaluru Urban",12.9288,77.5702,Insp. Ira Khurana,2025,3,18
KAR/SHI/2024/0716,2024-09-25,09:40:00,burglary,"Reported incident of burglary at Near Varkey Street, Shivamogga.",under_investigation,Shivamogga,Shivamogga Traffic PS,"Near Varkey Street, Shivamogga",13.9998,75.6494,Insp. Utkarsh Tank,2024,9,9
KAR/RAI/2024/0717,2024-10-14,02:26:00,chain_snatching,"Reported incident of chain snatching at Near Bhasin Road, Raichur. Suspect vehicle noticed with plate KA-15-KA-1758.",under_investigation,Raichur,Raichur Town PS,"Near Bhasin Road, Raichur",16.162,77.3844,Insp. Aashi Datta,2024,10,2
KAR/KAL/2024/0718,2024-09-26,07:10:00,burglary,"Reported incident of burglary at Near Balakrishnan Chowk, Kalaburagi.",open,Kalaburagi,Kalaburagi Industrial PS,"Near Balakrishnan Chowk, Kalaburagi",17.31,76.8735,Insp. Ranveer Luthra,2024,9,7
KAR/BEN/2024/0719,2024-07-13,21:22:00,vehicle_theft,"Reported incident of vehicle theft at Near Shroff Street, Bengaluru Urban. Suspect vehicle noticed with plate KA-46-KA-3882.",open,Bengaluru Urban,Bengaluru Urban South PS,"Near Shroff Street, Bengaluru Urban",13.0037,77.4977,Insp. Lakshmi Doshi,2024,7,21
KAR/MAN/2024/0720,2024-12-09,13:10:00,chain_snatching,"Reported incident of chain snatching at Near Manne Road, Mandya. Suspect vehicle noticed with plate KA-44-KA-3319.",under_investigation,Mandya,Mandya Industrial PS,"Near Manne Road, Mandya",12.5234,76.9655,Insp. Andrew Sampath,2024,12,13
KAR/KOL/2024/0721,2025-03-05,00:51:00,assault,"Reported incident of assault at Near Wason Circle, Kolar.",open,Kolar,Kolar Industrial PS,"Near Wason Circle, Kolar",13.1664,78.2086,Insp. Hemani Kota,2025,3,0
KAR/BEN/2024/0722,2025-01-10,16:00:00,assault,"Reported incident of assault at Near Chopra Street, Bengaluru Urban.",chargesheeted,Bengaluru Urban,Bengaluru Urban Traffic PS,"Near Chopra Street, Bengaluru Urban",12.9582,77.6748,Insp. Rudra Sood,2025,1,16
KAR/VIJ/2024/0723,2024-01-06,21:47:00,murder,"Reported incident of murder at Near Mutti Road, Vijayapura.",under_investigation,Vijayapura,Vijayapura Market PS,"Near Mutti Road, Vijayapura",16.8471,75.7736,Insp. Prisha Kamdar,2024,1,21
KAR/BEN/2024/0724,2024-02-23,01:43:00,vehicle_theft,"Reported incident of vehicle theft at Near Kari, Bengaluru Urban. Suspect vehicle noticed with plate KA-31-B-3078.",chargesheeted,Bengaluru Urban,Bengaluru Urban East PS,"Near Kari, Bengaluru Urban",13.0297,77.6187,Insp. Darika Sami,2024,2,1
KAR/BEN/2024/0725,2024-12-03,15:00:00,vehicle_theft,"Reported incident of vehicle theft at Near Dani Chowk, Bengaluru Urban. Suspect vehicle noticed with plate KA-54-P-3171.",open,Bengaluru Urban,Bengaluru Urban East PS,"Near Dani Chowk, Bengaluru Urban",13.0392,77.5719,Insp. Bimala Bal,2024,12,15
KAR/BEN/2024/0726,2024-12-07,16:27:00,chain_snatching,"Reported incident of chain snatching at Near Mall Zila, Bengaluru Urban. Suspect vehicle noticed with plate KA-53-KB-9969.",open,Bengaluru Urban,Bengaluru Urban East PS,"Near Mall Zila, Bengaluru Urban",13.0771,77.5845,Insp. Bahadurjit Natarajan,2024,12,16
KAR/BEN/2024/0727,2024-05-07,23:42:00,robbery,"Reported incident of robbery at Near Mangat Nagar, Bengaluru Urban. Suspect vehicle noticed with plate KA-48-M-3024.",open,Bengaluru Urban,Bengaluru Urban East PS,"Near Mangat Nagar, Bengaluru Urban",13.0233,77.6202,Insp. Girish Agarwal,2024,5,23
KAR/VIJ/2024/0728,2024-12-12,20:44:00,vehicle_theft,"Reported incident of vehicle theft at Near Bal Chowk, Vijayapura. Suspect vehicle noticed with plate KA-42-KB-9515.",under_investigation,Vijayapura,Vijayapura Industrial PS,"Near Bal Chowk, Vijayapura",16.8126,75.7673,Insp. Krishna Mittal,2024,12,20
KAR/BEN/2024/0729,2024-11-27,01:16:00,assault,"Reported incident of assault at Near Bajaj, Bengaluru Rural.",under_investigation,Bengaluru Rural,Bengaluru Rural Central PS,"Near Bajaj, Bengaluru Rural",13.2335,77.5701,Insp. Urmi Bobal,2024,11,1
KAR/BEN/2024/0730,2024-05-23,14:38:00,fraud,"Reported incident of fraud at Near Tella Path, Bengaluru Urban.",open,Bengaluru Urban,Bengaluru Urban South PS,"Near Tella Path, Bengaluru Urban",12.9606,77.4968,Insp. Pooja Sandhu,2024,5,14
KAR/MAN/2024/0731,2024-06-08,05:25:00,cybercrime,"Reported incident of cybercrime at Near Rajan Zila, Mangaluru (Dakshina Kannada).",open,Mangaluru (Dakshina Kannada),Mangaluru (Dakshina Kannada) Traffic PS,"Near Rajan Zila, Mangaluru (Dakshina Kannada)",12.9466,74.9009,Insp. Samarth Ramakrishnan,2024,6,5
KAR/SHI/2024/0732,2024-02-05,00:33:00,drug_offence,"Reported incident of drug offence at Near Golla Circle, Shivamogga.",open,Shivamogga,Shivamogga Town PS,"Near Golla Circle, Shivamogga",13.9719,75.6123,Insp. Nandini Anne,2024,2,0
KAR/RAI/2024/0733,2024-02-18,06:00:00,burglary,"Reported incident of burglary at Near Kanda Marg, Raichur.",open,Raichur,Raichur Rural PS,"Near Kanda Marg, Raichur",16.1466,77.2742,Insp. Avi Ramesh,2024,2,6
KAR/BEN/2024/0734,2024-09-21,13:46:00,burglary,"Reported incident of burglary at Near Krishnan Chowk, Bengaluru Urban.",chargesheeted,Bengaluru Urban,Bengaluru Urban East PS,"Near Krishnan Chowk, Bengaluru Urban",13.0256,77.6196,Insp. Robert Krishna,2024,9,13
KAR/BEN/2024/0735,2024-12-06,23:40:00,vehicle_theft,"Reported incident of vehicle theft at Near Randhawa Street, Bengaluru Urban. Suspect vehicle noticed with plate KA-33-P-1735.",open,Bengaluru Urban,Bengaluru Urban West PS,"Near Randhawa Street, Bengaluru Urban",12.8823,77.5632,Insp. Omisha Saxena,2024,12,23
KAR/TUM/2024/0736,2024-12-12,12:03:00,chain_snatching,"Reported incident of chain snatching at Near Batta Street, Tumakuru. Suspect vehicle noticed with plate KA-04-KB-6923.",open,Tumakuru,Tumakuru Market PS,"Near Batta Street, Tumakuru",13.3463,77.0983,Insp. Harini Kara,2024,12,12
KAR/BEN/2024/0737,2024-02-28,01:25:00,vehicle_theft,"Reported incident of vehicle theft at Near Garde Path, Bengaluru Urban. Suspect vehicle noticed with plate KA-07-M-8085.",under_investigation,Bengaluru Urban,Bengaluru Urban Central PS,"Near Garde Path, Bengaluru Urban",12.8984,77.5927,Insp. Abeer Krish,2024,2,1
KAR/KOL/2024/0738,2025-04-21,03:59:00,burglary,"Reported incident of burglary at Near Mohan Ganj, Kolar.",chargesheeted,Kolar,Kolar Suburban PS,"Near Mohan Ganj, Kolar",13.1223,78.0384,Insp. Nirja Rastogi,2025,4,3
KAR/HUB/2024/0739,2024-08-10,09:49:00,robbery,"Reported incident of robbery at Near Ratti Circle, Hubballi-Dharwad. Suspect vehicle noticed with plate KA-53-KA-7153.",chargesheeted,Hubballi-Dharwad,Hubballi-Dharwad Suburban PS,"Near Ratti Circle, Hubballi-Dharwad",15.3622,75.0739,Insp. Guneet Dubey,2024,8,9
KAR/TUM/2024/0740,2025-03-07,05:56:00,fraud,"Reported incident of fraud at Near Srinivas Street, Tumakuru.",open,Tumakuru,Tumakuru Rural PS,"Near Srinivas Street, Tumakuru",13.3375,77.1082,Insp. Gagan Nagy,2025,3,5
KAR/BID/2024/0741,2025-01-24,07:18:00,vehicle_theft,"Reported incident of vehicle theft at Near Mangat Circle, Bidar. Suspect vehicle noticed with plate KA-50-M-7022.",under_investigation,Bidar,Bidar Market PS,"Near Mangat Circle, Bidar",17.8351,77.5427,Insp. Vritti Murty,2025,1,7
KAR/BEN/2024/0742,2024-11-25,04:09:00,fraud,"Reported incident of fraud at Near Chhabra Street, Bengaluru Rural.",under_investigation,Bengaluru Rural,Bengaluru Rural East PS,"Near Chhabra Street, Bengaluru Rural",13.2809,77.5013,Insp. Aashi Brahmbhatt,2024,11,4
KAR/BEL/2024/0743,2024-10-12,01:52:00,assault,"Reported incident of assault at Near Dyal Chowk, Belagavi.",open,Belagavi,Belagavi Rural PS,"Near Dyal Chowk, Belagavi",15.8318,74.5221,Insp. Lavanya Gala,2024,10,1
KAR/BEN/2024/0744,2024-08-20,06:26:00,cybercrime,"Reported incident of cybercrime at Near Wagle Zila, Bengaluru Urban.",under_investigation,Bengaluru Urban,Bengaluru Urban Traffic PS,"Near Wagle Zila, Bengaluru Urban",12.9747,77.6422,Insp. Nihal Sridhar,2024,8,6
KAR/BEN/2024/0745,2024-11-15,13:27:00,murder,"Reported incident of murder at Near Mitter Zila, Bengaluru Urban.",under_investigation,Bengaluru Urban,Bengaluru Urban West PS,"Near Mitter Zila, Bengaluru Urban",12.8932,77.5401,Insp. Caleb Pant,2024,11,13
KAR/BEN/2024/0746,2024-06-04,01:38:00,chain_snatching,"Reported incident of chain snatching at Near Sunder Nagar, Bengaluru Rural. Suspect vehicle noticed with plate KA-03-N-8456.",under_investigation,Bengaluru Rural,Bengaluru Rural Traffic PS,"Near Sunder Nagar, Bengaluru Rural",13.3121,77.5129,Insp. Yatan Rao,2024,6,1
KAR/BEN/2024/0747,2024-10-05,13:10:00,vehicle_theft,"Reported incident of vehicle theft at Near Lanka Chowk, Bengaluru Urban. Suspect vehicle noticed with plate KA-03-A-9697.",open,Bengaluru Urban,Bengaluru Urban North PS,"Near Lanka Chowk, Bengaluru Urban",12.9451,77.6219,Insp. Manan Sama,2024,10,13
KAR/MAN/2024/0748,2024-06-03,00:20:00,hit_and_run,"Reported incident of hit and run at Near Sibal Street, Mandya.",under_investigation,Mandya,Mandya Town PS,"Near Sibal Street, Mandya",12.5421,76.8872,Insp. Bhavini Kapadia,2024,6,0
KAR/KOP/2024/0749,2024-05-07,02:31:00,burglary,"Reported incident of burglary at Near Jaggi Ganj, Koppal.",open,Koppal,Koppal Traffic PS,"Near Jaggi Ganj, Koppal",15.3564,76.2111,Insp. Udyati Jain,2024,5,2
KAR/KAL/2024/0750,2024-05-12,08:38:00,chain_snatching,"Reported incident of chain snatching at Near Kala Road, Kalaburagi. Suspect vehicle noticed with plate KA-35-KB-5158.",under_investigation,Kalaburagi,Kalaburagi Rural PS,"Near Kala Road, Kalaburagi",17.2516,76.7543,Insp. Varsha Pant,2024,5,8
KAR/KOP/2024/0751,2025-02-17,02:36:00,cybercrime,"Reported incident of cybercrime at Near Borra Chowk, Koppal.",open,Koppal,Koppal Industrial PS,"Near Borra Chowk, Koppal",15.3385,76.1689,Insp. Ucchal Solanki,2025,2,2
KAR/BAL/2024/0752,2024-07-30,03:50:00,hit_and_run,"Reported incident of hit and run at Near Banerjee Path, Ballari.",under_investigation,Ballari,Ballari Traffic PS,"Near Banerjee Path, Ballari",15.1899,76.8684,Insp. Shivani Parmar,2024,7,3
KAR/BEN/2024/0753,2025-01-09,01:11:00,assault,"Reported incident of assault at Near Kannan Marg, Bengaluru Urban.",open,Bengaluru Urban,Bengaluru Urban East PS,"Near Kannan Marg, Bengaluru Urban",13.0437,77.6031,Insp. Aadi Chandran,2025,1,1
KAR/BEN/2024/0754,2024-10-17,09:10:00,cybercrime,"Reported incident of cybercrime at Near Naik Street, Bengaluru Urban.",open,Bengaluru Urban,Bengaluru Urban Central PS,"Near Naik Street, Bengaluru Urban",12.9053,77.5603,Insp. Bakhshi Borde,2024,10,9
KAR/MYS/2024/0755,2024-05-11,23:57:00,domestic_violence,"Reported incident of domestic violence at Near Dave Street, Mysuru.",chargesheeted,Mysuru,Mysuru South PS,"Near Dave Street, Mysuru",12.2611,76.6341,Insp. Warjas Dewan,2024,5,23
KAR/BEN/2024/0756,2025-04-24,03:02:00,robbery,"Reported incident of robbery at Near Sabharwal Zila, Bengaluru Urban. Suspect vehicle noticed with plate KA-21-M-6640.",open,Bengaluru Urban,Bengaluru Urban South PS,"Near Sabharwal Zila, Bengaluru Urban",12.96,77.4893,Insp. Samar Gour,2025,4,3
KAR/BEN/2024/0757,2024-05-28,08:45:00,vehicle_theft,"Reported incident of vehicle theft at Near Sodhi Path, Bengaluru Urban. Suspect vehicle noticed with plate KA-55-P-4927.",chargesheeted,Bengaluru Urban,Bengaluru Urban East PS,"Near Sodhi Path, Bengaluru Urban",13.0619,77.5736,Insp. Qadim Ray,2024,5,8
KAR/KOP/2024/0758,2024-08-04,04:24:00,chain_snatching,"Reported incident of chain snatching at Near Modi Marg, Koppal. Suspect vehicle noticed with plate KA-12-N-2905.",under_investigation,Koppal,Koppal Industrial PS,"Near Modi Marg, Koppal",15.3091,76.2108,Insp. Keya Ghosh,2024,8,4
KAR/BEN/2024/0759,2024-11-01,02:08:00,chain_snatching,"Reported incident of chain snatching at Near Chaudhari Zila, Bengaluru Rural. Suspect vehicle noticed with plate KA-05-KB-2299.",open,Bengaluru Rural,Bengaluru Rural South PS,"Near Chaudhari Zila, Bengaluru Rural",13.1512,77.5734,Insp. Rachit Trivedi,2024,11,2
KAR/HUB/2024/0760,2024-10-28,06:46:00,assault,"Reported incident of assault at Near Desai Circle, Hubballi-Dharwad.",open,Hubballi-Dharwad,Hubballi-Dharwad Market PS,"Near Desai Circle, Hubballi-Dharwad",15.3732,75.1979,Insp. Sachi Buch,2024,10,6
KAR/BEN/2024/0761,2024-06-06,16:41:00,fraud,"Reported incident of fraud at Near Srinivasan Chowk, Bengaluru Urban.",under_investigation,Bengaluru Urban,Bengaluru Urban West PS,"Near Srinivasan Chowk, Bengaluru Urban",12.9046,77.5421,Insp. Hiral Banerjee,2024,6,16
KAR/BID/2024/0762,2024-12-08,17:15:00,fraud,"Reported incident of fraud at Near Toor Zila, Bidar.",open,Bidar,Bidar Town PS,"Near Toor Zila, Bidar",17.9753,77.5596,Insp. Ganga Prashad,2024,12,17
KAR/BEN/2024/0763,2024-06-20,10:45:00,vehicle_theft,"Reported incident of vehicle theft at Near Bail Street, Bengaluru Urban. Suspect vehicle noticed with plate KA-48-A-6240.",chargesheeted,Bengaluru Urban,Bengaluru Urban Central PS,"Near Bail Street, Bengaluru Urban",12.9527,77.6074,Insp. Maya Tripathi,2024,6,10
KAR/DAV/2024/0764,2024-06-07,04:07:00,robbery,"Reported incident of robbery at Near Pandit Road, Davangere. Suspect vehicle noticed with plate KA-14-N-7972.",under_investigation,Davangere,Davangere Industrial PS,"Near Pandit Road, Davangere",14.4167,76.0217,Insp. Eta Rau,2024,6,4
KAR/BAL/2024/0765,2024-07-18,21:44:00,burglary,"Reported incident of burglary at Near Parekh Street, Ballari.",open,Ballari,Ballari Suburban PS,"Near Parekh Street, Ballari",15.1832,76.9669,Insp. Zayyan Mody,2024,7,21
KAR/BEN/2024/0766,2025-01-09,13:21:00,burglary,"Reported incident of burglary at Near Vala Chowk, Bengaluru Urban.",under_investigation,Bengaluru Urban,Bengaluru Urban Traffic PS,"Near Vala Chowk, Bengaluru Urban",12.9764,77.641,Insp. Dayita Soman,2025,1,13
KAR/BEN/2024/0767,2024-05-15,10:52:00,burglary,"Reported incident of burglary at Near Parmar Path, Bengaluru Urban.",under_investigation,Bengaluru Urban,Bengaluru Urban Central PS,"Near Parmar Path, Bengaluru Urban",12.8986,77.6023,Insp. Darika Chowdhury,2024,5,10
KAR/BEN/2024/0768,2024-12-04,03:28:00,vehicle_theft,"Reported incident of vehicle theft at Near Pingle Path, Bengaluru Urban. Suspect vehicle noticed with plate KA-21-A-3275.",open,Bengaluru Urban,Bengaluru Urban East PS,"Near Pingle Path, Bengaluru Urban",13.0236,77.5994,Insp. Anjali Kaul,2024,12,3
KAR/HAS/2024/0769,2025-04-28,16:30:00,vehicle_theft,"Reported incident of vehicle theft at Near Chaudhuri Zila, Hassan. Suspect vehicle noticed with plate KA-37-A-5392.",under_investigation,Hassan,Hassan Rural PS,"Near Chaudhuri Zila, Hassan",12.9894,76.0288,Insp. Wazir Warrior,2025,4,16
KAR/HAS/2024/0770,2024-06-14,00:55:00,vehicle_theft,"Reported incident of vehicle theft at Near Mukhopadhyay, Hassan. Suspect vehicle noticed with plate KA-03-KB-3392.",open,Hassan,Hassan Suburban PS,"Near Mukhopadhyay, Hassan",13.0704,76.1184,Insp. Kamya Gola,2024,6,0
KAR/MAN/2024/0771,2024-05-16,20:59:00,vehicle_theft,"Reported incident of vehicle theft at Near Modi Path, Mangaluru (Dakshina Kannada). Suspect vehicle noticed with plate KA-02-KA-2485.",under_investigation,Mangaluru (Dakshina Kannada),Mangaluru (Dakshina Kannada) Traffic PS,"Near Modi Path, Mangaluru (Dakshina Kannada)",12.9333,74.9031,Insp. Tanay Raghavan,2024,5,20
KAR/UDU/2024/0772,2025-01-16,08:28:00,robbery,"Reported incident of robbery at Near Thaker Ganj, Udupi. Suspect vehicle noticed with plate KA-47-M-7882.",open,Udupi,Udupi Industrial PS,"Near Thaker Ganj, Udupi",13.2866,74.7193,Insp. Anthony Hans,2025,1,8
KAR/BEN/2024/0773,2024-11-29,18:21:00,cybercrime,"Reported incident of cybercrime at Near Mani Nagar, Bengaluru Urban.",open,Bengaluru Urban,Bengaluru Urban North PS,"Near Mani Nagar, Bengaluru Urban",12.9473,77.611,Insp. Rohan Kuruvilla,2024,11,18
KAR/MAN/2024/0774,2025-04-25,17:27:00,assault,"Reported incident of assault at Near Raval Road, Mandya.",open,Mandya,Mandya Industrial PS,"Near Raval Road, Mandya",12.5287,76.9378,Insp. Lekha Bobal,2025,4,17
KAR/RAI/2024/0775,2024-12-01,22:40:00,chain_snatching,"Reported incident of chain snatching at Near Dutt Nagar, Raichur. Suspect vehicle noticed with plate KA-34-B-2021.",under_investigation,Raichur,Raichur Rural PS,"Near Dutt Nagar, Raichur",16.192,77.2882,Insp. Aarav Bhat,2024,12,22
KAR/BEN/2024/0776,2024-09-14,15:02:00,property_crime,"Reported incident of property crime at Near Merchant Zila, Bengaluru Urban.",under_investigation,Bengaluru Urban,Bengaluru Urban North PS,"Near Merchant Zila, Bengaluru Urban",12.9578,77.5967,Insp. Megha Sachar,2024,9,15
KAR/BEN/2024/0777,2024-11-14,17:48:00,burglary,"Reported incident of burglary at Near Nadkarni Circle, Bengaluru Urban.",chargesheeted,Bengaluru Urban,Bengaluru Urban Traffic PS,"Near Nadkarni Circle, Bengaluru Urban",12.9821,77.6866,Insp. Lavanya Mander,2024,11,17
KAR/BEN/2024/0778,2024-02-04,03:46:00,chain_snatching,"Reported incident of chain snatching at Near Savant Nagar, Bengaluru Urban. Suspect vehicle noticed with plate KA-14-P-9578.",open,Bengaluru Urban,Bengaluru Urban Central PS,"Near Savant Nagar, Bengaluru Urban",12.9432,77.6084,Insp. Bhavna Balakrishnan,2024,2,3
KAR/MYS/2024/0779,2025-03-26,08:54:00,assault,"Reported incident of assault at Near Kadakia Nagar, Mysuru.",chargesheeted,Mysuru,Mysuru West PS,"Near Kadakia Nagar, Mysuru",12.3396,76.5579,Insp. Nitara Dey,2025,3,8
KAR/DAV/2024/0780,2025-02-05,01:26:00,vehicle_theft,"Reported incident of vehicle theft at Near Sinha Path, Davangere. Suspect vehicle noticed with plate KA-28-A-4089.",open,Davangere,Davangere Rural PS,"Near Sinha Path, Davangere",14.4059,75.8362,Insp. Lohit Deo,2025,2,1
KAR/UDU/2024/0781,2024-09-09,06:21:00,chain_snatching,"Reported incident of chain snatching at Near Bava Ganj, Udupi. Suspect vehicle noticed with plate KA-26-KB-6661.",under_investigation,Udupi,Udupi Town PS,"Near Bava Ganj, Udupi",13.3536,74.7563,Insp. Tristan Varty,2024,9,6
KAR/BEN/2024/0782,2024-03-22,07:49:00,fraud,"Reported incident of fraud at Near Sur Circle, Bengaluru Urban.",under_investigation,Bengaluru Urban,Bengaluru Urban Traffic PS,"Near Sur Circle, Bengaluru Urban",12.9729,77.6692,Insp. Ojasvi Dutta,2024,3,7
KAR/BEN/2024/0783,2024-12-04,13:48:00,chain_snatching,"Reported incident of chain snatching at Near Batra Chowk, Bengaluru Urban. Suspect vehicle noticed with plate KA-45-P-5763.",under_investigation,Bengaluru Urban,Bengaluru Urban West PS,"Near Batra Chowk, Bengaluru Urban",12.8815,77.5366,Insp. Oeshi Gupta,2024,12,13
KAR/MAN/2024/0784,2024-08-04,23:24:00,robbery,"Reported incident of robbery at Near Kanda, Mandya. Suspect vehicle noticed with plate KA-28-M-7580.",open,Mandya,Mandya Traffic PS,"Near Kanda, Mandya",12.5796,76.8874,Insp. Tanvi Nigam,2024,8,23
KAR/UDU/2024/0785,2024-11-23,23:26:00,property_crime,"Reported incident of property crime at Near Chauhan, Udupi.",closed,Udupi,Udupi Town PS,"Near Chauhan, Udupi",13.3539,74.7383,Insp. Shivani Bahl,2024,11,23
KAR/BEN/2024/0786,2024-07-19,01:42:00,murder,"Reported incident of murder at Near Prashad, Bengaluru Urban.",open,Bengaluru Urban,Bengaluru Urban Traffic PS,"Near Prashad, Bengaluru Urban",12.9985,77.6837,Insp. Finn Kar,2024,7,1
KAR/DAV/2024/0787,2024-02-23,17:07:00,domestic_violence,"Reported incident of domestic violence at Near Dani, Davangere.",open,Davangere,Davangere Market PS,"Near Dani, Davangere",14.431,75.8264,Insp. Anirudh Reddy,2024,2,17
KAR/VIJ/2024/0788,2024-04-17,06:39:00,fraud,"Reported incident of fraud at Near Sama Zila, Vijayapura.",chargesheeted,Vijayapura,Vijayapura Suburban PS,"Near Sama Zila, Vijayapura",16.7755,75.6655,Insp. Aarav Badal,2024,4,6
KAR/BEN/2024/0789,2024-02-03,06:57:00,fraud,"Reported incident of fraud at Near Pandya Ganj, Bengaluru Urban.",under_investigation,Bengaluru Urban,Bengaluru Urban North PS,"Near Pandya Ganj, Bengaluru Urban",12.9422,77.5883,Insp. Chaitanya Chakrabarti,2024,2,6
KAR/BEN/2024/0790,2024-04-28,04:25:00,fraud,"Reported incident of fraud at Near Subramaniam Chowk, Bengaluru Urban.",under_investigation,Bengaluru Urban,Bengaluru Urban Traffic PS,"Near Subramaniam Chowk, Bengaluru Urban",12.9822,77.6645,Insp. Ethan Bali,2024,4,4
KAR/BID/2024/0791,2025-04-29,10:37:00,fraud,"Reported incident of fraud at Near Buch Ganj, Bidar.",closed,Bidar,Bidar Town PS,"Near Buch Ganj, Bidar",18.0074,77.5569,Insp. Watika Garde,2025,4,10
KAR/MAN/2024/0792,2024-07-08,22:00:00,drug_offence,"Reported incident of drug offence at Near Sant Street, Mandya.",chargesheeted,Mandya,Mandya Town PS,"Near Sant Street, Mandya",12.5749,76.8961,Insp. Darpan Chaudry,2024,7,22
KAR/KOP/2024/0793,2024-04-14,14:27:00,burglary,"Reported incident of burglary at Near Shanker Marg, Koppal.",under_investigation,Koppal,Koppal Market PS,"Near Shanker Marg, Koppal",15.3544,76.2134,Insp. Maanas Purohit,2024,4,14
KAR/BEN/2024/0794,2025-05-19,03:14:00,property_crime,"Reported incident of property crime at Near Prashad Zila, Bengaluru Urban.",under_investigation,Bengaluru Urban,Bengaluru Urban East PS,"Near Prashad Zila, Bengaluru Urban",13.0278,77.5834,Insp. Yashawini Sule,2025,5,3
KAR/VIJ/2024/0795,2025-04-29,09:28:00,burglary,"Reported incident of burglary at Near Sood Chowk, Vijayapura.",open,Vijayapura,Vijayapura Suburban PS,"Near Sood Chowk, Vijayapura",16.765,75.6583,Insp. Gayathri Srivastava,2025,4,9
KAR/UDU/2024/0796,2024-05-31,09:50:00,fraud,"Reported incident of fraud at Near Memon Ganj, Udupi.",closed,Udupi,Udupi Market PS,"Near Memon Ganj, Udupi",13.3978,74.6517,Insp. Alexander Toor,2024,5,9
KAR/SHI/2024/0797,2024-11-25,04:40:00,fraud,"Reported incident of fraud at Near Shan, Shivamogga.",under_investigation,Shivamogga,Shivamogga Town PS,"Near Shan, Shivamogga",13.9748,75.6638,Insp. Chavvi Mohan,2024,11,4
KAR/BEN/2024/0798,2024-04-02,18:35:00,property_crime,"Reported incident of property crime at Near Pai Street, Bengaluru Urban.",closed,Bengaluru Urban,Bengaluru Urban East PS,"Near Pai Street, Bengaluru Urban",13.0378,77.6226,Insp. Falan Karnik,2024,4,18
KAR/BEN/2024/0799,2024-11-03,16:24:00,senior_citizen_crime,"Reported incident of senior citizen crime at Near Balan Ganj, Bengaluru Urban.",under_investigation,Bengaluru Urban,Bengaluru Urban North PS,"Near Balan Ganj, Bengaluru Urban",12.9376,77.6061,Insp. Urvi Andra,2024,11,16
KAR/BEN/2024/0800,2024-05-23,06:18:00,assault,"Reported incident of assault at Near Wadhwa, Bengaluru Urban.",open,Bengaluru Urban,Bengaluru Urban North PS,"Near Wadhwa, Bengaluru Urban",12.976,77.5845,Insp. Chatura Lall,2024,5,6
KAR/MAN/2024/0801,2024-02-03,11:33:00,chain_snatching,"Reported incident of chain snatching at Near Gera Circle, Mangaluru (Dakshina Kannada). Suspect vehicle noticed with plate KA-07-KB-8240.",under_investigation,Mangaluru (Dakshina Kannada),Mangaluru (Dakshina Kannada) Rural PS,"Near Gera Circle, Mangaluru (Dakshina Kannada)",12.899,74.8033,Insp. Alexander Luthra,2024,2,11
KAR/BEN/2024/0802,2024-12-07,05:47:00,vehicle_theft,"Reported incident of vehicle theft at Near Divan Street, Bengaluru Urban. Suspect vehicle noticed with plate KA-52-M-1182.",closed,Bengaluru Urban,Bengaluru Urban North PS,"Near Divan Street, Bengaluru Urban",12.9767,77.588,Insp. Mahika Malhotra,2024,12,5
KAR/CHI/2024/0803,2025-03-30,10:25:00,murder,"Reported incident of murder at Near Sarna Zila, Chikkamagaluru.",under_investigation,Chikkamagaluru,Chikkamagaluru Industrial PS,"Near Sarna Zila, Chikkamagaluru",13.3207,75.813,Insp. Nidhi Chaudhuri,2025,3,10
KAR/RAI/2024/0804,2025-02-24,05:17:00,hit_and_run,"Reported incident of hit and run at Near Ram Chowk, Raichur.",open,Raichur,Raichur Town PS,"Near Ram Chowk, Raichur",16.1414,77.3666,Insp. Aayush Tak,2025,2,5
KAR/KOL/2024/0805,2025-02-08,19:07:00,vehicle_theft,"Reported incident of vehicle theft at Near More Circle, Kolar. Suspect vehicle noticed with plate KA-24-KB-3151.",under_investigation,Kolar,Kolar Market PS,"Near More Circle, Kolar",13.1899,78.221,Insp. Jeremiah Baral,2025,2,19
KAR/VIJ/2024/0806,2024-05-22,09:20:00,domestic_violence,"Reported incident of domestic violence at Near Mall, Vijayapura.",open,Vijayapura,Vijayapura Industrial PS,"Near Mall, Vijayapura",16.7959,75.7278,Insp. Ikbal Grewal,2024,5,9
KAR/CHI/2024/0807,2024-12-21,02:30:00,vehicle_theft,"Reported incident of vehicle theft at Near Mitter Marg, Chikkamagaluru. Suspect vehicle noticed with plate KA-45-B-4929.",open,Chikkamagaluru,Chikkamagaluru Town PS,"Near Mitter Marg, Chikkamagaluru",13.3558,75.8482,Insp. Vivaan Edwin,2024,12,2
KAR/MYS/2024/0808,2024-12-15,00:16:00,chain_snatching,"Reported incident of chain snatching at Near Barad Ganj, Mysuru. Suspect vehicle noticed with plate KA-20-M-4300.",under_investigation,Mysuru,Mysuru North PS,"Near Barad Ganj, Mysuru",12.2324,76.5941,Insp. Dominic Hayer,2024,12,0
KAR/MYS/2024/0809,2024-11-04,06:46:00,hit_and_run,"Reported incident of hit and run at Near Pradhan Ganj, Mysuru.",chargesheeted,Mysuru,Mysuru East PS,"Near Pradhan Ganj, Mysuru",12.2796,76.6563,Insp. Varenya Shankar,2024,11,6
KAR/KOL/2024/0810,2024-09-24,07:31:00,drug_offence,"Reported incident of drug offence at Near Dayal Road, Kolar.",under_investigation,Kolar,Kolar Industrial PS,"Near Dayal Road, Kolar",13.1556,78.1783,Insp. Irya Bhavsar,2024,9,7
KAR/BEN/2024/0811,2024-06-29,00:01:00,fraud,"Reported incident of fraud at Near Guha, Bengaluru Rural.",open,Bengaluru Rural,Bengaluru Rural Central PS,"Near Guha, Bengaluru Rural",13.2011,77.5344,Insp. Ekansh Garde,2024,6,0
KAR/MAN/2024/0812,2024-01-12,17:01:00,robbery,"Reported incident of robbery at Near Kamdar Road, Mangaluru (Dakshina Kannada). Suspect vehicle noticed with plate KA-20-B-1312.",chargesheeted,Mangaluru (Dakshina Kannada),Mangaluru (Dakshina Kannada) Industrial PS,"Near Kamdar Road, Mangaluru (Dakshina Kannada)",12.886,74.8766,Insp. Darsh Balakrishnan,2024,1,17
KAR/BEN/2024/0813,2024-01-11,15:05:00,fraud,"Reported incident of fraud at Near Panchal, Bengaluru Urban.",open,Bengaluru Urban,Bengaluru Urban East PS,"Near Panchal, Bengaluru Urban",13.0265,77.5944,Insp. Oni Dave,2024,1,15
KAR/SHI/2024/0814,2024-01-16,13:05:00,fraud,"Reported incident of fraud at Near Gade Road, Shivamogga.",open,Shivamogga,Shivamogga Industrial PS,"Near Gade Road, Shivamogga",13.8678,75.5619,Insp. Janya Jha,2024,1,13
KAR/HUB/2024/0815,2025-05-21,23:28:00,hit_and_run,"Reported incident of hit and run at Near Barman, Hubballi-Dharwad.",chargesheeted,Hubballi-Dharwad,Hubballi-Dharwad Suburban PS,"Near Barman, Hubballi-Dharwad",15.3964,75.0951,Insp. Yug Johal,2025,5,23
KAR/DAV/2024/0816,2024-09-24,17:48:00,eve_teasing,"Reported incident of eve teasing at Near Mohanty Circle, Davangere.",under_investigation,Davangere,Davangere Town PS,"Near Mohanty Circle, Davangere",14.4249,75.9227,Insp. Fiyaz Kibe,2024,9,17
KAR/VIJ/2024/0817,2024-05-22,22:31:00,assault,"Reported incident of assault at Near Mann Path, Vijayapura.",under_investigation,Vijayapura,Vijayapura Town PS,"Near Mann Path, Vijayapura",16.8874,75.75,Insp. Vinaya Kunda,2024,5,22
KAR/BEN/2024/0818,2025-05-13,15:53:00,assault,"Reported incident of assault at Near Chand Path, Bengaluru Rural.",closed,Bengaluru Rural,Bengaluru Rural South PS,"Near Chand Path, Bengaluru Rural",13.1607,77.5733,Insp. Upma Garg,2025,5,15
KAR/MAN/2024/0819,2024-11-06,10:06:00,chain_snatching,"Reported incident of chain snatching at Near Mannan Marg, Mandya. Suspect vehicle noticed with plate KA-11-M-2706.",open,Mandya,Mandya Market PS,"Near Mannan Marg, Mandya",12.5031,76.8678,Insp. Siya Uppal,2024,11,10
KAR/BEN/2024/0820,2025-03-17,17:01:00,vehicle_theft,"Reported incident of vehicle theft at Near Ramakrishnan Ganj, Bengaluru Urban. Suspect vehicle noticed with plate KA-12-M-4109.",under_investigation,Bengaluru Urban,Bengaluru Urban South PS,"Near Ramakrishnan Ganj, Bengaluru Urban",13.0011,77.4953,Insp. Nakul Choudhary,2025,3,17
KAR/RAI/2024/0821,2024-09-25,15:14:00,drug_offence,"Reported incident of drug offence at Near Bail Chowk, Raichur.",open,Raichur,Raichur Town PS,"Near Bail Chowk, Raichur",16.1424,77.3981,Insp. Faris Yohannan,2024,9,15
KAR/BEN/2024/0822,2024-08-21,22:23:00,cybercrime,"Reported incident of cybercrime at Near Nadig Zila, Bengaluru Urban.",open,Bengaluru Urban,Bengaluru Urban Central PS,"Near Nadig Zila, Bengaluru Urban",12.9536,77.5688,Insp. Varsha Mangal,2024,8,22
KAR/BEN/2024/0823,2024-11-13,11:24:00,vehicle_theft,"Reported incident of vehicle theft at Near Manda Nagar, Bengaluru Urban. Suspect vehicle noticed with plate KA-20-M-3378.",chargesheeted,Bengaluru Urban,Bengaluru Urban North PS,"Near Manda Nagar, Bengaluru Urban",12.9494,77.5784,Insp. Zashil Prashad,2024,11,11
KAR/BEN/2024/0824,2024-11-21,23:03:00,chain_snatching,"Reported incident of chain snatching at Near Chandra Ganj, Bengaluru Urban. Suspect vehicle noticed with plate KA-17-P-9627.",open,Bengaluru Urban,Bengaluru Urban South PS,"Near Chandra Ganj, Bengaluru Urban",13.0074,77.5402,Insp. Deepa Dhaliwal,2024,11,23
KAR/MYS/2024/0825,2024-03-04,22:19:00,drug_offence,"Reported incident of drug offence at Near Varty Zila, Mysuru.",open,Mysuru,Mysuru Traffic PS,"Near Varty Zila, Mysuru",12.3435,76.5657,Insp. Dakshesh Kota,2024,3,22
KAR/MYS/2024/0826,2024-11-09,05:16:00,chain_snatching,"Reported incident of chain snatching at Near Basu Path, Mysuru. Suspect vehicle noticed with plate KA-29-A-8946.",under_investigation,Mysuru,Mysuru West PS,"Near Basu Path, Mysuru",12.3783,76.5902,Insp. Udarsh Devi,2024,11,5
KAR/BEN/2024/0827,2024-02-25,12:07:00,chain_snatching,"Reported incident of chain snatching at Near Vohra, Bengaluru Urban. Suspect vehicle noticed with plate KA-16-P-6470.",closed,Bengaluru Urban,Bengaluru Urban North PS,"Near Vohra, Bengaluru Urban",12.9332,77.5801,Insp. Amrita Karpe,2024,2,12
KAR/RAI/2024/0828,2025-03-10,00:02:00,assault,"Reported incident of assault at Near Borah Chowk, Raichur.",chargesheeted,Raichur,Raichur Industrial PS,"Near Borah Chowk, Raichur",16.2054,77.4015,Insp. Tanish Purohit,2025,3,0
KAR/MYS/2024/0829,2025-02-07,01:13:00,property_crime,"Reported incident of property crime at Near Lata Path, Mysuru.",under_investigation,Mysuru,Mysuru North PS,"Near Lata Path, Mysuru",12.2108,76.6012,Insp. Chaaya Deol,2025,2,1
KAR/RAI/2024/0830,2024-02-21,04:03:00,assault,"Reported incident of assault at Near Ghose Zila, Raichur.",open,Raichur,Raichur Town PS,"Near Ghose Zila, Raichur",16.1095,77.3498,Insp. Michael Swaminathan,2024,2,4
KAR/MYS/2024/0831,2025-02-09,17:42:00,assault,"Reported incident of assault at Near Cherian Street, Mysuru.",under_investigation,Mysuru,Mysuru East PS,"Near Cherian Street, Mysuru",12.2927,76.6913,Insp. Januja De,2025,2,17
KAR/DAV/2024/0832,2024-05-21,22:44:00,cybercrime,"Reported incident of cybercrime at Near Pau, Davangere.",under_investigation,Davangere,Davangere Market PS,"Near Pau, Davangere",14.4428,75.8267,Insp. Yashvi Kapur,2024,5,22
KAR/RAI/2024/0833,2024-12-12,02:19:00,burglary,"Reported incident of burglary at Near Gaba, Raichur.",closed,Raichur,Raichur Town PS,"Near Gaba, Raichur",16.1219,77.3584,Insp. Bhavika Nath,2024,12,2
KAR/UDU/2024/0834,2024-08-14,00:45:00,fraud,"Reported incident of fraud at Near Dass Road, Udupi.",chargesheeted,Udupi,Udupi Suburban PS,"Near Dass Road, Udupi",13.3816,74.7911,Insp. Warjas Dara,2024,8,0
KAR/BEN/2024/0835,2024-02-05,11:25:00,vehicle_theft,"Reported incident of vehicle theft at Near Sarma Zila, Bengaluru Urban. Suspect vehicle noticed with plate KA-25-N-7081.",under_investigation,Bengaluru Urban,Bengaluru Urban South PS,"Near Sarma Zila, Bengaluru Urban",12.9862,77.5354,Insp. Nikita Ramaswamy,2024,2,11
KAR/BEN/2024/0836,2024-10-25,10:54:00,property_crime,"Reported incident of property crime at Near Mallick Chowk, Bengaluru Urban.",under_investigation,Bengaluru Urban,Bengaluru Urban East PS,"Near Mallick Chowk, Bengaluru Urban",13.0297,77.6017,Insp. Neel Parmar,2024,10,10
KAR/BEN/2024/0837,2024-08-05,21:21:00,assault,"Reported incident of assault at Near Master Road, Bengaluru Urban.",chargesheeted,Bengaluru Urban,Bengaluru Urban West PS,"Near Master Road, Bengaluru Urban",12.8984,77.5459,Insp. Vinaya Biswas,2024,8,21
KAR/BEN/2024/0838,2024-05-30,21:07:00,burglary,"Reported incident of burglary at Near Bedi Marg, Bengaluru Urban.",open,Bengaluru Urban,Bengaluru Urban Central PS,"Near Bedi Marg, Bengaluru Urban",12.9448,77.5684,Insp. Nicholas Bhasin,2024,5,21
KAR/KAL/2024/0839,2024-12-13,00:35:00,fraud,"Reported incident of fraud at Near Sankaran Circle, Kalaburagi.",open,Kalaburagi,Kalaburagi Market PS,"Near Sankaran Circle, Kalaburagi",17.3316,76.8915,Insp. Rachana Nagy,2024,12,0
KAR/DAV/2024/0840,2024-12-02,09:00:00,vehicle_theft,"Reported incident of vehicle theft at Near Mand Path, Davangere. Suspect vehicle noticed with plate KA-42-KA-9047.",under_investigation,Davangere,Davangere Market PS,"Near Mand Path, Davangere",14.4388,75.848,Insp. Rehaan Babu,2024,12,9
KAR/MYS/2024/0841,2024-04-25,04:26:00,hit_and_run,"Reported incident of hit and run at Near Reddy Marg, Mysuru.",chargesheeted,Mysuru,Mysuru Central PS,"Near Reddy Marg, Mysuru",12.2092,76.6897,Insp. Panini Golla,2024,4,4
KAR/KOL/2024/0842,2024-11-25,12:52:00,chain_snatching,"Reported incident of chain snatching at Near Kanda Marg, Kolar. Suspect vehicle noticed with plate KA-14-N-9513.",chargesheeted,Kolar,Kolar Town PS,"Near Kanda Marg, Kolar",13.2285,78.0667,Insp. Falguni Parsa,2024,11,12
KAR/BEN/2024/0843,2024-09-27,20:35:00,burglary,"Reported incident of burglary at Near Sanghvi, Bengaluru Urban.",under_investigation,Bengaluru Urban,Bengaluru Urban West PS,"Near Sanghvi, Bengaluru Urban",12.8857,77.5666,Insp. Tanvi Babu,2024,9,20
KAR/MYS/2024/0844,2024-04-28,13:17:00,vehicle_theft,"Reported incident of vehicle theft at Near Ravel Zila, Mysuru. Suspect vehicle noticed with plate KA-16-P-6410.",under_investigation,Mysuru,Mysuru Traffic PS,"Near Ravel Zila, Mysuru",12.332,76.5666,Insp. George Ram,2024,4,13
KAR/BEN/2024/0845,2024-08-01,11:32:00,assault,"Reported incident of assault at Near Mani Road, Bengaluru Urban.",under_investigation,Bengaluru Urban,Bengaluru Urban East PS,"Near Mani Road, Bengaluru Urban",13.0498,77.5901,Insp. Nitesh Dani,2024,8,11
KAR/KOP/2024/0846,2024-11-21,23:08:00,vehicle_theft,"Reported incident of vehicle theft at Near Singhal Chowk, Koppal. Suspect vehicle noticed with plate KA-23-KB-2449.",open,Koppal,Koppal Town PS,"Near Singhal Chowk, Koppal",15.3239,76.198,Insp. Falguni Krish,2024,11,23
KAR/SHI/2024/0847,2024-10-19,14:27:00,fraud,"Reported incident of fraud at Near Randhawa Ganj, Shivamogga.",under_investigation,Shivamogga,Shivamogga Traffic PS,"Near Randhawa Ganj, Shivamogga",14.0033,75.5953,Insp. Vedant Natt,2024,10,14
KAR/TUM/2024/0848,2025-05-03,16:11:00,kidnapping,"Reported incident of kidnapping at Near Bava Road, Tumakuru.",open,Tumakuru,Tumakuru Market PS,"Near Bava Road, Tumakuru",13.3671,77.1406,Insp. Nathaniel Narayanan,2025,5,16
KAR/BID/2024/0849,2025-03-21,20:16:00,assault,"Reported incident of assault at Near Boase Path, Bidar.",under_investigation,Bidar,Bidar Town PS,"Near Boase Path, Bidar",17.991,77.5443,Insp. Anamika Bhalla,2025,3,20
KAR/BEN/2024/0850,2024-06-07,09:56:00,fraud,"Reported incident of fraud at Near Nazareth Chowk, Bengaluru Urban.",chargesheeted,Bengaluru Urban,Bengaluru Urban East PS,"Near Nazareth Chowk, Bengaluru Urban",13.049,77.5752,Insp. Onkar Rout,2024,6,9
KAR/BEN/2024/0851,2025-02-22,08:59:00,vehicle_theft,"Reported incident of vehicle theft at Near Patla, Bengaluru Urban. Suspect vehicle noticed with plate KA-46-B-5271.",under_investigation,Bengaluru Urban,Bengaluru Urban West PS,"Near Patla, Bengaluru Urban",12.9262,77.5548,Insp. Lakshit Shan,2025,2,8
KAR/MAN/2024/0852,2024-02-21,10:17:00,robbery,"Reported incident of robbery at Near Oak Ganj, Mandya. Suspect vehicle noticed with plate KA-46-N-7202.",open,Mandya,Mandya Rural PS,"Near Oak Ganj, Mandya",12.5148,76.9894,Insp. Arin Edwin,2024,2,10
KAR/DAV/2024/0853,2024-01-16,11:38:00,murder,"Reported incident of murder at Near Shenoy Nagar, Davangere.",chargesheeted,Davangere,Davangere Traffic PS,"Near Shenoy Nagar, Davangere",14.4641,75.9237,Insp. Amol Kunda,2024,1,11
KAR/BAL/2024/0854,2024-02-02,14:00:00,burglary,"Reported incident of burglary at Near Desai Chowk, Ballari.",under_investigation,Ballari,Ballari Market PS,"Near Desai Chowk, Ballari",15.1708,76.9306,Insp. Yashoda Sura,2024,2,14
KAR/BAL/2024/0855,2024-10-12,09:00:00,vehicle_theft,"Reported incident of vehicle theft at Near Dugar Marg, Ballari. Suspect vehicle noticed with plate KA-22-P-1434.",chargesheeted,Ballari,Ballari Traffic PS,"Near Dugar Marg, Ballari",15.1614,76.871,Insp. Pranav Tripathi,2024,10,9
KAR/BEN/2024/0856,2025-01-18,14:03:00,hit_and_run,"Reported incident of hit and run at Near Kara Road, Bengaluru Urban.",chargesheeted,Bengaluru Urban,Bengaluru Urban North PS,"Near Kara Road, Bengaluru Urban",12.9343,77.6213,Insp. Xalak Buch,2025,1,14
KAR/KOL/2024/0857,2024-02-13,01:27:00,assault,"Reported incident of assault at Near Edwin Street, Kolar.",open,Kolar,Kolar Town PS,"Near Edwin Street, Kolar",13.2111,78.0989,Insp. Priya Luthra,2024,2,1
KAR/MAN/2024/0858,2024-07-16,12:11:00,robbery,"Reported incident of robbery at Near Kadakia Circle, Mangaluru (Dakshina Kannada). Suspect vehicle noticed with plate KA-35-KB-8338.",open,Mangaluru (Dakshina Kannada),Mangaluru (Dakshina Kannada) Market PS,"Near Kadakia Circle, Mangaluru (Dakshina Kannada)",12.9671,74.899,Insp. Manbir Kumar,2024,7,12
KAR/TUM/2024/0859,2024-11-28,20:08:00,vehicle_theft,"Reported incident of vehicle theft at Near Sura Nagar, Tumakuru. Suspect vehicle noticed with plate KA-32-N-6296.",under_investigation,Tumakuru,Tumakuru Suburban PS,"Near Sura Nagar, Tumakuru",13.2915,77.131,Insp. Manan Bhavsar,2024,11,20
KAR/BEN/2024/0860,2024-03-04,07:54:00,assault,"Reported incident of assault at Near Kala, Bengaluru Urban.",chargesheeted,Bengaluru Urban,Bengaluru Urban East PS,"Near Kala, Bengaluru Urban",13.0404,77.57,Insp. Darpan Nadig,2024,3,7
KAR/BEN/2024/0861,2024-04-02,15:53:00,fraud,"Reported incident of fraud at Near Rau Street, Bengaluru Urban.",open,Bengaluru Urban,Bengaluru Urban Traffic PS,"Near Rau Street, Bengaluru Urban",12.9483,77.6619,Insp. Garima Sinha,2024,4,15
KAR/TUM/2024/0862,2024-03-13,23:01:00,chain_snatching,"Reported incident of chain snatching at Near Thakur Chowk, Tumakuru. Suspect vehicle noticed with plate KA-55-M-2716.",under_investigation,Tumakuru,Tumakuru Traffic PS,"Near Thakur Chowk, Tumakuru",13.3519,77.055,Insp. Jai Bassi,2024,3,23
KAR/TUM/2024/0863,2024-09-24,09:27:00,fraud,"Reported incident of fraud at Near Parikh Marg, Tumakuru.",under_investigation,Tumakuru,Tumakuru Market PS,"Near Parikh Marg, Tumakuru",13.352,77.1176,Insp. Yauvani Pillai,2024,9,9
KAR/BEN/2024/0864,2024-01-25,03:29:00,fraud,"Reported incident of fraud at Near Halder Marg, Bengaluru Urban.",open,Bengaluru Urban,Bengaluru Urban South PS,"Near Halder Marg, Bengaluru Urban",12.9769,77.5303,Insp. Laban Viswanathan,2024,1,3
KAR/KOL/2024/0865,2024-11-23,05:11:00,vehicle_theft,"Reported incident of vehicle theft at Near Sane Path, Kolar. Suspect vehicle noticed with plate KA-51-M-2234.",under_investigation,Kolar,Kolar Suburban PS,"Near Sane Path, Kolar",13.1624,78.06,Insp. Sudiksha Shroff,2024,11,5
KAR/BEN/2024/0866,2025-01-29,15:20:00,robbery,"Reported incident of robbery at Near Hegde Road, Bengaluru Rural. Suspect vehicle noticed with plate KA-38-KB-5180.",open,Bengaluru Rural,Bengaluru Rural North PS,"Near Hegde Road, Bengaluru Rural",13.2105,77.5365,Insp. Hardik Sridhar,2025,1,15
KAR/BEN/2024/0867,2025-02-16,11:10:00,assault,"Reported incident of assault at Near Amble Circle, Bengaluru Urban.",open,Bengaluru Urban,Bengaluru Urban Central PS,"Near Amble Circle, Bengaluru Urban",12.9218,77.5848,Insp. Amol Anand,2025,2,11
KAR/CHI/2024/0868,2024-03-09,22:45:00,fraud,"Reported incident of fraud at Near Sidhu, Chikkamagaluru.",under_investigation,Chikkamagaluru,Chikkamagaluru Suburban PS,"Near Sidhu, Chikkamagaluru",13.4239,75.8181,Insp. Chaman Kalla,2024,3,22
KAR/DAV/2024/0869,2024-12-22,16:09:00,assault,"Reported incident of assault at Near Cheema Ganj, Davangere.",chargesheeted,Davangere,Davangere Town PS,"Near Cheema Ganj, Davangere",14.4237,75.8895,Insp. Bhavya Patil,2024,12,16
KAR/BEN/2024/0870,2024-10-18,15:25:00,vehicle_theft,"Reported incident of vehicle theft at Near Gara, Bengaluru Urban. Suspect vehicle noticed with plate KA-27-KB-7607.",chargesheeted,Bengaluru Urban,Bengaluru Urban East PS,"Near Gara, Bengaluru Urban",13.0775,77.62,Insp. Aishani Rajagopal,2024,10,15
KAR/BEN/2024/0871,2025-04-19,18:28:00,property_crime,"Reported incident of property crime at Near Anand Path, Bengaluru Rural.",chargesheeted,Bengaluru Rural,Bengaluru Rural Central PS,"Near Anand Path, Bengaluru Rural",13.2424,77.523,Insp. Oscar Shan,2025,4,18
KAR/TUM/2024/0872,2024-12-01,03:44:00,burglary,"Reported incident of burglary at Near Sarna, Tumakuru.",chargesheeted,Tumakuru,Tumakuru Town PS,"Near Sarna, Tumakuru",13.2472,77.1273,Insp. Jeevika Issac,2024,12,3
KAR/BEN/2024/0873,2024-09-18,06:26:00,drug_offence,"Reported incident of drug offence at Near Kashyap Chowk, Bengaluru Urban.",under_investigation,Bengaluru Urban,Bengaluru Urban Traffic PS,"Near Kashyap Chowk, Bengaluru Urban",12.9848,77.6694,Insp. Lavanya Swamy,2024,9,6
KAR/MAN/2024/0874,2024-08-15,10:05:00,cybercrime,"Reported incident of cybercrime at Near Chada Chowk, Mangaluru (Dakshina Kannada).",chargesheeted,Mangaluru (Dakshina Kannada),Mangaluru (Dakshina Kannada) Industrial PS,"Near Chada Chowk, Mangaluru (Dakshina Kannada)",12.8686,74.8724,Insp. Kashish Mahal,2024,8,10
KAR/BAL/2024/0875,2024-04-28,21:06:00,assault,"Reported incident of assault at Near Warrior, Ballari.",under_investigation,Ballari,Ballari Market PS,"Near Warrior, Ballari",15.2139,76.8966,Insp. Dayita Goel,2024,4,21
KAR/BEN/2024/0876,2024-07-25,09:58:00,chain_snatching,"Reported incident of chain snatching at Near Srinivasan, Bengaluru Urban. Suspect vehicle noticed with plate KA-38-KB-7563.",under_investigation,Bengaluru Urban,Bengaluru Urban South PS,"Near Srinivasan, Bengaluru Urban",12.9871,77.538,Insp. Qabil Sama,2024,7,9
KAR/VIJ/2024/0877,2024-12-16,14:56:00,assault,"Reported incident of assault at Near Patla Zila, Vijayapura.",open,Vijayapura,Vijayapura Industrial PS,"Near Patla Zila, Vijayapura",16.7856,75.7598,Insp. Gabriel Shah,2024,12,14
KAR/MAN/2024/0878,2024-02-14,21:51:00,burglary,"Reported incident of burglary at Near Roy, Mangaluru (Dakshina Kannada).",open,Mangaluru (Dakshina Kannada),Mangaluru (Dakshina Kannada) Traffic PS,"Near Roy, Mangaluru (Dakshina Kannada)",12.9452,74.9511,Insp. Darika Mand,2024,2,21
KAR/CHI/2024/0879,2024-06-21,02:45:00,property_crime,"Reported incident of property crime at Near Mitter Marg, Chikkamagaluru.",under_investigation,Chikkamagaluru,Chikkamagaluru Suburban PS,"Near Mitter Marg, Chikkamagaluru",13.3719,75.8257,Insp. Ridhi Merchant,2024,6,2
KAR/BEN/2024/0880,2024-05-11,06:43:00,chain_snatching,"Reported incident of chain snatching at Near Mital Circle, Bengaluru Urban. Suspect vehicle noticed with plate KA-23-P-8822.",open,Bengaluru Urban,Bengaluru Urban East PS,"Near Mital Circle, Bengaluru Urban",13.0686,77.6164,Insp. Anita Kala,2024,5,6
KAR/HAS/2024/0881,2024-12-20,21:48:00,vehicle_theft,"Reported incident of vehicle theft at Near Magar Street, Hassan. Suspect vehicle noticed with plate KA-49-M-5259.",chargesheeted,Hassan,Hassan Traffic PS,"Near Magar Street, Hassan",12.9438,76.0651,Insp. Keya Manda,2024,12,21
KAR/BEN/2024/0882,2024-10-06,06:46:00,cybercrime,"Reported incident of cybercrime at Near Nagy Street, Bengaluru Urban.",under_investigation,Bengaluru Urban,Bengaluru Urban West PS,"Near Nagy Street, Bengaluru Urban",12.9185,77.5866,Insp. Rishi Ram,2024,10,6
KAR/BEN/2024/0883,2024-06-24,02:23:00,fraud,"Reported incident of fraud at Near Karpe Ganj, Bengaluru Urban.",under_investigation,Bengaluru Urban,Bengaluru Urban Central PS,"Near Karpe Ganj, Bengaluru Urban",12.9324,77.5899,Insp. Hardik Rattan,2024,6,2
KAR/BEN/2024/0884,2024-11-12,11:37:00,robbery,"Reported incident of robbery at Near Gopal Chowk, Bengaluru Urban. Suspect vehicle noticed with plate KA-08-KB-8517.",chargesheeted,Bengaluru Urban,Bengaluru Urban Traffic PS,"Near Gopal Chowk, Bengaluru Urban",12.9806,77.6362,Insp. Dakshesh Doctor,2024,11,11
KAR/MAN/2024/0885,2025-03-26,11:19:00,assault,"Reported incident of assault at Near Wagle Chowk, Mandya.",under_investigation,Mandya,Mandya Market PS,"Near Wagle Chowk, Mandya",12.5209,76.8716,Insp. Unnati Sahni,2025,3,11
KAR/KAL/2024/0886,2024-06-03,19:54:00,drug_offence,"Reported incident of drug offence at Near Parmer Chowk, Kalaburagi.",open,Kalaburagi,Kalaburagi Rural PS,"Near Parmer Chowk, Kalaburagi",17.2367,76.7403,Insp. Lucky Yadav,2024,6,19
KAR/UDU/2024/0887,2024-10-29,00:45:00,hit_and_run,"Reported incident of hit and run at Near Biswas Nagar, Udupi.",under_investigation,Udupi,Udupi Industrial PS,"Near Biswas Nagar, Udupi",13.2727,74.7517,Insp. Ranbir Raju,2024,10,0
KAR/BEN/2024/0888,2025-02-12,19:54:00,vehicle_theft,"Reported incident of vehicle theft at Near Pant Chowk, Bengaluru Urban. Suspect vehicle noticed with plate KA-18-N-3024.",open,Bengaluru Urban,Bengaluru Urban Traffic PS,"Near Pant Chowk, Bengaluru Urban",12.9755,77.6444,Insp. Upkaar Magar,2025,2,19
KAR/BEN/2024/0889,2024-08-15,18:16:00,vehicle_theft,"Reported incident of vehicle theft at Near Yadav Circle, Bengaluru Urban. Suspect vehicle noticed with plate KA-45-M-2390.",open,Bengaluru Urban,Bengaluru Urban Traffic PS,"Near Yadav Circle, Bengaluru Urban",12.9661,77.6616,Insp. Elijah Natt,2024,8,18
KAR/MAN/2024/0890,2024-07-19,07:22:00,robbery,"Reported incident of robbery at Near Kota Zila, Mandya. Suspect vehicle noticed with plate KA-36-N-2334.",under_investigation,Mandya,Mandya Town PS,"Near Kota Zila, Mandya",12.5732,76.8686,Insp. Chanakya Parikh,2024,7,7
KAR/MAN/2024/0891,2025-05-11,16:01:00,fraud,"Reported incident of fraud at Near Saha Marg, Mandya.",open,Mandya,Mandya Traffic PS,"Near Saha Marg, Mandya",12.5499,76.8929,Insp. Gaurangi Chokshi,2025,5,16
KAR/HAS/2024/0892,2024-12-18,07:03:00,burglary,"Reported incident of burglary at Near Jaggi Circle, Hassan.",closed,Hassan,Hassan Rural PS,"Near Jaggi Circle, Hassan",12.9844,75.9977,Insp. Chameli Bedi,2024,12,7
KAR/BEN/2024/0893,2025-05-27,09:52:00,fraud,"Reported incident of fraud at Near Wali Zila, Bengaluru Urban.",open,Bengaluru Urban,Bengaluru Urban Central PS,"Near Wali Zila, Bengaluru Urban",12.9382,77.583,Insp. Dominic Varma,2025,5,9
KAR/BEN/2024/0894,2025-01-20,14:15:00,fraud,"Reported incident of fraud at Near Patla Path, Bengaluru Urban.",open,Bengaluru Urban,Bengaluru Urban Central PS,"Near Patla Path, Bengaluru Urban",12.9434,77.5571,Insp. Faraj Narain,2025,1,14
KAR/BEN/2024/0895,2024-05-14,07:44:00,eve_teasing,"Reported incident of eve teasing at Near Kakar Circle, Bengaluru Urban.",chargesheeted,Bengaluru Urban,Bengaluru Urban Traffic PS,"Near Kakar Circle, Bengaluru Urban",12.9867,77.6847,Insp. Ekansh Dora,2024,5,7
KAR/BEN/2024/0896,2024-12-20,14:48:00,burglary,"Reported incident of burglary at Near Bava Chowk, Bengaluru Urban.",under_investigation,Bengaluru Urban,Bengaluru Urban East PS,"Near Bava Chowk, Bengaluru Urban",13.0623,77.5839,Insp. Aadhya Bahl,2024,12,14
KAR/BEN/2024/0897,2024-07-02,03:24:00,fraud,"Reported incident of fraud at Near Zachariah Path, Bengaluru Urban.",open,Bengaluru Urban,Bengaluru Urban North PS,"Near Zachariah Path, Bengaluru Urban",12.966,77.5971,Insp. Isaac Natt,2024,7,3
KAR/DAV/2024/0898,2024-07-03,03:05:00,kidnapping,"Reported incident of kidnapping at Near Mannan Road, Davangere.",under_investigation,Davangere,Davangere Traffic PS,"Near Mannan Road, Davangere",14.4657,75.9315,Insp. Chakradev Mangat,2024,7,3
KAR/KAL/2024/0899,2024-02-13,00:41:00,burglary,"Reported incident of burglary at Near Mistry Chowk, Kalaburagi.",open,Kalaburagi,Kalaburagi Suburban PS,"Near Mistry Chowk, Kalaburagi",17.2514,76.839,Insp. Hemangini Kaur,2024,2,0
KAR/MAN/2024/0900,2024-12-12,02:09:00,chain_snatching,"Reported incident of chain snatching at Near Sinha Ganj, Mangaluru (Dakshina Kannada). Suspect vehicle noticed with plate KA-12-P-1636.",open,Mangaluru (Dakshina Kannada),Mangaluru (Dakshina Kannada) Market PS,"Near Sinha Ganj, Mangaluru (Dakshina Kannada)",12.9786,74.8715,Insp. Andrew Cherian,2024,12,2
KAR/MAN/2024/0901,2024-10-17,03:24:00,vehicle_theft,"Reported incident of vehicle theft at Near Oommen Chowk, Mangaluru (Dakshina Kannada). Suspect vehicle noticed with plate KA-17-N-3178.",open,Mangaluru (Dakshina Kannada),Mangaluru (Dakshina Kannada) Traffic PS,"Near Oommen Chowk, Mangaluru (Dakshina Kannada)",12.9151,74.953,Insp. Dayita Saran,2024,10,3
KAR/KOL/2024/0902,2024-02-15,11:46:00,hit_and_run,"Reported incident of hit and run at Near Raman Road, Kolar.",open,Kolar,Kolar Suburban PS,"Near Raman Road, Kolar",13.1557,78.0413,Insp. Yash Raja,2024,2,11
KAR/BEN/2024/0903,2024-10-09,15:43:00,burglary,"Reported incident of burglary at Near Arya, Bengaluru Urban.",chargesheeted,Bengaluru Urban,Bengaluru Urban Traffic PS,"Near Arya, Bengaluru Urban",12.954,77.6564,Insp. Dominic Ghose,2024,10,15
KAR/BEN/2024/0904,2024-10-24,00:01:00,domestic_violence,"Reported incident of domestic violence at Near Mallick Street, Bengaluru Urban.",open,Bengaluru Urban,Bengaluru Urban North PS,"Near Mallick Street, Bengaluru Urban",12.966,77.5821,Insp. Neha Kurian,2024,10,0
KAR/KOP/2024/0905,2024-10-22,17:49:00,vehicle_theft,"Reported incident of vehicle theft at Near Mutti Marg, Koppal. Suspect vehicle noticed with plate KA-04-B-8901.",under_investigation,Koppal,Koppal Market PS,"Near Mutti Marg, Koppal",15.3854,76.243,Insp. Urvashi Walla,2024,10,17
KAR/BEN/2024/0906,2024-12-15,02:54:00,vehicle_theft,"Reported incident of vehicle theft at Near Karpe Street, Bengaluru Urban. Suspect vehicle noticed with plate KA-27-P-8776.",chargesheeted,Bengaluru Urban,Bengaluru Urban South PS,"Near Karpe Street, Bengaluru Urban",12.9888,77.4952,Insp. Lohit Nori,2024,12,2
KAR/HUB/2024/0907,2024-10-21,04:22:00,cybercrime,"Reported incident of cybercrime at Near Chhabra Ganj, Hubballi-Dharwad.",under_investigation,Hubballi-Dharwad,Hubballi-Dharwad Rural PS,"Near Chhabra Ganj, Hubballi-Dharwad",15.2635,75.1478,Insp. Sanya Bora,2024,10,4
KAR/VIJ/2024/0908,2024-12-04,12:50:00,domestic_violence,"Reported incident of domestic violence at Near Shukla Chowk, Vijayapura.",open,Vijayapura,Vijayapura Market PS,"Near Shukla Chowk, Vijayapura",16.8105,75.7685,Insp. Vrinda Gola,2024,12,12
KAR/KOL/2024/0909,2024-11-11,09:40:00,assault,"Reported incident of assault at Near Mani Circle, Kolar.",under_investigation,Kolar,Kolar Town PS,"Near Mani Circle, Kolar",13.1875,78.1127,Insp. Joshua Shere,2024,11,9
KAR/UDU/2024/0910,2024-12-14,08:57:00,burglary,"Reported incident of burglary at Near Yadav, Udupi.",open,Udupi,Udupi Town PS,"Near Yadav, Udupi",13.3408,74.729,Insp. Qabil Deshmukh,2024,12,8
KAR/KOP/2024/0911,2024-07-20,17:48:00,burglary,"Reported incident of burglary at Near Kari Ganj, Koppal.",under_investigation,Koppal,Koppal Market PS,"Near Kari Ganj, Koppal",15.3467,76.2606,Insp. Samuel Kanda,2024,7,17
KAR/BEN/2024/0912,2025-02-08,21:41:00,hit_and_run,"Reported incident of hit and run at Near Murthy Zila, Bengaluru Urban.",open,Bengaluru Urban,Bengaluru Urban North PS,"Near Murthy Zila, Bengaluru Urban",12.9313,77.6142,Insp. Chatura Vohra,2025,2,21
KAR/MAN/2024/0913,2025-02-20,00:59:00,chain_snatching,"Reported incident of chain snatching at Near Nigam Road, Mangaluru (Dakshina Kannada). Suspect vehicle noticed with plate KA-38-M-9812.",chargesheeted,Mangaluru (Dakshina Kannada),Mangaluru (Dakshina Kannada) Market PS,"Near Nigam Road, Mangaluru (Dakshina Kannada)",12.9924,74.9047,Insp. Tamanna Krishnan,2025,2,0
KAR/BEN/2024/0914,2025-02-01,08:18:00,burglary,"Reported incident of burglary at Near Kale, Bengaluru Urban.",under_investigation,Bengaluru Urban,Bengaluru Urban South PS,"Near Kale, Bengaluru Urban",13.0,77.5121,Insp. Omaja Kade,2025,2,8
KAR/KOP/2024/0915,2024-11-25,00:19:00,chain_snatching,"Reported incident of chain snatching at Near Naidu Road, Koppal. Suspect vehicle noticed with plate KA-28-P-1440.",under_investigation,Koppal,Koppal Traffic PS,"Near Naidu Road, Koppal",15.3338,76.197,Insp. Ikbal Rana,2024,11,0
KAR/CHI/2024/0916,2024-02-19,20:00:00,burglary,"Reported incident of burglary at Near Khanna Circle, Chikkamagaluru.",open,Chikkamagaluru,Chikkamagaluru Market PS,"Near Khanna Circle, Chikkamagaluru",13.3661,75.6834,Insp. Eesha Bhagat,2024,2,20
KAR/KAL/2024/0917,2024-07-04,11:29:00,fraud,"Reported incident of fraud at Near Nigam Road, Kalaburagi.",chargesheeted,Kalaburagi,Kalaburagi Market PS,"Near Nigam Road, Kalaburagi",17.3303,76.8916,Insp. Adweta Bahl,2024,7,11
KAR/BEN/2024/0918,2024-11-27,17:34:00,vehicle_theft,"Reported incident of vehicle theft at Near Gera Marg, Bengaluru Urban. Suspect vehicle noticed with plate KA-11-M-9428.",under_investigation,Bengaluru Urban,Bengaluru Urban East PS,"Near Gera Marg, Bengaluru Urban",13.0357,77.6209,Insp. Mahika Kaur,2024,11,17
KAR/BEN/2024/0919,2024-12-18,13:29:00,chain_snatching,"Reported incident of chain snatching at Near Dubey Circle, Bengaluru Urban. Suspect vehicle noticed with plate KA-49-M-1634.",under_investigation,Bengaluru Urban,Bengaluru Urban Traffic PS,"Near Dubey Circle, Bengaluru Urban",12.9543,77.6743,Insp. Bhavya Shroff,2024,12,13
KAR/BEN/2024/0920,2024-01-25,05:57:00,assault,"Reported incident of assault at Near Verma, Bengaluru Urban.",open,Bengaluru Urban,Bengaluru Urban South PS,"Near Verma, Bengaluru Urban",13.0035,77.5413,Insp. Finn Sunder,2024,1,5
KAR/CHI/2024/0921,2024-05-03,23:45:00,chain_snatching,"Reported incident of chain snatching at Near Tank Ganj, Chikkamagaluru. Suspect vehicle noticed with plate KA-07-KB-1895.",under_investigation,Chikkamagaluru,Chikkamagaluru Traffic PS,"Near Tank Ganj, Chikkamagaluru",13.3623,75.6769,Insp. Aditya Kar,2024,5,23
KAR/KAL/2024/0922,2024-06-21,11:56:00,property_crime,"Reported incident of property crime at Near Oommen, Kalaburagi.",under_investigation,Kalaburagi,Kalaburagi Town PS,"Near Oommen, Kalaburagi",17.262,76.8702,Insp. Vasana Badami,2024,6,11
KAR/BEL/2024/0923,2024-08-16,01:20:00,domestic_violence,"Reported incident of domestic violence at Near Tara Chowk, Belagavi.",closed,Belagavi,Belagavi Rural PS,"Near Tara Chowk, Belagavi",15.8388,74.536,Insp. Ekanta Radhakrishnan,2024,8,1
KAR/CHI/2024/0924,2024-01-15,14:47:00,assault,"Reported incident of assault at Near Agrawal Road, Chikkamagaluru.",open,Chikkamagaluru,Chikkamagaluru Rural PS,"Near Agrawal Road, Chikkamagaluru",13.3188,75.7864,Insp. Hemani Hora,2024,1,14
KAR/BEN/2024/0925,2025-02-21,22:54:00,fraud,"Reported incident of fraud at Near Karnik Marg, Bengaluru Urban.",chargesheeted,Bengaluru Urban,Bengaluru Urban Traffic PS,"Near Karnik Marg, Bengaluru Urban",12.9526,77.6521,Insp. Faras Majumdar,2025,2,22
KAR/BEN/2024/0926,2024-10-31,21:38:00,assault,"Reported incident of assault at Near Gulati Path, Bengaluru Rural.",open,Bengaluru Rural,Bengaluru Rural South PS,"Near Gulati Path, Bengaluru Rural",13.1338,77.5676,Insp. Tejas Pillay,2024,10,21
KAR/UDU/2024/0927,2024-12-11,04:09:00,chain_snatching,"Reported incident of chain snatching at Near Upadhyay Chowk, Udupi. Suspect vehicle noticed with plate KA-22-KB-7338.",under_investigation,Udupi,Udupi Traffic PS,"Near Upadhyay Chowk, Udupi",13.3635,74.6693,Insp. Charita Johal,2024,12,4
KAR/BEN/2024/0928,2024-11-13,17:18:00,chain_snatching,"Reported incident of chain snatching at Near Narain Path, Bengaluru Urban. Suspect vehicle noticed with plate KA-49-B-3678.",open,Bengaluru Urban,Bengaluru Urban Traffic PS,"Near Narain Path, Bengaluru Urban",12.9499,77.6715,Insp. Tamanna Ghosh,2024,11,17
KAR/BID/2024/0929,2024-02-10,13:42:00,chain_snatching,"Reported incident of chain snatching at Near Saxena, Bidar. Suspect vehicle noticed with plate KA-13-P-1496.",chargesheeted,Bidar,Bidar Traffic PS,"Near Saxena, Bidar",17.8927,77.4742,Insp. Laban Mangal,2024,2,13
KAR/MAN/2024/0930,2025-05-23,06:29:00,domestic_violence,"Reported incident of domestic violence at Near Jain Marg, Mandya.",chargesheeted,Mandya,Mandya Suburban PS,"Near Jain Marg, Mandya",12.5136,76.8648,Insp. Nicholas Sundaram,2025,5,6
KAR/KOL/2024/0931,2024-09-19,15:40:00,robbery,"Reported incident of robbery at Near Gour Chowk, Kolar. Suspect vehicle noticed with plate KA-10-B-1682.",open,Kolar,Kolar Town PS,"Near Gour Chowk, Kolar",13.231,78.1183,Insp. Priya Sura,2024,9,15
KAR/BEN/2024/0932,2024-08-19,12:41:00,fraud,"Reported incident of fraud at Near Majumdar Path, Bengaluru Urban.",chargesheeted,Bengaluru Urban,Bengaluru Urban South PS,"Near Majumdar Path, Bengaluru Urban",12.9645,77.5457,Insp. Yashasvi Nagy,2024,8,12
KAR/HUB/2024/0933,2024-07-20,16:45:00,robbery,"Reported incident of robbery at Near Soman Nagar, Hubballi-Dharwad. Suspect vehicle noticed with plate KA-02-A-6387.",open,Hubballi-Dharwad,Hubballi-Dharwad Industrial PS,"Near Soman Nagar, Hubballi-Dharwad",15.4179,75.0781,Insp. Zarna Sule,2024,7,16
KAR/HAS/2024/0934,2024-01-15,09:17:00,fraud,"Reported incident of fraud at Near Bhatnagar Zila, Hassan.",open,Hassan,Hassan Rural PS,"Near Bhatnagar Zila, Hassan",13.0325,76.0073,Insp. Bhavini Raman,2024,1,9
KAR/BEN/2024/0935,2024-10-24,23:54:00,chain_snatching,"Reported incident of chain snatching at Near Batra Ganj, Bengaluru Urban. Suspect vehicle noticed with plate KA-11-N-7190.",chargesheeted,Bengaluru Urban,Bengaluru Urban East PS,"Near Batra Ganj, Bengaluru Urban",13.0775,77.6119,Insp. Ikbal Samra,2024,10,23
KAR/KOL/2024/0936,2024-12-12,04:43:00,robbery,"Reported incident of robbery at Near Johal Road, Kolar. Suspect vehicle noticed with plate KA-21-M-5971.",under_investigation,Kolar,Kolar Market PS,"Near Johal Road, Kolar",13.204,78.2272,Insp. Alexander Krishnamurthy,2024,12,4
KAR/BEN/2024/0937,2024-12-14,09:18:00,robbery,"Reported incident of robbery at Near Pal Road, Bengaluru Rural. Suspect vehicle noticed with plate KA-31-A-8504.",open,Bengaluru Rural,Bengaluru Rural East PS,"Near Pal Road, Bengaluru Rural",13.2353,77.5115,Insp. Kiaan Pillay,2024,12,9
KAR/BAL/2024/0938,2025-01-19,18:01:00,burglary,"Reported incident of burglary at Near Palla Path, Ballari.",open,Ballari,Ballari Town PS,"Near Palla Path, Ballari",15.1333,77.0053,Insp. Aadhya Lad,2025,1,18
KAR/BID/2024/0939,2024-10-20,13:16:00,burglary,"Reported incident of burglary at Near Chakrabarti Path, Bidar.",under_investigation,Bidar,Bidar Town PS,"Near Chakrabarti Path, Bidar",17.9848,77.5249,Insp. Gavin Dhar,2024,10,13
KAR/BEL/2024/0940,2025-04-15,22:02:00,eve_teasing,"Reported incident of eve teasing at Near Kale Path, Belagavi.",open,Belagavi,Belagavi Rural PS,"Near Kale Path, Belagavi",15.8445,74.4821,Insp. Xiti Mammen,2025,4,22
KAR/MAN/2024/0941,2025-01-09,20:19:00,assault,"Reported incident of assault at Near Kala Path, Mandya.",open,Mandya,Mandya Market PS,"Near Kala Path, Mandya",12.4913,76.8352,Insp. Hritik Kohli,2025,1,20
KAR/BEN/2024/0942,2024-11-09,03:32:00,burglary,"Reported incident of burglary at Near Swaminathan Road, Bengaluru Urban.",open,Bengaluru Urban,Bengaluru Urban Traffic PS,"Near Swaminathan Road, Bengaluru Urban",12.9949,77.645,Insp. Shivansh Madan,2024,11,3
KAR/BEN/2024/0943,2024-07-22,18:27:00,chain_snatching,"Reported incident of chain snatching at Near Narayanan Ganj, Bengaluru Urban. Suspect vehicle noticed with plate KA-31-A-4546.",open,Bengaluru Urban,Bengaluru Urban Central PS,"Near Narayanan Ganj, Bengaluru Urban",12.956,77.5506,Insp. Veer Vala,2024,7,18
KAR/BEL/2024/0944,2024-03-17,09:31:00,robbery,"Reported incident of robbery at Near Narayanan Ganj, Belagavi. Suspect vehicle noticed with plate KA-55-A-4221.",chargesheeted,Belagavi,Belagavi Market PS,"Near Narayanan Ganj, Belagavi",15.7867,74.4893,Insp. Yuvraj Krishnan,2024,3,9
KAR/HUB/2024/0945,2024-12-27,22:14:00,chain_snatching,"Reported incident of chain snatching at Near Karan Ganj, Hubballi-Dharwad. Suspect vehicle noticed with plate KA-29-N-3596.",closed,Hubballi-Dharwad,Hubballi-Dharwad Suburban PS,"Near Karan Ganj, Hubballi-Dharwad",15.382,75.1079,Insp. Udant Ramanathan,2024,12,22
KAR/BEN/2024/0946,2024-01-21,04:13:00,vehicle_theft,"Reported incident of vehicle theft at Near Contractor, Bengaluru Urban. Suspect vehicle noticed with plate KA-39-A-3574.",chargesheeted,Bengaluru Urban,Bengaluru Urban West PS,"Near Contractor, Bengaluru Urban",12.8792,77.5844,Insp. Rishi Behl,2024,1,4
KAR/BID/2024/0947,2024-06-21,04:28:00,burglary,"Reported incident of burglary at Near Arya Zila, Bidar.",chargesheeted,Bidar,Bidar Suburban PS,"Near Arya Zila, Bidar",17.9062,77.5497,Insp. Veer Samra,2024,6,4
KAR/MAN/2024/0948,2024-11-19,21:10:00,chain_snatching,"Reported incident of chain snatching at Near Gulati Zila, Mandya. Suspect vehicle noticed with plate KA-22-M-6961.",open,Mandya,Mandya Market PS,"Near Gulati Zila, Mandya",12.4896,76.8348,Insp. Vivaan Bajaj,2024,11,21
KAR/BEN/2024/0949,2024-05-01,16:28:00,kidnapping,"Reported incident of kidnapping at Near Morar Zila, Bengaluru Urban.",chargesheeted,Bengaluru Urban,Bengaluru Urban Traffic PS,"Near Morar Zila, Bengaluru Urban",12.9716,77.637,Insp. Jackson Bail,2024,5,16
KAR/BEN/2024/0950,2024-02-17,03:29:00,vehicle_theft,"Reported incident of vehicle theft at Near Keer Nagar, Bengaluru Urban. Suspect vehicle noticed with plate KA-22-P-4605.",open,Bengaluru Urban,Bengaluru Urban Central PS,"Near Keer Nagar, Bengaluru Urban",12.921,77.5962,Insp. Ekalinga Dubey,2024,2,3
KAR/BEN/2024/0951,2024-05-20,17:10:00,burglary,"Reported incident of burglary at Near Thakkar Street, Bengaluru Urban.",open,Bengaluru Urban,Bengaluru Urban Central PS,"Near Thakkar Street, Bengaluru Urban",12.9028,77.566,Insp. Dhriti Arya,2024,5,17
KAR/SHI/2024/0952,2025-02-07,18:51:00,fraud,"Reported incident of fraud at Near Bahl, Shivamogga.",open,Shivamogga,Shivamogga Suburban PS,"Near Bahl, Shivamogga",13.9484,75.6184,Insp. Fitan Din,2025,2,18
KAR/MYS/2024/0953,2024-08-09,07:54:00,hit_and_run,"Reported incident of hit and run at Near Memon Zila, Mysuru.",under_investigation,Mysuru,Mysuru Central PS,"Near Memon Zila, Mysuru",12.2324,76.7376,Insp. William Gara,2024,8,7
KAR/BEN/2024/0954,2024-11-04,07:27:00,hit_and_run,"Reported incident of hit and run at Near Kala Zila, Bengaluru Urban.",under_investigation,Bengaluru Urban,Bengaluru Urban East PS,"Near Kala Zila, Bengaluru Urban",13.0332,77.6201,Insp. Oviya Baria,2024,11,7
KAR/UDU/2024/0955,2024-09-11,22:18:00,domestic_violence,"Reported incident of domestic violence at Near Sane Circle, Udupi.",open,Udupi,Udupi Suburban PS,"Near Sane Circle, Udupi",13.3749,74.7915,Insp. Sarthak Sidhu,2024,9,22
KAR/BEN/2024/0956,2024-09-04,10:06:00,fraud,"Reported incident of fraud at Near Doctor Road, Bengaluru Rural.",under_investigation,Bengaluru Rural,Bengaluru Rural Traffic PS,"Near Doctor Road, Bengaluru Rural",13.3068,77.523,Insp. Vanya Chauhan,2024,9,10
KAR/KAL/2024/0957,2025-05-18,11:16:00,hit_and_run,"Reported incident of hit and run at Near Bahl Street, Kalaburagi.",under_investigation,Kalaburagi,Kalaburagi Market PS,"Near Bahl Street, Kalaburagi",17.3254,76.8649,Insp. Dayita Buch,2025,5,11
KAR/BEN/2024/0958,2024-07-01,14:39:00,burglary,"Reported incident of burglary at Near Patla Zila, Bengaluru Urban.",under_investigation,Bengaluru Urban,Bengaluru Urban Central PS,"Near Patla Zila, Bengaluru Urban",12.9004,77.5893,Insp. Viraj Chandra,2024,7,14
KAR/BEN/2024/0959,2024-06-30,09:58:00,chain_snatching,"Reported incident of chain snatching at Near Chander, Bengaluru Urban. Suspect vehicle noticed with plate KA-25-KA-9983.",chargesheeted,Bengaluru Urban,Bengaluru Urban Central PS,"Near Chander, Bengaluru Urban",12.9257,77.5853,Insp. Eiravati Nadig,2024,6,9
KAR/KAL/2024/0960,2024-05-10,08:23:00,robbery,"Reported incident of robbery at Near Sem Marg, Kalaburagi. Suspect vehicle noticed with plate KA-55-P-9437.",open,Kalaburagi,Kalaburagi Suburban PS,"Near Sem Marg, Kalaburagi",17.2689,76.856,Insp. Max Iyer,2024,5,8
KAR/HAS/2024/0961,2024-10-02,16:39:00,chain_snatching,"Reported incident of chain snatching at Near Chanda Road, Hassan. Suspect vehicle noticed with plate KA-03-P-8348.",open,Hassan,Hassan Market PS,"Near Chanda Road, Hassan",13.0512,76.0697,Insp. Ekani Andra,2024,10,16
KAR/BEN/2024/0962,2024-06-26,19:30:00,cybercrime,"Reported incident of cybercrime at Near Khalsa Street, Bengaluru Urban.",open,Bengaluru Urban,Bengaluru Urban Traffic PS,"Near Khalsa Street, Bengaluru Urban",12.9822,77.6499,Insp. Aradhana Dhaliwal,2024,6,19
KAR/MAN/2024/0963,2024-05-31,11:48:00,drug_offence,"Reported incident of drug offence at Near Korpal Nagar, Mangaluru (Dakshina Kannada).",chargesheeted,Mangaluru (Dakshina Kannada),Mangaluru (Dakshina Kannada) Market PS,"Near Korpal Nagar, Mangaluru (Dakshina Kannada)",12.9945,74.8659,Insp. Kamala Nigam,2024,5,11
KAR/BAL/2024/0964,2024-05-14,09:24:00,vehicle_theft,"Reported incident of vehicle theft at Near Nagarajan Road, Ballari. Suspect vehicle noticed with plate KA-32-M-4576.",open,Ballari,Ballari Rural PS,"Near Nagarajan Road, Ballari",15.129,76.9323,Insp. Brijesh Varughese,2024,5,9
KAR/BEN/2024/0965,2025-05-17,22:29:00,assault,"Reported incident of assault at Near Badami Nagar, Bengaluru Urban.",open,Bengaluru Urban,Bengaluru Urban West PS,"Near Badami Nagar, Bengaluru Urban",12.9248,77.5827,Insp. Netra Buch,2025,5,22
KAR/MYS/2024/0966,2024-12-14,03:56:00,assault,"Reported incident of assault at Near Sem Zila, Mysuru.",open,Mysuru,Mysuru East PS,"Near Sem Zila, Mysuru",12.291,76.678,Insp. Aarna Kanda,2024,12,3
KAR/BEN/2024/0967,2024-05-22,23:51:00,vehicle_theft,"Reported incident of vehicle theft at Near Samra Ganj, Bengaluru Urban. Suspect vehicle noticed with plate KA-25-P-5821.",open,Bengaluru Urban,Bengaluru Urban South PS,"Near Samra Ganj, Bengaluru Urban",12.9759,77.5435,Insp. Oni Saraf,2024,5,23
KAR/KOL/2024/0968,2025-01-17,16:12:00,fraud,"Reported incident of fraud at Near Babu, Kolar.",under_investigation,Kolar,Kolar Market PS,"Near Babu, Kolar",13.2322,78.1999,Insp. Akshay Oommen,2025,1,16
KAR/VIJ/2024/0969,2024-01-12,21:30:00,fraud,"Reported incident of fraud at Near Varma Street, Vijayapura.",chargesheeted,Vijayapura,Vijayapura Market PS,"Near Varma Street, Vijayapura",16.8,75.7566,Insp. Hitesh Dayal,2024,1,21
KAR/HAS/2024/0970,2024-07-07,13:34:00,robbery,"Reported incident of robbery at Near Suresh Road, Hassan. Suspect vehicle noticed with plate KA-24-KA-8870.",under_investigation,Hassan,Hassan Town PS,"Near Suresh Road, Hassan",12.9949,76.0259,Insp. Odika Kaul,2024,7,13
KAR/CHI/2024/0971,2025-03-05,04:57:00,robbery,"Reported incident of robbery at Near Merchant Road, Chikkamagaluru. Suspect vehicle noticed with plate KA-27-KB-2599.",under_investigation,Chikkamagaluru,Chikkamagaluru Traffic PS,"Near Merchant Road, Chikkamagaluru",13.361,75.7237,Insp. Diya Varkey,2025,3,4
KAR/BEN/2024/0972,2025-04-04,15:08:00,robbery,"Reported incident of robbery at Near Tiwari Ganj, Bengaluru Urban. Suspect vehicle noticed with plate KA-03-KB-4473.",open,Bengaluru Urban,Bengaluru Urban West PS,"Near Tiwari Ganj, Bengaluru Urban",12.9075,77.5769,Insp. Dakshesh Setty,2025,4,15
KAR/BAL/2024/0973,2024-05-09,17:17:00,cybercrime,"Reported incident of cybercrime at Near Bhakta Ganj, Ballari.",under_investigation,Ballari,Ballari Town PS,"Near Bhakta Ganj, Ballari",15.1327,77.0081,Insp. Azad Gour,2024,5,17
KAR/BEN/2024/0974,2025-03-18,20:26:00,kidnapping,"Reported incident of kidnapping at Near Chowdhury Circle, Bengaluru Urban.",open,Bengaluru Urban,Bengaluru Urban West PS,"Near Chowdhury Circle, Bengaluru Urban",12.91,77.5516,Insp. Gayathri Menon,2025,3,20
KAR/TUM/2024/0975,2024-12-06,23:03:00,robbery,"Reported incident of robbery at Near Reddy Zila, Tumakuru. Suspect vehicle noticed with plate KA-12-KA-8241.",under_investigation,Tumakuru,Tumakuru Market PS,"Near Reddy Zila, Tumakuru",13.3344,77.1078,Insp. Patrick Ramachandran,2024,12,23
KAR/BAL/2024/0976,2024-07-01,21:40:00,robbery,"Reported incident of robbery at Near Trivedi Street, Ballari. Suspect vehicle noticed with plate KA-44-B-7125.",under_investigation,Ballari,Ballari Traffic PS,"Near Trivedi Street, Ballari",15.1965,76.8533,Insp. Advaith Mital,2024,7,21
KAR/BEN/2024/0977,2024-05-29,12:02:00,hit_and_run,"Reported incident of hit and run at Near Vora Road, Bengaluru Urban.",closed,Bengaluru Urban,Bengaluru Urban North PS,"Near Vora Road, Bengaluru Urban",12.9316,77.585,Insp. Ijaya Garde,2024,5,12
KAR/HAS/2024/0978,2025-04-20,09:38:00,cybercrime,"Reported incident of cybercrime at Near Lalla Marg, Hassan.",open,Hassan,Hassan Market PS,"Near Lalla Marg, Hassan",13.0368,76.1197,Insp. Amaira Hayer,2025,4,9
KAR/UDU/2024/0979,2025-03-17,17:54:00,hit_and_run,"Reported incident of hit and run at Near Kashyap, Udupi.",open,Udupi,Udupi Traffic PS,"Near Kashyap, Udupi",13.4018,74.691,Insp. Darika Dhillon,2025,3,17
KAR/BEN/2024/0980,2024-11-30,00:53:00,fraud,"Reported incident of fraud at Near Bhatia Zila, Bengaluru Urban.",chargesheeted,Bengaluru Urban,Bengaluru Urban West PS,"Near Bhatia Zila, Bengaluru Urban",12.8959,77.5304,Insp. Ira Edwin,2024,11,0
KAR/BEN/2024/0981,2024-11-20,02:52:00,chain_snatching,"Reported incident of chain snatching at Near Dass Nagar, Bengaluru Urban. Suspect vehicle noticed with plate KA-18-M-1918.",open,Bengaluru Urban,Bengaluru Urban East PS,"Near Dass Nagar, Bengaluru Urban",13.0268,77.5726,Insp. Abha Kakar,2024,11,2
KAR/BEN/2024/0982,2024-02-02,15:14:00,fraud,"Reported incident of fraud at Near Padmanabhan Marg, Bengaluru Urban.",under_investigation,Bengaluru Urban,Bengaluru Urban Central PS,"Near Padmanabhan Marg, Bengaluru Urban",12.945,77.5554,Insp. Oeshi Edwin,2024,2,15
KAR/BEN/2024/0983,2025-04-29,22:46:00,kidnapping,"Reported incident of kidnapping at Near Chandra Chowk, Bengaluru Urban.",under_investigation,Bengaluru Urban,Bengaluru Urban North PS,"Near Chandra Chowk, Bengaluru Urban",12.975,77.6031,Insp. Hema Kapadia,2025,4,22
KAR/BEN/2024/0984,2024-08-16,13:41:00,assault,"Reported incident of assault at Near Jhaveri Zila, Bengaluru Urban.",chargesheeted,Bengaluru Urban,Bengaluru Urban North PS,"Near Jhaveri Zila, Bengaluru Urban",12.9721,77.6195,Insp. Chatresh Sarin,2024,8,13
KAR/CHI/2024/0985,2024-05-29,17:29:00,assault,"Reported incident of assault at Near Sheth Street, Chikkamagaluru.",open,Chikkamagaluru,Chikkamagaluru Town PS,"Near Sheth Street, Chikkamagaluru",13.3603,75.8112,Insp. Manan Kalla,2024,5,17
KAR/TUM/2024/0986,2024-11-13,02:24:00,vehicle_theft,"Reported incident of vehicle theft at Near Thakkar Chowk, Tumakuru. Suspect vehicle noticed with plate KA-49-KB-3894.",closed,Tumakuru,Tumakuru Traffic PS,"Near Thakkar Chowk, Tumakuru",13.3533,77.0485,Insp. Ijaya Kumer,2024,11,2
KAR/BEN/2024/0987,2024-02-12,15:17:00,robbery,"Reported incident of robbery at Near Karan Road, Bengaluru Urban. Suspect vehicle noticed with plate KA-09-KB-2344.",under_investigation,Bengaluru Urban,Bengaluru Urban West PS,"Near Karan Road, Bengaluru Urban",12.9334,77.5352,Insp. Rayaan Sampath,2024,2,15
KAR/BEN/2024/0988,2024-02-21,07:12:00,chain_snatching,"Reported incident of chain snatching at Near Narang Circle, Bengaluru Urban. Suspect vehicle noticed with plate KA-54-KB-1381.",under_investigation,Bengaluru Urban,Bengaluru Urban Traffic PS,"Near Narang Circle, Bengaluru Urban",12.9774,77.6629,Insp. Hemang Vohra,2024,2,7
KAR/KOL/2024/0989,2024-04-27,21:37:00,drug_offence,"Reported incident of drug offence at Near Shanker Road, Kolar.",chargesheeted,Kolar,Kolar Rural PS,"Near Shanker Road, Kolar",13.2051,78.1092,Insp. Ishita Dixit,2024,4,21
KAR/MAN/2024/0990,2024-09-15,21:48:00,kidnapping,"Reported incident of kidnapping at Near Narain Ganj, Mandya.",open,Mandya,Mandya Town PS,"Near Narain Ganj, Mandya",12.5267,76.9178,Insp. Yatin Chad,2024,9,21
KAR/DAV/2024/0991,2025-01-01,17:29:00,robbery,"Reported incident of robbery at Near Goel Circle, Davangere. Suspect vehicle noticed with plate KA-48-KA-8284.",under_investigation,Davangere,Davangere Suburban PS,"Near Goel Circle, Davangere",14.4756,75.9644,Insp. Oscar Jani,2025,1,17
KAR/BEN/2024/0992,2025-05-17,22:07:00,property_crime,"Reported incident of property crime at Near Mital Chowk, Bengaluru Urban.",open,Bengaluru Urban,Bengaluru Urban Traffic PS,"Near Mital Chowk, Bengaluru Urban",12.9743,77.6455,Insp. Xavier Sethi,2025,5,22
KAR/KOL/2024/0993,2025-03-01,21:12:00,fraud,"Reported incident of fraud at Near Talwar Circle, Kolar.",under_investigation,Kolar,Kolar Market PS,"Near Talwar Circle, Kolar",13.2361,78.2222,Insp. Faraj Krishnamurthy,2025,3,21
KAR/KAL/2024/0994,2024-09-18,16:27:00,robbery,"Reported incident of robbery at Near Prashad, Kalaburagi. Suspect vehicle noticed with plate KA-45-KB-9908.",closed,Kalaburagi,Kalaburagi Traffic PS,"Near Prashad, Kalaburagi",17.2976,76.815,Insp. Manan Nagar,2024,9,16
KAR/BEL/2024/0995,2024-07-12,05:59:00,vehicle_theft,"Reported incident of vehicle theft at Near Sathe Chowk, Belagavi. Suspect vehicle noticed with plate KA-36-B-3361.",open,Belagavi,Belagavi Traffic PS,"Near Sathe Chowk, Belagavi",15.8877,74.4624,Insp. Veda Chandran,2024,7,5
KAR/MAN/2024/0996,2024-09-19,10:47:00,chain_snatching,"Reported incident of chain snatching at Near Kale Nagar, Mandya. Suspect vehicle noticed with plate KA-38-KB-2072.",chargesheeted,Mandya,Mandya Rural PS,"Near Kale Nagar, Mandya",12.5667,76.9829,Insp. Ekapad Chandran,2024,9,10
KAR/UDU/2024/0997,2024-01-05,07:24:00,fraud,"Reported incident of fraud at Near Suresh Path, Udupi.",open,Udupi,Udupi Rural PS,"Near Suresh Path, Udupi",13.3606,74.7709,Insp. Arya D’Alia,2024,1,7
KAR/BEN/2024/0998,2024-04-03,00:35:00,robbery,"Reported incident of robbery at Near Bose Road, Bengaluru Urban. Suspect vehicle noticed with plate KA-13-KA-6565.",open,Bengaluru Urban,Bengaluru Urban South PS,"Near Bose Road, Bengaluru Urban",13.0133,77.493,Insp. Charita Balan,2024,4,0
KAR/BEN/2024/0999,2024-05-27,06:46:00,chain_snatching,"Reported incident of chain snatching at Near Reddy Street, Bengaluru Urban. Suspect vehicle noticed with plate KA-03-A-4580.",open,Bengaluru Urban,Bengaluru Urban Central PS,"Near Reddy Street, Bengaluru Urban",12.9024,77.577,Insp. Chanakya Bora,2024,5,6
KAR/BEN/2024/1000,2024-03-06,22:42:00,robbery,"Reported incident of robbery at Near Varty Ganj, Bengaluru Urban. Suspect vehicle noticed with plate KA-21-M-1280.",open,Bengaluru Urban,Bengaluru Urban South PS,"Near Varty Ganj, Bengaluru Urban",12.9738,77.525,Insp. Amol Bajwa,2024,3,22
KAR/KAL/2024/1001,2024-08-20,12:29:00,robbery,"Reported incident of robbery at Near Bhalla Zila, Kalaburagi. Suspect vehicle noticed with plate KA-23-KA-7462.",under_investigation,Kalaburagi,Kalaburagi Industrial PS,"Near Bhalla Zila, Kalaburagi",17.2897,76.8767,Insp. Vedhika Goyal,2024,8,12
KAR/HAS/2024/1002,2025-03-28,20:34:00,assault,"Reported incident of assault at Near Som Chowk, Hassan.",open,Hassan,Hassan Market PS,"Near Som Chowk, Hassan",13.0225,76.11,Insp. Yoshita Deo,2025,3,20
KAR/HAS/2024/1003,2024-05-22,15:05:00,robbery,"Reported incident of robbery at Near Bose Path, Hassan. Suspect vehicle noticed with plate KA-29-B-2110.",open,Hassan,Hassan Traffic PS,"Near Bose Path, Hassan",12.9604,76.0622,Insp. Udant Acharya,2024,5,15
KAR/BEN/2024/1004,2025-05-20,03:28:00,burglary,"Reported incident of burglary at Near Bansal Nagar, Bengaluru Urban.",open,Bengaluru Urban,Bengaluru Urban North PS,"Near Bansal Nagar, Bengaluru Urban",12.9522,77.5951,Insp. Jatin Manne,2025,5,3
KAR/BID/2024/1005,2024-04-25,11:54:00,eve_teasing,"Reported incident of eve teasing at Near Sekhon Path, Bidar.",under_investigation,Bidar,Bidar Market PS,"Near Sekhon Path, Bidar",17.816,77.5678,Insp. Dhruv Sood,2024,4,11
KAR/TUM/2024/1006,2024-10-27,09:34:00,robbery,"Reported incident of robbery at Near Sami Path, Tumakuru. Suspect vehicle noticed with plate KA-28-B-4419.",under_investigation,Tumakuru,Tumakuru Town PS,"Near Sami Path, Tumakuru",13.2393,77.1345,Insp. Ria Sandal,2024,10,9
KAR/MYS/2024/1007,2024-12-03,18:40:00,vehicle_theft,"Reported incident of vehicle theft at Near Morar, Mysuru. Suspect vehicle noticed with plate KA-29-KB-4171.",open,Mysuru,Mysuru East PS,"Near Morar, Mysuru",12.316,76.658,Insp. Waida Luthra,2024,12,18
KAR/BEN/2024/1008,2024-10-06,15:57:00,assault,"Reported incident of assault at Near Pai Path, Bengaluru Urban.",open,Bengaluru Urban,Bengaluru Urban Central PS,"Near Pai Path, Bengaluru Urban",12.9338,77.57,Insp. Luke Nori,2024,10,15
KAR/KOL/2024/1009,2024-12-24,19:20:00,fraud,"Reported incident of fraud at Near Guha Marg, Kolar.",under_investigation,Kolar,Kolar Traffic PS,"Near Guha Marg, Kolar",13.1788,78.105,Insp. Sachi Ratti,2024,12,19
KAR/KOL/2024/1010,2024-10-12,11:44:00,chain_snatching,"Reported incident of chain snatching at Near Sami Chowk, Kolar. Suspect vehicle noticed with plate KA-20-B-8429.",open,Kolar,Kolar Market PS,"Near Sami Chowk, Kolar",13.1815,78.18,Insp. Vrishti Balay,2024,10,11
KAR/KOL/2024/1011,2024-04-08,00:45:00,chain_snatching,"Reported incident of chain snatching at Near Sunder Marg, Kolar. Suspect vehicle noticed with plate KA-31-M-4668.",open,Kolar,Kolar Traffic PS,"Near Sunder Marg, Kolar",13.158,78.0909,Insp. Aashi Keer,2024,4,0
KAR/DAV/2024/1012,2024-05-13,05:23:00,vehicle_theft,"Reported incident of vehicle theft at Near Dugal Ganj, Davangere. Suspect vehicle noticed with plate KA-47-B-4387.",open,Davangere,Davangere Traffic PS,"Near Dugal Ganj, Davangere",14.4205,75.9133,Insp. Gaurang Golla,2024,5,5
KAR/VIJ/2024/1013,2024-12-24,13:15:00,drug_offence,"Reported incident of drug offence at Near Viswanathan Marg, Vijayapura.",under_investigation,Vijayapura,Vijayapura Industrial PS,"Near Viswanathan Marg, Vijayapura",16.8217,75.7292,Insp. Brijesh Puri,2024,12,13
KAR/BEN/2024/1014,2024-11-08,14:58:00,assault,"Reported incident of assault at Near Brar Circle, Bengaluru Urban.",open,Bengaluru Urban,Bengaluru Urban West PS,"Near Brar Circle, Bengaluru Urban",12.8901,77.5454,Insp. Ekavir Narayan,2024,11,14
KAR/MYS/2024/1015,2024-12-22,05:15:00,vehicle_theft,"Reported incident of vehicle theft at Near Suresh Zila, Mysuru. Suspect vehicle noticed with plate KA-49-KB-5621.",under_investigation,Mysuru,Mysuru Traffic PS,"Near Suresh Zila, Mysuru",12.3214,76.5995,Insp. Krishna Vig,2024,12,5
KAR/BEN/2024/1016,2024-11-11,21:45:00,fraud,"Reported incident of fraud at Near Dass Road, Bengaluru Urban.",chargesheeted,Bengaluru Urban,Bengaluru Urban West PS,"Near Dass Road, Bengaluru Urban",12.9102,77.5627,Insp. Aahana Samra,2024,11,21
KAR/MAN/2024/1017,2024-01-11,03:24:00,vehicle_theft,"Reported incident of vehicle theft at Near Jayaraman Zila, Mandya. Suspect vehicle noticed with plate KA-21-B-3297.",closed,Mandya,Mandya Rural PS,"Near Jayaraman Zila, Mandya",12.5234,76.9968,Insp. Ranbir Patel,2024,1,3
KAR/MYS/2024/1018,2024-10-30,02:18:00,burglary,"Reported incident of burglary at Near Buch Ganj, Mysuru.",under_investigation,Mysuru,Mysuru Traffic PS,"Near Buch Ganj, Mysuru",12.3491,76.6043,Insp. Banjeet Hans,2024,10,2
KAR/BEN/2024/1019,2024-12-11,21:30:00,vehicle_theft,"Reported incident of vehicle theft at Near Chadha Zila, Bengaluru Urban. Suspect vehicle noticed with plate KA-10-B-1876.",open,Bengaluru Urban,Bengaluru Urban Central PS,"Near Chadha Zila, Bengaluru Urban",12.9145,77.5984,Insp. Tanveer Virk,2024,12,21
KAR/MAN/2024/1020,2025-05-17,00:02:00,assault,"Reported incident of assault at Near Lala Road, Mangaluru (Dakshina Kannada).",open,Mangaluru (Dakshina Kannada),Mangaluru (Dakshina Kannada) Industrial PS,"Near Lala Road, Mangaluru (Dakshina Kannada)",12.8866,74.8277,Insp. Samarth Mistry,2025,5,0
KAR/VIJ/2024/1021,2025-02-09,12:59:00,property_crime,"Reported incident of property crime at Near Dube Nagar, Vijayapura.",under_investigation,Vijayapura,Vijayapura Market PS,"Near Dube Nagar, Vijayapura",16.8094,75.7404,Insp. Rachita Bhavsar,2025,2,12
KAR/BEL/2024/1022,2024-06-16,14:10:00,hit_and_run,"Reported incident of hit and run at Near Garg Nagar, Belagavi.",under_investigation,Belagavi,Belagavi Suburban PS,"Near Garg Nagar, Belagavi",15.8334,74.4611,Insp. Dev Sanghvi,2024,6,14
KAR/RAI/2024/1023,2024-08-29,11:30:00,fraud,"Reported incident of fraud at Near Chadha Ganj, Raichur.",open,Raichur,Raichur Traffic PS,"Near Chadha Ganj, Raichur",16.1624,77.33,Insp. Anvi Prabhu,2024,8,11
KAR/KAL/2024/1024,2024-01-01,10:02:00,hit_and_run,"Reported incident of hit and run at Near Bansal Road, Kalaburagi.",open,Kalaburagi,Kalaburagi Suburban PS,"Near Bansal Road, Kalaburagi",17.2283,76.8522,Insp. Vanya Bal,2024,1,10
KAR/BEN/2024/1025,2024-09-15,00:13:00,assault,"Reported incident of assault at Near Badami Road, Bengaluru Urban.",under_investigation,Bengaluru Urban,Bengaluru Urban Traffic PS,"Near Badami Road, Bengaluru Urban",12.9489,77.6306,Insp. Deepa Barad,2024,9,0
KAR/KOP/2024/1026,2024-03-05,22:06:00,drug_offence,"Reported incident of drug offence at Near Talwar, Koppal.",under_investigation,Koppal,Koppal Suburban PS,"Near Talwar, Koppal",15.4193,76.2438,Insp. Neel Uppal,2024,3,22
KAR/BEN/2024/1027,2025-02-06,18:32:00,vehicle_theft,"Reported incident of vehicle theft at Near Madan Marg, Bengaluru Urban. Suspect vehicle noticed with plate KA-08-KA-8820.",open,Bengaluru Urban,Bengaluru Urban Traffic PS,"Near Madan Marg, Bengaluru Urban",12.9442,77.6533,Insp. Devika Bhandari,2025,2,18
KAR/BEN/2024/1028,2024-11-05,19:08:00,vehicle_theft,"Reported incident of vehicle theft at Near Muni Path, Bengaluru Urban. Suspect vehicle noticed with plate KA-50-P-6132.",open,Bengaluru Urban,Bengaluru Urban South PS,"Near Muni Path, Bengaluru Urban",12.9791,77.527,Insp. Ria Ganguly,2024,11,19
KAR/MAN/2024/1029,2024-10-02,23:13:00,vehicle_theft,"Reported incident of vehicle theft at Near Warrior Chowk, Mangaluru (Dakshina Kannada). Suspect vehicle noticed with plate KA-47-B-4036.",chargesheeted,Mangaluru (Dakshina Kannada),Mangaluru (Dakshina Kannada) Rural PS,"Near Warrior Chowk, Mangaluru (Dakshina Kannada)",12.9568,74.8189,Insp. Janya Choudhary,2024,10,23
KAR/BEN/2024/1030,2024-08-07,12:07:00,eve_teasing,"Reported incident of eve teasing at Near Sabharwal Road, Bengaluru Urban.",open,Bengaluru Urban,Bengaluru Urban North PS,"Near Sabharwal Road, Bengaluru Urban",12.9209,77.6248,Insp. Chandani Kaul,2024,8,12
KAR/BEN/2024/1031,2024-12-26,08:43:00,vehicle_theft,"Reported incident of vehicle theft at Near Pandit, Bengaluru Urban. Suspect vehicle noticed with plate KA-02-A-5523.",under_investigation,Bengaluru Urban,Bengaluru Urban Central PS,"Near Pandit, Bengaluru Urban",12.9158,77.6073,Insp. Upasna Gola,2024,12,8
KAR/BEN/2024/1032,2024-09-21,21:16:00,chain_snatching,"Reported incident of chain snatching at Near Ben, Bengaluru Urban. Suspect vehicle noticed with plate KA-50-N-1465.",open,Bengaluru Urban,Bengaluru Urban North PS,"Near Ben, Bengaluru Urban",12.922,77.587,Insp. Gauri Kata,2024,9,21
KAR/BEN/2024/1033,2024-01-28,00:30:00,vehicle_theft,"Reported incident of vehicle theft at Near Gole, Bengaluru Urban. Suspect vehicle noticed with plate KA-38-P-2145.",closed,Bengaluru Urban,Bengaluru Urban Traffic PS,"Near Gole, Bengaluru Urban",12.9674,77.6595,Insp. Kashish Keer,2024,1,0
KAR/MAN/2024/1034,2025-05-25,16:33:00,vehicle_theft,"Reported incident of vehicle theft at Near Munshi Path, Mandya. Suspect vehicle noticed with plate KA-51-M-7080.",open,Mandya,Mandya Market PS,"Near Munshi Path, Mandya",12.5267,76.8479,Insp. Ojasvi Sachdev,2025,5,16
KAR/HUB/2024/1035,2024-12-23,18:31:00,chain_snatching,"Reported incident of chain snatching at Near Narasimhan Chowk, Hubballi-Dharwad. Suspect vehicle noticed with plate KA-03-P-7889.",under_investigation,Hubballi-Dharwad,Hubballi-Dharwad Suburban PS,"Near Narasimhan Chowk, Hubballi-Dharwad",15.3665,75.1062,Insp. Upadhriti Palla,2024,12,18
KAR/CHI/2024/1036,2025-04-23,04:20:00,fraud,"Reported incident of fraud at Near Bhalla Street, Chikkamagaluru.",under_investigation,Chikkamagaluru,Chikkamagaluru Rural PS,"Near Bhalla Street, Chikkamagaluru",13.3002,75.7529,Insp. Gavin Hans,2025,4,4
KAR/CHI/2024/1037,2024-01-04,01:24:00,assault,"Reported incident of assault at Near Ratti Street, Chikkamagaluru.",open,Chikkamagaluru,Chikkamagaluru Market PS,"Near Ratti Street, Chikkamagaluru",13.3666,75.6964,Insp. Joshua Rastogi,2024,1,1
KAR/VIJ/2024/1038,2024-12-17,13:27:00,vehicle_theft,"Reported incident of vehicle theft at Near Srinivas Path, Vijayapura. Suspect vehicle noticed with plate KA-16-M-8308.",open,Vijayapura,Vijayapura Industrial PS,"Near Srinivas Path, Vijayapura",16.7976,75.7357,Insp. Udant Bhatnagar,2024,12,13
KAR/BEN/2024/1039,2024-06-03,06:11:00,cybercrime,"Reported incident of cybercrime at Near Tailor Street, Bengaluru Urban.",open,Bengaluru Urban,Bengaluru Urban East PS,"Near Tailor Street, Bengaluru Urban",13.0351,77.6023,Insp. Tripti Chowdhury,2024,6,6
KAR/MYS/2024/1040,2024-08-29,04:41:00,robbery,"Reported incident of robbery at Near Bakshi, Mysuru. Suspect vehicle noticed with plate KA-32-KA-4974.",open,Mysuru,Mysuru West PS,"Near Bakshi, Mysuru",12.3473,76.5537,Insp. Avi Taneja,2024,8,4
KAR/KAL/2024/1041,2024-04-02,10:21:00,murder,"Reported incident of murder at Near Verma Nagar, Kalaburagi.",under_investigation,Kalaburagi,Kalaburagi Town PS,"Near Verma Nagar, Kalaburagi",17.2746,76.8197,Insp. Raksha Seth,2024,4,10
KAR/BAL/2024/1042,2024-11-23,01:52:00,chain_snatching,"Reported incident of chain snatching at Near Raju Zila, Ballari. Suspect vehicle noticed with plate KA-14-P-7345.",open,Ballari,Ballari Town PS,"Near Raju Zila, Ballari",15.0902,77.0246,Insp. Lipika Bal,2024,11,1
KAR/BEN/2024/1043,2024-09-03,11:56:00,cybercrime,"Reported incident of cybercrime at Near Modi Street, Bengaluru Urban.",under_investigation,Bengaluru Urban,Bengaluru Urban Central PS,"Near Modi Street, Bengaluru Urban",12.9419,77.5714,Insp. Amara Dar,2024,9,11
KAR/BEN/2024/1044,2025-04-29,09:58:00,assault,"Reported incident of assault at Near Pal Zila, Bengaluru Urban.",under_investigation,Bengaluru Urban,Bengaluru Urban Traffic PS,"Near Pal Zila, Bengaluru Urban",12.9919,77.6747,Insp. Raagini Munshi,2025,4,9
KAR/BAL/2024/1045,2025-01-08,20:22:00,robbery,"Reported incident of robbery at Near Borde Zila, Ballari. Suspect vehicle noticed with plate KA-14-A-7090.",under_investigation,Ballari,Ballari Traffic PS,"Near Borde Zila, Ballari",15.1532,76.8694,Insp. Elijah Pradhan,2025,1,20
KAR/BEN/2024/1046,2024-05-26,23:59:00,vehicle_theft,"Reported incident of vehicle theft at Near Bir Ganj, Bengaluru Urban. Suspect vehicle noticed with plate KA-35-M-7466.",open,Bengaluru Urban,Bengaluru Urban West PS,"Near Bir Ganj, Bengaluru Urban",12.8944,77.5319,Insp. Fariq Sawhney,2024,5,23
KAR/BID/2024/1047,2024-11-17,23:43:00,assault,"Reported incident of assault at Near Choudhary Street, Bidar.",under_investigation,Bidar,Bidar Market PS,"Near Choudhary Street, Bidar",17.8716,77.5812,Insp. Ayushman Thakur,2024,11,23
KAR/KOP/2024/1048,2024-09-22,16:00:00,chain_snatching,"Reported incident of chain snatching at Near Tailor Road, Koppal. Suspect vehicle noticed with plate KA-51-A-8406.",open,Koppal,Koppal Traffic PS,"Near Tailor Road, Koppal",15.345,76.1627,Insp. Faris Apte,2024,9,16
KAR/HAS/2024/1049,2024-10-15,07:42:00,vehicle_theft,"Reported incident of vehicle theft at Near Rai, Hassan. Suspect vehicle noticed with plate KA-12-P-5228.",chargesheeted,Hassan,Hassan Market PS,"Near Rai, Hassan",13.0337,76.0978,Insp. Ladli Venkatesh,2024,10,7
KAR/BEN/2024/1050,2024-06-10,04:31:00,assault,"Reported incident of assault at Near Pillai Road, Bengaluru Urban.",under_investigation,Bengaluru Urban,Bengaluru Urban East PS,"Near Pillai Road, Bengaluru Urban",13.0352,77.6198,Insp. Lucky Madan,2024,6,4
KAR/BEL/2024/1051,2024-10-07,09:50:00,vehicle_theft,"Reported incident of vehicle theft at Near Brahmbhatt Road, Belagavi. Suspect vehicle noticed with plate KA-47-B-2382.",chargesheeted,Belagavi,Belagavi Industrial PS,"Near Brahmbhatt Road, Belagavi",15.8368,74.5578,Insp. Fariq Bhatnagar,2024,10,9
KAR/BEN/2024/1052,2024-10-16,04:53:00,vehicle_theft,"Reported incident of vehicle theft at Near Tandon Ganj, Bengaluru Urban. Suspect vehicle noticed with plate KA-51-P-6094.",under_investigation,Bengaluru Urban,Bengaluru Urban North PS,"Near Tandon Ganj, Bengaluru Urban",12.961,77.5901,Insp. Bhavya Desai,2024,10,4
KAR/BID/2024/1053,2024-01-16,20:19:00,cybercrime,"Reported incident of cybercrime at Near Srinivas Ganj, Bidar.",open,Bidar,Bidar Traffic PS,"Near Srinivas Ganj, Bidar",17.8942,77.4754,Insp. Vritti Korpal,2024,1,20
KAR/BEN/2024/1054,2024-08-15,23:21:00,fraud,"Reported incident of fraud at Near Malhotra Path, Bengaluru Urban.",open,Bengaluru Urban,Bengaluru Urban Central PS,"Near Malhotra Path, Bengaluru Urban",12.9318,77.5682,Insp. Gautami Lal,2024,8,23
KAR/TUM/2024/1055,2025-01-07,01:20:00,fraud,"Reported incident of fraud at Near Sule Street, Tumakuru.",under_investigation,Tumakuru,Tumakuru Rural PS,"Near Sule Street, Tumakuru",13.296,77.0868,Insp. Ethan Mody,2025,1,1
KAR/BEN/2024/1056,2024-08-15,02:10:00,hit_and_run,"Reported incident of hit and run at Near Maharaj Marg, Bengaluru Rural.",under_investigation,Bengaluru Rural,Bengaluru Rural East PS,"Near Maharaj Marg, Bengaluru Rural",13.2807,77.5431,Insp. Pahal Basak,2024,8,2
KAR/UDU/2024/1057,2024-11-07,22:25:00,assault,"Reported incident of assault at Near Goda Marg, Udupi.",open,Udupi,Udupi Suburban PS,"Near Goda Marg, Udupi",13.3513,74.7722,Insp. Chanchal Rastogi,2024,11,22
KAR/BEN/2024/1058,2024-01-02,05:05:00,hit_and_run,"Reported incident of hit and run at Near Kurian Road, Bengaluru Urban.",open,Bengaluru Urban,Bengaluru Urban East PS,"Near Kurian Road, Bengaluru Urban",13.0369,77.6032,Insp. Samuel Bala,2024,1,5
KAR/BEN/2024/1059,2024-12-03,15:33:00,property_crime,"Reported incident of property crime at Near Dutta Circle, Bengaluru Urban.",under_investigation,Bengaluru Urban,Bengaluru Urban South PS,"Near Dutta Circle, Bengaluru Urban",13.0032,77.5208,Insp. Krishna Zachariah,2024,12,15
KAR/UDU/2024/1060,2024-05-14,00:21:00,fraud,"Reported incident of fraud at Near Patel Path, Udupi.",chargesheeted,Udupi,Udupi Suburban PS,"Near Patel Path, Udupi",13.374,74.794,Insp. Tejas Mittal,2024,5,0
KAR/BEN/2024/1061,2024-10-25,23:20:00,domestic_violence,"Reported incident of domestic violence at Near Dayal Path, Bengaluru Urban.",chargesheeted,Bengaluru Urban,Bengaluru Urban Traffic PS,"Near Dayal Path, Bengaluru Urban",12.9813,77.6631,Insp. Idika Dara,2024,10,23
KAR/BEN/2024/1062,2024-04-09,20:36:00,burglary,"Reported incident of burglary at Near Barad Path, Bengaluru Urban.",open,Bengaluru Urban,Bengaluru Urban North PS,"Near Barad Path, Bengaluru Urban",12.9496,77.5815,Insp. Aditya Shan,2024,4,20
KAR/VIJ/2024/1063,2024-10-29,23:17:00,burglary,"Reported incident of burglary at Near Muni Ganj, Vijayapura.",open,Vijayapura,Vijayapura Rural PS,"Near Muni Ganj, Vijayapura",16.8203,75.665,Insp. Dominic Chawla,2024,10,23
KAR/UDU/2024/1064,2024-02-11,12:57:00,assault,"Reported incident of assault at Near Pingle Street, Udupi.",open,Udupi,Udupi Suburban PS,"Near Pingle Street, Udupi",13.3905,74.7805,Insp. Neha Gara,2024,2,12
KAR/BEN/2024/1065,2024-11-01,17:24:00,robbery,"Reported incident of robbery at Near Dhingra Circle, Bengaluru Rural. Suspect vehicle noticed with plate KA-48-KB-2171.",open,Bengaluru Rural,Bengaluru Rural East PS,"Near Dhingra Circle, Bengaluru Rural",13.2367,77.5027,Insp. Aradhana De,2024,11,17
KAR/BEN/2024/1066,2024-03-05,15:09:00,eve_teasing,"Reported incident of eve teasing at Near Bawa Chowk, Bengaluru Urban.",under_investigation,Bengaluru Urban,Bengaluru Urban Traffic PS,"Near Bawa Chowk, Bengaluru Urban",12.993,77.6716,Insp. Samesh Tandon,2024,3,15
KAR/BEN/2024/1067,2024-11-23,00:12:00,vehicle_theft,"Reported incident of vehicle theft at Near Dhar Path, Bengaluru Urban. Suspect vehicle noticed with plate KA-12-B-6616.",open,Bengaluru Urban,Bengaluru Urban North PS,"Near Dhar Path, Bengaluru Urban",12.9407,77.5877,Insp. Oscar Mangat,2024,11,0
KAR/SHI/2024/1068,2024-07-11,13:02:00,vehicle_theft,"Reported incident of vehicle theft at Near Prabhakar Nagar, Shivamogga. Suspect vehicle noticed with plate KA-33-N-7369.",open,Shivamogga,Shivamogga Rural PS,"Near Prabhakar Nagar, Shivamogga",13.8598,75.5483,Insp. Qushi Sahota,2024,7,13
KAR/BEN/2024/1069,2025-05-10,06:12:00,assault,"Reported incident of assault at Near Sawhney Marg, Bengaluru Urban.",chargesheeted,Bengaluru Urban,Bengaluru Urban North PS,"Near Sawhney Marg, Bengaluru Urban",12.9667,77.6126,Insp. Damyanti Pillai,2025,5,6
KAR/CHI/2024/1070,2025-03-30,15:19:00,robbery,"Reported incident of robbery at Near Nath Circle, Chikkamagaluru. Suspect vehicle noticed with plate KA-51-N-9239.",chargesheeted,Chikkamagaluru,Chikkamagaluru Traffic PS,"Near Nath Circle, Chikkamagaluru",13.329,75.6881,Insp. Gavin Yadav,2025,3,15
KAR/BEN/2024/1071,2024-02-28,17:49:00,assault,"Reported incident of assault at Near Chanda Path, Bengaluru Urban.",under_investigation,Bengaluru Urban,Bengaluru Urban Traffic PS,"Near Chanda Path, Bengaluru Urban",12.9422,77.6694,Insp. Laksh Pandit,2024,2,17
KAR/VIJ/2024/1072,2025-04-18,14:59:00,property_crime,"Reported incident of property crime at Near Kala Zila, Vijayapura.",open,Vijayapura,Vijayapura Suburban PS,"Near Kala Zila, Vijayapura",16.735,75.6561,Insp. Udarsh Brahmbhatt,2025,4,14
KAR/BEL/2024/1073,2024-05-13,00:05:00,burglary,"Reported incident of burglary at Near Madan Path, Belagavi.",open,Belagavi,Belagavi Rural PS,"Near Madan Path, Belagavi",15.8375,74.492,Insp. Indali Sinha,2024,5,0
KAR/KAL/2024/1074,2024-03-11,05:21:00,vehicle_theft,"Reported incident of vehicle theft at Near Chadha Circle, Kalaburagi. Suspect vehicle noticed with plate KA-53-A-6505.",open,Kalaburagi,Kalaburagi Suburban PS,"Near Chadha Circle, Kalaburagi",17.2373,76.8389,Insp. Azad Lal,2024,3,5
KAR/MAN/2024/1075,2024-03-25,18:55:00,fraud,"Reported incident of fraud at Near Raval Circle, Mangaluru (Dakshina Kannada).",chargesheeted,Mangaluru (Dakshina Kannada),Mangaluru (Dakshina Kannada) Town PS,"Near Raval Circle, Mangaluru (Dakshina Kannada)",12.9851,74.9543,Insp. Xiti Rajagopalan,2024,3,18
KAR/BEN/2024/1076,2024-12-26,06:17:00,cybercrime,"Reported incident of cybercrime at Near Oza Nagar, Bengaluru Urban.",chargesheeted,Bengaluru Urban,Bengaluru Urban West PS,"Near Oza Nagar, Bengaluru Urban",12.9145,77.5624,Insp. Sanya Mallick,2024,12,6
KAR/BEN/2024/1077,2024-11-10,16:28:00,vehicle_theft,"Reported incident of vehicle theft at Near Varty Zila, Bengaluru Urban. Suspect vehicle noticed with plate KA-35-P-6432.",under_investigation,Bengaluru Urban,Bengaluru Urban South PS,"Near Varty Zila, Bengaluru Urban",12.9586,77.5477,Insp. Atharv Chaudhari,2024,11,16
KAR/SHI/2024/1078,2024-05-22,19:36:00,vehicle_theft,"Reported incident of vehicle theft at Near Din Marg, Shivamogga. Suspect vehicle noticed with plate KA-27-KA-5794.",under_investigation,Shivamogga,Shivamogga Suburban PS,"Near Din Marg, Shivamogga",13.9758,75.6093,Insp. Abdul Bora,2024,5,19
KAR/KOL/2024/1079,2024-02-11,17:39:00,assault,"Reported incident of assault at Near Salvi Marg, Kolar.",open,Kolar,Kolar Market PS,"Near Salvi Marg, Kolar",13.2165,78.1737,Insp. Chandran Khosla,2024,2,17
KAR/BEN/2024/1080,2024-12-20,11:36:00,chain_snatching,"Reported incident of chain snatching at Near Dasgupta Zila, Bengaluru Urban. Suspect vehicle noticed with plate KA-18-KB-2103.",open,Bengaluru Urban,Bengaluru Urban Traffic PS,"Near Dasgupta Zila, Bengaluru Urban",12.9518,77.6858,Insp. Eshana Salvi,2024,12,11
KAR/BEN/2024/1081,2024-03-11,22:09:00,vehicle_theft,"Reported incident of vehicle theft at Near Gokhale Road, Bengaluru Urban. Suspect vehicle noticed with plate KA-01-A-9907.",chargesheeted,Bengaluru Urban,Bengaluru Urban North PS,"Near Gokhale Road, Bengaluru Urban",12.9363,77.5681,Insp. Gagan Nagarajan,2024,3,22
KAR/BEN/2024/1082,2024-03-30,21:29:00,fraud,"Reported incident of fraud at Near Kata Street, Bengaluru Urban.",chargesheeted,Bengaluru Urban,Bengaluru Urban Traffic PS,"Near Kata Street, Bengaluru Urban",12.97,77.6594,Insp. Praneel Mall,2024,3,21
KAR/RAI/2024/1083,2025-03-02,02:24:00,assault,"Reported incident of assault at Near Memon Street, Raichur.",under_investigation,Raichur,Raichur Market PS,"Near Memon Street, Raichur",16.1742,77.3171,Insp. Yagnesh Arora,2025,3,2
KAR/BEN/2024/1084,2024-10-24,13:04:00,vehicle_theft,"Reported incident of vehicle theft at Near Ratta Nagar, Bengaluru Urban. Suspect vehicle noticed with plate KA-08-KB-5951.",open,Bengaluru Urban,Bengaluru Urban Central PS,"Near Ratta Nagar, Bengaluru Urban",12.9145,77.6072,Insp. Pranit Tak,2024,10,13
KAR/SHI/2024/1085,2024-10-10,06:15:00,vehicle_theft,"Reported incident of vehicle theft at Near Dhillon Street, Shivamogga. Suspect vehicle noticed with plate KA-18-B-2295.",open,Shivamogga,Shivamogga Industrial PS,"Near Dhillon Street, Shivamogga",13.8607,75.5388,Insp. Chaman Deo,2024,10,6
KAR/BEN/2024/1086,2024-11-05,11:09:00,chain_snatching,"Reported incident of chain snatching at Near Sawhney Street, Bengaluru Urban. Suspect vehicle noticed with plate KA-08-B-5351.",closed,Bengaluru Urban,Bengaluru Urban West PS,"Near Sawhney Street, Bengaluru Urban",12.8863,77.575,Insp. Lajita Ravel,2024,11,11
KAR/UDU/2024/1087,2024-02-05,13:36:00,kidnapping,"Reported incident of kidnapping at Near Parikh Nagar, Udupi.",under_investigation,Udupi,Udupi Traffic PS,"Near Parikh Nagar, Udupi",13.4079,74.6808,Insp. Radhika Bhatti,2024,2,13
KAR/MAN/2024/1088,2024-01-10,17:03:00,drug_offence,"Reported incident of drug offence at Near Zacharia Zila, Mangaluru (Dakshina Kannada).",under_investigation,Mangaluru (Dakshina Kannada),Mangaluru (Dakshina Kannada) Suburban PS,"Near Zacharia Zila, Mangaluru (Dakshina Kannada)",12.853,74.8992,Insp. Leela Badami,2024,1,17
KAR/MAN/2024/1089,2025-02-09,08:32:00,burglary,"Reported incident of burglary at Near Iyengar Road, Mandya.",under_investigation,Mandya,Mandya Town PS,"Near Iyengar Road, Mandya",12.5675,76.9152,Insp. Januja Agarwal,2025,2,8
KAR/KOP/2024/1090,2024-02-04,08:07:00,eve_teasing,"Reported incident of eve teasing at Near Korpal Path, Koppal.",chargesheeted,Koppal,Koppal Suburban PS,"Near Korpal Path, Koppal",15.408,76.2332,Insp. Pahal Ahuja,2024,2,8
KAR/BEN/2024/1091,2024-01-16,20:05:00,chain_snatching,"Reported incident of chain snatching at Near Sankaran Nagar, Bengaluru Urban. Suspect vehicle noticed with plate KA-19-P-9348.",open,Bengaluru Urban,Bengaluru Urban North PS,"Near Sankaran Nagar, Bengaluru Urban",12.9466,77.5738,Insp. David Joshi,2024,1,20
KAR/DAV/2024/1092,2025-01-13,16:04:00,cybercrime,"Reported incident of cybercrime at Near Agate Path, Davangere.",open,Davangere,Davangere Suburban PS,"Near Agate Path, Davangere",14.4867,75.9586,Insp. Advik Samra,2025,1,16
KAR/BAL/2024/1093,2025-03-04,01:04:00,fraud,"Reported incident of fraud at Near Karan Nagar, Ballari.",open,Ballari,Ballari Town PS,"Near Karan Nagar, Ballari",15.1099,76.9803,Insp. Lopa Chawla,2025,3,1
KAR/SHI/2024/1094,2024-05-15,02:36:00,fraud,"Reported incident of fraud at Near Verma Zila, Shivamogga.",open,Shivamogga,Shivamogga Rural PS,"Near Verma Zila, Shivamogga",13.899,75.5148,Insp. Varenya Nagi,2024,5,2
KAR/BAL/2024/1095,2024-03-26,23:57:00,vehicle_theft,"Reported incident of vehicle theft at Near Bath Street, Ballari. Suspect vehicle noticed with plate KA-42-M-5346.",under_investigation,Ballari,Ballari Suburban PS,"Near Bath Street, Ballari",15.2256,76.9509,Insp. Amara Chand,2024,3,23
KAR/BEN/2024/1096,2024-12-08,01:26:00,vehicle_theft,"Reported incident of vehicle theft at Near Tata Circle, Bengaluru Urban. Suspect vehicle noticed with plate KA-34-B-9454.",closed,Bengaluru Urban,Bengaluru Urban North PS,"Near Tata Circle, Bengaluru Urban",12.9664,77.5971,Insp. Pooja Choudhury,2024,12,1
KAR/CHI/2024/1097,2024-12-08,19:42:00,robbery,"Reported incident of robbery at Near Vasa Circle, Chikkamagaluru. Suspect vehicle noticed with plate KA-02-KB-1781.",open,Chikkamagaluru,Chikkamagaluru Market PS,"Near Vasa Circle, Chikkamagaluru",13.3567,75.7022,Insp. Idika Sarna,2024,12,19
KAR/MYS/2024/1098,2024-10-07,20:21:00,vehicle_theft,"Reported incident of vehicle theft at Near Modi Zila, Mysuru. Suspect vehicle noticed with plate KA-49-B-1510.",open,Mysuru,Mysuru East PS,"Near Modi Zila, Mysuru",12.278,76.687,Insp. Tamanna Sachdeva,2024,10,20
KAR/BEN/2024/1099,2025-03-02,15:38:00,vehicle_theft,"Reported incident of vehicle theft at Near Guha Nagar, Bengaluru Rural. Suspect vehicle noticed with plate KA-21-B-6352.",under_investigation,Bengaluru Rural,Bengaluru Rural Central PS,"Near Guha Nagar, Bengaluru Rural",13.1918,77.5778,Insp. Qushi Prashad,2025,3,15
KAR/BID/2024/1100,2024-06-29,01:38:00,fraud,"Reported incident of fraud at Near Jaggi Zila, Bidar.",under_investigation,Bidar,Bidar Traffic PS,"Near Jaggi Zila, Bidar",17.9031,77.473,Insp. Krishna Mody,2024,6,1
KAR/BEN/2024/1101,2024-07-10,16:37:00,fraud,"Reported incident of fraud at Near Mody, Bengaluru Urban.",under_investigation,Bengaluru Urban,Bengaluru Urban North PS,"Near Mody, Bengaluru Urban",12.9436,77.6143,Insp. Neel Shankar,2024,7,16
KAR/BEN/2024/1102,2025-01-29,21:08:00,chain_snatching,"Reported incident of chain snatching at Near Korpal, Bengaluru Urban. Suspect vehicle noticed with plate KA-30-M-8784.",open,Bengaluru Urban,Bengaluru Urban North PS,"Near Korpal, Bengaluru Urban",12.9413,77.6229,Insp. Pranit Behl,2025,1,21
KAR/BEN/2024/1103,2024-12-11,22:38:00,cybercrime,"Reported incident of cybercrime at Near Khurana Nagar, Bengaluru Urban.",under_investigation,Bengaluru Urban,Bengaluru Urban Central PS,"Near Khurana Nagar, Bengaluru Urban",12.9551,77.5623,Insp. Chakradev Walla,2024,12,22
KAR/BEN/2024/1104,2024-11-27,18:40:00,drug_offence,"Reported incident of drug offence at Near Sawhney Ganj, Bengaluru Urban.",open,Bengaluru Urban,Bengaluru Urban East PS,"Near Sawhney Ganj, Bengaluru Urban",13.0681,77.5917,Insp. Lucky Kuruvilla,2024,11,18
KAR/KAL/2024/1105,2025-04-25,16:54:00,eve_teasing,"Reported incident of eve teasing at Near Raman Chowk, Kalaburagi.",open,Kalaburagi,Kalaburagi Industrial PS,"Near Raman Chowk, Kalaburagi",17.3029,76.8695,Insp. Nitara Bansal,2025,4,16
KAR/TUM/2024/1106,2024-10-11,17:47:00,chain_snatching,"Reported incident of chain snatching at Near Vala Marg, Tumakuru. Suspect vehicle noticed with plate KA-22-KA-9902.",open,Tumakuru,Tumakuru Town PS,"Near Vala Marg, Tumakuru",13.2581,77.1135,Insp. Raagini Ganesh,2024,10,17
KAR/BEN/2024/1107,2024-12-25,00:22:00,chain_snatching,"Reported incident of chain snatching at Near Loyal Street, Bengaluru Urban. Suspect vehicle noticed with plate KA-26-M-6985.",open,Bengaluru Urban,Bengaluru Urban Central PS,"Near Loyal Street, Bengaluru Urban",12.9421,77.5808,Insp. Elijah Toor,2024,12,0
KAR/BEN/2024/1108,2024-08-02,19:46:00,burglary,"Reported incident of burglary at Near Samra Street, Bengaluru Rural.",open,Bengaluru Rural,Bengaluru Rural Central PS,"Near Samra Street, Bengaluru Rural",13.2337,77.5201,Insp. Xiti Thaman,2024,8,19
KAR/BEN/2024/1109,2025-04-10,09:10:00,kidnapping,"Reported incident of kidnapping at Near Lad Marg, Bengaluru Urban.",open,Bengaluru Urban,Bengaluru Urban Traffic PS,"Near Lad Marg, Bengaluru Urban",12.9465,77.6687,Insp. Yochana Andra,2025,4,9
KAR/UDU/2024/1110,2024-11-21,22:23:00,cybercrime,"Reported incident of cybercrime at Near Dara Chowk, Udupi.",closed,Udupi,Udupi Traffic PS,"Near Dara Chowk, Udupi",13.3674,74.7,Insp. Gautami Murthy,2024,11,22
KAR/BEN/2024/1111,2025-03-14,07:42:00,fraud,"Reported incident of fraud at Near Krishnamurthy Nagar, Bengaluru Urban.",under_investigation,Bengaluru Urban,Bengaluru Urban Traffic PS,"Near Krishnamurthy Nagar, Bengaluru Urban",12.9665,77.662,Insp. Hamsini Nayar,2025,3,7
KAR/KAL/2024/1112,2024-03-11,05:32:00,vehicle_theft,"Reported incident of vehicle theft at Near Dutt, Kalaburagi. Suspect vehicle noticed with plate KA-38-N-2176.",open,Kalaburagi,Kalaburagi Traffic PS,"Near Dutt, Kalaburagi",17.3098,76.8157,Insp. Dayita Goyal,2024,3,5
KAR/KAL/2024/1113,2024-10-05,06:43:00,vehicle_theft,"Reported incident of vehicle theft at Near Mall Road, Kalaburagi. Suspect vehicle noticed with plate KA-47-A-7032.",chargesheeted,Kalaburagi,Kalaburagi Suburban PS,"Near Mall Road, Kalaburagi",17.2804,76.8302,Insp. Peter Khalsa,2024,10,6
KAR/BEL/2024/1114,2024-11-03,03:19:00,vehicle_theft,"Reported incident of vehicle theft at Near Baral, Belagavi. Suspect vehicle noticed with plate KA-49-KB-7599.",chargesheeted,Belagavi,Belagavi Market PS,"Near Baral, Belagavi",15.79,74.5084,Insp. Lohit Sha,2024,11,3
KAR/BEN/2024/1115,2025-05-18,08:35:00,cybercrime,"Reported incident of cybercrime at Near Chada Street, Bengaluru Urban.",closed,Bengaluru Urban,Bengaluru Urban South PS,"Near Chada Street, Bengaluru Urban",12.9654,77.5277,Insp. Darpan Karan,2025,5,8
KAR/BEN/2024/1116,2024-02-13,06:03:00,vehicle_theft,"Reported incident of vehicle theft at Near Bali Chowk, Bengaluru Urban. Suspect vehicle noticed with plate KA-09-KA-2100.",under_investigation,Bengaluru Urban,Bengaluru Urban East PS,"Near Bali Chowk, Bengaluru Urban",13.0556,77.5765,Insp. Brijesh Wason,2024,2,6
KAR/CHI/2024/1117,2025-04-04,00:23:00,hit_and_run,"Reported incident of hit and run at Near Buch Road, Chikkamagaluru.",open,Chikkamagaluru,Chikkamagaluru Suburban PS,"Near Buch Road, Chikkamagaluru",13.4191,75.8154,Insp. Ria Doctor,2025,4,0
KAR/BID/2024/1118,2024-12-11,19:51:00,vehicle_theft,"Reported incident of vehicle theft at Near Badal Zila, Bidar. Suspect vehicle noticed with plate KA-50-B-6736.",under_investigation,Bidar,Bidar Industrial PS,"Near Badal Zila, Bidar",17.8849,77.4953,Insp. Diya Dutta,2024,12,19
KAR/VIJ/2024/1119,2024-10-06,04:59:00,property_crime,"Reported incident of property crime at Near Comar Chowk, Vijayapura.",closed,Vijayapura,Vijayapura Market PS,"Near Comar Chowk, Vijayapura",16.8026,75.7523,Insp. Rohan Naik,2024,10,4
KAR/TUM/2024/1120,2024-09-03,11:06:00,burglary,"Reported incident of burglary at Near Rai Ganj, Tumakuru.",open,Tumakuru,Tumakuru Rural PS,"Near Rai Ganj, Tumakuru",13.2991,77.118,Insp. Lavanya Kapur,2024,9,11
KAR/BEN/2024/1121,2024-05-02,08:41:00,cybercrime,"Reported incident of cybercrime at Near Panchal Marg, Bengaluru Urban.",under_investigation,Bengaluru Urban,Bengaluru Urban Central PS,"Near Panchal Marg, Bengaluru Urban",12.9174,77.576,Insp. Omkaar Ram,2024,5,8
KAR/BEN/2024/1122,2024-11-30,15:41:00,kidnapping,"Reported incident of kidnapping at Near Chatterjee Path, Bengaluru Urban.",under_investigation,Bengaluru Urban,Bengaluru Urban South PS,"Near Chatterjee Path, Bengaluru Urban",13.0131,77.5321,Insp. Darsh Cherian,2024,11,15
KAR/MYS/2024/1123,2024-11-28,12:13:00,fraud,"Reported incident of fraud at Near Panchal Street, Mysuru.",open,Mysuru,Mysuru East PS,"Near Panchal Street, Mysuru",12.2678,76.693,Insp. Laban Tara,2024,11,12
KAR/BAL/2024/1124,2025-04-17,11:49:00,vehicle_theft,"Reported incident of vehicle theft at Near Kibe Road, Ballari. Suspect vehicle noticed with plate KA-06-M-2283.",under_investigation,Ballari,Ballari Market PS,"Near Kibe Road, Ballari",15.1919,76.907,Insp. Orinder Master,2025,4,11
KAR/HAS/2024/1125,2024-08-05,22:22:00,assault,"Reported incident of assault at Near Soni Marg, Hassan.",under_investigation,Hassan,Hassan Suburban PS,"Near Soni Marg, Hassan",13.0626,76.0751,Insp. Atharv Palla,2024,8,22
KAR/DAV/2024/1126,2025-04-15,00:49:00,hit_and_run,"Reported incident of hit and run at Near Ramanathan Nagar, Davangere.",open,Davangere,Davangere Town PS,"Near Ramanathan Nagar, Davangere",14.4517,75.8925,Insp. Agastya Aurora,2025,4,0
KAR/BAL/2024/1127,2024-07-19,12:19:00,assault,"Reported incident of assault at Near Prakash, Ballari.",open,Ballari,Ballari Traffic PS,"Near Prakash, Ballari",15.1826,76.8401,Insp. Yuvraj More,2024,7,12
KAR/BEN/2024/1128,2024-02-21,13:07:00,assault,"Reported incident of assault at Near Raval Circle, Bengaluru Urban.",open,Bengaluru Urban,Bengaluru Urban North PS,"Near Raval Circle, Bengaluru Urban",12.9586,77.5916,Insp. Isaac Palla,2024,2,13
KAR/BEN/2024/1129,2024-12-02,07:02:00,chain_snatching,"Reported incident of chain snatching at Near Talwar Marg, Bengaluru Urban. Suspect vehicle noticed with plate KA-09-P-1355.",open,Bengaluru Urban,Bengaluru Urban Traffic PS,"Near Talwar Marg, Bengaluru Urban",12.9596,77.6568,Insp. Veer Sengupta,2024,12,7
KAR/VIJ/2024/1130,2024-08-21,07:30:00,cybercrime,"Reported incident of cybercrime at Near Sankar Zila, Vijayapura.",under_investigation,Vijayapura,Vijayapura Traffic PS,"Near Sankar Zila, Vijayapura",16.8909,75.6758,Insp. Nandini Trivedi,2024,8,7
KAR/BEN/2024/1131,2024-10-26,14:24:00,chain_snatching,"Reported incident of chain snatching at Near Vala Street, Bengaluru Urban. Suspect vehicle noticed with plate KA-51-P-2622.",open,Bengaluru Urban,Bengaluru Urban West PS,"Near Vala Street, Bengaluru Urban",12.9166,77.5695,Insp. Viraj Shukla,2024,10,14
KAR/BEN/2024/1132,2024-07-27,23:28:00,assault,"Reported incident of assault at Near Bakshi Nagar, Bengaluru Urban.",under_investigation,Bengaluru Urban,Bengaluru Urban Central PS,"Near Bakshi Nagar, Bengaluru Urban",12.9201,77.5954,Insp. Aadhya Taneja,2024,7,23
KAR/BEL/2024/1133,2024-06-02,22:55:00,robbery,"Reported incident of robbery at Near Krishnan Nagar, Belagavi. Suspect vehicle noticed with plate KA-12-KA-5994.",under_investigation,Belagavi,Belagavi Market PS,"Near Krishnan Nagar, Belagavi",15.7488,74.4669,Insp. Owen Vyas,2024,6,22
KAR/CHI/2024/1134,2024-10-08,07:46:00,vehicle_theft,"Reported incident of vehicle theft at Near Tailor Path, Chikkamagaluru. Suspect vehicle noticed with plate KA-28-B-7567.",chargesheeted,Chikkamagaluru,Chikkamagaluru Suburban PS,"Near Tailor Path, Chikkamagaluru",13.3809,75.8202,Insp. Anjali Badami,2024,10,7
KAR/HAS/2024/1135,2025-02-04,00:33:00,robbery,"Reported incident of robbery at Near Savant Ganj, Hassan. Suspect vehicle noticed with plate KA-04-KB-1519.",open,Hassan,Hassan Traffic PS,"Near Savant Ganj, Hassan",12.9249,76.0744,Insp. Upma Ram,2025,2,0
KAR/BEN/2024/1136,2024-04-10,14:58:00,burglary,"Reported incident of burglary at Near Vora Road, Bengaluru Urban.",open,Bengaluru Urban,Bengaluru Urban West PS,"Near Vora Road, Bengaluru Urban",12.9049,77.5325,Insp. Fariq Ben,2024,4,14
KAR/BEN/2024/1137,2024-05-22,12:59:00,robbery,"Reported incident of robbery at Near Deshpande Circle, Bengaluru Urban. Suspect vehicle noticed with plate KA-01-M-1725.",open,Bengaluru Urban,Bengaluru Urban East PS,"Near Deshpande Circle, Bengaluru Urban",13.0762,77.5969,Insp. Gauri Sethi,2024,5,12
KAR/BEL/2024/1138,2025-04-06,03:15:00,robbery,"Reported incident of robbery at Near Sandhu Road, Belagavi. Suspect vehicle noticed with plate KA-52-KB-1794.",under_investigation,Belagavi,Belagavi Traffic PS,"Near Sandhu Road, Belagavi",15.846,74.5097,Insp. Dayita Madan,2025,4,3
KAR/BAL/2024/1139,2025-03-15,16:12:00,vehicle_theft,"Reported incident of vehicle theft at Near Trivedi Nagar, Ballari. Suspect vehicle noticed with plate KA-06-B-9094.",under_investigation,Ballari,Ballari Town PS,"Near Trivedi Nagar, Ballari",15.0942,76.9992,Insp. Urmi Varughese,2025,3,16
KAR/KOL/2024/1140,2024-12-06,12:25:00,cybercrime,"Reported incident of cybercrime at Near Rana Street, Kolar.",closed,Kolar,Kolar Traffic PS,"Near Rana Street, Kolar",13.1658,78.1074,Insp. Warda Kala,2024,12,12
KAR/BEN/2024/1141,2024-10-07,12:47:00,eve_teasing,"Reported incident of eve teasing at Near Bala Nagar, Bengaluru Urban.",open,Bengaluru Urban,Bengaluru Urban North PS,"Near Bala Nagar, Bengaluru Urban",12.9433,77.6242,Insp. Inaya Sidhu,2024,10,12
KAR/BEN/2024/1142,2025-03-11,19:08:00,drug_offence,"Reported incident of drug offence at Near Dave, Bengaluru Urban.",closed,Bengaluru Urban,Bengaluru Urban Traffic PS,"Near Dave, Bengaluru Urban",12.9789,77.6287,Insp. Ubika Kata,2025,3,19
KAR/BEN/2024/1143,2024-07-19,02:04:00,cybercrime,"Reported incident of cybercrime at Near Nayar Marg, Bengaluru Urban.",open,Bengaluru Urban,Bengaluru Urban North PS,"Near Nayar Marg, Bengaluru Urban",12.9631,77.6096,Insp. Vedhika Sidhu,2024,7,2
KAR/BEN/2024/1144,2024-07-19,15:29:00,vehicle_theft,"Reported incident of vehicle theft at Near Sodhi Path, Bengaluru Urban. Suspect vehicle noticed with plate KA-43-A-8191.",open,Bengaluru Urban,Bengaluru Urban Traffic PS,"Near Sodhi Path, Bengaluru Urban",12.9979,77.6463,Insp. Damyanti Ahluwalia,2024,7,15
KAR/BEN/2024/1145,2025-03-16,09:44:00,burglary,"Reported incident of burglary at Near Sangha Street, Bengaluru Urban.",open,Bengaluru Urban,Bengaluru Urban West PS,"Near Sangha Street, Bengaluru Urban",12.8885,77.5606,Insp. Anvi Natarajan,2025,3,9
KAR/TUM/2024/1146,2024-07-07,11:42:00,burglary,"Reported incident of burglary at Near Cherian, Tumakuru.",open,Tumakuru,Tumakuru Industrial PS,"Near Cherian, Tumakuru",13.3222,77.0803,Insp. Mohini Saini,2024,7,11
KAR/BEN/2024/1147,2024-11-30,03:35:00,burglary,"Reported incident of burglary at Near Nagar Ganj, Bengaluru Rural.",under_investigation,Bengaluru Rural,Bengaluru Rural West PS,"Near Nagar Ganj, Bengaluru Rural",13.1523,77.5001,Insp. Kevin Gokhale,2024,11,3
KAR/DAV/2024/1148,2025-03-08,07:18:00,chain_snatching,"Reported incident of chain snatching at Near Malhotra Nagar, Davangere. Suspect vehicle noticed with plate KA-37-M-1210.",closed,Davangere,Davangere Market PS,"Near Malhotra Nagar, Davangere",14.4621,75.8496,Insp. Michael Chaudhary,2025,3,7
KAR/HAS/2024/1149,2024-06-25,07:51:00,assault,"Reported incident of assault at Near Mahal Zila, Hassan.",open,Hassan,Hassan Industrial PS,"Near Mahal Zila, Hassan",13.017,76.0559,Insp. Janaki Sarin,2024,6,7
KAR/MAN/2024/1150,2024-01-07,05:46:00,eve_teasing,"Reported incident of eve teasing at Near Bora Circle, Mandya.",open,Mandya,Mandya Market PS,"Near Bora Circle, Mandya",12.4823,76.8375,Insp. Ethan Nadig,2024,1,5
KAR/BAL/2024/1151,2024-01-09,01:41:00,cybercrime,"Reported incident of cybercrime at Near Loyal Path, Ballari.",open,Ballari,Ballari Traffic PS,"Near Loyal Path, Ballari",15.1625,76.8728,Insp. Kashvi Misra,2024,1,1
KAR/VIJ/2024/1152,2024-08-20,23:00:00,burglary,"Reported incident of burglary at Near Pai Street, Vijayapura.",open,Vijayapura,Vijayapura Suburban PS,"Near Pai Street, Vijayapura",16.7545,75.6348,Insp. Yadavi Rege,2024,8,23
KAR/CHI/2024/1153,2024-09-05,07:56:00,vehicle_theft,"Reported incident of vehicle theft at Near Ganguly Zila, Chikkamagaluru. Suspect vehicle noticed with plate KA-06-KA-3765.",open,Chikkamagaluru,Chikkamagaluru Rural PS,"Near Ganguly Zila, Chikkamagaluru",13.3102,75.7409,Insp. Nicholas Modi,2024,9,7
KAR/HUB/2024/1154,2024-12-18,06:57:00,drug_offence,"Reported incident of drug offence at Near Sachdev Circle, Hubballi-Dharwad.",under_investigation,Hubballi-Dharwad,Hubballi-Dharwad Suburban PS,"Near Sachdev Circle, Hubballi-Dharwad",15.4072,75.1128,Insp. Prisha Chhabra,2024,12,6
KAR/MAN/2024/1155,2024-04-30,08:23:00,burglary,"Reported incident of burglary at Near Som Ganj, Mandya.",open,Mandya,Mandya Market PS,"Near Som Ganj, Mandya",12.5311,76.8696,Insp. Ikshita Wadhwa,2024,4,8
KAR/RAI/2024/1156,2025-03-14,02:34:00,vehicle_theft,"Reported incident of vehicle theft at Near Mall Zila, Raichur. Suspect vehicle noticed with plate KA-26-KA-5886.",open,Raichur,Raichur Market PS,"Near Mall Zila, Raichur",16.1946,77.2839,Insp. Qabil Bajaj,2025,3,2
KAR/BEN/2024/1157,2024-12-18,22:24:00,hit_and_run,"Reported incident of hit and run at Near Gaba Zila, Bengaluru Urban.",open,Bengaluru Urban,Bengaluru Urban Traffic PS,"Near Gaba Zila, Bengaluru Urban",12.9978,77.6606,Insp. Warinder Borde,2024,12,22
KAR/MAN/2024/1158,2024-10-23,23:43:00,vehicle_theft,"Reported incident of vehicle theft at Near Bobal Zila, Mandya. Suspect vehicle noticed with plate KA-39-M-6992.",open,Mandya,Mandya Industrial PS,"Near Bobal Zila, Mandya",12.5142,76.9744,Insp. Saanvi Raj,2024,10,23
KAR/BEN/2024/1159,2025-03-10,17:55:00,burglary,"Reported incident of burglary at Near Borde Road, Bengaluru Urban.",open,Bengaluru Urban,Bengaluru Urban Traffic PS,"Near Borde Road, Bengaluru Urban",12.9491,77.6804,Insp. Ethan Mitra,2025,3,17
KAR/BEN/2024/1160,2024-02-28,20:25:00,vehicle_theft,"Reported incident of vehicle theft at Near Desai Street, Bengaluru Urban. Suspect vehicle noticed with plate KA-22-M-7366.",open,Bengaluru Urban,Bengaluru Urban South PS,"Near Desai Street, Bengaluru Urban",13.0091,77.5016,Insp. Faraj Raman,2024,2,20
KAR/DAV/2024/1161,2025-01-09,12:08:00,cybercrime,"Reported incident of cybercrime at Near Tank Street, Davangere.",chargesheeted,Davangere,Davangere Industrial PS,"Near Tank Street, Davangere",14.3898,76.0012,Insp. Mohammed Nagi,2025,1,12
KAR/BEN/2024/1162,2024-11-21,06:45:00,cybercrime,"Reported incident of cybercrime at Near Raghavan Path, Bengaluru Urban.",under_investigation,Bengaluru Urban,Bengaluru Urban Central PS,"Near Raghavan Path, Bengaluru Urban",12.8972,77.6081,Insp. Mitesh Master,2024,11,6
KAR/KOL/2024/1163,2024-12-24,06:49:00,chain_snatching,"Reported incident of chain snatching at Near Bumb Zila, Kolar. Suspect vehicle noticed with plate KA-48-A-5158.",under_investigation,Kolar,Kolar Town PS,"Near Bumb Zila, Kolar",13.2127,78.1104,Insp. Dayamai Sanghvi,2024,12,6
KAR/MYS/2024/1164,2024-09-10,01:48:00,assault,"Reported incident of assault at Near Bose Chowk, Mysuru.",closed,Mysuru,Mysuru Traffic PS,"Near Bose Chowk, Mysuru",12.3123,76.5721,Insp. Hamsini Tripathi,2024,9,1
KAR/MAN/2024/1165,2024-11-18,05:05:00,murder,"Reported incident of murder at Near Walla, Mangaluru (Dakshina Kannada).",under_investigation,Mangaluru (Dakshina Kannada),Mangaluru (Dakshina Kannada) Industrial PS,"Near Walla, Mangaluru (Dakshina Kannada)",12.885,74.8407,Insp. Udarsh Dixit,2024,11,5
KAR/VIJ/2024/1166,2024-11-25,01:26:00,drug_offence,"Reported incident of drug offence at Near Nagi Chowk, Vijayapura.",open,Vijayapura,Vijayapura Market PS,"Near Nagi Chowk, Vijayapura",16.8148,75.7726,Insp. Upasna Atwal,2024,11,1
KAR/MYS/2024/1167,2024-01-05,21:31:00,cybercrime,"Reported incident of cybercrime at Near Ganesh Path, Mysuru.",open,Mysuru,Mysuru Central PS,"Near Ganesh Path, Mysuru",12.2276,76.7384,Insp. Osha Rout,2024,1,21
KAR/KOP/2024/1168,2025-02-19,05:22:00,chain_snatching,"Reported incident of chain snatching at Near Sathe Zila, Koppal. Suspect vehicle noticed with plate KA-04-P-9909.",open,Koppal,Koppal Traffic PS,"Near Sathe Zila, Koppal",15.357,76.2021,Insp. Indira Sawhney,2025,2,5
KAR/BEN/2024/1169,2024-10-10,05:33:00,vehicle_theft,"Reported incident of vehicle theft at Near Varghese Zila, Bengaluru Urban. Suspect vehicle noticed with plate KA-18-KB-1569.",open,Bengaluru Urban,Bengaluru Urban North PS,"Near Varghese Zila, Bengaluru Urban",12.9316,77.6114,Insp. Sathvik Salvi,2024,10,5
KAR/BID/2024/1170,2024-05-29,15:02:00,chain_snatching,"Reported incident of chain snatching at Near Wali Chowk, Bidar. Suspect vehicle noticed with plate KA-12-M-5739.",chargesheeted,Bidar,Bidar Market PS,"Near Wali Chowk, Bidar",17.8504,77.5381,Insp. Radha Reddy,2024,5,15
KAR/BEN/2024/1171,2024-11-23,19:30:00,fraud,"Reported incident of fraud at Near Chaudhuri Path, Bengaluru Urban.",open,Bengaluru Urban,Bengaluru Urban South PS,"Near Chaudhuri Path, Bengaluru Urban",12.9679,77.5307,Insp. Dominic Warrior,2024,11,19
KAR/KAL/2024/1172,2024-07-19,00:49:00,fraud,"Reported incident of fraud at Near Narula Marg, Kalaburagi.",chargesheeted,Kalaburagi,Kalaburagi Traffic PS,"Near Narula Marg, Kalaburagi",17.3239,76.7883,Insp. Raagini Chopra,2024,7,0
KAR/KOL/2024/1173,2024-09-14,11:29:00,cybercrime,"Reported incident of cybercrime at Near Baral Street, Kolar.",open,Kolar,Kolar Market PS,"Near Baral Street, Kolar",13.1978,78.2281,Insp. Elijah Sahota,2024,9,11
KAR/BEN/2024/1174,2025-05-13,07:25:00,domestic_violence,"Reported incident of domestic violence at Near Wali Street, Bengaluru Urban.",open,Bengaluru Urban,Bengaluru Urban North PS,"Near Wali Street, Bengaluru Urban",12.9741,77.5715,Insp. Geetika Bora,2025,5,7
KAR/KOL/2024/1175,2024-12-08,01:19:00,cybercrime,"Reported incident of cybercrime at Near Roy Road, Kolar.",open,Kolar,Kolar Suburban PS,"Near Roy Road, Kolar",13.1715,78.0461,Insp. Maanav Sharma,2024,12,1
KAR/HUB/2024/1176,2024-10-12,12:20:00,vehicle_theft,"Reported incident of vehicle theft at Near Keer Ganj, Hubballi-Dharwad. Suspect vehicle noticed with plate KA-45-KA-2958.",under_investigation,Hubballi-Dharwad,Hubballi-Dharwad Industrial PS,"Near Keer Ganj, Hubballi-Dharwad",15.4032,75.0308,Insp. Urmi Kala,2024,10,12
KAR/KOP/2024/1177,2025-02-17,13:42:00,assault,"Reported incident of assault at Near Sangha Zila, Koppal.",under_investigation,Koppal,Koppal Suburban PS,"Near Sangha Zila, Koppal",15.3793,76.2539,Insp. Osha Suri,2025,2,13
KAR/MAN/2024/1178,2025-03-03,04:04:00,robbery,"Reported incident of robbery at Near Mitra Path, Mandya. Suspect vehicle noticed with plate KA-12-M-4337.",open,Mandya,Mandya Market PS,"Near Mitra Path, Mandya",12.5203,76.8581,Insp. Mitali Bhardwaj,2025,3,4
KAR/BEN/2024/1179,2025-04-04,07:19:00,robbery,"Reported incident of robbery at Near Desai, Bengaluru Urban. Suspect vehicle noticed with plate KA-10-P-9800.",under_investigation,Bengaluru Urban,Bengaluru Urban Central PS,"Near Desai, Bengaluru Urban",12.9563,77.6061,Insp. Joshua Munshi,2025,4,7
KAR/MYS/2024/1180,2025-01-15,02:49:00,assault,"Reported incident of assault at Near Sarraf, Mysuru.",under_investigation,Mysuru,Mysuru West PS,"Near Sarraf, Mysuru",12.375,76.5602,Insp. Joshua Nagi,2025,1,2
KAR/KOL/2024/1181,2024-06-27,18:37:00,chain_snatching,"Reported incident of chain snatching at Near Sastry Marg, Kolar. Suspect vehicle noticed with plate KA-34-KB-5449.",open,Kolar,Kolar Suburban PS,"Near Sastry Marg, Kolar",13.1197,78.0655,Insp. Tristan Sathe,2024,6,18
KAR/BEL/2024/1182,2024-06-27,15:49:00,burglary,"Reported incident of burglary at Near Raval Street, Belagavi.",open,Belagavi,Belagavi Industrial PS,"Near Raval Street, Belagavi",15.8028,74.5427,Insp. Gaurav Sunder,2024,6,15
KAR/CHI/2024/1183,2024-07-29,07:43:00,assault,"Reported incident of assault at Near Parsa Marg, Chikkamagaluru.",open,Chikkamagaluru,Chikkamagaluru Rural PS,"Near Parsa Marg, Chikkamagaluru",13.3256,75.7581,Insp. Ojasvi Sant,2024,7,7
KAR/BEN/2024/1184,2024-10-02,02:18:00,vehicle_theft,"Reported incident of vehicle theft at Near Garg Chowk, Bengaluru Urban. Suspect vehicle noticed with plate KA-12-B-6750.",under_investigation,Bengaluru Urban,Bengaluru Urban Central PS,"Near Garg Chowk, Bengaluru Urban",12.9503,77.5496,Insp. Ubika Kade,2024,10,2
KAR/BEN/2024/1185,2024-12-31,14:56:00,vehicle_theft,"Reported incident of vehicle theft at Near Talwar Marg, Bengaluru Urban. Suspect vehicle noticed with plate KA-23-A-4400.",open,Bengaluru Urban,Bengaluru Urban North PS,"Near Talwar Marg, Bengaluru Urban",12.926,77.6195,Insp. Gaurav Raghavan,2024,12,14
KAR/BEN/2024/1186,2025-02-11,14:56:00,eve_teasing,"Reported incident of eve teasing at Near Modi Circle, Bengaluru Urban.",open,Bengaluru Urban,Bengaluru Urban Traffic PS,"Near Modi Circle, Bengaluru Urban",12.9827,77.667,Insp. Rehaan Sur,2025,2,14
KAR/KOL/2024/1187,2024-11-14,08:09:00,assault,"Reported incident of assault at Near Badami Road, Kolar.",open,Kolar,Kolar Town PS,"Near Badami Road, Kolar",13.2244,78.0887,Insp. Finn Gupta,2024,11,8
KAR/BEN/2024/1188,2024-10-25,17:48:00,vehicle_theft,"Reported incident of vehicle theft at Near Thaman Circle, Bengaluru Urban. Suspect vehicle noticed with plate KA-46-N-5157.",chargesheeted,Bengaluru Urban,Bengaluru Urban Traffic PS,"Near Thaman Circle, Bengaluru Urban",12.9969,77.6513,Insp. Ishani Dhawan,2024,10,17
KAR/BEN/2024/1189,2025-02-27,21:05:00,chain_snatching,"Reported incident of chain snatching at Near Trivedi Path, Bengaluru Urban. Suspect vehicle noticed with plate KA-55-KB-4267.",chargesheeted,Bengaluru Urban,Bengaluru Urban West PS,"Near Trivedi Path, Bengaluru Urban",12.8931,77.531,Insp. Advik Kannan,2025,2,21
KAR/BEN/2024/1190,2024-07-25,11:39:00,robbery,"Reported incident of robbery at Near Dutta Circle, Bengaluru Urban. Suspect vehicle noticed with plate KA-22-P-7890.",open,Bengaluru Urban,Bengaluru Urban Central PS,"Near Dutta Circle, Bengaluru Urban",12.899,77.5919,Insp. Farhan Wason,2024,7,11
KAR/SHI/2024/1191,2024-08-30,01:26:00,hit_and_run,"Reported incident of hit and run at Near Manda Street, Shivamogga.",open,Shivamogga,Shivamogga Rural PS,"Near Manda Street, Shivamogga",13.8721,75.5097,Insp. Omkaar Dutt,2024,8,1
KAR/BEN/2024/1192,2024-06-20,09:52:00,chain_snatching,"Reported incident of chain snatching at Near Tata Ganj, Bengaluru Urban. Suspect vehicle noticed with plate KA-49-P-8572.",open,Bengaluru Urban,Bengaluru Urban East PS,"Near Tata Ganj, Bengaluru Urban",13.0317,77.6029,Insp. Gauri Wagle,2024,6,9
KAR/MAN/2024/1193,2025-01-10,12:26:00,domestic_violence,"Reported incident of domestic violence at Near Krishnan Chowk, Mangaluru (Dakshina Kannada).",open,Mangaluru (Dakshina Kannada),Mangaluru (Dakshina Kannada) Traffic PS,"Near Krishnan Chowk, Mangaluru (Dakshina Kannada)",12.9253,74.9116,Insp. Vincent Sahni,2025,1,12
KAR/MAN/2024/1194,2024-07-06,18:13:00,robbery,"Reported incident of robbery at Near Deol Chowk, Mangaluru (Dakshina Kannada). Suspect vehicle noticed with plate KA-30-M-2239.",open,Mangaluru (Dakshina Kannada),Mangaluru (Dakshina Kannada) Suburban PS,"Near Deol Chowk, Mangaluru (Dakshina Kannada)",12.8538,74.9037,Insp. Hemal Chauhan,2024,7,18
KAR/MAN/2024/1195,2024-10-02,06:06:00,chain_snatching,"Reported incident of chain snatching at Near Ravi Road, Mandya. Suspect vehicle noticed with plate KA-16-N-6282.",chargesheeted,Mandya,Mandya Suburban PS,"Near Ravi Road, Mandya",12.4809,76.8357,Insp. Rohan Gokhale,2024,10,6
KAR/MAN/2024/1196,2024-06-07,18:04:00,domestic_violence,"Reported incident of domestic violence at Near Shankar Ganj, Mandya.",open,Mandya,Mandya Industrial PS,"Near Shankar Ganj, Mandya",12.5194,76.9778,Insp. Isaac Raj,2024,6,18
KAR/TUM/2024/1197,2024-12-22,05:48:00,fraud,"Reported incident of fraud at Near Behl Street, Tumakuru.",under_investigation,Tumakuru,Tumakuru Rural PS,"Near Behl Street, Tumakuru",13.3132,77.1134,Insp. Omkaar Keer,2024,12,5
KAR/HUB/2024/1198,2024-02-13,12:02:00,vehicle_theft,"Reported incident of vehicle theft at Near Bala, Hubballi-Dharwad. Suspect vehicle noticed with plate KA-20-P-2210.",chargesheeted,Hubballi-Dharwad,Hubballi-Dharwad Market PS,"Near Bala, Hubballi-Dharwad",15.3958,75.1594,Insp. Lohit Butala,2024,2,12
KAR/MAN/2024/1199,2024-08-15,14:53:00,burglary,"Reported incident of burglary at Near Kanda Chowk, Mandya.",open,Mandya,Mandya Industrial PS,"Near Kanda Chowk, Mandya",12.5174,76.924,Insp. Hemani Cheema,2024,8,14
KAR/BEN/2024/1200,2024-01-24,19:56:00,vehicle_theft,"Reported incident of vehicle theft at Near Hayre Zila, Bengaluru Urban. Suspect vehicle noticed with plate KA-50-N-5341.",open,Bengaluru Urban,Bengaluru Urban Traffic PS,"Near Hayre Zila, Bengaluru Urban",12.9888,77.6403,Insp. Ekaja Barad,2024,1,19
KAR/BEL/2024/1201,2024-06-11,00:52:00,burglary,"Reported incident of burglary at Near Bassi Zila, Belagavi.",open,Belagavi,Belagavi Market PS,"Near Bassi Zila, Belagavi",15.7496,74.4606,Insp. Chaman Bir,2024,6,0
KAR/BEN/2024/1202,2024-11-11,18:53:00,fraud,"Reported incident of fraud at Near Prakash, Bengaluru Urban.",under_investigation,Bengaluru Urban,Bengaluru Urban South PS,"Near Prakash, Bengaluru Urban",12.9983,77.5349,Insp. Harita Sarkar,2024,11,18
KAR/BEN/2024/1203,2024-06-03,21:54:00,vehicle_theft,"Reported incident of vehicle theft at Near Walia Road, Bengaluru Urban. Suspect vehicle noticed with plate KA-16-P-2815.",under_investigation,Bengaluru Urban,Bengaluru Urban West PS,"Near Walia Road, Bengaluru Urban",12.9301,77.5596,Insp. Adya Behl,2024,6,21
KAR/BEN/2024/1204,2025-01-31,06:56:00,drug_offence,"Reported incident of drug offence at Near Jain Nagar, Bengaluru Urban.",under_investigation,Bengaluru Urban,Bengaluru Urban Central PS,"Near Jain Nagar, Bengaluru Urban",12.898,77.567,Insp. Laksh Mani,2025,1,6
KAR/UDU/2024/1205,2025-05-05,15:42:00,drug_offence,"Reported incident of drug offence at Near Kunda Nagar, Udupi.",closed,Udupi,Udupi Town PS,"Near Kunda Nagar, Udupi",13.3911,74.7092,Insp. Yug Bath,2025,5,15
KAR/CHI/2024/1206,2024-12-15,08:50:00,vehicle_theft,"Reported incident of vehicle theft at Near Sachar Path, Chikkamagaluru. Suspect vehicle noticed with plate KA-20-KB-3946.",open,Chikkamagaluru,Chikkamagaluru Town PS,"Near Sachar Path, Chikkamagaluru",13.3492,75.8226,Insp. Darika Uppal,2024,12,8
KAR/CHI/2024/1207,2024-10-11,23:41:00,chain_snatching,"Reported incident of chain snatching at Near Warrior Path, Chikkamagaluru. Suspect vehicle noticed with plate KA-15-B-9671.",open,Chikkamagaluru,Chikkamagaluru Town PS,"Near Warrior Path, Chikkamagaluru",13.3603,75.7913,Insp. Varsha Memon,2024,10,23
KAR/KAL/2024/1208,2024-03-31,02:25:00,fraud,"Reported incident of fraud at Near Krish Chowk, Kalaburagi.",closed,Kalaburagi,Kalaburagi Rural PS,"Near Krish Chowk, Kalaburagi",17.2626,76.7908,Insp. Bhanumati Oommen,2024,3,2
KAR/BEN/2024/1209,2024-09-09,22:38:00,kidnapping,"Reported incident of kidnapping at Near Dasgupta Road, Bengaluru Urban.",under_investigation,Bengaluru Urban,Bengaluru Urban East PS,"Near Dasgupta Road, Bengaluru Urban",13.0601,77.6066,Insp. Wyatt Patla,2024,9,22
KAR/MAN/2024/1210,2025-01-18,16:58:00,chain_snatching,"Reported incident of chain snatching at Near Amble Circle, Mandya. Suspect vehicle noticed with plate KA-52-N-6191.",under_investigation,Mandya,Mandya Market PS,"Near Amble Circle, Mandya",12.5018,76.8564,Insp. Lavanya Raghavan,2025,1,16
KAR/BEN/2024/1211,2024-11-21,17:07:00,assault,"Reported incident of assault at Near Dixit Circle, Bengaluru Urban.",open,Bengaluru Urban,Bengaluru Urban Traffic PS,"Near Dixit Circle, Bengaluru Urban",12.9447,77.6378,Insp. Aarush Bala,2024,11,17
KAR/BEN/2024/1212,2025-06-01,16:32:00,robbery,"Reported incident of robbery at Near Gopal Chowk, Bengaluru Urban. Suspect vehicle noticed with plate KA-07-P-6167.",open,Bengaluru Urban,Bengaluru Urban North PS,"Near Gopal Chowk, Bengaluru Urban",12.9557,77.6129,Insp. Vrinda Hans,2025,6,16
KAR/HAS/2024/1213,2025-02-15,07:13:00,hit_and_run,"Reported incident of hit and run at Near Buch Marg, Hassan.",open,Hassan,Hassan Suburban PS,"Near Buch Marg, Hassan",13.0422,76.1131,Insp. Ikshita Tailor,2025,2,7
KAR/BAL/2024/1214,2024-06-29,02:00:00,vehicle_theft,"Reported incident of vehicle theft at Near Borah Chowk, Ballari. Suspect vehicle noticed with plate KA-03-KA-6903.",open,Ballari,Ballari Industrial PS,"Near Borah Chowk, Ballari",15.1098,76.9398,Insp. Bhavika Palan,2024,6,2
KAR/MAN/2024/1215,2025-01-18,07:35:00,chain_snatching,"Reported incident of chain snatching at Near Ratta Circle, Mandya. Suspect vehicle noticed with plate KA-34-A-5445.",open,Mandya,Mandya Town PS,"Near Ratta Circle, Mandya",12.5383,76.9033,Insp. Nimrat Sangha,2025,1,7
KAR/UDU/2024/1216,2024-01-14,06:39:00,robbery,"Reported incident of robbery at Near Raja Marg, Udupi. Suspect vehicle noticed with plate KA-40-P-2710.",open,Udupi,Udupi Traffic PS,"Near Raja Marg, Udupi",13.4158,74.6804,Insp. Oviya Vyas,2024,1,6
KAR/BEN/2024/1217,2024-05-30,19:06:00,vehicle_theft,"Reported incident of vehicle theft at Near Bajwa, Bengaluru Urban. Suspect vehicle noticed with plate KA-27-M-7344.",under_investigation,Bengaluru Urban,Bengaluru Urban North PS,"Near Bajwa, Bengaluru Urban",12.9647,77.5894,Insp. Zansi Dhar,2024,5,19
KAR/BEN/2024/1218,2025-01-16,02:12:00,murder,"Reported incident of murder at Near Bakshi Street, Bengaluru Urban.",under_investigation,Bengaluru Urban,Bengaluru Urban East PS,"Near Bakshi Street, Bengaluru Urban",13.0479,77.6196,Insp. Chavvi Sarkar,2025,1,2
KAR/BEL/2024/1219,2024-06-12,16:40:00,fraud,"Reported incident of fraud at Near Narain Marg, Belagavi.",under_investigation,Belagavi,Belagavi Industrial PS,"Near Narain Marg, Belagavi",15.8158,74.5305,Insp. Ranbir Nanda,2024,6,16
KAR/MAN/2024/1220,2025-02-24,18:44:00,assault,"Reported incident of assault at Near Chander Zila, Mangaluru (Dakshina Kannada).",closed,Mangaluru (Dakshina Kannada),Mangaluru (Dakshina Kannada) Market PS,"Near Chander Zila, Mangaluru (Dakshina Kannada)",13.0168,74.8799,Insp. Wriddhish Patla,2025,2,18
KAR/MAN/2024/1221,2024-08-19,05:57:00,cybercrime,"Reported incident of cybercrime at Near Basak Marg, Mangaluru (Dakshina Kannada).",closed,Mangaluru (Dakshina Kannada),Mangaluru (Dakshina Kannada) Suburban PS,"Near Basak Marg, Mangaluru (Dakshina Kannada)",12.8237,74.9087,Insp. Watika Kakar,2024,8,5
KAR/BEN/2024/1222,2024-10-02,20:16:00,fraud,"Reported incident of fraud at Near Ramanathan Path, Bengaluru Urban.",open,Bengaluru Urban,Bengaluru Urban North PS,"Near Ramanathan Path, Bengaluru Urban",12.9267,77.6008,Insp. Robert Bava,2024,10,20
KAR/BEN/2024/1223,2024-01-13,20:29:00,assault,"Reported incident of assault at Near Mukhopadhyay Road, Bengaluru Urban.",open,Bengaluru Urban,Bengaluru Urban South PS,"Near Mukhopadhyay Road, Bengaluru Urban",12.9853,77.5326,Insp. Mason Kale,2024,1,20
KAR/KOP/2024/1224,2024-10-12,05:45:00,fraud,"Reported incident of fraud at Near Khalsa Chowk, Koppal.",under_investigation,Koppal,Koppal Suburban PS,"Near Khalsa Chowk, Koppal",15.3889,76.2178,Insp. Parth Pandey,2024,10,5
KAR/BEN/2024/1225,2024-08-10,20:19:00,fraud,"Reported incident of fraud at Near Mukherjee Street, Bengaluru Urban.",closed,Bengaluru Urban,Bengaluru Urban Central PS,"Near Mukherjee Street, Bengaluru Urban",12.9428,77.5865,Insp. Gaurangi Balan,2024,8,20
KAR/KOP/2024/1226,2025-01-19,21:28:00,robbery,"Reported incident of robbery at Near Muni Ganj, Koppal. Suspect vehicle noticed with plate KA-54-KB-3975.",open,Koppal,Koppal Industrial PS,"Near Muni Ganj, Koppal",15.3387,76.1891,Insp. Rudra Patil,2025,1,21
KAR/BEN/2024/1227,2024-06-27,19:05:00,cybercrime,"Reported incident of cybercrime at Near Bains Nagar, Bengaluru Urban.",open,Bengaluru Urban,Bengaluru Urban Central PS,"Near Bains Nagar, Bengaluru Urban",12.9078,77.593,Insp. Sarthak Buch,2024,6,19
KAR/BEN/2024/1228,2025-05-25,15:04:00,chain_snatching,"Reported incident of chain snatching at Near Mahajan Street, Bengaluru Urban. Suspect vehicle noticed with plate KA-18-A-7211.",chargesheeted,Bengaluru Urban,Bengaluru Urban South PS,"Near Mahajan Street, Bengaluru Urban",12.9924,77.5209,Insp. Vasatika Shere,2025,5,15
KAR/KOP/2024/1229,2024-01-16,08:56:00,assault,"Reported incident of assault at Near Chawla Nagar, Koppal.",open,Koppal,Koppal Suburban PS,"Near Chawla Nagar, Koppal",15.3931,76.2159,Insp. Qabil Aggarwal,2024,1,8
KAR/BEN/2024/1230,2024-02-07,13:53:00,fraud,"Reported incident of fraud at Near Choudhary Marg, Bengaluru Rural.",chargesheeted,Bengaluru Rural,Bengaluru Rural Central PS,"Near Choudhary Marg, Bengaluru Rural",13.205,77.561,Insp. Abdul Narang,2024,2,13
KAR/BEN/2024/1231,2025-04-29,08:13:00,fraud,"Reported incident of fraud at Near Dora Marg, Bengaluru Urban.",open,Bengaluru Urban,Bengaluru Urban South PS,"Near Dora Marg, Bengaluru Urban",12.9625,77.4897,Insp. Andrew Kumer,2025,4,8
KAR/MAN/2024/1232,2024-06-11,03:24:00,vehicle_theft,"Reported incident of vehicle theft at Near Karan Ganj, Mandya. Suspect vehicle noticed with plate KA-26-M-6631.",open,Mandya,Mandya Traffic PS,"Near Karan Ganj, Mandya",12.5779,76.935,Insp. Shaurya Kapoor,2024,6,3
KAR/BEN/2024/1233,2024-08-10,00:20:00,burglary,"Reported incident of burglary at Near Sen Road, Bengaluru Urban.",open,Bengaluru Urban,Bengaluru Urban West PS,"Near Sen Road, Bengaluru Urban",12.9126,77.5463,Insp. Ekiya Sunder,2024,8,0
KAR/BEN/2024/1234,2024-08-29,21:49:00,vehicle_theft,"Reported incident of vehicle theft at Near Swamy Marg, Bengaluru Urban. Suspect vehicle noticed with plate KA-54-P-3848.",under_investigation,Bengaluru Urban,Bengaluru Urban West PS,"Near Swamy Marg, Bengaluru Urban",12.9368,77.5563,Insp. Bahadurjit Kant,2024,8,21
KAR/BEN/2024/1235,2025-05-06,14:34:00,vehicle_theft,"Reported incident of vehicle theft at Near Bhargava Zila, Bengaluru Rural. Suspect vehicle noticed with plate KA-52-M-2788.",open,Bengaluru Rural,Bengaluru Rural Central PS,"Near Bhargava Zila, Bengaluru Rural",13.224,77.5359,Insp. Dayamai Hari,2025,5,14
KAR/BID/2024/1236,2024-11-25,21:29:00,chain_snatching,"Reported incident of chain snatching at Near Bawa Marg, Bidar. Suspect vehicle noticed with plate KA-09-M-2368.",under_investigation,Bidar,Bidar Rural PS,"Near Bawa Marg, Bidar",17.9374,77.4543,Insp. Mohini Bhatti,2024,11,21
KAR/VIJ/2024/1237,2024-09-06,09:05:00,chain_snatching,"Reported incident of chain snatching at Near Thakkar Circle, Vijayapura. Suspect vehicle noticed with plate KA-42-B-1506.",chargesheeted,Vijayapura,Vijayapura Market PS,"Near Thakkar Circle, Vijayapura",16.8128,75.7483,Insp. Owen Srinivasan,2024,9,9
KAR/BEN/2024/1238,2024-05-27,03:24:00,hit_and_run,"Reported incident of hit and run at Near Vaidya Circle, Bengaluru Urban.",under_investigation,Bengaluru Urban,Bengaluru Urban North PS,"Near Vaidya Circle, Bengaluru Urban",12.9755,77.5939,Insp. Yauvani Badal,2024,5,3
KAR/MYS/2024/1239,2025-03-02,13:27:00,cybercrime,"Reported incident of cybercrime at Near Savant Marg, Mysuru.",under_investigation,Mysuru,Mysuru East PS,"Near Savant Marg, Mysuru",12.2972,76.6732,Insp. Jagdish Dalal,2025,3,13
KAR/BAL/2024/1240,2024-03-29,03:22:00,vehicle_theft,"Reported incident of vehicle theft at Near Bava Zila, Ballari. Suspect vehicle noticed with plate KA-34-A-4099.",open,Ballari,Ballari Rural PS,"Near Bava Zila, Ballari",15.1744,76.9006,Insp. Yoshita Saini,2024,3,3
KAR/CHI/2024/1241,2024-12-16,15:56:00,vehicle_theft,"Reported incident of vehicle theft at Near Bava Path, Chikkamagaluru. Suspect vehicle noticed with plate KA-49-B-5063.",under_investigation,Chikkamagaluru,Chikkamagaluru Market PS,"Near Bava Path, Chikkamagaluru",13.4041,75.7187,Insp. Indira Magar,2024,12,15
KAR/BEN/2024/1242,2024-07-04,07:09:00,vehicle_theft,"Reported incident of vehicle theft at Near Panchal Marg, Bengaluru Rural. Suspect vehicle noticed with plate KA-40-M-3377.",open,Bengaluru Rural,Bengaluru Rural East PS,"Near Panchal Marg, Bengaluru Rural",13.284,77.5341,Insp. Yasti Merchant,2024,7,7
KAR/BEN/2024/1243,2024-11-27,07:55:00,vehicle_theft,"Reported incident of vehicle theft at Near Natarajan Nagar, Bengaluru Urban. Suspect vehicle noticed with plate KA-43-P-1343.",under_investigation,Bengaluru Urban,Bengaluru Urban West PS,"Near Natarajan Nagar, Bengaluru Urban",12.8795,77.5358,Insp. Ikshita Barad,2024,11,7
KAR/KAL/2024/1244,2025-01-10,20:08:00,kidnapping,"Reported incident of kidnapping at Near Koshy Nagar, Kalaburagi.",open,Kalaburagi,Kalaburagi Town PS,"Near Koshy Nagar, Kalaburagi",17.2715,76.8198,Insp. Baghyawati Borah,2025,1,20
KAR/BEL/2024/1245,2024-05-21,09:52:00,burglary,"Reported incident of burglary at Near Gokhale Nagar, Belagavi.",open,Belagavi,Belagavi Town PS,"Near Gokhale Nagar, Belagavi",15.832,74.5479,Insp. Kashish Kanda,2024,5,9
KAR/HUB/2024/1246,2024-04-26,16:21:00,robbery,"Reported incident of robbery at Near Rai Chowk, Hubballi-Dharwad. Suspect vehicle noticed with plate KA-25-KA-9312.",closed,Hubballi-Dharwad,Hubballi-Dharwad Traffic PS,"Near Rai Chowk, Hubballi-Dharwad",15.4095,75.0197,Insp. Anirudh Gala,2024,4,16
KAR/BEN/2024/1247,2024-07-24,14:44:00,burglary,"Reported incident of burglary at Near Kant Nagar, Bengaluru Urban.",open,Bengaluru Urban,Bengaluru Urban Central PS,"Near Kant Nagar, Bengaluru Urban",12.9148,77.5715,Insp. Yagnesh Verma,2024,7,14
KAR/BEN/2024/1248,2024-10-12,03:11:00,vehicle_theft,"Reported incident of vehicle theft at Near Rajagopalan Street, Bengaluru Urban. Suspect vehicle noticed with plate KA-20-A-5720.",open,Bengaluru Urban,Bengaluru Urban South PS,"Near Rajagopalan Street, Bengaluru Urban",12.9726,77.5128,Insp. Samaksh Gala,2024,10,3
KAR/CHI/2024/1249,2024-12-07,04:25:00,chain_snatching,"Reported incident of chain snatching at Near Bahl Zila, Chikkamagaluru. Suspect vehicle noticed with plate KA-26-P-5066.",under_investigation,Chikkamagaluru,Chikkamagaluru Market PS,"Near Bahl Zila, Chikkamagaluru",13.3742,75.6928,Insp. Isha Dhawan,2024,12,4
KAR/UDU/2024/1250,2024-04-03,22:10:00,domestic_violence,"Reported incident of domestic violence at Near Mittal Chowk, Udupi.",open,Udupi,Udupi Rural PS,"Near Mittal Chowk, Udupi",13.3912,74.7319,Insp. Sachi Sibal,2024,4,22
KAR/UDU/2024/1251,2025-01-14,23:38:00,burglary,"Reported incident of burglary at Near Nayak Zila, Udupi.",under_investigation,Udupi,Udupi Market PS,"Near Nayak Zila, Udupi",13.402,74.6798,Insp. Yashvi Chopra,2025,1,23
KAR/VIJ/2024/1252,2024-06-18,12:59:00,eve_teasing,"Reported incident of eve teasing at Near Randhawa Ganj, Vijayapura.",under_investigation,Vijayapura,Vijayapura Town PS,"Near Randhawa Ganj, Vijayapura",16.8978,75.763,Insp. Chakradev Dhingra,2024,6,12
KAR/BAL/2024/1253,2025-05-17,22:11:00,chain_snatching,"Reported incident of chain snatching at Near Mitra Chowk, Ballari. Suspect vehicle noticed with plate KA-01-M-2590.",open,Ballari,Ballari Town PS,"Near Mitra Chowk, Ballari",15.1397,76.9888,Insp. Dayamai Prasad,2025,5,22
KAR/UDU/2024/1254,2025-05-04,22:44:00,hit_and_run,"Reported incident of hit and run at Near Sengupta Path, Udupi.",chargesheeted,Udupi,Udupi Suburban PS,"Near Sengupta Path, Udupi",13.3725,74.8142,Insp. Lavanya Sangha,2025,5,22
KAR/CHI/2024/1255,2024-09-28,19:18:00,vehicle_theft,"Reported incident of vehicle theft at Near Golla Circle, Chikkamagaluru. Suspect vehicle noticed with plate KA-10-B-7943.",under_investigation,Chikkamagaluru,Chikkamagaluru Town PS,"Near Golla Circle, Chikkamagaluru",13.3658,75.8377,Insp. Kamala Pingle,2024,9,19
KAR/SHI/2024/1256,2025-02-25,22:42:00,vehicle_theft,"Reported incident of vehicle theft at Near Shah Path, Shivamogga. Suspect vehicle noticed with plate KA-20-B-2128.",open,Shivamogga,Shivamogga Town PS,"Near Shah Path, Shivamogga",14.0259,75.6106,Insp. Niharika Dutta,2025,2,22
KAR/VIJ/2024/1257,2024-01-02,02:43:00,vehicle_theft,"Reported incident of vehicle theft at Near Goswami, Vijayapura. Suspect vehicle noticed with plate KA-19-P-6507.",open,Vijayapura,Vijayapura Traffic PS,"Near Goswami, Vijayapura",16.9198,75.6877,Insp. Liam Wagle,2024,1,2
KAR/BEN/2024/1258,2024-12-12,03:49:00,vehicle_theft,"Reported incident of vehicle theft at Near Bora Zila, Bengaluru Rural. Suspect vehicle noticed with plate KA-31-M-7397.",open,Bengaluru Rural,Bengaluru Rural South PS,"Near Bora Zila, Bengaluru Rural",13.1246,77.5719,Insp. Vidhi Sem,2024,12,3
KAR/BEN/2024/1259,2025-06-01,23:59:00,robbery,"Reported incident of robbery at Near Mishra Road, Bengaluru Rural. Suspect vehicle noticed with plate KA-53-N-2579.",under_investigation,Bengaluru Rural,Bengaluru Rural East PS,"Near Mishra Road, Bengaluru Rural",13.2374,77.514,Insp. Vedhika Kala,2025,6,23
KAR/BEN/2024/1260,2025-04-01,06:35:00,cybercrime,"Reported incident of cybercrime at Near Minhas Chowk, Bengaluru Urban.",open,Bengaluru Urban,Bengaluru Urban West PS,"Near Minhas Chowk, Bengaluru Urban",12.9323,77.5404,Insp. Qushi Rout,2025,4,6
KAR/BEN/2024/1261,2025-05-31,17:00:00,burglary,"Reported incident of burglary at Near Atwal Chowk, Bengaluru Urban.",closed,Bengaluru Urban,Bengaluru Urban Traffic PS,"Near Atwal Chowk, Bengaluru Urban",12.9483,77.6347,Insp. Siya Basak,2025,5,17
KAR/CHI/2024/1262,2024-08-21,10:34:00,vehicle_theft,"Reported incident of vehicle theft at Near Kapur Street, Chikkamagaluru. Suspect vehicle noticed with plate KA-32-B-3464.",open,Chikkamagaluru,Chikkamagaluru Suburban PS,"Near Kapur Street, Chikkamagaluru",13.3896,75.8437,Insp. Ijaya Mital,2024,8,10
KAR/VIJ/2024/1263,2024-02-18,03:43:00,vehicle_theft,"Reported incident of vehicle theft at Near Dyal Circle, Vijayapura. Suspect vehicle noticed with plate KA-17-M-6394.",under_investigation,Vijayapura,Vijayapura Industrial PS,"Near Dyal Circle, Vijayapura",16.7869,75.7591,Insp. Vrishti Zachariah,2024,2,3
KAR/DAV/2024/1264,2024-11-09,00:31:00,chain_snatching,"Reported incident of chain snatching at Near Saran, Davangere. Suspect vehicle noticed with plate KA-27-M-9505.",under_investigation,Davangere,Davangere Industrial PS,"Near Saran, Davangere",14.3815,75.9924,Insp. Kiaan Issac,2024,11,0
KAR/BID/2024/1265,2025-03-13,18:20:00,property_crime,"Reported incident of property crime at Near Date Circle, Bidar.",under_investigation,Bidar,Bidar Town PS,"Near Date Circle, Bidar",17.9867,77.517,Insp. Yahvi Mishra,2025,3,18
KAR/TUM/2024/1266,2024-02-19,02:42:00,vehicle_theft,"Reported incident of vehicle theft at Near Chahal Chowk, Tumakuru. Suspect vehicle noticed with plate KA-35-P-2526.",under_investigation,Tumakuru,Tumakuru Industrial PS,"Near Chahal Chowk, Tumakuru",13.3275,77.068,Insp. Arjun Mannan,2024,2,2
KAR/HAS/2024/1267,2025-02-07,01:23:00,vehicle_theft,"Reported incident of vehicle theft at Near Toor Zila, Hassan. Suspect vehicle noticed with plate KA-13-N-4768.",under_investigation,Hassan,Hassan Market PS,"Near Toor Zila, Hassan",13.03,76.1264,Insp. Aarav Nath,2025,2,1
KAR/UDU/2024/1268,2024-12-05,10:36:00,robbery,"Reported incident of robbery at Near Chaudry Path, Udupi. Suspect vehicle noticed with plate KA-46-KA-1536.",chargesheeted,Udupi,Udupi Market PS,"Near Chaudry Path, Udupi",13.4058,74.6706,Insp. Ganga Venkataraman,2024,12,10
KAR/BAL/2024/1269,2024-01-19,22:46:00,cybercrime,"Reported incident of cybercrime at Near Sampath Circle, Ballari.",chargesheeted,Ballari,Ballari Town PS,"Near Sampath Circle, Ballari",15.1394,77.0236,Insp. Quincy Deshpande,2024,1,22
KAR/BEN/2024/1270,2025-01-15,19:44:00,domestic_violence,"Reported incident of domestic violence at Near Bal Chowk, Bengaluru Urban.",open,Bengaluru Urban,Bengaluru Urban South PS,"Near Bal Chowk, Bengaluru Urban",13.0066,77.4928,Insp. Krishna Rama,2025,1,19
KAR/BEN/2024/1271,2024-10-07,00:50:00,chain_snatching,"Reported incident of chain snatching at Near Seshadri Zila, Bengaluru Rural. Suspect vehicle noticed with plate KA-22-P-1242.",chargesheeted,Bengaluru Rural,Bengaluru Rural South PS,"Near Seshadri Zila, Bengaluru Rural",13.1344,77.5889,Insp. Balhaar Puri,2024,10,0
KAR/DAV/2024/1272,2024-10-25,06:18:00,hit_and_run,"Reported incident of hit and run at Near Dugal Chowk, Davangere.",open,Davangere,Davangere Suburban PS,"Near Dugal Chowk, Davangere",14.4926,75.9867,Insp. Arya Shenoy,2024,10,6
KAR/VIJ/2024/1273,2024-02-01,00:14:00,fraud,"Reported incident of fraud at Near Bassi Path, Vijayapura.",open,Vijayapura,Vijayapura Rural PS,"Near Bassi Path, Vijayapura",16.8494,75.665,Insp. Kritika Ahuja,2024,2,0
KAR/BEN/2024/1274,2024-11-23,19:47:00,vehicle_theft,"Reported incident of vehicle theft at Near Balay Zila, Bengaluru Urban. Suspect vehicle noticed with plate KA-21-P-6721.",open,Bengaluru Urban,Bengaluru Urban Traffic PS,"Near Balay Zila, Bengaluru Urban",12.978,77.6692,Insp. Nakul Bhattacharyya,2024,11,19
KAR/UDU/2024/1275,2024-12-16,07:04:00,fraud,"Reported incident of fraud at Near Chana Marg, Udupi.",open,Udupi,Udupi Market PS,"Near Chana Marg, Udupi",13.4193,74.659,Insp. Niharika Bava,2024,12,7
KAR/UDU/2024/1276,2024-01-19,04:57:00,robbery,"Reported incident of robbery at Near Mani Road, Udupi. Suspect vehicle noticed with plate KA-04-KB-8248.",open,Udupi,Udupi Traffic PS,"Near Mani Road, Udupi",13.3862,74.664,Insp. Yatan Dar,2024,1,4
KAR/RAI/2024/1277,2024-04-11,15:18:00,fraud,"Reported incident of fraud at Near Mandal Zila, Raichur.",open,Raichur,Raichur Suburban PS,"Near Mandal Zila, Raichur",16.2679,77.3046,Insp. Bakhshi Karpe,2024,4,15
KAR/MYS/2024/1278,2025-04-27,00:37:00,eve_teasing,"Reported incident of eve teasing at Near Tak Path, Mysuru.",open,Mysuru,Mysuru West PS,"Near Tak Path, Mysuru",12.365,76.5608,Insp. Naveen Brar,2025,4,0
KAR/BEN/2024/1279,2025-01-01,15:15:00,property_crime,"Reported incident of property crime at Near Mitter Zila, Bengaluru Urban.",under_investigation,Bengaluru Urban,Bengaluru Urban Traffic PS,"Near Mitter Zila, Bengaluru Urban",12.959,77.6476,Insp. Bhavna Shankar,2025,1,15
KAR/VIJ/2024/1280,2025-01-29,14:59:00,property_crime,"Reported incident of property crime at Near Khosla Nagar, Vijayapura.",chargesheeted,Vijayapura,Vijayapura Traffic PS,"Near Khosla Nagar, Vijayapura",16.8857,75.6904,Insp. Udarsh Iyengar,2025,1,14
KAR/BEN/2024/1281,2025-03-19,00:22:00,chain_snatching,"Reported incident of chain snatching at Near Kamdar Path, Bengaluru Urban. Suspect vehicle noticed with plate KA-12-P-3861.",chargesheeted,Bengaluru Urban,Bengaluru Urban Central PS,"Near Kamdar Path, Bengaluru Urban",12.9536,77.5659,Insp. Hema Mody,2025,3,0
KAR/MAN/2024/1282,2024-12-04,10:51:00,chain_snatching,"Reported incident of chain snatching at Near Hora Road, Mangaluru (Dakshina Kannada). Suspect vehicle noticed with plate KA-41-A-1959.",under_investigation,Mangaluru (Dakshina Kannada),Mangaluru (Dakshina Kannada) Town PS,"Near Hora Road, Mangaluru (Dakshina Kannada)",12.932,74.9061,Insp. Dalbir Patla,2024,12,10
KAR/MYS/2024/1283,2024-10-04,03:19:00,eve_teasing,"Reported incident of eve teasing at Near Rege Path, Mysuru.",under_investigation,Mysuru,Mysuru West PS,"Near Rege Path, Mysuru",12.3737,76.5639,Insp. Raghav Chahal,2024,10,3
KAR/SHI/2024/1284,2025-04-16,18:07:00,drug_offence,"Reported incident of drug offence at Near Pandey Ganj, Shivamogga.",open,Shivamogga,Shivamogga Suburban PS,"Near Pandey Ganj, Shivamogga",13.9624,75.6133,Insp. Nimrat Bhardwaj,2025,4,18
KAR/UDU/2024/1285,2024-10-28,18:34:00,vehicle_theft,"Reported incident of vehicle theft at Near Mand Ganj, Udupi. Suspect vehicle noticed with plate KA-34-P-1795.",under_investigation,Udupi,Udupi Traffic PS,"Near Mand Ganj, Udupi",13.3792,74.6779,Insp. Chameli Tara,2024,10,18
KAR/BEN/2024/1286,2024-07-03,14:57:00,fraud,"Reported incident of fraud at Near Sibal Marg, Bengaluru Urban.",open,Bengaluru Urban,Bengaluru Urban South PS,"Near Sibal Marg, Bengaluru Urban",12.9762,77.4913,Insp. Baljiwan Dhar,2024,7,14
KAR/BEN/2024/1287,2025-02-13,17:15:00,fraud,"Reported incident of fraud at Near Varghese, Bengaluru Rural.",under_investigation,Bengaluru Rural,Bengaluru Rural Traffic PS,"Near Varghese, Bengaluru Rural",13.2952,77.5108,Insp. Manan Dora,2025,2,17
KAR/TUM/2024/1288,2024-07-31,07:54:00,chain_snatching,"Reported incident of chain snatching at Near Dhawan Circle, Tumakuru. Suspect vehicle noticed with plate KA-33-P-8091.",under_investigation,Tumakuru,Tumakuru Suburban PS,"Near Dhawan Circle, Tumakuru",13.3313,77.0955,Insp. Kabir Sibal,2024,7,7
KAR/BEN/2024/1289,2025-05-20,09:40:00,chain_snatching,"Reported incident of chain snatching at Near Dhingra Chowk, Bengaluru Urban. Suspect vehicle noticed with plate KA-06-KB-2030.",open,Bengaluru Urban,Bengaluru Urban North PS,"Near Dhingra Chowk, Bengaluru Urban",12.9256,77.5753,Insp. Bahadurjit Bhavsar,2025,5,9
KAR/MYS/2024/1290,2024-09-12,10:47:00,assault,"Reported incident of assault at Near Kar Chowk, Mysuru.",open,Mysuru,Mysuru East PS,"Near Kar Chowk, Mysuru",12.3106,76.6746,Insp. Netra Morar,2024,9,10
KAR/CHI/2024/1291,2024-09-30,22:36:00,cybercrime,"Reported incident of cybercrime at Near Dara Zila, Chikkamagaluru.",under_investigation,Chikkamagaluru,Chikkamagaluru Rural PS,"Near Dara Zila, Chikkamagaluru",13.347,75.7514,Insp. Oni Raju,2024,9,22
KAR/KOP/2024/1292,2025-05-21,08:19:00,cybercrime,"Reported incident of cybercrime at Near Comar Ganj, Koppal.",under_investigation,Koppal,Koppal Traffic PS,"Near Comar Ganj, Koppal",15.3456,76.1641,Insp. Arjun Mannan,2025,5,8
KAR/MAN/2024/1293,2025-01-18,16:59:00,cybercrime,"Reported incident of cybercrime at Near Bora Ganj, Mandya.",closed,Mandya,Mandya Market PS,"Near Bora Ganj, Mandya",12.4862,76.8535,Insp. Nandini Mohanty,2025,1,16
KAR/MYS/2024/1294,2024-12-23,19:25:00,vehicle_theft,"Reported incident of vehicle theft at Near Mitter Street, Mysuru. Suspect vehicle noticed with plate KA-34-KA-6699.",open,Mysuru,Mysuru North PS,"Near Mitter Street, Mysuru",12.2427,76.5671,Insp. Mohammed Bakshi,2024,12,19
KAR/MAN/2024/1295,2025-03-03,16:00:00,assault,"Reported incident of assault at Near Lad Road, Mandya.",open,Mandya,Mandya Traffic PS,"Near Lad Road, Mandya",12.5602,76.8896,Insp. Leena Hegde,2025,3,16
KAR/VIJ/2024/1296,2024-06-05,02:23:00,fraud,"Reported incident of fraud at Near Dugar, Vijayapura.",open,Vijayapura,Vijayapura Town PS,"Near Dugar, Vijayapura",16.8997,75.7555,Insp. Darpan Kara,2024,6,2
KAR/BEN/2024/1297,2024-01-07,13:28:00,fraud,"Reported incident of fraud at Near Dewan Circle, Bengaluru Rural.",under_investigation,Bengaluru Rural,Bengaluru Rural South PS,"Near Dewan Circle, Bengaluru Rural",13.156,77.5984,Insp. Joshua Garde,2024,1,13
KAR/MAN/2024/1298,2025-04-04,11:45:00,senior_citizen_crime,"Reported incident of senior citizen crime at Near Sandhu Nagar, Mandya.",open,Mandya,Mandya Industrial PS,"Near Sandhu Nagar, Mandya",12.5582,76.9383,Insp. Imaran Karan,2025,4,11
KAR/CHI/2024/1299,2024-06-22,23:27:00,assault,"Reported incident of assault at Near Sheth Zila, Chikkamagaluru.",under_investigation,Chikkamagaluru,Chikkamagaluru Market PS,"Near Sheth Zila, Chikkamagaluru",13.3771,75.6914,Insp. Yashodhara Saxena,2024,6,23
KAR/BEL/2024/1300,2024-11-17,22:47:00,cybercrime,"Reported incident of cybercrime at Near Goda Path, Belagavi.",under_investigation,Belagavi,Belagavi Suburban PS,"Near Goda Path, Belagavi",15.8142,74.4355,Insp. Xiti Krishnan,2024,11,22
KAR/BEN/2024/1301,2024-06-17,01:16:00,assault,"Reported incident of assault at Near Narayanan Circle, Bengaluru Urban.",open,Bengaluru Urban,Bengaluru Urban Traffic PS,"Near Narayanan Circle, Bengaluru Urban",12.9739,77.6777,Insp. Baljiwan Bail,2024,6,1
KAR/BEN/2024/1302,2024-12-18,06:58:00,chain_snatching,"Reported incident of chain snatching at Near Dada, Bengaluru Urban. Suspect vehicle noticed with plate KA-19-B-3818.",open,Bengaluru Urban,Bengaluru Urban South PS,"Near Dada, Bengaluru Urban",12.9831,77.5296,Insp. Anthony De,2024,12,6
KAR/MAN/2024/1303,2024-10-15,15:05:00,burglary,"Reported incident of burglary at Near Bawa Nagar, Mandya.",open,Mandya,Mandya Town PS,"Near Bawa Nagar, Mandya",12.5535,76.8829,Insp. Kala De,2024,10,15
KAR/BEN/2024/1304,2024-08-29,20:32:00,fraud,"Reported incident of fraud at Near Bhandari, Bengaluru Urban.",chargesheeted,Bengaluru Urban,Bengaluru Urban Traffic PS,"Near Bhandari, Bengaluru Urban",12.9809,77.6353,Insp. Udyati Doctor,2024,8,20
KAR/UDU/2024/1305,2024-10-09,15:03:00,chain_snatching,"Reported incident of chain snatching at Near Ahluwalia Path, Udupi. Suspect vehicle noticed with plate KA-16-KB-8774.",chargesheeted,Udupi,Udupi Market PS,"Near Ahluwalia Path, Udupi",13.4193,74.6944,Insp. Nachiket Sangha,2024,10,15
KAR/KOL/2024/1306,2025-01-27,10:44:00,drug_offence,"Reported incident of drug offence at Near Chacko Ganj, Kolar.",open,Kolar,Kolar Traffic PS,"Near Chacko Ganj, Kolar",13.202,78.1072,Insp. Chandani Joshi,2025,1,10
KAR/MAN/2024/1307,2024-04-23,19:04:00,assault,"Reported incident of assault at Near Gopal Road, Mangaluru (Dakshina Kannada).",chargesheeted,Mangaluru (Dakshina Kannada),Mangaluru (Dakshina Kannada) Town PS,"Near Gopal Road, Mangaluru (Dakshina Kannada)",12.9842,74.8954,Insp. Indrajit Luthra,2024,4,19
KAR/BEN/2024/1308,2024-10-12,23:07:00,vehicle_theft,"Reported incident of vehicle theft at Near Manne Zila, Bengaluru Urban. Suspect vehicle noticed with plate KA-07-N-1519.",open,Bengaluru Urban,Bengaluru Urban Traffic PS,"Near Manne Zila, Bengaluru Urban",12.9808,77.6658,Insp. Urvi Murthy,2024,10,23
KAR/TUM/2024/1309,2025-03-17,00:17:00,fraud,"Reported incident of fraud at Near Parikh Path, Tumakuru.",chargesheeted,Tumakuru,Tumakuru Suburban PS,"Near Parikh Path, Tumakuru",13.3019,77.0858,Insp. Arjun Shanker,2025,3,0
KAR/KOL/2024/1310,2024-09-14,07:03:00,fraud,"Reported incident of fraud at Near Dhawan Road, Kolar.",chargesheeted,Kolar,Kolar Industrial PS,"Near Dhawan Road, Kolar",13.1711,78.207,Insp. Maya Nair,2024,9,7
KAR/VIJ/2024/1311,2025-05-09,20:14:00,domestic_violence,"Reported incident of domestic violence at Near Bhatt Nagar, Vijayapura.",under_investigation,Vijayapura,Vijayapura Traffic PS,"Near Bhatt Nagar, Vijayapura",16.8662,75.6903,Insp. Rudra Zacharia,2025,5,20
KAR/DAV/2024/1312,2024-12-25,14:42:00,hit_and_run,"Reported incident of hit and run at Near Sarkar, Davangere.",open,Davangere,Davangere Suburban PS,"Near Sarkar, Davangere",14.4735,75.9594,Insp. Ayush Dugar,2024,12,14
KAR/BEN/2024/1313,2025-02-28,10:28:00,vehicle_theft,"Reported incident of vehicle theft at Near Kalla Chowk, Bengaluru Urban. Suspect vehicle noticed with plate KA-51-N-5445.",open,Bengaluru Urban,Bengaluru Urban Central PS,"Near Kalla Chowk, Bengaluru Urban",12.8989,77.5572,Insp. Amaira Saini,2025,2,10
KAR/BAL/2024/1314,2025-04-27,22:09:00,cybercrime,"Reported incident of cybercrime at Near Bahl Marg, Ballari.",open,Ballari,Ballari Traffic PS,"Near Bahl Marg, Ballari",15.2066,76.8753,Insp. Amol Saxena,2025,4,22
KAR/BAL/2024/1315,2024-08-03,07:32:00,burglary,"Reported incident of burglary at Near Dhar Road, Ballari.",chargesheeted,Ballari,Ballari Rural PS,"Near Dhar Road, Ballari",15.1635,76.9361,Insp. Pranit Mohanty,2024,8,7
KAR/SHI/2024/1316,2024-10-23,09:05:00,chain_snatching,"Reported incident of chain snatching at Near Lata Nagar, Shivamogga. Suspect vehicle noticed with plate KA-03-N-3751.",open,Shivamogga,Shivamogga Industrial PS,"Near Lata Nagar, Shivamogga",13.8842,75.5416,Insp. Hiral Kurian,2024,10,9
KAR/KOL/2024/1317,2024-10-11,10:14:00,vehicle_theft,"Reported incident of vehicle theft at Near Soman Ganj, Kolar. Suspect vehicle noticed with plate KA-25-P-1051.",under_investigation,Kolar,Kolar Industrial PS,"Near Soman Ganj, Kolar",13.1404,78.1871,Insp. Zayan Chaudhry,2024,10,10
KAR/MAN/2024/1318,2024-04-19,13:06:00,vehicle_theft,"Reported incident of vehicle theft at Near Sen Nagar, Mandya. Suspect vehicle noticed with plate KA-38-M-1337.",open,Mandya,Mandya Market PS,"Near Sen Nagar, Mandya",12.5235,76.8725,Insp. Vaishnavi Kulkarni,2024,4,13
KAR/SHI/2024/1319,2025-01-22,01:46:00,domestic_violence,"Reported incident of domestic violence at Near Sodhi Path, Shivamogga.",open,Shivamogga,Shivamogga Industrial PS,"Near Sodhi Path, Shivamogga",13.8778,75.5813,Insp. Kala Kata,2025,1,1
KAR/KOP/2024/1320,2024-09-24,09:04:00,vehicle_theft,"Reported incident of vehicle theft at Near Hora Path, Koppal. Suspect vehicle noticed with plate KA-16-B-5764.",open,Koppal,Koppal Market PS,"Near Hora Path, Koppal",15.3439,76.2644,Insp. Chavvi Raman,2024,9,9
KAR/BEN/2024/1321,2024-12-06,12:51:00,chain_snatching,"Reported incident of chain snatching at Near Saxena Zila, Bengaluru Urban. Suspect vehicle noticed with plate KA-31-M-1704.",open,Bengaluru Urban,Bengaluru Urban East PS,"Near Saxena Zila, Bengaluru Urban",13.0204,77.593,Insp. Balveer Bhalla,2024,12,12
KAR/HAS/2024/1322,2024-04-30,17:53:00,chain_snatching,"Reported incident of chain snatching at Near Bail Street, Hassan. Suspect vehicle noticed with plate KA-41-M-3458.",open,Hassan,Hassan Market PS,"Near Bail Street, Hassan",13.0222,76.0826,Insp. Harini Krish,2024,4,17
KAR/DAV/2024/1323,2024-04-25,12:12:00,burglary,"Reported incident of burglary at Near Bhardwaj Circle, Davangere.",open,Davangere,Davangere Rural PS,"Near Bhardwaj Circle, Davangere",14.4086,75.8813,Insp. Ethan Parsa,2024,4,12
KAR/MYS/2024/1324,2024-06-20,22:36:00,cybercrime,"Reported incident of cybercrime at Near Khosla Street, Mysuru.",chargesheeted,Mysuru,Mysuru South PS,"Near Khosla Street, Mysuru",12.2676,76.6152,Insp. Chaitaly Loyal,2024,6,22
KAR/MAN/2024/1325,2025-01-06,09:54:00,chain_snatching,"Reported incident of chain snatching at Near Subramanian Path, Mangaluru (Dakshina Kannada). Suspect vehicle noticed with plate KA-42-M-1171.",under_investigation,Mangaluru (Dakshina Kannada),Mangaluru (Dakshina Kannada) Traffic PS,"Near Subramanian Path, Mangaluru (Dakshina Kannada)",12.9651,74.9123,Insp. Rachita Bajwa,2025,1,9
KAR/BEN/2024/1326,2025-05-06,06:57:00,robbery,"Reported incident of robbery at Near Kamdar Marg, Bengaluru Rural. Suspect vehicle noticed with plate KA-21-KB-9578.",under_investigation,Bengaluru Rural,Bengaluru Rural West PS,"Near Kamdar Marg, Bengaluru Rural",13.1428,77.4926,Insp. Ishani Kuruvilla,2025,5,6
KAR/BEN/2024/1327,2024-08-20,15:28:00,fraud,"Reported incident of fraud at Near Aggarwal Marg, Bengaluru Urban.",chargesheeted,Bengaluru Urban,Bengaluru Urban East PS,"Near Aggarwal Marg, Bengaluru Urban",13.0677,77.6195,Insp. Wridesh Banik,2024,8,15
KAR/BEL/2024/1328,2024-10-21,23:50:00,robbery,"Reported incident of robbery at Near Ramachandran Road, Belagavi. Suspect vehicle noticed with plate KA-06-A-5413.",open,Belagavi,Belagavi Traffic PS,"Near Ramachandran Road, Belagavi",15.871,74.4638,Insp. Thomas Ramakrishnan,2024,10,23
KAR/HAS/2024/1329,2025-03-13,23:16:00,robbery,"Reported incident of robbery at Near Murty Chowk, Hassan. Suspect vehicle noticed with plate KA-29-M-4197.",open,Hassan,Hassan Industrial PS,"Near Murty Chowk, Hassan",13.007,76.0651,Insp. Alexander Shah,2025,3,23
KAR/HUB/2024/1330,2025-01-15,17:05:00,burglary,"Reported incident of burglary at Near Mohanty Street, Hubballi-Dharwad.",open,Hubballi-Dharwad,Hubballi-Dharwad Town PS,"Near Mohanty Street, Hubballi-Dharwad",15.4214,75.1701,Insp. Vinaya Bora,2025,1,17
KAR/BID/2024/1331,2025-01-16,05:31:00,cybercrime,"Reported incident of cybercrime at Near Dua Zila, Bidar.",open,Bidar,Bidar Traffic PS,"Near Dua Zila, Bidar",17.8633,77.4498,Insp. Zashil Sem,2025,1,5
KAR/KOP/2024/1332,2024-10-02,05:14:00,chain_snatching,"Reported incident of chain snatching at Near Dhingra Marg, Koppal. Suspect vehicle noticed with plate KA-20-KB-7477.",open,Koppal,Koppal Rural PS,"Near Dhingra Marg, Koppal",15.3954,76.2256,Insp. Divya Balakrishnan,2024,10,5
KAR/BAL/2024/1333,2025-04-21,22:50:00,fraud,"Reported incident of fraud at Near Krishnamurthy Chowk, Ballari.",open,Ballari,Ballari Industrial PS,"Near Krishnamurthy Chowk, Ballari",15.1238,76.9197,Insp. Dakshesh Agate,2025,4,22
KAR/VIJ/2024/1334,2024-03-27,18:21:00,eve_teasing,"Reported incident of eve teasing at Near Balasubramanian Circle, Vijayapura.",open,Vijayapura,Vijayapura Town PS,"Near Balasubramanian Circle, Vijayapura",16.9219,75.7781,Insp. Rudra Char,2024,3,18
KAR/MAN/2024/1335,2025-02-24,15:10:00,eve_teasing,"Reported incident of eve teasing at Near Sur Zila, Mandya.",under_investigation,Mandya,Mandya Industrial PS,"Near Sur Zila, Mandya",12.5563,76.9724,Insp. Yutika Zacharia,2025,2,15
KAR/BEN/2024/1336,2024-12-17,20:20:00,assault,"Reported incident of assault at Near Nazareth, Bengaluru Urban.",chargesheeted,Bengaluru Urban,Bengaluru Urban Central PS,"Near Nazareth, Bengaluru Urban",12.9277,77.5918,Insp. Charles Venkatesh,2024,12,20
KAR/CHI/2024/1337,2024-10-19,20:49:00,vehicle_theft,"Reported incident of vehicle theft at Near Shroff Circle, Chikkamagaluru. Suspect vehicle noticed with plate KA-27-KB-6894.",open,Chikkamagaluru,Chikkamagaluru Rural PS,"Near Shroff Circle, Chikkamagaluru",13.3172,75.7581,Insp. Jagvi Sarna,2024,10,20
KAR/HUB/2024/1338,2024-01-13,02:35:00,fraud,"Reported incident of fraud at Near Comar Road, Hubballi-Dharwad.",closed,Hubballi-Dharwad,Hubballi-Dharwad Industrial PS,"Near Comar Road, Hubballi-Dharwad",15.4191,75.0293,Insp. Qarin Kara,2024,1,2
KAR/MAN/2024/1339,2024-07-24,13:18:00,robbery,"Reported incident of robbery at Near Bhandari Street, Mandya. Suspect vehicle noticed with plate KA-20-P-2817.",open,Mandya,Mandya Traffic PS,"Near Bhandari Street, Mandya",12.5444,76.8809,Insp. Vedhika Sandhu,2024,7,13
KAR/BEN/2024/1340,2024-05-15,19:30:00,assault,"Reported incident of assault at Near Rege Marg, Bengaluru Rural.",chargesheeted,Bengaluru Rural,Bengaluru Rural East PS,"Near Rege Marg, Bengaluru Rural",13.2336,77.5484,Insp. Jeevika Dugar,2024,5,19
KAR/HAS/2024/1341,2024-01-10,00:12:00,hit_and_run,"Reported incident of hit and run at Near Vora Marg, Hassan.",under_investigation,Hassan,Hassan Suburban PS,"Near Vora Marg, Hassan",13.0765,76.1205,Insp. Bina Kurian,2024,1,0
KAR/BEN/2024/1342,2024-02-03,16:26:00,eve_teasing,"Reported incident of eve teasing at Near Agate Road, Bengaluru Urban.",open,Bengaluru Urban,Bengaluru Urban North PS,"Near Agate Road, Bengaluru Urban",12.9471,77.573,Insp. Oscar Dutta,2024,2,16
KAR/SHI/2024/1343,2024-10-17,10:32:00,chain_snatching,"Reported incident of chain snatching at Near Saraf Zila, Shivamogga. Suspect vehicle noticed with plate KA-23-KA-8984.",chargesheeted,Shivamogga,Shivamogga Suburban PS,"Near Saraf Zila, Shivamogga",13.9458,75.614,Insp. Alexander Brar,2024,10,10
KAR/KOL/2024/1344,2024-10-05,21:17:00,vehicle_theft,"Reported incident of vehicle theft at Near Seth Chowk, Kolar. Suspect vehicle noticed with plate KA-42-N-5415.",under_investigation,Kolar,Kolar Suburban PS,"Near Seth Chowk, Kolar",13.1422,78.0362,Insp. Fariq Jain,2024,10,21
KAR/HUB/2024/1345,2024-11-07,02:36:00,property_crime,"Reported incident of property crime at Near Shukla Nagar, Hubballi-Dharwad.",closed,Hubballi-Dharwad,Hubballi-Dharwad Suburban PS,"Near Shukla Nagar, Hubballi-Dharwad",15.3918,75.1233,Insp. Lajita Gokhale,2024,11,2
KAR/BEN/2024/1346,2024-12-04,23:17:00,chain_snatching,"Reported incident of chain snatching at Near Kumer Zila, Bengaluru Urban. Suspect vehicle noticed with plate KA-47-N-5587.",closed,Bengaluru Urban,Bengaluru Urban West PS,"Near Kumer Zila, Bengaluru Urban",12.8911,77.5513,Insp. Widisha Dave,2024,12,23
KAR/BEN/2024/1347,2025-04-15,15:05:00,domestic_violence,"Reported incident of domestic violence at Near Raval Ganj, Bengaluru Urban.",under_investigation,Bengaluru Urban,Bengaluru Urban Traffic PS,"Near Raval Ganj, Bengaluru Urban",12.9432,77.6631,Insp. Jai Dutta,2025,4,15
KAR/HUB/2024/1348,2024-01-22,11:51:00,burglary,"Reported incident of burglary at Near Tata, Hubballi-Dharwad.",open,Hubballi-Dharwad,Hubballi-Dharwad Industrial PS,"Near Tata, Hubballi-Dharwad",15.3976,75.0851,Insp. Omaja Bhat,2024,1,11
KAR/VIJ/2024/1349,2024-11-02,18:17:00,chain_snatching,"Reported incident of chain snatching at Near Nazareth Path, Vijayapura. Suspect vehicle noticed with plate KA-43-P-2825.",open,Vijayapura,Vijayapura Suburban PS,"Near Nazareth Path, Vijayapura",16.7403,75.6572,Insp. Gaurav Chada,2024,11,18
KAR/BEN/2024/1350,2024-09-08,05:50:00,burglary,"Reported incident of burglary at Near Jaggi Ganj, Bengaluru Urban.",open,Bengaluru Urban,Bengaluru Urban Traffic PS,"Near Jaggi Ganj, Bengaluru Urban",12.9499,77.68,Insp. Banjeet Kalita,2024,9,5
KAR/BEN/2024/1351,2024-07-13,19:37:00,cybercrime,"Reported incident of cybercrime at Near Dugar Road, Bengaluru Urban.",open,Bengaluru Urban,Bengaluru Urban South PS,"Near Dugar Road, Bengaluru Urban",13.0011,77.5378,Insp. Anika Swamy,2024,7,19
KAR/BEN/2024/1352,2024-10-08,00:53:00,vehicle_theft,"Reported incident of vehicle theft at Near Thaker Path, Bengaluru Urban. Suspect vehicle noticed with plate KA-39-KB-9893.",open,Bengaluru Urban,Bengaluru Urban South PS,"Near Thaker Path, Bengaluru Urban",13.0036,77.4941,Insp. Dipta Dara,2024,10,0
KAR/BEN/2024/1353,2025-03-28,16:25:00,burglary,"Reported incident of burglary at Near Bhatt Street, Bengaluru Urban.",open,Bengaluru Urban,Bengaluru Urban Central PS,"Near Bhatt Street, Bengaluru Urban",12.9063,77.5859,Insp. Chatura Sama,2025,3,16
KAR/SHI/2024/1354,2024-08-19,05:23:00,fraud,"Reported incident of fraud at Near Sura Path, Shivamogga.",under_investigation,Shivamogga,Shivamogga Traffic PS,"Near Sura Path, Shivamogga",13.9548,75.6498,Insp. Yug Andra,2024,8,5
KAR/SHI/2024/1355,2024-11-11,13:18:00,chain_snatching,"Reported incident of chain snatching at Near Gole Street, Shivamogga. Suspect vehicle noticed with plate KA-15-KA-7031.",closed,Shivamogga,Shivamogga Suburban PS,"Near Gole Street, Shivamogga",13.9327,75.6285,Insp. Bina Parsa,2024,11,13
KAR/BAL/2024/1356,2024-03-31,12:26:00,burglary,"Reported incident of burglary at Near Ranganathan Nagar, Ballari.",under_investigation,Ballari,Ballari Town PS,"Near Ranganathan Nagar, Ballari",15.0971,76.9831,Insp. Vrishti Morar,2024,3,12
KAR/UDU/2024/1357,2025-01-21,00:12:00,domestic_violence,"Reported incident of domestic violence at Near Randhawa Circle, Udupi.",under_investigation,Udupi,Udupi Town PS,"Near Randhawa Circle, Udupi",13.3902,74.7315,Insp. Qarin Zachariah,2025,1,0
KAR/BEN/2024/1358,2024-02-11,00:02:00,fraud,"Reported incident of fraud at Near Saha Circle, Bengaluru Urban.",closed,Bengaluru Urban,Bengaluru Urban Central PS,"Near Saha Circle, Bengaluru Urban",12.8972,77.5494,Insp. Jagrati Grover,2024,2,0
KAR/BEN/2024/1359,2024-03-23,11:29:00,vehicle_theft,"Reported incident of vehicle theft at Near Madan Ganj, Bengaluru Rural. Suspect vehicle noticed with plate KA-30-N-8516.",open,Bengaluru Rural,Bengaluru Rural North PS,"Near Madan Ganj, Bengaluru Rural",13.2136,77.5166,Insp. Ishani Pal,2024,3,11
KAR/BEN/2024/1360,2025-02-11,06:10:00,vehicle_theft,"Reported incident of vehicle theft at Near Gandhi Nagar, Bengaluru Urban. Suspect vehicle noticed with plate KA-55-B-8522.",under_investigation,Bengaluru Urban,Bengaluru Urban East PS,"Near Gandhi Nagar, Bengaluru Urban",13.0628,77.6134,Insp. Isaiah Nigam,2025,2,6
KAR/VIJ/2024/1361,2025-05-06,06:20:00,vehicle_theft,"Reported incident of vehicle theft at Near Parekh Street, Vijayapura. Suspect vehicle noticed with plate KA-11-A-1530.",open,Vijayapura,Vijayapura Market PS,"Near Parekh Street, Vijayapura",16.7915,75.7808,Insp. Rachit Barad,2025,5,6
KAR/KOL/2024/1362,2024-03-06,08:10:00,burglary,"Reported incident of burglary at Near Dara Path, Kolar.",open,Kolar,Kolar Town PS,"Near Dara Path, Kolar",13.2241,78.0631,Insp. Theodore Reddy,2024,3,8
KAR/BEN/2024/1363,2024-10-11,10:54:00,chain_snatching,"Reported incident of chain snatching at Near Tank Road, Bengaluru Urban. Suspect vehicle noticed with plate KA-21-P-9059.",chargesheeted,Bengaluru Urban,Bengaluru Urban Traffic PS,"Near Tank Road, Bengaluru Urban",12.9628,77.651,Insp. Udant Ben,2024,10,10
KAR/BAL/2024/1364,2024-07-29,10:49:00,assault,"Reported incident of assault at Near Sathe, Ballari.",under_investigation,Ballari,Ballari Market PS,"Near Sathe, Ballari",15.1798,76.8825,Insp. Ati Gopal,2024,7,10
KAR/RAI/2024/1365,2024-05-25,16:11:00,fraud,"Reported incident of fraud at Near Narayan Zila, Raichur.",under_investigation,Raichur,Raichur Suburban PS,"Near Narayan Zila, Raichur",16.2852,77.3226,Insp. Bachittar Chana,2024,5,16
KAR/BEN/2024/1366,2025-05-24,22:17:00,cybercrime,"Reported incident of cybercrime at Near Narayanan Chowk, Bengaluru Rural.",under_investigation,Bengaluru Rural,Bengaluru Rural North PS,"Near Narayanan Chowk, Bengaluru Rural",13.2457,77.5372,Insp. Diya Chawla,2025,5,22
KAR/BEN/2024/1367,2024-06-21,21:55:00,burglary,"Reported incident of burglary at Near Mahal Chowk, Bengaluru Urban.",under_investigation,Bengaluru Urban,Bengaluru Urban North PS,"Near Mahal Chowk, Bengaluru Urban",12.921,77.5914,Insp. Charvi Narayanan,2024,6,21
KAR/UDU/2024/1368,2024-03-23,00:31:00,burglary,"Reported incident of burglary at Near Chand Street, Udupi.",open,Udupi,Udupi Traffic PS,"Near Chand Street, Udupi",13.3923,74.6501,Insp. Sai Kara,2024,3,0
KAR/HUB/2024/1369,2024-10-24,04:22:00,vehicle_theft,"Reported incident of vehicle theft at Near Saran Road, Hubballi-Dharwad. Suspect vehicle noticed with plate KA-36-KA-3371.",under_investigation,Hubballi-Dharwad,Hubballi-Dharwad Traffic PS,"Near Saran Road, Hubballi-Dharwad",15.4235,75.0366,Insp. Neelima Bava,2024,10,4
KAR/BEN/2024/1370,2024-06-14,23:16:00,robbery,"Reported incident of robbery at Near Sant Street, Bengaluru Urban. Suspect vehicle noticed with plate KA-20-P-9772.",under_investigation,Bengaluru Urban,Bengaluru Urban Traffic PS,"Near Sant Street, Bengaluru Urban",12.9782,77.6281,Insp. Chasmum Gola,2024,6,23
KAR/BEN/2024/1371,2024-09-14,11:25:00,vehicle_theft,"Reported incident of vehicle theft at Near Gandhi Marg, Bengaluru Urban. Suspect vehicle noticed with plate KA-06-A-5105.",open,Bengaluru Urban,Bengaluru Urban East PS,"Near Gandhi Marg, Bengaluru Urban",13.076,77.6068,Insp. Ishani Shroff,2024,9,11
KAR/MYS/2024/1372,2024-08-20,11:12:00,vehicle_theft,"Reported incident of vehicle theft at Near Suri Path, Mysuru. Suspect vehicle noticed with plate KA-45-P-7950.",open,Mysuru,Mysuru Traffic PS,"Near Suri Path, Mysuru",12.354,76.5846,Insp. Shaurya Bobal,2024,8,11
KAR/KAL/2024/1373,2024-01-20,04:34:00,assault,"Reported incident of assault at Near Bhasin Marg, Kalaburagi.",under_investigation,Kalaburagi,Kalaburagi Industrial PS,"Near Bhasin Marg, Kalaburagi",17.2983,76.8529,Insp. Vasudha Shanker,2024,1,4
KAR/RAI/2024/1374,2025-01-13,12:20:00,vehicle_theft,"Reported incident of vehicle theft at Near Keer Ganj, Raichur. Suspect vehicle noticed with plate KA-46-KA-4515.",under_investigation,Raichur,Raichur Industrial PS,"Near Keer Ganj, Raichur",16.2161,77.4011,Insp. Fitan Rajagopal,2025,1,12
KAR/BEN/2024/1375,2024-03-04,12:23:00,robbery,"Reported incident of robbery at Near Amble Nagar, Bengaluru Urban. Suspect vehicle noticed with plate KA-41-KA-2466.",open,Bengaluru Urban,Bengaluru Urban North PS,"Near Amble Nagar, Bengaluru Urban",12.92,77.6251,Insp. Barkha Setty,2024,3,12
KAR/VIJ/2024/1376,2025-02-03,06:18:00,fraud,"Reported incident of fraud at Near Kohli Circle, Vijayapura.",open,Vijayapura,Vijayapura Industrial PS,"Near Kohli Circle, Vijayapura",16.8236,75.7641,Insp. Janani Kara,2025,2,6
KAR/BEN/2024/1377,2025-04-13,10:59:00,drug_offence,"Reported incident of drug offence at Near Ahluwalia Zila, Bengaluru Rural.",open,Bengaluru Rural,Bengaluru Rural West PS,"Near Ahluwalia Zila, Bengaluru Rural",13.1909,77.5223,Insp. Upasna Agarwal,2025,4,10
KAR/BAL/2024/1378,2024-04-28,16:30:00,assault,"Reported incident of assault at Near Sastry Zila, Ballari.",under_investigation,Ballari,Ballari Rural PS,"Near Sastry Zila, Ballari",15.1808,76.9227,Insp. Ayushman De,2024,4,16
KAR/HAS/2024/1379,2025-04-05,22:31:00,vehicle_theft,"Reported incident of vehicle theft at Near Natarajan Path, Hassan. Suspect vehicle noticed with plate KA-40-KA-7102.",open,Hassan,Hassan Rural PS,"Near Natarajan Path, Hassan",12.9798,76.011,Insp. Saumya Mandal,2025,4,22
KAR/BEN/2024/1380,2024-12-26,04:08:00,fraud,"Reported incident of fraud at Near Chaudhuri Path, Bengaluru Urban.",open,Bengaluru Urban,Bengaluru Urban South PS,"Near Chaudhuri Path, Bengaluru Urban",12.9656,77.5345,Insp. Chanchal Dhillon,2024,12,4
KAR/MAN/2024/1381,2024-08-19,10:55:00,vehicle_theft,"Reported incident of vehicle theft at Near Doctor Nagar, Mangaluru (Dakshina Kannada). Suspect vehicle noticed with plate KA-25-P-4735.",under_investigation,Mangaluru (Dakshina Kannada),Mangaluru (Dakshina Kannada) Traffic PS,"Near Doctor Nagar, Mangaluru (Dakshina Kannada)",12.9454,74.9458,Insp. Kabir Sarkar,2024,8,10
KAR/CHI/2024/1382,2024-11-27,03:57:00,vehicle_theft,"Reported incident of vehicle theft at Near Gill Zila, Chikkamagaluru. Suspect vehicle noticed with plate KA-03-M-3050.",chargesheeted,Chikkamagaluru,Chikkamagaluru Rural PS,"Near Gill Zila, Chikkamagaluru",13.3529,75.728,Insp. Gavin Walla,2024,11,3
KAR/BEN/2024/1383,2024-08-27,03:56:00,hit_and_run,"Reported incident of hit and run at Near Keer Street, Bengaluru Urban.",under_investigation,Bengaluru Urban,Bengaluru Urban South PS,"Near Keer Street, Bengaluru Urban",13.0109,77.5167,Insp. Harita Hayer,2024,8,3
KAR/BEN/2024/1384,2024-07-08,00:54:00,cybercrime,"Reported incident of cybercrime at Near Khanna Path, Bengaluru Urban.",open,Bengaluru Urban,Bengaluru Urban West PS,"Near Khanna Path, Bengaluru Urban",12.9039,77.5748,Insp. Pratyush Raju,2024,7,0
KAR/VIJ/2024/1385,2025-03-16,18:57:00,eve_teasing,"Reported incident of eve teasing at Near Pall Chowk, Vijayapura.",chargesheeted,Vijayapura,Vijayapura Market PS,"Near Pall Chowk, Vijayapura",16.8364,75.7631,Insp. Reva Subramaniam,2025,3,18
KAR/BID/2024/1386,2025-04-02,15:55:00,chain_snatching,"Reported incident of chain snatching at Near Nath Chowk, Bidar. Suspect vehicle noticed with plate KA-12-P-9967.",under_investigation,Bidar,Bidar Industrial PS,"Near Nath Chowk, Bidar",17.892,77.5072,Insp. Ridhi Thaker,2025,4,15
KAR/KOP/2024/1387,2024-11-16,09:31:00,cybercrime,"Reported incident of cybercrime at Near Sundaram Road, Koppal.",open,Koppal,Koppal Market PS,"Near Sundaram Road, Koppal",15.3667,76.2197,Insp. Vrinda Kunda,2024,11,9
KAR/BEN/2024/1388,2024-01-21,08:23:00,murder,"Reported incident of murder at Near Khatri, Bengaluru Rural.",open,Bengaluru Rural,Bengaluru Rural Central PS,"Near Khatri, Bengaluru Rural",13.1895,77.5434,Insp. Abhimanyu Sekhon,2024,1,8
KAR/CHI/2024/1389,2025-05-01,23:15:00,vehicle_theft,"Reported incident of vehicle theft at Near Devan Road, Chikkamagaluru. Suspect vehicle noticed with plate KA-30-P-3070.",open,Chikkamagaluru,Chikkamagaluru Suburban PS,"Near Devan Road, Chikkamagaluru",13.3864,75.8193,Insp. Amruta Sekhon,2025,5,23
KAR/CHI/2024/1390,2024-03-30,03:34:00,chain_snatching,"Reported incident of chain snatching at Near Yohannan Chowk, Chikkamagaluru. Suspect vehicle noticed with plate KA-27-A-3937.",chargesheeted,Chikkamagaluru,Chikkamagaluru Town PS,"Near Yohannan Chowk, Chikkamagaluru",13.3474,75.8215,Insp. Oscar Roy,2024,3,3
KAR/KOP/2024/1391,2025-03-06,22:11:00,burglary,"Reported incident of burglary at Near Mutti Ganj, Koppal.",chargesheeted,Koppal,Koppal Suburban PS,"Near Mutti Ganj, Koppal",15.3731,76.2197,Insp. Chandani Chadha,2025,3,22
KAR/BEN/2024/1392,2024-10-05,09:57:00,vehicle_theft,"Reported incident of vehicle theft at Near Patil Chowk, Bengaluru Urban. Suspect vehicle noticed with plate KA-45-KB-2935.",chargesheeted,Bengaluru Urban,Bengaluru Urban West PS,"Near Patil Chowk, Bengaluru Urban",12.9187,77.5604,Insp. Widisha Sharaf,2024,10,9
KAR/BEN/2024/1393,2024-10-23,21:47:00,chain_snatching,"Reported incident of chain snatching at Near Tata Road, Bengaluru Urban. Suspect vehicle noticed with plate KA-32-M-7088.",chargesheeted,Bengaluru Urban,Bengaluru Urban South PS,"Near Tata Road, Bengaluru Urban",12.9842,77.5307,Insp. Parth Yogi,2024,10,21
KAR/BEN/2024/1394,2025-03-30,08:41:00,vehicle_theft,"Reported incident of vehicle theft at Near Deshmukh Ganj, Bengaluru Urban. Suspect vehicle noticed with plate KA-13-KB-6024.",under_investigation,Bengaluru Urban,Bengaluru Urban East PS,"Near Deshmukh Ganj, Bengaluru Urban",13.0194,77.5741,Insp. Bahadurjit Nair,2025,3,8
KAR/BEN/2024/1395,2024-05-24,21:45:00,domestic_violence,"Reported incident of domestic violence at Near Saran Zila, Bengaluru Rural.",open,Bengaluru Rural,Bengaluru Rural North PS,"Near Saran Zila, Bengaluru Rural",13.2083,77.516,Insp. Isha Vaidya,2024,5,21
KAR/BEL/2024/1396,2025-03-30,15:18:00,burglary,"Reported incident of burglary at Near Singhal Path, Belagavi.",open,Belagavi,Belagavi Industrial PS,"Near Singhal Path, Belagavi",15.7988,74.5257,Insp. Januja Gola,2025,3,15
KAR/VIJ/2024/1397,2024-07-06,00:50:00,property_crime,"Reported incident of property crime at Near Misra Circle, Vijayapura.",chargesheeted,Vijayapura,Vijayapura Town PS,"Near Misra Circle, Vijayapura",16.9048,75.7832,Insp. Prisha Pillay,2024,7,0
KAR/BEN/2024/1398,2024-01-03,10:40:00,assault,"Reported incident of assault at Near Ram Ganj, Bengaluru Urban.",open,Bengaluru Urban,Bengaluru Urban South PS,"Near Ram Ganj, Bengaluru Urban",13.0098,77.5172,Insp. Oscar Wali,2024,1,10
KAR/BEN/2024/1399,2025-01-25,14:37:00,drug_offence,"Reported incident of drug offence at Near Borde, Bengaluru Urban.",chargesheeted,Bengaluru Urban,Bengaluru Urban East PS,"Near Borde, Bengaluru Urban",13.0307,77.5791,Insp. Ekiya Nair,2025,1,14
KAR/BEL/2024/1400,2025-02-20,02:14:00,eve_teasing,"Reported incident of eve teasing at Near Dhar, Belagavi.",under_investigation,Belagavi,Belagavi Traffic PS,"Near Dhar, Belagavi",15.8439,74.5009,Insp. Kabir Comar,2025,2,2
KAR/MAN/2024/1401,2025-02-24,03:21:00,vehicle_theft,"Reported incident of vehicle theft at Near Mitter Nagar, Mangaluru (Dakshina Kannada). Suspect vehicle noticed with plate KA-19-M-2333.",under_investigation,Mangaluru (Dakshina Kannada),Mangaluru (Dakshina Kannada) Town PS,"Near Mitter Nagar, Mangaluru (Dakshina Kannada)",12.9864,74.9165,Insp. Bhavini Tandon,2025,2,3
KAR/TUM/2024/1402,2024-02-26,15:26:00,vehicle_theft,"Reported incident of vehicle theft at Near Guha Ganj, Tumakuru. Suspect vehicle noticed with plate KA-10-A-4545.",open,Tumakuru,Tumakuru Rural PS,"Near Guha Ganj, Tumakuru",13.3285,77.0886,Insp. Janani Kalita,2024,2,15
KAR/BEN/2024/1403,2024-06-14,06:30:00,fraud,"Reported incident of fraud at Near Samra, Bengaluru Urban.",open,Bengaluru Urban,Bengaluru Urban North PS,"Near Samra, Bengaluru Urban",12.9616,77.5945,Insp. Pratyush Bhakta,2024,6,6
KAR/BEN/2024/1404,2024-04-03,00:00:00,vehicle_theft,"Reported incident of vehicle theft at Near Wali Street, Bengaluru Urban. Suspect vehicle noticed with plate KA-29-A-8275.",closed,Bengaluru Urban,Bengaluru Urban West PS,"Near Wali Street, Bengaluru Urban",12.9295,77.5629,Insp. Omya Keer,2024,4,0
KAR/BEN/2024/1405,2025-04-29,12:59:00,domestic_violence,"Reported incident of domestic violence at Near Bose Street, Bengaluru Urban.",under_investigation,Bengaluru Urban,Bengaluru Urban East PS,"Near Bose Street, Bengaluru Urban",13.0761,77.5778,Insp. Nandini Gara,2025,4,12
KAR/MAN/2024/1406,2024-10-15,10:24:00,assault,"Reported incident of assault at Near Kade Circle, Mangaluru (Dakshina Kannada).",open,Mangaluru (Dakshina Kannada),Mangaluru (Dakshina Kannada) Market PS,"Near Kade Circle, Mangaluru (Dakshina Kannada)",12.9682,74.8837,Insp. Orinder Sekhon,2024,10,10
KAR/SHI/2024/1407,2024-07-29,03:09:00,vehicle_theft,"Reported incident of vehicle theft at Near Deshpande Chowk, Shivamogga. Suspect vehicle noticed with plate KA-24-M-9530.",chargesheeted,Shivamogga,Shivamogga Market PS,"Near Deshpande Chowk, Shivamogga",13.9057,75.5413,Insp. Frederick Jhaveri,2024,7,3
KAR/KOL/2024/1408,2024-10-21,14:06:00,burglary,"Reported incident of burglary at Near Tripathi Road, Kolar.",open,Kolar,Kolar Town PS,"Near Tripathi Road, Kolar",13.2303,78.0954,Insp. Dhruv Rege,2024,10,14
KAR/BEL/2024/1409,2025-03-02,14:39:00,assault,"Reported incident of assault at Near Basak Marg, Belagavi.",open,Belagavi,Belagavi Suburban PS,"Near Basak Marg, Belagavi",15.8486,74.4721,Insp. Chameli Kuruvilla,2025,3,14
KAR/BEN/2024/1410,2024-07-26,11:06:00,robbery,"Reported incident of robbery at Near Kapoor Nagar, Bengaluru Urban. Suspect vehicle noticed with plate KA-30-KB-8926.",open,Bengaluru Urban,Bengaluru Urban Central PS,"Near Kapoor Nagar, Bengaluru Urban",12.9524,77.5791,Insp. Pratyush Modi,2024,7,11
KAR/BAL/2024/1411,2025-02-04,14:03:00,drug_offence,"Reported incident of drug offence at Near Patla Street, Ballari.",open,Ballari,Ballari Traffic PS,"Near Patla Street, Ballari",15.1931,76.8833,Insp. Edhitha Chad,2025,2,14
KAR/BEN/2024/1412,2024-12-21,01:11:00,chain_snatching,"Reported incident of chain snatching at Near Iyer Road, Bengaluru Urban. Suspect vehicle noticed with plate KA-03-A-8238.",chargesheeted,Bengaluru Urban,Bengaluru Urban West PS,"Near Iyer Road, Bengaluru Urban",12.9096,77.5748,Insp. Balhaar Taneja,2024,12,1
KAR/MYS/2024/1413,2024-07-06,12:33:00,cybercrime,"Reported incident of cybercrime at Near Kapadia Road, Mysuru.",under_investigation,Mysuru,Mysuru West PS,"Near Kapadia Road, Mysuru",12.3585,76.5442,Insp. Caleb Ghose,2024,7,12
KAR/BID/2024/1414,2024-11-09,12:15:00,hit_and_run,"Reported incident of hit and run at Near Gulati Path, Bidar.",open,Bidar,Bidar Traffic PS,"Near Gulati Path, Bidar",17.8739,77.4384,Insp. Fitan Sani,2024,11,12
KAR/BEN/2024/1415,2024-11-17,07:31:00,assault,"Reported incident of assault at Near Dugal Chowk, Bengaluru Urban.",open,Bengaluru Urban,Bengaluru Urban East PS,"Near Dugal Chowk, Bengaluru Urban",13.0248,77.5926,Insp. Leena Tailor,2024,11,7
KAR/BID/2024/1416,2024-06-30,23:15:00,eve_teasing,"Reported incident of eve teasing at Near Behl Path, Bidar.",open,Bidar,Bidar Suburban PS,"Near Behl Path, Bidar",17.9028,77.568,Insp. Gaurangi Bhargava,2024,6,23
KAR/HUB/2024/1417,2024-11-13,10:24:00,chain_snatching,"Reported incident of chain snatching at Near Pau Street, Hubballi-Dharwad. Suspect vehicle noticed with plate KA-25-M-9756.",chargesheeted,Hubballi-Dharwad,Hubballi-Dharwad Town PS,"Near Pau Street, Hubballi-Dharwad",15.3874,75.1932,Insp. Odika Barad,2024,11,10
KAR/CHI/2024/1418,2025-05-02,06:34:00,assault,"Reported incident of assault at Near Mahajan Path, Chikkamagaluru.",closed,Chikkamagaluru,Chikkamagaluru Rural PS,"Near Mahajan Path, Chikkamagaluru",13.3522,75.7625,Insp. Agastya Bail,2025,5,6
KAR/CHI/2024/1419,2025-02-04,16:07:00,burglary,"Reported incident of burglary at Near Lall Zila, Chikkamagaluru.",under_investigation,Chikkamagaluru,Chikkamagaluru Market PS,"Near Lall Zila, Chikkamagaluru",13.3585,75.7299,Insp. Chandresh Vohra,2025,2,16
KAR/TUM/2024/1420,2024-05-04,11:05:00,burglary,"Reported incident of burglary at Near Bose Chowk, Tumakuru.",open,Tumakuru,Tumakuru Town PS,"Near Bose Chowk, Tumakuru",13.2416,77.1354,Insp. Aarush Varkey,2024,5,11
KAR/RAI/2024/1421,2024-09-04,09:13:00,fraud,"Reported incident of fraud at Near Wadhwa Street, Raichur.",chargesheeted,Raichur,Raichur Town PS,"Near Wadhwa Street, Raichur",16.1068,77.3436,Insp. Yatan Pau,2024,9,9
KAR/RAI/2024/1422,2024-04-25,20:55:00,kidnapping,"Reported incident of kidnapping at Near Sarma Street, Raichur.",open,Raichur,Raichur Industrial PS,"Near Sarma Street, Raichur",16.2255,77.3983,Insp. Lipika Reddy,2024,4,20
KAR/VIJ/2024/1423,2024-11-01,15:36:00,property_crime,"Reported incident of property crime at Near Gandhi Ganj, Vijayapura.",open,Vijayapura,Vijayapura Suburban PS,"Near Gandhi Ganj, Vijayapura",16.7559,75.6555,Insp. Yagnesh Chad,2024,11,15
KAR/UDU/2024/1424,2025-02-20,00:24:00,assault,"Reported incident of assault at Near Comar Chowk, Udupi.",open,Udupi,Udupi Market PS,"Near Comar Chowk, Udupi",13.3964,74.6905,Insp. Gunbir Wason,2025,2,0
KAR/UDU/2024/1425,2024-11-08,05:54:00,vehicle_theft,"Reported incident of vehicle theft at Near Kadakia Street, Udupi. Suspect vehicle noticed with plate KA-35-B-5873.",under_investigation,Udupi,Udupi Rural PS,"Near Kadakia Street, Udupi",13.363,74.7536,Insp. Indali Dara,2024,11,5
KAR/BEL/2024/1426,2024-06-05,23:25:00,cybercrime,"Reported incident of cybercrime at Near Sunder Street, Belagavi.",under_investigation,Belagavi,Belagavi Industrial PS,"Near Sunder Street, Belagavi",15.8054,74.5136,Insp. Pavani Sani,2024,6,23
KAR/BEN/2024/1427,2024-11-24,18:34:00,vehicle_theft,"Reported incident of vehicle theft at Near Chopra Street, Bengaluru Urban. Suspect vehicle noticed with plate KA-46-KB-6929.",under_investigation,Bengaluru Urban,Bengaluru Urban North PS,"Near Chopra Street, Bengaluru Urban",12.9474,77.5778,Insp. Lakshit Pingle,2024,11,18
KAR/HAS/2024/1428,2024-06-19,18:29:00,vehicle_theft,"Reported incident of vehicle theft at Near Dave Ganj, Hassan. Suspect vehicle noticed with plate KA-16-N-5977.",under_investigation,Hassan,Hassan Town PS,"Near Dave Ganj, Hassan",13.0402,76.0125,Insp. Ira Sinha,2024,6,18
KAR/DAV/2024/1429,2024-10-22,05:25:00,chain_snatching,"Reported incident of chain snatching at Near Baral Circle, Davangere. Suspect vehicle noticed with plate KA-46-KB-2951.",closed,Davangere,Davangere Industrial PS,"Near Baral Circle, Davangere",14.3929,75.9682,Insp. Arya Natt,2024,10,5
KAR/BEN/2024/1430,2024-09-29,09:06:00,vehicle_theft,"Reported incident of vehicle theft at Near Balakrishnan Marg, Bengaluru Urban. Suspect vehicle noticed with plate KA-18-N-7472.",under_investigation,Bengaluru Urban,Bengaluru Urban South PS,"Near Balakrishnan Marg, Bengaluru Urban",12.9725,77.5107,Insp. Wahab Gupta,2024,9,9
KAR/DAV/2024/1431,2024-11-04,08:07:00,vehicle_theft,"Reported incident of vehicle theft at Near Swamy Circle, Davangere. Suspect vehicle noticed with plate KA-54-B-4895.",under_investigation,Davangere,Davangere Market PS,"Near Swamy Circle, Davangere",14.4452,75.8498,Insp. Harish Dayal,2024,11,8
KAR/KAL/2024/1432,2025-02-01,01:30:00,kidnapping,"Reported incident of kidnapping at Near Modi Path, Kalaburagi.",under_investigation,Kalaburagi,Kalaburagi Rural PS,"Near Modi Path, Kalaburagi",17.2561,76.7463,Insp. Gaurang Narula,2025,2,1
KAR/BEN/2024/1433,2024-11-01,07:46:00,vehicle_theft,"Reported incident of vehicle theft at Near Kakar Circle, Bengaluru Urban. Suspect vehicle noticed with plate KA-37-P-7949.",open,Bengaluru Urban,Bengaluru Urban West PS,"Near Kakar Circle, Bengaluru Urban",12.9374,77.5442,Insp. Samarth Sengupta,2024,11,7
KAR/BEL/2024/1434,2025-05-23,17:03:00,burglary,"Reported incident of burglary at Near Chand Circle, Belagavi.",open,Belagavi,Belagavi Traffic PS,"Near Chand Circle, Belagavi",15.863,74.5071,Insp. Anthony Chad,2025,5,17
KAR/BEN/2024/1435,2024-04-15,02:15:00,robbery,"Reported incident of robbery at Near Bhagat Ganj, Bengaluru Urban. Suspect vehicle noticed with plate KA-25-A-5500.",chargesheeted,Bengaluru Urban,Bengaluru Urban Traffic PS,"Near Bhagat Ganj, Bengaluru Urban",12.9897,77.6288,Insp. Pushti Swaminathan,2024,4,2
KAR/VIJ/2024/1436,2024-07-11,13:21:00,domestic_violence,"Reported incident of domestic violence at Near Palla Circle, Vijayapura.",under_investigation,Vijayapura,Vijayapura Suburban PS,"Near Palla Circle, Vijayapura",16.7564,75.6391,Insp. Aashi Savant,2024,7,13
KAR/HUB/2024/1437,2025-01-22,20:58:00,assault,"Reported incident of assault at Near Bal Path, Hubballi-Dharwad.",open,Hubballi-Dharwad,Hubballi-Dharwad Suburban PS,"Near Bal Path, Hubballi-Dharwad",15.3639,75.098,Insp. Unni Magar,2025,1,20
KAR/VIJ/2024/1438,2024-06-24,12:26:00,vehicle_theft,"Reported incident of vehicle theft at Near Bail Chowk, Vijayapura. Suspect vehicle noticed with plate KA-13-N-3068.",under_investigation,Vijayapura,Vijayapura Town PS,"Near Bail Chowk, Vijayapura",16.9087,75.7886,Insp. Aashi Sidhu,2024,6,12
KAR/BID/2024/1439,2025-01-28,20:27:00,vehicle_theft,"Reported incident of vehicle theft at Near Iyengar Chowk, Bidar. Suspect vehicle noticed with plate KA-40-A-2840.",open,Bidar,Bidar Industrial PS,"Near Iyengar Chowk, Bidar",17.9228,77.5212,Insp. Dev Sankaran,2025,1,20
KAR/VIJ/2024/1440,2025-03-09,16:32:00,robbery,"Reported incident of robbery at Near Bhandari Street, Vijayapura. Suspect vehicle noticed with plate KA-11-KA-5204.",open,Vijayapura,Vijayapura Industrial PS,"Near Bhandari Street, Vijayapura",16.7786,75.757,Insp. Aarini Chaudhari,2025,3,16
KAR/BEN/2024/1441,2025-02-02,16:04:00,vehicle_theft,"Reported incident of vehicle theft at Near Krishnamurthy Zila, Bengaluru Urban. Suspect vehicle noticed with plate KA-31-P-2192.",under_investigation,Bengaluru Urban,Bengaluru Urban North PS,"Near Krishnamurthy Zila, Bengaluru Urban",12.9227,77.5812,Insp. Dipta Chahal,2025,2,16
KAR/CHI/2024/1442,2024-08-10,06:35:00,vehicle_theft,"Reported incident of vehicle theft at Near Iyer Circle, Chikkamagaluru. Suspect vehicle noticed with plate KA-54-N-1999.",open,Chikkamagaluru,Chikkamagaluru Suburban PS,"Near Iyer Circle, Chikkamagaluru",13.422,75.8693,Insp. Veer Manne,2024,8,6
KAR/HAS/2024/1443,2025-05-15,17:50:00,assault,"Reported incident of assault at Near Chander Street, Hassan.",under_investigation,Hassan,Hassan Suburban PS,"Near Chander Street, Hassan",13.0858,76.1197,Insp. Thomas Palan,2025,5,17
KAR/BEN/2024/1444,2024-11-20,07:33:00,drug_offence,"Reported incident of drug offence at Near Sarin Marg, Bengaluru Urban.",open,Bengaluru Urban,Bengaluru Urban East PS,"Near Sarin Marg, Bengaluru Urban",13.0193,77.6194,Insp. Jalsa Chatterjee,2024,11,7
KAR/BEN/2024/1445,2025-03-08,14:19:00,property_crime,"Reported incident of property crime at Near Jhaveri, Bengaluru Urban.",under_investigation,Bengaluru Urban,Bengaluru Urban North PS,"Near Jhaveri, Bengaluru Urban",12.9509,77.6178,Insp. Pushti Jani,2025,3,14
KAR/BEN/2024/1446,2024-03-26,08:06:00,domestic_violence,"Reported incident of domestic violence at Near Jhaveri Marg, Bengaluru Urban.",open,Bengaluru Urban,Bengaluru Urban East PS,"Near Jhaveri Marg, Bengaluru Urban",13.0181,77.5725,Insp. Adya Yadav,2024,3,8
KAR/BEN/2024/1447,2024-04-29,10:52:00,domestic_violence,"Reported incident of domestic violence at Near Gulati Zila, Bengaluru Urban.",open,Bengaluru Urban,Bengaluru Urban North PS,"Near Gulati Zila, Bengaluru Urban",12.94,77.5979,Insp. Gagan Solanki,2024,4,10
KAR/BEN/2024/1448,2024-12-11,09:53:00,vehicle_theft,"Reported incident of vehicle theft at Near Goswami Road, Bengaluru Urban. Suspect vehicle noticed with plate KA-25-P-9747.",under_investigation,Bengaluru Urban,Bengaluru Urban East PS,"Near Goswami Road, Bengaluru Urban",13.0326,77.6103,Insp. Fariq Grewal,2024,12,9
KAR/DAV/2024/1449,2024-10-05,03:58:00,murder,"Reported incident of murder at Near Gopal Path, Davangere.",open,Davangere,Davangere Market PS,"Near Gopal Path, Davangere",14.4604,75.8479,Insp. Ojas Gara,2024,10,3
KAR/RAI/2024/1450,2025-02-01,20:26:00,burglary,"Reported incident of burglary at Near Chawla Chowk, Raichur.",under_investigation,Raichur,Raichur Market PS,"Near Chawla Chowk, Raichur",16.1915,77.2758,Insp. Isaac Nayar,2025,2,20
KAR/BEN/2024/1451,2025-05-17,11:12:00,vehicle_theft,"Reported incident of vehicle theft at Near Ramachandran, Bengaluru Urban. Suspect vehicle noticed with plate KA-03-M-4400.",under_investigation,Bengaluru Urban,Bengaluru Urban South PS,"Near Ramachandran, Bengaluru Urban",13.005,77.5432,Insp. Veer Datta,2025,5,11
KAR/BEN/2024/1452,2024-04-26,11:22:00,drug_offence,"Reported incident of drug offence at Near Goyal Road, Bengaluru Urban.",under_investigation,Bengaluru Urban,Bengaluru Urban East PS,"Near Goyal Road, Bengaluru Urban",13.0257,77.5894,Insp. Baljiwan Dyal,2024,4,11
KAR/BEN/2024/1453,2024-10-12,21:07:00,chain_snatching,"Reported incident of chain snatching at Near Deo Path, Bengaluru Urban. Suspect vehicle noticed with plate KA-02-P-9947.",under_investigation,Bengaluru Urban,Bengaluru Urban Traffic PS,"Near Deo Path, Bengaluru Urban",12.9554,77.6344,Insp. Frederick Bera,2024,10,21
KAR/BEN/2024/1454,2025-04-14,19:43:00,fraud,"Reported incident of fraud at Near Chacko Path, Bengaluru Urban.",chargesheeted,Bengaluru Urban,Bengaluru Urban South PS,"Near Chacko Path, Bengaluru Urban",13.0016,77.5074,Insp. Wahab Chatterjee,2025,4,19
KAR/DAV/2024/1455,2024-06-21,08:12:00,assault,"Reported incident of assault at Near Kale Street, Davangere.",chargesheeted,Davangere,Davangere Industrial PS,"Near Kale Street, Davangere",14.375,76.014,Insp. Vansha Ramanathan,2024,6,8
KAR/BEN/2024/1456,2024-08-09,06:38:00,burglary,"Reported incident of burglary at Near Divan Chowk, Bengaluru Urban.",open,Bengaluru Urban,Bengaluru Urban Traffic PS,"Near Divan Chowk, Bengaluru Urban",12.9824,77.6656,Insp. Yauvani Wali,2024,8,6
KAR/BEN/2024/1457,2025-02-09,06:38:00,drug_offence,"Reported incident of drug offence at Near Halder Road, Bengaluru Urban.",open,Bengaluru Urban,Bengaluru Urban West PS,"Near Halder Road, Bengaluru Urban",12.9239,77.534,Insp. Onkar Loke,2025,2,6
KAR/BEN/2024/1458,2024-03-08,02:47:00,eve_teasing,"Reported incident of eve teasing at Near Tailor Zila, Bengaluru Urban.",under_investigation,Bengaluru Urban,Bengaluru Urban South PS,"Near Tailor Zila, Bengaluru Urban",12.9592,77.5116,Insp. Anita Barad,2024,3,2
KAR/HUB/2024/1459,2024-04-09,22:36:00,kidnapping,"Reported incident of kidnapping at Near Virk Chowk, Hubballi-Dharwad.",open,Hubballi-Dharwad,Hubballi-Dharwad Rural PS,"Near Virk Chowk, Hubballi-Dharwad",15.2652,75.1652,Insp. Pallavi Rajan,2024,4,22
KAR/HAS/2024/1460,2024-05-07,18:49:00,vehicle_theft,"Reported incident of vehicle theft at Near Kari Street, Hassan. Suspect vehicle noticed with plate KA-34-M-2542.",chargesheeted,Hassan,Hassan Suburban PS,"Near Kari Street, Hassan",13.0486,76.1279,Insp. Simon Peri,2024,5,18
KAR/BEN/2024/1461,2024-08-13,16:59:00,fraud,"Reported incident of fraud at Near Dhar Path, Bengaluru Urban.",under_investigation,Bengaluru Urban,Bengaluru Urban South PS,"Near Dhar Path, Bengaluru Urban",12.9923,77.5181,Insp. Yauvani Kumar,2024,8,16
KAR/BEN/2024/1462,2024-02-19,11:42:00,burglary,"Reported incident of burglary at Near Parsa Nagar, Bengaluru Urban.",open,Bengaluru Urban,Bengaluru Urban East PS,"Near Parsa Nagar, Bengaluru Urban",13.0258,77.5725,Insp. Anika Das,2024,2,11
KAR/BEL/2024/1463,2024-09-03,02:25:00,property_crime,"Reported incident of property crime at Near Gill Circle, Belagavi.",open,Belagavi,Belagavi Traffic PS,"Near Gill Circle, Belagavi",15.867,74.5198,Insp. Lekha Vyas,2024,9,2
KAR/UDU/2024/1464,2024-05-15,01:44:00,assault,"Reported incident of assault at Near Krish Road, Udupi.",under_investigation,Udupi,Udupi Market PS,"Near Krish Road, Udupi",13.3987,74.6886,Insp. Veer Doshi,2024,5,1
KAR/MAN/2024/1465,2024-11-12,17:04:00,chain_snatching,"Reported incident of chain snatching at Near Pai Chowk, Mangaluru (Dakshina Kannada). Suspect vehicle noticed with plate KA-29-N-3051.",under_investigation,Mangaluru (Dakshina Kannada),Mangaluru (Dakshina Kannada) Rural PS,"Near Pai Chowk, Mangaluru (Dakshina Kannada)",12.9469,74.8146,Insp. Suhani Borde,2024,11,17
KAR/BEN/2024/1466,2024-05-10,12:01:00,robbery,"Reported incident of robbery at Near Mody Circle, Bengaluru Urban. Suspect vehicle noticed with plate KA-14-B-4861.",under_investigation,Bengaluru Urban,Bengaluru Urban North PS,"Near Mody Circle, Bengaluru Urban",12.9327,77.6052,Insp. Qushi Parekh,2024,5,12
KAR/MYS/2024/1467,2025-05-31,19:09:00,cybercrime,"Reported incident of cybercrime at Near Gola Circle, Mysuru.",chargesheeted,Mysuru,Mysuru South PS,"Near Gola Circle, Mysuru",12.2303,76.5888,Insp. Elijah Sethi,2025,5,19
KAR/BEN/2024/1468,2024-01-11,08:49:00,cybercrime,"Reported incident of cybercrime at Near Mani Zila, Bengaluru Urban.",open,Bengaluru Urban,Bengaluru Urban East PS,"Near Mani Zila, Bengaluru Urban",13.0365,77.6011,Insp. Zinal Hayre,2024,1,8
KAR/KOP/2024/1469,2025-02-04,20:41:00,vehicle_theft,"Reported incident of vehicle theft at Near Pant Ganj, Koppal. Suspect vehicle noticed with plate KA-18-M-5459.",open,Koppal,Koppal Town PS,"Near Pant Ganj, Koppal",15.3031,76.2013,Insp. Yahvi Raghavan,2025,2,20
KAR/DAV/2024/1470,2025-01-19,17:05:00,murder,"Reported incident of murder at Near Madan Nagar, Davangere.",under_investigation,Davangere,Davangere Town PS,"Near Madan Nagar, Davangere",14.4445,75.8911,Insp. Devika Ahuja,2025,1,17
KAR/RAI/2024/1471,2025-01-06,22:01:00,property_crime,"Reported incident of property crime at Near Sastry Path, Raichur.",open,Raichur,Raichur Suburban PS,"Near Sastry Path, Raichur",16.2815,77.3371,Insp. Jeet Boase,2025,1,22
KAR/MAN/2024/1472,2024-05-31,19:01:00,assault,"Reported incident of assault at Near Golla Marg, Mangaluru (Dakshina Kannada).",open,Mangaluru (Dakshina Kannada),Mangaluru (Dakshina Kannada) Suburban PS,"Near Golla Marg, Mangaluru (Dakshina Kannada)",12.8211,74.8766,Insp. Sarthak Kale,2024,5,19
KAR/DAV/2024/1473,2024-09-06,07:49:00,vehicle_theft,"Reported incident of vehicle theft at Near Gupta Nagar, Davangere. Suspect vehicle noticed with plate KA-39-KB-7332.",chargesheeted,Davangere,Davangere Town PS,"Near Gupta Nagar, Davangere",14.4645,75.9035,Insp. Anjali Bhatt,2024,9,7
KAR/CHI/2024/1474,2024-08-15,17:56:00,drug_offence,"Reported incident of drug offence at Near Ram Marg, Chikkamagaluru.",open,Chikkamagaluru,Chikkamagaluru Rural PS,"Near Ram Marg, Chikkamagaluru",13.3545,75.7777,Insp. Urvi Dar,2024,8,17
KAR/BEN/2024/1475,2025-02-03,05:51:00,chain_snatching,"Reported incident of chain snatching at Near Seshadri Street, Bengaluru Rural. Suspect vehicle noticed with plate KA-32-P-2784.",chargesheeted,Bengaluru Rural,Bengaluru Rural Traffic PS,"Near Seshadri Street, Bengaluru Rural",13.3061,77.5035,Insp. Widisha Chada,2025,2,5
KAR/HUB/2024/1476,2024-12-24,17:12:00,vehicle_theft,"Reported incident of vehicle theft at Near Mishra Ganj, Hubballi-Dharwad. Suspect vehicle noticed with plate KA-03-KA-4746.",under_investigation,Hubballi-Dharwad,Hubballi-Dharwad Industrial PS,"Near Mishra Ganj, Hubballi-Dharwad",15.4209,75.043,Insp. Xalak Parikh,2024,12,17
KAR/BEL/2024/1477,2024-04-19,12:58:00,vehicle_theft,"Reported incident of vehicle theft at Near Sawhney Path, Belagavi. Suspect vehicle noticed with plate KA-15-M-3717.",closed,Belagavi,Belagavi Rural PS,"Near Sawhney Path, Belagavi",15.8451,74.5198,Insp. Wridesh Dhar,2024,4,12
KAR/BEN/2024/1478,2025-05-27,14:14:00,fraud,"Reported incident of fraud at Near Patla Chowk, Bengaluru Urban.",closed,Bengaluru Urban,Bengaluru Urban North PS,"Near Patla Chowk, Bengaluru Urban",12.9372,77.5998,Insp. Chanakya Bava,2025,5,14
KAR/MYS/2024/1479,2024-04-06,22:24:00,robbery,"Reported incident of robbery at Near Goel Nagar, Mysuru. Suspect vehicle noticed with plate KA-47-P-7315.",under_investigation,Mysuru,Mysuru Central PS,"Near Goel Nagar, Mysuru",12.1984,76.7227,Insp. Rayaan Chakraborty,2024,4,22
KAR/BAL/2024/1480,2024-11-12,03:24:00,hit_and_run,"Reported incident of hit and run at Near Edwin Circle, Ballari.",chargesheeted,Ballari,Ballari Market PS,"Near Edwin Circle, Ballari",15.1774,76.8932,Insp. Ikshita Vyas,2024,11,3
KAR/MAN/2024/1481,2024-01-05,16:40:00,assault,"Reported incident of assault at Near Mammen Ganj, Mangaluru (Dakshina Kannada).",under_investigation,Mangaluru (Dakshina Kannada),Mangaluru (Dakshina Kannada) Rural PS,"Near Mammen Ganj, Mangaluru (Dakshina Kannada)",12.9188,74.8276,Insp. Samar Parekh,2024,1,16
KAR/BEL/2024/1482,2024-06-06,23:00:00,fraud,"Reported incident of fraud at Near Ramakrishnan Path, Belagavi.",under_investigation,Belagavi,Belagavi Industrial PS,"Near Ramakrishnan Path, Belagavi",15.8215,74.504,Insp. Vinaya Chaudhuri,2024,6,23
KAR/BEN/2024/1483,2024-01-31,10:17:00,vehicle_theft,"Reported incident of vehicle theft at Near Gera Road, Bengaluru Urban. Suspect vehicle noticed with plate KA-29-KB-6330.",chargesheeted,Bengaluru Urban,Bengaluru Urban Traffic PS,"Near Gera Road, Bengaluru Urban",12.9649,77.6287,Insp. Zarna Dhaliwal,2024,1,10
KAR/BEN/2024/1484,2024-01-03,13:41:00,chain_snatching,"Reported incident of chain snatching at Near Ganesan Circle, Bengaluru Urban. Suspect vehicle noticed with plate KA-01-M-9990.",open,Bengaluru Urban,Bengaluru Urban Traffic PS,"Near Ganesan Circle, Bengaluru Urban",12.9931,77.6736,Insp. Mohammed Rege,2024,1,13
KAR/DAV/2024/1485,2024-10-02,20:59:00,chain_snatching,"Reported incident of chain snatching at Near Jayaraman Path, Davangere. Suspect vehicle noticed with plate KA-02-A-2857.",open,Davangere,Davangere Industrial PS,"Near Jayaraman Path, Davangere",14.3892,75.9792,Insp. Teerth Sastry,2024,10,20
KAR/CHI/2024/1486,2024-12-24,13:44:00,vehicle_theft,"Reported incident of vehicle theft at Near Pal Marg, Chikkamagaluru. Suspect vehicle noticed with plate KA-53-B-6775.",under_investigation,Chikkamagaluru,Chikkamagaluru Town PS,"Near Pal Marg, Chikkamagaluru",13.3438,75.808,Insp. Qadim Sandal,2024,12,13
KAR/KOL/2024/1487,2024-04-29,01:25:00,vehicle_theft,"Reported incident of vehicle theft at Near Deep Marg, Kolar. Suspect vehicle noticed with plate KA-50-M-5759.",under_investigation,Kolar,Kolar Rural PS,"Near Deep Marg, Kolar",13.1533,78.076,Insp. Vihaan Pandit,2024,4,1
KAR/UDU/2024/1488,2025-02-19,15:29:00,burglary,"Reported incident of burglary at Near Bhatnagar Marg, Udupi.",chargesheeted,Udupi,Udupi Market PS,"Near Bhatnagar Marg, Udupi",13.4374,74.6754,Insp. Yutika Ramesh,2025,2,15
KAR/MAN/2024/1489,2024-12-24,23:33:00,chain_snatching,"Reported incident of chain snatching at Near Pandya Path, Mangaluru (Dakshina Kannada). Suspect vehicle noticed with plate KA-02-N-6869.",open,Mangaluru (Dakshina Kannada),Mangaluru (Dakshina Kannada) Industrial PS,"Near Pandya Path, Mangaluru (Dakshina Kannada)",12.8765,74.8581,Insp. Lekha Raman,2024,12,23
KAR/BEN/2024/1490,2024-10-01,22:17:00,chain_snatching,"Reported incident of chain snatching at Near Gola Nagar, Bengaluru Urban. Suspect vehicle noticed with plate KA-48-B-3440.",open,Bengaluru Urban,Bengaluru Urban East PS,"Near Gola Nagar, Bengaluru Urban",13.0651,77.5868,Insp. Upma Mand,2024,10,22
KAR/BEN/2024/1491,2025-05-11,09:45:00,kidnapping,"Reported incident of kidnapping at Near Loke Circle, Bengaluru Urban.",chargesheeted,Bengaluru Urban,Bengaluru Urban North PS,"Near Loke Circle, Bengaluru Urban",12.9527,77.6178,Insp. Anthony Dhaliwal,2025,5,9
KAR/BAL/2024/1492,2024-12-19,09:13:00,vehicle_theft,"Reported incident of vehicle theft at Near Gour Zila, Ballari. Suspect vehicle noticed with plate KA-19-B-2526.",open,Ballari,Ballari Suburban PS,"Near Gour Zila, Ballari",15.2168,76.9295,Insp. Jhalak Zachariah,2024,12,9
KAR/BEL/2024/1493,2024-12-26,16:07:00,fraud,"Reported incident of fraud at Near Anne, Belagavi.",chargesheeted,Belagavi,Belagavi Traffic PS,"Near Anne, Belagavi",15.8533,74.4651,Insp. Dipta Desai,2024,12,16
KAR/MAN/2024/1494,2024-01-17,20:33:00,chain_snatching,"Reported incident of chain snatching at Near Doctor Nagar, Mangaluru (Dakshina Kannada). Suspect vehicle noticed with plate KA-32-A-2317.",chargesheeted,Mangaluru (Dakshina Kannada),Mangaluru (Dakshina Kannada) Industrial PS,"Near Doctor Nagar, Mangaluru (Dakshina Kannada)",12.8959,74.8441,Insp. Faqid Zachariah,2024,1,20
KAR/BEN/2024/1495,2025-03-06,22:12:00,cybercrime,"Reported incident of cybercrime at Near Tak Marg, Bengaluru Urban.",under_investigation,Bengaluru Urban,Bengaluru Urban South PS,"Near Tak Marg, Bengaluru Urban",13.003,77.5186,Insp. William Ganesan,2025,3,22
KAR/BEN/2024/1496,2024-12-31,08:27:00,assault,"Reported incident of assault at Near Sidhu Street, Bengaluru Urban.",open,Bengaluru Urban,Bengaluru Urban Traffic PS,"Near Sidhu Street, Bengaluru Urban",12.9677,77.6712,Insp. Ladli Bahri,2024,12,8
KAR/HUB/2024/1497,2024-09-14,17:41:00,domestic_violence,"Reported incident of domestic violence at Near Dyal Circle, Hubballi-Dharwad.",chargesheeted,Hubballi-Dharwad,Hubballi-Dharwad Rural PS,"Near Dyal Circle, Hubballi-Dharwad",15.2733,75.1351,Insp. Tejas Doctor,2024,9,17
KAR/BID/2024/1498,2024-12-06,00:26:00,chain_snatching,"Reported incident of chain snatching at Near Sibal Path, Bidar. Suspect vehicle noticed with plate KA-29-M-7406.",under_investigation,Bidar,Bidar Suburban PS,"Near Sibal Path, Bidar",17.9252,77.5673,Insp. Omisha Nagi,2024,12,0
KAR/MYS/2024/1499,2024-04-04,03:03:00,drug_offence,"Reported incident of drug offence at Near Dugar Zila, Mysuru.",chargesheeted,Mysuru,Mysuru Central PS,"Near Dugar Zila, Mysuru",12.2123,76.6919,Insp. Vincent Minhas,2024,4,3
KAR/VIJ/2024/1500,2024-08-09,22:00:00,chain_snatching,"Reported incident of chain snatching at Near Samra Zila, Vijayapura. Suspect vehicle noticed with plate KA-44-A-6987.",chargesheeted,Vijayapura,Vijayapura Town PS,"Near Samra Zila, Vijayapura",16.9273,75.7933,Insp. Kai Mammen,2024,8,22
KAR/MYS/2024/1501,2024-11-13,21:10:00,vehicle_theft,"Reported incident of vehicle theft at Near Modi Zila, Mysuru. Suspect vehicle noticed with plate KA-55-A-3827.",under_investigation,Mysuru,Mysuru South PS,"Near Modi Zila, Mysuru",12.2639,76.5981,Insp. Warda Pandya,2024,11,21
KAR/BID/2024/1502,2024-01-30,01:59:00,fraud,"Reported incident of fraud at Near Mall, Bidar.",under_investigation,Bidar,Bidar Town PS,"Near Mall, Bidar",17.987,77.5185,Insp. Ekansh Bal,2024,1,1
KAR/KOP/2024/1503,2024-10-18,16:20:00,vehicle_theft,"Reported incident of vehicle theft at Near Dutt, Koppal. Suspect vehicle noticed with plate KA-38-KB-6519.",under_investigation,Koppal,Koppal Traffic PS,"Near Dutt, Koppal",15.3388,76.2144,Insp. Tanish Handa,2024,10,16
KAR/BAL/2024/1504,2025-05-14,15:01:00,kidnapping,"Reported incident of kidnapping at Near Biswas Marg, Ballari.",open,Ballari,Ballari Market PS,"Near Biswas Marg, Ballari",15.2005,76.9158,Insp. Lipika Ramaswamy,2025,5,15
KAR/UDU/2024/1505,2025-05-13,19:44:00,burglary,"Reported incident of burglary at Near Chaudhary Road, Udupi.",under_investigation,Udupi,Udupi Traffic PS,"Near Chaudhary Road, Udupi",13.4162,74.6524,Insp. Yadavi Malhotra,2025,5,19
KAR/TUM/2024/1506,2024-04-02,04:38:00,burglary,"Reported incident of burglary at Near Walia Zila, Tumakuru.",open,Tumakuru,Tumakuru Town PS,"Near Walia Zila, Tumakuru",13.258,77.1156,Insp. Banjeet Dara,2024,4,4
KAR/BEN/2024/1507,2024-12-06,07:49:00,vehicle_theft,"Reported incident of vehicle theft at Near Dubey Path, Bengaluru Urban. Suspect vehicle noticed with plate KA-42-P-1242.",chargesheeted,Bengaluru Urban,Bengaluru Urban Central PS,"Near Dubey Path, Bengaluru Urban",12.9446,77.5959,Insp. Daksh Barad,2024,12,7
KAR/SHI/2024/1508,2024-05-10,03:43:00,burglary,"Reported incident of burglary at Near Divan Chowk, Shivamogga.",open,Shivamogga,Shivamogga Suburban PS,"Near Divan Chowk, Shivamogga",13.9594,75.6288,Insp. Chanchal Kamdar,2024,5,3
KAR/BEN/2024/1509,2024-09-25,03:19:00,robbery,"Reported incident of robbery at Near Deshpande Chowk, Bengaluru Urban. Suspect vehicle noticed with plate KA-33-M-8074.",open,Bengaluru Urban,Bengaluru Urban Traffic PS,"Near Deshpande Chowk, Bengaluru Urban",12.9863,77.636,Insp. Chandresh Vora,2024,9,3
KAR/MAN/2024/1510,2024-12-03,02:50:00,vehicle_theft,"Reported incident of vehicle theft at Near Kade Zila, Mandya. Suspect vehicle noticed with plate KA-42-KA-2797.",closed,Mandya,Mandya Industrial PS,"Near Kade Zila, Mandya",12.5268,76.9371,Insp. Ikshita Bhalla,2024,12,2
KAR/MAN/2024/1511,2025-03-11,15:10:00,chain_snatching,"Reported incident of chain snatching at Near Parekh Road, Mangaluru (Dakshina Kannada). Suspect vehicle noticed with plate KA-24-KA-9871.",open,Mangaluru (Dakshina Kannada),Mangaluru (Dakshina Kannada) Rural PS,"Near Parekh Road, Mangaluru (Dakshina Kannada)",12.9104,74.8172,Insp. Chakradev Edwin,2025,3,15
KAR/HUB/2024/1512,2024-03-11,16:26:00,fraud,"Reported incident of fraud at Near Brar Zila, Hubballi-Dharwad.",chargesheeted,Hubballi-Dharwad,Hubballi-Dharwad Traffic PS,"Near Brar Zila, Hubballi-Dharwad",15.412,75.0346,Insp. Harish Mital,2024,3,16
KAR/BEN/2024/1513,2024-07-15,16:55:00,fraud,"Reported incident of fraud at Near Som Zila, Bengaluru Urban.",open,Bengaluru Urban,Bengaluru Urban Traffic PS,"Near Som Zila, Bengaluru Urban",12.9771,77.665,Insp. Zashil Kalita,2024,7,16
KAR/BEN/2024/1514,2024-10-01,00:13:00,chain_snatching,"Reported incident of chain snatching at Near Bala, Bengaluru Urban. Suspect vehicle noticed with plate KA-36-N-4060.",open,Bengaluru Urban,Bengaluru Urban West PS,"Near Bala, Bengaluru Urban",12.8822,77.5668,Insp. Radhika Sura,2024,10,0
KAR/BEN/2024/1515,2024-04-24,10:01:00,hit_and_run,"Reported incident of hit and run at Near Handa Marg, Bengaluru Urban.",open,Bengaluru Urban,Bengaluru Urban West PS,"Near Handa Marg, Bengaluru Urban",12.9136,77.5642,Insp. Ansh Seshadri,2024,4,10
KAR/BEN/2024/1516,2024-05-05,01:09:00,chain_snatching,"Reported incident of chain snatching at Near Gulati Zila, Bengaluru Urban. Suspect vehicle noticed with plate KA-29-N-2208.",open,Bengaluru Urban,Bengaluru Urban East PS,"Near Gulati Zila, Bengaluru Urban",13.0562,77.5775,Insp. Nisha Loke,2024,5,1
KAR/DAV/2024/1517,2024-10-05,09:57:00,domestic_violence,"Reported incident of domestic violence at Near Buch Road, Davangere.",open,Davangere,Davangere Rural PS,"Near Buch Road, Davangere",14.409,75.8362,Insp. Vasatika Aurora,2024,10,9
KAR/BEN/2024/1518,2025-02-09,01:50:00,drug_offence,"Reported incident of drug offence at Near Aurora Zila, Bengaluru Urban.",open,Bengaluru Urban,Bengaluru Urban East PS,"Near Aurora Zila, Bengaluru Urban",13.0283,77.5674,Insp. Odika Bumb,2025,2,1
KAR/BEN/2024/1519,2024-05-16,13:12:00,fraud,"Reported incident of fraud at Near Mann Street, Bengaluru Urban.",closed,Bengaluru Urban,Bengaluru Urban West PS,"Near Mann Street, Bengaluru Urban",12.9288,77.5343,Insp. Inaya Kala,2024,5,13
KAR/BEN/2024/1520,2024-12-22,04:55:00,chain_snatching,"Reported incident of chain snatching at Near Roy Road, Bengaluru Urban. Suspect vehicle noticed with plate KA-03-KA-9402.",closed,Bengaluru Urban,Bengaluru Urban West PS,"Near Roy Road, Bengaluru Urban",12.9139,77.5583,Insp. Dakshesh Sule,2024,12,4
KAR/DAV/2024/1521,2024-09-14,02:51:00,fraud,"Reported incident of fraud at Near Mishra Road, Davangere.",open,Davangere,Davangere Traffic PS,"Near Mishra Road, Davangere",14.4577,75.926,Insp. Tanmayi Dara,2024,9,2
KAR/HAS/2024/1522,2025-04-27,07:40:00,assault,"Reported incident of assault at Near Swamy Ganj, Hassan.",chargesheeted,Hassan,Hassan Industrial PS,"Near Swamy Ganj, Hassan",13.0005,76.0689,Insp. Neelima Varma,2025,4,7
KAR/BEN/2024/1523,2024-06-25,20:52:00,domestic_violence,"Reported incident of domestic violence at Near Buch Path, Bengaluru Urban.",open,Bengaluru Urban,Bengaluru Urban East PS,"Near Buch Path, Bengaluru Urban",13.044,77.5712,Insp. Vasana Sangha,2024,6,20
KAR/BEN/2024/1524,2024-12-07,13:23:00,chain_snatching,"Reported incident of chain snatching at Near Ratta Road, Bengaluru Urban. Suspect vehicle noticed with plate KA-34-N-4796.",chargesheeted,Bengaluru Urban,Bengaluru Urban Traffic PS,"Near Ratta Road, Bengaluru Urban",12.9426,77.6515,Insp. Girish Sura,2024,12,13
KAR/BAL/2024/1525,2024-12-20,15:59:00,hit_and_run,"Reported incident of hit and run at Near Baria Zila, Ballari.",open,Ballari,Ballari Market PS,"Near Baria Zila, Ballari",15.181,76.8883,Insp. Nisha Manne,2024,12,15
KAR/SHI/2024/1526,2024-06-21,15:21:00,burglary,"Reported incident of burglary at Near Mutti Nagar, Shivamogga.",open,Shivamogga,Shivamogga Suburban PS,"Near Mutti Nagar, Shivamogga",13.9875,75.5838,Insp. Ojas Devan,2024,6,15
KAR/VIJ/2024/1527,2024-10-17,17:27:00,chain_snatching,"Reported incident of chain snatching at Near Mohan Street, Vijayapura. Suspect vehicle noticed with plate KA-25-P-6514.",under_investigation,Vijayapura,Vijayapura Town PS,"Near Mohan Street, Vijayapura",16.9197,75.7605,Insp. Damyanti Goda,2024,10,17
KAR/VIJ/2024/1528,2024-12-03,22:02:00,cybercrime,"Reported incident of cybercrime at Near Gole Marg, Vijayapura.",under_investigation,Vijayapura,Vijayapura Market PS,"Near Gole Marg, Vijayapura",16.8387,75.7723,Insp. Avi Brar,2024,12,22
KAR/VIJ/2024/1529,2024-10-21,02:43:00,vehicle_theft,"Reported incident of vehicle theft at Near Ranganathan Road, Vijayapura. Suspect vehicle noticed with plate KA-44-M-4949.",open,Vijayapura,Vijayapura Suburban PS,"Near Ranganathan Road, Vijayapura",16.7908,75.6228,Insp. Sai Manda,2024,10,2
KAR/BEN/2024/1530,2024-11-11,15:09:00,vehicle_theft,"Reported incident of vehicle theft at Near Saxena Marg, Bengaluru Urban. Suspect vehicle noticed with plate KA-51-A-5467.",open,Bengaluru Urban,Bengaluru Urban East PS,"Near Saxena Marg, Bengaluru Urban",13.0232,77.5802,Insp. Indali Banerjee,2024,11,15
KAR/BEN/2024/1531,2024-09-21,06:19:00,assault,"Reported incident of assault at Near Banik Ganj, Bengaluru Urban.",open,Bengaluru Urban,Bengaluru Urban South PS,"Near Banik Ganj, Bengaluru Urban",12.9891,77.4948,Insp. Veer Chadha,2024,9,6
KAR/TUM/2024/1532,2025-03-29,02:04:00,vehicle_theft,"Reported incident of vehicle theft at Near Banerjee, Tumakuru. Suspect vehicle noticed with plate KA-17-KB-1797.",chargesheeted,Tumakuru,Tumakuru Suburban PS,"Near Banerjee, Tumakuru",13.2959,77.1188,Insp. Qasim Chakraborty,2025,3,2
KAR/MAN/2024/1533,2024-01-13,12:51:00,fraud,"Reported incident of fraud at Near Thakur Zila, Mandya.",open,Mandya,Mandya Town PS,"Near Thakur Zila, Mandya",12.5231,76.8844,Insp. Maya Rajagopalan,2024,1,12
KAR/BEN/2024/1534,2024-08-16,02:29:00,drug_offence,"Reported incident of drug offence at Near Lad Ganj, Bengaluru Urban.",open,Bengaluru Urban,Bengaluru Urban West PS,"Near Lad Ganj, Bengaluru Urban",12.8843,77.5394,Insp. Vrishti Khosla,2024,8,2
KAR/KOL/2024/1535,2025-01-24,03:29:00,burglary,"Reported incident of burglary at Near Toor Nagar, Kolar.",open,Kolar,Kolar Market PS,"Near Toor Nagar, Kolar",13.1908,78.185,Insp. Liam Keer,2025,1,3
KAR/KOP/2024/1536,2024-07-29,13:22:00,drug_offence,"Reported incident of drug offence at Near Zachariah Circle, Koppal.",open,Koppal,Koppal Rural PS,"Near Zachariah Circle, Koppal",15.4168,76.2228,Insp. Dipta Sandhu,2024,7,13
KAR/KOL/2024/1537,2024-06-29,04:26:00,vehicle_theft,"Reported incident of vehicle theft at Near Chaudhari Ganj, Kolar. Suspect vehicle noticed with plate KA-24-KA-8037.",chargesheeted,Kolar,Kolar Industrial PS,"Near Chaudhari Ganj, Kolar",13.1355,78.1833,Insp. Falak Sant,2024,6,4
KAR/BEN/2024/1538,2024-02-02,01:10:00,robbery,"Reported incident of robbery at Near Sarin Chowk, Bengaluru Urban. Suspect vehicle noticed with plate KA-55-A-1513.",open,Bengaluru Urban,Bengaluru Urban South PS,"Near Sarin Chowk, Bengaluru Urban",12.9899,77.4984,Insp. Hamsini Roy,2024,2,1
KAR/HUB/2024/1539,2024-05-14,19:13:00,burglary,"Reported incident of burglary at Near Rau, Hubballi-Dharwad.",closed,Hubballi-Dharwad,Hubballi-Dharwad Rural PS,"Near Rau, Hubballi-Dharwad",15.2879,75.1668,Insp. Leela Chada,2024,5,19
KAR/MAN/2024/1540,2024-09-30,10:37:00,kidnapping,"Reported incident of kidnapping at Near Gole Ganj, Mangaluru (Dakshina Kannada).",under_investigation,Mangaluru (Dakshina Kannada),Mangaluru (Dakshina Kannada) Industrial PS,"Near Gole Ganj, Mangaluru (Dakshina Kannada)",12.9182,74.8451,Insp. Tanvi Vala,2024,9,10
KAR/SHI/2024/1541,2025-01-17,01:11:00,vehicle_theft,"Reported incident of vehicle theft at Near Khalsa, Shivamogga. Suspect vehicle noticed with plate KA-12-B-2300.",open,Shivamogga,Shivamogga Industrial PS,"Near Khalsa, Shivamogga",13.8583,75.5514,Insp. Ekalinga Mishra,2025,1,1
KAR/KAL/2024/1542,2024-02-09,02:58:00,fraud,"Reported incident of fraud at Near Chandra Nagar, Kalaburagi.",under_investigation,Kalaburagi,Kalaburagi Suburban PS,"Near Chandra Nagar, Kalaburagi",17.2366,76.8223,Insp. Jhalak Keer,2024,2,2
KAR/HUB/2024/1543,2024-09-20,22:31:00,fraud,"Reported incident of fraud at Near Krishnan Circle, Hubballi-Dharwad.",open,Hubballi-Dharwad,Hubballi-Dharwad Market PS,"Near Krishnan Circle, Hubballi-Dharwad",15.3839,75.1897,Insp. Aarush Toor,2024,9,22
KAR/KOP/2024/1544,2024-11-28,20:41:00,vehicle_theft,"Reported incident of vehicle theft at Near Rout, Koppal. Suspect vehicle noticed with plate KA-45-KB-2597.",open,Koppal,Koppal Town PS,"Near Rout, Koppal",15.3237,76.1783,Insp. Manan Banik,2024,11,20
KAR/VIJ/2024/1545,2024-10-01,13:09:00,cybercrime,"Reported incident of cybercrime at Near Khanna Street, Vijayapura.",open,Vijayapura,Vijayapura Market PS,"Near Khanna Street, Vijayapura",16.8213,75.7755,Insp. Manan Shroff,2024,10,13
KAR/CHI/2024/1546,2024-04-05,23:31:00,burglary,"Reported incident of burglary at Near Krish Zila, Chikkamagaluru.",under_investigation,Chikkamagaluru,Chikkamagaluru Market PS,"Near Krish Zila, Chikkamagaluru",13.3675,75.6896,Insp. Zarna Sura,2024,4,23
KAR/DAV/2024/1547,2025-03-23,13:30:00,vehicle_theft,"Reported incident of vehicle theft at Near Sawhney, Davangere. Suspect vehicle noticed with plate KA-26-A-8856.",open,Davangere,Davangere Market PS,"Near Sawhney, Davangere",14.4283,75.8599,Insp. Advay Verma,2025,3,13
KAR/BEN/2024/1548,2024-10-01,04:58:00,vehicle_theft,"Reported incident of vehicle theft at Near Chandra Circle, Bengaluru Urban. Suspect vehicle noticed with plate KA-50-P-4739.",closed,Bengaluru Urban,Bengaluru Urban South PS,"Near Chandra Circle, Bengaluru Urban",12.9906,77.5117,Insp. Jason Balakrishnan,2024,10,4
KAR/CHI/2024/1549,2025-04-28,06:13:00,drug_offence,"Reported incident of drug offence at Near Gill Chowk, Chikkamagaluru.",open,Chikkamagaluru,Chikkamagaluru Market PS,"Near Gill Chowk, Chikkamagaluru",13.3922,75.7376,Insp. Shivansh Sane,2025,4,6
KAR/RAI/2024/1550,2024-12-28,01:42:00,kidnapping,"Reported incident of kidnapping at Near Batta Street, Raichur.",open,Raichur,Raichur Town PS,"Near Batta Street, Raichur",16.1068,77.3565,Insp. Omisha Khanna,2024,12,1
KAR/BEN/2024/1551,2024-11-04,18:02:00,vehicle_theft,"Reported incident of vehicle theft at Near Chanda, Bengaluru Urban. Suspect vehicle noticed with plate KA-18-N-7888.",open,Bengaluru Urban,Bengaluru Urban West PS,"Near Chanda, Bengaluru Urban",12.9326,77.5474,Insp. Anthony Chandra,2024,11,18
KAR/MAN/2024/1552,2024-04-20,20:41:00,vehicle_theft,"Reported incident of vehicle theft at Near Palla Marg, Mandya. Suspect vehicle noticed with plate KA-55-KA-5027.",under_investigation,Mandya,Mandya Town PS,"Near Palla Marg, Mandya",12.5377,76.8807,Insp. Pranav Butala,2024,4,20
KAR/CHI/2024/1553,2024-12-23,07:40:00,vehicle_theft,"Reported incident of vehicle theft at Near Rege Circle, Chikkamagaluru. Suspect vehicle noticed with plate KA-18-A-2314.",open,Chikkamagaluru,Chikkamagaluru Industrial PS,"Near Rege Circle, Chikkamagaluru",13.3265,75.7999,Insp. Gopal Devan,2024,12,7
KAR/DAV/2024/1554,2024-06-04,03:54:00,assault,"Reported incident of assault at Near Subramaniam Nagar, Davangere.",open,Davangere,Davangere Market PS,"Near Subramaniam Nagar, Davangere",14.4102,75.832,Insp. Ucchal Morar,2024,6,3
KAR/BAL/2024/1555,2024-12-12,17:55:00,fraud,"Reported incident of fraud at Near Narasimhan Ganj, Ballari.",under_investigation,Ballari,Ballari Industrial PS,"Near Narasimhan Ganj, Ballari",15.15,76.954,Insp. Warinder Kuruvilla,2024,12,17
KAR/SHI/2024/1556,2024-02-23,22:18:00,eve_teasing,"Reported incident of eve teasing at Near Shanker Ganj, Shivamogga.",chargesheeted,Shivamogga,Shivamogga Suburban PS,"Near Shanker Ganj, Shivamogga",13.9386,75.5839,Insp. Yashawini Sabharwal,2024,2,22
KAR/BEL/2024/1557,2024-01-22,12:18:00,burglary,"Reported incident of burglary at Near Varkey Zila, Belagavi.",open,Belagavi,Belagavi Market PS,"Near Varkey Zila, Belagavi",15.7992,74.4636,Insp. Siya Chaudry,2024,1,12
KAR/VIJ/2024/1558,2024-05-19,08:25:00,vehicle_theft,"Reported incident of vehicle theft at Near Pandya Marg, Vijayapura. Suspect vehicle noticed with plate KA-55-KB-6844.",under_investigation,Vijayapura,Vijayapura Rural PS,"Near Pandya Marg, Vijayapura",16.8512,75.661,Insp. Owen Ravel,2024,5,8
KAR/VIJ/2024/1559,2024-02-09,03:16:00,robbery,"Reported incident of robbery at Near Dhar Circle, Vijayapura. Suspect vehicle noticed with plate KA-36-P-2643.",open,Vijayapura,Vijayapura Rural PS,"Near Dhar Circle, Vijayapura",16.8099,75.6704,Insp. Qarin Ravi,2024,2,3
KAR/BEN/2024/1560,2024-06-29,23:27:00,fraud,"Reported incident of fraud at Near Varma Nagar, Bengaluru Urban.",open,Bengaluru Urban,Bengaluru Urban North PS,"Near Varma Nagar, Bengaluru Urban",12.9749,77.608,Insp. Vrinda Ramesh,2024,6,23
KAR/BEN/2024/1561,2024-01-20,14:36:00,senior_citizen_crime,"Reported incident of senior citizen crime at Near Sabharwal Road, Bengaluru Urban.",open,Bengaluru Urban,Bengaluru Urban East PS,"Near Sabharwal Road, Bengaluru Urban",13.0691,77.5821,Insp. Warhi Bahl,2024,1,14
KAR/TUM/2024/1562,2025-03-17,04:54:00,robbery,"Reported incident of robbery at Near Trivedi Nagar, Tumakuru. Suspect vehicle noticed with plate KA-38-B-5222.",chargesheeted,Tumakuru,Tumakuru Suburban PS,"Near Trivedi Nagar, Tumakuru",13.2791,77.0856,Insp. Krishna Raghavan,2025,3,4
KAR/DAV/2024/1563,2025-05-04,00:36:00,kidnapping,"Reported incident of kidnapping at Near Kohli Ganj, Davangere.",open,Davangere,Davangere Rural PS,"Near Kohli Ganj, Davangere",14.4121,75.8358,Insp. Guneet Issac,2025,5,0
KAR/RAI/2024/1564,2025-03-05,07:15:00,burglary,"Reported incident of burglary at Near Mody Path, Raichur.",open,Raichur,Raichur Traffic PS,"Near Mody Path, Raichur",16.1149,77.3534,Insp. Samaksh Brar,2025,3,7
KAR/MAN/2024/1565,2024-01-26,00:30:00,property_crime,"Reported incident of property crime at Near Mishra Zila, Mandya.",chargesheeted,Mandya,Mandya Industrial PS,"Near Mishra Zila, Mandya",12.503,76.9556,Insp. Hiral Gara,2024,1,0
KAR/MAN/2024/1566,2024-02-17,17:00:00,robbery,"Reported incident of robbery at Near Master Ganj, Mangaluru (Dakshina Kannada). Suspect vehicle noticed with plate KA-18-N-7132.",open,Mangaluru (Dakshina Kannada),Mangaluru (Dakshina Kannada) Market PS,"Near Master Ganj, Mangaluru (Dakshina Kannada)",12.9845,74.8657,Insp. Nimrat Kapur,2024,2,17
KAR/MYS/2024/1567,2024-11-23,07:51:00,chain_snatching,"Reported incident of chain snatching at Near Anand Path, Mysuru. Suspect vehicle noticed with plate KA-03-M-6700.",open,Mysuru,Mysuru South PS,"Near Anand Path, Mysuru",12.2687,76.6241,Insp. Praneel Om,2024,11,7
KAR/BEN/2024/1568,2025-03-11,10:03:00,chain_snatching,"Reported incident of chain snatching at Near Dyal Ganj, Bengaluru Urban. Suspect vehicle noticed with plate KA-20-A-8240.",chargesheeted,Bengaluru Urban,Bengaluru Urban North PS,"Near Dyal Ganj, Bengaluru Urban",12.9777,77.6077,Insp. Janaki Mahajan,2025,3,10
KAR/MAN/2024/1569,2024-12-25,10:55:00,robbery,"Reported incident of robbery at Near Butala Nagar, Mandya. Suspect vehicle noticed with plate KA-05-N-2300.",under_investigation,Mandya,Mandya Town PS,"Near Butala Nagar, Mandya",12.5668,76.8728,Insp. Zashil Mitra,2024,12,10
KAR/SHI/2024/1570,2024-08-23,21:55:00,murder,"Reported incident of murder at Near Puri Road, Shivamogga.",under_investigation,Shivamogga,Shivamogga Rural PS,"Near Puri Road, Shivamogga",13.9128,75.5457,Insp. Harish Sridhar,2024,8,21
KAR/BEN/2024/1571,2024-05-28,11:39:00,chain_snatching,"Reported incident of chain snatching at Near Chaudry Street, Bengaluru Urban. Suspect vehicle noticed with plate KA-28-KA-4518.",open,Bengaluru Urban,Bengaluru Urban North PS,"Near Chaudry Street, Bengaluru Urban",12.949,77.5924,Insp. Neel Palla,2024,5,11
KAR/MYS/2024/1572,2024-08-19,19:57:00,burglary,"Reported incident of burglary at Near Vasa Street, Mysuru.",open,Mysuru,Mysuru Central PS,"Near Vasa Street, Mysuru",12.2147,76.6873,Insp. Amruta Balay,2024,8,19
KAR/HUB/2024/1573,2024-03-29,05:38:00,assault,"Reported incident of assault at Near Lall Circle, Hubballi-Dharwad.",open,Hubballi-Dharwad,Hubballi-Dharwad Town PS,"Near Lall Circle, Hubballi-Dharwad",15.4234,75.1516,Insp. Anvi Jhaveri,2024,3,5
KAR/BEN/2024/1574,2024-09-11,20:06:00,robbery,"Reported incident of robbery at Near Jhaveri, Bengaluru Rural. Suspect vehicle noticed with plate KA-39-P-7766.",open,Bengaluru Rural,Bengaluru Rural Central PS,"Near Jhaveri, Bengaluru Rural",13.2121,77.5616,Insp. Anika Kibe,2024,9,20
KAR/KOP/2024/1575,2025-03-11,00:52:00,vehicle_theft,"Reported incident of vehicle theft at Near Chowdhury Chowk, Koppal. Suspect vehicle noticed with plate KA-23-KB-5082.",chargesheeted,Koppal,Koppal Town PS,"Near Chowdhury Chowk, Koppal",15.3227,76.209,Insp. Yuvraj More,2025,3,0
KAR/BEN/2024/1576,2025-05-10,06:48:00,vehicle_theft,"Reported incident of vehicle theft at Near Ramanathan Circle, Bengaluru Urban. Suspect vehicle noticed with plate KA-32-N-3199.",open,Bengaluru Urban,Bengaluru Urban West PS,"Near Ramanathan Circle, Bengaluru Urban",12.9201,77.5414,Insp. Umang Chander,2025,5,6
KAR/BID/2024/1577,2024-11-28,12:49:00,drug_offence,"Reported incident of drug offence at Near Mandal Chowk, Bidar.",open,Bidar,Bidar Market PS,"Near Mandal Chowk, Bidar",17.8573,77.5308,Insp. Indrajit Desai,2024,11,12
KAR/BEN/2024/1578,2025-05-14,08:07:00,fraud,"Reported incident of fraud at Near Nayar Nagar, Bengaluru Urban.",open,Bengaluru Urban,Bengaluru Urban North PS,"Near Nayar Nagar, Bengaluru Urban",12.9729,77.5877,Insp. Gauri Parikh,2025,5,8
KAR/RAI/2024/1579,2024-08-03,05:39:00,burglary,"Reported incident of burglary at Near Mohanty Nagar, Raichur.",open,Raichur,Raichur Market PS,"Near Mohanty Nagar, Raichur",16.1719,77.314,Insp. Udyati Cherian,2024,8,5
KAR/BEL/2024/1580,2024-03-21,11:47:00,vehicle_theft,"Reported incident of vehicle theft at Near Saini Zila, Belagavi. Suspect vehicle noticed with plate KA-12-P-5837.",closed,Belagavi,Belagavi Suburban PS,"Near Saini Zila, Belagavi",15.8082,74.4565,Insp. Charvi Bahl,2024,3,11
KAR/MAN/2024/1581,2025-02-26,07:03:00,burglary,"Reported incident of burglary at Near Joshi Ganj, Mangaluru (Dakshina Kannada).",chargesheeted,Mangaluru (Dakshina Kannada),Mangaluru (Dakshina Kannada) Rural PS,"Near Joshi Ganj, Mangaluru (Dakshina Kannada)",12.9316,74.7979,Insp. Oliver Salvi,2025,2,7
KAR/MAN/2024/1582,2024-05-04,01:44:00,fraud,"Reported incident of fraud at Near Sandhu, Mangaluru (Dakshina Kannada).",chargesheeted,Mangaluru (Dakshina Kannada),Mangaluru (Dakshina Kannada) Market PS,"Near Sandhu, Mangaluru (Dakshina Kannada)",13.0078,74.896,Insp. Jeremiah Uppal,2024,5,1
KAR/MAN/2024/1583,2024-05-09,05:04:00,domestic_violence,"Reported incident of domestic violence at Near Murthy Marg, Mandya.",under_investigation,Mandya,Mandya Rural PS,"Near Murthy Marg, Mandya",12.551,76.9504,Insp. Hema Chakraborty,2024,5,5
KAR/BEN/2024/1584,2024-11-26,18:29:00,murder,"Reported incident of murder at Near Chaudhary Road, Bengaluru Urban.",open,Bengaluru Urban,Bengaluru Urban Traffic PS,"Near Chaudhary Road, Bengaluru Urban",12.9726,77.6626,Insp. Isha Krishnan,2024,11,18
KAR/BEN/2024/1585,2025-02-09,03:48:00,burglary,"Reported incident of burglary at Near Dass Road, Bengaluru Urban.",chargesheeted,Bengaluru Urban,Bengaluru Urban Central PS,"Near Dass Road, Bengaluru Urban",12.9104,77.5775,Insp. Aryan Garde,2025,2,3
KAR/BEN/2024/1586,2024-02-25,12:53:00,assault,"Reported incident of assault at Near Bumb Nagar, Bengaluru Urban.",open,Bengaluru Urban,Bengaluru Urban North PS,"Near Bumb Nagar, Bengaluru Urban",12.9525,77.5878,Insp. Wridesh Deshmukh,2024,2,12
KAR/VIJ/2024/1587,2024-03-09,03:16:00,vehicle_theft,"Reported incident of vehicle theft at Near Kulkarni Nagar, Vijayapura. Suspect vehicle noticed with plate KA-07-N-4277.",open,Vijayapura,Vijayapura Rural PS,"Near Kulkarni Nagar, Vijayapura",16.8586,75.653,Insp. Gauri Shanker,2024,3,3
KAR/BEN/2024/1588,2024-04-22,13:58:00,vehicle_theft,"Reported incident of vehicle theft at Near Borah Street, Bengaluru Rural. Suspect vehicle noticed with plate KA-23-N-1269.",under_investigation,Bengaluru Rural,Bengaluru Rural South PS,"Near Borah Street, Bengaluru Rural",13.1651,77.5839,Insp. Dayamai Wali,2024,4,13
KAR/HAS/2024/1589,2024-10-27,12:40:00,burglary,"Reported incident of burglary at Near Zachariah Chowk, Hassan.",open,Hassan,Hassan Traffic PS,"Near Zachariah Chowk, Hassan",12.9616,76.0258,Insp. Lila Char,2024,10,12
KAR/BEN/2024/1590,2024-10-12,21:24:00,vehicle_theft,"Reported incident of vehicle theft at Near Grover Nagar, Bengaluru Urban. Suspect vehicle noticed with plate KA-52-B-8567.",open,Bengaluru Urban,Bengaluru Urban South PS,"Near Grover Nagar, Bengaluru Urban",12.9815,77.5411,Insp. Eshana Choudhry,2024,10,21
KAR/SHI/2024/1591,2025-03-12,06:23:00,murder,"Reported incident of murder at Near Patel Marg, Shivamogga.",open,Shivamogga,Shivamogga Industrial PS,"Near Patel Marg, Shivamogga",13.8433,75.5928,Insp. Gauri Garg,2025,3,6
KAR/KOP/2024/1592,2024-01-03,16:20:00,vehicle_theft,"Reported incident of vehicle theft at Near Bhargava Zila, Koppal. Suspect vehicle noticed with plate KA-13-N-7965.",open,Koppal,Koppal Market PS,"Near Bhargava Zila, Koppal",15.4035,76.2526,Insp. Zayan Dasgupta,2024,1,16
KAR/VIJ/2024/1593,2024-03-26,06:17:00,burglary,"Reported incident of burglary at Near Kamdar Zila, Vijayapura.",open,Vijayapura,Vijayapura Town PS,"Near Kamdar Zila, Vijayapura",16.9291,75.7571,Insp. Maanas Chanda,2024,3,6
KAR/CHI/2024/1594,2024-12-05,22:26:00,assault,"Reported incident of assault at Near Barad Path, Chikkamagaluru.",under_investigation,Chikkamagaluru,Chikkamagaluru Suburban PS,"Near Barad Path, Chikkamagaluru",13.4116,75.8286,Insp. Damini Yogi,2024,12,22
KAR/MAN/2024/1595,2024-05-22,15:35:00,robbery,"Reported incident of robbery at Near Virk Ganj, Mandya. Suspect vehicle noticed with plate KA-32-P-7129.",under_investigation,Mandya,Mandya Traffic PS,"Near Virk Ganj, Mandya",12.5251,76.9224,Insp. Farhan Sachar,2024,5,15
KAR/BEN/2024/1596,2024-01-25,23:34:00,fraud,"Reported incident of fraud at Near Murthy Marg, Bengaluru Urban.",under_investigation,Bengaluru Urban,Bengaluru Urban Central PS,"Near Murthy Marg, Bengaluru Urban",12.9247,77.5732,Insp. Raagini Agate,2024,1,23
KAR/DAV/2024/1597,2024-05-06,18:13:00,chain_snatching,"Reported incident of chain snatching at Near Datta Path, Davangere. Suspect vehicle noticed with plate KA-41-KB-1846.",under_investigation,Davangere,Davangere Market PS,"Near Datta Path, Davangere",14.4258,75.8223,Insp. Janya Sarna,2024,5,18
KAR/BEN/2024/1598,2024-11-21,22:03:00,chain_snatching,"Reported incident of chain snatching at Near Virk Circle, Bengaluru Rural. Suspect vehicle noticed with plate KA-01-A-9034.",open,Bengaluru Rural,Bengaluru Rural North PS,"Near Virk Circle, Bengaluru Rural",13.2475,77.5076,Insp. Nirja Varughese,2024,11,22
KAR/MAN/2024/1599,2024-02-08,21:26:00,burglary,"Reported incident of burglary at Near Kumar Ganj, Mangaluru (Dakshina Kannada).",open,Mangaluru (Dakshina Kannada),Mangaluru (Dakshina Kannada) Industrial PS,"Near Kumar Ganj, Mangaluru (Dakshina Kannada)",12.8712,74.8565,Insp. Nihal Modi,2024,2,21
KAR/BEN/2024/1600,2024-10-31,18:04:00,eve_teasing,"Reported incident of eve teasing at Near Ganesan, Bengaluru Urban.",open,Bengaluru Urban,Bengaluru Urban Traffic PS,"Near Ganesan, Bengaluru Urban",12.95,77.6512,Insp. Falguni Pai,2024,10,18
KAR/BEN/2024/1601,2025-03-26,12:56:00,drug_offence,"Reported incident of drug offence at Near Minhas, Bengaluru Urban.",chargesheeted,Bengaluru Urban,Bengaluru Urban West PS,"Near Minhas, Bengaluru Urban",12.9342,77.5579,Insp. Aarav Sura,2025,3,12
KAR/BID/2024/1602,2024-07-30,23:54:00,burglary,"Reported incident of burglary at Near Vora Nagar, Bidar.",open,Bidar,Bidar Rural PS,"Near Vora Nagar, Bidar",17.9488,77.46,Insp. Nisha Mishra,2024,7,23
KAR/BEN/2024/1603,2024-04-13,02:17:00,robbery,"Reported incident of robbery at Near Ganguly Chowk, Bengaluru Urban. Suspect vehicle noticed with plate KA-09-N-2565.",open,Bengaluru Urban,Bengaluru Urban North PS,"Near Ganguly Chowk, Bengaluru Urban",12.9573,77.5792,Insp. Ganga Pant,2024,4,2
KAR/BEN/2024/1604,2024-10-02,09:11:00,assault,"Reported incident of assault at Near Sanghvi Ganj, Bengaluru Urban.",open,Bengaluru Urban,Bengaluru Urban North PS,"Near Sanghvi Ganj, Bengaluru Urban",12.9705,77.5774,Insp. Dalaja Shroff,2024,10,9
KAR/MYS/2024/1605,2025-02-19,02:03:00,vehicle_theft,"Reported incident of vehicle theft at Near Kalla Chowk, Mysuru. Suspect vehicle noticed with plate KA-53-N-2258.",under_investigation,Mysuru,Mysuru South PS,"Near Kalla Chowk, Mysuru",12.2587,76.6207,Insp. Daksha Kant,2025,2,2
KAR/BID/2024/1606,2024-12-01,16:37:00,assault,"Reported incident of assault at Near Krish Street, Bidar.",open,Bidar,Bidar Town PS,"Near Krish Street, Bidar",17.9913,77.5728,Insp. Qushi Lanka,2024,12,16
KAR/BEN/2024/1607,2024-05-07,15:27:00,fraud,"Reported incident of fraud at Near Chanda Ganj, Bengaluru Urban.",open,Bengaluru Urban,Bengaluru Urban Traffic PS,"Near Chanda Ganj, Bengaluru Urban",12.9627,77.6429,Insp. Turvi Kari,2024,5,15
KAR/BEN/2024/1608,2024-06-07,23:37:00,chain_snatching,"Reported incident of chain snatching at Near Bhatti Path, Bengaluru Urban. Suspect vehicle noticed with plate KA-55-M-7745.",open,Bengaluru Urban,Bengaluru Urban Traffic PS,"Near Bhatti Path, Bengaluru Urban",12.9475,77.6723,Insp. Raksha Sahni,2024,6,23
KAR/BEN/2024/1609,2024-04-14,01:12:00,hit_and_run,"Reported incident of hit and run at Near Chaudhuri Path, Bengaluru Urban.",open,Bengaluru Urban,Bengaluru Urban South PS,"Near Chaudhuri Path, Bengaluru Urban",12.9892,77.5472,Insp. Balvan Sami,2024,4,1
KAR/BEN/2024/1610,2025-03-27,00:27:00,domestic_violence,"Reported incident of domestic violence at Near Bala Marg, Bengaluru Urban.",under_investigation,Bengaluru Urban,Bengaluru Urban South PS,"Near Bala Marg, Bengaluru Urban",12.9621,77.5013,Insp. Aachal Rajan,2025,3,0
KAR/BEN/2024/1611,2024-11-29,02:37:00,property_crime,"Reported incident of property crime at Near Anne Path, Bengaluru Urban.",under_investigation,Bengaluru Urban,Bengaluru Urban South PS,"Near Anne Path, Bengaluru Urban",12.9718,77.5477,Insp. Advaith Murthy,2024,11,2
KAR/HAS/2024/1612,2025-01-28,15:23:00,property_crime,"Reported incident of property crime at Near Mannan Ganj, Hassan.",chargesheeted,Hassan,Hassan Traffic PS,"Near Mannan Ganj, Hassan",12.9145,76.0203,Insp. David Oak,2025,1,15
KAR/KAL/2024/1613,2025-05-16,16:09:00,eve_teasing,"Reported incident of eve teasing at Near Wali Zila, Kalaburagi.",under_investigation,Kalaburagi,Kalaburagi Rural PS,"Near Wali Zila, Kalaburagi",17.2617,76.7759,Insp. Urvi Mitter,2025,5,16
KAR/MAN/2024/1614,2024-05-11,06:01:00,robbery,"Reported incident of robbery at Near Shan Ganj, Mangaluru (Dakshina Kannada). Suspect vehicle noticed with plate KA-14-KB-7200.",open,Mangaluru (Dakshina Kannada),Mangaluru (Dakshina Kannada) Industrial PS,"Near Shan Ganj, Mangaluru (Dakshina Kannada)",12.89,74.8293,Insp. Ranveer Naidu,2024,5,6
KAR/BEN/2024/1615,2024-08-17,21:35:00,chain_snatching,"Reported incident of chain snatching at Near Nagarajan Circle, Bengaluru Urban. Suspect vehicle noticed with plate KA-41-M-1658.",under_investigation,Bengaluru Urban,Bengaluru Urban West PS,"Near Nagarajan Circle, Bengaluru Urban",12.9059,77.5705,Insp. Yachana Bhattacharyya,2024,8,21
KAR/KAL/2024/1616,2025-05-24,09:41:00,kidnapping,"Reported incident of kidnapping at Near Sinha Zila, Kalaburagi.",chargesheeted,Kalaburagi,Kalaburagi Industrial PS,"Near Sinha Zila, Kalaburagi",17.2732,76.8643,Insp. Ikbal Dhawan,2025,5,9
KAR/BEN/2024/1617,2024-09-12,05:55:00,burglary,"Reported incident of burglary at Near Sharma Chowk, Bengaluru Urban.",under_investigation,Bengaluru Urban,Bengaluru Urban North PS,"Near Sharma Chowk, Bengaluru Urban",12.9356,77.6253,Insp. Chanchal Rout,2024,9,5
KAR/KOL/2024/1618,2025-05-03,00:13:00,cybercrime,"Reported incident of cybercrime at Near Manda Path, Kolar.",open,Kolar,Kolar Rural PS,"Near Manda Path, Kolar",13.2049,78.0731,Insp. Michael Rai,2025,5,0
KAR/BEN/2024/1619,2024-03-26,06:44:00,fraud,"Reported incident of fraud at Near Kakar Ganj, Bengaluru Urban.",open,Bengaluru Urban,Bengaluru Urban Central PS,"Near Kakar Ganj, Bengaluru Urban",12.9504,77.5601,Insp. Adya Dara,2024,3,6
KAR/BEN/2024/1620,2024-12-10,11:18:00,senior_citizen_crime,"Reported incident of senior citizen crime at Near Arora Circle, Bengaluru Urban.",open,Bengaluru Urban,Bengaluru Urban West PS,"Near Arora Circle, Bengaluru Urban",12.8929,77.5844,Insp. Dhruv Natt,2024,12,11
KAR/BAL/2024/1621,2024-05-26,08:00:00,fraud,"Reported incident of fraud at Near Nori Marg, Ballari.",open,Ballari,Ballari Traffic PS,"Near Nori Marg, Ballari",15.1599,76.8657,Insp. Nathan Parsa,2024,5,8
KAR/MYS/2024/1622,2024-06-08,10:40:00,drug_offence,"Reported incident of drug offence at Near Tripathi Road, Mysuru.",under_investigation,Mysuru,Mysuru East PS,"Near Tripathi Road, Mysuru",12.2698,76.69,Insp. Matthew Murty,2024,6,10
KAR/BEN/2024/1623,2024-11-17,13:55:00,fraud,"Reported incident of fraud at Near Pingle Road, Bengaluru Urban.",open,Bengaluru Urban,Bengaluru Urban South PS,"Near Pingle Road, Bengaluru Urban",12.9835,77.4977,Insp. Sara Ratti,2024,11,13
KAR/HUB/2024/1624,2024-04-24,20:52:00,assault,"Reported incident of assault at Near Gandhi Nagar, Hubballi-Dharwad.",open,Hubballi-Dharwad,Hubballi-Dharwad Town PS,"Near Gandhi Nagar, Hubballi-Dharwad",15.3712,75.1481,Insp. Abhiram Banik,2024,4,20
KAR/BEN/2024/1625,2025-02-09,02:31:00,cybercrime,"Reported incident of cybercrime at Near Nayar, Bengaluru Urban.",under_investigation,Bengaluru Urban,Bengaluru Urban Traffic PS,"Near Nayar, Bengaluru Urban",12.9805,77.6421,Insp. Chandran Sridhar,2025,2,2
KAR/KOP/2024/1626,2024-12-07,01:41:00,vehicle_theft,"Reported incident of vehicle theft at Near Raman Road, Koppal. Suspect vehicle noticed with plate KA-04-KB-7691.",open,Koppal,Koppal Industrial PS,"Near Raman Road, Koppal",15.3373,76.1927,Insp. Aarush Chopra,2024,12,1
KAR/KAL/2024/1627,2024-11-20,11:13:00,chain_snatching,"Reported incident of chain snatching at Near Chopra, Kalaburagi. Suspect vehicle noticed with plate KA-19-B-6662.",open,Kalaburagi,Kalaburagi Traffic PS,"Near Chopra, Kalaburagi",17.3348,76.8055,Insp. Hemal Ramachandran,2024,11,11
KAR/TUM/2024/1628,2024-01-01,15:42:00,fraud,"Reported incident of fraud at Near Tata Chowk, Tumakuru.",open,Tumakuru,Tumakuru Market PS,"Near Tata Chowk, Tumakuru",13.3513,77.1114,Insp. Amaira Kumer,2024,1,15
KAR/MYS/2024/1629,2024-11-06,15:49:00,vehicle_theft,"Reported incident of vehicle theft at Near Zachariah Road, Mysuru. Suspect vehicle noticed with plate KA-35-KA-9934.",open,Mysuru,Mysuru South PS,"Near Zachariah Road, Mysuru",12.2296,76.6175,Insp. Kiaan Bhargava,2024,11,15
KAR/BEN/2024/1630,2024-04-22,22:12:00,cybercrime,"Reported incident of cybercrime at Near Char Chowk, Bengaluru Urban.",open,Bengaluru Urban,Bengaluru Urban North PS,"Near Char Chowk, Bengaluru Urban",12.9245,77.6163,Insp. Lopa Mital,2024,4,22
KAR/DAV/2024/1631,2024-11-12,02:25:00,vehicle_theft,"Reported incident of vehicle theft at Near Kumar Circle, Davangere. Suspect vehicle noticed with plate KA-36-KB-8478.",open,Davangere,Davangere Market PS,"Near Kumar Circle, Davangere",14.4598,75.8296,Insp. Kiaan Sur,2024,11,2
KAR/TUM/2024/1632,2024-10-29,22:55:00,cybercrime,"Reported incident of cybercrime at Near Jhaveri Marg, Tumakuru.",under_investigation,Tumakuru,Tumakuru Rural PS,"Near Jhaveri Marg, Tumakuru",13.3383,77.1091,Insp. Yauvani Bath,2024,10,22
KAR/MAN/2024/1633,2024-10-05,07:06:00,eve_teasing,"Reported incident of eve teasing at Near Dutt Chowk, Mandya.",under_investigation,Mandya,Mandya Industrial PS,"Near Dutt Chowk, Mandya",12.5097,76.9539,Insp. Lavanya Murthy,2024,10,7
KAR/BEN/2024/1634,2024-05-22,03:23:00,vehicle_theft,"Reported incident of vehicle theft at Near Loyal Nagar, Bengaluru Rural. Suspect vehicle noticed with plate KA-25-N-6791.",closed,Bengaluru Rural,Bengaluru Rural South PS,"Near Loyal Nagar, Bengaluru Rural",13.1545,77.6075,Insp. Maya Bose,2024,5,3
KAR/KOP/2024/1635,2024-11-20,19:24:00,chain_snatching,"Reported incident of chain snatching at Near Morar Nagar, Koppal. Suspect vehicle noticed with plate KA-05-A-7361.",closed,Koppal,Koppal Traffic PS,"Near Morar Nagar, Koppal",15.3795,76.1971,Insp. Ronith Walla,2024,11,19
KAR/SHI/2024/1636,2024-10-09,04:23:00,fraud,"Reported incident of fraud at Near Bhatnagar, Shivamogga.",under_investigation,Shivamogga,Shivamogga Rural PS,"Near Bhatnagar, Shivamogga",13.8791,75.5423,Insp. Tejas Pau,2024,10,4
KAR/BEN/2024/1637,2024-10-20,07:36:00,cybercrime,"Reported incident of cybercrime at Near Shukla Nagar, Bengaluru Urban.",open,Bengaluru Urban,Bengaluru Urban West PS,"Near Shukla Nagar, Bengaluru Urban",12.9263,77.5805,Insp. Yasti Keer,2024,10,7
KAR/BEN/2024/1638,2024-11-30,02:20:00,robbery,"Reported incident of robbery at Near Balasubramanian Path, Bengaluru Urban. Suspect vehicle noticed with plate KA-26-KA-3510.",chargesheeted,Bengaluru Urban,Bengaluru Urban East PS,"Near Balasubramanian Path, Bengaluru Urban",13.0517,77.5765,Insp. Benjamin Sachar,2024,11,2
KAR/BEN/2024/1639,2024-04-30,05:21:00,hit_and_run,"Reported incident of hit and run at Near Kumer Chowk, Bengaluru Urban.",under_investigation,Bengaluru Urban,Bengaluru Urban Central PS,"Near Kumer Chowk, Bengaluru Urban",12.9185,77.5772,Insp. Frederick Rai,2024,4,5
KAR/BEN/2024/1640,2024-01-30,14:05:00,hit_and_run,"Reported incident of hit and run at Near Singhal Nagar, Bengaluru Urban.",chargesheeted,Bengaluru Urban,Bengaluru Urban East PS,"Near Singhal Nagar, Bengaluru Urban",13.0467,77.5919,Insp. Umang Warrior,2024,1,14
KAR/VIJ/2024/1641,2024-07-15,07:19:00,burglary,"Reported incident of burglary at Near Dhar Circle, Vijayapura.",open,Vijayapura,Vijayapura Industrial PS,"Near Dhar Circle, Vijayapura",16.798,75.7251,Insp. Aashi Sridhar,2024,7,7
KAR/MAN/2024/1642,2025-05-29,01:40:00,property_crime,"Reported incident of property crime at Near Malhotra, Mandya.",under_investigation,Mandya,Mandya Industrial PS,"Near Malhotra, Mandya",12.5498,76.9384,Insp. Rachit Dara,2025,5,1
KAR/MAN/2024/1643,2024-02-07,08:05:00,eve_teasing,"Reported incident of eve teasing at Near Lad Road, Mandya.",closed,Mandya,Mandya Traffic PS,"Near Lad Road, Mandya",12.5557,76.9036,Insp. Madhavi Goyal,2024,2,8
KAR/RAI/2024/1644,2024-01-17,03:07:00,vehicle_theft,"Reported incident of vehicle theft at Near Nagarajan Street, Raichur. Suspect vehicle noticed with plate KA-10-N-4229.",under_investigation,Raichur,Raichur Rural PS,"Near Nagarajan Street, Raichur",16.1654,77.2683,Insp. Anusha Chand,2024,1,3
KAR/BID/2024/1645,2025-05-30,21:46:00,eve_teasing,"Reported incident of eve teasing at Near Kala Nagar, Bidar.",under_investigation,Bidar,Bidar Town PS,"Near Kala Nagar, Bidar",18.0098,77.5451,Insp. Ishita Choudhry,2025,5,21
KAR/BEL/2024/1646,2024-12-25,19:39:00,assault,"Reported incident of assault at Near Ahluwalia, Belagavi.",under_investigation,Belagavi,Belagavi Rural PS,"Near Ahluwalia, Belagavi",15.8381,74.5213,Insp. Advaith Bala,2024,12,19
KAR/VIJ/2024/1647,2024-12-15,21:48:00,vehicle_theft,"Reported incident of vehicle theft at Near Kala Circle, Vijayapura. Suspect vehicle noticed with plate KA-34-N-5711.",open,Vijayapura,Vijayapura Town PS,"Near Kala Circle, Vijayapura",16.9279,75.7731,Insp. Falan Naidu,2024,12,21
KAR/TUM/2024/1648,2024-04-16,09:34:00,drug_offence,"Reported incident of drug offence at Near Srivastava Street, Tumakuru.",under_investigation,Tumakuru,Tumakuru Suburban PS,"Near Srivastava Street, Tumakuru",13.3089,77.0887,Insp. Zinal Kala,2024,4,9
KAR/BID/2024/1649,2024-06-11,22:03:00,robbery,"Reported incident of robbery at Near Merchant Street, Bidar. Suspect vehicle noticed with plate KA-31-KB-8258.",under_investigation,Bidar,Bidar Traffic PS,"Near Merchant Street, Bidar",17.9006,77.4385,Insp. Chakrika Minhas,2024,6,22
KAR/BEN/2024/1650,2025-03-18,15:15:00,fraud,"Reported incident of fraud at Near Wali Chowk, Bengaluru Urban.",chargesheeted,Bengaluru Urban,Bengaluru Urban Traffic PS,"Near Wali Chowk, Bengaluru Urban",12.9657,77.673,Insp. Shivansh Varghese,2025,3,15
KAR/CHI/2024/1651,2025-05-26,02:59:00,hit_and_run,"Reported incident of hit and run at Near Lalla Road, Chikkamagaluru.",open,Chikkamagaluru,Chikkamagaluru Town PS,"Near Lalla Road, Chikkamagaluru",13.3854,75.8207,Insp. Utkarsh Kala,2025,5,2
KAR/HAS/2024/1652,2024-03-13,03:02:00,property_crime,"Reported incident of property crime at Near Brahmbhatt Zila, Hassan.",under_investigation,Hassan,Hassan Town PS,"Near Brahmbhatt Zila, Hassan",13.0037,76.0322,Insp. Maanas Swamy,2024,3,3
KAR/SHI/2024/1653,2024-10-10,01:03:00,fraud,"Reported incident of fraud at Near Choudhury Ganj, Shivamogga.",closed,Shivamogga,Shivamogga Market PS,"Near Choudhury Ganj, Shivamogga",13.9081,75.5706,Insp. Jai Pradhan,2024,10,1
KAR/DAV/2024/1654,2024-02-21,11:52:00,chain_snatching,"Reported incident of chain snatching at Near Dugar Path, Davangere. Suspect vehicle noticed with plate KA-25-KA-6128.",open,Davangere,Davangere Traffic PS,"Near Dugar Path, Davangere",14.4655,75.9514,Insp. Anamika Kaul,2024,2,11
KAR/BEN/2024/1655,2025-02-10,11:28:00,eve_teasing,"Reported incident of eve teasing at Near Bandi Street, Bengaluru Urban.",under_investigation,Bengaluru Urban,Bengaluru Urban West PS,"Near Bandi Street, Bengaluru Urban",12.8902,77.5729,Insp. Aishani Borah,2025,2,11
KAR/BEN/2024/1656,2024-08-30,14:16:00,assault,"Reported incident of assault at Near Ahuja Street, Bengaluru Urban.",open,Bengaluru Urban,Bengaluru Urban Central PS,"Near Ahuja Street, Bengaluru Urban",12.9564,77.5735,Insp. Brijesh Dhar,2024,8,14
KAR/TUM/2024/1657,2024-10-09,15:31:00,vehicle_theft,"Reported incident of vehicle theft at Near Pillai Chowk, Tumakuru. Suspect vehicle noticed with plate KA-21-KB-6155.",open,Tumakuru,Tumakuru Rural PS,"Near Pillai Chowk, Tumakuru",13.2996,77.1218,Insp. Isha Basak,2024,10,15
KAR/BEN/2024/1658,2024-10-18,02:42:00,vehicle_theft,"Reported incident of vehicle theft at Near Luthra Marg, Bengaluru Urban. Suspect vehicle noticed with plate KA-22-A-5097.",open,Bengaluru Urban,Bengaluru Urban East PS,"Near Luthra Marg, Bengaluru Urban",13.0205,77.615,Insp. Dev Guha,2024,10,2
KAR/KOL/2024/1659,2024-10-01,11:32:00,vehicle_theft,"Reported incident of vehicle theft at Near Thaker Road, Kolar. Suspect vehicle noticed with plate KA-09-A-8392.",open,Kolar,Kolar Rural PS,"Near Thaker Road, Kolar",13.188,78.0978,Insp. Harish Comar,2024,10,11
KAR/BEN/2024/1660,2024-11-19,09:43:00,vehicle_theft,"Reported incident of vehicle theft at Near Sha Zila, Bengaluru Urban. Suspect vehicle noticed with plate KA-19-KB-5129.",under_investigation,Bengaluru Urban,Bengaluru Urban Traffic PS,"Near Sha Zila, Bengaluru Urban",12.945,77.6763,Insp. Amol Mallick,2024,11,9
KAR/KAL/2024/1661,2025-01-15,07:47:00,cybercrime,"Reported incident of cybercrime at Near Patla Street, Kalaburagi.",open,Kalaburagi,Kalaburagi Town PS,"Near Patla Street, Kalaburagi",17.2471,76.8191,Insp. Widisha Choudhary,2025,1,7
KAR/MYS/2024/1662,2025-02-03,11:07:00,hit_and_run,"Reported incident of hit and run at Near Naik Zila, Mysuru.",closed,Mysuru,Mysuru Central PS,"Near Naik Zila, Mysuru",12.2474,76.7297,Insp. Tanvi Murthy,2025,2,11
KAR/BEN/2024/1663,2024-08-13,21:52:00,vehicle_theft,"Reported incident of vehicle theft at Near Koshy Chowk, Bengaluru Urban. Suspect vehicle noticed with plate KA-38-N-6878.",closed,Bengaluru Urban,Bengaluru Urban East PS,"Near Koshy Chowk, Bengaluru Urban",13.0433,77.6185,Insp. Ayushman Swamy,2024,8,21
KAR/MYS/2024/1664,2024-10-08,17:53:00,vehicle_theft,"Reported incident of vehicle theft at Near Chanda Nagar, Mysuru. Suspect vehicle noticed with plate KA-17-KA-9177.",open,Mysuru,Mysuru West PS,"Near Chanda Nagar, Mysuru",12.3515,76.5888,Insp. Yashawini Goyal,2024,10,17
KAR/BAL/2024/1665,2024-01-19,08:45:00,fraud,"Reported incident of fraud at Near Sur, Ballari.",open,Ballari,Ballari Industrial PS,"Near Sur, Ballari",15.1213,76.9521,Insp. Michael Divan,2024,1,8
KAR/KOL/2024/1666,2024-10-18,22:54:00,vehicle_theft,"Reported incident of vehicle theft at Near Koshy Road, Kolar. Suspect vehicle noticed with plate KA-05-M-1409.",chargesheeted,Kolar,Kolar Industrial PS,"Near Koshy Road, Kolar",13.1577,78.1638,Insp. Ekiya Kade,2024,10,22
KAR/BEN/2024/1667,2024-09-15,10:47:00,assault,"Reported incident of assault at Near Vyas Road, Bengaluru Urban.",open,Bengaluru Urban,Bengaluru Urban Central PS,"Near Vyas Road, Bengaluru Urban",12.9425,77.5562,Insp. Triya Shetty,2024,9,10
KAR/BEN/2024/1668,2024-07-12,06:18:00,assault,"Reported incident of assault at Near Shere Circle, Bengaluru Rural.",chargesheeted,Bengaluru Rural,Bengaluru Rural East PS,"Near Shere Circle, Bengaluru Rural",13.2569,77.5104,Insp. Advaith Karan,2024,7,6
KAR/KOP/2024/1669,2025-04-12,00:14:00,burglary,"Reported incident of burglary at Near Malhotra Circle, Koppal.",open,Koppal,Koppal Market PS,"Near Malhotra Circle, Koppal",15.3471,76.2591,Insp. Matthew Dora,2025,4,0
KAR/UDU/2024/1670,2024-02-07,12:20:00,vehicle_theft,"Reported incident of vehicle theft at Near Das Zila, Udupi. Suspect vehicle noticed with plate KA-14-A-9089.",open,Udupi,Udupi Traffic PS,"Near Das Zila, Udupi",13.4033,74.7055,Insp. Devika Kar,2024,2,12
KAR/BEN/2024/1671,2024-01-10,17:22:00,assault,"Reported incident of assault at Near Ravel Marg, Bengaluru Urban.",open,Bengaluru Urban,Bengaluru Urban Central PS,"Near Ravel Marg, Bengaluru Urban",12.9085,77.5596,Insp. Ayush Bahl,2024,1,17
KAR/BEN/2024/1672,2025-03-31,18:36:00,eve_teasing,"Reported incident of eve teasing at Near Jain Street, Bengaluru Urban.",open,Bengaluru Urban,Bengaluru Urban North PS,"Near Jain Street, Bengaluru Urban",12.9526,77.5826,Insp. Banjeet Mann,2025,3,18
KAR/MYS/2024/1673,2025-02-28,07:10:00,cybercrime,"Reported incident of cybercrime at Near Kar Path, Mysuru.",open,Mysuru,Mysuru East PS,"Near Kar Path, Mysuru",12.2751,76.6757,Insp. Nilima Sibal,2025,2,7
KAR/BEN/2024/1674,2025-04-28,12:47:00,drug_offence,"Reported incident of drug offence at Near Chandran Nagar, Bengaluru Urban.",under_investigation,Bengaluru Urban,Bengaluru Urban West PS,"Near Chandran Nagar, Bengaluru Urban",12.9235,77.5755,Insp. Vedhika Kota,2025,4,12
KAR/BEN/2024/1675,2025-04-09,14:26:00,burglary,"Reported incident of burglary at Near Ramaswamy Nagar, Bengaluru Rural.",under_investigation,Bengaluru Rural,Bengaluru Rural Traffic PS,"Near Ramaswamy Nagar, Bengaluru Rural",13.2846,77.5159,Insp. Manthan Pant,2025,4,14
KAR/BEN/2024/1676,2024-10-20,00:35:00,chain_snatching,"Reported incident of chain snatching at Near More Path, Bengaluru Urban. Suspect vehicle noticed with plate KA-29-B-2668.",open,Bengaluru Urban,Bengaluru Urban West PS,"Near More Path, Bengaluru Urban",12.8903,77.5396,Insp. Krishna Rege,2024,10,0
KAR/BEN/2024/1677,2024-08-01,06:18:00,fraud,"Reported incident of fraud at Near Jayaraman Street, Bengaluru Urban.",chargesheeted,Bengaluru Urban,Bengaluru Urban Central PS,"Near Jayaraman Street, Bengaluru Urban",12.9553,77.6029,Insp. Nirja Nayak,2024,8,6
KAR/DAV/2024/1678,2024-02-18,17:42:00,chain_snatching,"Reported incident of chain snatching at Near Bhatt Zila, Davangere. Suspect vehicle noticed with plate KA-06-A-8825.",under_investigation,Davangere,Davangere Market PS,"Near Bhatt Zila, Davangere",14.4225,75.8193,Insp. Harini Nagi,2024,2,17
KAR/BEN/2024/1679,2024-05-18,00:45:00,chain_snatching,"Reported incident of chain snatching at Near Lata, Bengaluru Urban. Suspect vehicle noticed with plate KA-13-M-9952.",chargesheeted,Bengaluru Urban,Bengaluru Urban Central PS,"Near Lata, Bengaluru Urban",12.914,77.5736,Insp. Rachita Kalita,2024,5,0
KAR/CHI/2024/1680,2025-01-15,03:30:00,fraud,"Reported incident of fraud at Near Gole Chowk, Chikkamagaluru.",open,Chikkamagaluru,Chikkamagaluru Traffic PS,"Near Gole Chowk, Chikkamagaluru",13.3547,75.6944,Insp. Udant Comar,2025,1,3
KAR/SHI/2024/1681,2024-04-01,12:55:00,burglary,"Reported incident of burglary at Near Chana Chowk, Shivamogga.",open,Shivamogga,Shivamogga Town PS,"Near Chana Chowk, Shivamogga",14.0142,75.6334,Insp. Jacob Badami,2024,4,12
KAR/BEN/2024/1682,2024-11-06,15:05:00,chain_snatching,"Reported incident of chain snatching at Near Nayar Marg, Bengaluru Urban. Suspect vehicle noticed with plate KA-05-N-9265.",open,Bengaluru Urban,Bengaluru Urban South PS,"Near Nayar Marg, Bengaluru Urban",12.9974,77.5295,Insp. Kritika Peri,2024,11,15
KAR/CHI/2024/1683,2024-01-31,20:49:00,cybercrime,"Reported incident of cybercrime at Near Oza, Chikkamagaluru.",under_investigation,Chikkamagaluru,Chikkamagaluru Industrial PS,"Near Oza, Chikkamagaluru",13.3118,75.8151,Insp. Divya Sarraf,2024,1,20
KAR/UDU/2024/1684,2024-03-14,07:32:00,vehicle_theft,"Reported incident of vehicle theft at Near Mani Marg, Udupi. Suspect vehicle noticed with plate KA-36-B-6394.",under_investigation,Udupi,Udupi Industrial PS,"Near Mani Marg, Udupi",13.3067,74.7612,Insp. Jeet Gupta,2024,3,7
KAR/KOL/2024/1685,2024-12-18,12:34:00,vehicle_theft,"Reported incident of vehicle theft at Near Sem Marg, Kolar. Suspect vehicle noticed with plate KA-41-P-4138.",under_investigation,Kolar,Kolar Market PS,"Near Sem Marg, Kolar",13.2105,78.2322,Insp. Parth Tank,2024,12,12
KAR/HUB/2024/1686,2024-02-06,01:20:00,drug_offence,"Reported incident of drug offence at Near Patla Circle, Hubballi-Dharwad.",open,Hubballi-Dharwad,Hubballi-Dharwad Suburban PS,"Near Patla Circle, Hubballi-Dharwad",15.3709,75.1243,Insp. Nitesh Subramanian,2024,2,1
KAR/BAL/2024/1687,2025-03-11,19:10:00,fraud,"Reported incident of fraud at Near Kala Ganj, Ballari.",open,Ballari,Ballari Town PS,"Near Kala Ganj, Ballari",15.125,76.9795,Insp. Nirja More,2025,3,19
KAR/BEN/2024/1688,2024-04-24,18:25:00,eve_teasing,"Reported incident of eve teasing at Near Pingle Nagar, Bengaluru Urban.",closed,Bengaluru Urban,Bengaluru Urban East PS,"Near Pingle Nagar, Bengaluru Urban",13.0753,77.566,Insp. Vansha Tandon,2024,4,18
KAR/BEN/2024/1689,2024-12-14,14:35:00,hit_and_run,"Reported incident of hit and run at Near Balasubramanian Street, Bengaluru Rural.",open,Bengaluru Rural,Bengaluru Rural North PS,"Near Balasubramanian Street, Bengaluru Rural",13.2596,77.5433,Insp. Atharv Memon,2024,12,14
KAR/BEN/2024/1690,2024-03-20,15:01:00,domestic_violence,"Reported incident of domestic violence at Near Sachdeva Nagar, Bengaluru Urban.",open,Bengaluru Urban,Bengaluru Urban West PS,"Near Sachdeva Nagar, Bengaluru Urban",12.9355,77.5793,Insp. Nilima Bawa,2024,3,15
KAR/BEN/2024/1691,2025-05-20,18:47:00,vehicle_theft,"Reported incident of vehicle theft at Near Krishnan Path, Bengaluru Urban. Suspect vehicle noticed with plate KA-44-M-9007.",chargesheeted,Bengaluru Urban,Bengaluru Urban West PS,"Near Krishnan Path, Bengaluru Urban",12.9012,77.5674,Insp. Zansi Vohra,2025,5,18
KAR/RAI/2024/1692,2024-11-13,23:40:00,chain_snatching,"Reported incident of chain snatching at Near Aurora Nagar, Raichur. Suspect vehicle noticed with plate KA-20-M-6231.",chargesheeted,Raichur,Raichur Market PS,"Near Aurora Nagar, Raichur",16.1623,77.3215,Insp. Falak Jaggi,2024,11,23
KAR/BEL/2024/1693,2025-03-05,09:52:00,vehicle_theft,"Reported incident of vehicle theft at Near Oommen Nagar, Belagavi. Suspect vehicle noticed with plate KA-05-KB-6366.",under_investigation,Belagavi,Belagavi Town PS,"Near Oommen Nagar, Belagavi",15.8551,74.5512,Insp. Neelima Sharma,2025,3,9
KAR/HAS/2024/1694,2024-04-07,16:04:00,chain_snatching,"Reported incident of chain snatching at Near Chander, Hassan. Suspect vehicle noticed with plate KA-46-KA-3832.",under_investigation,Hassan,Hassan Market PS,"Near Chander, Hassan",13.0277,76.0978,Insp. Hema Krishnamurthy,2024,4,16
KAR/KOL/2024/1695,2024-06-01,04:48:00,burglary,"Reported incident of burglary at Near Bhatt Nagar, Kolar.",open,Kolar,Kolar Market PS,"Near Bhatt Nagar, Kolar",13.1824,78.1982,Insp. Chandran Pandey,2024,6,4
KAR/BEN/2024/1696,2024-03-04,22:00:00,cybercrime,"Reported incident of cybercrime at Near Sinha Marg, Bengaluru Rural.",under_investigation,Bengaluru Rural,Bengaluru Rural North PS,"Near Sinha Marg, Bengaluru Rural",13.257,77.511,Insp. Wridesh Shah,2024,3,22
KAR/KAL/2024/1697,2024-10-08,11:29:00,vehicle_theft,"Reported incident of vehicle theft at Near Rau, Kalaburagi. Suspect vehicle noticed with plate KA-40-KB-9325.",chargesheeted,Kalaburagi,Kalaburagi Town PS,"Near Rau, Kalaburagi",17.2513,76.8269,Insp. Victor Sastry,2024,10,11
KAR/TUM/2024/1698,2024-04-08,19:58:00,property_crime,"Reported incident of property crime at Near Shere, Tumakuru.",open,Tumakuru,Tumakuru Industrial PS,"Near Shere, Tumakuru",13.3139,77.0757,Insp. Tanmayi Suresh,2024,4,19
KAR/SHI/2024/1699,2024-12-17,15:36:00,vehicle_theft,"Reported incident of vehicle theft at Near Vala Nagar, Shivamogga. Suspect vehicle noticed with plate KA-41-A-7957.",under_investigation,Shivamogga,Shivamogga Rural PS,"Near Vala Nagar, Shivamogga",13.8692,75.5215,Insp. Janaki Chatterjee,2024,12,15
KAR/UDU/2024/1700,2024-07-12,16:53:00,burglary,"Reported incident of burglary at Near Sethi, Udupi.",under_investigation,Udupi,Udupi Industrial PS,"Near Sethi, Udupi",13.3268,74.7496,Insp. Charan Chandran,2024,7,16
KAR/KOP/2024/1701,2025-02-24,07:14:00,assault,"Reported incident of assault at Near Anne Circle, Koppal.",open,Koppal,Koppal Traffic PS,"Near Anne Circle, Koppal",15.3617,76.1879,Insp. Samar Gaba,2025,2,7
KAR/BEN/2024/1702,2024-10-09,15:22:00,chain_snatching,"Reported incident of chain snatching at Near Kuruvilla Path, Bengaluru Rural. Suspect vehicle noticed with plate KA-29-A-7871.",under_investigation,Bengaluru Rural,Bengaluru Rural North PS,"Near Kuruvilla Path, Bengaluru Rural",13.2339,77.5229,Insp. Ranbir Sandal,2024,10,15
KAR/UDU/2024/1703,2024-09-14,20:49:00,vehicle_theft,"Reported incident of vehicle theft at Near Kumer Zila, Udupi. Suspect vehicle noticed with plate KA-16-B-7914.",under_investigation,Udupi,Udupi Market PS,"Near Kumer Zila, Udupi",13.3972,74.6484,Insp. Faqid Chandran,2024,9,20
KAR/BEN/2024/1704,2025-03-29,05:53:00,vehicle_theft,"Reported incident of vehicle theft at Near Nazareth Marg, Bengaluru Urban. Suspect vehicle noticed with plate KA-02-KA-1625.",under_investigation,Bengaluru Urban,Bengaluru Urban Traffic PS,"Near Nazareth Marg, Bengaluru Urban",12.9804,77.6312,Insp. Aarini Pandit,2025,3,5
KAR/BEN/2024/1705,2025-01-28,21:07:00,eve_teasing,"Reported incident of eve teasing at Near Upadhyay Street, Bengaluru Urban.",open,Bengaluru Urban,Bengaluru Urban Traffic PS,"Near Upadhyay Street, Bengaluru Urban",12.9558,77.6856,Insp. Advik Goyal,2025,1,21
KAR/BAL/2024/1706,2024-03-23,08:09:00,kidnapping,"Reported incident of kidnapping at Near Sarkar Road, Ballari.",open,Ballari,Ballari Suburban PS,"Near Sarkar Road, Ballari",15.1858,76.9549,Insp. Samar Ramesh,2024,3,8
KAR/MYS/2024/1707,2025-01-18,05:54:00,chain_snatching,"Reported incident of chain snatching at Near Gulati Nagar, Mysuru. Suspect vehicle noticed with plate KA-37-B-1923.",open,Mysuru,Mysuru Traffic PS,"Near Gulati Nagar, Mysuru",12.3443,76.6115,Insp. Kashish Vyas,2025,1,5
KAR/HUB/2024/1708,2024-01-13,13:57:00,burglary,"Reported incident of burglary at Near Majumdar Ganj, Hubballi-Dharwad.",under_investigation,Hubballi-Dharwad,Hubballi-Dharwad Town PS,"Near Majumdar Ganj, Hubballi-Dharwad",15.393,75.1466,Insp. Bhavini Bhat,2024,1,13
KAR/BEN/2024/1709,2025-03-24,03:15:00,cybercrime,"Reported incident of cybercrime at Near Panchal Road, Bengaluru Urban.",open,Bengaluru Urban,Bengaluru Urban West PS,"Near Panchal Road, Bengaluru Urban",12.8981,77.5848,Insp. Vidhi Mall,2025,3,3
KAR/CHI/2024/1710,2025-06-01,10:20:00,chain_snatching,"Reported incident of chain snatching at Near Chandra Nagar, Chikkamagaluru. Suspect vehicle noticed with plate KA-52-KA-9534.",under_investigation,Chikkamagaluru,Chikkamagaluru Industrial PS,"Near Chandra Nagar, Chikkamagaluru",13.3098,75.791,Insp. Isaiah Krishnan,2025,6,10
KAR/MAN/2024/1711,2024-10-08,00:20:00,vehicle_theft,"Reported incident of vehicle theft at Near Shanker Path, Mandya. Suspect vehicle noticed with plate KA-40-P-4856.",open,Mandya,Mandya Traffic PS,"Near Shanker Path, Mandya",12.5642,76.8987,Insp. Lopa Chada,2024,10,0
KAR/KOP/2024/1712,2024-04-02,13:45:00,property_crime,"Reported incident of property crime at Near Hayer Circle, Koppal.",open,Koppal,Koppal Market PS,"Near Hayer Circle, Koppal",15.379,76.2594,Insp. Kamya Apte,2024,4,13
KAR/BEN/2024/1713,2024-08-07,07:17:00,chain_snatching,"Reported incident of chain snatching at Near Mohanty, Bengaluru Urban. Suspect vehicle noticed with plate KA-08-A-8543.",under_investigation,Bengaluru Urban,Bengaluru Urban Traffic PS,"Near Mohanty, Bengaluru Urban",12.986,77.6613,Insp. Chavvi Wable,2024,8,7
KAR/KOP/2024/1714,2024-02-13,15:45:00,cybercrime,"Reported incident of cybercrime at Near Narayan Circle, Koppal.",open,Koppal,Koppal Suburban PS,"Near Narayan Circle, Koppal",15.3722,76.2468,Insp. Om Puri,2024,2,15
KAR/BAL/2024/1715,2025-05-15,12:27:00,vehicle_theft,"Reported incident of vehicle theft at Near Sidhu Path, Ballari. Suspect vehicle noticed with plate KA-07-P-6184.",open,Ballari,Ballari Traffic PS,"Near Sidhu Path, Ballari",15.1733,76.836,Insp. Lucky Kuruvilla,2025,5,12
KAR/MYS/2024/1716,2024-12-04,12:07:00,burglary,"Reported incident of burglary at Near Shanker Road, Mysuru.",under_investigation,Mysuru,Mysuru Traffic PS,"Near Shanker Road, Mysuru",12.3354,76.6094,Insp. Abeer Dugal,2024,12,12
KAR/BEN/2024/1717,2024-09-15,12:13:00,assault,"Reported incident of assault at Near Barad Path, Bengaluru Urban.",under_investigation,Bengaluru Urban,Bengaluru Urban North PS,"Near Barad Path, Bengaluru Urban",12.9274,77.6118,Insp. Jairaj Bahri,2024,9,12
KAR/MAN/2024/1718,2024-04-22,11:17:00,fraud,"Reported incident of fraud at Near Kala Chowk, Mangaluru (Dakshina Kannada).",under_investigation,Mangaluru (Dakshina Kannada),Mangaluru (Dakshina Kannada) Market PS,"Near Kala Chowk, Mangaluru (Dakshina Kannada)",13.0181,74.8986,Insp. Arunima Chanda,2024,4,11
KAR/KOL/2024/1719,2024-11-04,06:04:00,fraud,"Reported incident of fraud at Near Pradhan Ganj, Kolar.",closed,Kolar,Kolar Industrial PS,"Near Pradhan Ganj, Kolar",13.1487,78.201,Insp. Bhavika Bera,2024,11,6
KAR/TUM/2024/1720,2024-12-12,11:08:00,robbery,"Reported incident of robbery at Near Cherian Nagar, Tumakuru. Suspect vehicle noticed with plate KA-36-N-8085.",under_investigation,Tumakuru,Tumakuru Industrial PS,"Near Cherian Nagar, Tumakuru",13.3137,77.0761,Insp. Nidra Bala,2024,12,11
KAR/TUM/2024/1721,2024-06-29,12:49:00,burglary,"Reported incident of burglary at Near Anne Marg, Tumakuru.",open,Tumakuru,Tumakuru Suburban PS,"Near Anne Marg, Tumakuru",13.3334,77.1114,Insp. Azaan Prakash,2024,6,12
KAR/HUB/2024/1722,2024-06-15,17:22:00,cybercrime,"Reported incident of cybercrime at Near Kapoor Zila, Hubballi-Dharwad.",under_investigation,Hubballi-Dharwad,Hubballi-Dharwad Industrial PS,"Near Kapoor Zila, Hubballi-Dharwad",15.452,75.027,Insp. Bhavani Lalla,2024,6,17
KAR/BEL/2024/1723,2025-02-10,22:06:00,cybercrime,"Reported incident of cybercrime at Near Khalsa Ganj, Belagavi.",under_investigation,Belagavi,Belagavi Rural PS,"Near Khalsa Ganj, Belagavi",15.8449,74.5113,Insp. Jonathan Randhawa,2025,2,22
KAR/MAN/2024/1724,2024-01-19,21:00:00,chain_snatching,"Reported incident of chain snatching at Near Minhas Nagar, Mangaluru (Dakshina Kannada). Suspect vehicle noticed with plate KA-26-KA-2621.",under_investigation,Mangaluru (Dakshina Kannada),Mangaluru (Dakshina Kannada) Market PS,"Near Minhas Nagar, Mangaluru (Dakshina Kannada)",12.984,74.8998,Insp. Advika Kara,2024,1,21
KAR/BEN/2024/1725,2024-04-12,18:45:00,robbery,"Reported incident of robbery at Near Lal Chowk, Bengaluru Urban. Suspect vehicle noticed with plate KA-38-KA-6146.",open,Bengaluru Urban,Bengaluru Urban North PS,"Near Lal Chowk, Bengaluru Urban",12.9371,77.6089,Insp. Chameli Dhawan,2024,4,18
KAR/BID/2024/1726,2024-11-30,08:25:00,burglary,"Reported incident of burglary at Near Dhingra Circle, Bidar.",open,Bidar,Bidar Town PS,"Near Dhingra Circle, Bidar",17.9683,77.5502,Insp. Dhruv Thakkar,2024,11,8
KAR/TUM/2024/1727,2025-01-08,06:59:00,eve_teasing,"Reported incident of eve teasing at Near Rattan Ganj, Tumakuru.",under_investigation,Tumakuru,Tumakuru Market PS,"Near Rattan Ganj, Tumakuru",13.3252,77.1095,Insp. Wazir Chakrabarti,2025,1,6
KAR/BEN/2024/1728,2024-09-05,01:52:00,eve_teasing,"Reported incident of eve teasing at Near Dua, Bengaluru Urban.",chargesheeted,Bengaluru Urban,Bengaluru Urban Central PS,"Near Dua, Bengaluru Urban",12.9378,77.5784,Insp. Alka Shenoy,2024,9,1
KAR/BEN/2024/1729,2024-03-11,06:05:00,vehicle_theft,"Reported incident of vehicle theft at Near Bains Circle, Bengaluru Urban. Suspect vehicle noticed with plate KA-51-M-3374.",open,Bengaluru Urban,Bengaluru Urban Traffic PS,"Near Bains Circle, Bengaluru Urban",12.9947,77.6344,Insp. Isha Jain,2024,3,6
KAR/KAL/2024/1730,2024-10-04,23:23:00,chain_snatching,"Reported incident of chain snatching at Near Bandi Circle, Kalaburagi. Suspect vehicle noticed with plate KA-15-A-2511.",chargesheeted,Kalaburagi,Kalaburagi Market PS,"Near Bandi Circle, Kalaburagi",17.3125,76.8571,Insp. Gaurika Gade,2024,10,23
KAR/BEN/2024/1731,2024-11-02,03:12:00,assault,"Reported incident of assault at Near Pradhan Chowk, Bengaluru Urban.",open,Bengaluru Urban,Bengaluru Urban North PS,"Near Pradhan Chowk, Bengaluru Urban",12.9676,77.5791,Insp. Maya Vohra,2024,11,3
KAR/KOP/2024/1732,2024-09-23,13:24:00,cybercrime,"Reported incident of cybercrime at Near Master Chowk, Koppal.",open,Koppal,Koppal Suburban PS,"Near Master Chowk, Koppal",15.3983,76.2421,Insp. Timothy Patel,2024,9,13
KAR/SHI/2024/1733,2024-06-10,19:33:00,cybercrime,"Reported incident of cybercrime at Near Balasubramanian Circle, Shivamogga.",open,Shivamogga,Shivamogga Town PS,"Near Balasubramanian Circle, Shivamogga",14.0252,75.6335,Insp. Naksh Karpe,2024,6,19
KAR/TUM/2024/1734,2024-10-30,15:31:00,eve_teasing,"Reported incident of eve teasing at Near Barman, Tumakuru.",chargesheeted,Tumakuru,Tumakuru Suburban PS,"Near Barman, Tumakuru",13.309,77.1348,Insp. Omkaar Sodhi,2024,10,15
KAR/BAL/2024/1735,2024-04-24,17:06:00,robbery,"Reported incident of robbery at Near Dasgupta Zila, Ballari. Suspect vehicle noticed with plate KA-18-N-1724.",chargesheeted,Ballari,Ballari Industrial PS,"Near Dasgupta Zila, Ballari",15.1351,76.9288,Insp. Unnati Pal,2024,4,17
KAR/KAL/2024/1736,2024-12-15,03:55:00,fraud,"Reported incident of fraud at Near Randhawa Street, Kalaburagi.",closed,Kalaburagi,Kalaburagi Suburban PS,"Near Randhawa Street, Kalaburagi",17.2306,76.8558,Insp. Adweta Sama,2024,12,3
KAR/BEN/2024/1737,2024-06-15,09:58:00,drug_offence,"Reported incident of drug offence at Near Bhatti, Bengaluru Urban.",under_investigation,Bengaluru Urban,Bengaluru Urban North PS,"Near Bhatti, Bengaluru Urban",12.9564,77.5764,Insp. Jatin Borah,2024,6,9
KAR/DAV/2024/1738,2024-10-14,14:25:00,assault,"Reported incident of assault at Near Vaidya Path, Davangere.",open,Davangere,Davangere Traffic PS,"Near Vaidya Path, Davangere",14.4307,75.9658,Insp. Nihal Choudhury,2024,10,14
KAR/KOP/2024/1739,2024-11-05,19:34:00,vehicle_theft,"Reported incident of vehicle theft at Near Hayer Nagar, Koppal. Suspect vehicle noticed with plate KA-55-N-6538.",open,Koppal,Koppal Traffic PS,"Near Hayer Nagar, Koppal",15.3586,76.1974,Insp. Rajeshri Grewal,2024,11,19
KAR/BID/2024/1740,2024-08-05,07:17:00,murder,"Reported incident of murder at Near Bhatia, Bidar.",closed,Bidar,Bidar Town PS,"Near Bhatia, Bidar",17.9583,77.5588,Insp. Jagrati Vora,2024,8,7
KAR/BEN/2024/1741,2024-05-25,14:36:00,burglary,"Reported incident of burglary at Near Mukhopadhyay Path, Bengaluru Urban.",open,Bengaluru Urban,Bengaluru Urban South PS,"Near Mukhopadhyay Path, Bengaluru Urban",12.9581,77.4889,Insp. Patrick Malhotra,2024,5,14
KAR/SHI/2024/1742,2024-07-05,01:32:00,assault,"Reported incident of assault at Near Jhaveri Marg, Shivamogga.",under_investigation,Shivamogga,Shivamogga Rural PS,"Near Jhaveri Marg, Shivamogga",13.8895,75.5265,Insp. Jacob Din,2024,7,1
KAR/BAL/2024/1743,2024-07-12,05:59:00,vehicle_theft,"Reported incident of vehicle theft at Near Bora Circle, Ballari. Suspect vehicle noticed with plate KA-37-A-2987.",open,Ballari,Ballari Traffic PS,"Near Bora Circle, Ballari",15.1922,76.8406,Insp. Gaurang Tata,2024,7,5
KAR/KAL/2024/1744,2025-05-31,17:09:00,fraud,"Reported incident of fraud at Near Vig Ganj, Kalaburagi.",open,Kalaburagi,Kalaburagi Industrial PS,"Near Vig Ganj, Kalaburagi",17.2577,76.9027,Insp. Devansh Raman,2025,5,17
KAR/MYS/2024/1745,2024-08-06,12:07:00,robbery,"Reported incident of robbery at Near Shanker Chowk, Mysuru. Suspect vehicle noticed with plate KA-38-N-3109.",under_investigation,Mysuru,Mysuru South PS,"Near Shanker Chowk, Mysuru",12.2483,76.6276,Insp. Chameli Saha,2024,8,12
KAR/MAN/2024/1746,2025-05-12,19:27:00,burglary,"Reported incident of burglary at Near Aggarwal Chowk, Mandya.",open,Mandya,Mandya Industrial PS,"Near Aggarwal Chowk, Mandya",12.5525,76.9708,Insp. Fariq Dube,2025,5,19
KAR/RAI/2024/1747,2024-06-09,03:47:00,fraud,"Reported incident of fraud at Near Tailor Ganj, Raichur.",open,Raichur,Raichur Suburban PS,"Near Tailor Ganj, Raichur",16.3134,77.2974,Insp. Hemal Srivastava,2024,6,3
KAR/BID/2024/1748,2025-04-27,17:27:00,assault,"Reported incident of assault at Near Bali Circle, Bidar.",under_investigation,Bidar,Bidar Traffic PS,"Near Bali Circle, Bidar",17.8838,77.4379,Insp. Gaurang Srinivasan,2025,4,17
KAR/RAI/2024/1749,2025-01-30,02:03:00,kidnapping,"Reported incident of kidnapping at Near Chhabra Path, Raichur.",chargesheeted,Raichur,Raichur Rural PS,"Near Chhabra Path, Raichur",16.198,77.2945,Insp. Sneha Sankar,2025,1,2
KAR/KAL/2024/1750,2025-01-27,11:55:00,robbery,"Reported incident of robbery at Near Mani Street, Kalaburagi. Suspect vehicle noticed with plate KA-14-B-9755.",closed,Kalaburagi,Kalaburagi Rural PS,"Near Mani Street, Kalaburagi",17.2703,76.7488,Insp. Nikita Parmar,2025,1,11
KAR/CHI/2024/1751,2024-04-24,17:08:00,fraud,"Reported incident of fraud at Near Rout Nagar, Chikkamagaluru.",closed,Chikkamagaluru,Chikkamagaluru Traffic PS,"Near Rout Nagar, Chikkamagaluru",13.3329,75.693,Insp. Bhavika Rana,2024,4,17
KAR/RAI/2024/1752,2024-07-31,05:29:00,murder,"Reported incident of murder at Near Pathak Path, Raichur.",open,Raichur,Raichur Town PS,"Near Pathak Path, Raichur",16.1318,77.3639,Insp. Jairaj Som,2024,7,5
KAR/SHI/2024/1753,2025-03-09,12:25:00,murder,"Reported incident of murder at Near Banerjee Circle, Shivamogga.",under_investigation,Shivamogga,Shivamogga Rural PS,"Near Banerjee Circle, Shivamogga",13.9005,75.5317,Insp. Aadi Chanda,2025,3,12
KAR/BEN/2024/1754,2024-04-11,23:58:00,kidnapping,"Reported incident of kidnapping at Near Sinha Street, Bengaluru Rural.",under_investigation,Bengaluru Rural,Bengaluru Rural East PS,"Near Sinha Street, Bengaluru Rural",13.253,77.5202,Insp. Bhavani Jaggi,2024,4,23
KAR/BEN/2024/1755,2024-08-28,21:02:00,assault,"Reported incident of assault at Near Ramachandran Street, Bengaluru Urban.",open,Bengaluru Urban,Bengaluru Urban Central PS,"Near Ramachandran Street, Bengaluru Urban",12.9448,77.5622,Insp. Faras Hans,2024,8,21
KAR/SHI/2024/1756,2025-02-26,03:29:00,vehicle_theft,"Reported incident of vehicle theft at Near Magar Nagar, Shivamogga. Suspect vehicle noticed with plate KA-24-A-4109.",open,Shivamogga,Shivamogga Industrial PS,"Near Magar Nagar, Shivamogga",13.8455,75.5507,Insp. Bahadurjit Gaba,2025,2,3
KAR/SHI/2024/1757,2024-05-13,13:41:00,robbery,"Reported incident of robbery at Near Pant Zila, Shivamogga. Suspect vehicle noticed with plate KA-53-KB-1006.",open,Shivamogga,Shivamogga Rural PS,"Near Pant Zila, Shivamogga",13.862,75.5331,Insp. Fiyaz Khosla,2024,5,13
KAR/BEN/2024/1758,2025-01-12,12:02:00,drug_offence,"Reported incident of drug offence at Near Bhatt Nagar, Bengaluru Urban.",under_investigation,Bengaluru Urban,Bengaluru Urban North PS,"Near Bhatt Nagar, Bengaluru Urban",12.9552,77.626,Insp. Triya Badami,2025,1,12
KAR/BAL/2024/1759,2024-11-15,14:05:00,chain_snatching,"Reported incident of chain snatching at Near Sahota Circle, Ballari. Suspect vehicle noticed with plate KA-06-N-4077.",under_investigation,Ballari,Ballari Industrial PS,"Near Sahota Circle, Ballari",15.1443,76.899,Insp. Kashvi Rai,2024,11,14
KAR/HAS/2024/1760,2024-11-16,02:05:00,kidnapping,"Reported incident of kidnapping at Near Prabhakar Path, Hassan.",closed,Hassan,Hassan Market PS,"Near Prabhakar Path, Hassan",13.0106,76.0913,Insp. Triya Gala,2024,11,2
KAR/CHI/2024/1761,2024-04-05,21:03:00,chain_snatching,"Reported incident of chain snatching at Near Raghavan Chowk, Chikkamagaluru. Suspect vehicle noticed with plate KA-11-B-7352.",closed,Chikkamagaluru,Chikkamagaluru Industrial PS,"Near Raghavan Chowk, Chikkamagaluru",13.3315,75.7841,Insp. Upma Sha,2024,4,21
KAR/BEN/2024/1762,2025-01-09,14:18:00,eve_teasing,"Reported incident of eve teasing at Near Andra Marg, Bengaluru Urban.",chargesheeted,Bengaluru Urban,Bengaluru Urban South PS,"Near Andra Marg, Bengaluru Urban",12.9806,77.524,Insp. Lavanya Ratta,2025,1,14
KAR/UDU/2024/1763,2024-09-18,13:26:00,vehicle_theft,"Reported incident of vehicle theft at Near Chandran Ganj, Udupi. Suspect vehicle noticed with plate KA-53-P-5280.",open,Udupi,Udupi Rural PS,"Near Chandran Ganj, Udupi",13.3479,74.7385,Insp. Tara Bala,2024,9,13
KAR/CHI/2024/1764,2024-09-30,10:37:00,domestic_violence,"Reported incident of domestic violence at Near Tak, Chikkamagaluru.",under_investigation,Chikkamagaluru,Chikkamagaluru Market PS,"Near Tak, Chikkamagaluru",13.3956,75.6968,Insp. Xiti Pingle,2024,9,10
KAR/TUM/2024/1765,2024-12-11,04:35:00,fraud,"Reported incident of fraud at Near Sura Ganj, Tumakuru.",chargesheeted,Tumakuru,Tumakuru Suburban PS,"Near Sura Ganj, Tumakuru",13.2821,77.12,Insp. Owen Gara,2024,12,4
KAR/HAS/2024/1766,2024-11-06,07:56:00,cybercrime,"Reported incident of cybercrime at Near Sarna Ganj, Hassan.",open,Hassan,Hassan Traffic PS,"Near Sarna Ganj, Hassan",12.9533,76.0441,Insp. Triya Loyal,2024,11,7
KAR/TUM/2024/1767,2024-03-25,21:17:00,assault,"Reported incident of assault at Near Hora Marg, Tumakuru.",open,Tumakuru,Tumakuru Traffic PS,"Near Hora Marg, Tumakuru",13.3367,77.0494,Insp. Jeremiah Natt,2024,3,21
KAR/BEN/2024/1768,2025-04-27,02:09:00,domestic_violence,"Reported incident of domestic violence at Near Chadha Zila, Bengaluru Urban.",open,Bengaluru Urban,Bengaluru Urban North PS,"Near Chadha Zila, Bengaluru Urban",12.9783,77.5905,Insp. Maya Gopal,2025,4,2
KAR/HUB/2024/1769,2024-10-18,21:04:00,chain_snatching,"Reported incident of chain snatching at Near Mangat Chowk, Hubballi-Dharwad. Suspect vehicle noticed with plate KA-33-KA-3188.",open,Hubballi-Dharwad,Hubballi-Dharwad Market PS,"Near Mangat Chowk, Hubballi-Dharwad",15.3762,75.1875,Insp. Anita Pathak,2024,10,21
KAR/BEL/2024/1770,2024-01-29,08:51:00,robbery,"Reported incident of robbery at Near Thakur Marg, Belagavi. Suspect vehicle noticed with plate KA-21-P-2955.",open,Belagavi,Belagavi Industrial PS,"Near Thakur Marg, Belagavi",15.8127,74.5241,Insp. Libni Ramakrishnan,2024,1,8
KAR/BEN/2024/1771,2025-02-05,01:41:00,robbery,"Reported incident of robbery at Near Shankar Marg, Bengaluru Urban. Suspect vehicle noticed with plate KA-12-M-2637.",under_investigation,Bengaluru Urban,Bengaluru Urban Central PS,"Near Shankar Marg, Bengaluru Urban",12.9467,77.5612,Insp. Ekanta Golla,2025,2,1
KAR/BEN/2024/1772,2024-03-05,19:25:00,assault,"Reported incident of assault at Near Sethi Nagar, Bengaluru Urban.",chargesheeted,Bengaluru Urban,Bengaluru Urban North PS,"Near Sethi Nagar, Bengaluru Urban",12.9427,77.592,Insp. Isaac Date,2024,3,19
KAR/KOL/2024/1773,2024-09-20,13:29:00,assault,"Reported incident of assault at Near Rajagopalan Chowk, Kolar.",open,Kolar,Kolar Suburban PS,"Near Rajagopalan Chowk, Kolar",13.1352,78.0327,Insp. Omkaar Amble,2024,9,13
KAR/VIJ/2024/1774,2024-02-27,20:36:00,chain_snatching,"Reported incident of chain snatching at Near Suri Marg, Vijayapura. Suspect vehicle noticed with plate KA-06-N-8570.",closed,Vijayapura,Vijayapura Town PS,"Near Suri Marg, Vijayapura",16.8809,75.7585,Insp. Jairaj Borah,2024,2,20
KAR/KAL/2024/1775,2025-01-14,22:06:00,fraud,"Reported incident of fraud at Near Dani Street, Kalaburagi.",under_investigation,Kalaburagi,Kalaburagi Traffic PS,"Near Dani Street, Kalaburagi",17.3274,76.804,Insp. Ati Bera,2025,1,22
KAR/CHI/2024/1776,2024-10-02,15:49:00,chain_snatching,"Reported incident of chain snatching at Near Peri, Chikkamagaluru. Suspect vehicle noticed with plate KA-13-N-7655.",open,Chikkamagaluru,Chikkamagaluru Town PS,"Near Peri, Chikkamagaluru",13.3469,75.8048,Insp. Chanchal Sandhu,2024,10,15
KAR/MAN/2024/1777,2024-09-19,13:20:00,cybercrime,"Reported incident of cybercrime at Near Kuruvilla Zila, Mangaluru (Dakshina Kannada).",chargesheeted,Mangaluru (Dakshina Kannada),Mangaluru (Dakshina Kannada) Traffic PS,"Near Kuruvilla Zila, Mangaluru (Dakshina Kannada)",12.9387,74.915,Insp. Jackson Talwar,2024,9,13
KAR/SHI/2024/1778,2024-01-29,18:40:00,chain_snatching,"Reported incident of chain snatching at Near Chahal Chowk, Shivamogga. Suspect vehicle noticed with plate KA-27-A-5896.",open,Shivamogga,Shivamogga Traffic PS,"Near Chahal Chowk, Shivamogga",13.9915,75.6055,Insp. Yashodhara Chaudhari,2024,1,18
KAR/BEN/2024/1779,2025-03-06,01:51:00,robbery,"Reported incident of robbery at Near Oza Chowk, Bengaluru Urban. Suspect vehicle noticed with plate KA-01-KA-8471.",open,Bengaluru Urban,Bengaluru Urban East PS,"Near Oza Chowk, Bengaluru Urban",13.0675,77.5875,Insp. Gunbir Kota,2025,3,1
KAR/VIJ/2024/1780,2024-07-28,13:10:00,drug_offence,"Reported incident of drug offence at Near Varty Nagar, Vijayapura.",under_investigation,Vijayapura,Vijayapura Suburban PS,"Near Varty Nagar, Vijayapura",16.7744,75.673,Insp. Jasmit Kibe,2024,7,13
KAR/MYS/2024/1781,2024-06-05,22:10:00,robbery,"Reported incident of robbery at Near Bakshi Path, Mysuru. Suspect vehicle noticed with plate KA-15-N-6144.",open,Mysuru,Mysuru South PS,"Near Bakshi Path, Mysuru",12.2648,76.6246,Insp. Pahal Ramesh,2024,6,22
KAR/BEN/2024/1782,2024-05-03,00:14:00,burglary,"Reported incident of burglary at Near Biswas Marg, Bengaluru Urban.",open,Bengaluru Urban,Bengaluru Urban South PS,"Near Biswas Marg, Bengaluru Urban",12.974,77.5105,Insp. Gaurang Radhakrishnan,2024,5,0
KAR/BEN/2024/1783,2024-11-12,15:53:00,chain_snatching,"Reported incident of chain snatching at Near Jhaveri Street, Bengaluru Urban. Suspect vehicle noticed with plate KA-10-P-6173.",open,Bengaluru Urban,Bengaluru Urban West PS,"Near Jhaveri Street, Bengaluru Urban",12.9104,77.5343,Insp. Yutika Ramaswamy,2024,11,15
KAR/KOP/2024/1784,2024-09-16,03:44:00,burglary,"Reported incident of burglary at Near Ghosh Chowk, Koppal.",under_investigation,Koppal,Koppal Industrial PS,"Near Ghosh Chowk, Koppal",15.3074,76.2007,Insp. Charan Palla,2024,9,3
KAR/HAS/2024/1785,2024-07-28,22:56:00,burglary,"Reported incident of burglary at Near Bhagat, Hassan.",open,Hassan,Hassan Suburban PS,"Near Bhagat, Hassan",13.0688,76.0969,Insp. Michael Gera,2024,7,22
KAR/BEN/2024/1786,2024-08-12,12:51:00,vehicle_theft,"Reported incident of vehicle theft at Near Warrior, Bengaluru Urban. Suspect vehicle noticed with plate KA-35-P-9822.",open,Bengaluru Urban,Bengaluru Urban Central PS,"Near Warrior, Bengaluru Urban",12.9084,77.5881,Insp. Ranbir Mahajan,2024,8,12
KAR/BEL/2024/1787,2024-03-28,15:05:00,drug_offence,"Reported incident of drug offence at Near Chokshi Ganj, Belagavi.",under_investigation,Belagavi,Belagavi Traffic PS,"Near Chokshi Ganj, Belagavi",15.8724,74.5062,Insp. David Padmanabhan,2024,3,15
KAR/BEN/2024/1788,2024-07-20,03:57:00,chain_snatching,"Reported incident of chain snatching at Near Som Road, Bengaluru Urban. Suspect vehicle noticed with plate KA-39-N-4334.",under_investigation,Bengaluru Urban,Bengaluru Urban West PS,"Near Som Road, Bengaluru Urban",12.9043,77.5667,Insp. Luke Bahri,2024,7,3
KAR/KAL/2024/1789,2025-05-26,19:46:00,burglary,"Reported incident of burglary at Near Basu Road, Kalaburagi.",open,Kalaburagi,Kalaburagi Suburban PS,"Near Basu Road, Kalaburagi",17.2732,76.8351,Insp. Omaja Warrior,2025,5,19
KAR/BEN/2024/1790,2025-04-27,07:30:00,chain_snatching,"Reported incident of chain snatching at Near Pathak Circle, Bengaluru Urban. Suspect vehicle noticed with plate KA-30-A-6988.",chargesheeted,Bengaluru Urban,Bengaluru Urban West PS,"Near Pathak Circle, Bengaluru Urban",12.9097,77.5492,Insp. Dominic Modi,2025,4,7
KAR/HUB/2024/1791,2024-09-20,10:25:00,fraud,"Reported incident of fraud at Near Ganguly Zila, Hubballi-Dharwad.",under_investigation,Hubballi-Dharwad,Hubballi-Dharwad Suburban PS,"Near Ganguly Zila, Hubballi-Dharwad",15.3921,75.0742,Insp. Jackson Lad,2024,9,10
KAR/KAL/2024/1792,2024-04-08,01:17:00,vehicle_theft,"Reported incident of vehicle theft at Near Borde Circle, Kalaburagi. Suspect vehicle noticed with plate KA-15-KA-7147.",chargesheeted,Kalaburagi,Kalaburagi Market PS,"Near Borde Circle, Kalaburagi",17.3392,76.8596,Insp. Dayamai Patla,2024,4,1
KAR/KOP/2024/1793,2024-11-04,08:52:00,burglary,"Reported incident of burglary at Near Dora Circle, Koppal.",open,Koppal,Koppal Suburban PS,"Near Dora Circle, Koppal",15.3793,76.226,Insp. George Walla,2024,11,8
KAR/UDU/2024/1794,2024-08-07,03:46:00,cybercrime,"Reported incident of cybercrime at Near Rastogi Nagar, Udupi.",under_investigation,Udupi,Udupi Town PS,"Near Rastogi Nagar, Udupi",13.3914,74.7379,Insp. Anika Rai,2024,8,3
KAR/CHI/2024/1795,2024-10-04,10:22:00,vehicle_theft,"Reported incident of vehicle theft at Near Venkatesh Circle, Chikkamagaluru. Suspect vehicle noticed with plate KA-28-KA-8331.",chargesheeted,Chikkamagaluru,Chikkamagaluru Traffic PS,"Near Venkatesh Circle, Chikkamagaluru",13.3442,75.6921,Insp. Chaitaly Peri,2024,10,10
KAR/HAS/2024/1796,2024-10-28,06:59:00,eve_teasing,"Reported incident of eve teasing at Near Sinha Zila, Hassan.",open,Hassan,Hassan Suburban PS,"Near Sinha Zila, Hassan",13.0741,76.1015,Insp. Aarush Nath,2024,10,6
KAR/DAV/2024/1797,2024-12-02,00:50:00,chain_snatching,"Reported incident of chain snatching at Near Chakraborty Nagar, Davangere. Suspect vehicle noticed with plate KA-16-P-1097.",chargesheeted,Davangere,Davangere Industrial PS,"Near Chakraborty Nagar, Davangere",14.3895,76.0117,Insp. Janya Warrior,2024,12,0
KAR/MAN/2024/1798,2024-11-17,20:07:00,vehicle_theft,"Reported incident of vehicle theft at Near Bora Chowk, Mangaluru (Dakshina Kannada). Suspect vehicle noticed with plate KA-34-N-1017.",chargesheeted,Mangaluru (Dakshina Kannada),Mangaluru (Dakshina Kannada) Industrial PS,"Near Bora Chowk, Mangaluru (Dakshina Kannada)",12.8918,74.8341,Insp. Zashil Basak,2024,11,20
KAR/BEN/2024/1799,2024-10-19,22:29:00,chain_snatching,"Reported incident of chain snatching at Near Upadhyay Road, Bengaluru Urban. Suspect vehicle noticed with plate KA-31-KA-6504.",open,Bengaluru Urban,Bengaluru Urban Traffic PS,"Near Upadhyay Road, Bengaluru Urban",12.98,77.6666,Insp. Nilima Ray,2024,10,22
KAR/BEN/2024/1800,2024-09-17,03:29:00,chain_snatching,"Reported incident of chain snatching at Near Kala Road, Bengaluru Urban. Suspect vehicle noticed with plate KA-09-M-2636.",under_investigation,Bengaluru Urban,Bengaluru Urban North PS,"Near Kala Road, Bengaluru Urban",12.9614,77.5931,Insp. Onveer Shan,2024,9,3
KAR/SHI/2024/1801,2025-04-07,05:13:00,property_crime,"Reported incident of property crime at Near Apte Street, Shivamogga.",under_investigation,Shivamogga,Shivamogga Suburban PS,"Near Apte Street, Shivamogga",13.9875,75.6168,Insp. Triveni Kade,2025,4,5
KAR/VIJ/2024/1802,2024-04-30,13:41:00,hit_and_run,"Reported incident of hit and run at Near Vyas Road, Vijayapura.",open,Vijayapura,Vijayapura Rural PS,"Near Vyas Road, Vijayapura",16.8089,75.6374,Insp. Janya Khatri,2024,4,13
KAR/HUB/2024/1803,2024-07-21,14:29:00,hit_and_run,"Reported incident of hit and run at Near Garg Street, Hubballi-Dharwad.",under_investigation,Hubballi-Dharwad,Hubballi-Dharwad Traffic PS,"Near Garg Street, Hubballi-Dharwad",15.4321,75.0731,Insp. Vedika Hans,2024,7,14
KAR/BEN/2024/1804,2024-10-27,05:39:00,vehicle_theft,"Reported incident of vehicle theft at Near Gola Chowk, Bengaluru Urban. Suspect vehicle noticed with plate KA-35-M-1782.",chargesheeted,Bengaluru Urban,Bengaluru Urban North PS,"Near Gola Chowk, Bengaluru Urban",12.9412,77.62,Insp. Anay Wali,2024,10,5
KAR/BEN/2024/1805,2025-05-23,13:50:00,eve_teasing,"Reported incident of eve teasing at Near Dugar Ganj, Bengaluru Urban.",open,Bengaluru Urban,Bengaluru Urban Central PS,"Near Dugar Ganj, Bengaluru Urban",12.9372,77.5775,Insp. Yug Bajwa,2025,5,13
KAR/BEN/2024/1806,2024-12-20,10:18:00,chain_snatching,"Reported incident of chain snatching at Near Parmar Road, Bengaluru Rural. Suspect vehicle noticed with plate KA-22-N-9638.",chargesheeted,Bengaluru Rural,Bengaluru Rural South PS,"Near Parmar Road, Bengaluru Rural",13.1654,77.6017,Insp. Saumya Ben,2024,12,10
KAR/MAN/2024/1807,2024-11-01,15:08:00,vehicle_theft,"Reported incident of vehicle theft at Near Oak Ganj, Mandya. Suspect vehicle noticed with plate KA-41-N-9886.",under_investigation,Mandya,Mandya Industrial PS,"Near Oak Ganj, Mandya",12.5407,76.9766,Insp. Ansh Oza,2024,11,15
KAR/KAL/2024/1808,2024-11-19,17:50:00,fraud,"Reported incident of fraud at Near Rana, Kalaburagi.",under_investigation,Kalaburagi,Kalaburagi Rural PS,"Near Rana, Kalaburagi",17.2565,76.7894,Insp. Vedant Thakkar,2024,11,17
KAR/KOL/2024/1809,2025-05-28,03:56:00,chain_snatching,"Reported incident of chain snatching at Near Devan Nagar, Kolar. Suspect vehicle noticed with plate KA-27-N-5389.",chargesheeted,Kolar,Kolar Rural PS,"Near Devan Nagar, Kolar",13.1884,78.0918,Insp. Lakshmi Das,2025,5,3
KAR/BEN/2024/1810,2025-04-28,05:13:00,property_crime,"Reported incident of property crime at Near Saini Street, Bengaluru Urban.",chargesheeted,Bengaluru Urban,Bengaluru Urban East PS,"Near Saini Street, Bengaluru Urban",13.025,77.6194,Insp. Samaksh Dube,2025,4,5
KAR/BEN/2024/1811,2025-03-29,21:28:00,burglary,"Reported incident of burglary at Near Brahmbhatt Zila, Bengaluru Urban.",under_investigation,Bengaluru Urban,Bengaluru Urban North PS,"Near Brahmbhatt Zila, Bengaluru Urban",12.9302,77.5993,Insp. Faqid Grewal,2025,3,21
KAR/BEN/2024/1812,2024-06-27,10:24:00,fraud,"Reported incident of fraud at Near Om Ganj, Bengaluru Urban.",chargesheeted,Bengaluru Urban,Bengaluru Urban North PS,"Near Om Ganj, Bengaluru Urban",12.9615,77.6237,Insp. Zashil Dalal,2024,6,10
KAR/BEN/2024/1813,2024-06-19,09:42:00,burglary,"Reported incident of burglary at Near Vaidya Nagar, Bengaluru Urban.",chargesheeted,Bengaluru Urban,Bengaluru Urban East PS,"Near Vaidya Nagar, Bengaluru Urban",13.0624,77.5683,Insp. Mason Manda,2024,6,9
KAR/KOP/2024/1814,2025-05-20,08:50:00,chain_snatching,"Reported incident of chain snatching at Near Yadav Zila, Koppal. Suspect vehicle noticed with plate KA-43-P-3466.",open,Koppal,Koppal Town PS,"Near Yadav Zila, Koppal",15.2791,76.2312,Insp. Manan Bhandari,2025,5,8
KAR/BEN/2024/1815,2024-12-07,12:47:00,fraud,"Reported incident of fraud at Near Saran Nagar, Bengaluru Urban.",under_investigation,Bengaluru Urban,Bengaluru Urban East PS,"Near Saran Nagar, Bengaluru Urban",13.0344,77.6152,Insp. Noah Varughese,2024,12,12
KAR/BEN/2024/1816,2024-12-01,02:16:00,vehicle_theft,"Reported incident of vehicle theft at Near Bajwa Nagar, Bengaluru Urban. Suspect vehicle noticed with plate KA-18-P-9428.",open,Bengaluru Urban,Bengaluru Urban Traffic PS,"Near Bajwa Nagar, Bengaluru Urban",12.9555,77.6807,Insp. Adya Prakash,2024,12,2
KAR/HAS/2024/1817,2024-09-01,16:30:00,vehicle_theft,"Reported incident of vehicle theft at Near Basak Street, Hassan. Suspect vehicle noticed with plate KA-35-B-1453.",under_investigation,Hassan,Hassan Town PS,"Near Basak Street, Hassan",12.993,76.043,Insp. Anita Atwal,2024,9,16
KAR/UDU/2024/1818,2024-10-07,12:37:00,vehicle_theft,"Reported incident of vehicle theft at Near Karpe Marg, Udupi. Suspect vehicle noticed with plate KA-11-KB-4544.",chargesheeted,Udupi,Udupi Industrial PS,"Near Karpe Marg, Udupi",13.2934,74.7358,Insp. Vritti Bhagat,2024,10,12
KAR/BEN/2024/1819,2024-07-09,23:35:00,burglary,"Reported incident of burglary at Near Tiwari Circle, Bengaluru Urban.",under_investigation,Bengaluru Urban,Bengaluru Urban Central PS,"Near Tiwari Circle, Bengaluru Urban",12.914,77.5952,Insp. Baljiwan Mittal,2024,7,23
KAR/VIJ/2024/1820,2025-02-07,08:54:00,chain_snatching,"Reported incident of chain snatching at Near Raghavan Road, Vijayapura. Suspect vehicle noticed with plate KA-07-A-6856.",open,Vijayapura,Vijayapura Market PS,"Near Raghavan Road, Vijayapura",16.8058,75.7427,Insp. Max Varughese,2025,2,8
KAR/BEL/2024/1821,2024-10-04,13:34:00,vehicle_theft,"Reported incident of vehicle theft at Near Varkey, Belagavi. Suspect vehicle noticed with plate KA-20-M-1037.",open,Belagavi,Belagavi Town PS,"Near Varkey, Belagavi",15.8855,74.5482,Insp. Mohini Walla,2024,10,13
KAR/BEN/2024/1822,2024-03-18,19:20:00,burglary,"Reported incident of burglary at Near Bhattacharyya Circle, Bengaluru Urban.",under_investigation,Bengaluru Urban,Bengaluru Urban North PS,"Near Bhattacharyya Circle, Bengaluru Urban",12.9696,77.5806,Insp. Abha Dugal,2024,3,19
KAR/BEN/2024/1823,2024-03-15,15:32:00,vehicle_theft,"Reported incident of vehicle theft at Near Sachdeva Street, Bengaluru Urban. Suspect vehicle noticed with plate KA-44-A-2419.",open,Bengaluru Urban,Bengaluru Urban South PS,"Near Sachdeva Street, Bengaluru Urban",13.0151,77.5428,Insp. Alka Sunder,2024,3,15
KAR/BAL/2024/1824,2024-08-01,01:07:00,robbery,"Reported incident of robbery at Near Dhaliwal Path, Ballari. Suspect vehicle noticed with plate KA-55-KA-7954.",under_investigation,Ballari,Ballari Industrial PS,"Near Dhaliwal Path, Ballari",15.1001,76.9126,Insp. Max Loyal,2024,8,1
KAR/CHI/2024/1825,2025-03-29,14:29:00,drug_offence,"Reported incident of drug offence at Near Rama Marg, Chikkamagaluru.",closed,Chikkamagaluru,Chikkamagaluru Rural PS,"Near Rama Marg, Chikkamagaluru",13.3512,75.7799,Insp. Vihaan Ravi,2025,3,14
KAR/MYS/2024/1826,2025-02-20,07:07:00,burglary,"Reported incident of burglary at Near Guha Nagar, Mysuru.",chargesheeted,Mysuru,Mysuru West PS,"Near Guha Nagar, Mysuru",12.3582,76.5622,Insp. Yamini Krishna,2025,2,7
KAR/TUM/2024/1827,2025-02-07,08:35:00,eve_teasing,"Reported incident of eve teasing at Near Nadig Street, Tumakuru.",under_investigation,Tumakuru,Tumakuru Market PS,"Near Nadig Street, Tumakuru",13.3421,77.0989,Insp. Upadhriti Handa,2025,2,8
KAR/BEL/2024/1828,2024-08-26,12:27:00,fraud,"Reported incident of fraud at Near Tandon Ganj, Belagavi.",open,Belagavi,Belagavi Market PS,"Near Tandon Ganj, Belagavi",15.7652,74.5065,Insp. Anmol Banerjee,2024,8,12
KAR/BEN/2024/1829,2024-03-26,03:34:00,robbery,"Reported incident of robbery at Near Prabhu Road, Bengaluru Urban. Suspect vehicle noticed with plate KA-22-KA-7615.",under_investigation,Bengaluru Urban,Bengaluru Urban Traffic PS,"Near Prabhu Road, Bengaluru Urban",12.9477,77.6862,Insp. Anvi Natt,2024,3,3
KAR/DAV/2024/1830,2025-01-27,23:47:00,vehicle_theft,"Reported incident of vehicle theft at Near Sharaf, Davangere. Suspect vehicle noticed with plate KA-37-P-6364.",closed,Davangere,Davangere Industrial PS,"Near Sharaf, Davangere",14.3734,76.0195,Insp. Shivansh Chaudhary,2025,1,23
KAR/HUB/2024/1831,2024-11-03,03:18:00,vehicle_theft,"Reported incident of vehicle theft at Near Loyal Ganj, Hubballi-Dharwad. Suspect vehicle noticed with plate KA-36-A-6813.",open,Hubballi-Dharwad,Hubballi-Dharwad Market PS,"Near Loyal Ganj, Hubballi-Dharwad",15.3614,75.2098,Insp. Henry Chauhan,2024,11,3
KAR/BEN/2024/1832,2024-01-18,03:11:00,assault,"Reported incident of assault at Near Naik Ganj, Bengaluru Urban.",under_investigation,Bengaluru Urban,Bengaluru Urban Traffic PS,"Near Naik Ganj, Bengaluru Urban",13.0009,77.6761,Insp. Anamika Cheema,2024,1,3
KAR/BEN/2024/1833,2025-04-09,14:58:00,fraud,"Reported incident of fraud at Near Kari Ganj, Bengaluru Urban.",open,Bengaluru Urban,Bengaluru Urban West PS,"Near Kari Ganj, Bengaluru Urban",12.9203,77.5306,Insp. Ayush Memon,2025,4,14
KAR/BEN/2024/1834,2024-11-26,15:23:00,assault,"Reported incident of assault at Near Rama Marg, Bengaluru Urban.",open,Bengaluru Urban,Bengaluru Urban Traffic PS,"Near Rama Marg, Bengaluru Urban",12.9549,77.653,Insp. Ekta Patla,2024,11,15
KAR/HAS/2024/1835,2024-06-24,02:50:00,fraud,"Reported incident of fraud at Near Vasa Circle, Hassan.",under_investigation,Hassan,Hassan Rural PS,"Near Vasa Circle, Hassan",13.0282,76.0143,Insp. Ekapad Savant,2024,6,2
KAR/VIJ/2024/1836,2025-05-12,21:20:00,burglary,"Reported incident of burglary at Near Johal, Vijayapura.",under_investigation,Vijayapura,Vijayapura Suburban PS,"Near Johal, Vijayapura",16.734,75.6553,Insp. Ati Bhakta,2025,5,21
KAR/DAV/2024/1837,2024-04-24,11:59:00,eve_teasing,"Reported incident of eve teasing at Near Bakshi Marg, Davangere.",open,Davangere,Davangere Industrial PS,"Near Bakshi Marg, Davangere",14.397,75.966,Insp. Advika Batra,2024,4,11
KAR/BEN/2024/1838,2024-09-09,05:13:00,hit_and_run,"Reported incident of hit and run at Near Bassi Nagar, Bengaluru Urban.",under_investigation,Bengaluru Urban,Bengaluru Urban North PS,"Near Bassi Nagar, Bengaluru Urban",12.9773,77.5775,Insp. Gagan Doctor,2024,9,5
KAR/BID/2024/1839,2025-04-11,23:39:00,assault,"Reported incident of assault at Near Vyas Path, Bidar.",chargesheeted,Bidar,Bidar Rural PS,"Near Vyas Path, Bidar",17.9725,77.4491,Insp. Radhika Kata,2025,4,23
KAR/BEL/2024/1840,2024-06-28,01:42:00,chain_snatching,"Reported incident of chain snatching at Near Sachar Street, Belagavi. Suspect vehicle noticed with plate KA-13-N-5686.",under_investigation,Belagavi,Belagavi Market PS,"Near Sachar Street, Belagavi",15.7931,74.4745,Insp. Jack Joshi,2024,6,1
KAR/KOL/2024/1841,2024-12-19,14:02:00,chain_snatching,"Reported incident of chain snatching at Near Dora Chowk, Kolar. Suspect vehicle noticed with plate KA-22-P-5275.",open,Kolar,Kolar Rural PS,"Near Dora Chowk, Kolar",13.1861,78.0566,Insp. Osha Mallick,2024,12,14
KAR/BID/2024/1842,2025-05-15,01:34:00,chain_snatching,"Reported incident of chain snatching at Near Mann Nagar, Bidar. Suspect vehicle noticed with plate KA-15-KB-2077.",open,Bidar,Bidar Suburban PS,"Near Mann Nagar, Bidar",17.8983,77.5586,Insp. Ekavir Buch,2025,5,1
KAR/CHI/2024/1843,2025-01-02,22:03:00,kidnapping,"Reported incident of kidnapping at Near Sandal Road, Chikkamagaluru.",chargesheeted,Chikkamagaluru,Chikkamagaluru Town PS,"Near Sandal Road, Chikkamagaluru",13.3686,75.8102,Insp. Gopal Deshpande,2025,1,22
KAR/VIJ/2024/1844,2025-05-15,12:49:00,murder,"Reported incident of murder at Near Venkataraman Chowk, Vijayapura.",under_investigation,Vijayapura,Vijayapura Town PS,"Near Venkataraman Chowk, Vijayapura",16.9184,75.8038,Insp. Krishna Parmar,2025,5,12
KAR/BEN/2024/1845,2024-01-02,20:29:00,property_crime,"Reported incident of property crime at Near Dar Chowk, Bengaluru Urban.",under_investigation,Bengaluru Urban,Bengaluru Urban East PS,"Near Dar Chowk, Bengaluru Urban",13.0544,77.6182,Insp. Bhavini Mander,2024,1,20
KAR/BEN/2024/1846,2024-02-16,03:48:00,robbery,"Reported incident of robbery at Near Malhotra Circle, Bengaluru Urban. Suspect vehicle noticed with plate KA-55-B-6493.",chargesheeted,Bengaluru Urban,Bengaluru Urban Central PS,"Near Malhotra Circle, Bengaluru Urban",12.904,77.5635,Insp. Tara Hora,2024,2,3
KAR/DAV/2024/1847,2025-03-03,19:55:00,vehicle_theft,"Reported incident of vehicle theft at Near Singh Chowk, Davangere. Suspect vehicle noticed with plate KA-17-P-2443.",under_investigation,Davangere,Davangere Industrial PS,"Near Singh Chowk, Davangere",14.3647,75.9868,Insp. Zayan Bhalla,2025,3,19
KAR/BEN/2024/1848,2024-08-05,09:11:00,domestic_violence,"Reported incident of domestic violence at Near Choudhury Zila, Bengaluru Urban.",open,Bengaluru Urban,Bengaluru Urban North PS,"Near Choudhury Zila, Bengaluru Urban",12.9719,77.6176,Insp. Rachit Bandi,2024,8,9
KAR/BEN/2024/1849,2024-09-23,16:57:00,burglary,"Reported incident of burglary at Near Comar Marg, Bengaluru Urban.",closed,Bengaluru Urban,Bengaluru Urban Traffic PS,"Near Comar Marg, Bengaluru Urban",12.9459,77.6307,Insp. Ranveer Pillai,2024,9,16
KAR/KOL/2024/1850,2024-09-13,18:54:00,fraud,"Reported incident of fraud at Near Banik Path, Kolar.",open,Kolar,Kolar Market PS,"Near Banik Path, Kolar",13.1905,78.223,Insp. Bimala Uppal,2024,9,18
KAR/BEN/2024/1851,2025-04-08,09:56:00,vehicle_theft,"Reported incident of vehicle theft at Near Korpal Ganj, Bengaluru Urban. Suspect vehicle noticed with plate KA-42-N-7863.",chargesheeted,Bengaluru Urban,Bengaluru Urban Traffic PS,"Near Korpal Ganj, Bengaluru Urban",12.9823,77.6668,Insp. Aahana Sagar,2025,4,9
KAR/BAL/2024/1852,2024-07-17,23:11:00,chain_snatching,"Reported incident of chain snatching at Near Dewan Road, Ballari. Suspect vehicle noticed with plate KA-22-N-7392.",under_investigation,Ballari,Ballari Traffic PS,"Near Dewan Road, Ballari",15.1572,76.8712,Insp. Triveni Mukhopadhyay,2024,7,23
KAR/BEN/2024/1853,2024-03-14,13:50:00,hit_and_run,"Reported incident of hit and run at Near Koshy Nagar, Bengaluru Urban.",open,Bengaluru Urban,Bengaluru Urban North PS,"Near Koshy Nagar, Bengaluru Urban",12.975,77.5807,Insp. Rachita Chakraborty,2024,3,13
KAR/BEN/2024/1854,2024-02-26,15:13:00,fraud,"Reported incident of fraud at Near Bose Nagar, Bengaluru Urban.",open,Bengaluru Urban,Bengaluru Urban North PS,"Near Bose Nagar, Bengaluru Urban",12.9559,77.6013,Insp. Wishi Krishna,2024,2,15
KAR/BID/2024/1855,2024-04-11,11:49:00,robbery,"Reported incident of robbery at Near Koshy Path, Bidar. Suspect vehicle noticed with plate KA-43-B-9082.",under_investigation,Bidar,Bidar Traffic PS,"Near Koshy Path, Bidar",17.8828,77.4359,Insp. Hemang Banik,2024,4,11
KAR/BID/2024/1856,2024-04-28,06:14:00,cybercrime,"Reported incident of cybercrime at Near Nagy Marg, Bidar.",open,Bidar,Bidar Town PS,"Near Nagy Marg, Bidar",18.0128,77.5176,Insp. Lohit Bava,2024,4,6
KAR/KOL/2024/1857,2024-03-11,00:51:00,assault,"Reported incident of assault at Near Borde Marg, Kolar.",under_investigation,Kolar,Kolar Traffic PS,"Near Borde Marg, Kolar",13.1507,78.0976,Insp. Ekansh Choudhry,2024,3,0
KAR/BID/2024/1858,2024-07-15,21:29:00,vehicle_theft,"Reported incident of vehicle theft at Near Natt Chowk, Bidar. Suspect vehicle noticed with plate KA-35-P-7065.",open,Bidar,Bidar Suburban PS,"Near Natt Chowk, Bidar",17.9082,77.5587,Insp. Leena Bahl,2024,7,21
KAR/MAN/2024/1859,2024-11-08,02:13:00,vehicle_theft,"Reported incident of vehicle theft at Near Oza, Mandya. Suspect vehicle noticed with plate KA-31-KA-1157.",under_investigation,Mandya,Mandya Rural PS,"Near Oza, Mandya",12.5134,76.9528,Insp. Bishakha Sheth,2024,11,2
KAR/UDU/2024/1860,2024-10-04,20:15:00,assault,"Reported incident of assault at Near Mital Circle, Udupi.",open,Udupi,Udupi Traffic PS,"Near Mital Circle, Udupi",13.3639,74.6949,Insp. Falak Varughese,2024,10,20
KAR/RAI/2024/1861,2024-08-24,11:53:00,robbery,"Reported incident of robbery at Near Chana Road, Raichur. Suspect vehicle noticed with plate KA-24-B-6165.",closed,Raichur,Raichur Traffic PS,"Near Chana Road, Raichur",16.1596,77.3424,Insp. Vincent Bera,2024,8,11
KAR/TUM/2024/1862,2024-12-06,23:55:00,cybercrime,"Reported incident of cybercrime at Near Sandal Chowk, Tumakuru.",open,Tumakuru,Tumakuru Suburban PS,"Near Sandal Chowk, Tumakuru",13.2826,77.1271,Insp. Dalbir Ramachandran,2024,12,23
KAR/BEN/2024/1863,2024-05-20,05:47:00,eve_teasing,"Reported incident of eve teasing at Near Srivastava Path, Bengaluru Urban.",under_investigation,Bengaluru Urban,Bengaluru Urban West PS,"Near Srivastava Path, Bengaluru Urban",12.8943,77.5836,Insp. Turvi Chad,2024,5,5
KAR/BEN/2024/1864,2025-01-20,09:16:00,cybercrime,"Reported incident of cybercrime at Near Bhagat Nagar, Bengaluru Urban.",open,Bengaluru Urban,Bengaluru Urban North PS,"Near Bhagat Nagar, Bengaluru Urban",12.9565,77.5702,Insp. Vivaan Badami,2025,1,9
KAR/BEN/2024/1865,2025-01-14,05:09:00,senior_citizen_crime,"Reported incident of senior citizen crime at Near Date Path, Bengaluru Urban.",chargesheeted,Bengaluru Urban,Bengaluru Urban North PS,"Near Date Path, Bengaluru Urban",12.9521,77.588,Insp. Chaitanya Sandal,2025,1,5
KAR/HUB/2024/1866,2024-11-11,06:20:00,vehicle_theft,"Reported incident of vehicle theft at Near Agrawal, Hubballi-Dharwad. Suspect vehicle noticed with plate KA-30-B-1819.",chargesheeted,Hubballi-Dharwad,Hubballi-Dharwad Market PS,"Near Agrawal, Hubballi-Dharwad",15.3784,75.1643,Insp. Aishani Pant,2024,11,6
KAR/KOP/2024/1867,2025-05-10,18:43:00,domestic_violence,"Reported incident of domestic violence at Near Johal Zila, Koppal.",open,Koppal,Koppal Rural PS,"Near Johal Zila, Koppal",15.3755,76.234,Insp. Brijesh Narasimhan,2025,5,18
KAR/HAS/2024/1868,2024-12-25,12:22:00,fraud,"Reported incident of fraud at Near Thakur Zila, Hassan.",open,Hassan,Hassan Traffic PS,"Near Thakur Zila, Hassan",12.9336,76.0449,Insp. Harshil Bera,2024,12,12
KAR/BEN/2024/1869,2024-10-31,13:10:00,murder,"Reported incident of murder at Near Keer, Bengaluru Rural.",open,Bengaluru Rural,Bengaluru Rural North PS,"Near Keer, Bengaluru Rural",13.2196,77.5409,Insp. Lekha Mohan,2024,10,13
KAR/KOL/2024/1870,2024-12-06,23:19:00,robbery,"Reported incident of robbery at Near Sama Nagar, Kolar. Suspect vehicle noticed with plate KA-53-KA-2651.",closed,Kolar,Kolar Market PS,"Near Sama Nagar, Kolar",13.193,78.2302,Insp. Chaitanya Vora,2024,12,23
KAR/MAN/2024/1871,2024-07-30,14:47:00,vehicle_theft,"Reported incident of vehicle theft at Near Kumer Ganj, Mandya. Suspect vehicle noticed with plate KA-40-KA-6386.",open,Mandya,Mandya Industrial PS,"Near Kumer Ganj, Mandya",12.5326,76.9784,Insp. Vinaya Chana,2024,7,14
KAR/KOL/2024/1872,2024-06-05,19:28:00,fraud,"Reported incident of fraud at Near Bhagat Path, Kolar.",chargesheeted,Kolar,Kolar Traffic PS,"Near Bhagat Path, Kolar",13.1688,78.0825,Insp. Saksham Sathe,2024,6,19
KAR/BEN/2024/1873,2024-11-18,22:58:00,chain_snatching,"Reported incident of chain snatching at Near Dayal Nagar, Bengaluru Urban. Suspect vehicle noticed with plate KA-16-N-7089.",chargesheeted,Bengaluru Urban,Bengaluru Urban East PS,"Near Dayal Nagar, Bengaluru Urban",13.0198,77.5963,Insp. Chaitaly Ben,2024,11,22
KAR/BEN/2024/1874,2025-02-19,03:21:00,burglary,"Reported incident of burglary at Near Deep, Bengaluru Urban.",chargesheeted,Bengaluru Urban,Bengaluru Urban Traffic PS,"Near Deep, Bengaluru Urban",12.9829,77.6449,Insp. Darika Rama,2025,2,3
KAR/HUB/2024/1875,2025-05-20,13:43:00,chain_snatching,"Reported incident of chain snatching at Near Bali Marg, Hubballi-Dharwad. Suspect vehicle noticed with plate KA-34-KB-5455.",under_investigation,Hubballi-Dharwad,Hubballi-Dharwad Traffic PS,"Near Bali Marg, Hubballi-Dharwad",15.4607,75.0247,Insp. Turvi Amble,2025,5,13
KAR/BEN/2024/1876,2025-03-30,20:38:00,assault,"Reported incident of assault at Near Arora Street, Bengaluru Urban.",open,Bengaluru Urban,Bengaluru Urban Central PS,"Near Arora Street, Bengaluru Urban",12.9258,77.5899,Insp. Girish Tak,2025,3,20
KAR/BEN/2024/1877,2024-06-04,16:56:00,vehicle_theft,"Reported incident of vehicle theft at Near Grewal Nagar, Bengaluru Urban. Suspect vehicle noticed with plate KA-14-KB-5622.",open,Bengaluru Urban,Bengaluru Urban South PS,"Near Grewal Nagar, Bengaluru Urban",12.9837,77.5412,Insp. Avi Mand,2024,6,16
KAR/BEL/2024/1878,2024-03-03,15:52:00,drug_offence,"Reported incident of drug offence at Near Krishnan Road, Belagavi.",under_investigation,Belagavi,Belagavi Market PS,"Near Krishnan Road, Belagavi",15.7834,74.4644,Insp. Deepa Ram,2024,3,15
KAR/BEN/2024/1879,2025-05-26,10:40:00,drug_offence,"Reported incident of drug offence at Near Chahal Street, Bengaluru Urban.",under_investigation,Bengaluru Urban,Bengaluru Urban West PS,"Near Chahal Street, Bengaluru Urban",12.9298,77.5685,Insp. Brinda Sodhi,2025,5,10
KAR/BEN/2024/1880,2024-09-13,05:11:00,senior_citizen_crime,"Reported incident of senior citizen crime at Near Karan Nagar, Bengaluru Urban.",under_investigation,Bengaluru Urban,Bengaluru Urban North PS,"Near Karan Nagar, Bengaluru Urban",12.9265,77.5816,Insp. Hritik Madan,2024,9,5
KAR/BEN/2024/1881,2024-07-21,23:00:00,cybercrime,"Reported incident of cybercrime at Near Mangal, Bengaluru Urban.",open,Bengaluru Urban,Bengaluru Urban South PS,"Near Mangal, Bengaluru Urban",12.9739,77.493,Insp. Aarav Singhal,2024,7,23
KAR/BAL/2024/1882,2024-02-15,11:21:00,assault,"Reported incident of assault at Near Borah, Ballari.",open,Ballari,Ballari Rural PS,"Near Borah, Ballari",15.1286,76.9484,Insp. Deepa Oak,2024,2,11
KAR/BEN/2024/1883,2025-03-03,13:13:00,cybercrime,"Reported incident of cybercrime at Near Bumb Marg, Bengaluru Urban.",open,Bengaluru Urban,Bengaluru Urban Traffic PS,"Near Bumb Marg, Bengaluru Urban",12.9552,77.6692,Insp. Dayamai Pall,2025,3,13
KAR/BEN/2024/1884,2025-05-02,05:23:00,cybercrime,"Reported incident of cybercrime at Near Bera Zila, Bengaluru Urban.",open,Bengaluru Urban,Bengaluru Urban West PS,"Near Bera Zila, Bengaluru Urban",12.9025,77.5707,Insp. Xiti Viswanathan,2025,5,5
KAR/BAL/2024/1885,2024-10-21,16:46:00,fraud,"Reported incident of fraud at Near Chahal Street, Ballari.",under_investigation,Ballari,Ballari Industrial PS,"Near Chahal Street, Ballari",15.1045,76.9346,Insp. Manthan Kota,2024,10,16
KAR/HAS/2024/1886,2024-04-20,06:42:00,chain_snatching,"Reported incident of chain snatching at Near Buch Chowk, Hassan. Suspect vehicle noticed with plate KA-05-KA-5133.",under_investigation,Hassan,Hassan Market PS,"Near Buch Chowk, Hassan",13.0346,76.0724,Insp. Kashish Kadakia,2024,4,6
KAR/SHI/2024/1887,2024-01-30,07:04:00,fraud,"Reported incident of fraud at Near Doctor Chowk, Shivamogga.",open,Shivamogga,Shivamogga Town PS,"Near Doctor Chowk, Shivamogga",14.0152,75.6644,Insp. Rajata Chaudhari,2024,1,7
KAR/BEN/2024/1888,2025-03-28,22:50:00,burglary,"Reported incident of burglary at Near Ganguly Chowk, Bengaluru Urban.",open,Bengaluru Urban,Bengaluru Urban West PS,"Near Ganguly Chowk, Bengaluru Urban",12.9313,77.5405,Insp. Hemani Dada,2025,3,22
KAR/SHI/2024/1889,2024-06-25,03:45:00,burglary,"Reported incident of burglary at Near Kapur Chowk, Shivamogga.",open,Shivamogga,Shivamogga Rural PS,"Near Kapur Chowk, Shivamogga",13.8953,75.5268,Insp. Yagnesh Buch,2024,6,3
KAR/SHI/2024/1890,2025-01-05,18:16:00,burglary,"Reported incident of burglary at Near Om Nagar, Shivamogga.",open,Shivamogga,Shivamogga Industrial PS,"Near Om Nagar, Shivamogga",13.8988,75.5534,Insp. Madhavi Bail,2025,1,18
KAR/BEN/2024/1891,2024-06-10,12:14:00,vehicle_theft,"Reported incident of vehicle theft at Near Sharaf Street, Bengaluru Urban. Suspect vehicle noticed with plate KA-38-KB-6419.",under_investigation,Bengaluru Urban,Bengaluru Urban Traffic PS,"Near Sharaf Street, Bengaluru Urban",12.9981,77.6829,Insp. Janaki Patil,2024,6,12
KAR/KOL/2024/1892,2025-04-21,10:00:00,burglary,"Reported incident of burglary at Near Muni Chowk, Kolar.",open,Kolar,Kolar Town PS,"Near Muni Chowk, Kolar",13.1952,78.0704,Insp. Aadi Suri,2025,4,10
KAR/BEN/2024/1893,2025-02-03,20:50:00,chain_snatching,"Reported incident of chain snatching at Near Kara Nagar, Bengaluru Urban. Suspect vehicle noticed with plate KA-01-M-4925.",open,Bengaluru Urban,Bengaluru Urban Traffic PS,"Near Kara Nagar, Bengaluru Urban",12.9904,77.6551,Insp. Adweta Pall,2025,2,20
KAR/BEN/2024/1894,2024-02-23,03:25:00,assault,"Reported incident of assault at Near Wali Chowk, Bengaluru Urban.",open,Bengaluru Urban,Bengaluru Urban East PS,"Near Wali Chowk, Bengaluru Urban",13.0608,77.6165,Insp. Xalak Behl,2024,2,3
KAR/MYS/2024/1895,2024-04-09,01:42:00,cybercrime,"Reported incident of cybercrime at Near Kari Path, Mysuru.",closed,Mysuru,Mysuru Traffic PS,"Near Kari Path, Mysuru",12.3452,76.6116,Insp. Dipta Nagar,2024,4,1
KAR/BAL/2024/1896,2024-08-22,03:38:00,robbery,"Reported incident of robbery at Near Rana Street, Ballari. Suspect vehicle noticed with plate KA-17-KA-4140.",open,Ballari,Ballari Town PS,"Near Rana Street, Ballari",15.1021,76.9986,Insp. Atharv Rajagopal,2024,8,3
KAR/UDU/2024/1897,2024-05-17,17:11:00,cybercrime,"Reported incident of cybercrime at Near Subramaniam Ganj, Udupi.",under_investigation,Udupi,Udupi Market PS,"Near Subramaniam Ganj, Udupi",13.3853,74.6854,Insp. Alexander Ahluwalia,2024,5,17
KAR/BEN/2024/1898,2024-12-21,04:37:00,vehicle_theft,"Reported incident of vehicle theft at Near Pathak Street, Bengaluru Urban. Suspect vehicle noticed with plate KA-36-KA-6660.",open,Bengaluru Urban,Bengaluru Urban Traffic PS,"Near Pathak Street, Bengaluru Urban",12.9603,77.6484,Insp. Yasti Sen,2024,12,4
KAR/BEN/2024/1899,2024-02-05,15:24:00,burglary,"Reported incident of burglary at Near Boase Circle, Bengaluru Urban.",open,Bengaluru Urban,Bengaluru Urban East PS,"Near Boase Circle, Bengaluru Urban",13.0774,77.5826,Insp. Ati Chadha,2024,2,15
KAR/BEL/2024/1900,2024-01-28,13:48:00,cybercrime,"Reported incident of cybercrime at Near Pandey Zila, Belagavi.",closed,Belagavi,Belagavi Traffic PS,"Near Pandey Zila, Belagavi",15.8517,74.4827,Insp. Arya Kohli,2024,1,13
KAR/BEN/2024/1901,2024-11-04,15:33:00,cybercrime,"Reported incident of cybercrime at Near Hayer Chowk, Bengaluru Rural.",open,Bengaluru Rural,Bengaluru Rural South PS,"Near Hayer Chowk, Bengaluru Rural",13.1412,77.583,Insp. Aadi Hegde,2024,11,15
KAR/DAV/2024/1902,2024-05-28,10:10:00,fraud,"Reported incident of fraud at Near Sankaran Ganj, Davangere.",under_investigation,Davangere,Davangere Suburban PS,"Near Sankaran Ganj, Davangere",14.4836,75.9718,Insp. Timothy Chowdhury,2024,5,10
KAR/BAL/2024/1903,2024-03-29,08:08:00,vehicle_theft,"Reported incident of vehicle theft at Near Kadakia Zila, Ballari. Suspect vehicle noticed with plate KA-45-A-6037.",open,Ballari,Ballari Suburban PS,"Near Kadakia Zila, Ballari",15.2206,76.9154,Insp. Mahika Dubey,2024,3,8
KAR/BEN/2024/1904,2025-02-08,15:50:00,burglary,"Reported incident of burglary at Near Bhargava Road, Bengaluru Rural.",under_investigation,Bengaluru Rural,Bengaluru Rural South PS,"Near Bhargava Road, Bengaluru Rural",13.1764,77.5846,Insp. Gunbir Goswami,2025,2,15
KAR/MAN/2024/1905,2024-12-04,18:36:00,fraud,"Reported incident of fraud at Near Deep Ganj, Mangaluru (Dakshina Kannada).",open,Mangaluru (Dakshina Kannada),Mangaluru (Dakshina Kannada) Town PS,"Near Deep Ganj, Mangaluru (Dakshina Kannada)",12.9851,74.9071,Insp. Manbir Morar,2024,12,18
KAR/VIJ/2024/1906,2024-10-05,18:25:00,vehicle_theft,"Reported incident of vehicle theft at Near Raju Street, Vijayapura. Suspect vehicle noticed with plate KA-23-B-3529.",under_investigation,Vijayapura,Vijayapura Town PS,"Near Raju Street, Vijayapura",16.8968,75.7682,Insp. Mekhala Aurora,2024,10,18
KAR/BEN/2024/1907,2024-10-09,16:58:00,vehicle_theft,"Reported incident of vehicle theft at Near Bhardwaj Ganj, Bengaluru Urban. Suspect vehicle noticed with plate KA-02-M-3025.",under_investigation,Bengaluru Urban,Bengaluru Urban Traffic PS,"Near Bhardwaj Ganj, Bengaluru Urban",12.9778,77.6606,Insp. Bhavna Kapur,2024,10,16
KAR/HUB/2024/1908,2025-01-16,18:36:00,vehicle_theft,"Reported incident of vehicle theft at Near Tella Circle, Hubballi-Dharwad. Suspect vehicle noticed with plate KA-16-A-7604.",under_investigation,Hubballi-Dharwad,Hubballi-Dharwad Suburban PS,"Near Tella Circle, Hubballi-Dharwad",15.3655,75.098,Insp. Nachiket Talwar,2025,1,18
KAR/BID/2024/1909,2024-04-25,16:40:00,cybercrime,"Reported incident of cybercrime at Near Kohli, Bidar.",open,Bidar,Bidar Traffic PS,"Near Kohli, Bidar",17.8681,77.4379,Insp. Dakshesh Bhardwaj,2024,4,16
KAR/BID/2024/1910,2024-12-03,19:37:00,drug_offence,"Reported incident of drug offence at Near Tiwari, Bidar.",under_investigation,Bidar,Bidar Traffic PS,"Near Tiwari, Bidar",17.9138,77.457,Insp. Ranbir Shukla,2024,12,19
KAR/BAL/2024/1911,2024-02-02,13:29:00,fraud,"Reported incident of fraud at Near Sawhney Path, Ballari.",open,Ballari,Ballari Town PS,"Near Sawhney Path, Ballari",15.1046,76.9936,Insp. Aachal Bains,2024,2,13
KAR/UDU/2024/1912,2025-01-11,03:29:00,robbery,"Reported incident of robbery at Near Dyal Marg, Udupi. Suspect vehicle noticed with plate KA-06-A-3639.",under_investigation,Udupi,Udupi Suburban PS,"Near Dyal Marg, Udupi",13.3817,74.7859,Insp. Aarnav Chahal,2025,1,3
KAR/BEN/2024/1913,2024-03-04,14:03:00,burglary,"Reported incident of burglary at Near Deshpande Ganj, Bengaluru Urban.",open,Bengaluru Urban,Bengaluru Urban Central PS,"Near Deshpande Ganj, Bengaluru Urban",12.9192,77.5638,Insp. Banjeet Narang,2024,3,14
KAR/MYS/2024/1914,2024-10-02,05:40:00,chain_snatching,"Reported incident of chain snatching at Near Mody Zila, Mysuru. Suspect vehicle noticed with plate KA-48-KB-7239.",open,Mysuru,Mysuru Traffic PS,"Near Mody Zila, Mysuru",12.3017,76.5948,Insp. Harsh Bava,2024,10,5
KAR/BEN/2024/1915,2024-12-12,19:59:00,chain_snatching,"Reported incident of chain snatching at Near Swamy Nagar, Bengaluru Urban. Suspect vehicle noticed with plate KA-14-KB-1834.",open,Bengaluru Urban,Bengaluru Urban East PS,"Near Swamy Nagar, Bengaluru Urban",13.0775,77.5837,Insp. Gayathri Mody,2024,12,19
KAR/TUM/2024/1916,2024-10-29,02:15:00,vehicle_theft,"Reported incident of vehicle theft at Near Pall Nagar, Tumakuru. Suspect vehicle noticed with plate KA-32-P-4331.",open,Tumakuru,Tumakuru Town PS,"Near Pall Nagar, Tumakuru",13.2564,77.1012,Insp. Zaitra Ahluwalia,2024,10,2
KAR/BEN/2024/1917,2025-01-12,13:01:00,eve_teasing,"Reported incident of eve teasing at Near Yadav Path, Bengaluru Urban.",under_investigation,Bengaluru Urban,Bengaluru Urban North PS,"Near Yadav Path, Bengaluru Urban",12.9224,77.6121,Insp. Jacob Bakshi,2025,1,13
KAR/MYS/2024/1918,2025-02-21,16:11:00,fraud,"Reported incident of fraud at Near Ratta Circle, Mysuru.",under_investigation,Mysuru,Mysuru South PS,"Near Ratta Circle, Mysuru",12.2743,76.6062,Insp. Tejas Nayak,2025,2,16
KAR/MAN/2024/1919,2024-11-02,05:33:00,cybercrime,"Reported incident of cybercrime at Near Sura Nagar, Mangaluru (Dakshina Kannada).",under_investigation,Mangaluru (Dakshina Kannada),Mangaluru (Dakshina Kannada) Industrial PS,"Near Sura Nagar, Mangaluru (Dakshina Kannada)",12.8958,74.854,Insp. Mohini Prabhu,2024,11,5
KAR/MYS/2024/1920,2024-11-01,11:44:00,chain_snatching,"Reported incident of chain snatching at Near Subramanian Zila, Mysuru. Suspect vehicle noticed with plate KA-43-B-8241.",open,Mysuru,Mysuru North PS,"Near Subramanian Zila, Mysuru",12.2227,76.6096,Insp. Deepa Chakrabarti,2024,11,11
KAR/BEL/2024/1921,2024-05-12,04:46:00,vehicle_theft,"Reported incident of vehicle theft at Near Tata Nagar, Belagavi. Suspect vehicle noticed with plate KA-18-N-2917.",open,Belagavi,Belagavi Traffic PS,"Near Tata Nagar, Belagavi",15.8752,74.498,Insp. Rachita Ghose,2024,5,4
KAR/RAI/2024/1922,2024-07-19,03:49:00,robbery,"Reported incident of robbery at Near Kannan, Raichur. Suspect vehicle noticed with plate KA-46-B-2717.",under_investigation,Raichur,Raichur Traffic PS,"Near Kannan, Raichur",16.1331,77.3426,Insp. Riya Borah,2024,7,3
KAR/RAI/2024/1923,2024-05-10,21:09:00,fraud,"Reported incident of fraud at Near Lad Nagar, Raichur.",chargesheeted,Raichur,Raichur Traffic PS,"Near Lad Nagar, Raichur",16.1708,77.357,Insp. Peter Dara,2024,5,21
KAR/BAL/2024/1924,2025-04-04,01:21:00,chain_snatching,"Reported incident of chain snatching at Near Vohra Path, Ballari. Suspect vehicle noticed with plate KA-48-N-8034.",open,Ballari,Ballari Market PS,"Near Vohra Path, Ballari",15.214,76.8934,Insp. Abhiram Narang,2025,4,1
KAR/BEN/2024/1925,2024-09-25,09:02:00,assault,"Reported incident of assault at Near Venkatesh Marg, Bengaluru Urban.",chargesheeted,Bengaluru Urban,Bengaluru Urban West PS,"Near Venkatesh Marg, Bengaluru Urban",12.9351,77.5393,Insp. Aadi Rau,2024,9,9
KAR/BID/2024/1926,2025-03-23,07:51:00,burglary,"Reported incident of burglary at Near Menon Ganj, Bidar.",under_investigation,Bidar,Bidar Suburban PS,"Near Menon Ganj, Bidar",17.9126,77.5669,Insp. David Sharma,2025,3,7
KAR/BEN/2024/1927,2024-10-22,15:07:00,vehicle_theft,"Reported incident of vehicle theft at Near Vohra Nagar, Bengaluru Urban. Suspect vehicle noticed with plate KA-34-P-2707.",chargesheeted,Bengaluru Urban,Bengaluru Urban Central PS,"Near Vohra Nagar, Bengaluru Urban",12.9558,77.5619,Insp. Harini Cheema,2024,10,15
KAR/BEL/2024/1928,2025-05-21,06:04:00,burglary,"Reported incident of burglary at Near Srinivas Zila, Belagavi.",under_investigation,Belagavi,Belagavi Town PS,"Near Srinivas Zila, Belagavi",15.8672,74.5701,Insp. Devansh Pall,2025,5,6
KAR/KOL/2024/1929,2024-03-07,12:30:00,eve_teasing,"Reported incident of eve teasing at Near Dua Road, Kolar.",under_investigation,Kolar,Kolar Industrial PS,"Near Dua Road, Kolar",13.1429,78.1814,Insp. Prisha Baria,2024,3,12
KAR/VIJ/2024/1930,2024-08-31,16:00:00,hit_and_run,"Reported incident of hit and run at Near Ramesh Chowk, Vijayapura.",under_investigation,Vijayapura,Vijayapura Traffic PS,"Near Ramesh Chowk, Vijayapura",16.8824,75.7268,Insp. Elijah Chopra,2024,8,16
KAR/VIJ/2024/1931,2024-12-30,11:40:00,drug_offence,"Reported incident of drug offence at Near Buch Circle, Vijayapura.",chargesheeted,Vijayapura,Vijayapura Traffic PS,"Near Buch Circle, Vijayapura",16.9235,75.6847,Insp. Gaurav Bhat,2024,12,11
KAR/MAN/2024/1932,2025-03-25,01:33:00,chain_snatching,"Reported incident of chain snatching at Near Sahota, Mandya. Suspect vehicle noticed with plate KA-49-KA-3730.",under_investigation,Mandya,Mandya Market PS,"Near Sahota, Mandya",12.531,76.8738,Insp. Anthony Nori,2025,3,1
KAR/DAV/2024/1933,2024-11-24,01:54:00,vehicle_theft,"Reported incident of vehicle theft at Near Pillay Marg, Davangere. Suspect vehicle noticed with plate KA-37-N-2634.",open,Davangere,Davangere Town PS,"Near Pillay Marg, Davangere",14.417,75.9162,Insp. Harish Arya,2024,11,1
KAR/CHI/2024/1934,2024-01-20,18:33:00,robbery,"Reported incident of robbery at Near Lad Marg, Chikkamagaluru. Suspect vehicle noticed with plate KA-15-B-8107.",under_investigation,Chikkamagaluru,Chikkamagaluru Rural PS,"Near Lad Marg, Chikkamagaluru",13.3475,75.7845,Insp. Raghav Sachdeva,2024,1,18
KAR/MYS/2024/1935,2025-05-19,17:57:00,fraud,"Reported incident of fraud at Near Chaudhuri Zila, Mysuru.",open,Mysuru,Mysuru West PS,"Near Chaudhuri Zila, Mysuru",12.3338,76.5937,Insp. Ayushman Srivastava,2025,5,17
KAR/KOP/2024/1936,2024-05-11,10:33:00,robbery,"Reported incident of robbery at Near Sampath Road, Koppal. Suspect vehicle noticed with plate KA-54-KB-2857.",under_investigation,Koppal,Koppal Market PS,"Near Sampath Road, Koppal",15.3816,76.2063,Insp. Yashawini Borah,2024,5,10
KAR/SHI/2024/1937,2025-03-04,20:05:00,vehicle_theft,"Reported incident of vehicle theft at Near Sabharwal, Shivamogga. Suspect vehicle noticed with plate KA-22-N-3088.",open,Shivamogga,Shivamogga Industrial PS,"Near Sabharwal, Shivamogga",13.8658,75.5741,Insp. Dominic Saha,2025,3,20
KAR/TUM/2024/1938,2024-10-28,09:55:00,cybercrime,"Reported incident of cybercrime at Near Nagar, Tumakuru.",under_investigation,Tumakuru,Tumakuru Industrial PS,"Near Nagar, Tumakuru",13.3401,77.0996,Insp. Zaid Bakshi,2024,10,9
KAR/BEN/2024/1939,2024-10-24,19:13:00,chain_snatching,"Reported incident of chain snatching at Near Lad, Bengaluru Rural. Suspect vehicle noticed with plate KA-15-N-7945.",under_investigation,Bengaluru Rural,Bengaluru Rural Traffic PS,"Near Lad, Bengaluru Rural",13.2833,77.5413,Insp. Madhavi Mitter,2024,10,19
KAR/VIJ/2024/1940,2025-02-26,07:36:00,fraud,"Reported incident of fraud at Near Muni Zila, Vijayapura.",open,Vijayapura,Vijayapura Suburban PS,"Near Muni Zila, Vijayapura",16.7665,75.63,Insp. Benjamin Minhas,2025,2,7
KAR/BEN/2024/1941,2024-08-24,04:09:00,hit_and_run,"Reported incident of hit and run at Near Karnik Zila, Bengaluru Urban.",open,Bengaluru Urban,Bengaluru Urban Central PS,"Near Karnik Zila, Bengaluru Urban",12.9421,77.5554,Insp. Tristan Sheth,2024,8,4
KAR/BEN/2024/1942,2024-11-24,00:49:00,chain_snatching,"Reported incident of chain snatching at Near Chahal Path, Bengaluru Urban. Suspect vehicle noticed with plate KA-12-KA-9864.",open,Bengaluru Urban,Bengaluru Urban South PS,"Near Chahal Path, Bengaluru Urban",12.9893,77.4931,Insp. Yug Rai,2024,11,0
KAR/BAL/2024/1943,2024-12-14,08:48:00,vehicle_theft,"Reported incident of vehicle theft at Near Divan Path, Ballari. Suspect vehicle noticed with plate KA-52-B-8923.",under_investigation,Ballari,Ballari Industrial PS,"Near Divan Path, Ballari",15.1277,76.8998,Insp. Upasna Chatterjee,2024,12,8
KAR/KOP/2024/1944,2025-04-25,01:19:00,robbery,"Reported incident of robbery at Near Kibe Circle, Koppal. Suspect vehicle noticed with plate KA-54-N-4291.",under_investigation,Koppal,Koppal Town PS,"Near Kibe Circle, Koppal",15.2879,76.2117,Insp. Devansh Barad,2025,4,1
KAR/BEN/2024/1945,2024-06-05,11:35:00,kidnapping,"Reported incident of kidnapping at Near Korpal Nagar, Bengaluru Urban.",under_investigation,Bengaluru Urban,Bengaluru Urban East PS,"Near Korpal Nagar, Bengaluru Urban",13.0511,77.6079,Insp. Zilmil Basak,2024,6,11
KAR/BEN/2024/1946,2024-11-25,04:12:00,hit_and_run,"Reported incident of hit and run at Near Kohli Marg, Bengaluru Urban.",open,Bengaluru Urban,Bengaluru Urban North PS,"Near Kohli Marg, Bengaluru Urban",12.9678,77.5683,Insp. Jeremiah Rajan,2024,11,4
KAR/BEN/2024/1947,2025-05-03,07:20:00,burglary,"Reported incident of burglary at Near Uppal Street, Bengaluru Urban.",open,Bengaluru Urban,Bengaluru Urban South PS,"Near Uppal Street, Bengaluru Urban",13.0018,77.5086,Insp. Aradhana Gupta,2025,5,7
KAR/KOL/2024/1948,2024-10-21,18:33:00,chain_snatching,"Reported incident of chain snatching at Near Bhat Street, Kolar. Suspect vehicle noticed with plate KA-20-KB-4482.",open,Kolar,Kolar Suburban PS,"Near Bhat Street, Kolar",13.1247,78.061,Insp. Nachiket Kurian,2024,10,18
KAR/BEN/2024/1949,2024-09-04,18:10:00,cybercrime,"Reported incident of cybercrime at Near Mahal Nagar, Bengaluru Urban.",open,Bengaluru Urban,Bengaluru Urban East PS,"Near Mahal Nagar, Bengaluru Urban",13.0485,77.6175,Insp. Faraj Soman,2024,9,18
KAR/MAN/2024/1950,2025-05-19,06:33:00,chain_snatching,"Reported incident of chain snatching at Near Rai Marg, Mandya. Suspect vehicle noticed with plate KA-02-P-9551.",chargesheeted,Mandya,Mandya Market PS,"Near Rai Marg, Mandya",12.4793,76.8733,Insp. Suhani Chhabra,2025,5,6
KAR/HUB/2024/1951,2024-05-23,05:19:00,cybercrime,"Reported incident of cybercrime at Near Tandon Nagar, Hubballi-Dharwad.",open,Hubballi-Dharwad,Hubballi-Dharwad Industrial PS,"Near Tandon Nagar, Hubballi-Dharwad",15.4241,75.0707,Insp. Tanvi Karpe,2024,5,5
KAR/BEN/2024/1952,2025-04-10,12:57:00,vehicle_theft,"Reported incident of vehicle theft at Near Garde Chowk, Bengaluru Urban. Suspect vehicle noticed with plate KA-44-N-1808.",under_investigation,Bengaluru Urban,Bengaluru Urban Central PS,"Near Garde Chowk, Bengaluru Urban",12.9239,77.5892,Insp. Elijah Wable,2025,4,12
KAR/BEN/2024/1953,2025-02-10,08:32:00,property_crime,"Reported incident of property crime at Near Gupta Path, Bengaluru Urban.",under_investigation,Bengaluru Urban,Bengaluru Urban South PS,"Near Gupta Path, Bengaluru Urban",12.9783,77.5175,Insp. Vansha Varghese,2025,2,8
KAR/BEN/2024/1954,2024-06-01,03:43:00,assault,"Reported incident of assault at Near Roy Marg, Bengaluru Urban.",under_investigation,Bengaluru Urban,Bengaluru Urban Central PS,"Near Roy Marg, Bengaluru Urban",12.9562,77.5501,Insp. Vidhi Dar,2024,6,3
KAR/BEN/2024/1955,2024-11-29,12:46:00,chain_snatching,"Reported incident of chain snatching at Near Rajan Street, Bengaluru Urban. Suspect vehicle noticed with plate KA-04-M-1409.",open,Bengaluru Urban,Bengaluru Urban South PS,"Near Rajan Street, Bengaluru Urban",12.9826,77.5298,Insp. Siya Deshpande,2024,11,12
KAR/BEN/2024/1956,2024-10-18,01:18:00,burglary,"Reported incident of burglary at Near Sunder Path, Bengaluru Rural.",under_investigation,Bengaluru Rural,Bengaluru Rural Central PS,"Near Sunder Path, Bengaluru Rural",13.2272,77.5464,Insp. Nachiket Char,2024,10,1
KAR/KOL/2024/1957,2025-04-09,02:21:00,cybercrime,"Reported incident of cybercrime at Near Baria Ganj, Kolar.",under_investigation,Kolar,Kolar Town PS,"Near Baria Ganj, Kolar",13.2432,78.098,Insp. Daksha Dara,2025,4,2
KAR/UDU/2024/1958,2025-05-13,03:33:00,assault,"Reported incident of assault at Near Dutt Path, Udupi.",open,Udupi,Udupi Market PS,"Near Dutt Path, Udupi",13.3915,74.6964,Insp. Yatan Om,2025,5,3
KAR/BEN/2024/1959,2024-12-11,05:07:00,vehicle_theft,"Reported incident of vehicle theft at Near Chakrabarti Marg, Bengaluru Urban. Suspect vehicle noticed with plate KA-43-P-1387.",open,Bengaluru Urban,Bengaluru Urban East PS,"Near Chakrabarti Marg, Bengaluru Urban",13.0771,77.5692,Insp. Ishanvi Goda,2024,12,5
KAR/BEN/2024/1960,2025-05-25,06:27:00,chain_snatching,"Reported incident of chain snatching at Near Anand Ganj, Bengaluru Urban. Suspect vehicle noticed with plate KA-37-M-9059.",open,Bengaluru Urban,Bengaluru Urban Central PS,"Near Anand Ganj, Bengaluru Urban",12.9034,77.6013,Insp. Tanish Kota,2025,5,6
KAR/KOP/2024/1961,2025-05-11,08:48:00,chain_snatching,"Reported incident of chain snatching at Near Edwin Path, Koppal. Suspect vehicle noticed with plate KA-11-KB-1674.",chargesheeted,Koppal,Koppal Market PS,"Near Edwin Path, Koppal",15.3949,76.2233,Insp. Ishaan Kulkarni,2025,5,8
KAR/HAS/2024/1962,2025-04-15,05:03:00,burglary,"Reported incident of burglary at Near Gokhale Chowk, Hassan.",open,Hassan,Hassan Industrial PS,"Near Gokhale Chowk, Hassan",13.033,76.0735,Insp. Zehaan Naik,2025,4,5
KAR/BEN/2024/1963,2024-03-17,11:55:00,assault,"Reported incident of assault at Near Gera Street, Bengaluru Urban.",under_investigation,Bengaluru Urban,Bengaluru Urban East PS,"Near Gera Street, Bengaluru Urban",13.0578,77.5913,Insp. Yash Tripathi,2024,3,11
KAR/RAI/2024/1964,2025-05-30,23:57:00,robbery,"Reported incident of robbery at Near Bhasin Circle, Raichur. Suspect vehicle noticed with plate KA-47-KA-2407.",open,Raichur,Raichur Traffic PS,"Near Bhasin Circle, Raichur",16.1253,77.3238,Insp. Ethan Shere,2025,5,23
KAR/BEN/2024/1965,2024-03-30,17:04:00,murder,"Reported incident of murder at Near Sami Circle, Bengaluru Urban.",closed,Bengaluru Urban,Bengaluru Urban West PS,"Near Sami Circle, Bengaluru Urban",12.8803,77.5575,Insp. Dalaja Shetty,2024,3,17
KAR/MAN/2024/1966,2024-04-26,04:14:00,assault,"Reported incident of assault at Near Mannan, Mandya.",under_investigation,Mandya,Mandya Industrial PS,"Near Mannan, Mandya",12.5255,76.9677,Insp. Warinder Kohli,2024,4,4
KAR/BEN/2024/1967,2024-08-01,22:05:00,eve_teasing,"Reported incident of eve teasing at Near Mishra Zila, Bengaluru Urban.",under_investigation,Bengaluru Urban,Bengaluru Urban South PS,"Near Mishra Zila, Bengaluru Urban",12.9774,77.5022,Insp. Dipta Biswas,2024,8,22
KAR/BEN/2024/1968,2024-12-27,16:51:00,robbery,"Reported incident of robbery at Near Lala Ganj, Bengaluru Urban. Suspect vehicle noticed with plate KA-17-KA-2796.",chargesheeted,Bengaluru Urban,Bengaluru Urban West PS,"Near Lala Ganj, Bengaluru Urban",12.928,77.5396,Insp. Ishita Krishnan,2024,12,16
KAR/BEN/2024/1969,2024-12-24,17:20:00,burglary,"Reported incident of burglary at Near Apte, Bengaluru Urban.",open,Bengaluru Urban,Bengaluru Urban West PS,"Near Apte, Bengaluru Urban",12.9152,77.5485,Insp. Sachi Arora,2024,12,17
KAR/BEN/2024/1970,2024-09-10,00:25:00,assault,"Reported incident of assault at Near Pandey Street, Bengaluru Urban.",closed,Bengaluru Urban,Bengaluru Urban West PS,"Near Pandey Street, Bengaluru Urban",12.9293,77.58,Insp. Ekantika Nagy,2024,9,0
KAR/BEN/2024/1971,2024-09-16,03:12:00,robbery,"Reported incident of robbery at Near Sibal Circle, Bengaluru Urban. Suspect vehicle noticed with plate KA-32-M-9328.",under_investigation,Bengaluru Urban,Bengaluru Urban Central PS,"Near Sibal Circle, Bengaluru Urban",12.9119,77.5637,Insp. Kashvi Pall,2024,9,3
KAR/DAV/2024/1972,2024-03-28,23:46:00,robbery,"Reported incident of robbery at Near Karpe Circle, Davangere. Suspect vehicle noticed with plate KA-42-A-2533.",open,Davangere,Davangere Market PS,"Near Karpe Circle, Davangere",14.4158,75.8372,Insp. Ria Yogi,2024,3,23
KAR/DAV/2024/1973,2024-01-21,12:11:00,fraud,"Reported incident of fraud at Near Butala Circle, Davangere.",open,Davangere,Davangere Market PS,"Near Butala Circle, Davangere",14.4271,75.853,Insp. Unnati Bobal,2024,1,12
KAR/KOP/2024/1974,2024-09-02,11:51:00,murder,"Reported incident of murder at Near Andra Zila, Koppal.",chargesheeted,Koppal,Koppal Market PS,"Near Andra Zila, Koppal",15.3695,76.2377,Insp. Hemani Tak,2024,9,11
KAR/BEN/2024/1975,2024-09-22,14:19:00,property_crime,"Reported incident of property crime at Near Ahluwalia Marg, Bengaluru Rural.",under_investigation,Bengaluru Rural,Bengaluru Rural North PS,"Near Ahluwalia Marg, Bengaluru Rural",13.2359,77.5219,Insp. Maya Morar,2024,9,14
KAR/BEN/2024/1976,2024-12-19,11:44:00,fraud,"Reported incident of fraud at Near Ramaswamy Circle, Bengaluru Urban.",closed,Bengaluru Urban,Bengaluru Urban South PS,"Near Ramaswamy Circle, Bengaluru Urban",12.9707,77.5005,Insp. Harini Sandhu,2024,12,11
KAR/BEN/2024/1977,2025-02-09,22:44:00,murder,"Reported incident of murder at Near Doctor Nagar, Bengaluru Urban.",open,Bengaluru Urban,Bengaluru Urban East PS,"Near Doctor Nagar, Bengaluru Urban",13.0397,77.5729,Insp. Xavier Sachar,2025,2,22
KAR/BAL/2024/1978,2025-01-13,00:25:00,chain_snatching,"Reported incident of chain snatching at Near Warrior Ganj, Ballari. Suspect vehicle noticed with plate KA-09-M-9167.",under_investigation,Ballari,Ballari Industrial PS,"Near Warrior Ganj, Ballari",15.0945,76.9177,Insp. Shivansh Sarna,2025,1,0
KAR/VIJ/2024/1979,2025-03-19,18:24:00,assault,"Reported incident of assault at Near Sarraf Chowk, Vijayapura.",open,Vijayapura,Vijayapura Traffic PS,"Near Sarraf Chowk, Vijayapura",16.8858,75.728,Insp. Netra Lal,2025,3,18
KAR/DAV/2024/1980,2024-03-24,13:35:00,vehicle_theft,"Reported incident of vehicle theft at Near Pingle Road, Davangere. Suspect vehicle noticed with plate KA-36-KB-9956.",chargesheeted,Davangere,Davangere Market PS,"Near Pingle Road, Davangere",14.4487,75.8659,Insp. Shaurya Dewan,2024,3,13
KAR/CHI/2024/1981,2024-05-04,11:46:00,robbery,"Reported incident of robbery at Near Anne Street, Chikkamagaluru. Suspect vehicle noticed with plate KA-50-KB-9750.",open,Chikkamagaluru,Chikkamagaluru Rural PS,"Near Anne Street, Chikkamagaluru",13.3461,75.7724,Insp. Oscar Chahal,2024,5,11
KAR/BEN/2024/1982,2024-01-30,19:25:00,vehicle_theft,"Reported incident of vehicle theft at Near Bedi, Bengaluru Urban. Suspect vehicle noticed with plate KA-39-P-2653.",open,Bengaluru Urban,Bengaluru Urban North PS,"Near Bedi, Bengaluru Urban",12.9485,77.591,Insp. Balhaar Sha,2024,1,19
KAR/BEN/2024/1983,2024-09-02,04:05:00,burglary,"Reported incident of burglary at Near Hans Ganj, Bengaluru Urban.",open,Bengaluru Urban,Bengaluru Urban North PS,"Near Hans Ganj, Bengaluru Urban",12.9574,77.5857,Insp. Radha Pau,2024,9,4
KAR/UDU/2024/1984,2024-12-14,19:58:00,chain_snatching,"Reported incident of chain snatching at Near Mohan Path, Udupi. Suspect vehicle noticed with plate KA-48-M-3568.",closed,Udupi,Udupi Market PS,"Near Mohan Path, Udupi",13.3843,74.6505,Insp. Girik Gara,2024,12,19
KAR/KOP/2024/1985,2024-10-18,01:22:00,vehicle_theft,"Reported incident of vehicle theft at Near Vasa Street, Koppal. Suspect vehicle noticed with plate KA-07-A-9698.",open,Koppal,Koppal Traffic PS,"Near Vasa Street, Koppal",15.3674,76.172,Insp. Nicholas Chakraborty,2024,10,1
KAR/UDU/2024/1986,2024-09-15,22:58:00,property_crime,"Reported incident of property crime at Near Sastry Nagar, Udupi.",chargesheeted,Udupi,Udupi Rural PS,"Near Sastry Nagar, Udupi",13.3956,74.7485,Insp. Ranveer Yadav,2024,9,22
KAR/UDU/2024/1987,2024-10-31,00:46:00,burglary,"Reported incident of burglary at Near Saxena Chowk, Udupi.",open,Udupi,Udupi Market PS,"Near Saxena Chowk, Udupi",13.4115,74.6731,Insp. Girish Bhagat,2024,10,0
KAR/BEL/2024/1988,2024-01-07,02:29:00,fraud,"Reported incident of fraud at Near Dewan Street, Belagavi.",under_investigation,Belagavi,Belagavi Traffic PS,"Near Dewan Street, Belagavi",15.8944,74.515,Insp. Aradhana Malhotra,2024,1,2
KAR/KOL/2024/1989,2024-02-06,04:10:00,drug_offence,"Reported incident of drug offence at Near Chawla Circle, Kolar.",under_investigation,Kolar,Kolar Market PS,"Near Chawla Circle, Kolar",13.2296,78.2307,Insp. George Babu,2024,2,4
KAR/BEN/2024/1990,2025-04-08,10:02:00,domestic_violence,"Reported incident of domestic violence at Near Luthra Road, Bengaluru Rural.",open,Bengaluru Rural,Bengaluru Rural North PS,"Near Luthra Road, Bengaluru Rural",13.2423,77.5004,Insp. Robert Saran,2025,4,10
KAR/DAV/2024/1991,2024-07-09,21:12:00,robbery,"Reported incident of robbery at Near Ratti Marg, Davangere. Suspect vehicle noticed with plate KA-16-KA-7577.",open,Davangere,Davangere Suburban PS,"Near Ratti Marg, Davangere",14.4883,75.9815,Insp. Sachi Nayar,2024,7,21
KAR/BEN/2024/1992,2024-10-20,16:57:00,vehicle_theft,"Reported incident of vehicle theft at Near Seshadri Street, Bengaluru Urban. Suspect vehicle noticed with plate KA-22-N-6385.",under_investigation,Bengaluru Urban,Bengaluru Urban Traffic PS,"Near Seshadri Street, Bengaluru Urban",12.9438,77.6569,Insp. Charita Kari,2024,10,16
KAR/BEN/2024/1993,2024-08-18,05:56:00,property_crime,"Reported incident of property crime at Near Chakrabarti Circle, Bengaluru Urban.",chargesheeted,Bengaluru Urban,Bengaluru Urban Central PS,"Near Chakrabarti Circle, Bengaluru Urban",12.9258,77.5622,Insp. Inaya Ghose,2024,8,5
KAR/CHI/2024/1994,2024-10-14,18:55:00,robbery,"Reported incident of robbery at Near Walla, Chikkamagaluru. Suspect vehicle noticed with plate KA-04-P-5053.",open,Chikkamagaluru,Chikkamagaluru Suburban PS,"Near Walla, Chikkamagaluru",13.4224,75.8362,Insp. Ronith Dada,2024,10,18
KAR/HUB/2024/1995,2025-05-13,08:11:00,assault,"Reported incident of assault at Near Hegde Circle, Hubballi-Dharwad.",open,Hubballi-Dharwad,Hubballi-Dharwad Industrial PS,"Near Hegde Circle, Hubballi-Dharwad",15.4055,75.0478,Insp. Noah Tailor,2025,5,8
KAR/RAI/2024/1996,2024-12-22,01:14:00,cybercrime,"Reported incident of cybercrime at Near Goswami Marg, Raichur.",open,Raichur,Raichur Town PS,"Near Goswami Marg, Raichur",16.141,77.3455,Insp. Christopher Jani,2024,12,1
KAR/BEN/2024/1997,2024-09-29,10:17:00,burglary,"Reported incident of burglary at Near Bava Chowk, Bengaluru Urban.",open,Bengaluru Urban,Bengaluru Urban North PS,"Near Bava Chowk, Bengaluru Urban",12.9767,77.6254,Insp. Nandini Sehgal,2024,9,10
KAR/MYS/2024/1998,2024-04-25,18:22:00,cybercrime,"Reported incident of cybercrime at Near Peri Circle, Mysuru.",open,Mysuru,Mysuru East PS,"Near Peri Circle, Mysuru",12.2961,76.6561,Insp. Samarth Chander,2024,4,18
KAR/SHI/2024/1999,2024-12-15,11:40:00,assault,"Reported incident of assault at Near Saha Chowk, Shivamogga.",open,Shivamogga,Shivamogga Suburban PS,"Near Saha Chowk, Shivamogga",13.9398,75.6037,Insp. Lajita Pillay,2024,12,11
KAR/BAL/2024/2000,2024-05-11,23:51:00,murder,"Reported incident of murder at Near Venkatesh Path, Ballari.",open,Ballari,Ballari Rural PS,"Near Venkatesh Path, Ballari",15.1832,76.9033,Insp. Odika Parikh,2024,5,23
KAR/VIJ/2024/2001,2024-12-08,19:15:00,vehicle_theft,"Reported incident of vehicle theft at Near Nath Zila, Vijayapura. Suspect vehicle noticed with plate KA-09-N-7238.",open,Vijayapura,Vijayapura Town PS,"Near Nath Zila, Vijayapura",16.8794,75.787,Insp. Ikshita Gulati,2024,12,19
KAR/BEN/2024/2002,2024-01-31,15:34:00,fraud,"Reported incident of fraud at Near Balasubramanian Ganj, Bengaluru Urban.",open,Bengaluru Urban,Bengaluru Urban Central PS,"Near Balasubramanian Ganj, Bengaluru Urban",12.9474,77.6066,Insp. Samesh Chaudhari,2024,1,15
KAR/BEN/2024/2003,2024-03-06,18:46:00,burglary,"Reported incident of burglary at Near Deshpande Circle, Bengaluru Urban.",open,Bengaluru Urban,Bengaluru Urban North PS,"Near Deshpande Circle, Bengaluru Urban",12.961,77.5837,Insp. Banjeet Bhatia,2024,3,18
KAR/BEN/2024/2004,2024-12-13,17:03:00,fraud,"Reported incident of fraud at Near Bhalla Ganj, Bengaluru Urban.",open,Bengaluru Urban,Bengaluru Urban Central PS,"Near Bhalla Ganj, Bengaluru Urban",12.9343,77.5956,Insp. Lucky Kapoor,2024,12,17
KAR/BEN/2024/2005,2024-06-30,04:58:00,fraud,"Reported incident of fraud at Near Patla Circle, Bengaluru Urban.",under_investigation,Bengaluru Urban,Bengaluru Urban South PS,"Near Patla Circle, Bengaluru Urban",12.9949,77.4989,Insp. Matthew Oak,2024,6,4
KAR/BEN/2024/2006,2024-01-28,13:29:00,vehicle_theft,"Reported incident of vehicle theft at Near Jaggi Ganj, Bengaluru Urban. Suspect vehicle noticed with plate KA-33-A-2923.",open,Bengaluru Urban,Bengaluru Urban East PS,"Near Jaggi Ganj, Bengaluru Urban",13.0655,77.6184,Insp. Manthan Varkey,2024,1,13
KAR/SHI/2024/2007,2024-11-16,20:02:00,chain_snatching,"Reported incident of chain snatching at Near Sagar Marg, Shivamogga. Suspect vehicle noticed with plate KA-06-P-3689.",under_investigation,Shivamogga,Shivamogga Town PS,"Near Sagar Marg, Shivamogga",14.0123,75.6452,Insp. Udarsh Bala,2024,11,20
KAR/BAL/2024/2008,2024-01-02,03:59:00,domestic_violence,"Reported incident of domestic violence at Near Nazareth Road, Ballari.",under_investigation,Ballari,Ballari Rural PS,"Near Nazareth Road, Ballari",15.1358,76.9302,Insp. Reva Kurian,2024,1,3
KAR/DAV/2024/2009,2024-07-28,05:41:00,burglary,"Reported incident of burglary at Near Dey Chowk, Davangere.",under_investigation,Davangere,Davangere Town PS,"Near Dey Chowk, Davangere",14.4184,75.9121,Insp. Pranav Saraf,2024,7,5
KAR/BEL/2024/2010,2024-09-19,23:37:00,robbery,"Reported incident of robbery at Near Gill Road, Belagavi. Suspect vehicle noticed with plate KA-48-B-1205.",under_investigation,Belagavi,Belagavi Market PS,"Near Gill Road, Belagavi",15.77,74.4682,Insp. Gaurika Bumb,2024,9,23
KAR/BEN/2024/2011,2024-03-23,14:54:00,assault,"Reported incident of assault at Near Saran Chowk, Bengaluru Rural.",under_investigation,Bengaluru Rural,Bengaluru Rural Traffic PS,"Near Saran Chowk, Bengaluru Rural",13.3119,77.5276,Insp. Baghyawati Nanda,2024,3,14
KAR/BEN/2024/2012,2024-11-02,13:06:00,fraud,"Reported incident of fraud at Near Brahmbhatt Nagar, Bengaluru Urban.",under_investigation,Bengaluru Urban,Bengaluru Urban West PS,"Near Brahmbhatt Nagar, Bengaluru Urban",12.9253,77.5457,Insp. Elijah Sami,2024,11,13
KAR/HUB/2024/2013,2024-10-24,15:11:00,vehicle_theft,"Reported incident of vehicle theft at Near Srinivas Zila, Hubballi-Dharwad. Suspect vehicle noticed with plate KA-17-A-9907.",open,Hubballi-Dharwad,Hubballi-Dharwad Rural PS,"Near Srinivas Zila, Hubballi-Dharwad",15.3138,75.167,Insp. Qushi Patla,2024,10,15
KAR/KOP/2024/2014,2025-02-12,05:42:00,vehicle_theft,"Reported incident of vehicle theft at Near Sandal Ganj, Koppal. Suspect vehicle noticed with plate KA-37-KB-1468.",open,Koppal,Koppal Rural PS,"Near Sandal Ganj, Koppal",15.4148,76.1992,Insp. Chatresh Joshi,2025,2,5
KAR/BEN/2024/2015,2024-05-12,08:30:00,eve_teasing,"Reported incident of eve teasing at Near Parekh Road, Bengaluru Urban.",open,Bengaluru Urban,Bengaluru Urban West PS,"Near Parekh Road, Bengaluru Urban",12.8964,77.5606,Insp. Harrison Modi,2024,5,8
KAR/TUM/2024/2016,2024-03-11,12:16:00,cybercrime,"Reported incident of cybercrime at Near Master Street, Tumakuru.",closed,Tumakuru,Tumakuru Market PS,"Near Master Street, Tumakuru",13.337,77.1198,Insp. Rajeshri Sama,2024,3,12
KAR/BEN/2024/2017,2025-04-29,22:33:00,cybercrime,"Reported incident of cybercrime at Near Balakrishnan Nagar, Bengaluru Urban.",open,Bengaluru Urban,Bengaluru Urban Traffic PS,"Near Balakrishnan Nagar, Bengaluru Urban",12.9765,77.6599,Insp. Aarav Setty,2025,4,22
KAR/TUM/2024/2018,2024-07-05,07:10:00,burglary,"Reported incident of burglary at Near Manne Chowk, Tumakuru.",under_investigation,Tumakuru,Tumakuru Town PS,"Near Manne Chowk, Tumakuru",13.2462,77.1117,Insp. Tara Lal,2024,7,7
KAR/BEN/2024/2019,2025-04-14,22:38:00,fraud,"Reported incident of fraud at Near Das Path, Bengaluru Urban.",open,Bengaluru Urban,Bengaluru Urban East PS,"Near Das Path, Bengaluru Urban",13.0512,77.6005,Insp. Ishani Sandhu,2025,4,22
KAR/UDU/2024/2020,2024-10-10,00:28:00,chain_snatching,"Reported incident of chain snatching at Near Virk Path, Udupi. Suspect vehicle noticed with plate KA-44-B-9907.",open,Udupi,Udupi Industrial PS,"Near Virk Path, Udupi",13.2863,74.7541,Insp. Garima Pandya,2024,10,0
KAR/VIJ/2024/2021,2024-07-22,06:56:00,vehicle_theft,"Reported incident of vehicle theft at Near D’Alia Ganj, Vijayapura. Suspect vehicle noticed with plate KA-25-M-2800.",open,Vijayapura,Vijayapura Market PS,"Near D’Alia Ganj, Vijayapura",16.8391,75.7628,Insp. Aahana Mannan,2024,7,6
KAR/KAL/2024/2022,2025-01-04,16:12:00,robbery,"Reported incident of robbery at Near Jha Chowk, Kalaburagi. Suspect vehicle noticed with plate KA-48-N-5383.",open,Kalaburagi,Kalaburagi Suburban PS,"Near Jha Chowk, Kalaburagi",17.277,76.862,Insp. Kashvi Korpal,2025,1,16
KAR/BEN/2024/2023,2024-06-06,06:43:00,assault,"Reported incident of assault at Near Bir Chowk, Bengaluru Urban.",under_investigation,Bengaluru Urban,Bengaluru Urban West PS,"Near Bir Chowk, Bengaluru Urban",12.9259,77.5577,Insp. Upasna Hegde,2024,6,6
KAR/MAN/2024/2024,2024-03-08,04:20:00,property_crime,"Reported incident of property crime at Near Trivedi Circle, Mandya.",under_investigation,Mandya,Mandya Traffic PS,"Near Trivedi Circle, Mandya",12.5393,76.9247,Insp. Anvi Palla,2024,3,4
KAR/BEN/2024/2025,2024-12-02,14:12:00,chain_snatching,"Reported incident of chain snatching at Near Raghavan Zila, Bengaluru Urban. Suspect vehicle noticed with plate KA-27-KB-4277.",under_investigation,Bengaluru Urban,Bengaluru Urban South PS,"Near Raghavan Zila, Bengaluru Urban",12.9661,77.5245,Insp. Quincy Sampath,2024,12,14
KAR/KOP/2024/2026,2024-10-16,10:08:00,vehicle_theft,"Reported incident of vehicle theft at Near Sachdev Ganj, Koppal. Suspect vehicle noticed with plate KA-47-M-6019.",closed,Koppal,Koppal Market PS,"Near Sachdev Ganj, Koppal",15.3864,76.2133,Insp. Anamika Sinha,2024,10,10
KAR/UDU/2024/2027,2024-03-29,16:22:00,robbery,"Reported incident of robbery at Near Tank Marg, Udupi. Suspect vehicle noticed with plate KA-07-N-2967.",open,Udupi,Udupi Industrial PS,"Near Tank Marg, Udupi",13.2796,74.76,Insp. Charles Tank,2024,3,16
KAR/TUM/2024/2028,2024-09-11,09:41:00,fraud,"Reported incident of fraud at Near Vyas Ganj, Tumakuru.",open,Tumakuru,Tumakuru Town PS,"Near Vyas Ganj, Tumakuru",13.2393,77.0841,Insp. Devansh Kanda,2024,9,9
KAR/RAI/2024/2029,2024-12-09,14:19:00,vehicle_theft,"Reported incident of vehicle theft at Near Shan Ganj, Raichur. Suspect vehicle noticed with plate KA-13-A-5791.",open,Raichur,Raichur Rural PS,"Near Shan Ganj, Raichur",16.1871,77.2506,Insp. Waida Banerjee,2024,12,14
KAR/BID/2024/2030,2025-01-03,15:23:00,burglary,"Reported incident of burglary at Near Dara Road, Bidar.",open,Bidar,Bidar Traffic PS,"Near Dara Road, Bidar",17.9135,77.4657,Insp. Yashasvi Goswami,2025,1,15
KAR/BID/2024/2031,2025-05-04,16:15:00,assault,"Reported incident of assault at Near Badal Zila, Bidar.",closed,Bidar,Bidar Traffic PS,"Near Badal Zila, Bidar",17.8777,77.4777,Insp. Madhavi Arya,2025,5,16
KAR/KAL/2024/2032,2024-04-25,12:38:00,cybercrime,"Reported incident of cybercrime at Near Sandhu Ganj, Kalaburagi.",under_investigation,Kalaburagi,Kalaburagi Traffic PS,"Near Sandhu Ganj, Kalaburagi",17.2909,76.7819,Insp. Varsha Madan,2024,4,12
KAR/TUM/2024/2033,2024-04-17,09:56:00,assault,"Reported incident of assault at Near Talwar Path, Tumakuru.",open,Tumakuru,Tumakuru Market PS,"Near Talwar Path, Tumakuru",13.3171,77.0976,Insp. Chanakya D’Alia,2024,4,9
KAR/KOL/2024/2034,2024-05-23,06:21:00,cybercrime,"Reported incident of cybercrime at Near Verma Marg, Kolar.",open,Kolar,Kolar Industrial PS,"Near Verma Marg, Kolar",13.1175,78.2009,Insp. Pallavi Sarma,2024,5,6
KAR/CHI/2024/2035,2024-04-03,01:05:00,fraud,"Reported incident of fraud at Near Chawla Chowk, Chikkamagaluru.",open,Chikkamagaluru,Chikkamagaluru Suburban PS,"Near Chawla Chowk, Chikkamagaluru",13.3992,75.8505,Insp. Priya Master,2024,4,1
KAR/HAS/2024/2036,2024-11-21,13:44:00,fraud,"Reported incident of fraud at Near Bhatia Circle, Hassan.",open,Hassan,Hassan Industrial PS,"Near Bhatia Circle, Hassan",13.0376,76.0798,Insp. Ayushman Sahota,2024,11,13
KAR/BEN/2024/2037,2025-03-02,10:29:00,fraud,"Reported incident of fraud at Near Puri Marg, Bengaluru Urban.",open,Bengaluru Urban,Bengaluru Urban Central PS,"Near Puri Marg, Bengaluru Urban",12.9306,77.5962,Insp. Oviya Dora,2025,3,10
KAR/KOP/2024/2038,2024-09-27,04:45:00,drug_offence,"Reported incident of drug offence at Near Ahuja, Koppal.",chargesheeted,Koppal,Koppal Market PS,"Near Ahuja, Koppal",15.395,76.216,Insp. Pranit Sule,2024,9,4
KAR/KAL/2024/2039,2024-11-21,15:04:00,domestic_violence,"Reported incident of domestic violence at Near Warrior Path, Kalaburagi.",open,Kalaburagi,Kalaburagi Suburban PS,"Near Warrior Path, Kalaburagi",17.2237,76.8339,Insp. Victor Virk,2024,11,15
KAR/MAN/2024/2040,2024-07-10,03:28:00,robbery,"Reported incident of robbery at Near Bhat Path, Mandya. Suspect vehicle noticed with plate KA-35-N-5684.",under_investigation,Mandya,Mandya Industrial PS,"Near Bhat Path, Mandya",12.5293,76.9521,Insp. Shaurya Comar,2024,7,3
KAR/BEN/2024/2041,2024-04-20,07:51:00,assault,"Reported incident of assault at Near Sachar Nagar, Bengaluru Urban.",open,Bengaluru Urban,Bengaluru Urban Traffic PS,"Near Sachar Nagar, Bengaluru Urban",13.0,77.6685,Insp. Chatura De,2024,4,7
KAR/BEN/2024/2042,2024-11-16,13:35:00,vehicle_theft,"Reported incident of vehicle theft at Near Gokhale Circle, Bengaluru Urban. Suspect vehicle noticed with plate KA-37-P-2363.",open,Bengaluru Urban,Bengaluru Urban North PS,"Near Gokhale Circle, Bengaluru Urban",12.9403,77.6207,Insp. Bhanumati Mani,2024,11,13
KAR/KOP/2024/2043,2025-01-23,02:04:00,vehicle_theft,"Reported incident of vehicle theft at Near Pingle, Koppal. Suspect vehicle noticed with plate KA-03-KB-7536.",under_investigation,Koppal,Koppal Traffic PS,"Near Pingle, Koppal",15.3709,76.2143,Insp. Caleb Deo,2025,1,2
KAR/BEN/2024/2044,2024-11-12,00:46:00,chain_snatching,"Reported incident of chain snatching at Near Bhalla Ganj, Bengaluru Urban. Suspect vehicle noticed with plate KA-37-P-7257.",open,Bengaluru Urban,Bengaluru Urban North PS,"Near Bhalla Ganj, Bengaluru Urban",12.939,77.5999,Insp. Fiyaz Dhillon,2024,11,0
KAR/SHI/2024/2045,2024-12-08,20:10:00,chain_snatching,"Reported incident of chain snatching at Near Sura Road, Shivamogga. Suspect vehicle noticed with plate KA-25-P-9557.",chargesheeted,Shivamogga,Shivamogga Town PS,"Near Sura Road, Shivamogga",13.9672,75.6469,Insp. Unni Ratti,2024,12,20
KAR/BEN/2024/2046,2025-05-21,17:43:00,property_crime,"Reported incident of property crime at Near Agarwal, Bengaluru Urban.",open,Bengaluru Urban,Bengaluru Urban West PS,"Near Agarwal, Bengaluru Urban",12.9308,77.5659,Insp. Panini Pandit,2025,5,17
KAR/HAS/2024/2047,2024-11-20,15:33:00,drug_offence,"Reported incident of drug offence at Near Tak Path, Hassan.",open,Hassan,Hassan Suburban PS,"Near Tak Path, Hassan",13.0751,76.0792,Insp. Rachita Krish,2024,11,15
KAR/BEN/2024/2048,2024-01-28,03:44:00,hit_and_run,"Reported incident of hit and run at Near Bora, Bengaluru Urban.",under_investigation,Bengaluru Urban,Bengaluru Urban Traffic PS,"Near Bora, Bengaluru Urban",12.967,77.6656,Insp. Harish Sathe,2024,1,3
KAR/MAN/2024/2049,2024-06-16,20:47:00,hit_and_run,"Reported incident of hit and run at Near Viswanathan Street, Mandya.",under_investigation,Mandya,Mandya Market PS,"Near Viswanathan Street, Mandya",12.5219,76.8638,Insp. Damini Narayanan,2024,6,20
KAR/RAI/2024/2050,2025-05-21,04:22:00,assault,"Reported incident of assault at Near Bawa Nagar, Raichur.",under_investigation,Raichur,Raichur Town PS,"Near Bawa Nagar, Raichur",16.1404,77.3707,Insp. Nilima Nadig,2025,5,4
KAR/KAL/2024/2051,2025-06-01,12:18:00,assault,"Reported incident of assault at Near Lala Chowk, Kalaburagi.",open,Kalaburagi,Kalaburagi Industrial PS,"Near Lala Chowk, Kalaburagi",17.2577,76.8861,Insp. Aayush Dada,2025,6,12
KAR/KOL/2024/2052,2024-10-23,12:46:00,vehicle_theft,"Reported incident of vehicle theft at Near Narula Road, Kolar. Suspect vehicle noticed with plate KA-18-A-1763.",under_investigation,Kolar,Kolar Market PS,"Near Narula Road, Kolar",13.2205,78.2007,Insp. Libni Chanda,2024,10,12
KAR/TUM/2024/2053,2024-01-01,05:55:00,vehicle_theft,"Reported incident of vehicle theft at Near Bala Ganj, Tumakuru. Suspect vehicle noticed with plate KA-12-KB-4867.",open,Tumakuru,Tumakuru Industrial PS,"Near Bala Ganj, Tumakuru",13.3227,77.1135,Insp. Jairaj Datta,2024,1,5
KAR/BEN/2024/2054,2025-05-22,03:47:00,assault,"Reported incident of assault at Near Kibe, Bengaluru Urban.",under_investigation,Bengaluru Urban,Bengaluru Urban South PS,"Near Kibe, Bengaluru Urban",12.9607,77.5344,Insp. Arunima Bhargava,2025,5,3
KAR/SHI/2024/2055,2024-06-23,01:53:00,eve_teasing,"Reported incident of eve teasing at Near Chand Nagar, Shivamogga.",open,Shivamogga,Shivamogga Traffic PS,"Near Chand Nagar, Shivamogga",14.0073,75.6015,Insp. Ojasvi Ram,2024,6,1
KAR/BEN/2024/2056,2024-05-19,23:14:00,cybercrime,"Reported incident of cybercrime at Near Arora Chowk, Bengaluru Urban.",under_investigation,Bengaluru Urban,Bengaluru Urban Traffic PS,"Near Arora Chowk, Bengaluru Urban",12.9417,77.6776,Insp. Pushti Aggarwal,2024,5,23
KAR/KOP/2024/2057,2024-10-29,18:07:00,robbery,"Reported incident of robbery at Near Oommen, Koppal. Suspect vehicle noticed with plate KA-49-N-9281.",under_investigation,Koppal,Koppal Suburban PS,"Near Oommen, Koppal",15.3678,76.2459,Insp. Diya Rastogi,2024,10,18
KAR/HUB/2024/2058,2025-02-25,20:33:00,burglary,"Reported incident of burglary at Near Dayal Street, Hubballi-Dharwad.",open,Hubballi-Dharwad,Hubballi-Dharwad Suburban PS,"Near Dayal Street, Hubballi-Dharwad",15.4122,75.0998,Insp. Zaitra Joshi,2025,2,20
KAR/BEL/2024/2059,2025-05-01,02:15:00,vehicle_theft,"Reported incident of vehicle theft at Near Ratti Zila, Belagavi. Suspect vehicle noticed with plate KA-27-P-4296.",chargesheeted,Belagavi,Belagavi Suburban PS,"Near Ratti Zila, Belagavi",15.8409,74.4584,Insp. Jyoti Srinivas,2025,5,2
KAR/MAN/2024/2060,2024-11-22,01:41:00,murder,"Reported incident of murder at Near Devi Circle, Mandya.",open,Mandya,Mandya Traffic PS,"Near Devi Circle, Mandya",12.5309,76.9022,Insp. Janani Issac,2024,11,1
KAR/BEN/2024/2061,2024-11-14,07:59:00,kidnapping,"Reported incident of kidnapping at Near Sem Zila, Bengaluru Urban.",open,Bengaluru Urban,Bengaluru Urban North PS,"Near Sem Zila, Bengaluru Urban",12.9339,77.6014,Insp. Bachittar Sharma,2024,11,7
KAR/MAN/2024/2062,2025-02-03,08:37:00,hit_and_run,"Reported incident of hit and run at Near Dutt Road, Mangaluru (Dakshina Kannada).",open,Mangaluru (Dakshina Kannada),Mangaluru (Dakshina Kannada) Market PS,"Near Dutt Road, Mangaluru (Dakshina Kannada)",13.0093,74.8844,Insp. Nilima Wable,2025,2,8
KAR/BEN/2024/2063,2024-11-18,20:10:00,chain_snatching,"Reported incident of chain snatching at Near Dasgupta Street, Bengaluru Urban. Suspect vehicle noticed with plate KA-06-KB-8583.",under_investigation,Bengaluru Urban,Bengaluru Urban South PS,"Near Dasgupta Street, Bengaluru Urban",12.9763,77.5439,Insp. Lavanya Sur,2024,11,20
KAR/UDU/2024/2064,2024-11-13,16:48:00,hit_and_run,"Reported incident of hit and run at Near Choudhry Circle, Udupi.",open,Udupi,Udupi Rural PS,"Near Choudhry Circle, Udupi",13.3965,74.7273,Insp. Samar Majumdar,2024,11,16
KAR/BEN/2024/2065,2024-02-26,19:06:00,burglary,"Reported incident of burglary at Near Bhandari Ganj, Bengaluru Urban.",chargesheeted,Bengaluru Urban,Bengaluru Urban Central PS,"Near Bhandari Ganj, Bengaluru Urban",12.9372,77.5885,Insp. Chameli Sastry,2024,2,19
KAR/KAL/2024/2066,2024-11-17,02:25:00,vehicle_theft,"Reported incident of vehicle theft at Near Deep Zila, Kalaburagi. Suspect vehicle noticed with plate KA-29-N-6613.",open,Kalaburagi,Kalaburagi Rural PS,"Near Deep Zila, Kalaburagi",17.282,76.7447,Insp. Simon Dara,2024,11,2
KAR/BEN/2024/2067,2024-11-06,10:48:00,cybercrime,"Reported incident of cybercrime at Near Rau Nagar, Bengaluru Urban.",open,Bengaluru Urban,Bengaluru Urban North PS,"Near Rau Nagar, Bengaluru Urban",12.9691,77.5927,Insp. Saumya Dugar,2024,11,10
KAR/BEN/2024/2068,2024-12-06,12:23:00,vehicle_theft,"Reported incident of vehicle theft at Near Master Ganj, Bengaluru Urban. Suspect vehicle noticed with plate KA-14-P-8562.",open,Bengaluru Urban,Bengaluru Urban Central PS,"Near Master Ganj, Bengaluru Urban",12.9171,77.6013,Insp. Gagan Raval,2024,12,12
KAR/BID/2024/2069,2025-05-12,06:42:00,kidnapping,"Reported incident of kidnapping at Near Khosla Marg, Bidar.",under_investigation,Bidar,Bidar Suburban PS,"Near Khosla Marg, Bidar",17.8929,77.5358,Insp. Vanya Chaudhuri,2025,5,6
KAR/BEN/2024/2070,2024-12-26,11:23:00,vehicle_theft,"Reported incident of vehicle theft at Near Rao Marg, Bengaluru Urban. Suspect vehicle noticed with plate KA-55-KB-7093.",open,Bengaluru Urban,Bengaluru Urban North PS,"Near Rao Marg, Bengaluru Urban",12.9494,77.5791,Insp. Isaac Bali,2024,12,11
KAR/RAI/2024/2071,2024-07-15,07:49:00,fraud,"Reported incident of fraud at Near Barad Road, Raichur.",open,Raichur,Raichur Town PS,"Near Barad Road, Raichur",16.1128,77.3739,Insp. Bachittar Modi,2024,7,7
KAR/BEN/2024/2072,2024-10-04,19:10:00,vehicle_theft,"Reported incident of vehicle theft at Near Chacko Ganj, Bengaluru Urban. Suspect vehicle noticed with plate KA-48-M-3629.",under_investigation,Bengaluru Urban,Bengaluru Urban East PS,"Near Chacko Ganj, Bengaluru Urban",13.0321,77.5951,Insp. Ekiya Kalla,2024,10,19
KAR/UDU/2024/2073,2024-07-02,19:12:00,robbery,"Reported incident of robbery at Near Goyal Path, Udupi. Suspect vehicle noticed with plate KA-04-KA-4776.",open,Udupi,Udupi Town PS,"Near Goyal Path, Udupi",13.3969,74.7294,Insp. Theodore Ahuja,2024,7,19
KAR/BEN/2024/2074,2024-06-02,15:20:00,robbery,"Reported incident of robbery at Near Dutta Marg, Bengaluru Urban. Suspect vehicle noticed with plate KA-09-N-4197.",under_investigation,Bengaluru Urban,Bengaluru Urban Central PS,"Near Dutta Marg, Bengaluru Urban",12.9541,77.5614,Insp. Charita Bhattacharyya,2024,6,15
KAR/BEL/2024/2075,2024-01-01,08:33:00,cybercrime,"Reported incident of cybercrime at Near Bhatt Road, Belagavi.",under_investigation,Belagavi,Belagavi Market PS,"Near Bhatt Road, Belagavi",15.776,74.4672,Insp. Vidhi Dave,2024,1,8
KAR/HUB/2024/2076,2025-01-16,05:57:00,drug_offence,"Reported incident of drug offence at Near Misra Zila, Hubballi-Dharwad.",closed,Hubballi-Dharwad,Hubballi-Dharwad Town PS,"Near Misra Zila, Hubballi-Dharwad",15.3867,75.1506,Insp. Reva Soman,2025,1,5
KAR/BEN/2024/2077,2024-11-05,06:15:00,senior_citizen_crime,"Reported incident of senior citizen crime at Near D’Alia Nagar, Bengaluru Urban.",open,Bengaluru Urban,Bengaluru Urban East PS,"Near D’Alia Nagar, Bengaluru Urban",13.0764,77.5877,Insp. Naksh Dyal,2024,11,6
KAR/BEN/2024/2078,2024-12-26,15:30:00,vehicle_theft,"Reported incident of vehicle theft at Near Dugar Road, Bengaluru Urban. Suspect vehicle noticed with plate KA-33-M-2830.",under_investigation,Bengaluru Urban,Bengaluru Urban Traffic PS,"Near Dugar Road, Bengaluru Urban",12.9859,77.6795,Insp. Isaac Dara,2024,12,15
KAR/BEN/2024/2079,2024-11-16,22:07:00,vehicle_theft,"Reported incident of vehicle theft at Near Master Nagar, Bengaluru Urban. Suspect vehicle noticed with plate KA-08-KA-2500.",open,Bengaluru Urban,Bengaluru Urban South PS,"Near Master Nagar, Bengaluru Urban",12.973,77.5068,Insp. Daniel Hayer,2024,11,22
KAR/BAL/2024/2080,2025-04-05,16:09:00,vehicle_theft,"Reported incident of vehicle theft at Near Sule Ganj, Ballari. Suspect vehicle noticed with plate KA-41-M-2454.",open,Ballari,Ballari Traffic PS,"Near Sule Ganj, Ballari",15.1713,76.8651,Insp. Nimrat Baral,2025,4,16
KAR/MAN/2024/2081,2024-11-29,18:14:00,vehicle_theft,"Reported incident of vehicle theft at Near Pingle Ganj, Mandya. Suspect vehicle noticed with plate KA-06-B-1294.",open,Mandya,Mandya Town PS,"Near Pingle Ganj, Mandya",12.5671,76.8897,Insp. Aadi Morar,2024,11,18
KAR/BEN/2024/2082,2025-02-15,18:51:00,vehicle_theft,"Reported incident of vehicle theft at Near Batra Circle, Bengaluru Urban. Suspect vehicle noticed with plate KA-37-P-6397.",closed,Bengaluru Urban,Bengaluru Urban Traffic PS,"Near Batra Circle, Bengaluru Urban",12.9851,77.6466,Insp. Wazir Raval,2025,2,18
KAR/KOP/2024/2083,2024-09-23,23:58:00,drug_offence,"Reported incident of drug offence at Near Venkatesh Zila, Koppal.",open,Koppal,Koppal Rural PS,"Near Venkatesh Zila, Koppal",15.4112,76.1846,Insp. Brinda Gour,2024,9,23
KAR/CHI/2024/2084,2024-10-30,04:38:00,vehicle_theft,"Reported incident of vehicle theft at Near Sidhu Zila, Chikkamagaluru. Suspect vehicle noticed with plate KA-21-KB-2335.",closed,Chikkamagaluru,Chikkamagaluru Traffic PS,"Near Sidhu Zila, Chikkamagaluru",13.3487,75.6702,Insp. Anmol Mahal,2024,10,4
KAR/VIJ/2024/2085,2024-07-07,23:16:00,fraud,"Reported incident of fraud at Near Sarraf Zila, Vijayapura.",under_investigation,Vijayapura,Vijayapura Town PS,"Near Sarraf Zila, Vijayapura",16.8968,75.775,Insp. Nihal Toor,2024,7,23
KAR/BEN/2024/2086,2024-02-08,23:57:00,cybercrime,"Reported incident of cybercrime at Near Gandhi, Bengaluru Urban.",under_investigation,Bengaluru Urban,Bengaluru Urban East PS,"Near Gandhi, Bengaluru Urban",13.0722,77.5791,Insp. Abdul Merchant,2024,2,23
KAR/MYS/2024/2087,2024-05-17,20:13:00,vehicle_theft,"Reported incident of vehicle theft at Near Bath Street, Mysuru. Suspect vehicle noticed with plate KA-10-M-7487.",under_investigation,Mysuru,Mysuru East PS,"Near Bath Street, Mysuru",12.2837,76.6567,Insp. Fiyaz Sant,2024,5,20
KAR/MAN/2024/2088,2024-02-21,10:38:00,kidnapping,"Reported incident of kidnapping at Near Johal Circle, Mangaluru (Dakshina Kannada).",open,Mangaluru (Dakshina Kannada),Mangaluru (Dakshina Kannada) Suburban PS,"Near Johal Circle, Mangaluru (Dakshina Kannada)",12.8491,74.8724,Insp. Abha Bahl,2024,2,10
KAR/RAI/2024/2089,2024-11-17,20:07:00,vehicle_theft,"Reported incident of vehicle theft at Near Shroff Marg, Raichur. Suspect vehicle noticed with plate KA-35-P-9888.",closed,Raichur,Raichur Market PS,"Near Shroff Marg, Raichur",16.1705,77.3125,Insp. Chandani Mishra,2024,11,20
KAR/BEN/2024/2090,2024-10-09,04:50:00,vehicle_theft,"Reported incident of vehicle theft at Near Mody Street, Bengaluru Urban. Suspect vehicle noticed with plate KA-25-KB-2741.",open,Bengaluru Urban,Bengaluru Urban Central PS,"Near Mody Street, Bengaluru Urban",12.9321,77.6057,Insp. Vritti Sengupta,2024,10,4
KAR/CHI/2024/2091,2024-08-02,21:33:00,cybercrime,"Reported incident of cybercrime at Near Ganesh Chowk, Chikkamagaluru.",chargesheeted,Chikkamagaluru,Chikkamagaluru Town PS,"Near Ganesh Chowk, Chikkamagaluru",13.35,75.8198,Insp. Amrita Manda,2024,8,21
KAR/TUM/2024/2092,2024-08-17,09:06:00,property_crime,"Reported incident of property crime at Near Pant Street, Tumakuru.",under_investigation,Tumakuru,Tumakuru Rural PS,"Near Pant Street, Tumakuru",13.3038,77.0722,Insp. Sudiksha Iyengar,2024,8,9
KAR/HUB/2024/2093,2024-11-08,18:30:00,chain_snatching,"Reported incident of chain snatching at Near Wagle Zila, Hubballi-Dharwad. Suspect vehicle noticed with plate KA-48-M-6157.",chargesheeted,Hubballi-Dharwad,Hubballi-Dharwad Traffic PS,"Near Wagle Zila, Hubballi-Dharwad",15.4428,75.0364,Insp. Arin Bath,2024,11,18
KAR/BEN/2024/2094,2025-05-12,01:10:00,hit_and_run,"Reported incident of hit and run at Near Kalla Marg, Bengaluru Urban.",under_investigation,Bengaluru Urban,Bengaluru Urban Traffic PS,"Near Kalla Marg, Bengaluru Urban",12.9831,77.6581,Insp. Falguni Saraf,2025,5,1
KAR/BEN/2024/2095,2024-07-14,13:11:00,assault,"Reported incident of assault at Near Sridhar Zila, Bengaluru Urban.",open,Bengaluru Urban,Bengaluru Urban Traffic PS,"Near Sridhar Zila, Bengaluru Urban",12.9762,77.6627,Insp. Gaurav Choudhary,2024,7,13
KAR/BEN/2024/2096,2024-06-01,02:35:00,kidnapping,"Reported incident of kidnapping at Near Saha Nagar, Bengaluru Urban.",chargesheeted,Bengaluru Urban,Bengaluru Urban Traffic PS,"Near Saha Nagar, Bengaluru Urban",12.9728,77.6472,Insp. Anay Wagle,2024,6,2
KAR/CHI/2024/2097,2025-02-13,06:21:00,property_crime,"Reported incident of property crime at Near Koshy Zila, Chikkamagaluru.",open,Chikkamagaluru,Chikkamagaluru Industrial PS,"Near Koshy Zila, Chikkamagaluru",13.3097,75.8228,Insp. Panini Mital,2025,2,6
KAR/BEL/2024/2098,2024-04-26,22:50:00,fraud,"Reported incident of fraud at Near Arora Marg, Belagavi.",chargesheeted,Belagavi,Belagavi Suburban PS,"Near Arora Marg, Belagavi",15.8046,74.4652,Insp. Warda Dua,2024,4,22
KAR/DAV/2024/2099,2024-09-10,05:13:00,kidnapping,"Reported incident of kidnapping at Near Sarin Street, Davangere.",closed,Davangere,Davangere Rural PS,"Near Sarin Street, Davangere",14.3888,75.8806,Insp. Bhavya Shenoy,2024,9,5
KAR/BAL/2024/2100,2025-04-29,07:29:00,property_crime,"Reported incident of property crime at Near Puri Zila, Ballari.",open,Ballari,Ballari Suburban PS,"Near Puri Zila, Ballari",15.2094,76.9555,Insp. Tanveer Gupta,2025,4,7
KAR/KOL/2024/2101,2024-10-19,08:36:00,fraud,"Reported incident of fraud at Near Konda Road, Kolar.",chargesheeted,Kolar,Kolar Industrial PS,"Near Konda Road, Kolar",13.164,78.1862,Insp. Manan Koshy,2024,10,8
KAR/HAS/2024/2102,2024-08-04,16:55:00,fraud,"Reported incident of fraud at Near Rajagopalan Circle, Hassan.",under_investigation,Hassan,Hassan Town PS,"Near Rajagopalan Circle, Hassan",12.9913,76.0157,Insp. Shivani Loke,2024,8,16
KAR/KOP/2024/2103,2024-07-19,07:42:00,vehicle_theft,"Reported incident of vehicle theft at Near Sarin Zila, Koppal. Suspect vehicle noticed with plate KA-37-P-5965.",open,Koppal,Koppal Rural PS,"Near Sarin Zila, Koppal",15.42,76.1897,Insp. Dhriti Goda,2024,7,7
KAR/KOP/2024/2104,2024-12-24,04:02:00,assault,"Reported incident of assault at Near Sandal Marg, Koppal.",chargesheeted,Koppal,Koppal Market PS,"Near Sandal Marg, Koppal",15.3571,76.251,Insp. Janani Nadig,2024,12,4
KAR/KOL/2024/2105,2024-11-04,06:56:00,vehicle_theft,"Reported incident of vehicle theft at Near Kala Chowk, Kolar. Suspect vehicle noticed with plate KA-01-P-9030.",closed,Kolar,Kolar Suburban PS,"Near Kala Chowk, Kolar",13.1486,78.0715,Insp. Warda Talwar,2024,11,6
KAR/BEL/2024/2106,2025-02-23,09:23:00,property_crime,"Reported incident of property crime at Near Kanda, Belagavi.",open,Belagavi,Belagavi Traffic PS,"Near Kanda, Belagavi",15.8589,74.5137,Insp. Falan Mutti,2025,2,9
KAR/BEL/2024/2107,2024-01-21,11:33:00,vehicle_theft,"Reported incident of vehicle theft at Near Shankar Path, Belagavi. Suspect vehicle noticed with plate KA-05-N-8162.",open,Belagavi,Belagavi Industrial PS,"Near Shankar Path, Belagavi",15.8348,74.5161,Insp. Chaitanya Dewan,2024,1,11
KAR/BEN/2024/2108,2024-06-12,03:49:00,fraud,"Reported incident of fraud at Near Nori Ganj, Bengaluru Urban.",open,Bengaluru Urban,Bengaluru Urban East PS,"Near Nori Ganj, Bengaluru Urban",13.0227,77.5998,Insp. Xiti Talwar,2024,6,3
KAR/MAN/2024/2109,2024-07-26,17:42:00,senior_citizen_crime,"Reported incident of senior citizen crime at Near Date Zila, Mandya.",open,Mandya,Mandya Rural PS,"Near Date Zila, Mandya",12.5155,76.9723,Insp. Nicholas Pandit,2024,7,17
KAR/BEN/2024/2110,2024-07-23,12:52:00,fraud,"Reported incident of fraud at Near Ganesan Nagar, Bengaluru Urban.",open,Bengaluru Urban,Bengaluru Urban West PS,"Near Ganesan Nagar, Bengaluru Urban",12.8913,77.585,Insp. Agastya Varghese,2024,7,12
KAR/BID/2024/2111,2024-12-29,17:50:00,fraud,"Reported incident of fraud at Near Iyengar Path, Bidar.",under_investigation,Bidar,Bidar Suburban PS,"Near Iyengar Path, Bidar",17.915,77.5505,Insp. Gabriel Raghavan,2024,12,17
KAR/SHI/2024/2112,2024-10-08,00:08:00,fraud,"Reported incident of fraud at Near Jha Path, Shivamogga.",chargesheeted,Shivamogga,Shivamogga Traffic PS,"Near Jha Path, Shivamogga",14.0002,75.6341,Insp. Alka Nayar,2024,10,0
KAR/BEN/2024/2113,2024-10-05,03:46:00,vehicle_theft,"Reported incident of vehicle theft at Near Prashad Ganj, Bengaluru Urban. Suspect vehicle noticed with plate KA-36-KA-3808.",open,Bengaluru Urban,Bengaluru Urban South PS,"Near Prashad Ganj, Bengaluru Urban",13.0098,77.4905,Insp. Jatin Krish,2024,10,3
KAR/SHI/2024/2114,2024-12-04,16:11:00,hit_and_run,"Reported incident of hit and run at Near Mukhopadhyay Road, Shivamogga.",chargesheeted,Shivamogga,Shivamogga Traffic PS,"Near Mukhopadhyay Road, Shivamogga",14.002,75.6213,Insp. Yashvi Devi,2024,12,16
KAR/CHI/2024/2115,2024-11-28,06:26:00,chain_snatching,"Reported incident of chain snatching at Near Dugal, Chikkamagaluru. Suspect vehicle noticed with plate KA-01-M-9780.",under_investigation,Chikkamagaluru,Chikkamagaluru Traffic PS,"Near Dugal, Chikkamagaluru",13.3265,75.694,Insp. Zinal Sandal,2024,11,6
KAR/BEN/2024/2116,2024-02-24,00:04:00,chain_snatching,"Reported incident of chain snatching at Near Rajan Chowk, Bengaluru Rural. Suspect vehicle noticed with plate KA-44-P-7086.",under_investigation,Bengaluru Rural,Bengaluru Rural North PS,"Near Rajan Chowk, Bengaluru Rural",13.2501,77.5223,Insp. Joshua Taneja,2024,2,0
KAR/MAN/2024/2117,2024-12-17,00:47:00,chain_snatching,"Reported incident of chain snatching at Near Kota Nagar, Mandya. Suspect vehicle noticed with plate KA-55-B-2090.",open,Mandya,Mandya Market PS,"Near Kota Nagar, Mandya",12.4853,76.8682,Insp. Nidhi Rai,2024,12,0
KAR/UDU/2024/2118,2024-01-16,05:33:00,fraud,"Reported incident of fraud at Near Radhakrishnan Zila, Udupi.",open,Udupi,Udupi Traffic PS,"Near Radhakrishnan Zila, Udupi",13.4074,74.6962,Insp. Pavani Rama,2024,1,5
KAR/BEN/2024/2119,2024-05-11,16:25:00,chain_snatching,"Reported incident of chain snatching at Near Anne Nagar, Bengaluru Urban. Suspect vehicle noticed with plate KA-05-N-6133.",closed,Bengaluru Urban,Bengaluru Urban North PS,"Near Anne Nagar, Bengaluru Urban",12.9495,77.5942,Insp. Idika Virk,2024,5,16
KAR/VIJ/2024/2120,2024-01-22,18:28:00,eve_teasing,"Reported incident of eve teasing at Near Som, Vijayapura.",under_investigation,Vijayapura,Vijayapura Traffic PS,"Near Som, Vijayapura",16.896,75.7229,Insp. Bhavini Gala,2024,1,18
KAR/VIJ/2024/2121,2024-01-25,21:40:00,assault,"Reported incident of assault at Near Ahuja Chowk, Vijayapura.",open,Vijayapura,Vijayapura Town PS,"Near Ahuja Chowk, Vijayapura",16.9066,75.7513,Insp. Pooja Wason,2024,1,21
KAR/BEN/2024/2122,2024-02-19,23:24:00,fraud,"Reported incident of fraud at Near Agate Zila, Bengaluru Urban.",open,Bengaluru Urban,Bengaluru Urban West PS,"Near Agate Zila, Bengaluru Urban",12.9123,77.5545,Insp. Lopa Sridhar,2024,2,23
KAR/CHI/2024/2123,2024-09-15,16:02:00,cybercrime,"Reported incident of cybercrime at Near Parmer Circle, Chikkamagaluru.",open,Chikkamagaluru,Chikkamagaluru Rural PS,"Near Parmer Circle, Chikkamagaluru",13.3517,75.7838,Insp. Ranveer Seth,2024,9,16
KAR/BEN/2024/2124,2024-10-24,03:34:00,vehicle_theft,"Reported incident of vehicle theft at Near Kibe Nagar, Bengaluru Urban. Suspect vehicle noticed with plate KA-45-B-5965.",under_investigation,Bengaluru Urban,Bengaluru Urban East PS,"Near Kibe Nagar, Bengaluru Urban",13.0578,77.6109,Insp. Inaya Ben,2024,10,3
KAR/KOP/2024/2125,2024-11-08,05:42:00,vehicle_theft,"Reported incident of vehicle theft at Near Varughese Ganj, Koppal. Suspect vehicle noticed with plate KA-30-N-8895.",chargesheeted,Koppal,Koppal Town PS,"Near Varughese Ganj, Koppal",15.3019,76.217,Insp. Wahab Mital,2024,11,5
KAR/MAN/2024/2126,2024-11-23,00:51:00,drug_offence,"Reported incident of drug offence at Near Batra Circle, Mangaluru (Dakshina Kannada).",under_investigation,Mangaluru (Dakshina Kannada),Mangaluru (Dakshina Kannada) Market PS,"Near Batra Circle, Mangaluru (Dakshina Kannada)",13.0088,74.8639,Insp. Ryan Shan,2024,11,0
KAR/HAS/2024/2127,2024-11-02,20:25:00,vehicle_theft,"Reported incident of vehicle theft at Near Goswami, Hassan. Suspect vehicle noticed with plate KA-39-P-9400.",under_investigation,Hassan,Hassan Town PS,"Near Goswami, Hassan",13.0189,76.0127,Insp. Faras Nigam,2024,11,20
KAR/BEL/2024/2128,2024-11-28,11:52:00,chain_snatching,"Reported incident of chain snatching at Near Kakar, Belagavi. Suspect vehicle noticed with plate KA-16-M-9787.",open,Belagavi,Belagavi Industrial PS,"Near Kakar, Belagavi",15.846,74.5076,Insp. Inaya Gopal,2024,11,11
KAR/BEN/2024/2129,2024-12-17,09:28:00,chain_snatching,"Reported incident of chain snatching at Near Ranganathan Road, Bengaluru Rural. Suspect vehicle noticed with plate KA-34-P-6072.",open,Bengaluru Rural,Bengaluru Rural North PS,"Near Ranganathan Road, Bengaluru Rural",13.2097,77.5498,Insp. Owen Jha,2024,12,9
KAR/BEN/2024/2130,2024-11-24,23:09:00,vehicle_theft,"Reported incident of vehicle theft at Near Kapoor Circle, Bengaluru Urban. Suspect vehicle noticed with plate KA-10-P-7540.",open,Bengaluru Urban,Bengaluru Urban Central PS,"Near Kapoor Circle, Bengaluru Urban",12.927,77.6015,Insp. Praneel Sarraf,2024,11,23
KAR/BEN/2024/2131,2024-12-15,11:58:00,cybercrime,"Reported incident of cybercrime at Near Dani Circle, Bengaluru Urban.",chargesheeted,Bengaluru Urban,Bengaluru Urban South PS,"Near Dani Circle, Bengaluru Urban",13.0141,77.5472,Insp. Ati Tata,2024,12,11
KAR/BEN/2024/2132,2025-02-14,11:46:00,fraud,"Reported incident of fraud at Near Dayal, Bengaluru Urban.",open,Bengaluru Urban,Bengaluru Urban West PS,"Near Dayal, Bengaluru Urban",12.922,77.5704,Insp. Sai Korpal,2025,2,11
KAR/VIJ/2024/2133,2024-12-01,05:20:00,burglary,"Reported incident of burglary at Near Mittal Zila, Vijayapura.",under_investigation,Vijayapura,Vijayapura Suburban PS,"Near Mittal Zila, Vijayapura",16.787,75.6783,Insp. Lila Comar,2024,12,5
KAR/TUM/2024/2134,2024-06-05,23:24:00,assault,"Reported incident of assault at Near Mander Road, Tumakuru.",under_investigation,Tumakuru,Tumakuru Industrial PS,"Near Mander Road, Tumakuru",13.3661,77.0688,Insp. Sanaya Bansal,2024,6,23
KAR/KOL/2024/2135,2024-12-27,21:09:00,vehicle_theft,"Reported incident of vehicle theft at Near Peri Circle, Kolar. Suspect vehicle noticed with plate KA-39-N-3177.",open,Kolar,Kolar Traffic PS,"Near Peri Circle, Kolar",13.1483,78.0869,Insp. Utkarsh Raja,2024,12,21
KAR/KAL/2024/2136,2024-10-19,20:29:00,cybercrime,"Reported incident of cybercrime at Near Kanda Circle, Kalaburagi.",under_investigation,Kalaburagi,Kalaburagi Rural PS,"Near Kanda Circle, Kalaburagi",17.2859,76.7378,Insp. Aashi Manda,2024,10,20
KAR/BEN/2024/2137,2025-04-25,16:01:00,burglary,"Reported incident of burglary at Near Goda Circle, Bengaluru Urban.",open,Bengaluru Urban,Bengaluru Urban East PS,"Near Goda Circle, Bengaluru Urban",13.074,77.602,Insp. Lakshit Issac,2025,4,16
KAR/BEN/2024/2138,2024-10-07,05:06:00,cybercrime,"Reported incident of cybercrime at Near Gara Chowk, Bengaluru Urban.",open,Bengaluru Urban,Bengaluru Urban Traffic PS,"Near Gara Chowk, Bengaluru Urban",12.977,77.664,Insp. Aadhya Mammen,2024,10,5
KAR/TUM/2024/2139,2024-01-03,19:18:00,burglary,"Reported incident of burglary at Near Mohanty, Tumakuru.",open,Tumakuru,Tumakuru Rural PS,"Near Mohanty, Tumakuru",13.3192,77.0755,Insp. Yoshita Taneja,2024,1,19
KAR/RAI/2024/2140,2025-04-02,14:59:00,chain_snatching,"Reported incident of chain snatching at Near Chaudhari Road, Raichur. Suspect vehicle noticed with plate KA-20-A-7871.",under_investigation,Raichur,Raichur Town PS,"Near Chaudhari Road, Raichur",16.1473,77.3756,Insp. Jyoti Kadakia,2025,4,14
KAR/TUM/2024/2141,2024-10-28,12:34:00,chain_snatching,"Reported incident of chain snatching at Near Pau, Tumakuru. Suspect vehicle noticed with plate KA-35-A-1449.",chargesheeted,Tumakuru,Tumakuru Town PS,"Near Pau, Tumakuru",13.2724,77.0992,Insp. Charan Shere,2024,10,12
KAR/TUM/2024/2142,2024-08-18,23:39:00,eve_teasing,"Reported incident of eve teasing at Near Acharya Zila, Tumakuru.",under_investigation,Tumakuru,Tumakuru Town PS,"Near Acharya Zila, Tumakuru",13.2418,77.1162,Insp. Faqid Ravi,2024,8,23
KAR/BEN/2024/2143,2024-10-12,06:27:00,assault,"Reported incident of assault at Near Sarna Nagar, Bengaluru Urban.",under_investigation,Bengaluru Urban,Bengaluru Urban Traffic PS,"Near Sarna Nagar, Bengaluru Urban",12.9548,77.6321,Insp. Gaurangi Mann,2024,10,6
KAR/KAL/2024/2144,2025-03-30,00:10:00,fraud,"Reported incident of fraud at Near Kala Ganj, Kalaburagi.",open,Kalaburagi,Kalaburagi Rural PS,"Near Kala Ganj, Kalaburagi",17.2955,76.7853,Insp. Lohit Sood,2025,3,0
KAR/BEN/2024/2145,2024-03-17,07:27:00,vehicle_theft,"Reported incident of vehicle theft at Near Balakrishnan Chowk, Bengaluru Urban. Suspect vehicle noticed with plate KA-20-M-5802.",open,Bengaluru Urban,Bengaluru Urban East PS,"Near Balakrishnan Chowk, Bengaluru Urban",13.0539,77.5924,Insp. Lucky Dutt,2024,3,7
KAR/BAL/2024/2146,2024-10-05,22:53:00,vehicle_theft,"Reported incident of vehicle theft at Near Buch Circle, Ballari. Suspect vehicle noticed with plate KA-38-A-2596.",open,Ballari,Ballari Industrial PS,"Near Buch Circle, Ballari",15.1282,76.9135,Insp. Pratyush Luthra,2024,10,22
KAR/CHI/2024/2147,2024-08-15,00:48:00,chain_snatching,"Reported incident of chain snatching at Near Kaul, Chikkamagaluru. Suspect vehicle noticed with plate KA-22-KA-3511.",chargesheeted,Chikkamagaluru,Chikkamagaluru Rural PS,"Near Kaul, Chikkamagaluru",13.3041,75.777,Insp. Dominic Barman,2024,8,0
KAR/BAL/2024/2148,2024-12-18,23:29:00,fraud,"Reported incident of fraud at Near Bhardwaj Street, Ballari.",under_investigation,Ballari,Ballari Traffic PS,"Near Bhardwaj Street, Ballari",15.2092,76.8752,Insp. Thomas Wali,2024,12,23
KAR/VIJ/2024/2149,2024-07-25,16:52:00,hit_and_run,"Reported incident of hit and run at Near Sachdev Zila, Vijayapura.",under_investigation,Vijayapura,Vijayapura Industrial PS,"Near Sachdev Zila, Vijayapura",16.7913,75.7408,Insp. Ria Gopal,2024,7,16
KAR/MAN/2024/2150,2024-10-28,11:51:00,vehicle_theft,"Reported incident of vehicle theft at Near Nagar Zila, Mandya. Suspect vehicle noticed with plate KA-05-M-3156.",chargesheeted,Mandya,Mandya Rural PS,"Near Nagar Zila, Mandya",12.5274,76.9742,Insp. Anusha Vala,2024,10,11
KAR/MAN/2024/2151,2025-05-24,22:01:00,property_crime,"Reported incident of property crime at Near Mitra Marg, Mandya.",open,Mandya,Mandya Industrial PS,"Near Mitra Marg, Mandya",12.5483,76.9608,Insp. Teerth Narasimhan,2025,5,22
KAR/KOL/2024/2152,2024-10-21,10:28:00,fraud,"Reported incident of fraud at Near Rama Ganj, Kolar.",open,Kolar,Kolar Town PS,"Near Rama Ganj, Kolar",13.1926,78.0891,Insp. Lopa Dani,2024,10,10
KAR/BEN/2024/2153,2024-03-18,07:46:00,robbery,"Reported incident of robbery at Near Sidhu, Bengaluru Urban. Suspect vehicle noticed with plate KA-34-A-7769.",chargesheeted,Bengaluru Urban,Bengaluru Urban Central PS,"Near Sidhu, Bengaluru Urban",12.9217,77.5616,Insp. Elijah Mishra,2024,3,7
KAR/BEN/2024/2154,2024-10-02,14:07:00,chain_snatching,"Reported incident of chain snatching at Near Banerjee, Bengaluru Rural. Suspect vehicle noticed with plate KA-18-M-2607.",open,Bengaluru Rural,Bengaluru Rural South PS,"Near Banerjee, Bengaluru Rural",13.1401,77.6059,Insp. Siddharth Kata,2024,10,14
KAR/BEN/2024/2155,2025-05-11,15:38:00,hit_and_run,"Reported incident of hit and run at Near Lalla Marg, Bengaluru Urban.",open,Bengaluru Urban,Bengaluru Urban West PS,"Near Lalla Marg, Bengaluru Urban",12.9084,77.537,Insp. Reva Minhas,2025,5,15
KAR/SHI/2024/2156,2024-11-16,00:29:00,burglary,"Reported incident of burglary at Near Kulkarni Marg, Shivamogga.",under_investigation,Shivamogga,Shivamogga Rural PS,"Near Kulkarni Marg, Shivamogga",13.8811,75.5294,Insp. Vrishti Mohan,2024,11,0
KAR/BID/2024/2157,2024-08-09,11:27:00,robbery,"Reported incident of robbery at Near Dey Street, Bidar. Suspect vehicle noticed with plate KA-05-M-2687.",open,Bidar,Bidar Rural PS,"Near Dey Street, Bidar",17.9481,77.4958,Insp. Bimala Narayanan,2024,8,11
KAR/SHI/2024/2158,2024-12-30,15:13:00,vehicle_theft,"Reported incident of vehicle theft at Near Maharaj Circle, Shivamogga. Suspect vehicle noticed with plate KA-12-KA-4135.",chargesheeted,Shivamogga,Shivamogga Rural PS,"Near Maharaj Circle, Shivamogga",13.863,75.5154,Insp. Zilmil Krishnamurthy,2024,12,15
KAR/MYS/2024/2159,2024-01-31,03:05:00,hit_and_run,"Reported incident of hit and run at Near Balakrishnan Marg, Mysuru.",open,Mysuru,Mysuru South PS,"Near Balakrishnan Marg, Mysuru",12.2697,76.6058,Insp. Daksha Hegde,2024,1,3
KAR/BEN/2024/2160,2024-10-31,22:06:00,burglary,"Reported incident of burglary at Near Rege Path, Bengaluru Urban.",under_investigation,Bengaluru Urban,Bengaluru Urban North PS,"Near Rege Path, Bengaluru Urban",12.9701,77.5874,Insp. Nakul Pandit,2024,10,22
KAR/BEN/2024/2161,2025-01-09,20:02:00,vehicle_theft,"Reported incident of vehicle theft at Near Bala Road, Bengaluru Urban. Suspect vehicle noticed with plate KA-38-N-9138.",closed,Bengaluru Urban,Bengaluru Urban South PS,"Near Bala Road, Bengaluru Urban",13.0134,77.5313,Insp. Avi Mishra,2025,1,20
KAR/BAL/2024/2162,2024-08-24,10:25:00,burglary,"Reported incident of burglary at Near Chandra Marg, Ballari.",chargesheeted,Ballari,Ballari Rural PS,"Near Chandra Marg, Ballari",15.1741,76.9124,Insp. Gayathri Mohanty,2024,8,10
KAR/TUM/2024/2163,2024-08-26,05:41:00,chain_snatching,"Reported incident of chain snatching at Near Kata Road, Tumakuru. Suspect vehicle noticed with plate KA-10-A-5061.",under_investigation,Tumakuru,Tumakuru Suburban PS,"Near Kata Road, Tumakuru",13.2964,77.1124,Insp. Abha Gole,2024,8,5
KAR/KAL/2024/2164,2024-12-24,06:39:00,chain_snatching,"Reported incident of chain snatching at Near Chanda Ganj, Kalaburagi. Suspect vehicle noticed with plate KA-12-P-5894.",chargesheeted,Kalaburagi,Kalaburagi Rural PS,"Near Chanda Ganj, Kalaburagi",17.2419,76.756,Insp. Balvan Sawhney,2024,12,6
KAR/SHI/2024/2165,2024-06-05,13:31:00,fraud,"Reported incident of fraud at Near Krish Road, Shivamogga.",chargesheeted,Shivamogga,Shivamogga Rural PS,"Near Krish Road, Shivamogga",13.8879,75.5385,Insp. Abha Lad,2024,6,13
KAR/CHI/2024/2166,2025-04-17,19:03:00,fraud,"Reported incident of fraud at Near Jha Road, Chikkamagaluru.",open,Chikkamagaluru,Chikkamagaluru Town PS,"Near Jha Road, Chikkamagaluru",13.3716,75.7968,Insp. Zaid Guha,2025,4,19
KAR/MAN/2024/2167,2025-04-16,21:12:00,senior_citizen_crime,"Reported incident of senior citizen crime at Near Warrior Path, Mandya.",under_investigation,Mandya,Mandya Town PS,"Near Warrior Path, Mandya",12.5263,76.9205,Insp. Udarsh Kamdar,2025,4,21
KAR/BEN/2024/2168,2025-04-08,08:32:00,vehicle_theft,"Reported incident of vehicle theft at Near Mitra Street, Bengaluru Urban. Suspect vehicle noticed with plate KA-48-A-8942.",chargesheeted,Bengaluru Urban,Bengaluru Urban Traffic PS,"Near Mitra Street, Bengaluru Urban",12.9749,77.6726,Insp. Anita Dugar,2025,4,8
KAR/UDU/2024/2169,2024-11-19,04:37:00,fraud,"Reported incident of fraud at Near Misra Marg, Udupi.",chargesheeted,Udupi,Udupi Rural PS,"Near Misra Marg, Udupi",13.3468,74.7366,Insp. Nachiket Chaudhry,2024,11,4
KAR/SHI/2024/2170,2025-03-09,02:41:00,fraud,"Reported incident of fraud at Near Sarma Chowk, Shivamogga.",open,Shivamogga,Shivamogga Market PS,"Near Sarma Chowk, Shivamogga",13.8706,75.5357,Insp. Gagan Amble,2025,3,2
KAR/KOP/2024/2171,2024-04-27,13:58:00,assault,"Reported incident of assault at Near Chaudhari Circle, Koppal.",under_investigation,Koppal,Koppal Traffic PS,"Near Chaudhari Circle, Koppal",15.3356,76.1836,Insp. Darsh Ratta,2024,4,13
KAR/KAL/2024/2172,2024-01-28,03:26:00,assault,"Reported incident of assault at Near Bhatnagar Marg, Kalaburagi.",open,Kalaburagi,Kalaburagi Rural PS,"Near Bhatnagar Marg, Kalaburagi",17.2538,76.7693,Insp. Ganga Patil,2024,1,3
KAR/BEN/2024/2173,2025-01-09,07:35:00,assault,"Reported incident of assault at Near Bhavsar Zila, Bengaluru Rural.",chargesheeted,Bengaluru Rural,Bengaluru Rural Central PS,"Near Bhavsar Zila, Bengaluru Rural",13.2,77.5591,Insp. Vansha Pingle,2025,1,7
KAR/CHI/2024/2174,2024-10-26,12:14:00,eve_teasing,"Reported incident of eve teasing at Near Bassi Street, Chikkamagaluru.",open,Chikkamagaluru,Chikkamagaluru Town PS,"Near Bassi Street, Chikkamagaluru",13.3565,75.8283,Insp. Omaja Reddy,2024,10,12
KAR/BID/2024/2175,2024-11-05,07:52:00,domestic_violence,"Reported incident of domestic violence at Near Varughese, Bidar.",open,Bidar,Bidar Traffic PS,"Near Varughese, Bidar",17.8917,77.4219,Insp. Ekavir Date,2024,11,7
KAR/BID/2024/2176,2025-01-23,10:03:00,hit_and_run,"Reported incident of hit and run at Near Oommen, Bidar.",closed,Bidar,Bidar Rural PS,"Near Oommen, Bidar",17.9751,77.4748,Insp. Anusha Randhawa,2025,1,10
KAR/BEN/2024/2177,2024-03-05,07:51:00,senior_citizen_crime,"Reported incident of senior citizen crime at Near Korpal Zila, Bengaluru Rural.",open,Bengaluru Rural,Bengaluru Rural South PS,"Near Korpal Zila, Bengaluru Rural",13.128,77.602,Insp. Pooja Dash,2024,3,7
KAR/BEN/2024/2178,2024-10-14,13:02:00,fraud,"Reported incident of fraud at Near Batta Zila, Bengaluru Urban.",open,Bengaluru Urban,Bengaluru Urban North PS,"Near Batta Zila, Bengaluru Urban",12.9513,77.5861,Insp. Warda Dhingra,2024,10,13
KAR/BEN/2024/2179,2024-07-05,15:19:00,eve_teasing,"Reported incident of eve teasing at Near Bhatti Street, Bengaluru Urban.",closed,Bengaluru Urban,Bengaluru Urban Central PS,"Near Bhatti Street, Bengaluru Urban",12.9391,77.5809,Insp. Agastya Bali,2024,7,15
KAR/BID/2024/2180,2025-03-12,04:50:00,chain_snatching,"Reported incident of chain snatching at Near Arora Path, Bidar. Suspect vehicle noticed with plate KA-12-P-5285.",under_investigation,Bidar,Bidar Market PS,"Near Arora Path, Bidar",17.8492,77.5627,Insp. Jairaj Palan,2025,3,4
KAR/BEN/2024/2181,2024-02-11,20:23:00,assault,"Reported incident of assault at Near Chokshi Zila, Bengaluru Urban.",open,Bengaluru Urban,Bengaluru Urban South PS,"Near Chokshi Zila, Bengaluru Urban",12.9585,77.51,Insp. Mitali Mane,2024,2,20
KAR/BEN/2024/2182,2024-07-19,12:36:00,murder,"Reported incident of murder at Near Korpal Circle, Bengaluru Urban.",under_investigation,Bengaluru Urban,Bengaluru Urban Central PS,"Near Korpal Circle, Bengaluru Urban",12.907,77.5499,Insp. Jack Dhillon,2024,7,12
KAR/KOL/2024/2183,2024-06-28,22:43:00,robbery,"Reported incident of robbery at Near Mahajan Zila, Kolar. Suspect vehicle noticed with plate KA-43-N-6343.",chargesheeted,Kolar,Kolar Market PS,"Near Mahajan Zila, Kolar",13.228,78.2225,Insp. Siya Joshi,2024,6,22
KAR/BEN/2024/2184,2025-03-26,17:33:00,burglary,"Reported incident of burglary at Near Bajwa Ganj, Bengaluru Urban.",open,Bengaluru Urban,Bengaluru Urban North PS,"Near Bajwa Ganj, Bengaluru Urban",12.938,77.5877,Insp. Nihal Deshpande,2025,3,17
KAR/KOL/2024/2185,2024-09-27,23:54:00,assault,"Reported incident of assault at Near Narang Zila, Kolar.",open,Kolar,Kolar Traffic PS,"Near Narang Zila, Kolar",13.1785,78.079,Insp. Rushil Narayanan,2024,9,23
KAR/VIJ/2024/2186,2024-03-27,01:10:00,burglary,"Reported incident of burglary at Near Nori Zila, Vijayapura.",chargesheeted,Vijayapura,Vijayapura Suburban PS,"Near Nori Zila, Vijayapura",16.7546,75.6348,Insp. Ekapad Joshi,2024,3,1
KAR/BEN/2024/2187,2025-05-12,21:30:00,assault,"Reported incident of assault at Near Saha, Bengaluru Urban.",chargesheeted,Bengaluru Urban,Bengaluru Urban Central PS,"Near Saha, Bengaluru Urban",12.9514,77.5792,Insp. Maanav Balakrishnan,2025,5,21
KAR/RAI/2024/2188,2024-11-03,09:16:00,cybercrime,"Reported incident of cybercrime at Near Ram Chowk, Raichur.",open,Raichur,Raichur Town PS,"Near Ram Chowk, Raichur",16.1336,77.3777,Insp. Eta Kohli,2024,11,9
KAR/BEN/2024/2189,2024-05-20,21:38:00,robbery,"Reported incident of robbery at Near Borah Path, Bengaluru Urban. Suspect vehicle noticed with plate KA-54-N-6989.",under_investigation,Bengaluru Urban,Bengaluru Urban North PS,"Near Borah Path, Bengaluru Urban",12.9573,77.5958,Insp. Isha Dora,2024,5,21
KAR/TUM/2024/2190,2025-06-01,10:10:00,robbery,"Reported incident of robbery at Near Shroff Circle, Tumakuru. Suspect vehicle noticed with plate KA-32-P-4694.",open,Tumakuru,Tumakuru Market PS,"Near Shroff Circle, Tumakuru",13.3218,77.0898,Insp. Maanas Tank,2025,6,10
KAR/VIJ/2024/2191,2024-02-14,09:08:00,property_crime,"Reported incident of property crime at Near Pall Path, Vijayapura.",open,Vijayapura,Vijayapura Market PS,"Near Pall Path, Vijayapura",16.8049,75.7978,Insp. Dalbir Parekh,2024,2,9
KAR/BEN/2024/2192,2024-08-26,01:47:00,chain_snatching,"Reported incident of chain snatching at Near Srinivas Road, Bengaluru Urban. Suspect vehicle noticed with plate KA-11-M-4815.",chargesheeted,Bengaluru Urban,Bengaluru Urban South PS,"Near Srinivas Road, Bengaluru Urban",12.9733,77.4903,Insp. Aarnav Maharaj,2024,8,1
KAR/BEN/2024/2193,2024-09-29,18:58:00,hit_and_run,"Reported incident of hit and run at Near Kothari Nagar, Bengaluru Urban.",under_investigation,Bengaluru Urban,Bengaluru Urban South PS,"Near Kothari Nagar, Bengaluru Urban",12.9935,77.5314,Insp. Raksha Bhandari,2024,9,18
KAR/BEN/2024/2194,2024-12-22,10:30:00,vehicle_theft,"Reported incident of vehicle theft at Near Arya Ganj, Bengaluru Urban. Suspect vehicle noticed with plate KA-30-P-6856.",open,Bengaluru Urban,Bengaluru Urban Central PS,"Near Arya Ganj, Bengaluru Urban",12.9285,77.5904,Insp. Ethan Hora,2024,12,10
KAR/MYS/2024/2195,2024-10-03,20:16:00,vehicle_theft,"Reported incident of vehicle theft at Near Bhardwaj Ganj, Mysuru. Suspect vehicle noticed with plate KA-31-N-6975.",open,Mysuru,Mysuru Traffic PS,"Near Bhardwaj Ganj, Mysuru",12.3121,76.6173,Insp. Teerth Dutt,2024,10,20
KAR/KOL/2024/2196,2025-04-26,08:16:00,robbery,"Reported incident of robbery at Near Lall Chowk, Kolar. Suspect vehicle noticed with plate KA-54-P-8836.",under_investigation,Kolar,Kolar Suburban PS,"Near Lall Chowk, Kolar",13.1411,78.0774,Insp. Dakshesh Brahmbhatt,2025,4,8
KAR/BEL/2024/2197,2024-12-18,13:39:00,burglary,"Reported incident of burglary at Near Hora Ganj, Belagavi.",open,Belagavi,Belagavi Suburban PS,"Near Hora Ganj, Belagavi",15.8193,74.4677,Insp. Anusha Bose,2024,12,13
KAR/MAN/2024/2198,2024-07-09,08:48:00,hit_and_run,"Reported incident of hit and run at Near Pall Circle, Mangaluru (Dakshina Kannada).",open,Mangaluru (Dakshina Kannada),Mangaluru (Dakshina Kannada) Suburban PS,"Near Pall Circle, Mangaluru (Dakshina Kannada)",12.8654,74.8729,Insp. Urvi Mandal,2024,7,8
KAR/BEN/2024/2199,2024-10-10,19:07:00,chain_snatching,"Reported incident of chain snatching at Near Sahota Road, Bengaluru Urban. Suspect vehicle noticed with plate KA-06-KB-5577.",chargesheeted,Bengaluru Urban,Bengaluru Urban East PS,"Near Sahota Road, Bengaluru Urban",13.0253,77.5774,Insp. Hemang Jain,2024,10,19
KAR/KOL/2024/2200,2025-05-21,18:18:00,assault,"Reported incident of assault at Near Bhandari Road, Kolar.",open,Kolar,Kolar Rural PS,"Near Bhandari Road, Kolar",13.1614,78.0634,Insp. Janaki Rajan,2025,5,18
KAR/CHI/2024/2201,2024-11-04,04:18:00,hit_and_run,"Reported incident of hit and run at Near Malhotra Road, Chikkamagaluru.",open,Chikkamagaluru,Chikkamagaluru Suburban PS,"Near Malhotra Road, Chikkamagaluru",13.4193,75.8319,Insp. Thomas Banik,2024,11,4
KAR/KOL/2024/2202,2024-08-26,02:20:00,robbery,"Reported incident of robbery at Near Bhatti Nagar, Kolar. Suspect vehicle noticed with plate KA-30-KB-5927.",closed,Kolar,Kolar Market PS,"Near Bhatti Nagar, Kolar",13.1989,78.2145,Insp. Wazir Venkataraman,2024,8,2
KAR/BEN/2024/2203,2024-12-26,22:44:00,fraud,"Reported incident of fraud at Near Padmanabhan Zila, Bengaluru Urban.",open,Bengaluru Urban,Bengaluru Urban Central PS,"Near Padmanabhan Zila, Bengaluru Urban",12.9549,77.5765,Insp. Ganga Magar,2024,12,22
KAR/HAS/2024/2204,2024-11-08,11:28:00,vehicle_theft,"Reported incident of vehicle theft at Near Kothari, Hassan. Suspect vehicle noticed with plate KA-09-B-4785.",open,Hassan,Hassan Market PS,"Near Kothari, Hassan",13.0045,76.1078,Insp. Vedant Murthy,2024,11,11
KAR/MAN/2024/2205,2024-04-12,23:54:00,eve_teasing,"Reported incident of eve teasing at Near Yadav, Mangaluru (Dakshina Kannada).",under_investigation,Mangaluru (Dakshina Kannada),Mangaluru (Dakshina Kannada) Market PS,"Near Yadav, Mangaluru (Dakshina Kannada)",13.0063,74.851,Insp. Andrew Dara,2024,4,23
KAR/BAL/2024/2206,2024-07-19,04:24:00,assault,"Reported incident of assault at Near Vyas Ganj, Ballari.",open,Ballari,Ballari Town PS,"Near Vyas Ganj, Ballari",15.0967,77.0158,Insp. Veda Pillai,2024,7,4
KAR/BEN/2024/2207,2024-08-16,06:13:00,chain_snatching,"Reported incident of chain snatching at Near D’Alia Ganj, Bengaluru Urban. Suspect vehicle noticed with plate KA-12-KB-6430.",open,Bengaluru Urban,Bengaluru Urban Traffic PS,"Near D’Alia Ganj, Bengaluru Urban",12.9435,77.6706,Insp. Vihaan Balan,2024,8,6
KAR/KOP/2024/2208,2024-01-15,19:58:00,fraud,"Reported incident of fraud at Near Nori Marg, Koppal.",open,Koppal,Koppal Traffic PS,"Near Nori Marg, Koppal",15.3888,76.1871,Insp. Anirudh Rajagopal,2024,1,19
KAR/BEL/2024/2209,2024-09-23,10:57:00,vehicle_theft,"Reported incident of vehicle theft at Near Kurian, Belagavi. Suspect vehicle noticed with plate KA-30-B-3264.",under_investigation,Belagavi,Belagavi Town PS,"Near Kurian, Belagavi",15.8611,74.5668,Insp. Anita Hari,2024,9,10
KAR/DAV/2024/2210,2024-10-29,08:05:00,assault,"Reported incident of assault at Near Jain Path, Davangere.",open,Davangere,Davangere Rural PS,"Near Jain Path, Davangere",14.3706,75.8499,Insp. Tristan Varughese,2024,10,8
KAR/BEN/2024/2211,2024-12-20,00:45:00,vehicle_theft,"Reported incident of vehicle theft at Near Iyer Zila, Bengaluru Urban. Suspect vehicle noticed with plate KA-35-N-4146.",chargesheeted,Bengaluru Urban,Bengaluru Urban North PS,"Near Iyer Zila, Bengaluru Urban",12.9516,77.5739,Insp. Ekiya Naidu,2024,12,0
KAR/KOP/2024/2212,2025-05-18,21:30:00,eve_teasing,"Reported incident of eve teasing at Near Deo, Koppal.",under_investigation,Koppal,Koppal Market PS,"Near Deo, Koppal",15.3707,76.2339,Insp. Ekapad Pal,2025,5,21
KAR/KOP/2024/2213,2024-12-23,21:25:00,chain_snatching,"Reported incident of chain snatching at Near Sathe Street, Koppal. Suspect vehicle noticed with plate KA-50-B-3339.",chargesheeted,Koppal,Koppal Town PS,"Near Sathe Street, Koppal",15.3315,76.1854,Insp. Xiti Pau,2024,12,21
KAR/BEN/2024/2214,2024-03-16,20:42:00,assault,"Reported incident of assault at Near Samra Nagar, Bengaluru Urban.",chargesheeted,Bengaluru Urban,Bengaluru Urban Central PS,"Near Samra Nagar, Bengaluru Urban",12.8988,77.5549,Insp. Falan Dora,2024,3,20
KAR/BEN/2024/2215,2024-03-13,02:12:00,vehicle_theft,"Reported incident of vehicle theft at Near Acharya Nagar, Bengaluru Urban. Suspect vehicle noticed with plate KA-06-P-8378.",chargesheeted,Bengaluru Urban,Bengaluru Urban Central PS,"Near Acharya Nagar, Bengaluru Urban",12.9206,77.5733,Insp. Niharika Rout,2024,3,2
KAR/BID/2024/2216,2024-03-16,23:24:00,fraud,"Reported incident of fraud at Near Saxena Road, Bidar.",open,Bidar,Bidar Suburban PS,"Near Saxena Road, Bidar",17.9065,77.5521,Insp. Rajeshri Sehgal,2024,3,23
KAR/KAL/2024/2217,2025-04-27,08:48:00,chain_snatching,"Reported incident of chain snatching at Near Nayar Path, Kalaburagi. Suspect vehicle noticed with plate KA-31-M-3844.",open,Kalaburagi,Kalaburagi Traffic PS,"Near Nayar Path, Kalaburagi",17.2936,76.8205,Insp. Akshay Char,2025,4,8
KAR/HUB/2024/2218,2024-12-03,23:29:00,property_crime,"Reported incident of property crime at Near Deshpande Zila, Hubballi-Dharwad.",chargesheeted,Hubballi-Dharwad,Hubballi-Dharwad Rural PS,"Near Deshpande Zila, Hubballi-Dharwad",15.2749,75.1358,Insp. Yashoda Madan,2024,12,23
KAR/MYS/2024/2219,2024-11-30,13:24:00,cybercrime,"Reported incident of cybercrime at Near Desai, Mysuru.",closed,Mysuru,Mysuru Traffic PS,"Near Desai, Mysuru",12.3234,76.5894,Insp. Praneel Anne,2024,11,13
KAR/HAS/2024/2220,2024-03-21,17:21:00,fraud,"Reported incident of fraud at Near Nagy Ganj, Hassan.",open,Hassan,Hassan Suburban PS,"Near Nagy Ganj, Hassan",13.0794,76.0874,Insp. Wakeeta Hayer,2024,3,17
KAR/KAL/2024/2221,2024-10-31,03:01:00,drug_offence,"Reported incident of drug offence at Near Dhingra Ganj, Kalaburagi.",under_investigation,Kalaburagi,Kalaburagi Industrial PS,"Near Dhingra Ganj, Kalaburagi",17.2965,76.9,Insp. Amaira Chakraborty,2024,10,3
KAR/BEN/2024/2222,2024-10-12,18:13:00,fraud,"Reported incident of fraud at Near Mukherjee Chowk, Bengaluru Urban.",open,Bengaluru Urban,Bengaluru Urban East PS,"Near Mukherjee Chowk, Bengaluru Urban",13.0711,77.6075,Insp. Tanay Radhakrishnan,2024,10,18
KAR/BEN/2024/2223,2024-03-21,02:14:00,robbery,"Reported incident of robbery at Near Bail Chowk, Bengaluru Rural. Suspect vehicle noticed with plate KA-34-N-3304.",open,Bengaluru Rural,Bengaluru Rural West PS,"Near Bail Chowk, Bengaluru Rural",13.1408,77.4789,Insp. Samar Karnik,2024,3,2
KAR/KOP/2024/2224,2025-03-12,00:11:00,senior_citizen_crime,"Reported incident of senior citizen crime at Near Sama Ganj, Koppal.",open,Koppal,Koppal Rural PS,"Near Sama Ganj, Koppal",15.4254,76.2236,Insp. Rachita Anand,2025,3,0
KAR/BEN/2024/2225,2024-11-28,15:29:00,fraud,"Reported incident of fraud at Near Karan Ganj, Bengaluru Urban.",open,Bengaluru Urban,Bengaluru Urban Central PS,"Near Karan Ganj, Bengaluru Urban",12.9269,77.5865,Insp. Luke Gara,2024,11,15
KAR/CHI/2024/2226,2024-02-11,20:34:00,fraud,"Reported incident of fraud at Near Kohli Zila, Chikkamagaluru.",closed,Chikkamagaluru,Chikkamagaluru Rural PS,"Near Kohli Zila, Chikkamagaluru",13.3074,75.7532,Insp. Yadavi Balan,2024,2,20
KAR/RAI/2024/2227,2025-05-18,06:52:00,chain_snatching,"Reported incident of chain snatching at Near Rajagopalan, Raichur. Suspect vehicle noticed with plate KA-09-KB-5851.",open,Raichur,Raichur Suburban PS,"Near Rajagopalan, Raichur",16.2746,77.3332,Insp. Frado Sangha,2025,5,6
KAR/BEN/2024/2228,2024-11-10,15:54:00,property_crime,"Reported incident of property crime at Near Chawla Zila, Bengaluru Urban.",open,Bengaluru Urban,Bengaluru Urban West PS,"Near Chawla Zila, Bengaluru Urban",12.8957,77.5881,Insp. Jonathan Garde,2024,11,15
KAR/MAN/2024/2229,2024-03-25,06:10:00,murder,"Reported incident of murder at Near Yogi Chowk, Mandya.",chargesheeted,Mandya,Mandya Rural PS,"Near Yogi Chowk, Mandya",12.5212,76.9443,Insp. Sachi Date,2024,3,6
KAR/BEN/2024/2230,2025-03-15,22:33:00,vehicle_theft,"Reported incident of vehicle theft at Near Gulati Marg, Bengaluru Urban. Suspect vehicle noticed with plate KA-46-M-3143.",under_investigation,Bengaluru Urban,Bengaluru Urban Central PS,"Near Gulati Marg, Bengaluru Urban",12.9225,77.5554,Insp. Hitesh Munshi,2025,3,22
KAR/BEN/2024/2231,2024-09-27,04:49:00,vehicle_theft,"Reported incident of vehicle theft at Near Sen Circle, Bengaluru Urban. Suspect vehicle noticed with plate KA-55-B-7192.",open,Bengaluru Urban,Bengaluru Urban Central PS,"Near Sen Circle, Bengaluru Urban",12.9025,77.5723,Insp. Gauri Kurian,2024,9,4
KAR/RAI/2024/2232,2024-02-28,07:53:00,fraud,"Reported incident of fraud at Near Hora Path, Raichur.",open,Raichur,Raichur Market PS,"Near Hora Path, Raichur",16.1901,77.3305,Insp. Ati Sama,2024,2,7
KAR/CHI/2024/2233,2025-04-23,03:52:00,assault,"Reported incident of assault at Near Pandey Ganj, Chikkamagaluru.",chargesheeted,Chikkamagaluru,Chikkamagaluru Suburban PS,"Near Pandey Ganj, Chikkamagaluru",13.3663,75.8683,Insp. Sneha Hora,2025,4,3
KAR/BEL/2024/2234,2025-02-12,06:33:00,burglary,"Reported incident of burglary at Near Badal Street, Belagavi.",open,Belagavi,Belagavi Traffic PS,"Near Badal Street, Belagavi",15.8614,74.4665,Insp. Finn Arora,2025,2,6
KAR/BEN/2024/2235,2025-03-21,07:32:00,drug_offence,"Reported incident of drug offence at Near Ratti Circle, Bengaluru Urban.",open,Bengaluru Urban,Bengaluru Urban West PS,"Near Ratti Circle, Bengaluru Urban",12.8839,77.54,Insp. Yagnesh Som,2025,3,7
KAR/BEN/2024/2236,2024-11-11,21:32:00,chain_snatching,"Reported incident of chain snatching at Near Nori Chowk, Bengaluru Rural. Suspect vehicle noticed with plate KA-17-P-9194.",under_investigation,Bengaluru Rural,Bengaluru Rural West PS,"Near Nori Chowk, Bengaluru Rural",13.183,77.503,Insp. Yashodhara Sanghvi,2024,11,21
KAR/RAI/2024/2237,2024-07-02,19:04:00,chain_snatching,"Reported incident of chain snatching at Near Radhakrishnan Road, Raichur. Suspect vehicle noticed with plate KA-01-B-9386.",open,Raichur,Raichur Industrial PS,"Near Radhakrishnan Road, Raichur",16.2257,77.4028,Insp. Jeremiah Badami,2024,7,19
KAR/HUB/2024/2238,2024-08-19,00:47:00,vehicle_theft,"Reported incident of vehicle theft at Near Chandran Circle, Hubballi-Dharwad. Suspect vehicle noticed with plate KA-52-N-1527.",open,Hubballi-Dharwad,Hubballi-Dharwad Rural PS,"Near Chandran Circle, Hubballi-Dharwad",15.2696,75.1432,Insp. Keya Tara,2024,8,0
KAR/MYS/2024/2239,2024-06-27,20:04:00,chain_snatching,"Reported incident of chain snatching at Near Wali Path, Mysuru. Suspect vehicle noticed with plate KA-09-A-1045.",open,Mysuru,Mysuru West PS,"Near Wali Path, Mysuru",12.3838,76.5707,Insp. Zilmil Khare,2024,6,20
KAR/DAV/2024/2240,2025-02-09,19:46:00,vehicle_theft,"Reported incident of vehicle theft at Near Munshi Marg, Davangere. Suspect vehicle noticed with plate KA-08-KA-5479.",open,Davangere,Davangere Traffic PS,"Near Munshi Marg, Davangere",14.4212,75.9129,Insp. Bhavika Ramanathan,2025,2,19
KAR/SHI/2024/2241,2024-08-07,02:59:00,vehicle_theft,"Reported incident of vehicle theft at Near Bhavsar Circle, Shivamogga. Suspect vehicle noticed with plate KA-43-KA-7132.",open,Shivamogga,Shivamogga Industrial PS,"Near Bhavsar Circle, Shivamogga",13.8525,75.568,Insp. Eta Balay,2024,8,2
KAR/MYS/2024/2242,2024-05-07,19:23:00,vehicle_theft,"Reported incident of vehicle theft at Near Raval Path, Mysuru. Suspect vehicle noticed with plate KA-48-A-6468.",open,Mysuru,Mysuru North PS,"Near Raval Path, Mysuru",12.2297,76.5792,Insp. Tanish Zachariah,2024,5,19
KAR/BEN/2024/2243,2025-01-06,21:49:00,chain_snatching,"Reported incident of chain snatching at Near Goswami Zila, Bengaluru Urban. Suspect vehicle noticed with plate KA-32-KA-6768.",under_investigation,Bengaluru Urban,Bengaluru Urban North PS,"Near Goswami Zila, Bengaluru Urban",12.9569,77.6117,Insp. Christopher Saxena,2025,1,21
KAR/RAI/2024/2244,2024-08-16,20:05:00,burglary,"Reported incident of burglary at Near Cheema Marg, Raichur.",open,Raichur,Raichur Market PS,"Near Cheema Marg, Raichur",16.1507,77.3091,Insp. Tanay Narula,2024,8,20
KAR/MAN/2024/2245,2024-07-12,05:45:00,vehicle_theft,"Reported incident of vehicle theft at Near Parmar Zila, Mangaluru (Dakshina Kannada). Suspect vehicle noticed with plate KA-26-P-7759.",chargesheeted,Mangaluru (Dakshina Kannada),Mangaluru (Dakshina Kannada) Suburban PS,"Near Parmar Zila, Mangaluru (Dakshina Kannada)",12.8366,74.9106,Insp. Sanya Bhardwaj,2024,7,5
KAR/BEN/2024/2246,2024-01-12,23:05:00,fraud,"Reported incident of fraud at Near Chakraborty Path, Bengaluru Urban.",open,Bengaluru Urban,Bengaluru Urban Central PS,"Near Chakraborty Path, Bengaluru Urban",12.9231,77.5586,Insp. Nimrat Buch,2024,1,23
KAR/RAI/2024/2247,2024-07-26,08:15:00,fraud,"Reported incident of fraud at Near Khurana Nagar, Raichur.",chargesheeted,Raichur,Raichur Rural PS,"Near Khurana Nagar, Raichur",16.1756,77.269,Insp. Yochana Jhaveri,2024,7,8
KAR/BEN/2024/2248,2024-08-01,16:14:00,assault,"Reported incident of assault at Near Nayar Circle, Bengaluru Urban.",open,Bengaluru Urban,Bengaluru Urban Traffic PS,"Near Nayar Circle, Bengaluru Urban",12.9959,77.6382,Insp. Netra Bora,2024,8,16
KAR/BEN/2024/2249,2024-05-01,20:13:00,chain_snatching,"Reported incident of chain snatching at Near Mann Road, Bengaluru Urban. Suspect vehicle noticed with plate KA-47-P-7981.",chargesheeted,Bengaluru Urban,Bengaluru Urban Traffic PS,"Near Mann Road, Bengaluru Urban",12.9459,77.6838,Insp. Aarav Parikh,2024,5,20
KAR/HAS/2024/2250,2024-11-26,09:30:00,drug_offence,"Reported incident of drug offence at Near Kaur Zila, Hassan.",open,Hassan,Hassan Town PS,"Near Kaur Zila, Hassan",13.0261,76.0467,Insp. Zehaan Nori,2024,11,9
KAR/MAN/2024/2251,2024-06-29,22:07:00,assault,"Reported incident of assault at Near Hans Path, Mangaluru (Dakshina Kannada).",open,Mangaluru (Dakshina Kannada),Mangaluru (Dakshina Kannada) Industrial PS,"Near Hans Path, Mangaluru (Dakshina Kannada)",12.8828,74.8324,Insp. Neelima Srivastava,2024,6,22
KAR/BEN/2024/2252,2024-06-18,22:35:00,drug_offence,"Reported incident of drug offence at Near Baria Ganj, Bengaluru Urban.",open,Bengaluru Urban,Bengaluru Urban North PS,"Near Baria Ganj, Bengaluru Urban",12.9565,77.6067,Insp. Anay Chada,2024,6,22
KAR/BEN/2024/2253,2025-01-07,01:03:00,vehicle_theft,"Reported incident of vehicle theft at Near Dugar Nagar, Bengaluru Urban. Suspect vehicle noticed with plate KA-22-A-6410.",under_investigation,Bengaluru Urban,Bengaluru Urban Traffic PS,"Near Dugar Nagar, Bengaluru Urban",12.998,77.6403,Insp. Hemang Prakash,2025,1,1
KAR/BEN/2024/2254,2024-12-20,12:59:00,chain_snatching,"Reported incident of chain snatching at Near Saini Circle, Bengaluru Urban. Suspect vehicle noticed with plate KA-53-B-6125.",open,Bengaluru Urban,Bengaluru Urban South PS,"Near Saini Circle, Bengaluru Urban",12.9778,77.4989,Insp. Zehaan Raj,2024,12,12
KAR/BAL/2024/2255,2025-01-18,12:27:00,domestic_violence,"Reported incident of domestic violence at Near Lad Street, Ballari.",under_investigation,Ballari,Ballari Suburban PS,"Near Lad Street, Ballari",15.1895,76.9201,Insp. Ganga Oommen,2025,1,12
KAR/BEN/2024/2256,2024-05-02,09:25:00,robbery,"Reported incident of robbery at Near Sur Chowk, Bengaluru Urban. Suspect vehicle noticed with plate KA-08-A-9592.",under_investigation,Bengaluru Urban,Bengaluru Urban East PS,"Near Sur Chowk, Bengaluru Urban",13.0549,77.5644,Insp. Orinder Shroff,2024,5,9
KAR/BEN/2024/2257,2024-12-24,18:38:00,chain_snatching,"Reported incident of chain snatching at Near Zachariah Zila, Bengaluru Urban. Suspect vehicle noticed with plate KA-23-B-9185.",closed,Bengaluru Urban,Bengaluru Urban Traffic PS,"Near Zachariah Zila, Bengaluru Urban",12.9779,77.6863,Insp. Ekaraj Kant,2024,12,18
KAR/CHI/2024/2258,2025-02-11,11:48:00,drug_offence,"Reported incident of drug offence at Near Bhatia Street, Chikkamagaluru.",chargesheeted,Chikkamagaluru,Chikkamagaluru Rural PS,"Near Bhatia Street, Chikkamagaluru",13.3119,75.7696,Insp. Falan Sundaram,2025,2,11
KAR/KOL/2024/2259,2024-03-09,04:47:00,robbery,"Reported incident of robbery at Near Badal Chowk, Kolar. Suspect vehicle noticed with plate KA-28-P-8704.",open,Kolar,Kolar Suburban PS,"Near Badal Chowk, Kolar",13.1306,78.0668,Insp. Elijah Sura,2024,3,4
KAR/BEL/2024/2260,2024-02-06,21:39:00,robbery,"Reported incident of robbery at Near Ravel Circle, Belagavi. Suspect vehicle noticed with plate KA-49-A-5934.",chargesheeted,Belagavi,Belagavi Rural PS,"Near Ravel Circle, Belagavi",15.8347,74.493,Insp. Wazir Nadkarni,2024,2,21
KAR/BEN/2024/2261,2024-05-18,09:46:00,eve_teasing,"Reported incident of eve teasing at Near Kumer Circle, Bengaluru Urban.",under_investigation,Bengaluru Urban,Bengaluru Urban East PS,"Near Kumer Circle, Bengaluru Urban",13.0665,77.6197,Insp. Hamsini Dhingra,2024,5,9
KAR/BEN/2024/2262,2024-08-26,03:13:00,chain_snatching,"Reported incident of chain snatching at Near Sha Path, Bengaluru Urban. Suspect vehicle noticed with plate KA-44-KA-8061.",open,Bengaluru Urban,Bengaluru Urban North PS,"Near Sha Path, Bengaluru Urban",12.9613,77.5843,Insp. Tanvi Bera,2024,8,3
KAR/RAI/2024/2263,2025-03-17,17:53:00,burglary,"Reported incident of burglary at Near Tak Marg, Raichur.",open,Raichur,Raichur Market PS,"Near Tak Marg, Raichur",16.1398,77.3004,Insp. Hemang Chowdhury,2025,3,17
KAR/BEN/2024/2264,2024-10-23,19:50:00,chain_snatching,"Reported incident of chain snatching at Near Sethi Nagar, Bengaluru Urban. Suspect vehicle noticed with plate KA-11-KA-5184.",under_investigation,Bengaluru Urban,Bengaluru Urban South PS,"Near Sethi Nagar, Bengaluru Urban",12.9681,77.5347,Insp. Frado Kurian,2024,10,19
KAR/KOP/2024/2265,2024-11-24,03:46:00,assault,"Reported incident of assault at Near De Nagar, Koppal.",open,Koppal,Koppal Town PS,"Near De Nagar, Koppal",15.3058,76.1885,Insp. Bishakha Parikh,2024,11,3
KAR/BEL/2024/2266,2024-11-25,02:33:00,chain_snatching,"Reported incident of chain snatching at Near Chowdhury Chowk, Belagavi. Suspect vehicle noticed with plate KA-32-A-6729.",under_investigation,Belagavi,Belagavi Suburban PS,"Near Chowdhury Chowk, Belagavi",15.8199,74.4699,Insp. Bhavika Randhawa,2024,11,2
KAR/KOP/2024/2267,2025-01-16,00:40:00,assault,"Reported incident of assault at Near Agrawal, Koppal.",open,Koppal,Koppal Suburban PS,"Near Agrawal, Koppal",15.4204,76.2265,Insp. Ekapad Chopra,2025,1,0
KAR/MYS/2024/2268,2024-05-09,20:16:00,robbery,"Reported incident of robbery at Near Suresh Chowk, Mysuru. Suspect vehicle noticed with plate KA-15-M-3949.",chargesheeted,Mysuru,Mysuru Traffic PS,"Near Suresh Chowk, Mysuru",12.3209,76.5626,Insp. Vasudha Nori,2024,5,20
KAR/HUB/2024/2269,2024-08-16,09:31:00,drug_offence,"Reported incident of drug offence at Near Maharaj Path, Hubballi-Dharwad.",under_investigation,Hubballi-Dharwad,Hubballi-Dharwad Market PS,"Near Maharaj Path, Hubballi-Dharwad",15.4084,75.1618,Insp. Falguni Dixit,2024,8,9
KAR/TUM/2024/2270,2025-05-12,07:51:00,cybercrime,"Reported incident of cybercrime at Near Pillay Marg, Tumakuru.",closed,Tumakuru,Tumakuru Industrial PS,"Near Pillay Marg, Tumakuru",13.314,77.061,Insp. Raagini Thaman,2025,5,7
KAR/BAL/2024/2271,2024-08-14,12:30:00,eve_teasing,"Reported incident of eve teasing at Near Joshi Ganj, Ballari.",chargesheeted,Ballari,Ballari Rural PS,"Near Joshi Ganj, Ballari",15.1481,76.9113,Insp. Baghyawati Kapur,2024,8,12
KAR/BEN/2024/2272,2024-11-04,05:44:00,vehicle_theft,"Reported incident of vehicle theft at Near Mutti, Bengaluru Urban. Suspect vehicle noticed with plate KA-38-P-6162.",under_investigation,Bengaluru Urban,Bengaluru Urban East PS,"Near Mutti, Bengaluru Urban",13.0541,77.6028,Insp. Jeremiah Sekhon,2024,11,5
KAR/BID/2024/2273,2024-11-23,07:46:00,vehicle_theft,"Reported incident of vehicle theft at Near Mukhopadhyay Ganj, Bidar. Suspect vehicle noticed with plate KA-31-N-9106.",under_investigation,Bidar,Bidar Traffic PS,"Near Mukhopadhyay Ganj, Bidar",17.8764,77.4199,Insp. Isha Sura,2024,11,7
KAR/BEN/2024/2274,2024-07-03,08:36:00,burglary,"Reported incident of burglary at Near Sami Ganj, Bengaluru Urban.",open,Bengaluru Urban,Bengaluru Urban West PS,"Near Sami Ganj, Bengaluru Urban",12.9185,77.5713,Insp. Chameli Pillai,2024,7,8
KAR/VIJ/2024/2275,2024-10-13,12:17:00,assault,"Reported incident of assault at Near Puri Ganj, Vijayapura.",chargesheeted,Vijayapura,Vijayapura Market PS,"Near Puri Ganj, Vijayapura",16.8337,75.7903,Insp. Yashodhara Pandya,2024,10,12
KAR/HAS/2024/2276,2024-06-19,01:06:00,fraud,"Reported incident of fraud at Near Bora Street, Hassan.",open,Hassan,Hassan Town PS,"Near Bora Street, Hassan",13.0218,76.0105,Insp. Ishaan Ahuja,2024,6,1
KAR/BEN/2024/2277,2025-02-22,01:24:00,vehicle_theft,"Reported incident of vehicle theft at Near Sarraf, Bengaluru Urban. Suspect vehicle noticed with plate KA-35-P-1982.",open,Bengaluru Urban,Bengaluru Urban North PS,"Near Sarraf, Bengaluru Urban",12.9323,77.5741,Insp. Gaurika Pal,2025,2,1
KAR/VIJ/2024/2278,2025-02-17,06:38:00,robbery,"Reported incident of robbery at Near Panchal Nagar, Vijayapura. Suspect vehicle noticed with plate KA-43-P-4472.",under_investigation,Vijayapura,Vijayapura Suburban PS,"Near Panchal Nagar, Vijayapura",16.7404,75.6542,Insp. Harini Subramaniam,2025,2,6
KAR/RAI/2024/2279,2024-10-15,04:44:00,vehicle_theft,"Reported incident of vehicle theft at Near Wadhwa Marg, Raichur. Suspect vehicle noticed with plate KA-51-M-2237.",under_investigation,Raichur,Raichur Rural PS,"Near Wadhwa Marg, Raichur",16.1613,77.2726,Insp. Wazir Kamdar,2024,10,4
KAR/MAN/2024/2280,2025-03-18,08:19:00,fraud,"Reported incident of fraud at Near Sood Nagar, Mangaluru (Dakshina Kannada).",under_investigation,Mangaluru (Dakshina Kannada),Mangaluru (Dakshina Kannada) Suburban PS,"Near Sood Nagar, Mangaluru (Dakshina Kannada)",12.8274,74.8956,Insp. Elijah Venkataraman,2025,3,8
KAR/BEN/2024/2281,2024-10-10,22:45:00,chain_snatching,"Reported incident of chain snatching at Near Ghosh Ganj, Bengaluru Urban. Suspect vehicle noticed with plate KA-18-N-6989.",open,Bengaluru Urban,Bengaluru Urban Traffic PS,"Near Ghosh Ganj, Bengaluru Urban",12.9707,77.6276,Insp. Sachi Hora,2024,10,22
KAR/BEN/2024/2282,2024-12-01,15:42:00,chain_snatching,"Reported incident of chain snatching at Near Upadhyay, Bengaluru Urban. Suspect vehicle noticed with plate KA-34-N-4204.",open,Bengaluru Urban,Bengaluru Urban Traffic PS,"Near Upadhyay, Bengaluru Urban",12.9978,77.6789,Insp. Zayan Balay,2024,12,15
KAR/BEN/2024/2283,2025-05-23,22:24:00,eve_teasing,"Reported incident of eve teasing at Near Dey Ganj, Bengaluru Urban.",open,Bengaluru Urban,Bengaluru Urban South PS,"Near Dey Ganj, Bengaluru Urban",12.9565,77.5213,Insp. Oscar Chokshi,2025,5,22
KAR/RAI/2024/2284,2024-06-24,05:44:00,chain_snatching,"Reported incident of chain snatching at Near Sharma Path, Raichur. Suspect vehicle noticed with plate KA-24-N-3393.",under_investigation,Raichur,Raichur Rural PS,"Near Sharma Path, Raichur",16.1923,77.2524,Insp. Ria Chauhan,2024,6,5
KAR/BEN/2024/2285,2024-02-16,16:07:00,fraud,"Reported incident of fraud at Near Basu Ganj, Bengaluru Urban.",under_investigation,Bengaluru Urban,Bengaluru Urban East PS,"Near Basu Ganj, Bengaluru Urban",13.0562,77.6168,Insp. Barkha Sachar,2024,2,16
KAR/BEN/2024/2286,2025-02-24,04:31:00,hit_and_run,"Reported incident of hit and run at Near Morar Street, Bengaluru Urban.",under_investigation,Bengaluru Urban,Bengaluru Urban West PS,"Near Morar Street, Bengaluru Urban",12.9051,77.5722,Insp. Oscar Bakshi,2025,2,4
KAR/BEN/2024/2287,2025-05-12,21:00:00,vehicle_theft,"Reported incident of vehicle theft at Near Dhaliwal Path, Bengaluru Urban. Suspect vehicle noticed with plate KA-01-KA-1438.",chargesheeted,Bengaluru Urban,Bengaluru Urban Traffic PS,"Near Dhaliwal Path, Bengaluru Urban",12.9502,77.6379,Insp. Meera Hora,2025,5,21
KAR/MAN/2024/2288,2025-05-31,04:36:00,eve_teasing,"Reported incident of eve teasing at Near Parmar, Mandya.",under_investigation,Mandya,Mandya Town PS,"Near Parmar, Mandya",12.5613,76.8817,Insp. Bimala Deep,2025,5,4
KAR/HUB/2024/2289,2024-11-02,10:56:00,chain_snatching,"Reported incident of chain snatching at Near Batta Nagar, Hubballi-Dharwad. Suspect vehicle noticed with plate KA-44-N-2118.",under_investigation,Hubballi-Dharwad,Hubballi-Dharwad Industrial PS,"Near Batta Nagar, Hubballi-Dharwad",15.4482,75.0338,Insp. Urmi Sunder,2024,11,10
KAR/HUB/2024/2290,2024-10-03,17:47:00,chain_snatching,"Reported incident of chain snatching at Near Nayak Ganj, Hubballi-Dharwad. Suspect vehicle noticed with plate KA-06-M-4919.",open,Hubballi-Dharwad,Hubballi-Dharwad Traffic PS,"Near Nayak Ganj, Hubballi-Dharwad",15.4536,75.0292,Insp. Henry Narasimhan,2024,10,17
KAR/BEN/2024/2291,2024-01-14,19:04:00,kidnapping,"Reported incident of kidnapping at Near Raja Circle, Bengaluru Urban.",open,Bengaluru Urban,Bengaluru Urban East PS,"Near Raja Circle, Bengaluru Urban",13.0738,77.6016,Insp. Hamsini Zacharia,2024,1,19
KAR/MAN/2024/2292,2024-04-27,17:46:00,fraud,"Reported incident of fraud at Near Gala Ganj, Mandya.",under_investigation,Mandya,Mandya Rural PS,"Near Gala Ganj, Mandya",12.5421,76.9515,Insp. Anusha Basak,2024,4,17
KAR/MYS/2024/2293,2024-04-15,13:22:00,drug_offence,"Reported incident of drug offence at Near Parekh Ganj, Mysuru.",open,Mysuru,Mysuru Central PS,"Near Parekh Ganj, Mysuru",12.1948,76.6847,Insp. Kiaan Natt,2024,4,13
KAR/BEN/2024/2294,2025-04-15,05:01:00,assault,"Reported incident of assault at Near Brahmbhatt Nagar, Bengaluru Urban.",open,Bengaluru Urban,Bengaluru Urban Central PS,"Near Brahmbhatt Nagar, Bengaluru Urban",12.9555,77.5741,Insp. Tanmayi Nadkarni,2025,4,5
KAR/BEN/2024/2295,2024-05-21,16:05:00,vehicle_theft,"Reported incident of vehicle theft at Near Manne Zila, Bengaluru Urban. Suspect vehicle noticed with plate KA-03-B-2599.",open,Bengaluru Urban,Bengaluru Urban East PS,"Near Manne Zila, Bengaluru Urban",13.0656,77.575,Insp. Samesh Rao,2024,5,16
KAR/MAN/2024/2296,2024-09-20,14:06:00,burglary,"Reported incident of burglary at Near Barad, Mandya.",open,Mandya,Mandya Market PS,"Near Barad, Mandya",12.5002,76.837,Insp. Unni Sarna,2024,9,14
KAR/BAL/2024/2297,2024-10-17,15:45:00,robbery,"Reported incident of robbery at Near Iyengar Circle, Ballari. Suspect vehicle noticed with plate KA-48-M-5344.",open,Ballari,Ballari Traffic PS,"Near Iyengar Circle, Ballari",15.2053,76.8825,Insp. Yagnesh Ben,2024,10,15
KAR/KOL/2024/2298,2025-01-30,15:27:00,domestic_violence,"Reported incident of domestic violence at Near Kapoor Road, Kolar.",under_investigation,Kolar,Kolar Traffic PS,"Near Kapoor Road, Kolar",13.1578,78.0996,Insp. Varsha Prasad,2025,1,15
KAR/DAV/2024/2299,2025-03-17,12:07:00,robbery,"Reported incident of robbery at Near Swaminathan Marg, Davangere. Suspect vehicle noticed with plate KA-38-B-9978.",chargesheeted,Davangere,Davangere Market PS,"Near Swaminathan Marg, Davangere",14.4477,75.8179,Insp. Arjun Sharma,2025,3,12
KAR/VIJ/2024/2300,2024-04-30,17:34:00,chain_snatching,"Reported incident of chain snatching at Near Chander Chowk, Vijayapura. Suspect vehicle noticed with plate KA-04-M-7619.",open,Vijayapura,Vijayapura Market PS,"Near Chander Chowk, Vijayapura",16.7953,75.7483,Insp. Onveer Mammen,2024,4,17
KAR/DAV/2024/2301,2025-02-04,15:24:00,murder,"Reported incident of murder at Near Vaidya, Davangere.",open,Davangere,Davangere Traffic PS,"Near Vaidya, Davangere",14.4276,75.9108,Insp. Riya Mishra,2025,2,15
KAR/KAL/2024/2302,2024-06-20,01:04:00,chain_snatching,"Reported incident of chain snatching at Near Dyal Zila, Kalaburagi. Suspect vehicle noticed with plate KA-40-M-3150.",open,Kalaburagi,Kalaburagi Market PS,"Near Dyal Zila, Kalaburagi",17.337,76.863,Insp. Quincy Mukherjee,2024,6,1
KAR/BEN/2024/2303,2025-01-27,13:35:00,vehicle_theft,"Reported incident of vehicle theft at Near Singh Path, Bengaluru Urban. Suspect vehicle noticed with plate KA-49-KB-4634.",chargesheeted,Bengaluru Urban,Bengaluru Urban North PS,"Near Singh Path, Bengaluru Urban",12.9377,77.5867,Insp. Kiaan Lad,2025,1,13
KAR/MYS/2024/2304,2024-10-29,20:27:00,fraud,"Reported incident of fraud at Near Mander Chowk, Mysuru.",chargesheeted,Mysuru,Mysuru North PS,"Near Mander Chowk, Mysuru",12.2361,76.5778,Insp. Yutika Ganesh,2024,10,20
KAR/BEN/2024/2305,2025-04-02,12:46:00,burglary,"Reported incident of burglary at Near Sinha Nagar, Bengaluru Urban.",closed,Bengaluru Urban,Bengaluru Urban South PS,"Near Sinha Nagar, Bengaluru Urban",12.9905,77.538,Insp. Lakshit Ratti,2025,4,12
KAR/BEN/2024/2306,2024-12-02,00:09:00,chain_snatching,"Reported incident of chain snatching at Near Kaul Marg, Bengaluru Urban. Suspect vehicle noticed with plate KA-46-A-1026.",under_investigation,Bengaluru Urban,Bengaluru Urban South PS,"Near Kaul Marg, Bengaluru Urban",12.9582,77.5026,Insp. Charita Parekh,2024,12,0
KAR/BEN/2024/2307,2024-10-12,11:48:00,vehicle_theft,"Reported incident of vehicle theft at Near Rai Chowk, Bengaluru Urban. Suspect vehicle noticed with plate KA-41-KA-1809.",open,Bengaluru Urban,Bengaluru Urban Central PS,"Near Rai Chowk, Bengaluru Urban",12.9499,77.5934,Insp. Girish Roy,2024,10,11
KAR/HAS/2024/2308,2024-12-25,19:26:00,vehicle_theft,"Reported incident of vehicle theft at Near Dubey Chowk, Hassan. Suspect vehicle noticed with plate KA-07-A-2212.",under_investigation,Hassan,Hassan Market PS,"Near Dubey Chowk, Hassan",13.0095,76.1187,Insp. Urishilla Das,2024,12,19
KAR/BEN/2024/2309,2024-10-12,12:42:00,murder,"Reported incident of murder at Near Sharma Chowk, Bengaluru Urban.",open,Bengaluru Urban,Bengaluru Urban North PS,"Near Sharma Chowk, Bengaluru Urban",12.922,77.5918,Insp. Forum Barman,2024,10,12
KAR/HAS/2024/2310,2024-07-16,14:50:00,burglary,"Reported incident of burglary at Near Kashyap Ganj, Hassan.",closed,Hassan,Hassan Market PS,"Near Kashyap Ganj, Hassan",13.0199,76.0762,Insp. Andrew Barman,2024,7,14
KAR/BEN/2024/2311,2024-11-16,16:41:00,cybercrime,"Reported incident of cybercrime at Near Ghose Zila, Bengaluru Urban.",chargesheeted,Bengaluru Urban,Bengaluru Urban Central PS,"Near Ghose Zila, Bengaluru Urban",12.9232,77.5908,Insp. Hamsini Raval,2024,11,16
KAR/HUB/2024/2312,2024-05-01,04:04:00,burglary,"Reported incident of burglary at Near Bobal, Hubballi-Dharwad.",open,Hubballi-Dharwad,Hubballi-Dharwad Industrial PS,"Near Bobal, Hubballi-Dharwad",15.4098,75.0551,Insp. Xiti Mishra,2024,5,4
KAR/BEN/2024/2313,2024-12-20,08:58:00,vehicle_theft,"Reported incident of vehicle theft at Near Sagar Street, Bengaluru Urban. Suspect vehicle noticed with plate KA-36-P-6687.",open,Bengaluru Urban,Bengaluru Urban Traffic PS,"Near Sagar Street, Bengaluru Urban",12.9486,77.6654,Insp. Eta Tella,2024,12,8
KAR/BEN/2024/2314,2024-07-15,20:49:00,cybercrime,"Reported incident of cybercrime at Near Chatterjee Circle, Bengaluru Urban.",open,Bengaluru Urban,Bengaluru Urban Central PS,"Near Chatterjee Circle, Bengaluru Urban",12.922,77.59,Insp. Bhavini Tandon,2024,7,20
KAR/BEN/2024/2315,2024-12-11,04:35:00,chain_snatching,"Reported incident of chain snatching at Near Boase Zila, Bengaluru Urban. Suspect vehicle noticed with plate KA-36-M-8690.",open,Bengaluru Urban,Bengaluru Urban Central PS,"Near Boase Zila, Bengaluru Urban",12.9545,77.5875,Insp. Falguni Varma,2024,12,4
KAR/KOP/2024/2316,2024-01-07,18:22:00,fraud,"Reported incident of fraud at Near Khosla Path, Koppal.",under_investigation,Koppal,Koppal Industrial PS,"Near Khosla Path, Koppal",15.3285,76.1992,Insp. Pooja Narasimhan,2024,1,18
KAR/KOL/2024/2317,2025-04-02,16:10:00,hit_and_run,"Reported incident of hit and run at Near Dhar Marg, Kolar.",open,Kolar,Kolar Town PS,"Near Dhar Marg, Kolar",13.195,78.115,Insp. Lekha Din,2025,4,16
KAR/MYS/2024/2318,2024-10-16,09:27:00,vehicle_theft,"Reported incident of vehicle theft at Near Dass, Mysuru. Suspect vehicle noticed with plate KA-20-M-1598.",open,Mysuru,Mysuru East PS,"Near Dass, Mysuru",12.2991,76.6477,Insp. Warhi Pandit,2024,10,9
KAR/BEN/2024/2319,2024-02-14,20:25:00,fraud,"Reported incident of fraud at Near Kala Nagar, Bengaluru Urban.",under_investigation,Bengaluru Urban,Bengaluru Urban East PS,"Near Kala Nagar, Bengaluru Urban",13.0472,77.5951,Insp. Dalbir Bassi,2024,2,20
KAR/MYS/2024/2320,2024-10-27,04:25:00,chain_snatching,"Reported incident of chain snatching at Near Ramesh Ganj, Mysuru. Suspect vehicle noticed with plate KA-33-M-3665.",under_investigation,Mysuru,Mysuru South PS,"Near Ramesh Ganj, Mysuru",12.2683,76.5981,Insp. Gaurika Dass,2024,10,4
KAR/BEN/2024/2321,2025-01-21,04:17:00,fraud,"Reported incident of fraud at Near Sani Marg, Bengaluru Urban.",chargesheeted,Bengaluru Urban,Bengaluru Urban East PS,"Near Sani Marg, Bengaluru Urban",13.0769,77.6181,Insp. Advika Misra,2025,1,4
KAR/BAL/2024/2322,2025-04-30,01:57:00,hit_and_run,"Reported incident of hit and run at Near Jani Ganj, Ballari.",closed,Ballari,Ballari Market PS,"Near Jani Ganj, Ballari",15.1603,76.8827,Insp. Nisha Randhawa,2025,4,1
KAR/MAN/2024/2323,2024-04-12,17:02:00,chain_snatching,"Reported incident of chain snatching at Near Merchant Nagar, Mangaluru (Dakshina Kannada). Suspect vehicle noticed with plate KA-54-KB-6548.",chargesheeted,Mangaluru (Dakshina Kannada),Mangaluru (Dakshina Kannada) Town PS,"Near Merchant Nagar, Mangaluru (Dakshina Kannada)",12.9556,74.9397,Insp. Gaurang Sur,2024,4,17
KAR/BEN/2024/2324,2024-07-09,09:40:00,chain_snatching,"Reported incident of chain snatching at Near Mand Road, Bengaluru Urban. Suspect vehicle noticed with plate KA-35-KA-8164.",chargesheeted,Bengaluru Urban,Bengaluru Urban North PS,"Near Mand Road, Bengaluru Urban",12.9442,77.6116,Insp. Kiaan Dixit,2024,7,9
KAR/RAI/2024/2325,2025-03-11,05:53:00,eve_teasing,"Reported incident of eve teasing at Near Aurora Street, Raichur.",chargesheeted,Raichur,Raichur Town PS,"Near Aurora Street, Raichur",16.1553,77.3608,Insp. Chatura Doctor,2025,3,5
KAR/BEN/2024/2326,2024-10-01,01:08:00,fraud,"Reported incident of fraud at Near Bora Circle, Bengaluru Urban.",open,Bengaluru Urban,Bengaluru Urban North PS,"Near Bora Circle, Bengaluru Urban",12.9518,77.6214,Insp. Oviya Kurian,2024,10,1
KAR/KOL/2024/2327,2024-04-13,00:49:00,fraud,"Reported incident of fraud at Near Tak Path, Kolar.",open,Kolar,Kolar Industrial PS,"Near Tak Path, Kolar",13.1142,78.1918,Insp. Tarak Kalla,2024,4,0
KAR/BEN/2024/2328,2024-11-13,14:38:00,vehicle_theft,"Reported incident of vehicle theft at Near Mittal Zila, Bengaluru Urban. Suspect vehicle noticed with plate KA-20-KB-7534.",open,Bengaluru Urban,Bengaluru Urban Traffic PS,"Near Mittal Zila, Bengaluru Urban",12.9568,77.6671,Insp. Ekta Mand,2024,11,14
KAR/MAN/2024/2329,2024-05-13,21:15:00,vehicle_theft,"Reported incident of vehicle theft at Near Bhasin Circle, Mangaluru (Dakshina Kannada). Suspect vehicle noticed with plate KA-01-N-3023.",under_investigation,Mangaluru (Dakshina Kannada),Mangaluru (Dakshina Kannada) Industrial PS,"Near Bhasin Circle, Mangaluru (Dakshina Kannada)",12.8974,74.8304,Insp. Tarak Dugal,2024,5,21
KAR/VIJ/2024/2330,2024-12-14,00:51:00,vehicle_theft,"Reported incident of vehicle theft at Near Sagar Nagar, Vijayapura. Suspect vehicle noticed with plate KA-21-KB-7391.",open,Vijayapura,Vijayapura Traffic PS,"Near Sagar Nagar, Vijayapura",16.8929,75.7057,Insp. Varenya Dyal,2024,12,0
KAR/BEN/2024/2331,2025-01-26,10:57:00,drug_offence,"Reported incident of drug offence at Near Anand Circle, Bengaluru Urban.",under_investigation,Bengaluru Urban,Bengaluru Urban Central PS,"Near Anand Circle, Bengaluru Urban",12.9313,77.5827,Insp. Matthew Mangal,2025,1,10
KAR/VIJ/2024/2332,2024-06-10,09:59:00,vehicle_theft,"Reported incident of vehicle theft at Near Chhabra, Vijayapura. Suspect vehicle noticed with plate KA-20-N-7757.",open,Vijayapura,Vijayapura Rural PS,"Near Chhabra, Vijayapura",16.831,75.6762,Insp. Anay Chada,2024,6,9
KAR/BEN/2024/2333,2025-02-02,10:43:00,kidnapping,"Reported incident of kidnapping at Near Datta Street, Bengaluru Urban.",open,Bengaluru Urban,Bengaluru Urban Central PS,"Near Datta Street, Bengaluru Urban",12.944,77.5545,Insp. Tanvi Virk,2025,2,10
KAR/MAN/2024/2334,2024-12-20,02:28:00,vehicle_theft,"Reported incident of vehicle theft at Near Sagar Street, Mandya. Suspect vehicle noticed with plate KA-11-KB-1862.",open,Mandya,Mandya Rural PS,"Near Sagar Street, Mandya",12.5555,76.9816,Insp. Aradhana Sant,2024,12,2
KAR/KOP/2024/2335,2024-11-08,14:55:00,burglary,"Reported incident of burglary at Near Parmer, Koppal.",closed,Koppal,Koppal Market PS,"Near Parmer, Koppal",15.3822,76.2255,Insp. Mason Sandhu,2024,11,14
KAR/MAN/2024/2336,2024-10-04,00:03:00,vehicle_theft,"Reported incident of vehicle theft at Near Patel Street, Mangaluru (Dakshina Kannada). Suspect vehicle noticed with plate KA-07-KB-4998.",under_investigation,Mangaluru (Dakshina Kannada),Mangaluru (Dakshina Kannada) Town PS,"Near Patel Street, Mangaluru (Dakshina Kannada)",12.948,74.9463,Insp. Urvi Ramanathan,2024,10,0
KAR/RAI/2024/2337,2025-02-12,01:21:00,fraud,"Reported incident of fraud at Near Bora, Raichur.",under_investigation,Raichur,Raichur Traffic PS,"Near Bora, Raichur",16.1573,77.3718,Insp. Wyatt Cherian,2025,2,1
KAR/KAL/2024/2338,2025-05-27,17:39:00,chain_snatching,"Reported incident of chain snatching at Near Dalal Marg, Kalaburagi. Suspect vehicle noticed with plate KA-23-B-7804.",under_investigation,Kalaburagi,Kalaburagi Town PS,"Near Dalal Marg, Kalaburagi",17.2359,76.8407,Insp. Omaja Chopra,2025,5,17
KAR/BEN/2024/2339,2024-12-31,17:15:00,fraud,"Reported incident of fraud at Near Srivastava Chowk, Bengaluru Urban.",open,Bengaluru Urban,Bengaluru Urban East PS,"Near Srivastava Chowk, Bengaluru Urban",13.0534,77.5847,Insp. Inaya Shetty,2024,12,17
KAR/BEN/2024/2340,2024-03-27,18:23:00,fraud,"Reported incident of fraud at Near Yadav Street, Bengaluru Urban.",closed,Bengaluru Urban,Bengaluru Urban Central PS,"Near Yadav Street, Bengaluru Urban",12.9441,77.5846,Insp. Riya Mital,2024,3,18
KAR/KAL/2024/2341,2025-05-19,09:58:00,chain_snatching,"Reported incident of chain snatching at Near Sharaf Street, Kalaburagi. Suspect vehicle noticed with plate KA-37-M-5444.",chargesheeted,Kalaburagi,Kalaburagi Industrial PS,"Near Sharaf Street, Kalaburagi",17.2788,76.8997,Insp. Caleb Khosla,2025,5,9
KAR/BEN/2024/2342,2024-05-04,08:01:00,property_crime,"Reported incident of property crime at Near Nadig Chowk, Bengaluru Urban.",open,Bengaluru Urban,Bengaluru Urban Traffic PS,"Near Nadig Chowk, Bengaluru Urban",12.9515,77.6372,Insp. Maanas Jani,2024,5,8
KAR/BEN/2024/2343,2024-12-17,11:59:00,vehicle_theft,"Reported incident of vehicle theft at Near Nazareth Zila, Bengaluru Urban. Suspect vehicle noticed with plate KA-36-M-8944.",open,Bengaluru Urban,Bengaluru Urban East PS,"Near Nazareth Zila, Bengaluru Urban",13.0471,77.5715,Insp. Aditya Varkey,2024,12,11
KAR/BEN/2024/2344,2024-10-14,21:41:00,kidnapping,"Reported incident of kidnapping at Near Krish Path, Bengaluru Urban.",open,Bengaluru Urban,Bengaluru Urban North PS,"Near Krish Path, Bengaluru Urban",12.965,77.6033,Insp. Bishakha Bobal,2024,10,21
KAR/BID/2024/2345,2025-05-08,14:16:00,fraud,"Reported incident of fraud at Near Baria Nagar, Bidar.",chargesheeted,Bidar,Bidar Industrial PS,"Near Baria Nagar, Bidar",17.8782,77.5089,Insp. Kashvi Banerjee,2025,5,14
KAR/KOP/2024/2346,2024-06-17,00:40:00,chain_snatching,"Reported incident of chain snatching at Near Singhal Nagar, Koppal. Suspect vehicle noticed with plate KA-51-B-9267.",open,Koppal,Koppal Industrial PS,"Near Singhal Nagar, Koppal",15.3433,76.1686,Insp. Vidhi Goyal,2024,6,0
KAR/MAN/2024/2347,2025-05-25,03:22:00,assault,"Reported incident of assault at Near Singh Ganj, Mangaluru (Dakshina Kannada).",under_investigation,Mangaluru (Dakshina Kannada),Mangaluru (Dakshina Kannada) Industrial PS,"Near Singh Ganj, Mangaluru (Dakshina Kannada)",12.8886,74.8318,Insp. Chatura Peri,2025,5,3
KAR/TUM/2024/2348,2024-07-27,20:18:00,kidnapping,"Reported incident of kidnapping at Near Golla Ganj, Tumakuru.",under_investigation,Tumakuru,Tumakuru Suburban PS,"Near Golla Ganj, Tumakuru",13.3209,77.1274,Insp. Bhavika Sharaf,2024,7,20
KAR/CHI/2024/2349,2024-07-23,22:43:00,eve_teasing,"Reported incident of eve teasing at Near Sathe Path, Chikkamagaluru.",closed,Chikkamagaluru,Chikkamagaluru Town PS,"Near Sathe Path, Chikkamagaluru",13.3337,75.8096,Insp. Vedika Shenoy,2024,7,22
KAR/CHI/2024/2350,2025-05-25,01:26:00,murder,"Reported incident of murder at Near Datta Chowk, Chikkamagaluru.",chargesheeted,Chikkamagaluru,Chikkamagaluru Traffic PS,"Near Datta Chowk, Chikkamagaluru",13.3156,75.6884,Insp. Jairaj Banerjee,2025,5,1
KAR/KOL/2024/2351,2024-11-24,08:00:00,vehicle_theft,"Reported incident of vehicle theft at Near Trivedi Path, Kolar. Suspect vehicle noticed with plate KA-19-KB-8048.",open,Kolar,Kolar Traffic PS,"Near Trivedi Path, Kolar",13.206,78.0946,Insp. Ryan Devi,2024,11,8
KAR/BEN/2024/2352,2025-03-22,07:28:00,cybercrime,"Reported incident of cybercrime at Near Prashad Nagar, Bengaluru Urban.",open,Bengaluru Urban,Bengaluru Urban East PS,"Near Prashad Nagar, Bengaluru Urban",13.0264,77.5907,Insp. Qarin Sibal,2025,3,7
KAR/BEN/2024/2353,2024-11-28,09:31:00,chain_snatching,"Reported incident of chain snatching at Near Viswanathan Chowk, Bengaluru Urban. Suspect vehicle noticed with plate KA-29-B-1938.",under_investigation,Bengaluru Urban,Bengaluru Urban East PS,"Near Viswanathan Chowk, Bengaluru Urban",13.044,77.6002,Insp. Vansha Sampath,2024,11,9
KAR/BEN/2024/2354,2025-05-31,00:24:00,assault,"Reported incident of assault at Near Upadhyay Street, Bengaluru Urban.",open,Bengaluru Urban,Bengaluru Urban Traffic PS,"Near Upadhyay Street, Bengaluru Urban",12.955,77.6676,Insp. Dipta Madan,2025,5,0
KAR/CHI/2024/2355,2024-12-04,09:33:00,chain_snatching,"Reported incident of chain snatching at Near Dave Marg, Chikkamagaluru. Suspect vehicle noticed with plate KA-30-KB-5086.",open,Chikkamagaluru,Chikkamagaluru Town PS,"Near Dave Marg, Chikkamagaluru",13.3613,75.8176,Insp. Vyanjana Khare,2024,12,9
KAR/BEN/2024/2356,2024-02-04,17:14:00,hit_and_run,"Reported incident of hit and run at Near Saxena Ganj, Bengaluru Urban.",chargesheeted,Bengaluru Urban,Bengaluru Urban East PS,"Near Saxena Ganj, Bengaluru Urban",13.0466,77.6225,Insp. Forum Pathak,2024,2,17
KAR/MAN/2024/2357,2024-12-09,16:29:00,burglary,"Reported incident of burglary at Near Dani Street, Mangaluru (Dakshina Kannada).",closed,Mangaluru (Dakshina Kannada),Mangaluru (Dakshina Kannada) Suburban PS,"Near Dani Street, Mangaluru (Dakshina Kannada)",12.8351,74.8679,Insp. Tanay Sidhu,2024,12,16
KAR/CHI/2024/2358,2024-08-07,09:52:00,fraud,"Reported incident of fraud at Near Deol Nagar, Chikkamagaluru.",under_investigation,Chikkamagaluru,Chikkamagaluru Suburban PS,"Near Deol Nagar, Chikkamagaluru",13.3898,75.8541,Insp. Diya Raj,2024,8,9
KAR/KOL/2024/2359,2025-05-13,07:09:00,hit_and_run,"Reported incident of hit and run at Near Guha, Kolar.",open,Kolar,Kolar Suburban PS,"Near Guha, Kolar",13.1666,78.0597,Insp. Ojasvi Lal,2025,5,7
KAR/BEN/2024/2360,2024-12-13,13:51:00,vehicle_theft,"Reported incident of vehicle theft at Near Venkataraman Street, Bengaluru Urban. Suspect vehicle noticed with plate KA-21-KA-5558.",open,Bengaluru Urban,Bengaluru Urban Central PS,"Near Venkataraman Street, Bengaluru Urban",12.9518,77.5606,Insp. Manan Mistry,2024,12,13
KAR/BEN/2024/2361,2024-11-09,00:14:00,cybercrime,"Reported incident of cybercrime at Near Sehgal Circle, Bengaluru Urban.",open,Bengaluru Urban,Bengaluru Urban South PS,"Near Sehgal Circle, Bengaluru Urban",12.9829,77.5056,Insp. Wazir Manda,2024,11,0
KAR/KOL/2024/2362,2024-12-06,22:00:00,robbery,"Reported incident of robbery at Near Kala Chowk, Kolar. Suspect vehicle noticed with plate KA-02-M-2149.",under_investigation,Kolar,Kolar Traffic PS,"Near Kala Chowk, Kolar",13.1502,78.104,Insp. Indrajit Gopal,2024,12,22
KAR/BEN/2024/2363,2024-02-09,18:01:00,fraud,"Reported incident of fraud at Near Mani Circle, Bengaluru Urban.",open,Bengaluru Urban,Bengaluru Urban East PS,"Near Mani Circle, Bengaluru Urban",13.022,77.565,Insp. Upasna Comar,2024,2,18
KAR/KAL/2024/2364,2024-01-30,07:34:00,robbery,"Reported incident of robbery at Near Patel Marg, Kalaburagi. Suspect vehicle noticed with plate KA-22-KA-2414.",chargesheeted,Kalaburagi,Kalaburagi Rural PS,"Near Patel Marg, Kalaburagi",17.2366,76.7718,Insp. Pratyush Sama,2024,1,7
KAR/HAS/2024/2365,2025-03-22,07:23:00,fraud,"Reported incident of fraud at Near Memon Marg, Hassan.",under_investigation,Hassan,Hassan Town PS,"Near Memon Marg, Hassan",12.9987,76.0414,Insp. Chandran Gandhi,2025,3,7
KAR/HAS/2024/2366,2024-05-27,13:23:00,fraud,"Reported incident of fraud at Near Peri Path, Hassan.",chargesheeted,Hassan,Hassan Industrial PS,"Near Peri Path, Hassan",13.0198,76.0704,Insp. Omisha Prabhakar,2024,5,13
KAR/MYS/2024/2367,2024-09-06,08:35:00,burglary,"Reported incident of burglary at Near Sem Chowk, Mysuru.",open,Mysuru,Mysuru South PS,"Near Sem Chowk, Mysuru",12.2706,76.6169,Insp. Wyatt Bhat,2024,9,8
KAR/BEN/2024/2368,2024-08-13,01:56:00,chain_snatching,"Reported incident of chain snatching at Near Khosla, Bengaluru Urban. Suspect vehicle noticed with plate KA-35-N-7743.",open,Bengaluru Urban,Bengaluru Urban East PS,"Near Khosla, Bengaluru Urban",13.0536,77.5764,Insp. Wriddhish Goel,2024,8,1
KAR/BEN/2024/2369,2025-02-12,02:28:00,assault,"Reported incident of assault at Near Oak Path, Bengaluru Urban.",open,Bengaluru Urban,Bengaluru Urban North PS,"Near Oak Path, Bengaluru Urban",12.9418,77.5783,Insp. Vinaya Dass,2025,2,2
KAR/BID/2024/2370,2024-01-29,18:43:00,burglary,"Reported incident of burglary at Near Dass Path, Bidar.",open,Bidar,Bidar Industrial PS,"Near Dass Path, Bidar",17.9289,77.529,Insp. Frederick Agate,2024,1,18
KAR/MAN/2024/2371,2025-01-05,12:32:00,chain_snatching,"Reported incident of chain snatching at Near Shah Chowk, Mangaluru (Dakshina Kannada). Suspect vehicle noticed with plate KA-55-A-7946.",under_investigation,Mangaluru (Dakshina Kannada),Mangaluru (Dakshina Kannada) Industrial PS,"Near Shah Chowk, Mangaluru (Dakshina Kannada)",12.9095,74.859,Insp. Ayushman Toor,2025,1,12
KAR/KOL/2024/2372,2024-10-21,21:15:00,chain_snatching,"Reported incident of chain snatching at Near Kalita, Kolar. Suspect vehicle noticed with plate KA-46-A-3097.",open,Kolar,Kolar Suburban PS,"Near Kalita, Kolar",13.1188,78.0773,Insp. Dominic Barad,2024,10,21
KAR/MAN/2024/2373,2024-01-21,06:38:00,burglary,"Reported incident of burglary at Near Khare Chowk, Mandya.",closed,Mandya,Mandya Traffic PS,"Near Khare Chowk, Mandya",12.5522,76.9013,Insp. Darika Lal,2024,1,6
KAR/BEN/2024/2374,2024-07-12,20:01:00,robbery,"Reported incident of robbery at Near Wagle, Bengaluru Urban. Suspect vehicle noticed with plate KA-52-KB-5343.",chargesheeted,Bengaluru Urban,Bengaluru Urban South PS,"Near Wagle, Bengaluru Urban",12.9849,77.5173,Insp. Mohini Khare,2024,7,20
KAR/BEN/2024/2375,2024-05-01,11:02:00,assault,"Reported incident of assault at Near Morar Path, Bengaluru Urban.",open,Bengaluru Urban,Bengaluru Urban West PS,"Near Morar Path, Bengaluru Urban",12.9019,77.5421,Insp. Lipika Chanda,2024,5,11
KAR/BEN/2024/2376,2024-06-23,05:35:00,cybercrime,"Reported incident of cybercrime at Near Verma Chowk, Bengaluru Urban.",open,Bengaluru Urban,Bengaluru Urban South PS,"Near Verma Chowk, Bengaluru Urban",12.9776,77.5374,Insp. Mitesh Hayer,2024,6,5
KAR/BAL/2024/2377,2025-03-19,12:15:00,property_crime,"Reported incident of property crime at Near Goswami Marg, Ballari.",open,Ballari,Ballari Suburban PS,"Near Goswami Marg, Ballari",15.2294,76.9604,Insp. Qarin Randhawa,2025,3,12
KAR/CHI/2024/2378,2024-12-26,15:51:00,burglary,"Reported incident of burglary at Near Narayan, Chikkamagaluru.",under_investigation,Chikkamagaluru,Chikkamagaluru Industrial PS,"Near Narayan, Chikkamagaluru",13.3278,75.8107,Insp. Jai Gill,2024,12,15
KAR/BEN/2024/2379,2025-01-15,09:07:00,robbery,"Reported incident of robbery at Near Goel Zila, Bengaluru Urban. Suspect vehicle noticed with plate KA-14-N-6756.",open,Bengaluru Urban,Bengaluru Urban West PS,"Near Goel Zila, Bengaluru Urban",12.9182,77.5683,Insp. Girish Ray,2025,1,9
KAR/KAL/2024/2380,2024-09-07,10:31:00,domestic_violence,"Reported incident of domestic violence at Near Ram Zila, Kalaburagi.",open,Kalaburagi,Kalaburagi Market PS,"Near Ram Zila, Kalaburagi",17.3239,76.8412,Insp. Lavanya Sood,2024,9,10
KAR/BEN/2024/2381,2024-05-24,16:53:00,drug_offence,"Reported incident of drug offence at Near Dua Circle, Bengaluru Urban.",under_investigation,Bengaluru Urban,Bengaluru Urban West PS,"Near Dua Circle, Bengaluru Urban",12.9119,77.5855,Insp. Gunbir Gopal,2024,5,16
KAR/BEN/2024/2382,2024-01-19,07:53:00,drug_offence,"Reported incident of drug offence at Near Nayar Marg, Bengaluru Urban.",under_investigation,Bengaluru Urban,Bengaluru Urban Central PS,"Near Nayar Marg, Bengaluru Urban",12.9153,77.5498,Insp. Nathan Jani,2024,1,7
KAR/MAN/2024/2383,2025-05-26,10:12:00,assault,"Reported incident of assault at Near Palla Chowk, Mangaluru (Dakshina Kannada).",open,Mangaluru (Dakshina Kannada),Mangaluru (Dakshina Kannada) Market PS,"Near Palla Chowk, Mangaluru (Dakshina Kannada)",13.008,74.8735,Insp. Naveen Hayer,2025,5,10
KAR/BEN/2024/2384,2024-11-16,23:15:00,vehicle_theft,"Reported incident of vehicle theft at Near Goyal Chowk, Bengaluru Urban. Suspect vehicle noticed with plate KA-43-M-2619.",open,Bengaluru Urban,Bengaluru Urban Traffic PS,"Near Goyal Chowk, Bengaluru Urban",12.9464,77.66,Insp. Zarna Sane,2024,11,23
KAR/BEN/2024/2385,2024-06-18,22:12:00,vehicle_theft,"Reported incident of vehicle theft at Near Samra Chowk, Bengaluru Urban. Suspect vehicle noticed with plate KA-08-M-3714.",open,Bengaluru Urban,Bengaluru Urban West PS,"Near Samra Chowk, Bengaluru Urban",12.9038,77.5864,Insp. Aadhya Chad,2024,6,22
KAR/KAL/2024/2386,2024-11-13,05:35:00,chain_snatching,"Reported incident of chain snatching at Near Sastry Path, Kalaburagi. Suspect vehicle noticed with plate KA-21-KA-9331.",closed,Kalaburagi,Kalaburagi Traffic PS,"Near Sastry Path, Kalaburagi",17.3083,76.7965,Insp. Lakshmi Dubey,2024,11,5
KAR/VIJ/2024/2387,2024-01-20,23:29:00,burglary,"Reported incident of burglary at Near Manda Circle, Vijayapura.",chargesheeted,Vijayapura,Vijayapura Rural PS,"Near Manda Circle, Vijayapura",16.8217,75.6563,Insp. Nakul Dani,2024,1,23
KAR/BAL/2024/2388,2024-05-16,22:42:00,cybercrime,"Reported incident of cybercrime at Near Varma, Ballari.",chargesheeted,Ballari,Ballari Town PS,"Near Varma, Ballari",15.1427,76.9812,Insp. Gunbir Sarma,2024,5,22
KAR/BID/2024/2389,2024-11-24,10:12:00,chain_snatching,"Reported incident of chain snatching at Near Rai Chowk, Bidar. Suspect vehicle noticed with plate KA-39-M-4705.",under_investigation,Bidar,Bidar Rural PS,"Near Rai Chowk, Bidar",17.9655,77.4874,Insp. Ishanvi Chaudry,2024,11,10
KAR/RAI/2024/2390,2024-03-19,05:31:00,cybercrime,"Reported incident of cybercrime at Near Datta, Raichur.",chargesheeted,Raichur,Raichur Suburban PS,"Near Datta, Raichur",16.2771,77.3278,Insp. Janani Chaudry,2024,3,5
KAR/BEN/2024/2391,2024-02-12,02:03:00,property_crime,"Reported incident of property crime at Near Das Ganj, Bengaluru Urban.",under_investigation,Bengaluru Urban,Bengaluru Urban West PS,"Near Das Ganj, Bengaluru Urban",12.8981,77.5367,Insp. Sachi Trivedi,2024,2,2
KAR/SHI/2024/2392,2025-05-09,06:33:00,assault,"Reported incident of assault at Near Narasimhan Chowk, Shivamogga.",closed,Shivamogga,Shivamogga Industrial PS,"Near Narasimhan Chowk, Shivamogga",13.878,75.5361,Insp. Peter Sheth,2025,5,6
KAR/HAS/2024/2393,2025-02-03,23:38:00,property_crime,"Reported incident of property crime at Near De Road, Hassan.",under_investigation,Hassan,Hassan Industrial PS,"Near De Road, Hassan",13.0085,76.0541,Insp. Ria Dass,2025,2,23
KAR/BID/2024/2394,2025-05-12,14:25:00,robbery,"Reported incident of robbery at Near Kumer Chowk, Bidar. Suspect vehicle noticed with plate KA-35-A-4471.",under_investigation,Bidar,Bidar Suburban PS,"Near Kumer Chowk, Bidar",17.9182,77.5366,Insp. Gavin Mani,2025,5,14
KAR/UDU/2024/2395,2025-05-03,18:28:00,senior_citizen_crime,"Reported incident of senior citizen crime at Near Sawhney Street, Udupi.",under_investigation,Udupi,Udupi Industrial PS,"Near Sawhney Street, Udupi",13.2988,74.7252,Insp. Hemangini Mander,2025,5,18
KAR/DAV/2024/2396,2024-11-25,11:10:00,eve_teasing,"Reported incident of eve teasing at Near Chana Path, Davangere.",open,Davangere,Davangere Market PS,"Near Chana Path, Davangere",14.4166,75.8292,Insp. Meghana Krishna,2024,11,11
KAR/BEN/2024/2397,2024-04-18,01:31:00,hit_and_run,"Reported incident of hit and run at Near Rajagopal Road, Bengaluru Urban.",open,Bengaluru Urban,Bengaluru Urban North PS,"Near Rajagopal Road, Bengaluru Urban",12.9267,77.5815,Insp. Idika More,2024,4,1
KAR/VIJ/2024/2398,2024-11-06,20:53:00,murder,"Reported incident of murder at Near Kohli Chowk, Vijayapura.",chargesheeted,Vijayapura,Vijayapura Market PS,"Near Kohli Chowk, Vijayapura",16.7936,75.7915,Insp. Om Grover,2024,11,20
KAR/BEN/2024/2399,2024-12-20,20:23:00,vehicle_theft,"Reported incident of vehicle theft at Near Sahni Marg, Bengaluru Urban. Suspect vehicle noticed with plate KA-41-P-7602.",closed,Bengaluru Urban,Bengaluru Urban South PS,"Near Sahni Marg, Bengaluru Urban",12.9653,77.5076,Insp. Vincent Atwal,2024,12,20
KAR/KOP/2024/2400,2024-11-18,12:52:00,chain_snatching,"Reported incident of chain snatching at Near Dhillon Circle, Koppal. Suspect vehicle noticed with plate KA-26-KB-6607.",open,Koppal,Koppal Rural PS,"Near Dhillon Circle, Koppal",15.4058,76.2048,Insp. Vedika Kala,2024,11,12
KAR/UDU/2024/2401,2024-07-28,09:00:00,fraud,"Reported incident of fraud at Near Dua Road, Udupi.",under_investigation,Udupi,Udupi Suburban PS,"Near Dua Road, Udupi",13.373,74.7949,Insp. Krishna Raj,2024,7,9
KAR/DAV/2024/2402,2025-01-10,10:10:00,property_crime,"Reported incident of property crime at Near Lalla Ganj, Davangere.",chargesheeted,Davangere,Davangere Traffic PS,"Near Lalla Ganj, Davangere",14.463,75.9625,Insp. Kai Rau,2025,1,10
KAR/VIJ/2024/2403,2024-11-03,11:52:00,kidnapping,"Reported incident of kidnapping at Near Virk Ganj, Vijayapura.",chargesheeted,Vijayapura,Vijayapura Rural PS,"Near Virk Ganj, Vijayapura",16.8124,75.6276,Insp. Nachiket Lala,2024,11,11
KAR/RAI/2024/2404,2025-05-30,15:17:00,burglary,"Reported incident of burglary at Near Dubey Ganj, Raichur.",under_investigation,Raichur,Raichur Suburban PS,"Near Dubey Ganj, Raichur",16.3083,77.3349,Insp. Zaitra Dass,2025,5,15
KAR/BEL/2024/2405,2024-12-04,12:51:00,vehicle_theft,"Reported incident of vehicle theft at Near Devan Path, Belagavi. Suspect vehicle noticed with plate KA-30-M-4191.",open,Belagavi,Belagavi Traffic PS,"Near Devan Path, Belagavi",15.8456,74.4729,Insp. Rayaan Sarna,2024,12,12
KAR/DAV/2024/2406,2024-02-08,10:41:00,fraud,"Reported incident of fraud at Near Bhandari Chowk, Davangere.",closed,Davangere,Davangere Industrial PS,"Near Bhandari Chowk, Davangere",14.3736,75.9657,Insp. Sai Savant,2024,2,10
KAR/BAL/2024/2407,2025-02-22,08:01:00,kidnapping,"Reported incident of kidnapping at Near Sridhar Marg, Ballari.",open,Ballari,Ballari Industrial PS,"Near Sridhar Marg, Ballari",15.1107,76.9039,Insp. Simon Mander,2025,2,8
KAR/HUB/2024/2408,2024-09-02,15:05:00,robbery,"Reported incident of robbery at Near Sur Street, Hubballi-Dharwad. Suspect vehicle noticed with plate KA-27-KA-2033.",under_investigation,Hubballi-Dharwad,Hubballi-Dharwad Rural PS,"Near Sur Street, Hubballi-Dharwad",15.2921,75.1813,Insp. Tanish Prabhu,2024,9,15
KAR/VIJ/2024/2409,2025-01-07,10:23:00,fraud,"Reported incident of fraud at Near Dhingra Zila, Vijayapura.",under_investigation,Vijayapura,Vijayapura Industrial PS,"Near Dhingra Zila, Vijayapura",16.7927,75.7319,Insp. Ishwar Chhabra,2025,1,10
KAR/BEN/2024/2410,2025-03-30,23:37:00,fraud,"Reported incident of fraud at Near Chhabra Marg, Bengaluru Urban.",closed,Bengaluru Urban,Bengaluru Urban East PS,"Near Chhabra Marg, Bengaluru Urban",13.0769,77.5949,Insp. Warinder Mane,2025,3,23
KAR/UDU/2024/2411,2024-08-13,16:20:00,fraud,"Reported incident of fraud at Near Khare Street, Udupi.",open,Udupi,Udupi Industrial PS,"Near Khare Street, Udupi",13.3052,74.7288,Insp. Faqid Mannan,2024,8,16
KAR/BAL/2024/2412,2024-11-19,20:44:00,vehicle_theft,"Reported incident of vehicle theft at Near Kibe, Ballari. Suspect vehicle noticed with plate KA-13-B-8500.",open,Ballari,Ballari Suburban PS,"Near Kibe, Ballari",15.1896,76.9409,Insp. Omya Parekh,2024,11,20
KAR/SHI/2024/2413,2024-05-14,23:43:00,robbery,"Reported incident of robbery at Near Behl Zila, Shivamogga. Suspect vehicle noticed with plate KA-18-M-8699.",under_investigation,Shivamogga,Shivamogga Market PS,"Near Behl Zila, Shivamogga",13.8684,75.5621,Insp. Shivani Cheema,2024,5,23
KAR/MYS/2024/2414,2024-12-02,14:26:00,chain_snatching,"Reported incident of chain snatching at Near Lanka Marg, Mysuru. Suspect vehicle noticed with plate KA-49-P-8022.",chargesheeted,Mysuru,Mysuru Traffic PS,"Near Lanka Marg, Mysuru",12.3147,76.5795,Insp. Bakhshi Dyal,2024,12,14
KAR/BEN/2024/2415,2024-08-18,20:41:00,cybercrime,"Reported incident of cybercrime at Near Nagi Path, Bengaluru Urban.",under_investigation,Bengaluru Urban,Bengaluru Urban South PS,"Near Nagi Path, Bengaluru Urban",12.9996,77.5129,Insp. Yashvi Srinivas,2024,8,20
KAR/HUB/2024/2416,2024-04-28,23:31:00,burglary,"Reported incident of burglary at Near Badami Road, Hubballi-Dharwad.",under_investigation,Hubballi-Dharwad,Hubballi-Dharwad Town PS,"Near Badami Road, Hubballi-Dharwad",15.4277,75.1514,Insp. Ranbir Parsa,2024,4,23
KAR/MYS/2024/2417,2024-11-25,13:04:00,vehicle_theft,"Reported incident of vehicle theft at Near Nanda Path, Mysuru. Suspect vehicle noticed with plate KA-44-M-6887.",open,Mysuru,Mysuru North PS,"Near Nanda Path, Mysuru",12.2525,76.5741,Insp. Mitesh Lad,2024,11,13
KAR/BEN/2024/2418,2025-03-13,04:47:00,drug_offence,"Reported incident of drug offence at Near Gade Path, Bengaluru Urban.",open,Bengaluru Urban,Bengaluru Urban West PS,"Near Gade Path, Bengaluru Urban",12.879,77.5397,Insp. Lopa Mallick,2025,3,4
KAR/BAL/2024/2419,2025-03-03,22:58:00,chain_snatching,"Reported incident of chain snatching at Near Venkatesh Street, Ballari. Suspect vehicle noticed with plate KA-23-B-8799.",chargesheeted,Ballari,Ballari Market PS,"Near Venkatesh Street, Ballari",15.188,76.9013,Insp. Advaith Thakkar,2025,3,22
KAR/KOP/2024/2420,2025-04-18,09:47:00,vehicle_theft,"Reported incident of vehicle theft at Near Setty Marg, Koppal. Suspect vehicle noticed with plate KA-48-N-8184.",open,Koppal,Koppal Rural PS,"Near Setty Marg, Koppal",15.3824,76.2212,Insp. Darsh Korpal,2025,4,9
KAR/VIJ/2024/2421,2025-01-30,23:35:00,robbery,"Reported incident of robbery at Near Dewan Circle, Vijayapura. Suspect vehicle noticed with plate KA-08-M-4833.",chargesheeted,Vijayapura,Vijayapura Rural PS,"Near Dewan Circle, Vijayapura",16.8488,75.666,Insp. Onkar Menon,2025,1,23
KAR/TUM/2024/2422,2024-01-06,02:11:00,cybercrime,"Reported incident of cybercrime at Near Tata Ganj, Tumakuru.",open,Tumakuru,Tumakuru Traffic PS,"Near Tata Ganj, Tumakuru",13.3701,77.0195,Insp. Aditya Banik,2024,1,2
KAR/BEN/2024/2423,2024-09-30,00:08:00,vehicle_theft,"Reported incident of vehicle theft at Near Devan Ganj, Bengaluru Urban. Suspect vehicle noticed with plate KA-20-M-9788.",open,Bengaluru Urban,Bengaluru Urban Traffic PS,"Near Devan Ganj, Bengaluru Urban",13.0007,77.6732,Insp. Wishi Mander,2024,9,0
KAR/BEL/2024/2424,2024-04-22,22:09:00,burglary,"Reported incident of burglary at Near Ganguly Circle, Belagavi.",open,Belagavi,Belagavi Industrial PS,"Near Ganguly Circle, Belagavi",15.8348,74.5336,Insp. Atharv Mandal,2024,4,22
KAR/BID/2024/2425,2024-01-22,12:03:00,assault,"Reported incident of assault at Near Bhatia Path, Bidar.",open,Bidar,Bidar Traffic PS,"Near Bhatia Path, Bidar",17.9097,77.4246,Insp. Ekantika Setty,2024,1,12
KAR/BEN/2024/2426,2025-05-23,09:44:00,fraud,"Reported incident of fraud at Near Sehgal, Bengaluru Urban.",under_investigation,Bengaluru Urban,Bengaluru Urban North PS,"Near Sehgal, Bengaluru Urban",12.9331,77.6118,Insp. Jairaj Tella,2025,5,9
KAR/UDU/2024/2427,2024-10-03,23:39:00,vehicle_theft,"Reported incident of vehicle theft at Near Bhasin Road, Udupi. Suspect vehicle noticed with plate KA-13-N-4705.",under_investigation,Udupi,Udupi Town PS,"Near Bhasin Road, Udupi",13.3904,74.7467,Insp. Naveen Brar,2024,10,23
KAR/BID/2024/2428,2024-12-15,08:32:00,vehicle_theft,"Reported incident of vehicle theft at Near Khanna Marg, Bidar. Suspect vehicle noticed with plate KA-09-KB-5783.",under_investigation,Bidar,Bidar Traffic PS,"Near Khanna Marg, Bidar",17.8809,77.4345,Insp. Shaurya Raju,2024,12,8
KAR/BEN/2024/2429,2025-01-24,12:59:00,vehicle_theft,"Reported incident of vehicle theft at Near Golla Chowk, Bengaluru Urban. Suspect vehicle noticed with plate KA-12-N-9701.",under_investigation,Bengaluru Urban,Bengaluru Urban West PS,"Near Golla Chowk, Bengaluru Urban",12.9022,77.5826,Insp. Devika Raj,2025,1,12
KAR/BEN/2024/2430,2024-03-11,18:42:00,cybercrime,"Reported incident of cybercrime at Near Menon Circle, Bengaluru Urban.",chargesheeted,Bengaluru Urban,Bengaluru Urban North PS,"Near Menon Circle, Bengaluru Urban",12.9378,77.5966,Insp. Qasim Nanda,2024,3,18
KAR/BEN/2024/2431,2024-07-18,03:48:00,burglary,"Reported incident of burglary at Near Tandon Street, Bengaluru Rural.",under_investigation,Bengaluru Rural,Bengaluru Rural North PS,"Near Tandon Street, Bengaluru Rural",13.2271,77.5208,Insp. Dipta Prabhakar,2024,7,3
KAR/BEL/2024/2432,2024-11-30,00:47:00,drug_offence,"Reported incident of drug offence at Near Bhardwaj Path, Belagavi.",closed,Belagavi,Belagavi Industrial PS,"Near Bhardwaj Path, Belagavi",15.8434,74.5595,Insp. Akshay Grover,2024,11,0
KAR/BID/2024/2433,2024-12-14,02:27:00,vehicle_theft,"Reported incident of vehicle theft at Near Som Zila, Bidar. Suspect vehicle noticed with plate KA-13-N-2033.",open,Bidar,Bidar Suburban PS,"Near Som Zila, Bidar",17.9044,77.5258,Insp. Vedika Bala,2024,12,2
KAR/BAL/2024/2434,2024-02-14,14:31:00,burglary,"Reported incident of burglary at Near Borde Zila, Ballari.",under_investigation,Ballari,Ballari Traffic PS,"Near Borde Zila, Ballari",15.1761,76.8482,Insp. Tanay Rajagopal,2024,2,14
KAR/KAL/2024/2435,2025-02-24,08:07:00,fraud,"Reported incident of fraud at Near Sankaran Path, Kalaburagi.",chargesheeted,Kalaburagi,Kalaburagi Town PS,"Near Sankaran Path, Kalaburagi",17.2676,76.8562,Insp. Omkaar Rout,2025,2,8
KAR/TUM/2024/2436,2025-01-31,22:48:00,drug_offence,"Reported incident of drug offence at Near Rajagopalan Marg, Tumakuru.",chargesheeted,Tumakuru,Tumakuru Industrial PS,"Near Rajagopalan Marg, Tumakuru",13.3414,77.0655,Insp. Saksham Kant,2025,1,22
KAR/CHI/2024/2437,2024-02-13,15:30:00,fraud,"Reported incident of fraud at Near Date Marg, Chikkamagaluru.",under_investigation,Chikkamagaluru,Chikkamagaluru Industrial PS,"Near Date Marg, Chikkamagaluru",13.3281,75.8061,Insp. Ekalinga Nayak,2024,2,15
KAR/BAL/2024/2438,2025-01-09,17:33:00,senior_citizen_crime,"Reported incident of senior citizen crime at Near Solanki Marg, Ballari.",chargesheeted,Ballari,Ballari Suburban PS,"Near Solanki Marg, Ballari",15.1971,76.957,Insp. Qarin Madan,2025,1,17
KAR/BEN/2024/2439,2024-10-09,20:07:00,hit_and_run,"Reported incident of hit and run at Near Bose Circle, Bengaluru Urban.",open,Bengaluru Urban,Bengaluru Urban South PS,"Near Bose Circle, Bengaluru Urban",12.9702,77.5168,Insp. Yashvi Randhawa,2024,10,20
KAR/BEN/2024/2440,2024-10-10,01:20:00,kidnapping,"Reported incident of kidnapping at Near Pall Nagar, Bengaluru Urban.",under_investigation,Bengaluru Urban,Bengaluru Urban West PS,"Near Pall Nagar, Bengaluru Urban",12.8824,77.5306,Insp. Indrajit Parmer,2024,10,1
KAR/CHI/2024/2441,2024-02-05,10:45:00,eve_teasing,"Reported incident of eve teasing at Near Bhat Ganj, Chikkamagaluru.",open,Chikkamagaluru,Chikkamagaluru Suburban PS,"Near Bhat Ganj, Chikkamagaluru",13.4112,75.8167,Insp. Ojasvi Ray,2024,2,10
KAR/HAS/2024/2442,2024-03-21,20:36:00,burglary,"Reported incident of burglary at Near Kannan, Hassan.",open,Hassan,Hassan Suburban PS,"Near Kannan, Hassan",13.0519,76.1197,Insp. Wyatt Sami,2024,3,20
KAR/BEN/2024/2443,2024-06-15,20:41:00,assault,"Reported incident of assault at Near Bose Circle, Bengaluru Rural.",open,Bengaluru Rural,Bengaluru Rural Traffic PS,"Near Bose Circle, Bengaluru Rural",13.2766,77.4957,Insp. Eshana Narasimhan,2024,6,20
KAR/KOL/2024/2444,2024-01-23,10:16:00,vehicle_theft,"Reported incident of vehicle theft at Near Salvi Street, Kolar. Suspect vehicle noticed with plate KA-53-KB-2962.",open,Kolar,Kolar Industrial PS,"Near Salvi Street, Kolar",13.1645,78.204,Insp. Bhavini Majumdar,2024,1,10
KAR/BEN/2024/2445,2024-05-31,22:47:00,kidnapping,"Reported incident of kidnapping at Near Baral Nagar, Bengaluru Urban.",open,Bengaluru Urban,Bengaluru Urban East PS,"Near Baral Nagar, Bengaluru Urban",13.0762,77.5815,Insp. Chanchal Tata,2024,5,22
KAR/MAN/2024/2446,2024-10-13,08:39:00,burglary,"Reported incident of burglary at Near Sunder Circle, Mangaluru (Dakshina Kannada).",open,Mangaluru (Dakshina Kannada),Mangaluru (Dakshina Kannada) Market PS,"Near Sunder Circle, Mangaluru (Dakshina Kannada)",13.019,74.9059,Insp. Raghav Khurana,2024,10,8
KAR/BEN/2024/2447,2025-03-23,16:01:00,cybercrime,"Reported incident of cybercrime at Near Sheth Nagar, Bengaluru Urban.",open,Bengaluru Urban,Bengaluru Urban East PS,"Near Sheth Nagar, Bengaluru Urban",13.0359,77.5738,Insp. Jasmit Panchal,2025,3,16
KAR/BEN/2024/2448,2024-09-06,10:58:00,fraud,"Reported incident of fraud at Near Joshi Circle, Bengaluru Urban.",open,Bengaluru Urban,Bengaluru Urban East PS,"Near Joshi Circle, Bengaluru Urban",13.0447,77.5778,Insp. Isha Deshpande,2024,9,10
KAR/HUB/2024/2449,2024-06-06,16:53:00,burglary,"Reported incident of burglary at Near Nagy, Hubballi-Dharwad.",chargesheeted,Hubballi-Dharwad,Hubballi-Dharwad Town PS,"Near Nagy, Hubballi-Dharwad",15.3831,75.1764,Insp. Saumya Balasubramanian,2024,6,16
KAR/BEN/2024/2450,2025-01-07,07:05:00,assault,"Reported incident of assault at Near Parmer Marg, Bengaluru Urban.",under_investigation,Bengaluru Urban,Bengaluru Urban Traffic PS,"Near Parmer Marg, Bengaluru Urban",13.0015,77.653,Insp. Aarnav Dua,2025,1,7
KAR/KAL/2024/2451,2024-05-20,03:24:00,cybercrime,"Reported incident of cybercrime at Near Kalita Nagar, Kalaburagi.",under_investigation,Kalaburagi,Kalaburagi Suburban PS,"Near Kalita Nagar, Kalaburagi",17.2368,76.8648,Insp. Hritik Chhabra,2024,5,3
KAR/BAL/2024/2452,2024-11-17,03:31:00,chain_snatching,"Reported incident of chain snatching at Near Naidu Zila, Ballari. Suspect vehicle noticed with plate KA-06-B-3172.",chargesheeted,Ballari,Ballari Industrial PS,"Near Naidu Zila, Ballari",15.1416,76.93,Insp. Dalaja Lalla,2024,11,3
KAR/KOP/2024/2453,2024-11-20,00:58:00,vehicle_theft,"Reported incident of vehicle theft at Near Thaman Nagar, Koppal. Suspect vehicle noticed with plate KA-08-A-7970.",chargesheeted,Koppal,Koppal Traffic PS,"Near Thaman Nagar, Koppal",15.3453,76.1926,Insp. Chakrika Thaker,2024,11,0
KAR/HAS/2024/2454,2025-01-25,19:32:00,domestic_violence,"Reported incident of domestic violence at Near Sura Zila, Hassan.",open,Hassan,Hassan Suburban PS,"Near Sura Zila, Hassan",13.09,76.125,Insp. Widisha Shankar,2025,1,19
KAR/BEN/2024/2455,2024-04-07,05:08:00,vehicle_theft,"Reported incident of vehicle theft at Near Johal Street, Bengaluru Urban. Suspect vehicle noticed with plate KA-26-N-8960.",under_investigation,Bengaluru Urban,Bengaluru Urban Central PS,"Near Johal Street, Bengaluru Urban",12.9119,77.5669,Insp. Tarak Swaminathan,2024,4,5
KAR/MAN/2024/2456,2025-02-23,00:21:00,vehicle_theft,"Reported incident of vehicle theft at Near Khanna Street, Mandya. Suspect vehicle noticed with plate KA-22-M-2377.",open,Mandya,Mandya Market PS,"Near Khanna Street, Mandya",12.5101,76.8353,Insp. Yutika Dash,2025,2,0
KAR/KOP/2024/2457,2025-04-07,11:59:00,fraud,"Reported incident of fraud at Near Krishnamurthy Path, Koppal.",under_investigation,Koppal,Koppal Rural PS,"Near Krishnamurthy Path, Koppal",15.3861,76.2143,Insp. Aachal Gaba,2025,4,11
KAR/BID/2024/2458,2025-01-14,07:05:00,robbery,"Reported incident of robbery at Near Narayanan Road, Bidar. Suspect vehicle noticed with plate KA-19-P-8956.",closed,Bidar,Bidar Market PS,"Near Narayanan Road, Bidar",17.8617,77.5279,Insp. Neha Sethi,2025,1,7
KAR/VIJ/2024/2459,2024-01-20,15:17:00,hit_and_run,"Reported incident of hit and run at Near Salvi Zila, Vijayapura.",under_investigation,Vijayapura,Vijayapura Industrial PS,"Near Salvi Zila, Vijayapura",16.8186,75.7438,Insp. Kevin Shenoy,2024,1,15
KAR/SHI/2024/2460,2024-04-15,15:44:00,fraud,"Reported incident of fraud at Near Rattan, Shivamogga.",open,Shivamogga,Shivamogga Traffic PS,"Near Rattan, Shivamogga",14.0099,75.6069,Insp. Rajeshri Jani,2024,4,15
KAR/MYS/2024/2461,2024-04-07,20:36:00,burglary,"Reported incident of burglary at Near Bandi Ganj, Mysuru.",open,Mysuru,Mysuru West PS,"Near Bandi Ganj, Mysuru",12.3583,76.5806,Insp. Kalpit Dey,2024,4,20
KAR/BEN/2024/2462,2024-08-01,04:11:00,cybercrime,"Reported incident of cybercrime at Near Hora Circle, Bengaluru Urban.",under_investigation,Bengaluru Urban,Bengaluru Urban Central PS,"Near Hora Circle, Bengaluru Urban",12.9136,77.5551,Insp. Samaksh Sahota,2024,8,4
KAR/KOP/2024/2463,2024-10-24,12:36:00,drug_offence,"Reported incident of drug offence at Near Bassi Zila, Koppal.",under_investigation,Koppal,Koppal Market PS,"Near Bassi Zila, Koppal",15.399,76.2259,Insp. Turvi Manne,2024,10,12
KAR/HUB/2024/2464,2024-04-15,05:59:00,vehicle_theft,"Reported incident of vehicle theft at Near Kapoor Ganj, Hubballi-Dharwad. Suspect vehicle noticed with plate KA-39-N-8240.",chargesheeted,Hubballi-Dharwad,Hubballi-Dharwad Rural PS,"Near Kapoor Ganj, Hubballi-Dharwad",15.278,75.1459,Insp. Kevin Varma,2024,4,5
KAR/VIJ/2024/2465,2024-04-20,16:41:00,cybercrime,"Reported incident of cybercrime at Near Sandal Road, Vijayapura.",under_investigation,Vijayapura,Vijayapura Market PS,"Near Sandal Road, Vijayapura",16.8294,75.78,Insp. Anusha Tella,2024,4,16
KAR/MAN/2024/2466,2024-12-20,22:37:00,vehicle_theft,"Reported incident of vehicle theft at Near Gola Street, Mangaluru (Dakshina Kannada). Suspect vehicle noticed with plate KA-04-M-2741.",chargesheeted,Mangaluru (Dakshina Kannada),Mangaluru (Dakshina Kannada) Traffic PS,"Near Gola Street, Mangaluru (Dakshina Kannada)",12.9656,74.9438,Insp. Yatin Patel,2024,12,22
KAR/BEN/2024/2467,2025-05-29,18:52:00,assault,"Reported incident of assault at Near Madan Road, Bengaluru Urban.",open,Bengaluru Urban,Bengaluru Urban South PS,"Near Madan Road, Bengaluru Urban",13.0041,77.5319,Insp. Nachiket Nanda,2025,5,18
KAR/KAL/2024/2468,2024-02-13,18:32:00,vehicle_theft,"Reported incident of vehicle theft at Near Chakrabarti Circle, Kalaburagi. Suspect vehicle noticed with plate KA-48-N-6752.",open,Kalaburagi,Kalaburagi Town PS,"Near Chakrabarti Circle, Kalaburagi",17.2736,76.8538,Insp. Damyanti Sachar,2024,2,18
KAR/MAN/2024/2469,2024-04-02,19:51:00,assault,"Reported incident of assault at Near Oak Marg, Mangaluru (Dakshina Kannada).",under_investigation,Mangaluru (Dakshina Kannada),Mangaluru (Dakshina Kannada) Suburban PS,"Near Oak Marg, Mangaluru (Dakshina Kannada)",12.8502,74.8934,Insp. Advika Gade,2024,4,19
KAR/BEN/2024/2470,2024-02-09,04:51:00,burglary,"Reported incident of burglary at Near Jain Zila, Bengaluru Urban.",closed,Bengaluru Urban,Bengaluru Urban Traffic PS,"Near Jain Zila, Bengaluru Urban",12.9682,77.6749,Insp. Gautami Radhakrishnan,2024,2,4
KAR/BEN/2024/2471,2024-06-24,20:12:00,cybercrime,"Reported incident of cybercrime at Near Manda Street, Bengaluru Urban.",under_investigation,Bengaluru Urban,Bengaluru Urban East PS,"Near Manda Street, Bengaluru Urban",13.0602,77.6075,Insp. Yashodhara Mani,2024,6,20
KAR/HUB/2024/2472,2025-01-11,04:43:00,property_crime,"Reported incident of property crime at Near Chacko Road, Hubballi-Dharwad.",open,Hubballi-Dharwad,Hubballi-Dharwad Market PS,"Near Chacko Road, Hubballi-Dharwad",15.4111,75.2101,Insp. Christopher Tella,2025,1,4
KAR/BEN/2024/2473,2024-09-05,19:21:00,cybercrime,"Reported incident of cybercrime at Near Ramachandran Ganj, Bengaluru Urban.",open,Bengaluru Urban,Bengaluru Urban Central PS,"Near Ramachandran Ganj, Bengaluru Urban",12.9002,77.586,Insp. Kashish Agate,2024,9,19
KAR/KAL/2024/2474,2024-11-09,22:05:00,vehicle_theft,"Reported incident of vehicle theft at Near Desai Marg, Kalaburagi. Suspect vehicle noticed with plate KA-14-N-6709.",open,Kalaburagi,Kalaburagi Town PS,"Near Desai Marg, Kalaburagi",17.2792,76.8387,Insp. Nicholas Yogi,2024,11,22
KAR/MYS/2024/2475,2024-02-06,00:47:00,senior_citizen_crime,"Reported incident of senior citizen crime at Near Brar Ganj, Mysuru.",under_investigation,Mysuru,Mysuru North PS,"Near Brar Ganj, Mysuru",12.2204,76.598,Insp. Yatan Sampath,2024,2,0
KAR/CHI/2024/2476,2024-12-17,03:52:00,burglary,"Reported incident of burglary at Near Vora Road, Chikkamagaluru.",under_investigation,Chikkamagaluru,Chikkamagaluru Traffic PS,"Near Vora Road, Chikkamagaluru",13.3214,75.6874,Insp. Sai Toor,2024,12,3
KAR/BEN/2024/2477,2024-02-18,01:10:00,kidnapping,"Reported incident of kidnapping at Near Bajaj Path, Bengaluru Urban.",chargesheeted,Bengaluru Urban,Bengaluru Urban West PS,"Near Bajaj Path, Bengaluru Urban",12.9181,77.5425,Insp. Chaman Patla,2024,2,1
KAR/BEN/2024/2478,2024-09-10,09:39:00,vehicle_theft,"Reported incident of vehicle theft at Near Suresh Road, Bengaluru Urban. Suspect vehicle noticed with plate KA-46-B-9710.",open,Bengaluru Urban,Bengaluru Urban North PS,"Near Suresh Road, Bengaluru Urban",12.9755,77.5763,Insp. Eta Grover,2024,9,9
KAR/UDU/2024/2479,2024-01-24,21:16:00,assault,"Reported incident of assault at Near Chhabra Chowk, Udupi.",under_investigation,Udupi,Udupi Industrial PS,"Near Chhabra Chowk, Udupi",13.3175,74.7276,Insp. Ekiya Dyal,2024,1,21
KAR/BEN/2024/2480,2024-05-10,04:05:00,drug_offence,"Reported incident of drug offence at Near Mohanty Marg, Bengaluru Urban.",under_investigation,Bengaluru Urban,Bengaluru Urban South PS,"Near Mohanty Marg, Bengaluru Urban",13.0064,77.5144,Insp. Ubika Yogi,2024,5,4
KAR/BEN/2024/2481,2024-08-05,12:48:00,hit_and_run,"Reported incident of hit and run at Near Garde Chowk, Bengaluru Urban.",chargesheeted,Bengaluru Urban,Bengaluru Urban West PS,"Near Garde Chowk, Bengaluru Urban",12.9008,77.5426,Insp. Sai Chahal,2024,8,12
KAR/KAL/2024/2482,2024-04-25,14:39:00,assault,"Reported incident of assault at Near Bir Circle, Kalaburagi.",under_investigation,Kalaburagi,Kalaburagi Industrial PS,"Near Bir Circle, Kalaburagi",17.2926,76.8746,Insp. Devika Khanna,2024,4,14
KAR/BEN/2024/2483,2024-12-07,09:37:00,vehicle_theft,"Reported incident of vehicle theft at Near Kunda Circle, Bengaluru Urban. Suspect vehicle noticed with plate KA-01-P-8066.",chargesheeted,Bengaluru Urban,Bengaluru Urban Central PS,"Near Kunda Circle, Bengaluru Urban",12.9549,77.5858,Insp. Aditya Om,2024,12,9
KAR/TUM/2024/2484,2025-02-23,06:58:00,fraud,"Reported incident of fraud at Near Wali Road, Tumakuru.",open,Tumakuru,Tumakuru Town PS,"Near Wali Road, Tumakuru",13.2627,77.1072,Insp. Mohammed Kari,2025,2,6
KAR/BEN/2024/2485,2024-06-29,13:31:00,chain_snatching,"Reported incident of chain snatching at Near Bora Chowk, Bengaluru Urban. Suspect vehicle noticed with plate KA-47-P-5506.",under_investigation,Bengaluru Urban,Bengaluru Urban West PS,"Near Bora Chowk, Bengaluru Urban",12.9368,77.569,Insp. Gautam Mahajan,2024,6,13
KAR/BEN/2024/2486,2024-06-13,22:39:00,vehicle_theft,"Reported incident of vehicle theft at Near Anand Circle, Bengaluru Urban. Suspect vehicle noticed with plate KA-44-A-1848.",chargesheeted,Bengaluru Urban,Bengaluru Urban North PS,"Near Anand Circle, Bengaluru Urban",12.9681,77.6127,Insp. Abdul Dave,2024,6,22
KAR/BEL/2024/2487,2025-02-07,09:54:00,drug_offence,"Reported incident of drug offence at Near Bhatti Street, Belagavi.",open,Belagavi,Belagavi Traffic PS,"Near Bhatti Street, Belagavi",15.852,74.5138,Insp. Lopa Yogi,2025,2,9
KAR/BEN/2024/2488,2024-08-06,03:27:00,fraud,"Reported incident of fraud at Near Toor Circle, Bengaluru Urban.",chargesheeted,Bengaluru Urban,Bengaluru Urban South PS,"Near Toor Circle, Bengaluru Urban",13.0043,77.5033,Insp. Vaishnavi Pau,2024,8,3
KAR/BEN/2024/2489,2024-12-01,14:47:00,assault,"Reported incident of assault at Near Deol Nagar, Bengaluru Rural.",under_investigation,Bengaluru Rural,Bengaluru Rural East PS,"Near Deol Nagar, Bengaluru Rural",13.2782,77.5329,Insp. Arjun Apte,2024,12,14
KAR/BAL/2024/2490,2024-06-14,16:36:00,robbery,"Reported incident of robbery at Near Kaur, Ballari. Suspect vehicle noticed with plate KA-38-M-7731.",under_investigation,Ballari,Ballari Rural PS,"Near Kaur, Ballari",15.142,76.9162,Insp. Faraj Kapur,2024,6,16
KAR/DAV/2024/2491,2024-12-12,08:46:00,vehicle_theft,"Reported incident of vehicle theft at Near Vaidya Chowk, Davangere. Suspect vehicle noticed with plate KA-46-P-7521.",open,Davangere,Davangere Town PS,"Near Vaidya Chowk, Davangere",14.4282,75.9096,Insp. Kiaan Puri,2024,12,8
KAR/MAN/2024/2492,2024-03-23,14:37:00,burglary,"Reported incident of burglary at Near Raman Road, Mandya.",chargesheeted,Mandya,Mandya Industrial PS,"Near Raman Road, Mandya",12.5295,76.9257,Insp. Rachana Kara,2024,3,14
KAR/HUB/2024/2493,2024-11-05,20:48:00,vehicle_theft,"Reported incident of vehicle theft at Near Barman Road, Hubballi-Dharwad. Suspect vehicle noticed with plate KA-40-A-5220.",closed,Hubballi-Dharwad,Hubballi-Dharwad Industrial PS,"Near Barman Road, Hubballi-Dharwad",15.4208,75.0801,Insp. Naksh Mohanty,2024,11,20
KAR/HUB/2024/2494,2024-12-09,23:14:00,fraud,"Reported incident of fraud at Near Ratti Path, Hubballi-Dharwad.",chargesheeted,Hubballi-Dharwad,Hubballi-Dharwad Rural PS,"Near Ratti Path, Hubballi-Dharwad",15.3058,75.154,Insp. Onveer Sidhu,2024,12,23
KAR/HAS/2024/2495,2024-02-17,07:16:00,drug_offence,"Reported incident of drug offence at Near Gaba Road, Hassan.",closed,Hassan,Hassan Industrial PS,"Near Gaba Road, Hassan",13.0412,76.0365,Insp. Samesh Ramaswamy,2024,2,7
KAR/BEN/2024/2496,2025-01-08,10:46:00,drug_offence,"Reported incident of drug offence at Near Kata Street, Bengaluru Rural.",open,Bengaluru Rural,Bengaluru Rural North PS,"Near Kata Street, Bengaluru Rural",13.2324,77.5378,Insp. Isha Kashyap,2025,1,10
KAR/KOP/2024/2497,2024-04-28,11:00:00,fraud,"Reported incident of fraud at Near Jha Road, Koppal.",open,Koppal,Koppal Suburban PS,"Near Jha Road, Koppal",15.4007,76.2017,Insp. Yashodhara Kannan,2024,4,11
KAR/BEL/2024/2498,2024-05-20,21:45:00,chain_snatching,"Reported incident of chain snatching at Near Loke Marg, Belagavi. Suspect vehicle noticed with plate KA-42-A-5764.",open,Belagavi,Belagavi Rural PS,"Near Loke Marg, Belagavi",15.8305,74.5212,Insp. Fitan Lanka,2024,5,21
KAR/BEN/2024/2499,2024-09-20,06:14:00,assault,"Reported incident of assault at Near Bali Marg, Bengaluru Urban.",chargesheeted,Bengaluru Urban,Bengaluru Urban South PS,"Near Bali Marg, Bengaluru Urban",12.967,77.5258,Insp. Michael Bali,2024,9,6
KAR/UDU/2024/2500,2024-01-10,09:46:00,fraud,"Reported incident of fraud at Near Seth Ganj, Udupi.",open,Udupi,Udupi Traffic PS,"Near Seth Ganj, Udupi",13.3723,74.6736,Insp. Jacob Krishna,2024,1,9
