case_number,date_filed,time_filed,crime_type_code,description,status,district_name,police_station,location_name,location_lat,location_lng,investigation_office,year_filed,month_filed,hour_of_crime
KAR/UDU/2024/0001,2024-08-07,18:55:00,chain_snatching,"Reported incident of chain snatching at Near Chowdhury Street, Udupi. Suspect vehicle noticed with plate KA-17-M-1433.",open,Udupi,Udupi Industrial PS,"Near Chowdhury Street, Udupi",13.3097,74.7319,Insp. Amrita Prakash,2024,8,18
KAR/BEN/2024/0002,2024-02-26,07:06:00,chain_snatching,"Reported incident of chain snatching at Near Zacharia Road, Bengaluru Urban. Suspect vehicle noticed with plate KA-10-M-8588.",chargesheeted,Bengaluru Urban,Bengaluru Urban North PS,"Near Zacharia Road, Bengaluru Urban",13.0344,77.5669,Insp. Yadavi Mammen,2024,2,7
KAR/SHI/2024/0003,2025-02-27,04:43:00,robbery,"Reported incident of robbery at Near Dash Path, Shivamogga. Suspect vehicle noticed with plate KA-24-P-7051.",under_investigation,Shivamogga,Shivamogga Suburban PS,"Near Dash Path, Shivamogga",13.931,75.6641,Insp. Veer Divan,2025,2,4
KAR/MAN/2024/0004,2024-08-28,08:00:00,assault,"Reported incident of assault at Near Tiwari Nagar, Mandya.",open,Mandya,Mandya Market PS,"Near Tiwari Nagar, Mandya",12.5856,76.8152,Insp. Umang Johal,2024,8,8
KAR/BEN/2024/0005,2025-01-07,10:24:00,cybercrime,"Reported incident of cybercrime at Near Sant Zila, Bengaluru Rural.",open,Bengaluru Rural,Bengaluru Rural West PS,"Near Sant Zila, Bengaluru Rural",13.3073,77.6245,Insp. Amaira Om,2025,1,10
KAR/MAN/2024/0006,2024-12-24,06:03:00,vehicle_theft,"Reported incident of vehicle theft at Near Ramaswamy Chowk, Mangaluru (Dakshina Kannada). Suspect vehicle noticed with plate KA-05-P-9869.",open,Mangaluru (Dakshina Kannada),Mangaluru (Dakshina Kannada) Market PS,"Near Ramaswamy Chowk, Mangaluru (Dakshina Kannada)",12.8928,74.8664,Insp. Aarav Gandhi,2024,12,6
KAR/SHI/2024/0007,2025-04-11,05:54:00,hit_and_run,"Reported incident of hit and run at Near Narang Marg, Shivamogga.",open,Shivamogga,Shivamogga Traffic PS,"Near Narang Marg, Shivamogga",14.013,75.5885,Insp. Rishi Kakar,2025,4,5
KAR/BEN/2024/0008,2024-08-25,08:28:00,fraud,"Reported incident of fraud at Near Nair Path, Bengaluru Urban.",chargesheeted,Bengaluru Urban,Bengaluru Urban Traffic PS,"Near Nair Path, Bengaluru Urban",12.965,77.5836,Insp. Hemani Mody,2024,8,8
KAR/BEN/2024/0009,2024-10-17,17:13:00,vehicle_theft,"Reported incident of vehicle theft at Near Prasad Road, Bengaluru Urban. Suspect vehicle noticed with plate KA-07-KB-3147.",under_investigation,Bengaluru Urban,Bengaluru Urban Central PS,"Near Prasad Road, Bengaluru Urban",13.0112,77.6344,Insp. Charita Lad,2024,10,17
KAR/BEN/2024/0010,2024-09-27,05:16:00,vehicle_theft,"Reported incident of vehicle theft at Near Chokshi Path, Bengaluru Urban. Suspect vehicle noticed with plate KA-14-KB-2149.",open,Bengaluru Urban,Bengaluru Urban South PS,"Near Chokshi Path, Bengaluru Urban",13.0194,77.5411,Insp. Logan Edwin,2024,9,5
KAR/TUM/2024/0011,2024-11-12,23:41:00,chain_snatching,"Reported incident of chain snatching at Near Mall Chowk, Tumakuru. Suspect vehicle noticed with plate KA-36-A-5734.",under_investigation,Tumakuru,Tumakuru Industrial PS,"Near Mall Chowk, Tumakuru",13.3873,77.0165,Insp. Shivansh Dass,2024,11,23
KAR/BEN/2024/0012,2024-06-27,09:29:00,chain_snatching,"Reported incident of chain snatching at Near Kothari Marg, Bengaluru Urban. Suspect vehicle noticed with plate KA-49-KB-6921.",chargesheeted,Bengaluru Urban,Bengaluru Urban Traffic PS,"Near Kothari Marg, Bengaluru Urban",12.9675,77.5996,Insp. Damini Goda,2024,6,9
KAR/TUM/2024/0013,2024-07-02,04:43:00,fraud,"Reported incident of fraud at Near Mishra Nagar, Tumakuru.",under_investigation,Tumakuru,Tumakuru Market PS,"Near Mishra Nagar, Tumakuru",13.3103,77.0773,Insp. Ira Vora,2024,7,4
KAR/BEN/2024/0014,2025-04-04,05:30:00,vehicle_theft,"Reported incident of vehicle theft at Near Edwin Zila, Bengaluru Urban. Suspect vehicle noticed with plate KA-33-B-9104.",open,Bengaluru Urban,Bengaluru Urban East PS,"Near Edwin Zila, Bengaluru Urban",13.0142,77.5472,Insp. Daniel Pal,2025,4,5
KAR/BEN/2024/0015,2025-04-15,22:10:00,eve_teasing,"Reported incident of eve teasing at Near Biswas Ganj, Bengaluru Urban.",under_investigation,Bengaluru Urban,Bengaluru Urban Central PS,"Near Biswas Ganj, Bengaluru Urban",12.998,77.634,Insp. Rachita Ramaswamy,2025,4,22
KAR/BEN/2024/0016,2024-03-08,17:27:00,drug_offence,"Reported incident of drug offence at Near Kar, Bengaluru Urban.",open,Bengaluru Urban,Bengaluru Urban West PS,"Near Kar, Bengaluru Urban",12.9075,77.5414,Insp. Hemang Sood,2024,3,17
KAR/UDU/2024/0017,2024-08-10,16:37:00,eve_teasing,"Reported incident of eve teasing at Near Bath Nagar, Udupi.",open,Udupi,Udupi Rural PS,"Near Bath Nagar, Udupi",13.3931,74.6558,Insp. Indali Ramanathan,2024,8,16
KAR/MAN/2024/0018,2024-10-17,14:35:00,burglary,"Reported incident of burglary at Near Ganesan Nagar, Mangaluru (Dakshina Kannada).",chargesheeted,Mangaluru (Dakshina Kannada),Mangaluru (Dakshina Kannada) Town PS,"Near Ganesan Nagar, Mangaluru (Dakshina Kannada)",12.834,74.8312,Insp. Anjali Raju,2024,10,14
KAR/BEL/2024/0019,2025-01-29,17:40:00,chain_snatching,"Reported incident of chain snatching at Near Kant Marg, Belagavi. Suspect vehicle noticed with plate KA-10-M-7769.",open,Belagavi,Belagavi Industrial PS,"Near Kant Marg, Belagavi",15.7965,74.5442,Insp. Abeer Padmanabhan,2025,1,17
KAR/BEN/2024/0020,2025-01-31,06:12:00,vehicle_theft,"Reported incident of vehicle theft at Near Dugar Circle, Bengaluru Urban. Suspect vehicle noticed with plate KA-17-KA-7627.",under_investigation,Bengaluru Urban,Bengaluru Urban Traffic PS,"Near Dugar Circle, Bengaluru Urban",12.9761,77.5631,Insp. Xavier Cherian,2025,1,6
KAR/VIJ/2024/0021,2024-09-01,11:50:00,hit_and_run,"Reported incident of hit and run at Near Memon Path, Vijayapura.",open,Vijayapura,Vijayapura Industrial PS,"Near Memon Path, Vijayapura",16.8483,75.6414,Insp. Onveer Modi,2024,9,11
KAR/BEN/2024/0022,2024-05-05,15:42:00,eve_teasing,"Reported incident of eve teasing at Near Majumdar Nagar, Bengaluru Urban.",chargesheeted,Bengaluru Urban,Bengaluru Urban Central PS,"Near Majumdar Nagar, Bengaluru Urban",12.993,77.6154,Insp. Rajata Pathak,2024,5,15
KAR/KOL/2024/0023,2024-09-03,20:11:00,drug_offence,"Reported incident of drug offence at Near Rama Path, Kolar.",under_investigation,Kolar,Kolar Industrial PS,"Near Rama Path, Kolar",13.1765,78.0418,Insp. Utkarsh Viswanathan,2024,9,20
KAR/MAN/2024/0024,2024-11-14,01:25:00,vehicle_theft,"Reported incident of vehicle theft at Near Viswanathan Path, Mandya. Suspect vehicle noticed with plate KA-10-KB-9389.",open,Mandya,Mandya Rural PS,"Near Viswanathan Path, Mandya",12.5198,76.9189,Insp. Balhaar Nadkarni,2024,11,1
KAR/BEN/2024/0025,2024-10-11,21:44:00,vehicle_theft,"Reported incident of vehicle theft at Near Magar Path, Bengaluru Urban. Suspect vehicle noticed with plate KA-36-KA-2612.",chargesheeted,Bengaluru Urban,Bengaluru Urban West PS,"Near Magar Path, Bengaluru Urban",12.9109,77.5424,Insp. Hredhaan Bahl,2024,10,21
KAR/BEN/2024/0026,2024-12-18,00:40:00,vehicle_theft,"Reported incident of vehicle theft at Near Kala, Bengaluru Rural. Suspect vehicle noticed with plate KA-04-A-2738.",chargesheeted,Bengaluru Rural,Bengaluru Rural South PS,"Near Kala, Bengaluru Rural",13.1924,77.5837,Insp. Eta Sinha,2024,12,0
KAR/TUM/2024/0027,2024-02-27,02:27:00,kidnapping,"Reported incident of kidnapping at Near Bhalla Zila, Tumakuru.",open,Tumakuru,Tumakuru Traffic PS,"Near Bhalla Zila, Tumakuru",13.2874,77.0881,Insp. Oviya Upadhyay,2024,2,2
KAR/BEN/2024/0028,2024-01-10,13:09:00,chain_snatching,"Reported incident of chain snatching at Near Uppal Street, Bengaluru Urban. Suspect vehicle noticed with plate KA-46-KB-9515.",chargesheeted,Bengaluru Urban,Bengaluru Urban Traffic PS,"Near Uppal Street, Bengaluru Urban",12.9725,77.5744,Insp. Manbir Rout,2024,1,13
KAR/BEN/2024/0029,2024-01-16,16:15:00,cybercrime,"Reported incident of cybercrime at Near Chatterjee Path, Bengaluru Urban.",under_investigation,Bengaluru Urban,Bengaluru Urban Central PS,"Near Chatterjee Path, Bengaluru Urban",12.9689,77.6307,Insp. Nidhi Parekh,2024,1,16
KAR/BEN/2024/0030,2024-10-30,16:23:00,eve_teasing,"Reported incident of eve teasing at Near Iyer Circle, Bengaluru Urban.",open,Bengaluru Urban,Bengaluru Urban Traffic PS,"Near Iyer Circle, Bengaluru Urban",12.9727,77.5941,Insp. Bhavna Pandya,2024,10,16
KAR/CHI/2024/0031,2024-05-09,16:31:00,chain_snatching,"Reported incident of chain snatching at Near Jha Path, Chikkamagaluru. Suspect vehicle noticed with plate KA-46-A-1701.",closed,Chikkamagaluru,Chikkamagaluru Industrial PS,"Near Jha Path, Chikkamagaluru",13.3489,75.7754,Insp. Zehaan Kaul,2024,5,16
KAR/RAI/2024/0032,2024-03-03,22:17:00,cybercrime,"Reported incident of cybercrime at Near Bala Street, Raichur.",chargesheeted,Raichur,Raichur Suburban PS,"Near Bala Street, Raichur",16.2284,77.4003,Insp. Girik Kaul,2024,3,22
KAR/KOL/2024/0033,2024-10-05,23:02:00,assault,"Reported incident of assault at Near Nath Circle, Kolar.",under_investigation,Kolar,Kolar Suburban PS,"Near Nath Circle, Kolar",13.1104,78.1575,Insp. Utkarsh Sachar,2024,10,23
KAR/MAN/2024/0034,2025-02-19,13:30:00,hit_and_run,"Reported incident of hit and run at Near Char, Mangaluru (Dakshina Kannada).",open,Mangaluru (Dakshina Kannada),Mangaluru (Dakshina Kannada) Traffic PS,"Near Char, Mangaluru (Dakshina Kannada)",12.8698,74.8541,Insp. Samar Kumar,2025,2,13
KAR/SHI/2024/0035,2024-10-26,20:58:00,kidnapping,"Reported incident of kidnapping at Near Srinivas Chowk, Shivamogga.",open,Shivamogga,Shivamogga Rural PS,"Near Srinivas Chowk, Shivamogga",14.0083,75.489,Insp. Meghana Guha,2024,10,20
KAR/MYS/2024/0036,2024-06-14,22:03:00,robbery,"Reported incident of robbery at Near Bala Marg, Mysuru. Suspect vehicle noticed with plate KA-50-KB-8429.",under_investigation,Mysuru,Mysuru West PS,"Near Bala Marg, Mysuru",12.3563,76.5949,Insp. Mason Shukla,2024,6,22
KAR/BAL/2024/0037,2024-07-14,13:27:00,vehicle_theft,"Reported incident of vehicle theft at Near Babu Ganj, Ballari. Suspect vehicle noticed with plate KA-22-KA-9944.",open,Ballari,Ballari Traffic PS,"Near Babu Ganj, Ballari",15.0859,76.9214,Insp. Jasmit Deshmukh,2024,7,13
KAR/KOL/2024/0038,2024-07-06,02:24:00,drug_offence,"Reported incident of drug offence at Near Dhingra Circle, Kolar.",chargesheeted,Kolar,Kolar Rural PS,"Near Dhingra Circle, Kolar",13.2139,78.1615,Insp. Gaurang Kumer,2024,7,2
KAR/BEN/2024/0039,2024-02-04,07:24:00,fraud,"Reported incident of fraud at Near Saraf Street, Bengaluru Urban.",open,Bengaluru Urban,Bengaluru Urban Traffic PS,"Near Saraf Street, Bengaluru Urban",12.9823,77.5776,Insp. Kai Bandi,2024,2,7
KAR/HUB/2024/0040,2024-02-16,13:35:00,assault,"Reported incident of assault at Near Wadhwa Zila, Hubballi-Dharwad.",under_investigation,Hubballi-Dharwad,Hubballi-Dharwad Industrial PS,"Near Wadhwa Zila, Hubballi-Dharwad",15.3008,75.0685,Insp. Mahika Merchant,2024,2,13
KAR/BEN/2024/0041,2024-07-29,08:12:00,property_crime,"Reported incident of property crime at Near Chand, Bengaluru Urban.",open,Bengaluru Urban,Bengaluru Urban Traffic PS,"Near Chand, Bengaluru Urban",13.0022,77.5978,Insp. George Bassi,2024,7,8
KAR/KOP/2024/0042,2025-04-27,14:24:00,fraud,"Reported incident of fraud at Near Tank Road, Koppal.",under_investigation,Koppal,Koppal Traffic PS,"Near Tank Road, Koppal",15.3432,76.1767,Insp. Priya Sangha,2025,4,14
KAR/KOL/2024/0043,2025-02-04,04:39:00,vehicle_theft,"Reported incident of vehicle theft at Near Narain Marg, Kolar. Suspect vehicle noticed with plate KA-20-P-7134.",open,Kolar,Kolar Town PS,"Near Narain Marg, Kolar",13.1298,78.1961,Insp. Anthony Suri,2025,2,4
KAR/SHI/2024/0044,2024-02-11,17:58:00,robbery,"Reported incident of robbery at Near Krishnamurthy Street, Shivamogga. Suspect vehicle noticed with plate KA-07-KB-7317.",open,Shivamogga,Shivamogga Rural PS,"Near Krishnamurthy Street, Shivamogga",13.9632,75.4878,Insp. Frederick Reddy,2024,2,17
KAR/BEN/2024/0045,2025-03-12,16:01:00,vehicle_theft,"Reported incident of vehicle theft at Near Bala Nagar, Bengaluru Urban. Suspect vehicle noticed with plate KA-18-A-6044.",open,Bengaluru Urban,Bengaluru Urban South PS,"Near Bala Nagar, Bengaluru Urban",13.0024,77.5683,Insp. Amol Sarraf,2025,3,16
KAR/RAI/2024/0046,2025-02-09,16:31:00,cybercrime,"Reported incident of cybercrime at Near Loke Street, Raichur.",open,Raichur,Raichur Suburban PS,"Near Loke Street, Raichur",16.235,77.4278,Insp. George Nayak,2025,2,16
KAR/BEN/2024/0047,2025-04-12,06:02:00,assault,"Reported incident of assault at Near Vyas Nagar, Bengaluru Urban.",open,Bengaluru Urban,Bengaluru Urban Traffic PS,"Near Vyas Nagar, Bengaluru Urban",13.005,77.5633,Insp. Christopher Agate,2025,4,6
KAR/MAN/2024/0048,2024-08-21,04:04:00,assault,"Reported incident of assault at Near Acharya Nagar, Mandya.",closed,Mandya,Mandya Market PS,"Near Acharya Nagar, Mandya",12.5732,76.8437,Insp. Yuvraj Kota,2024,8,4
KAR/VIJ/2024/0049,2024-10-24,12:49:00,robbery,"Reported incident of robbery at Near Mani Zila, Vijayapura. Suspect vehicle noticed with plate KA-07-A-9858.",under_investigation,Vijayapura,Vijayapura Suburban PS,"Near Mani Zila, Vijayapura",16.7844,75.7057,Insp. Sara Singh,2024,10,12
KAR/BEN/2024/0050,2025-03-16,13:22:00,burglary,"Reported incident of burglary at Near Randhawa, Bengaluru Urban.",open,Bengaluru Urban,Bengaluru Urban North PS,"Near Randhawa, Bengaluru Urban",12.9973,77.6025,Insp. Vidhi Shankar,2025,3,13
KAR/KOP/2024/0051,2024-09-27,21:17:00,vehicle_theft,"Reported incident of vehicle theft at Near Bhakta Chowk, Koppal. Suspect vehicle noticed with plate KA-09-KA-5134.",open,Koppal,Koppal Market PS,"Near Bhakta Chowk, Koppal",15.3597,76.2322,Insp. Harita Baria,2024,9,21
KAR/SHI/2024/0052,2024-12-26,16:47:00,fraud,"Reported incident of fraud at Near Sastry Road, Shivamogga.",chargesheeted,Shivamogga,Shivamogga Rural PS,"Near Sastry Road, Shivamogga",13.9865,75.5062,Insp. Rohan Sastry,2024,12,16
KAR/HUB/2024/0053,2024-11-05,02:27:00,vehicle_theft,"Reported incident of vehicle theft at Near Bhalla Nagar, Hubballi-Dharwad. Suspect vehicle noticed with plate KA-02-KA-9786.",chargesheeted,Hubballi-Dharwad,Hubballi-Dharwad Town PS,"Near Bhalla Nagar, Hubballi-Dharwad",15.2805,75.2079,Insp. Gunbir Jaggi,2024,11,2
KAR/BEN/2024/0054,2025-04-30,10:47:00,assault,"Reported incident of assault at Near Doshi Nagar, Bengaluru Urban.",closed,Bengaluru Urban,Bengaluru Urban West PS,"Near Doshi Nagar, Bengaluru Urban",12.8721,77.5497,Insp. Ubika Sehgal,2025,4,10
KAR/CHI/2024/0055,2024-04-27,12:01:00,burglary,"Reported incident of burglary at Near Deep Marg, Chikkamagaluru.",under_investigation,Chikkamagaluru,Chikkamagaluru Town PS,"Near Deep Marg, Chikkamagaluru",13.2937,75.7494,Insp. Darika Venkatesh,2024,4,12
KAR/RAI/2024/0056,2024-02-13,08:24:00,fraud,"Reported incident of fraud at Near Sandhu Chowk, Raichur.",open,Raichur,Raichur Town PS,"Near Sandhu Chowk, Raichur",16.1904,77.3345,Insp. Upma Chaudhary,2024,2,8
KAR/BEL/2024/0057,2024-10-29,07:02:00,vehicle_theft,"Reported incident of vehicle theft at Near Shan Marg, Belagavi. Suspect vehicle noticed with plate KA-45-KA-7457.",open,Belagavi,Belagavi Suburban PS,"Near Shan Marg, Belagavi",15.8988,74.4433,Insp. Chandresh Anand,2024,10,7
KAR/DAV/2024/0058,2024-05-17,01:36:00,murder,"Reported incident of murder at Near Konda Ganj, Davangere.",under_investigation,Davangere,Davangere Town PS,"Near Konda Ganj, Davangere",14.5115,75.9304,Insp. Vansha Dugar,2024,5,1
KAR/BEN/2024/0059,2025-01-29,16:41:00,hit_and_run,"Reported incident of hit and run at Near Karan Marg, Bengaluru Urban.",under_investigation,Bengaluru Urban,Bengaluru Urban West PS,"Near Karan Marg, Bengaluru Urban",12.9011,77.5917,Insp. Krishna Sandal,2025,1,16
KAR/BEN/2024/0060,2024-04-25,03:01:00,fraud,"Reported incident of fraud at Near Narain Path, Bengaluru Urban.",under_investigation,Bengaluru Urban,Bengaluru Urban Traffic PS,"Near Narain Path, Bengaluru Urban",12.9948,77.5636,Insp. Yashawini Jha,2024,4,3
KAR/CHI/2024/0061,2024-09-07,01:42:00,assault,"Reported incident of assault at Near Babu Street, Chikkamagaluru.",open,Chikkamagaluru,Chikkamagaluru Town PS,"Near Babu Street, Chikkamagaluru",13.2784,75.7561,Insp. Mason Saha,2024,9,1
KAR/HUB/2024/0062,2024-10-17,17:45:00,chain_snatching,"Reported incident of chain snatching at Near Bera, Hubballi-Dharwad. Suspect vehicle noticed with plate KA-09-KB-5838.",closed,Hubballi-Dharwad,Hubballi-Dharwad Town PS,"Near Bera, Hubballi-Dharwad",15.2867,75.1731,Insp. Eta Nagar,2024,10,17
KAR/UDU/2024/0063,2024-06-29,14:54:00,burglary,"Reported incident of burglary at Near Goyal Path, Udupi.",closed,Udupi,Udupi Suburban PS,"Near Goyal Path, Udupi",13.2652,74.8043,Insp. Qabil Loke,2024,6,14
KAR/KAL/2024/0064,2024-06-22,07:52:00,vehicle_theft,"Reported incident of vehicle theft at Near Dalal Road, Kalaburagi. Suspect vehicle noticed with plate KA-02-M-6653.",under_investigation,Kalaburagi,Kalaburagi Suburban PS,"Near Dalal Road, Kalaburagi",17.2805,76.8925,Insp. Vedant Mallick,2024,6,7
KAR/HUB/2024/0065,2025-01-28,06:35:00,vehicle_theft,"Reported incident of vehicle theft at Near Aurora Zila, Hubballi-Dharwad. Suspect vehicle noticed with plate KA-25-N-3003.",chargesheeted,Hubballi-Dharwad,Hubballi-Dharwad Market PS,"Near Aurora Zila, Hubballi-Dharwad",15.3372,75.0872,Insp. Vrinda Pal,2025,1,6
KAR/RAI/2024/0066,2025-04-08,06:40:00,eve_teasing,"Reported incident of eve teasing at Near Sampath Ganj, Raichur.",under_investigation,Raichur,Raichur Traffic PS,"Near Sampath Ganj, Raichur",16.2255,77.3418,Insp. Henry Trivedi,2025,4,6
KAR/KOL/2024/0067,2024-01-29,23:22:00,property_crime,"Reported incident of property crime at Near Soman Zila, Kolar.",under_investigation,Kolar,Kolar Market PS,"Near Soman Zila, Kolar",13.0816,78.0579,Insp. Manya Wadhwa,2024,1,23
KAR/BEN/2024/0068,2025-03-19,04:02:00,assault,"Reported incident of assault at Near Ramaswamy, Bengaluru Urban.",open,Bengaluru Urban,Bengaluru Urban West PS,"Near Ramaswamy, Bengaluru Urban",12.897,77.5539,Insp. Zinal Solanki,2025,3,4
KAR/DAV/2024/0069,2024-12-10,22:01:00,vehicle_theft,"Reported incident of vehicle theft at Near Parmar Path, Davangere. Suspect vehicle noticed with plate KA-34-N-9760.",chargesheeted,Davangere,Davangere Suburban PS,"Near Parmar Path, Davangere",14.5453,75.9513,Insp. Harita Chada,2024,12,22
KAR/KOL/2024/0070,2024-10-19,03:23:00,vehicle_theft,"Reported incident of vehicle theft at Near Loke Ganj, Kolar. Suspect vehicle noticed with plate KA-01-M-7900.",under_investigation,Kolar,Kolar Rural PS,"Near Loke Ganj, Kolar",13.1897,78.1751,Insp. Xavier Rege,2024,10,3
KAR/BEL/2024/0071,2024-01-03,01:39:00,chain_snatching,"Reported incident of chain snatching at Near Som Street, Belagavi. Suspect vehicle noticed with plate KA-15-M-3168.",under_investigation,Belagavi,Belagavi Market PS,"Near Som Street, Belagavi",15.8723,74.465,Insp. Falguni Sura,2024,1,1
KAR/BEN/2024/0072,2024-10-30,20:24:00,fraud,"Reported incident of fraud at Near Guha Nagar, Bengaluru Urban.",chargesheeted,Bengaluru Urban,Bengaluru Urban Central PS,"Near Guha Nagar, Bengaluru Urban",12.9941,77.6117,Insp. Vasana Chakraborty,2024,10,20
KAR/BEN/2024/0073,2025-02-20,16:03:00,burglary,"Reported incident of burglary at Near Shukla Path, Bengaluru Urban.",under_investigation,Bengaluru Urban,Bengaluru Urban Traffic PS,"Near Shukla Path, Bengaluru Urban",12.9758,77.579,Insp. Saumya Mangat,2025,2,16
KAR/KOL/2024/0074,2024-04-11,06:11:00,murder,"Reported incident of murder at Near Panchal Street, Kolar.",open,Kolar,Kolar Suburban PS,"Near Panchal Street, Kolar",13.0883,78.1367,Insp. Garima Kalla,2024,4,6
KAR/TUM/2024/0075,2024-09-06,01:59:00,cybercrime,"Reported incident of cybercrime at Near Mall Chowk, Tumakuru.",under_investigation,Tumakuru,Tumakuru Suburban PS,"Near Mall Chowk, Tumakuru",13.3437,77.0942,Insp. Idika Kala,2024,9,1
KAR/BEN/2024/0076,2024-12-06,04:52:00,vehicle_theft,"Reported incident of vehicle theft at Near Sur Nagar, Bengaluru Urban. Suspect vehicle noticed with plate KA-11-KA-2099.",chargesheeted,Bengaluru Urban,Bengaluru Urban North PS,"Near Sur Nagar, Bengaluru Urban",13.0369,77.5987,Insp. Ira D’Alia,2024,12,4
KAR/CHI/2024/0077,2024-08-18,02:33:00,vehicle_theft,"Reported incident of vehicle theft at Near Talwar Chowk, Chikkamagaluru. Suspect vehicle noticed with plate KA-26-KB-8314.",under_investigation,Chikkamagaluru,Chikkamagaluru Industrial PS,"Near Talwar Chowk, Chikkamagaluru",13.3898,75.7542,Insp. Yashawini Tella,2024,8,2
KAR/DAV/2024/0078,2024-10-23,22:57:00,fraud,"Reported incident of fraud at Near Rege, Davangere.",chargesheeted,Davangere,Davangere Market PS,"Near Rege, Davangere",14.4806,75.8823,Insp. Tanveer Raval,2024,10,22
KAR/KAL/2024/0079,2024-03-07,16:59:00,fraud,"Reported incident of fraud at Near Sachar Circle, Kalaburagi.",under_investigation,Kalaburagi,Kalaburagi Suburban PS,"Near Sachar Circle, Kalaburagi",17.2478,76.9088,Insp. Chanchal Lal,2024,3,16
KAR/MYS/2024/0080,2024-04-24,22:53:00,hit_and_run,"Reported incident of hit and run at Near Baria Zila, Mysuru.",open,Mysuru,Mysuru Central PS,"Near Baria Zila, Mysuru",12.271,76.6195,Insp. Pranav Som,2024,4,22
KAR/SHI/2024/0081,2024-10-16,22:37:00,burglary,"Reported incident of burglary at Near Modi, Shivamogga.",chargesheeted,Shivamogga,Shivamogga Industrial PS,"Near Modi, Shivamogga",13.9017,75.4925,Insp. Yashodhara Viswanathan,2024,10,22
KAR/HAS/2024/0082,2024-11-23,21:51:00,fraud,"Reported incident of fraud at Near Contractor Path, Hassan.",open,Hassan,Hassan Traffic PS,"Near Contractor Path, Hassan",12.9446,76.0739,Insp. Gagan Golla,2024,11,21
KAR/TUM/2024/0083,2025-03-10,20:48:00,vehicle_theft,"Reported incident of vehicle theft at Near Babu Nagar, Tumakuru. Suspect vehicle noticed with plate KA-07-P-1001.",under_investigation,Tumakuru,Tumakuru Suburban PS,"Near Babu Nagar, Tumakuru",13.3797,77.1052,Insp. Chandran Taneja,2025,3,20
KAR/SHI/2024/0084,2024-09-02,17:41:00,cybercrime,"Reported incident of cybercrime at Near Chander Road, Shivamogga.",under_investigation,Shivamogga,Shivamogga Suburban PS,"Near Chander Road, Shivamogga",13.9032,75.6413,Insp. Kai Chad,2024,9,17
KAR/BID/2024/0085,2024-11-12,22:38:00,vehicle_theft,"Reported incident of vehicle theft at Near Prabhakar Zila, Bidar. Suspect vehicle noticed with plate KA-12-KB-4645.",under_investigation,Bidar,Bidar Industrial PS,"Near Prabhakar Zila, Bidar",17.9219,77.5355,Insp. Jasmit Dixit,2024,11,22
KAR/SHI/2024/0086,2024-05-03,11:16:00,burglary,"Reported incident of burglary at Near Sharma Chowk, Shivamogga.",open,Shivamogga,Shivamogga Market PS,"Near Sharma Chowk, Shivamogga",13.9582,75.5971,Insp. Simon Ghose,2024,5,11
KAR/HUB/2024/0087,2024-11-17,06:32:00,chain_snatching,"Reported incident of chain snatching at Near Kade Marg, Hubballi-Dharwad. Suspect vehicle noticed with plate KA-43-A-4145.",open,Hubballi-Dharwad,Hubballi-Dharwad Industrial PS,"Near Kade Marg, Hubballi-Dharwad",15.3379,75.0967,Insp. Veda Char,2024,11,6
KAR/CHI/2024/0088,2025-03-08,16:06:00,vehicle_theft,"Reported incident of vehicle theft at Near Lal Path, Chikkamagaluru. Suspect vehicle noticed with plate KA-36-A-8700.",open,Chikkamagaluru,Chikkamagaluru Rural PS,"Near Lal Path, Chikkamagaluru",13.2635,75.8147,Insp. Kashvi Dubey,2025,3,16
KAR/BEN/2024/0089,2024-11-27,22:27:00,vehicle_theft,"Reported incident of vehicle theft at Near Sankar Marg, Bengaluru Urban. Suspect vehicle noticed with plate KA-46-B-9613.",open,Bengaluru Urban,Bengaluru Urban North PS,"Near Sankar Marg, Bengaluru Urban",12.9967,77.5865,Insp. Hredhaan Comar,2024,11,22
KAR/RAI/2024/0090,2024-10-01,05:12:00,cybercrime,"Reported incident of cybercrime at Near Upadhyay, Raichur.",open,Raichur,Raichur Traffic PS,"Near Upadhyay, Raichur",16.2372,77.3389,Insp. Lavanya Khalsa,2024,10,5
KAR/BEN/2024/0091,2024-02-24,17:21:00,assault,"Reported incident of assault at Near Bhatia, Bengaluru Urban.",chargesheeted,Bengaluru Urban,Bengaluru Urban South PS,"Near Bhatia, Bengaluru Urban",13.0287,77.5607,Insp. Avi Thakur,2024,2,17
KAR/MYS/2024/0092,2024-11-06,23:31:00,cybercrime,"Reported incident of cybercrime at Near Hayer Street, Mysuru.",open,Mysuru,Mysuru Traffic PS,"Near Hayer Street, Mysuru",12.3679,76.5986,Insp. Farhan Chaudhuri,2024,11,23
KAR/RAI/2024/0093,2024-12-17,16:25:00,robbery,"Reported incident of robbery at Near Dutta Road, Raichur. Suspect vehicle noticed with plate KA-28-A-3170.",under_investigation,Raichur,Raichur Industrial PS,"Near Dutta Road, Raichur",16.1612,77.4098,Insp. Chakradev Mitra,2024,12,16
KAR/BEN/2024/0094,2024-03-05,22:42:00,senior_citizen_crime,"Reported incident of senior citizen crime at Near Bath, Bengaluru Urban.",open,Bengaluru Urban,Bengaluru Urban North PS,"Near Bath, Bengaluru Urban",13.0218,77.5981,Insp. Manan Tank,2024,3,22
KAR/DAV/2024/0095,2025-05-07,05:31:00,fraud,"Reported incident of fraud at Near Rout Ganj, Davangere.",closed,Davangere,Davangere Industrial PS,"Near Rout Ganj, Davangere",14.4554,75.8827,Insp. Lucky Tara,2025,5,5
KAR/MAN/2024/0096,2024-12-15,02:44:00,vehicle_theft,"Reported incident of vehicle theft at Near Raghavan Road, Mangaluru (Dakshina Kannada). Suspect vehicle noticed with plate KA-15-KB-4603.",open,Mangaluru (Dakshina Kannada),Mangaluru (Dakshina Kannada) Industrial PS,"Near Raghavan Road, Mangaluru (Dakshina Kannada)",12.9454,74.8855,Insp. Benjamin Contractor,2024,12,2
KAR/BEN/2024/0097,2025-04-18,03:56:00,vehicle_theft,"Reported incident of vehicle theft at Near Wali Street, Bengaluru Urban. Suspect vehicle noticed with plate KA-23-A-2556.",chargesheeted,Bengaluru Urban,Bengaluru Urban North PS,"Near Wali Street, Bengaluru Urban",13.0015,77.6088,Insp. Nakul Kannan,2025,4,3
KAR/BEN/2024/0098,2025-04-13,00:59:00,robbery,"Reported incident of robbery at Near Sabharwal Zila, Bengaluru Urban. Suspect vehicle noticed with plate KA-45-N-9426.",chargesheeted,Bengaluru Urban,Bengaluru Urban South PS,"Near Sabharwal Zila, Bengaluru Urban",13.0277,77.559,Insp. Yadavi Chandra,2025,4,0
KAR/BEN/2024/0099,2024-07-04,03:52:00,vehicle_theft,"Reported incident of vehicle theft at Near Tandon Road, Bengaluru Urban. Suspect vehicle noticed with plate KA-29-A-1335.",chargesheeted,Bengaluru Urban,Bengaluru Urban South PS,"Near Tandon Road, Bengaluru Urban",13.0091,77.585,Insp. Sanya Dubey,2024,7,3
KAR/BEL/2024/0100,2024-11-18,13:24:00,vehicle_theft,"Reported incident of vehicle theft at Near Kala Circle, Belagavi. Suspect vehicle noticed with plate KA-41-N-9547.",chargesheeted,Belagavi,Belagavi Industrial PS,"Near Kala Circle, Belagavi",15.786,74.5811,Insp. Rachit Tata,2024,11,13
KAR/BEN/2024/0101,2024-02-13,13:38:00,vehicle_theft,"Reported incident of vehicle theft at Near Ranganathan Path, Bengaluru Urban. Suspect vehicle noticed with plate KA-25-P-4566.",closed,Bengaluru Urban,Bengaluru Urban South PS,"Near Ranganathan Path, Bengaluru Urban",13.0023,77.5871,Insp. Jairaj Ben,2024,2,13
KAR/BEN/2024/0102,2025-02-18,12:03:00,burglary,"Reported incident of burglary at Near Karpe Ganj, Bengaluru Urban.",open,Bengaluru Urban,Bengaluru Urban West PS,"Near Karpe Ganj, Bengaluru Urban",12.8943,77.5803,Insp. Eshana Chandran,2025,2,12
KAR/KOP/2024/0103,2024-04-22,10:08:00,vehicle_theft,"Reported incident of vehicle theft at Near Som Circle, Koppal. Suspect vehicle noticed with plate KA-43-N-6712.",open,Koppal,Koppal Industrial PS,"Near Som Circle, Koppal",15.2538,76.1233,Insp. Theodore Sarraf,2024,4,10
KAR/BEN/2024/0104,2024-02-07,22:06:00,cybercrime,"Reported incident of cybercrime at Near Rama Circle, Bengaluru Urban.",chargesheeted,Bengaluru Urban,Bengaluru Urban North PS,"Near Rama Circle, Bengaluru Urban",12.9995,77.6127,Insp. Chasmum Mutti,2024,2,22
KAR/DAV/2024/0105,2024-08-20,22:55:00,fraud,"Reported incident of fraud at Near Sarin Circle, Davangere.",under_investigation,Davangere,Davangere Market PS,"Near Sarin Circle, Davangere",14.5187,75.8722,Insp. Chaaya Pillay,2024,8,22
KAR/SHI/2024/0106,2025-05-07,12:37:00,vehicle_theft,"Reported incident of vehicle theft at Near Rao Path, Shivamogga. Suspect vehicle noticed with plate KA-04-KA-6773.",open,Shivamogga,Shivamogga Suburban PS,"Near Rao Path, Shivamogga",13.9028,75.6472,Insp. Chasmum Kapur,2025,5,12
KAR/BEN/2024/0107,2024-10-02,19:32:00,robbery,"Reported incident of robbery at Near Tella Nagar, Bengaluru Urban. Suspect vehicle noticed with plate KA-13-M-9347.",open,Bengaluru Urban,Bengaluru Urban Central PS,"Near Tella Nagar, Bengaluru Urban",12.9713,77.6392,Insp. Banjeet Reddy,2024,10,19
KAR/KAL/2024/0108,2024-09-17,06:44:00,vehicle_theft,"Reported incident of vehicle theft at Near Sampath Path, Kalaburagi. Suspect vehicle noticed with plate KA-34-KB-9654.",open,Kalaburagi,Kalaburagi Rural PS,"Near Sampath Path, Kalaburagi",17.2499,76.8074,Insp. Christopher Ramaswamy,2024,9,6
KAR/DAV/2024/0109,2025-03-26,04:19:00,murder,"Reported incident of murder at Near Dada Ganj, Davangere.",open,Davangere,Davangere Traffic PS,"Near Dada Ganj, Davangere",14.5318,75.8995,Insp. Qarin Andra,2025,3,4
KAR/BID/2024/0110,2024-08-01,13:57:00,vehicle_theft,"Reported incident of vehicle theft at Near Minhas Circle, Bidar. Suspect vehicle noticed with plate KA-03-A-8572.",under_investigation,Bidar,Bidar Industrial PS,"Near Minhas Circle, Bidar",17.8974,77.5569,Insp. Odika Boase,2024,8,13
KAR/SHI/2024/0111,2024-12-07,11:28:00,chain_snatching,"Reported incident of chain snatching at Near Chaudhary Zila, Shivamogga. Suspect vehicle noticed with plate KA-01-N-3320.",under_investigation,Shivamogga,Shivamogga Town PS,"Near Chaudhary Zila, Shivamogga",13.9229,75.5605,Insp. Hema Prasad,2024,12,11
KAR/BEN/2024/0112,2024-12-03,02:02:00,drug_offence,"Reported incident of drug offence at Near Sankar Circle, Bengaluru Urban.",open,Bengaluru Urban,Bengaluru Urban Central PS,"Near Sankar Circle, Bengaluru Urban",12.9998,77.6336,Insp. Zaid Taneja,2024,12,2
KAR/BEN/2024/0113,2025-03-13,18:28:00,chain_snatching,"Reported incident of chain snatching at Near Saini Street, Bengaluru Urban. Suspect vehicle noticed with plate KA-18-KB-1163.",open,Bengaluru Urban,Bengaluru Urban Central PS,"Near Saini Street, Bengaluru Urban",13.0118,77.6539,Insp. Manbir Ghosh,2025,3,18
KAR/HAS/2024/0114,2024-06-24,08:07:00,cybercrime,"Reported incident of cybercrime at Near Chander Chowk, Hassan.",under_investigation,Hassan,Hassan Market PS,"Near Chander Chowk, Hassan",13.0905,76.2034,Insp. Ekapad Nayar,2024,6,8
KAR/CHI/2024/0115,2024-01-07,15:55:00,eve_teasing,"Reported incident of eve teasing at Near Krish Road, Chikkamagaluru.",open,Chikkamagaluru,Chikkamagaluru Town PS,"Near Krish Road, Chikkamagaluru",13.2409,75.7426,Insp. Nachiket Prasad,2024,1,15
KAR/BEN/2024/0116,2025-02-04,07:24:00,vehicle_theft,"Reported incident of vehicle theft at Near Muni Circle, Bengaluru Urban. Suspect vehicle noticed with plate KA-42-P-2653.",open,Bengaluru Urban,Bengaluru Urban South PS,"Near Muni Circle, Bengaluru Urban",13.0116,77.5881,Insp. Ojasvi Goswami,2025,2,7
KAR/RAI/2024/0117,2025-02-25,16:19:00,vehicle_theft,"Reported incident of vehicle theft at Near Ravi Ganj, Raichur. Suspect vehicle noticed with plate KA-54-KB-3269.",under_investigation,Raichur,Raichur Town PS,"Near Ravi Ganj, Raichur",16.1957,77.3753,Insp. Utkarsh Mohan,2025,2,16
KAR/BEL/2024/0118,2024-05-19,21:24:00,burglary,"Reported incident of burglary at Near Agate Circle, Belagavi.",open,Belagavi,Belagavi Rural PS,"Near Agate Circle, Belagavi",15.8093,74.498,Insp. Yochana Kunda,2024,5,21
KAR/KAL/2024/0119,2025-01-24,16:52:00,robbery,"Reported incident of robbery at Near Ahuja Circle, Kalaburagi. Suspect vehicle noticed with plate KA-49-KA-7290.",open,Kalaburagi,Kalaburagi Traffic PS,"Near Ahuja Circle, Kalaburagi",17.4047,76.8882,Insp. Gautam Murthy,2025,1,16
KAR/HAS/2024/0120,2024-12-20,08:31:00,chain_snatching,"Reported incident of chain snatching at Near Batta Path, Hassan. Suspect vehicle noticed with plate KA-55-N-3449.",under_investigation,Hassan,Hassan Town PS,"Near Batta Path, Hassan",13.071,76.0132,Insp. Vaishnavi Cheema,2024,12,8
KAR/BEL/2024/0121,2024-12-20,07:17:00,vehicle_theft,"Reported incident of vehicle theft at Near Dubey Zila, Belagavi. Suspect vehicle noticed with plate KA-24-N-8637.",under_investigation,Belagavi,Belagavi Market PS,"Near Dubey Zila, Belagavi",15.8547,74.4567,Insp. Ikshita Ray,2024,12,7
KAR/BEN/2024/0122,2024-02-19,17:08:00,drug_offence,"Reported incident of drug offence at Near Sanghvi Road, Bengaluru Urban.",open,Bengaluru Urban,Bengaluru Urban West PS,"Near Sanghvi Road, Bengaluru Urban",12.8755,77.5471,Insp. Kritika Krishnan,2024,2,17
KAR/RAI/2024/0123,2025-06-01,00:10:00,vehicle_theft,"Reported incident of vehicle theft at Near Balay Circle, Raichur. Suspect vehicle noticed with plate KA-21-M-8708.",chargesheeted,Raichur,Raichur Suburban PS,"Near Balay Circle, Raichur",16.1859,77.4189,Insp. Jonathan Iyengar,2025,6,0
KAR/UDU/2024/0124,2024-05-02,19:03:00,fraud,"Reported incident of fraud at Near Srinivas Path, Udupi.",open,Udupi,Udupi Suburban PS,"Near Srinivas Path, Udupi",13.2938,74.7484,Insp. Harsh Misra,2024,5,19
KAR/RAI/2024/0125,2024-01-03,20:23:00,hit_and_run,"Reported incident of hit and run at Near Khurana Nagar, Raichur.",open,Raichur,Raichur Market PS,"Near Khurana Nagar, Raichur",16.2369,77.2853,Insp. Sara Samra,2024,1,20
KAR/BID/2024/0126,2024-09-10,00:26:00,burglary,"Reported incident of burglary at Near Behl, Bidar.",open,Bidar,Bidar Rural PS,"Near Behl, Bidar",17.9797,77.5073,Insp. Harsh Kuruvilla,2024,9,0
KAR/BEN/2024/0127,2024-08-03,05:56:00,vehicle_theft,"Reported incident of vehicle theft at Near Krishna Marg, Bengaluru Urban. Suspect vehicle noticed with plate KA-07-P-2346.",open,Bengaluru Urban,Bengaluru Urban West PS,"Near Krishna Marg, Bengaluru Urban",12.8982,77.592,Insp. Gautam Lall,2024,8,5
KAR/BEN/2024/0128,2024-05-20,15:56:00,kidnapping,"Reported incident of kidnapping at Near Chakraborty Road, Bengaluru Urban.",under_investigation,Bengaluru Urban,Bengaluru Urban East PS,"Near Chakraborty Road, Bengaluru Urban",13.0023,77.5708,Insp. Nathan Goswami,2024,5,15
KAR/MAN/2024/0129,2024-04-07,07:25:00,kidnapping,"Reported incident of kidnapping at Near Saraf Path, Mangaluru (Dakshina Kannada).",closed,Mangaluru (Dakshina Kannada),Mangaluru (Dakshina Kannada) Traffic PS,"Near Saraf Path, Mangaluru (Dakshina Kannada)",12.8374,74.8597,Insp. Adweta Pingle,2024,4,7
KAR/BEN/2024/0130,2024-02-16,02:46:00,chain_snatching,"Reported incident of chain snatching at Near Goel Circle, Bengaluru Urban. Suspect vehicle noticed with plate KA-24-KA-6979.",chargesheeted,Bengaluru Urban,Bengaluru Urban West PS,"Near Goel Circle, Bengaluru Urban",12.9183,77.5431,Insp. Libni Gupta,2024,2,2
KAR/KAL/2024/0131,2024-12-06,17:03:00,vehicle_theft,"Reported incident of vehicle theft at Near Dua Zila, Kalaburagi. Suspect vehicle noticed with plate KA-33-KB-9017.",under_investigation,Kalaburagi,Kalaburagi Traffic PS,"Near Dua Zila, Kalaburagi",17.4221,76.867,Insp. Raghav Barman,2024,12,17
KAR/BEN/2024/0132,2024-05-24,04:13:00,chain_snatching,"Reported incident of chain snatching at Near Talwar Nagar, Bengaluru Urban. Suspect vehicle noticed with plate KA-15-KA-8547.",chargesheeted,Bengaluru Urban,Bengaluru Urban Traffic PS,"Near Talwar Nagar, Bengaluru Urban",12.9847,77.5616,Insp. Oni Bhavsar,2024,5,4
KAR/BEN/2024/0133,2025-04-07,09:43:00,domestic_violence,"Reported incident of domestic violence at Near Rege Street, Bengaluru Urban.",under_investigation,Bengaluru Urban,Bengaluru Urban West PS,"Near Rege Street, Bengaluru Urban",12.893,77.5774,Insp. Shivansh Balasubramanian,2025,4,9
KAR/UDU/2024/0134,2025-03-22,13:17:00,vehicle_theft,"Reported incident of vehicle theft at Near Venkatesh, Udupi. Suspect vehicle noticed with plate KA-32-KA-6839.",open,Udupi,Udupi Town PS,"Near Venkatesh, Udupi",13.3204,74.7538,Insp. Gaurika Dewan,2025,3,13
KAR/CHI/2024/0135,2024-03-04,19:52:00,assault,"Reported incident of assault at Near Grover Nagar, Chikkamagaluru.",open,Chikkamagaluru,Chikkamagaluru Industrial PS,"Near Grover Nagar, Chikkamagaluru",13.3961,75.769,Insp. Leela Om,2024,3,19
KAR/BEN/2024/0136,2025-05-09,13:03:00,chain_snatching,"Reported incident of chain snatching at Near Bains Marg, Bengaluru Urban. Suspect vehicle noticed with plate KA-35-P-4487.",open,Bengaluru Urban,Bengaluru Urban Traffic PS,"Near Bains Marg, Bengaluru Urban",12.9645,77.595,Insp. Onkar Pandey,2025,5,13
KAR/RAI/2024/0137,2024-05-19,15:51:00,burglary,"Reported incident of burglary at Near Goel Chowk, Raichur.",open,Raichur,Raichur Suburban PS,"Near Goel Chowk, Raichur",16.2104,77.3912,Insp. Anay Yogi,2024,5,15
KAR/UDU/2024/0138,2024-09-24,04:47:00,domestic_violence,"Reported incident of domestic violence at Near Ganguly Road, Udupi.",open,Udupi,Udupi Industrial PS,"Near Ganguly Road, Udupi",13.3676,74.6953,Insp. Chanakya Lad,2024,9,4
KAR/BAL/2024/0139,2024-06-22,19:31:00,assault,"Reported incident of assault at Near Sahota Nagar, Ballari.",open,Ballari,Ballari Rural PS,"Near Sahota Nagar, Ballari",15.0939,76.8759,Insp. Vansha Naidu,2024,6,19
KAR/BEN/2024/0140,2024-11-03,19:12:00,vehicle_theft,"Reported incident of vehicle theft at Near Mukhopadhyay Zila, Bengaluru Urban. Suspect vehicle noticed with plate KA-34-A-7379.",under_investigation,Bengaluru Urban,Bengaluru Urban Central PS,"Near Mukhopadhyay Zila, Bengaluru Urban",12.9677,77.6229,Insp. Gavin Kibe,2024,11,19
KAR/BEL/2024/0141,2024-10-15,02:45:00,vehicle_theft,"Reported incident of vehicle theft at Near Chakrabarti Marg, Belagavi. Suspect vehicle noticed with plate KA-08-A-9757.",open,Belagavi,Belagavi Suburban PS,"Near Chakrabarti Marg, Belagavi",15.8482,74.4445,Insp. Anirudh Vala,2024,10,2
KAR/MYS/2024/0142,2024-05-11,17:09:00,fraud,"Reported incident of fraud at Near Edwin Zila, Mysuru.",under_investigation,Mysuru,Mysuru East PS,"Near Edwin Zila, Mysuru",12.2714,76.6938,Insp. Rachana Nath,2024,5,17
KAR/SHI/2024/0143,2024-09-06,00:52:00,fraud,"Reported incident of fraud at Near Naik Road, Shivamogga.",under_investigation,Shivamogga,Shivamogga Industrial PS,"Near Naik Road, Shivamogga",13.8932,75.5087,Insp. Gautam Lall,2024,9,0
KAR/BEN/2024/0144,2024-11-04,08:23:00,kidnapping,"Reported incident of kidnapping at Near Om, Bengaluru Urban.",open,Bengaluru Urban,Bengaluru Urban North PS,"Near Om, Bengaluru Urban",13.0099,77.5624,Insp. Raghav Nazareth,2024,11,8
KAR/BEN/2024/0145,2025-04-07,12:48:00,hit_and_run,"Reported incident of hit and run at Near Babu Marg, Bengaluru Rural.",chargesheeted,Bengaluru Rural,Bengaluru Rural Traffic PS,"Near Babu Marg, Bengaluru Rural",13.2024,77.6126,Insp. Bhavna Mitter,2025,4,12
KAR/KOL/2024/0146,2024-08-26,09:30:00,chain_snatching,"Reported incident of chain snatching at Near Kuruvilla Path, Kolar. Suspect vehicle noticed with plate KA-37-KA-9327.",under_investigation,Kolar,Kolar Industrial PS,"Near Kuruvilla Path, Kolar",13.209,78.0297,Insp. Shivani Edwin,2024,8,9
KAR/MAN/2024/0147,2024-11-28,19:03:00,vehicle_theft,"Reported incident of vehicle theft at Near Nazareth Street, Mangaluru (Dakshina Kannada). Suspect vehicle noticed with plate KA-23-KA-5656.",chargesheeted,Mangaluru (Dakshina Kannada),Mangaluru (Dakshina Kannada) Industrial PS,"Near Nazareth Street, Mangaluru (Dakshina Kannada)",12.9649,74.8515,Insp. Reva Maharaj,2024,11,19
KAR/BEN/2024/0148,2024-08-15,19:06:00,cybercrime,"Reported incident of cybercrime at Near Lal Path, Bengaluru Urban.",under_investigation,Bengaluru Urban,Bengaluru Urban Traffic PS,"Near Lal Path, Bengaluru Urban",12.9589,77.5965,Insp. Aarush Saraf,2024,8,19
KAR/KOP/2024/0149,2025-03-29,10:41:00,assault,"Reported incident of assault at Near Shroff Street, Koppal.",chargesheeted,Koppal,Koppal Suburban PS,"Near Shroff Street, Koppal",15.2997,76.0729,Insp. Diya Munshi,2025,3,10
KAR/DAV/2024/0150,2024-12-03,20:08:00,vehicle_theft,"Reported incident of vehicle theft at Near Kunda Nagar, Davangere. Suspect vehicle noticed with plate KA-08-A-6865.",open,Davangere,Davangere Town PS,"Near Kunda Nagar, Davangere",14.4775,75.9424,Insp. Chatura Barman,2024,12,20
KAR/BEN/2024/0151,2024-12-07,05:38:00,chain_snatching,"Reported incident of chain snatching at Near Toor Circle, Bengaluru Urban. Suspect vehicle noticed with plate KA-51-KB-5652.",open,Bengaluru Urban,Bengaluru Urban East PS,"Near Toor Circle, Bengaluru Urban",13.0337,77.5397,Insp. Ira Tara,2024,12,5
KAR/BAL/2024/0152,2025-04-11,12:23:00,fraud,"Reported incident of fraud at Near Bhattacharyya Nagar, Ballari.",open,Ballari,Ballari Traffic PS,"Near Bhattacharyya Nagar, Ballari",15.0718,76.973,Insp. Sanya Varughese,2025,4,12
KAR/MAN/2024/0153,2024-06-20,18:45:00,vehicle_theft,"Reported incident of vehicle theft at Near Palla Road, Mangaluru (Dakshina Kannada). Suspect vehicle noticed with plate KA-22-M-1675.",open,Mangaluru (Dakshina Kannada),Mangaluru (Dakshina Kannada) Industrial PS,"Near Palla Road, Mangaluru (Dakshina Kannada)",12.9384,74.8622,Insp. Karan Mani,2024,6,18
KAR/KOP/2024/0154,2024-09-10,13:14:00,hit_and_run,"Reported incident of hit and run at Near Swaminathan Road, Koppal.",open,Koppal,Koppal Rural PS,"Near Swaminathan Road, Koppal",15.3941,76.08,Insp. Onveer Nanda,2024,9,13
KAR/MAN/2024/0155,2024-01-05,17:58:00,vehicle_theft,"Reported incident of vehicle theft at Near Chatterjee Road, Mangaluru (Dakshina Kannada). Suspect vehicle noticed with plate KA-38-P-3543.",chargesheeted,Mangaluru (Dakshina Kannada),Mangaluru (Dakshina Kannada) Suburban PS,"Near Chatterjee Road, Mangaluru (Dakshina Kannada)",13.0,74.8404,Insp. Bhavani Bora,2024,1,17
KAR/KAL/2024/0156,2024-12-22,12:48:00,vehicle_theft,"Reported incident of vehicle theft at Near Sehgal Street, Kalaburagi. Suspect vehicle noticed with plate KA-16-N-2382.",open,Kalaburagi,Kalaburagi Industrial PS,"Near Sehgal Street, Kalaburagi",17.3748,76.8688,Insp. Krish Bhattacharyya,2024,12,12
KAR/MAN/2024/0157,2024-07-26,06:32:00,eve_teasing,"Reported incident of eve teasing at Near Sathe Zila, Mandya.",chargesheeted,Mandya,Mandya Market PS,"Near Sathe Zila, Mandya",12.6131,76.8471,Insp. Bachittar Shankar,2024,7,6
KAR/BEN/2024/0158,2024-05-31,12:32:00,senior_citizen_crime,"Reported incident of senior citizen crime at Near Doctor Circle, Bengaluru Urban.",under_investigation,Bengaluru Urban,Bengaluru Urban South PS,"Near Doctor Circle, Bengaluru Urban",13.0092,77.5967,Insp. Tristan Dixit,2024,5,12
KAR/BID/2024/0159,2024-05-25,22:25:00,fraud,"Reported incident of fraud at Near Ghose Zila, Bidar.",open,Bidar,Bidar Industrial PS,"Near Ghose Zila, Bidar",17.9156,77.5212,Insp. Jason Goyal,2024,5,22
KAR/BEN/2024/0160,2024-09-18,02:38:00,eve_teasing,"Reported incident of eve teasing at Near Thaker Ganj, Bengaluru Urban.",under_investigation,Bengaluru Urban,Bengaluru Urban East PS,"Near Thaker Ganj, Bengaluru Urban",13.0146,77.5364,Insp. Urishilla Dixit,2024,9,2
KAR/TUM/2024/0161,2024-10-21,09:06:00,fraud,"Reported incident of fraud at Near Amble Nagar, Tumakuru.",under_investigation,Tumakuru,Tumakuru Town PS,"Near Amble Nagar, Tumakuru",13.4216,77.0791,Insp. Zinal Karpe,2024,10,9
KAR/BEN/2024/0162,2024-03-16,13:04:00,eve_teasing,"Reported incident of eve teasing at Near Kaur, Bengaluru Urban.",open,Bengaluru Urban,Bengaluru Urban Central PS,"Near Kaur, Bengaluru Urban",12.9801,77.6631,Insp. Panini Balan,2024,3,13
KAR/TUM/2024/0163,2024-11-02,22:32:00,burglary,"Reported incident of burglary at Near Mohanty Circle, Tumakuru.",closed,Tumakuru,Tumakuru Suburban PS,"Near Mohanty Circle, Tumakuru",13.3679,77.0965,Insp. Maanas Chandran,2024,11,22
KAR/CHI/2024/0164,2024-05-16,13:32:00,fraud,"Reported incident of fraud at Near Hayre Circle, Chikkamagaluru.",under_investigation,Chikkamagaluru,Chikkamagaluru Town PS,"Near Hayre Circle, Chikkamagaluru",13.2896,75.7584,Insp. Jagdish Shan,2024,5,13
KAR/BEN/2024/0165,2025-04-19,23:11:00,hit_and_run,"Reported incident of hit and run at Near Thakur Ganj, Bengaluru Urban.",open,Bengaluru Urban,Bengaluru Urban North PS,"Near Thakur Ganj, Bengaluru Urban",12.9853,77.5727,Insp. Yatan Chawla,2025,4,23
KAR/KOL/2024/0166,2024-03-14,04:39:00,burglary,"Reported incident of burglary at Near Dugal, Kolar.",open,Kolar,Kolar Suburban PS,"Near Dugal, Kolar",13.1193,78.1324,Insp. Unni Mahajan,2024,3,4
KAR/BEN/2024/0167,2024-07-05,14:41:00,senior_citizen_crime,"Reported incident of senior citizen crime at Near Sule Path, Bengaluru Urban.",open,Bengaluru Urban,Bengaluru Urban Central PS,"Near Sule Path, Bengaluru Urban",12.9949,77.6098,Insp. Ekapad Palan,2024,7,14
KAR/HUB/2024/0168,2025-01-29,05:17:00,assault,"Reported incident of assault at Near Talwar Path, Hubballi-Dharwad.",open,Hubballi-Dharwad,Hubballi-Dharwad Market PS,"Near Talwar Path, Hubballi-Dharwad",15.3383,75.0821,Insp. Pavani Padmanabhan,2025,1,5
KAR/BEN/2024/0169,2024-08-21,02:36:00,cybercrime,"Reported incident of cybercrime at Near Kant Ganj, Bengaluru Urban.",under_investigation,Bengaluru Urban,Bengaluru Urban South PS,"Near Kant Ganj, Bengaluru Urban",12.9847,77.5977,Insp. Hema Kaul,2024,8,2
KAR/BEL/2024/0170,2024-04-17,10:04:00,burglary,"Reported incident of burglary at Near Dey Nagar, Belagavi.",open,Belagavi,Belagavi Town PS,"Near Dey Nagar, Belagavi",15.7976,74.5374,Insp. Sneha Gole,2024,4,10
KAR/BAL/2024/0171,2024-06-10,09:13:00,drug_offence,"Reported incident of drug offence at Near Mane Path, Ballari.",open,Ballari,Ballari Suburban PS,"Near Mane Path, Ballari",15.1884,76.8571,Insp. Hredhaan Mangal,2024,6,9
KAR/MAN/2024/0172,2024-08-19,06:06:00,fraud,"Reported incident of fraud at Near Menon Street, Mandya.",chargesheeted,Mandya,Mandya Traffic PS,"Near Menon Street, Mandya",12.5456,76.8936,Insp. Farhan Nigam,2024,8,6
KAR/SHI/2024/0173,2024-07-14,10:59:00,robbery,"Reported incident of robbery at Near Gole Circle, Shivamogga. Suspect vehicle noticed with plate KA-14-KA-3405.",open,Shivamogga,Shivamogga Industrial PS,"Near Gole Circle, Shivamogga",13.8606,75.5487,Insp. Januja Bhasin,2024,7,10
KAR/BEN/2024/0174,2024-08-19,02:27:00,fraud,"Reported incident of fraud at Near Gandhi Marg, Bengaluru Urban.",under_investigation,Bengaluru Urban,Bengaluru Urban East PS,"Near Gandhi Marg, Bengaluru Urban",12.9817,77.5318,Insp. Ekta Kamdar,2024,8,2
KAR/BEN/2024/0175,2025-04-12,11:17:00,fraud,"Reported incident of fraud at Near Wagle Road, Bengaluru Urban.",under_investigation,Bengaluru Urban,Bengaluru Urban South PS,"Near Wagle Road, Bengaluru Urban",12.9839,77.5673,Insp. Vinaya Nazareth,2025,4,11
KAR/HAS/2024/0176,2025-03-03,09:34:00,burglary,"Reported incident of burglary at Near Yohannan Chowk, Hassan.",under_investigation,Hassan,Hassan Industrial PS,"Near Yohannan Chowk, Hassan",13.0033,76.132,Insp. Rehaan Kapur,2025,3,9
KAR/BEN/2024/0177,2024-11-03,00:32:00,burglary,"Reported incident of burglary at Near Viswanathan Street, Bengaluru Urban.",under_investigation,Bengaluru Urban,Bengaluru Urban Central PS,"Near Viswanathan Street, Bengaluru Urban",12.988,77.6394,Insp. Zansi Sarkar,2024,11,0
KAR/KOL/2024/0178,2024-11-26,01:03:00,chain_snatching,"Reported incident of chain snatching at Near Deo Path, Kolar. Suspect vehicle noticed with plate KA-14-KB-1892.",open,Kolar,Kolar Traffic PS,"Near Deo Path, Kolar",13.1823,78.1359,Insp. Kamya Kurian,2024,11,1
KAR/BEN/2024/0179,2024-10-18,20:55:00,robbery,"Reported incident of robbery at Near Dada Nagar, Bengaluru Urban. Suspect vehicle noticed with plate KA-10-N-4037.",under_investigation,Bengaluru Urban,Bengaluru Urban South PS,"Near Dada Nagar, Bengaluru Urban",13.0242,77.5564,Insp. Fitan Kapadia,2024,10,20
KAR/KOL/2024/0180,2024-10-06,10:46:00,vehicle_theft,"Reported incident of vehicle theft at Near Contractor Nagar, Kolar. Suspect vehicle noticed with plate KA-48-KA-3318.",open,Kolar,Kolar Traffic PS,"Near Contractor Nagar, Kolar",13.1942,78.1017,Insp. Eiravati Mukherjee,2024,10,10
KAR/KAL/2024/0181,2024-12-04,11:39:00,vehicle_theft,"Reported incident of vehicle theft at Near Raju Chowk, Kalaburagi. Suspect vehicle noticed with plate KA-20-N-2771.",under_investigation,Kalaburagi,Kalaburagi Industrial PS,"Near Raju Chowk, Kalaburagi",17.3881,76.9102,Insp. Dayita Chana,2024,12,11
KAR/MAN/2024/0182,2024-01-04,16:29:00,fraud,"Reported incident of fraud at Near Srinivasan Path, Mangaluru (Dakshina Kannada).",under_investigation,Mangaluru (Dakshina Kannada),Mangaluru (Dakshina Kannada) Industrial PS,"Near Srinivasan Path, Mangaluru (Dakshina Kannada)",12.9283,74.8383,Insp. Triya Konda,2024,1,16
KAR/BEL/2024/0183,2024-02-29,15:09:00,senior_citizen_crime,"Reported incident of senior citizen crime at Near Srivastava Chowk, Belagavi.",under_investigation,Belagavi,Belagavi Town PS,"Near Srivastava Chowk, Belagavi",15.8123,74.5327,Insp. Ati Bansal,2024,2,15
KAR/SHI/2024/0184,2024-08-12,01:23:00,burglary,"Reported incident of burglary at Near Mangal, Shivamogga.",under_investigation,Shivamogga,Shivamogga Industrial PS,"Near Mangal, Shivamogga",13.8806,75.514,Insp. Liam Varty,2024,8,1
KAR/BEN/2024/0185,2024-12-07,01:52:00,fraud,"Reported incident of fraud at Near Bhalla Ganj, Bengaluru Urban.",under_investigation,Bengaluru Urban,Bengaluru Urban East PS,"Near Bhalla Ganj, Bengaluru Urban",12.9976,77.5228,Insp. Advika Chauhan,2024,12,1
KAR/KOP/2024/0186,2024-06-25,20:45:00,vehicle_theft,"Reported incident of vehicle theft at Near Ratta, Koppal. Suspect vehicle noticed with plate KA-43-P-6576.",open,Koppal,Koppal Traffic PS,"Near Ratta, Koppal",15.3624,76.2099,Insp. Pahal Luthra,2024,6,20
KAR/BEN/2024/0187,2024-07-03,12:51:00,fraud,"Reported incident of fraud at Near Bora Ganj, Bengaluru Urban.",closed,Bengaluru Urban,Bengaluru Urban Traffic PS,"Near Bora Ganj, Bengaluru Urban",12.9818,77.5991,Insp. Vedhika Dave,2024,7,12
KAR/HAS/2024/0188,2024-01-19,21:32:00,assault,"Reported incident of assault at Near Manne Chowk, Hassan.",open,Hassan,Hassan Rural PS,"Near Manne Chowk, Hassan",13.0551,76.0321,Insp. Tanvi Pau,2024,1,21
KAR/BEN/2024/0189,2024-02-02,02:46:00,robbery,"Reported incident of robbery at Near Lata Chowk, Bengaluru Urban. Suspect vehicle noticed with plate KA-32-M-5901.",open,Bengaluru Urban,Bengaluru Urban West PS,"Near Lata Chowk, Bengaluru Urban",12.9111,77.5882,Insp. Timothy Dhingra,2024,2,2
KAR/MAN/2024/0190,2024-04-08,12:18:00,robbery,"Reported incident of robbery at Near Wason Zila, Mandya. Suspect vehicle noticed with plate KA-43-A-1213.",closed,Mandya,Mandya Industrial PS,"Near Wason Zila, Mandya",12.4892,76.9896,Insp. Gautami Lad,2024,4,12
KAR/BEN/2024/0191,2025-05-26,17:03:00,kidnapping,"Reported incident of kidnapping at Near Bhandari Nagar, Bengaluru Urban.",open,Bengaluru Urban,Bengaluru Urban Central PS,"Near Bhandari Nagar, Bengaluru Urban",12.966,77.6274,Insp. Lavanya Ranganathan,2025,5,17
KAR/KAL/2024/0192,2024-08-16,05:50:00,robbery,"Reported incident of robbery at Near Amble Circle, Kalaburagi. Suspect vehicle noticed with plate KA-44-A-5830.",under_investigation,Kalaburagi,Kalaburagi Town PS,"Near Amble Circle, Kalaburagi",17.3915,76.7767,Insp. Vanya Ramesh,2024,8,5
KAR/DAV/2024/0193,2024-07-11,13:53:00,burglary,"Reported incident of burglary at Near Wadhwa, Davangere.",open,Davangere,Davangere Industrial PS,"Near Wadhwa, Davangere",14.5041,75.8544,Insp. Leena Tara,2024,7,13
KAR/UDU/2024/0194,2024-11-11,14:54:00,kidnapping,"Reported incident of kidnapping at Near Hegde Nagar, Udupi.",open,Udupi,Udupi Traffic PS,"Near Hegde Nagar, Udupi",13.2762,74.7325,Insp. Tristan Nagi,2024,11,14
KAR/RAI/2024/0195,2025-01-01,23:42:00,vehicle_theft,"Reported incident of vehicle theft at Near Gole Road, Raichur. Suspect vehicle noticed with plate KA-10-P-8154.",under_investigation,Raichur,Raichur Town PS,"Near Gole Road, Raichur",16.1698,77.373,Insp. Bhavika Sawhney,2025,1,23
KAR/BAL/2024/0196,2024-11-29,10:59:00,cybercrime,"Reported incident of cybercrime at Near Johal Nagar, Ballari.",closed,Ballari,Ballari Rural PS,"Near Johal Nagar, Ballari",15.0499,76.9087,Insp. Neelima Cheema,2024,11,10
KAR/BEN/2024/0197,2024-12-31,04:26:00,vehicle_theft,"Reported incident of vehicle theft at Near Oza Nagar, Bengaluru Urban. Suspect vehicle noticed with plate KA-25-A-6216.",under_investigation,Bengaluru Urban,Bengaluru Urban South PS,"Near Oza Nagar, Bengaluru Urban",13.0124,77.5974,Insp. Leena Rastogi,2024,12,4
KAR/KOL/2024/0198,2025-02-05,23:00:00,vehicle_theft,"Reported incident of vehicle theft at Near Ravel, Kolar. Suspect vehicle noticed with plate KA-14-KB-3920.",open,Kolar,Kolar Rural PS,"Near Ravel, Kolar",13.2099,78.1599,Insp. Tanay Loke,2025,2,23
KAR/KOP/2024/0199,2024-02-06,10:30:00,hit_and_run,"Reported incident of hit and run at Near Menon Street, Koppal.",open,Koppal,Koppal Market PS,"Near Menon Street, Koppal",15.3733,76.2344,Insp. Jai Chaudry,2024,2,10
KAR/KOL/2024/0200,2024-06-25,19:30:00,property_crime,"Reported incident of property crime at Near Iyer Chowk, Kolar.",open,Kolar,Kolar Traffic PS,"Near Iyer Chowk, Kolar",13.2144,78.1135,Insp. Vihaan Sem,2024,6,19
KAR/BEN/2024/0201,2025-05-01,05:37:00,kidnapping,"Reported incident of kidnapping at Near Saha Path, Bengaluru Urban.",open,Bengaluru Urban,Bengaluru Urban West PS,"Near Saha Path, Bengaluru Urban",12.9218,77.58,Insp. Hardik Yogi,2025,5,5
KAR/BEN/2024/0202,2024-11-06,04:24:00,vehicle_theft,"Reported incident of vehicle theft at Near Thaker Nagar, Bengaluru Urban. Suspect vehicle noticed with plate KA-39-KB-8793.",open,Bengaluru Urban,Bengaluru Urban East PS,"Near Thaker Nagar, Bengaluru Urban",12.9989,77.5268,Insp. Mason Dhillon,2024,11,4
KAR/BEN/2024/0203,2024-01-25,16:10:00,fraud,"Reported incident of fraud at Near Ahluwalia Circle, Bengaluru Urban.",open,Bengaluru Urban,Bengaluru Urban East PS,"Near Ahluwalia Circle, Bengaluru Urban",12.9793,77.539,Insp. Sanaya Muni,2024,1,16
KAR/BEN/2024/0204,2024-08-28,18:46:00,assault,"Reported incident of assault at Near Nazareth Road, Bengaluru Urban.",open,Bengaluru Urban,Bengaluru Urban East PS,"Near Nazareth Road, Bengaluru Urban",13.0293,77.5575,Insp. Timothy Oak,2024,8,18
KAR/MAN/2024/0205,2024-08-22,03:59:00,hit_and_run,"Reported incident of hit and run at Near Iyer Ganj, Mandya.",open,Mandya,Mandya Rural PS,"Near Iyer Ganj, Mandya",12.5069,76.9331,Insp. Zaitra Shetty,2024,8,3
KAR/BEN/2024/0206,2024-10-06,04:08:00,vehicle_theft,"Reported incident of vehicle theft at Near Chaudhuri Nagar, Bengaluru Urban. Suspect vehicle noticed with plate KA-24-B-3358.",closed,Bengaluru Urban,Bengaluru Urban East PS,"Near Chaudhuri Nagar, Bengaluru Urban",13.0279,77.5188,Insp. Bishakha Pandey,2024,10,4
KAR/SHI/2024/0207,2024-11-21,08:13:00,vehicle_theft,"Reported incident of vehicle theft at Near Master Chowk, Shivamogga. Suspect vehicle noticed with plate KA-08-KA-5007.",under_investigation,Shivamogga,Shivamogga Suburban PS,"Near Master Chowk, Shivamogga",13.9564,75.6163,Insp. Mahika Loke,2024,11,8
KAR/HAS/2024/0208,2024-10-14,12:45:00,burglary,"Reported incident of burglary at Near Sane Path, Hassan.",under_investigation,Hassan,Hassan Market PS,"Near Sane Path, Hassan",13.049,76.1465,Insp. Ekapad Majumdar,2024,10,12
KAR/TUM/2024/0209,2025-05-01,20:32:00,robbery,"Reported incident of robbery at Near Khurana Street, Tumakuru. Suspect vehicle noticed with plate KA-35-KB-4328.",closed,Tumakuru,Tumakuru Town PS,"Near Khurana Street, Tumakuru",13.3943,77.0403,Insp. Jason Sankar,2025,5,20
KAR/BEL/2024/0210,2024-09-07,23:05:00,chain_snatching,"Reported incident of chain snatching at Near Raghavan Ganj, Belagavi. Suspect vehicle noticed with plate KA-30-N-6005.",under_investigation,Belagavi,Belagavi Traffic PS,"Near Raghavan Ganj, Belagavi",15.8049,74.4401,Insp. Nidra Chakraborty,2024,9,23
KAR/SHI/2024/0211,2024-11-19,08:09:00,vehicle_theft,"Reported incident of vehicle theft at Near Chaudry Zila, Shivamogga. Suspect vehicle noticed with plate KA-42-A-6620.",open,Shivamogga,Shivamogga Suburban PS,"Near Chaudry Zila, Shivamogga",13.908,75.6407,Insp. Krisha Bhattacharyya,2024,11,8
KAR/HUB/2024/0212,2025-01-07,01:28:00,cybercrime,"Reported incident of cybercrime at Near Srivastava Ganj, Hubballi-Dharwad.",open,Hubballi-Dharwad,Hubballi-Dharwad Rural PS,"Near Srivastava Ganj, Hubballi-Dharwad",15.3471,75.1371,Insp. Vaishnavi Khanna,2025,1,1
KAR/BEN/2024/0213,2024-04-10,13:10:00,fraud,"Reported incident of fraud at Near Madan Nagar, Bengaluru Urban.",under_investigation,Bengaluru Urban,Bengaluru Urban North PS,"Near Madan Nagar, Bengaluru Urban",12.9952,77.5556,Insp. Tristan Radhakrishnan,2024,4,13
KAR/BEN/2024/0214,2025-03-10,02:03:00,cybercrime,"Reported incident of cybercrime at Near Ramanathan Zila, Bengaluru Urban.",open,Bengaluru Urban,Bengaluru Urban North PS,"Near Ramanathan Zila, Bengaluru Urban",13.0137,77.5621,Insp. Anika Comar,2025,3,2
KAR/MYS/2024/0215,2025-04-08,15:55:00,fraud,"Reported incident of fraud at Near Parsa Chowk, Mysuru.",chargesheeted,Mysuru,Mysuru Central PS,"Near Parsa Chowk, Mysuru",12.2914,76.5895,Insp. Abhimanyu Bali,2025,4,15
KAR/BEN/2024/0216,2024-10-15,19:39:00,vehicle_theft,"Reported incident of vehicle theft at Near Dubey Nagar, Bengaluru Urban. Suspect vehicle noticed with plate KA-04-A-9066.",chargesheeted,Bengaluru Urban,Bengaluru Urban West PS,"Near Dubey Nagar, Bengaluru Urban",12.8846,77.5613,Insp. Ikbal Subramaniam,2024,10,19
KAR/HAS/2024/0217,2025-01-28,07:26:00,vehicle_theft,"Reported incident of vehicle theft at Near Sundaram Chowk, Hassan. Suspect vehicle noticed with plate KA-10-N-2530.",chargesheeted,Hassan,Hassan Rural PS,"Near Sundaram Chowk, Hassan",13.0746,76.0522,Insp. Manya Oak,2025,1,7
KAR/TUM/2024/0218,2024-12-21,21:13:00,burglary,"Reported incident of burglary at Near Sanghvi, Tumakuru.",under_investigation,Tumakuru,Tumakuru Traffic PS,"Near Sanghvi, Tumakuru",13.2805,77.0751,Insp. Falguni Om,2024,12,21
KAR/BID/2024/0219,2024-10-18,21:51:00,chain_snatching,"Reported incident of chain snatching at Near Barad Nagar, Bidar. Suspect vehicle noticed with plate KA-01-P-8343.",under_investigation,Bidar,Bidar Suburban PS,"Near Barad Nagar, Bidar",17.8912,77.4802,Insp. Faqid Sengupta,2024,10,21
KAR/VIJ/2024/0220,2025-03-27,01:21:00,assault,"Reported incident of assault at Near Kakar Path, Vijayapura.",closed,Vijayapura,Vijayapura Rural PS,"Near Kakar Path, Vijayapura",16.7787,75.667,Insp. Saksham Dube,2025,3,1
KAR/BEN/2024/0221,2024-08-11,19:11:00,drug_offence,"Reported incident of drug offence at Near Sridhar, Bengaluru Urban.",chargesheeted,Bengaluru Urban,Bengaluru Urban South PS,"Near Sridhar, Bengaluru Urban",13.03,77.5908,Insp. Peter Talwar,2024,8,19
KAR/BEN/2024/0222,2024-01-01,01:51:00,vehicle_theft,"Reported incident of vehicle theft at Near Atwal Marg, Bengaluru Rural. Suspect vehicle noticed with plate KA-42-KA-4880.",open,Bengaluru Rural,Bengaluru Rural Traffic PS,"Near Atwal Marg, Bengaluru Rural",13.1783,77.5903,Insp. Aarini Mody,2024,1,1
KAR/BEL/2024/0223,2024-10-21,09:21:00,assault,"Reported incident of assault at Near Buch Nagar, Belagavi.",under_investigation,Belagavi,Belagavi Town PS,"Near Buch Nagar, Belagavi",15.8169,74.5519,Insp. Vyanjana Kata,2024,10,9
KAR/BEN/2024/0224,2024-07-31,07:43:00,burglary,"Reported incident of burglary at Near Boase Marg, Bengaluru Urban.",under_investigation,Bengaluru Urban,Bengaluru Urban West PS,"Near Boase Marg, Bengaluru Urban",12.8687,77.5781,Insp. Leela Ramanathan,2024,7,7
KAR/BEN/2024/0225,2025-04-19,11:34:00,fraud,"Reported incident of fraud at Near Badal Ganj, Bengaluru Urban.",under_investigation,Bengaluru Urban,Bengaluru Urban North PS,"Near Badal Ganj, Bengaluru Urban",13.0039,77.5966,Insp. Frederick Choudhury,2025,4,11
KAR/BEN/2024/0226,2024-03-18,16:16:00,property_crime,"Reported incident of property crime at Near Patil, Bengaluru Urban.",under_investigation,Bengaluru Urban,Bengaluru Urban Traffic PS,"Near Patil, Bengaluru Urban",12.9784,77.559,Insp. Vyanjana Mand,2024,3,16
KAR/MAN/2024/0227,2024-02-23,14:57:00,fraud,"Reported incident of fraud at Near Divan Ganj, Mangaluru (Dakshina Kannada).",chargesheeted,Mangaluru (Dakshina Kannada),Mangaluru (Dakshina Kannada) Town PS,"Near Divan Ganj, Mangaluru (Dakshina Kannada)",12.8536,74.8363,Insp. Jackson Khosla,2024,2,14
KAR/BEN/2024/0228,2024-11-26,13:51:00,cybercrime,"Reported incident of cybercrime at Near Sibal Ganj, Bengaluru Urban.",under_investigation,Bengaluru Urban,Bengaluru Urban North PS,"Near Sibal Ganj, Bengaluru Urban",13.0374,77.5625,Insp. Arin Kari,2024,11,13
KAR/BEN/2024/0229,2025-03-17,21:57:00,fraud,"Reported incident of fraud at Near Apte Circle, Bengaluru Urban.",open,Bengaluru Urban,Bengaluru Urban Traffic PS,"Near Apte Circle, Bengaluru Urban",12.9699,77.6015,Insp. Dhruv Dixit,2025,3,21
KAR/MYS/2024/0230,2024-08-26,00:54:00,property_crime,"Reported incident of property crime at Near Bhargava Circle, Mysuru.",open,Mysuru,Mysuru West PS,"Near Bhargava Circle, Mysuru",12.3437,76.5724,Insp. Kritika Krishna,2024,8,0
KAR/RAI/2024/0231,2025-02-25,04:35:00,fraud,"Reported incident of fraud at Near Kunda Chowk, Raichur.",open,Raichur,Raichur Market PS,"Near Kunda Chowk, Raichur",16.2201,77.2882,Insp. Nimrat Mane,2025,2,4
KAR/HUB/2024/0232,2024-07-25,19:37:00,cybercrime,"Reported incident of cybercrime at Near Hegde Marg, Hubballi-Dharwad.",under_investigation,Hubballi-Dharwad,Hubballi-Dharwad Industrial PS,"Near Hegde Marg, Hubballi-Dharwad",15.3258,75.0944,Insp. Vrinda Sani,2024,7,19
KAR/RAI/2024/0233,2024-10-11,17:36:00,vehicle_theft,"Reported incident of vehicle theft at Near Swaminathan Zila, Raichur. Suspect vehicle noticed with plate KA-41-N-7677.",closed,Raichur,Raichur Industrial PS,"Near Swaminathan Zila, Raichur",16.1298,77.4095,Insp. Daniel Verma,2024,10,17
KAR/TUM/2024/0234,2024-08-24,13:19:00,burglary,"Reported incident of burglary at Near Doshi Road, Tumakuru.",under_investigation,Tumakuru,Tumakuru Industrial PS,"Near Doshi Road, Tumakuru",13.3699,77.0598,Insp. Dev Contractor,2024,8,13
KAR/DAV/2024/0235,2025-04-20,18:35:00,fraud,"Reported incident of fraud at Near Seshadri Ganj, Davangere.",open,Davangere,Davangere Town PS,"Near Seshadri Ganj, Davangere",14.498,75.9564,Insp. Gaurangi Gera,2025,4,18
KAR/BEN/2024/0236,2024-11-15,06:35:00,vehicle_theft,"Reported incident of vehicle theft at Near Patil Street, Bengaluru Urban. Suspect vehicle noticed with plate KA-49-A-1691.",under_investigation,Bengaluru Urban,Bengaluru Urban South PS,"Near Patil Street, Bengaluru Urban",12.9779,77.5844,Insp. Harinakshi Devi,2024,11,6
KAR/BAL/2024/0237,2025-01-10,10:42:00,drug_offence,"Reported incident of drug offence at Near Chaudhary Nagar, Ballari.",open,Ballari,Ballari Traffic PS,"Near Chaudhary Nagar, Ballari",15.0923,76.9542,Insp. Leela Johal,2025,1,10
KAR/HAS/2024/0238,2024-12-18,01:11:00,chain_snatching,"Reported incident of chain snatching at Near Balan Street, Hassan. Suspect vehicle noticed with plate KA-20-N-9344.",open,Hassan,Hassan Town PS,"Near Balan Street, Hassan",13.043,76.02,Insp. Kritika Mukherjee,2024,12,1
KAR/SHI/2024/0239,2024-08-19,01:17:00,fraud,"Reported incident of fraud at Near Pradhan Ganj, Shivamogga.",open,Shivamogga,Shivamogga Traffic PS,"Near Pradhan Ganj, Shivamogga",14.0236,75.6255,Insp. Saumya Chhabra,2024,8,1
KAR/BEN/2024/0240,2025-02-02,20:38:00,fraud,"Reported incident of fraud at Near Sandhu, Bengaluru Urban.",chargesheeted,Bengaluru Urban,Bengaluru Urban North PS,"Near Sandhu, Bengaluru Urban",13.0337,77.5726,Insp. Sneha Sathe,2025,2,20
KAR/HUB/2024/0241,2024-10-22,14:39:00,robbery,"Reported incident of robbery at Near Ghose Marg, Hubballi-Dharwad. Suspect vehicle noticed with plate KA-40-M-3235.",under_investigation,Hubballi-Dharwad,Hubballi-Dharwad Suburban PS,"Near Ghose Marg, Hubballi-Dharwad",15.3099,75.1156,Insp. Vansha Kala,2024,10,14
KAR/BAL/2024/0242,2024-11-19,19:40:00,robbery,"Reported incident of robbery at Near Gala Nagar, Ballari. Suspect vehicle noticed with plate KA-14-KB-2161.",open,Ballari,Ballari Town PS,"Near Gala Nagar, Ballari",15.0957,76.9802,Insp. Yauvani Bedi,2024,11,19
KAR/MAN/2024/0243,2024-08-26,21:03:00,vehicle_theft,"Reported incident of vehicle theft at Near Palan Path, Mandya. Suspect vehicle noticed with plate KA-49-KA-3980.",chargesheeted,Mandya,Mandya Suburban PS,"Near Palan Path, Mandya",12.5784,76.8935,Insp. Sudiksha Chauhan,2024,8,21
KAR/UDU/2024/0244,2024-12-14,09:46:00,cybercrime,"Reported incident of cybercrime at Near Kumar Zila, Udupi.",under_investigation,Udupi,Udupi Industrial PS,"Near Kumar Zila, Udupi",13.3109,74.7205,Insp. Alka Dasgupta,2024,12,9
KAR/RAI/2024/0245,2024-01-11,12:46:00,fraud,"Reported incident of fraud at Near Amble Path, Raichur.",under_investigation,Raichur,Raichur Rural PS,"Near Amble Path, Raichur",16.2551,77.3341,Insp. Jagat Shanker,2024,1,12
KAR/MAN/2024/0246,2025-05-13,03:21:00,assault,"Reported incident of assault at Near Golla Path, Mandya.",chargesheeted,Mandya,Mandya Town PS,"Near Golla Path, Mandya",12.4978,76.974,Insp. Guneet Kar,2025,5,3
KAR/DAV/2024/0247,2024-11-07,14:06:00,burglary,"Reported incident of burglary at Near Taneja Zila, Davangere.",under_investigation,Davangere,Davangere Suburban PS,"Near Taneja Zila, Davangere",14.5352,75.9736,Insp. Ranbir Arora,2024,11,14
KAR/BEN/2024/0248,2024-11-18,04:00:00,chain_snatching,"Reported incident of chain snatching at Near Menon Street, Bengaluru Urban. Suspect vehicle noticed with plate KA-32-A-6207.",open,Bengaluru Urban,Bengaluru Urban South PS,"Near Menon Street, Bengaluru Urban",13.0294,77.5973,Insp. Manan Mohan,2024,11,4
KAR/RAI/2024/0249,2024-10-16,00:34:00,vehicle_theft,"Reported incident of vehicle theft at Near Vohra Ganj, Raichur. Suspect vehicle noticed with plate KA-53-M-2248.",closed,Raichur,Raichur Market PS,"Near Vohra Ganj, Raichur",16.2421,77.2745,Insp. Sarthak Mittal,2024,10,0
KAR/MAN/2024/0250,2024-09-06,16:21:00,vehicle_theft,"Reported incident of vehicle theft at Near Toor Chowk, Mandya. Suspect vehicle noticed with plate KA-41-P-1296.",open,Mandya,Mandya Market PS,"Near Toor Chowk, Mandya",12.6208,76.8199,Insp. Vinaya Balasubramanian,2024,9,16
KAR/KOL/2024/0251,2024-02-07,12:06:00,fraud,"Reported incident of fraud at Near Bava Street, Kolar.",chargesheeted,Kolar,Kolar Rural PS,"Near Bava Street, Kolar",13.1596,78.2046,Insp. Ikbal Kara,2024,2,12
KAR/MYS/2024/0252,2024-06-15,03:14:00,hit_and_run,"Reported incident of hit and run at Near Vyas Circle, Mysuru.",under_investigation,Mysuru,Mysuru East PS,"Near Vyas Circle, Mysuru",12.2575,76.7343,Insp. Dev Bali,2024,6,3
KAR/BEN/2024/0253,2024-09-23,22:18:00,eve_teasing,"Reported incident of eve teasing at Near Suresh Marg, Bengaluru Urban.",under_investigation,Bengaluru Urban,Bengaluru Urban West PS,"Near Suresh Marg, Bengaluru Urban",12.9248,77.5774,Insp. Arjun Narasimhan,2024,9,22
KAR/BEN/2024/0254,2024-05-14,06:47:00,vehicle_theft,"Reported incident of vehicle theft at Near Venkatesh Nagar, Bengaluru Urban. Suspect vehicle noticed with plate KA-15-N-3077.",under_investigation,Bengaluru Urban,Bengaluru Urban West PS,"Near Venkatesh Nagar, Bengaluru Urban",12.8852,77.5951,Insp. Rachana Bhagat,2024,5,6
KAR/BEN/2024/0255,2025-01-17,02:12:00,vehicle_theft,"Reported incident of vehicle theft at Near Ghosh Marg, Bengaluru Urban. Suspect vehicle noticed with plate KA-33-N-5575.",open,Bengaluru Urban,Bengaluru Urban North PS,"Near Ghosh Marg, Bengaluru Urban",12.9799,77.6013,Insp. David Pandey,2025,1,2
KAR/VIJ/2024/0256,2024-10-26,17:54:00,vehicle_theft,"Reported incident of vehicle theft at Near Mane, Vijayapura. Suspect vehicle noticed with plate KA-16-N-4399.",under_investigation,Vijayapura,Vijayapura Town PS,"Near Mane, Vijayapura",16.7849,75.7644,Insp. Zansi Yogi,2024,10,17
KAR/CHI/2024/0257,2024-01-14,17:20:00,property_crime,"Reported incident of property crime at Near Srinivasan, Chikkamagaluru.",open,Chikkamagaluru,Chikkamagaluru Market PS,"Near Srinivasan, Chikkamagaluru",13.3212,75.6858,Insp. Hemang Chopra,2024,1,17
KAR/MAN/2024/0258,2025-05-16,01:25:00,assault,"Reported incident of assault at Near Grover Road, Mandya.",open,Mandya,Mandya Suburban PS,"Near Grover Road, Mandya",12.5574,76.8734,Insp. Samuel Rana,2025,5,1
KAR/BEN/2024/0259,2024-08-12,01:28:00,burglary,"Reported incident of burglary at Near Khosla, Bengaluru Urban.",open,Bengaluru Urban,Bengaluru Urban Traffic PS,"Near Khosla, Bengaluru Urban",13.0136,77.5865,Insp. Bhavika Mani,2024,8,1
KAR/MYS/2024/0260,2024-12-25,20:26:00,chain_snatching,"Reported incident of chain snatching at Near Saraf Circle, Mysuru. Suspect vehicle noticed with plate KA-50-A-2937.",open,Mysuru,Mysuru South PS,"Near Saraf Circle, Mysuru",12.3316,76.6304,Insp. Tanay Bahl,2024,12,20
KAR/MAN/2024/0261,2025-01-16,23:05:00,chain_snatching,"Reported incident of chain snatching at Near Dyal Street, Mandya. Suspect vehicle noticed with plate KA-22-P-5563.",chargesheeted,Mandya,Mandya Industrial PS,"Near Dyal Street, Mandya",12.4941,76.9326,Insp. Isaiah Bhasin,2025,1,23
KAR/CHI/2024/0262,2024-01-19,15:46:00,cybercrime,"Reported incident of cybercrime at Near Kashyap Nagar, Chikkamagaluru.",chargesheeted,Chikkamagaluru,Chikkamagaluru Traffic PS,"Near Kashyap Nagar, Chikkamagaluru",13.2787,75.7323,Insp. Jairaj Savant,2024,1,15
KAR/BEN/2024/0263,2024-12-10,07:31:00,vehicle_theft,"Reported incident of vehicle theft at Near Bali Zila, Bengaluru Urban. Suspect vehicle noticed with plate KA-28-KB-3516.",chargesheeted,Bengaluru Urban,Bengaluru Urban Traffic PS,"Near Bali Zila, Bengaluru Urban",13.0065,77.545,Insp. Saksham Sha,2024,12,7
KAR/RAI/2024/0264,2024-11-26,03:55:00,vehicle_theft,"Reported incident of vehicle theft at Near Chaudry Zila, Raichur. Suspect vehicle noticed with plate KA-44-B-4557.",under_investigation,Raichur,Raichur Traffic PS,"Near Chaudry Zila, Raichur",16.2109,77.3151,Insp. Zilmil Kurian,2024,11,3
KAR/BID/2024/0265,2024-12-11,13:17:00,vehicle_theft,"Reported incident of vehicle theft at Near Chada Marg, Bidar. Suspect vehicle noticed with plate KA-31-KA-4744.",under_investigation,Bidar,Bidar Traffic PS,"Near Chada Marg, Bidar",18.0052,77.4664,Insp. Jason Balakrishnan,2024,12,13
KAR/BEN/2024/0266,2024-01-26,06:15:00,cybercrime,"Reported incident of cybercrime at Near Roy Street, Bengaluru Urban.",open,Bengaluru Urban,Bengaluru Urban East PS,"Near Roy Street, Bengaluru Urban",12.9983,77.5721,Insp. Gautami Deshpande,2024,1,6
KAR/VIJ/2024/0267,2024-11-21,02:26:00,vehicle_theft,"Reported incident of vehicle theft at Near Khurana Chowk, Vijayapura. Suspect vehicle noticed with plate KA-22-M-5264.",chargesheeted,Vijayapura,Vijayapura Market PS,"Near Khurana Chowk, Vijayapura",16.867,75.6666,Insp. Gagan Swaminathan,2024,11,2
KAR/DAV/2024/0268,2025-05-09,07:08:00,fraud,"Reported incident of fraud at Near Narasimhan Street, Davangere.",open,Davangere,Davangere Traffic PS,"Near Narasimhan Street, Davangere",14.5231,75.8966,Insp. Upkaar Kurian,2025,5,7
KAR/VIJ/2024/0269,2024-11-23,22:59:00,kidnapping,"Reported incident of kidnapping at Near Srinivasan Road, Vijayapura.",open,Vijayapura,Vijayapura Suburban PS,"Near Srinivasan Road, Vijayapura",16.8151,75.6747,Insp. Naveen Rajagopal,2024,11,22
KAR/BEN/2024/0270,2024-10-17,09:24:00,fraud,"Reported incident of fraud at Near Rout Road, Bengaluru Urban.",chargesheeted,Bengaluru Urban,Bengaluru Urban North PS,"Near Rout Road, Bengaluru Urban",13.0245,77.5919,Insp. Sathvik Apte,2024,10,9
KAR/BEN/2024/0271,2024-12-02,02:55:00,vehicle_theft,"Reported incident of vehicle theft at Near Ravel Street, Bengaluru Urban. Suspect vehicle noticed with plate KA-07-KB-4688.",under_investigation,Bengaluru Urban,Bengaluru Urban North PS,"Near Ravel Street, Bengaluru Urban",13.0199,77.5769,Insp. Yasti Bawa,2024,12,2
KAR/VIJ/2024/0272,2025-02-02,20:54:00,fraud,"Reported incident of fraud at Near Bajwa Path, Vijayapura.",open,Vijayapura,Vijayapura Rural PS,"Near Bajwa Path, Vijayapura",16.7827,75.672,Insp. Yadavi Hayre,2025,2,20
KAR/BEN/2024/0273,2024-06-05,09:19:00,assault,"Reported incident of assault at Near Soman, Bengaluru Urban.",under_investigation,Bengaluru Urban,Bengaluru Urban West PS,"Near Soman, Bengaluru Urban",12.9016,77.5621,Insp. Yashasvi Chaudry,2024,6,9
KAR/VIJ/2024/0274,2024-07-13,19:24:00,eve_teasing,"Reported incident of eve teasing at Near Garg Circle, Vijayapura.",under_investigation,Vijayapura,Vijayapura Town PS,"Near Garg Circle, Vijayapura",16.7875,75.7536,Insp. Aadhya Kala,2024,7,19
KAR/BEN/2024/0275,2025-01-03,16:48:00,vehicle_theft,"Reported incident of vehicle theft at Near Bakshi Street, Bengaluru Urban. Suspect vehicle noticed with plate KA-03-P-1189.",chargesheeted,Bengaluru Urban,Bengaluru Urban West PS,"Near Bakshi Street, Bengaluru Urban",12.886,77.5902,Insp. Victor Butala,2025,1,16
KAR/BEN/2024/0276,2024-07-04,13:28:00,drug_offence,"Reported incident of drug offence at Near Badal Path, Bengaluru Urban.",open,Bengaluru Urban,Bengaluru Urban North PS,"Near Badal Path, Bengaluru Urban",13.0262,77.5994,Insp. Nandini Rao,2024,7,13
KAR/DAV/2024/0277,2025-04-10,10:51:00,assault,"Reported incident of assault at Near Kapoor Marg, Davangere.",open,Davangere,Davangere Suburban PS,"Near Kapoor Marg, Davangere",14.5735,75.9569,Insp. Vihaan Korpal,2025,4,10
KAR/DAV/2024/0278,2024-08-29,06:17:00,fraud,"Reported incident of fraud at Near Sabharwal Nagar, Davangere.",under_investigation,Davangere,Davangere Rural PS,"Near Sabharwal Nagar, Davangere",14.5518,75.9588,Insp. Upma Kurian,2024,8,6
KAR/UDU/2024/0279,2024-01-10,18:44:00,hit_and_run,"Reported incident of hit and run at Near Ranganathan Street, Udupi.",open,Udupi,Udupi Industrial PS,"Near Ranganathan Street, Udupi",13.3103,74.7388,Insp. Tamanna Ratti,2024,1,18
KAR/SHI/2024/0280,2024-04-02,16:26:00,fraud,"Reported incident of fraud at Near Konda Zila, Shivamogga.",open,Shivamogga,Shivamogga Suburban PS,"Near Konda Zila, Shivamogga",13.9234,75.6391,Insp. Lopa Chawla,2024,4,16
KAR/KOL/2024/0281,2024-03-18,17:09:00,robbery,"Reported incident of robbery at Near Bose Zila, Kolar. Suspect vehicle noticed with plate KA-15-KB-9404.",open,Kolar,Kolar Market PS,"Near Bose Zila, Kolar",13.0465,78.0829,Insp. Mitesh Tailor,2024,3,17
KAR/BEN/2024/0282,2024-10-03,08:24:00,robbery,"Reported incident of robbery at Near Sarkar Circle, Bengaluru Urban. Suspect vehicle noticed with plate KA-05-N-2287.",under_investigation,Bengaluru Urban,Bengaluru Urban North PS,"Near Sarkar Circle, Bengaluru Urban",13.0318,77.5692,Insp. Bhavika Bal,2024,10,8
KAR/BEN/2024/0283,2024-06-07,02:32:00,cybercrime,"Reported incident of cybercrime at Near Mittal Nagar, Bengaluru Urban.",open,Bengaluru Urban,Bengaluru Urban Central PS,"Near Mittal Nagar, Bengaluru Urban",12.9668,77.641,Insp. Lakshit Shah,2024,6,2
KAR/DAV/2024/0284,2025-04-25,11:26:00,fraud,"Reported incident of fraud at Near Sabharwal Path, Davangere.",open,Davangere,Davangere Suburban PS,"Near Sabharwal Path, Davangere",14.5674,75.9595,Insp. Aditya Raja,2025,4,11
KAR/BEN/2024/0285,2024-11-06,16:56:00,chain_snatching,"Reported incident of chain snatching at Near Sanghvi Nagar, Bengaluru Urban. Suspect vehicle noticed with plate KA-19-M-7366.",closed,Bengaluru Urban,Bengaluru Urban Traffic PS,"Near Sanghvi Nagar, Bengaluru Urban",13.0036,77.5865,Insp. Vasana Virk,2024,11,16
KAR/BAL/2024/0286,2025-05-03,01:25:00,kidnapping,"Reported incident of kidnapping at Near Nadig Nagar, Ballari.",open,Ballari,Ballari Suburban PS,"Near Nadig Nagar, Ballari",15.1786,76.8382,Insp. Damyanti Tak,2025,5,1
KAR/BEN/2024/0287,2025-02-04,03:20:00,burglary,"Reported incident of burglary at Near Barman Circle, Bengaluru Urban.",open,Bengaluru Urban,Bengaluru Urban South PS,"Near Barman Circle, Bengaluru Urban",13.001,77.5426,Insp. Bina Bhasin,2025,2,3
KAR/BEN/2024/0288,2024-05-08,18:22:00,fraud,"Reported incident of fraud at Near Dara Road, Bengaluru Urban.",open,Bengaluru Urban,Bengaluru Urban Traffic PS,"Near Dara Road, Bengaluru Urban",12.9705,77.5432,Insp. Matthew Kant,2024,5,18
KAR/VIJ/2024/0289,2025-03-16,14:44:00,cybercrime,"Reported incident of cybercrime at Near Murty Path, Vijayapura.",under_investigation,Vijayapura,Vijayapura Market PS,"Near Murty Path, Vijayapura",16.8643,75.6577,Insp. Sai Borra,2025,3,14
KAR/RAI/2024/0290,2025-04-12,05:04:00,burglary,"Reported incident of burglary at Near Chandran, Raichur.",under_investigation,Raichur,Raichur Town PS,"Near Chandran, Raichur",16.2125,77.3262,Insp. Rudra Andra,2025,4,5
KAR/KAL/2024/0291,2024-05-16,11:32:00,assault,"Reported incident of assault at Near Nagy Ganj, Kalaburagi.",chargesheeted,Kalaburagi,Kalaburagi Suburban PS,"Near Nagy Ganj, Kalaburagi",17.2747,76.9256,Insp. Madhavi Lal,2024,5,11
KAR/DAV/2024/0292,2025-01-08,10:44:00,robbery,"Reported incident of robbery at Near Wagle Chowk, Davangere. Suspect vehicle noticed with plate KA-49-KB-1697.",under_investigation,Davangere,Davangere Market PS,"Near Wagle Chowk, Davangere",14.5347,75.8852,Insp. Bhavya Ahluwalia,2025,1,10
KAR/TUM/2024/0293,2024-11-11,15:34:00,chain_snatching,"Reported incident of chain snatching at Near Basak Zila, Tumakuru. Suspect vehicle noticed with plate KA-55-KB-5647.",under_investigation,Tumakuru,Tumakuru Traffic PS,"Near Basak Zila, Tumakuru",13.3118,77.0637,Insp. Hredhaan Prasad,2024,11,15
KAR/HAS/2024/0294,2024-08-03,05:55:00,eve_teasing,"Reported incident of eve teasing at Near Sinha Zila, Hassan.",under_investigation,Hassan,Hassan Industrial PS,"Near Sinha Zila, Hassan",13.0157,76.1303,Insp. Gaurangi Balan,2024,8,5
KAR/KAL/2024/0295,2024-04-05,15:46:00,property_crime,"Reported incident of property crime at Near Chhabra, Kalaburagi.",open,Kalaburagi,Kalaburagi Rural PS,"Near Chhabra, Kalaburagi",17.292,76.8549,Insp. Devika Varkey,2024,4,15
KAR/BEN/2024/0296,2024-11-09,19:40:00,eve_teasing,"Reported incident of eve teasing at Near Narasimhan Street, Bengaluru Rural.",open,Bengaluru Rural,Bengaluru Rural East PS,"Near Narasimhan Street, Bengaluru Rural",13.2577,77.5612,Insp. Abeer Doctor,2024,11,19
KAR/MAN/2024/0297,2025-05-11,03:32:00,drug_offence,"Reported incident of drug offence at Near Batta Marg, Mangaluru (Dakshina Kannada).",open,Mangaluru (Dakshina Kannada),Mangaluru (Dakshina Kannada) Traffic PS,"Near Batta Marg, Mangaluru (Dakshina Kannada)",12.8785,74.8864,Insp. Mason Upadhyay,2025,5,3
KAR/BEN/2024/0298,2024-09-10,06:55:00,cybercrime,"Reported incident of cybercrime at Near Dube Circle, Bengaluru Urban.",open,Bengaluru Urban,Bengaluru Urban North PS,"Near Dube Circle, Bengaluru Urban",13.007,77.6132,Insp. Jeremiah Ahluwalia,2024,9,6
KAR/BEN/2024/0299,2024-07-14,23:11:00,chain_snatching,"Reported incident of chain snatching at Near Varkey Path, Bengaluru Urban. Suspect vehicle noticed with plate KA-22-KB-6444.",open,Bengaluru Urban,Bengaluru Urban Central PS,"Near Varkey Path, Bengaluru Urban",12.9992,77.64,Insp. Bishakha Nair,2024,7,23
KAR/BEN/2024/0300,2024-08-07,08:03:00,cybercrime,"Reported incident of cybercrime at Near Datta Street, Bengaluru Urban.",open,Bengaluru Urban,Bengaluru Urban Traffic PS,"Near Datta Street, Bengaluru Urban",12.9731,77.5949,Insp. Vyanjana Kakar,2024,8,8
KAR/BEL/2024/0301,2024-11-27,02:24:00,vehicle_theft,"Reported incident of vehicle theft at Near Sane Nagar, Belagavi. Suspect vehicle noticed with plate KA-24-KA-7538.",closed,Belagavi,Belagavi Market PS,"Near Sane Nagar, Belagavi",15.8622,74.4377,Insp. Abdul Ray,2024,11,2
KAR/DAV/2024/0302,2024-07-20,15:46:00,fraud,"Reported incident of fraud at Near Chowdhury Marg, Davangere.",under_investigation,Davangere,Davangere Traffic PS,"Near Chowdhury Marg, Davangere",14.5196,75.9109,Insp. Azad Nagi,2024,7,15
KAR/MYS/2024/0303,2024-09-01,00:25:00,fraud,"Reported incident of fraud at Near Sane, Mysuru.",open,Mysuru,Mysuru East PS,"Near Sane, Mysuru",12.2321,76.6898,Insp. Omya Bava,2024,9,0
KAR/BEN/2024/0304,2024-04-13,20:03:00,hit_and_run,"Reported incident of hit and run at Near Buch Zila, Bengaluru Urban.",open,Bengaluru Urban,Bengaluru Urban Central PS,"Near Buch Zila, Bengaluru Urban",12.9876,77.6135,Insp. Devansh Arora,2024,4,20
KAR/BAL/2024/0305,2024-12-15,09:31:00,cybercrime,"Reported incident of cybercrime at Near Shankar, Ballari.",open,Ballari,Ballari Traffic PS,"Near Shankar, Ballari",15.0868,76.9717,Insp. Henry Bhardwaj,2024,12,9
KAR/BEN/2024/0306,2025-05-05,01:29:00,eve_teasing,"Reported incident of eve teasing at Near Memon Ganj, Bengaluru Urban.",chargesheeted,Bengaluru Urban,Bengaluru Urban West PS,"Near Memon Ganj, Bengaluru Urban",12.8864,77.5694,Insp. Yachana Chaudhuri,2025,5,1
KAR/BEN/2024/0307,2024-08-25,19:54:00,burglary,"Reported incident of burglary at Near Mody Marg, Bengaluru Rural.",open,Bengaluru Rural,Bengaluru Rural North PS,"Near Mody Marg, Bengaluru Rural",13.2545,77.5415,Insp. Nathan Garg,2024,8,19
KAR/MAN/2024/0308,2024-01-22,23:10:00,drug_offence,"Reported incident of drug offence at Near Mitra Marg, Mangaluru (Dakshina Kannada).",open,Mangaluru (Dakshina Kannada),Mangaluru (Dakshina Kannada) Industrial PS,"Near Mitra Marg, Mangaluru (Dakshina Kannada)",12.9655,74.8638,Insp. Qadim Rajagopalan,2024,1,23
KAR/TUM/2024/0309,2024-08-11,09:20:00,vehicle_theft,"Reported incident of vehicle theft at Near Salvi, Tumakuru. Suspect vehicle noticed with plate KA-44-KB-5080.",under_investigation,Tumakuru,Tumakuru Town PS,"Near Salvi, Tumakuru",13.384,77.0803,Insp. Darsh Ganguly,2024,8,9
KAR/BEN/2024/0310,2025-01-15,01:33:00,vehicle_theft,"Reported incident of vehicle theft at Near Mitra Chowk, Bengaluru Urban. Suspect vehicle noticed with plate KA-06-KA-3277.",under_investigation,Bengaluru Urban,Bengaluru Urban South PS,"Near Mitra Chowk, Bengaluru Urban",12.9794,77.5942,Insp. Lila Issac,2025,1,1
KAR/MYS/2024/0311,2024-07-12,07:27:00,burglary,"Reported incident of burglary at Near Jhaveri, Mysuru.",open,Mysuru,Mysuru North PS,"Near Jhaveri, Mysuru",12.3607,76.6771,Insp. Falak Varghese,2024,7,7
KAR/MYS/2024/0312,2025-02-27,06:56:00,drug_offence,"Reported incident of drug offence at Near Bobal Ganj, Mysuru.",open,Mysuru,Mysuru Traffic PS,"Near Bobal Ganj, Mysuru",12.3559,76.5893,Insp. Upma Srinivas,2025,2,6
KAR/UDU/2024/0313,2024-01-22,03:00:00,cybercrime,"Reported incident of cybercrime at Near Wason Nagar, Udupi.",under_investigation,Udupi,Udupi Rural PS,"Near Wason Nagar, Udupi",13.3951,74.6542,Insp. Peter Doshi,2024,1,3
KAR/VIJ/2024/0314,2024-02-06,04:45:00,chain_snatching,"Reported incident of chain snatching at Near Kalla Street, Vijayapura. Suspect vehicle noticed with plate KA-44-A-9599.",open,Vijayapura,Vijayapura Traffic PS,"Near Kalla Street, Vijayapura",16.7969,75.6646,Insp. Indali Pandya,2024,2,4
KAR/CHI/2024/0315,2024-01-10,03:15:00,fraud,"Reported incident of fraud at Near Banerjee Street, Chikkamagaluru.",open,Chikkamagaluru,Chikkamagaluru Suburban PS,"Near Banerjee Street, Chikkamagaluru",13.326,75.8084,Insp. Finn Karpe,2024,1,3
KAR/SHI/2024/0316,2024-11-23,13:52:00,hit_and_run,"Reported incident of hit and run at Near Ravi, Shivamogga.",under_investigation,Shivamogga,Shivamogga Suburban PS,"Near Ravi, Shivamogga",13.9177,75.6691,Insp. Zinal Goyal,2024,11,13
KAR/SHI/2024/0317,2025-05-02,02:25:00,burglary,"Reported incident of burglary at Near Dara Road, Shivamogga.",under_investigation,Shivamogga,Shivamogga Market PS,"Near Dara Road, Shivamogga",13.9436,75.6187,Insp. Kashvi Nath,2025,5,2
KAR/KOL/2024/0318,2024-10-12,07:21:00,burglary,"Reported incident of burglary at Near Garde Marg, Kolar.",under_investigation,Kolar,Kolar Industrial PS,"Near Garde Marg, Kolar",13.2225,78.0737,Insp. Netra D’Alia,2024,10,7
KAR/BEN/2024/0319,2024-02-22,08:23:00,chain_snatching,"Reported incident of chain snatching at Near Nadig Nagar, Bengaluru Urban. Suspect vehicle noticed with plate KA-36-P-8096.",open,Bengaluru Urban,Bengaluru Urban North PS,"Near Nadig Nagar, Bengaluru Urban",13.0064,77.5756,Insp. Azad Yadav,2024,2,8
KAR/BEN/2024/0320,2025-05-19,18:02:00,hit_and_run,"Reported incident of hit and run at Near Keer Zila, Bengaluru Urban.",under_investigation,Bengaluru Urban,Bengaluru Urban West PS,"Near Keer Zila, Bengaluru Urban",12.9231,77.5544,Insp. Chasmum Mallick,2025,5,18
KAR/UDU/2024/0321,2024-02-28,07:01:00,drug_offence,"Reported incident of drug offence at Near Dyal Chowk, Udupi.",chargesheeted,Udupi,Udupi Industrial PS,"Near Dyal Chowk, Udupi",13.3526,74.7047,Insp. Yagnesh Mall,2024,2,7
KAR/KOP/2024/0322,2025-01-09,18:51:00,burglary,"Reported incident of burglary at Near Khurana Zila, Koppal.",under_investigation,Koppal,Koppal Suburban PS,"Near Khurana Zila, Koppal",15.288,76.1118,Insp. Yashica Hayre,2025,1,18
KAR/BEN/2024/0323,2024-10-03,22:47:00,vehicle_theft,"Reported incident of vehicle theft at Near Bedi Ganj, Bengaluru Urban. Suspect vehicle noticed with plate KA-41-M-6914.",open,Bengaluru Urban,Bengaluru Urban South PS,"Near Bedi Ganj, Bengaluru Urban",12.9998,77.5986,Insp. Samar Rama,2024,10,22
KAR/RAI/2024/0324,2024-10-11,04:07:00,chain_snatching,"Reported incident of chain snatching at Near Buch Nagar, Raichur. Suspect vehicle noticed with plate KA-43-M-8648.",under_investigation,Raichur,Raichur Traffic PS,"Near Buch Nagar, Raichur",16.2313,77.3695,Insp. Aryan Khanna,2024,10,4
KAR/BEN/2024/0325,2024-10-05,18:52:00,cybercrime,"Reported incident of cybercrime at Near Dutt Ganj, Bengaluru Urban.",open,Bengaluru Urban,Bengaluru Urban Central PS,"Near Dutt Ganj, Bengaluru Urban",12.9771,77.6521,Insp. Omya Chander,2024,10,18
KAR/BEN/2024/0326,2024-05-04,00:23:00,cybercrime,"Reported incident of cybercrime at Near Edwin Marg, Bengaluru Urban.",under_investigation,Bengaluru Urban,Bengaluru Urban Traffic PS,"Near Edwin Marg, Bengaluru Urban",12.9897,77.5694,Insp. Pranit Pandya,2024,5,0
KAR/BEL/2024/0327,2025-05-28,10:07:00,chain_snatching,"Reported incident of chain snatching at Near Dar Street, Belagavi. Suspect vehicle noticed with plate KA-33-A-2879.",open,Belagavi,Belagavi Town PS,"Near Dar Street, Belagavi",15.8053,74.5144,Insp. Manan Sridhar,2025,5,10
KAR/MAN/2024/0328,2024-07-05,01:44:00,property_crime,"Reported incident of property crime at Near Sarkar, Mangaluru (Dakshina Kannada).",under_investigation,Mangaluru (Dakshina Kannada),Mangaluru (Dakshina Kannada) Suburban PS,"Near Sarkar, Mangaluru (Dakshina Kannada)",12.9638,74.8582,Insp. Ekalinga Nagar,2024,7,1
KAR/BID/2024/0329,2024-10-13,08:12:00,murder,"Reported incident of murder at Near Bajwa Marg, Bidar.",under_investigation,Bidar,Bidar Rural PS,"Near Bajwa Marg, Bidar",17.9827,77.4973,Insp. Aadhya Barman,2024,10,8
KAR/KAL/2024/0330,2025-06-01,13:09:00,hit_and_run,"Reported incident of hit and run at Near Murty Circle, Kalaburagi.",open,Kalaburagi,Kalaburagi Rural PS,"Near Murty Circle, Kalaburagi",17.2926,76.8235,Insp. Lohit Lall,2025,6,13
KAR/BEN/2024/0331,2024-12-24,07:59:00,chain_snatching,"Reported incident of chain snatching at Near Upadhyay Marg, Bengaluru Urban. Suspect vehicle noticed with plate KA-40-A-9534.",chargesheeted,Bengaluru Urban,Bengaluru Urban Traffic PS,"Near Upadhyay Marg, Bengaluru Urban",12.9646,77.591,Insp. Omaja Ben,2024,12,7
KAR/RAI/2024/0332,2024-10-16,12:47:00,burglary,"Reported incident of burglary at Near Oommen, Raichur.",under_investigation,Raichur,Raichur Rural PS,"Near Oommen, Raichur",16.2098,77.3162,Insp. Ekantika Ghosh,2024,10,12
KAR/BEN/2024/0333,2024-09-07,19:18:00,burglary,"Reported incident of burglary at Near Gara Chowk, Bengaluru Urban.",open,Bengaluru Urban,Bengaluru Urban South PS,"Near Gara Chowk, Bengaluru Urban",12.9849,77.5628,Insp. Aayush Nazareth,2024,9,19
KAR/BAL/2024/0334,2024-10-27,23:09:00,fraud,"Reported incident of fraud at Near Ranganathan Street, Ballari.",open,Ballari,Ballari Market PS,"Near Ranganathan Street, Ballari",15.1632,76.8536,Insp. Charvi Prakash,2024,10,23
KAR/HAS/2024/0335,2024-10-07,09:14:00,burglary,"Reported incident of burglary at Near Ramachandran Circle, Hassan.",closed,Hassan,Hassan Rural PS,"Near Ramachandran Circle, Hassan",13.0495,76.0686,Insp. Mohammed Ravi,2024,10,9
KAR/BEN/2024/0336,2025-02-10,19:44:00,burglary,"Reported incident of burglary at Near Gola Path, Bengaluru Urban.",under_investigation,Bengaluru Urban,Bengaluru Urban East PS,"Near Gola Path, Bengaluru Urban",13.0341,77.5193,Insp. Gopal Chhabra,2025,2,19
KAR/RAI/2024/0337,2025-03-03,17:07:00,fraud,"Reported incident of fraud at Near Chanda Ganj, Raichur.",open,Raichur,Raichur Traffic PS,"Near Chanda Ganj, Raichur",16.2523,77.3406,Insp. Wyatt Randhawa,2025,3,17
KAR/BEN/2024/0338,2025-01-22,05:47:00,vehicle_theft,"Reported incident of vehicle theft at Near Chopra Marg, Bengaluru Urban. Suspect vehicle noticed with plate KA-42-P-6725.",under_investigation,Bengaluru Urban,Bengaluru Urban South PS,"Near Chopra Marg, Bengaluru Urban",12.9959,77.5725,Insp. Pranit Kakar,2025,1,5
KAR/MAN/2024/0339,2025-01-04,12:07:00,domestic_violence,"Reported incident of domestic violence at Near Viswanathan Marg, Mangaluru (Dakshina Kannada).",open,Mangaluru (Dakshina Kannada),Mangaluru (Dakshina Kannada) Rural PS,"Near Viswanathan Marg, Mangaluru (Dakshina Kannada)",12.876,74.8699,Insp. Chanchal Garg,2025,1,12
KAR/MYS/2024/0340,2024-04-14,16:14:00,robbery,"Reported incident of robbery at Near Khosla Zila, Mysuru. Suspect vehicle noticed with plate KA-20-P-1405.",chargesheeted,Mysuru,Mysuru Central PS,"Near Khosla Zila, Mysuru",12.2791,76.6158,Insp. Ishita Das,2024,4,16
KAR/BEN/2024/0341,2024-10-21,18:29:00,vehicle_theft,"Reported incident of vehicle theft at Near Misra Chowk, Bengaluru Urban. Suspect vehicle noticed with plate KA-01-M-4175.",open,Bengaluru Urban,Bengaluru Urban Traffic PS,"Near Misra Chowk, Bengaluru Urban",12.968,77.5681,Insp. Chameli Cheema,2024,10,18
KAR/BEN/2024/0342,2024-03-11,23:41:00,assault,"Reported incident of assault at Near Iyer Ganj, Bengaluru Urban.",open,Bengaluru Urban,Bengaluru Urban Central PS,"Near Iyer Ganj, Bengaluru Urban",12.9867,77.6478,Insp. Madhavi Jani,2024,3,23
KAR/MAN/2024/0343,2024-12-23,00:21:00,cybercrime,"Reported incident of cybercrime at Near Babu, Mandya.",open,Mandya,Mandya Suburban PS,"Near Babu, Mandya",12.5831,76.8894,Insp. Christopher Walia,2024,12,0
KAR/MAN/2024/0344,2024-04-17,21:44:00,eve_teasing,"Reported incident of eve teasing at Near Narang Path, Mangaluru (Dakshina Kannada).",open,Mangaluru (Dakshina Kannada),Mangaluru (Dakshina Kannada) Suburban PS,"Near Narang Path, Mangaluru (Dakshina Kannada)",13.0114,74.8591,Insp. Varenya Naik,2024,4,21
KAR/KOP/2024/0345,2024-05-15,13:03:00,murder,"Reported incident of murder at Near Modi Road, Koppal.",under_investigation,Koppal,Koppal Suburban PS,"Near Modi Road, Koppal",15.3049,76.1199,Insp. Timothy Chad,2024,5,13
KAR/VIJ/2024/0346,2024-11-19,04:00:00,assault,"Reported incident of assault at Near Bora Nagar, Vijayapura.",under_investigation,Vijayapura,Vijayapura Suburban PS,"Near Bora Nagar, Vijayapura",16.7931,75.7138,Insp. Ikbal Hayre,2024,11,4
KAR/BEN/2024/0347,2025-05-17,21:14:00,fraud,"Reported incident of fraud at Near Anne Zila, Bengaluru Urban.",under_investigation,Bengaluru Urban,Bengaluru Urban North PS,"Near Anne Zila, Bengaluru Urban",13.034,77.5649,Insp. Gautam Narang,2025,5,21
KAR/SHI/2024/0348,2024-10-16,13:05:00,drug_offence,"Reported incident of drug offence at Near Mishra, Shivamogga.",under_investigation,Shivamogga,Shivamogga Industrial PS,"Near Mishra, Shivamogga",13.8907,75.5495,Insp. Om Datta,2024,10,13
KAR/HAS/2024/0349,2024-10-17,20:31:00,chain_snatching,"Reported incident of chain snatching at Near Basak Chowk, Hassan. Suspect vehicle noticed with plate KA-53-B-9862.",under_investigation,Hassan,Hassan Market PS,"Near Basak Chowk, Hassan",13.101,76.1939,Insp. Zilmil Zacharia,2024,10,20
KAR/BEN/2024/0350,2024-10-27,16:56:00,chain_snatching,"Reported incident of chain snatching at Near Deep, Bengaluru Urban. Suspect vehicle noticed with plate KA-07-KB-6820.",open,Bengaluru Urban,Bengaluru Urban Central PS,"Near Deep, Bengaluru Urban",12.9967,77.6123,Insp. Waida Bora,2024,10,16
KAR/MAN/2024/0351,2024-11-02,20:22:00,chain_snatching,"Reported incident of chain snatching at Near Mohan Ganj, Mandya. Suspect vehicle noticed with plate KA-34-B-5625.",open,Mandya,Mandya Suburban PS,"Near Mohan Ganj, Mandya",12.5692,76.8674,Insp. Vritti Kalla,2024,11,20
KAR/BEN/2024/0352,2024-06-17,21:45:00,cybercrime,"Reported incident of cybercrime at Near Dua Road, Bengaluru Urban.",open,Bengaluru Urban,Bengaluru Urban North PS,"Near Dua Road, Bengaluru Urban",13.0278,77.5857,Insp. Anya Jani,2024,6,21
KAR/BEN/2024/0353,2024-12-28,23:01:00,drug_offence,"Reported incident of drug offence at Near Garde Circle, Bengaluru Urban.",closed,Bengaluru Urban,Bengaluru Urban South PS,"Near Garde Circle, Bengaluru Urban",12.982,77.5418,Insp. Devansh Sha,2024,12,23
KAR/BEN/2024/0354,2024-10-19,23:16:00,cybercrime,"Reported incident of cybercrime at Near Dhaliwal Chowk, Bengaluru Urban.",open,Bengaluru Urban,Bengaluru Urban East PS,"Near Dhaliwal Chowk, Bengaluru Urban",13.0298,77.561,Insp. Fariq Sankaran,2024,10,23
KAR/HUB/2024/0355,2024-06-08,09:27:00,chain_snatching,"Reported incident of chain snatching at Near Dara Nagar, Hubballi-Dharwad. Suspect vehicle noticed with plate KA-21-A-4423.",open,Hubballi-Dharwad,Hubballi-Dharwad Market PS,"Near Dara Nagar, Hubballi-Dharwad",15.3221,75.0864,Insp. Nimrat Boase,2024,6,9
KAR/BEN/2024/0356,2024-01-24,23:54:00,eve_teasing,"Reported incident of eve teasing at Near Ganguly Road, Bengaluru Urban.",open,Bengaluru Urban,Bengaluru Urban West PS,"Near Ganguly Road, Bengaluru Urban",12.8966,77.5781,Insp. Yashawini Rout,2024,1,23
KAR/BEN/2024/0357,2024-06-08,15:05:00,cybercrime,"Reported incident of cybercrime at Near Soni Chowk, Bengaluru Urban.",under_investigation,Bengaluru Urban,Bengaluru Urban North PS,"Near Soni Chowk, Bengaluru Urban",13.0242,77.5806,Insp. Anamika Ravi,2024,6,15
KAR/MAN/2024/0358,2024-03-26,11:39:00,assault,"Reported incident of assault at Near Khosla, Mandya.",under_investigation,Mandya,Mandya Industrial PS,"Near Khosla, Mandya",12.5343,76.9733,Insp. Samar Yadav,2024,3,11
KAR/MAN/2024/0359,2024-10-31,16:44:00,burglary,"Reported incident of burglary at Near Arya Circle, Mandya.",chargesheeted,Mandya,Mandya Town PS,"Near Arya Circle, Mandya",12.4973,76.924,Insp. Sara Rastogi,2024,10,16
KAR/SHI/2024/0360,2024-12-15,04:18:00,chain_snatching,"Reported incident of chain snatching at Near Goda Chowk, Shivamogga. Suspect vehicle noticed with plate KA-30-KB-9118.",open,Shivamogga,Shivamogga Suburban PS,"Near Goda Chowk, Shivamogga",13.9596,75.6291,Insp. Upma Srinivas,2024,12,4
KAR/UDU/2024/0361,2024-04-18,10:42:00,robbery,"Reported incident of robbery at Near Dass, Udupi. Suspect vehicle noticed with plate KA-40-B-5411.",under_investigation,Udupi,Udupi Suburban PS,"Near Dass, Udupi",13.2731,74.7498,Insp. Triveni Venkataraman,2024,4,10
KAR/BEN/2024/0362,2024-09-19,00:13:00,burglary,"Reported incident of burglary at Near Ratta Street, Bengaluru Urban.",open,Bengaluru Urban,Bengaluru Urban Traffic PS,"Near Ratta Street, Bengaluru Urban",13.0,77.577,Insp. Ranbir Kala,2024,9,0
KAR/BEN/2024/0363,2025-02-02,21:33:00,burglary,"Reported incident of burglary at Near Seth Zila, Bengaluru Urban.",under_investigation,Bengaluru Urban,Bengaluru Urban West PS,"Near Seth Zila, Bengaluru Urban",12.8725,77.5464,Insp. Priya Sidhu,2025,2,21
KAR/BEN/2024/0364,2024-11-23,05:50:00,vehicle_theft,"Reported incident of vehicle theft at Near Issac Marg, Bengaluru Urban. Suspect vehicle noticed with plate KA-53-A-3518.",closed,Bengaluru Urban,Bengaluru Urban North PS,"Near Issac Marg, Bengaluru Urban",13.0299,77.5753,Insp. Nimrat Sama,2024,11,5
KAR/BEN/2024/0365,2024-10-30,06:02:00,property_crime,"Reported incident of property crime at Near Parikh Road, Bengaluru Urban.",under_investigation,Bengaluru Urban,Bengaluru Urban North PS,"Near Parikh Road, Bengaluru Urban",13.0253,77.5588,Insp. Jai Panchal,2024,10,6
KAR/BEN/2024/0366,2024-09-07,00:13:00,chain_snatching,"Reported incident of chain snatching at Near Zachariah Street, Bengaluru Urban. Suspect vehicle noticed with plate KA-05-A-9459.",open,Bengaluru Urban,Bengaluru Urban North PS,"Near Zachariah Street, Bengaluru Urban",13.0316,77.556,Insp. Yauvani Jaggi,2024,9,0
KAR/KOL/2024/0367,2025-05-20,19:59:00,vehicle_theft,"Reported incident of vehicle theft at Near Varma Road, Kolar. Suspect vehicle noticed with plate KA-13-P-6093.",chargesheeted,Kolar,Kolar Industrial PS,"Near Varma Road, Kolar",13.1964,78.0415,Insp. Wazir Aurora,2025,5,19
KAR/MAN/2024/0368,2024-10-10,01:39:00,chain_snatching,"Reported incident of chain snatching at Near Dey Road, Mangaluru (Dakshina Kannada). Suspect vehicle noticed with plate KA-01-P-8983.",under_investigation,Mangaluru (Dakshina Kannada),Mangaluru (Dakshina Kannada) Market PS,"Near Dey Road, Mangaluru (Dakshina Kannada)",12.8729,74.8626,Insp. Yashodhara Nagar,2024,10,1
KAR/UDU/2024/0369,2024-12-29,10:06:00,cybercrime,"Reported incident of cybercrime at Near Sur Path, Udupi.",open,Udupi,Udupi Suburban PS,"Near Sur Path, Udupi",13.2578,74.7815,Insp. Jackson Aggarwal,2024,12,10
KAR/BEN/2024/0370,2025-01-03,06:17:00,robbery,"Reported incident of robbery at Near Magar Street, Bengaluru Urban. Suspect vehicle noticed with plate KA-33-P-3202.",under_investigation,Bengaluru Urban,Bengaluru Urban West PS,"Near Magar Street, Bengaluru Urban",12.9198,77.5472,Insp. Advaith Verma,2025,1,6
KAR/BEN/2024/0371,2024-03-06,23:36:00,murder,"Reported incident of murder at Near Kala Street, Bengaluru Urban.",chargesheeted,Bengaluru Urban,Bengaluru Urban South PS,"Near Kala Street, Bengaluru Urban",13.0301,77.5634,Insp. Hemani Dey,2024,3,23
KAR/RAI/2024/0372,2024-04-01,15:34:00,eve_teasing,"Reported incident of eve teasing at Near Bose, Raichur.",under_investigation,Raichur,Raichur Town PS,"Near Bose, Raichur",16.1613,77.3385,Insp. Wyatt Varughese,2024,4,15
KAR/UDU/2024/0373,2024-01-06,02:46:00,vehicle_theft,"Reported incident of vehicle theft at Near Randhawa Road, Udupi. Suspect vehicle noticed with plate KA-40-N-4693.",open,Udupi,Udupi Market PS,"Near Randhawa Road, Udupi",13.3701,74.6719,Insp. Ishwar Bahri,2024,1,2
KAR/RAI/2024/0374,2024-10-11,16:18:00,property_crime,"Reported incident of property crime at Near Karan Nagar, Raichur.",chargesheeted,Raichur,Raichur Market PS,"Near Karan Nagar, Raichur",16.2265,77.2881,Insp. Yug Agate,2024,10,16
KAR/DAV/2024/0375,2025-05-20,18:22:00,fraud,"Reported incident of fraud at Near Mane Path, Davangere.",open,Davangere,Davangere Town PS,"Near Mane Path, Davangere",14.4894,75.9288,Insp. Logan Bhat,2025,5,18
KAR/KOP/2024/0376,2024-09-18,10:30:00,vehicle_theft,"Reported incident of vehicle theft at Near Kuruvilla Zila, Koppal. Suspect vehicle noticed with plate KA-13-N-6205.",chargesheeted,Koppal,Koppal Rural PS,"Near Kuruvilla Zila, Koppal",15.4005,76.0805,Insp. Aarna Saraf,2024,9,10
KAR/SHI/2024/0377,2025-05-17,07:23:00,chain_snatching,"Reported incident of chain snatching at Near Kata Road, Shivamogga. Suspect vehicle noticed with plate KA-03-A-6951.",open,Shivamogga,Shivamogga Traffic PS,"Near Kata Road, Shivamogga",13.9941,75.6171,Insp. Osha Sibal,2025,5,7
KAR/TUM/2024/0378,2024-01-07,11:25:00,domestic_violence,"Reported incident of domestic violence at Near Guha Road, Tumakuru.",closed,Tumakuru,Tumakuru Suburban PS,"Near Guha Road, Tumakuru",13.3266,77.135,Insp. Balhaar Sidhu,2024,1,11
KAR/BID/2024/0379,2024-10-27,23:23:00,burglary,"Reported incident of burglary at Near Behl Zila, Bidar.",open,Bidar,Bidar Traffic PS,"Near Behl Zila, Bidar",17.9975,77.4335,Insp. Janya Chacko,2024,10,23
KAR/BEN/2024/0380,2024-10-25,16:18:00,vehicle_theft,"Reported incident of vehicle theft at Near Wali Ganj, Bengaluru Urban. Suspect vehicle noticed with plate KA-04-KA-3132.",open,Bengaluru Urban,Bengaluru Urban South PS,"Near Wali Ganj, Bengaluru Urban",12.9797,77.59,Insp. Vyanjana Mohanty,2024,10,16
KAR/MAN/2024/0381,2024-08-30,14:57:00,chain_snatching,"Reported incident of chain snatching at Near Malhotra Nagar, Mangaluru (Dakshina Kannada). Suspect vehicle noticed with plate KA-47-N-9083.",chargesheeted,Mangaluru (Dakshina Kannada),Mangaluru (Dakshina Kannada) Rural PS,"Near Malhotra Nagar, Mangaluru (Dakshina Kannada)",12.8671,74.8752,Insp. Yashvi Agrawal,2024,8,14
KAR/KOL/2024/0382,2024-07-13,08:17:00,robbery,"Reported incident of robbery at Near Handa Ganj, Kolar. Suspect vehicle noticed with plate KA-31-KB-8446.",open,Kolar,Kolar Traffic PS,"Near Handa Ganj, Kolar",13.1813,78.0873,Insp. Anya Mohanty,2024,7,8
KAR/TUM/2024/0383,2025-02-28,21:44:00,hit_and_run,"Reported incident of hit and run at Near Khalsa Ganj, Tumakuru.",open,Tumakuru,Tumakuru Suburban PS,"Near Khalsa Ganj, Tumakuru",13.3487,77.141,Insp. Yamini Shetty,2025,2,21
KAR/BEN/2024/0384,2025-06-01,07:54:00,assault,"Reported incident of assault at Near Padmanabhan Zila, Bengaluru Urban.",under_investigation,Bengaluru Urban,Bengaluru Urban West PS,"Near Padmanabhan Zila, Bengaluru Urban",12.9007,77.5895,Insp. Mahika Ramachandran,2025,6,7
KAR/BAL/2024/0385,2024-10-05,01:28:00,assault,"Reported incident of assault at Near Vig Circle, Ballari.",under_investigation,Ballari,Ballari Market PS,"Near Vig Circle, Ballari",15.184,76.8712,Insp. Unnati Date,2024,10,1
KAR/KOL/2024/0386,2024-05-13,03:06:00,fraud,"Reported incident of fraud at Near Arora, Kolar.",open,Kolar,Kolar Industrial PS,"Near Arora, Kolar",13.2313,78.0792,Insp. Anirudh Saini,2024,5,3
KAR/SHI/2024/0387,2024-11-28,21:57:00,vehicle_theft,"Reported incident of vehicle theft at Near Sani Circle, Shivamogga. Suspect vehicle noticed with plate KA-51-M-1002.",open,Shivamogga,Shivamogga Suburban PS,"Near Sani Circle, Shivamogga",13.9347,75.6484,Insp. Jagvi Sankar,2024,11,21
KAR/VIJ/2024/0388,2024-06-16,23:39:00,eve_teasing,"Reported incident of eve teasing at Near Krishna Marg, Vijayapura.",open,Vijayapura,Vijayapura Suburban PS,"Near Krishna Marg, Vijayapura",16.7947,75.6945,Insp. Henry Raghavan,2024,6,23
KAR/BEN/2024/0389,2024-10-30,03:13:00,robbery,"Reported incident of robbery at Near Merchant Ganj, Bengaluru Urban. Suspect vehicle noticed with plate KA-23-M-4590.",open,Bengaluru Urban,Bengaluru Urban Traffic PS,"Near Merchant Ganj, Bengaluru Urban",12.9671,77.5686,Insp. Triya Hari,2024,10,3
KAR/BEN/2024/0390,2024-06-12,18:38:00,burglary,"Reported incident of burglary at Near Pradhan Nagar, Bengaluru Rural.",open,Bengaluru Rural,Bengaluru Rural Traffic PS,"Near Pradhan Nagar, Bengaluru Rural",13.1573,77.5676,Insp. Geetika Chatterjee,2024,6,18
KAR/BEN/2024/0391,2024-09-14,05:55:00,drug_offence,"Reported incident of drug offence at Near Talwar Marg, Bengaluru Urban.",open,Bengaluru Urban,Bengaluru Urban North PS,"Near Talwar Marg, Bengaluru Urban",13.0328,77.5574,Insp. Yash Deo,2024,9,5
KAR/VIJ/2024/0392,2024-01-15,09:51:00,fraud,"Reported incident of fraud at Near Suri Road, Vijayapura.",open,Vijayapura,Vijayapura Town PS,"Near Suri Road, Vijayapura",16.7452,75.7861,Insp. Garima Balasubramanian,2024,1,9
KAR/MAN/2024/0393,2024-03-19,01:51:00,drug_offence,"Reported incident of drug offence at Near Reddy, Mangaluru (Dakshina Kannada).",closed,Mangaluru (Dakshina Kannada),Mangaluru (Dakshina Kannada) Suburban PS,"Near Reddy, Mangaluru (Dakshina Kannada)",12.9878,74.892,Insp. Manya Bhardwaj,2024,3,1
KAR/SHI/2024/0394,2024-05-11,02:57:00,property_crime,"Reported incident of property crime at Near Sidhu Chowk, Shivamogga.",closed,Shivamogga,Shivamogga Traffic PS,"Near Sidhu Chowk, Shivamogga",13.9881,75.6317,Insp. Oviya Randhawa,2024,5,2
KAR/MAN/2024/0395,2024-04-25,13:38:00,burglary,"Reported incident of burglary at Near Pandya Zila, Mandya.",open,Mandya,Mandya Industrial PS,"Near Pandya Zila, Mandya",12.5007,76.9767,Insp. Abeer Nazareth,2024,4,13
KAR/BEN/2024/0396,2025-02-17,09:46:00,drug_offence,"Reported incident of drug offence at Near Dhar Path, Bengaluru Urban.",under_investigation,Bengaluru Urban,Bengaluru Urban East PS,"Near Dhar Path, Bengaluru Urban",13.0372,77.5627,Insp. Jyoti Dass,2025,2,9
KAR/MAN/2024/0397,2024-08-07,11:40:00,assault,"Reported incident of assault at Near Madan Path, Mandya.",chargesheeted,Mandya,Mandya Rural PS,"Near Madan Path, Mandya",12.4926,76.8874,Insp. Arjun Natarajan,2024,8,11
KAR/BEN/2024/0398,2024-06-24,08:03:00,robbery,"Reported incident of robbery at Near Nadig Zila, Bengaluru Rural. Suspect vehicle noticed with plate KA-30-KB-1160.",chargesheeted,Bengaluru Rural,Bengaluru Rural South PS,"Near Nadig Zila, Bengaluru Rural",13.1935,77.6118,Insp. Omya Panchal,2024,6,8
KAR/HUB/2024/0399,2025-02-13,12:59:00,murder,"Reported incident of murder at Near Dave Marg, Hubballi-Dharwad.",under_investigation,Hubballi-Dharwad,Hubballi-Dharwad Suburban PS,"Near Dave Marg, Hubballi-Dharwad",15.2813,75.1181,Insp. Hemal Sankar,2025,2,12
KAR/BEL/2024/0400,2024-03-24,12:08:00,assault,"Reported incident of assault at Near Som, Belagavi.",chargesheeted,Belagavi,Belagavi Rural PS,"Near Som, Belagavi",15.824,74.5047,Insp. Upma Gopal,2024,3,12
KAR/SHI/2024/0401,2024-12-22,06:23:00,property_crime,"Reported incident of property crime at Near Bhatt Road, Shivamogga.",open,Shivamogga,Shivamogga Market PS,"Near Bhatt Road, Shivamogga",13.9583,75.6216,Insp. Rohan Vaidya,2024,12,6
KAR/HUB/2024/0402,2025-03-24,01:05:00,burglary,"Reported incident of burglary at Near Chada Ganj, Hubballi-Dharwad.",open,Hubballi-Dharwad,Hubballi-Dharwad Market PS,"Near Chada Ganj, Hubballi-Dharwad",15.3159,75.1252,Insp. Ekantika Chawla,2025,3,1
KAR/BEN/2024/0403,2025-04-18,11:46:00,burglary,"Reported incident of burglary at Near Ganesh Ganj, Bengaluru Urban.",under_investigation,Bengaluru Urban,Bengaluru Urban Central PS,"Near Ganesh Ganj, Bengaluru Urban",12.969,77.6321,Insp. Wishi Varty,2025,4,11
KAR/HUB/2024/0404,2024-06-11,02:44:00,assault,"Reported incident of assault at Near Prashad Chowk, Hubballi-Dharwad.",under_investigation,Hubballi-Dharwad,Hubballi-Dharwad Market PS,"Near Prashad Chowk, Hubballi-Dharwad",15.3558,75.0779,Insp. Nilima Mittal,2024,6,2
KAR/BEL/2024/0405,2024-04-28,03:56:00,assault,"Reported incident of assault at Near Naidu Marg, Belagavi.",open,Belagavi,Belagavi Rural PS,"Near Naidu Marg, Belagavi",15.8391,74.5066,Insp. Banjeet Tata,2024,4,3
KAR/HUB/2024/0406,2024-11-15,00:01:00,vehicle_theft,"Reported incident of vehicle theft at Near Bora Circle, Hubballi-Dharwad. Suspect vehicle noticed with plate KA-43-KA-1375.",under_investigation,Hubballi-Dharwad,Hubballi-Dharwad Suburban PS,"Near Bora Circle, Hubballi-Dharwad",15.3195,75.1114,Insp. Ronith Thakkar,2024,11,0
KAR/KOP/2024/0407,2024-12-31,16:51:00,vehicle_theft,"Reported incident of vehicle theft at Near Krishnamurthy Path, Koppal. Suspect vehicle noticed with plate KA-43-KA-1178.",open,Koppal,Koppal Town PS,"Near Krishnamurthy Path, Koppal",15.3399,76.1933,Insp. Nihal Bumb,2024,12,16
KAR/BEN/2024/0408,2024-01-12,13:01:00,cybercrime,"Reported incident of cybercrime at Near Srinivasan Zila, Bengaluru Urban.",open,Bengaluru Urban,Bengaluru Urban East PS,"Near Srinivasan Zila, Bengaluru Urban",13.0199,77.5639,Insp. Urvashi Manda,2024,1,13
KAR/BEN/2024/0409,2024-04-18,11:41:00,robbery,"Reported incident of robbery at Near Nagar Circle, Bengaluru Urban. Suspect vehicle noticed with plate KA-52-KB-3922.",open,Bengaluru Urban,Bengaluru Urban South PS,"Near Nagar Circle, Bengaluru Urban",13.0068,77.5505,Insp. Ati Kohli,2024,4,11
KAR/BEN/2024/0410,2024-12-18,09:34:00,vehicle_theft,"Reported incident of vehicle theft at Near Sarin Marg, Bengaluru Urban. Suspect vehicle noticed with plate KA-12-A-9367.",chargesheeted,Bengaluru Urban,Bengaluru Urban Traffic PS,"Near Sarin Marg, Bengaluru Urban",13.0132,77.5607,Insp. Isaac Vala,2024,12,9
KAR/MAN/2024/0411,2024-04-20,18:16:00,burglary,"Reported incident of burglary at Near Ramaswamy Chowk, Mandya.",under_investigation,Mandya,Mandya Rural PS,"Near Ramaswamy Chowk, Mandya",12.5064,76.9114,Insp. Nicholas Maharaj,2024,4,18
KAR/SHI/2024/0412,2024-12-07,18:04:00,vehicle_theft,"Reported incident of vehicle theft at Near Dalal Ganj, Shivamogga. Suspect vehicle noticed with plate KA-25-KA-1406.",chargesheeted,Shivamogga,Shivamogga Rural PS,"Near Dalal Ganj, Shivamogga",13.9837,75.5451,Insp. Wyatt Basu,2024,12,18
KAR/KAL/2024/0413,2025-05-12,04:16:00,assault,"Reported incident of assault at Near Hayre Chowk, Kalaburagi.",open,Kalaburagi,Kalaburagi Traffic PS,"Near Hayre Chowk, Kalaburagi",17.4074,76.857,Insp. Isaiah Rastogi,2025,5,4
KAR/BID/2024/0414,2024-12-22,04:45:00,fraud,"Reported incident of fraud at Near Sant Ganj, Bidar.",under_investigation,Bidar,Bidar Town PS,"Near Sant Ganj, Bidar",17.8215,77.5707,Insp. Ubika Chana,2024,12,4
KAR/BEN/2024/0415,2024-10-28,01:29:00,vehicle_theft,"Reported incident of vehicle theft at Near Pandit Chowk, Bengaluru Urban. Suspect vehicle noticed with plate KA-53-M-9711.",open,Bengaluru Urban,Bengaluru Urban North PS,"Near Pandit Chowk, Bengaluru Urban",13.0174,77.5906,Insp. Jonathan Ravi,2024,10,1
KAR/UDU/2024/0416,2024-08-08,11:18:00,cybercrime,"Reported incident of cybercrime at Near Dyal Nagar, Udupi.",open,Udupi,Udupi Suburban PS,"Near Dyal Nagar, Udupi",13.2816,74.7923,Insp. Hiral Narain,2024,8,11
KAR/MAN/2024/0417,2024-11-19,05:35:00,chain_snatching,"Reported incident of chain snatching at Near Bhatnagar, Mangaluru (Dakshina Kannada). Suspect vehicle noticed with plate KA-03-M-4633.",under_investigation,Mangaluru (Dakshina Kannada),Mangaluru (Dakshina Kannada) Market PS,"Near Bhatnagar, Mangaluru (Dakshina Kannada)",12.8686,74.8615,Insp. Jackson Saini,2024,11,5
KAR/KAL/2024/0418,2025-03-23,12:13:00,assault,"Reported incident of assault at Near Ghose Road, Kalaburagi.",under_investigation,Kalaburagi,Kalaburagi Town PS,"Near Ghose Road, Kalaburagi",17.3723,76.7704,Insp. Indali Chacko,2025,3,12
KAR/TUM/2024/0419,2024-12-24,08:14:00,chain_snatching,"Reported incident of chain snatching at Near Dyal Zila, Tumakuru. Suspect vehicle noticed with plate KA-18-A-1736.",open,Tumakuru,Tumakuru Market PS,"Near Dyal Zila, Tumakuru",13.304,77.0881,Insp. Aayush Sunder,2024,12,8
KAR/BEN/2024/0420,2025-03-22,01:22:00,domestic_violence,"Reported incident of domestic violence at Near Lala Zila, Bengaluru Urban.",open,Bengaluru Urban,Bengaluru Urban East PS,"Near Lala Zila, Bengaluru Urban",13.0164,77.5159,Insp. Leela Dara,2025,3,1
KAR/BID/2024/0421,2024-11-05,07:47:00,vehicle_theft,"Reported incident of vehicle theft at Near Vohra Chowk, Bidar. Suspect vehicle noticed with plate KA-11-P-5483.",open,Bidar,Bidar Rural PS,"Near Vohra Chowk, Bidar",17.9457,77.4911,Insp. Vaishnavi Mishra,2024,11,7
KAR/BEN/2024/0422,2024-04-03,12:05:00,vehicle_theft,"Reported incident of vehicle theft at Near Bhatnagar Street, Bengaluru Urban. Suspect vehicle noticed with plate KA-34-B-6947.",under_investigation,Bengaluru Urban,Bengaluru Urban West PS,"Near Bhatnagar Street, Bengaluru Urban",12.9046,77.5401,Insp. Charvi Sule,2024,4,12
KAR/MYS/2024/0423,2024-12-06,03:50:00,assault,"Reported incident of assault at Near Madan Street, Mysuru.",under_investigation,Mysuru,Mysuru Central PS,"Near Madan Street, Mysuru",12.3036,76.6281,Insp. Dayita Trivedi,2024,12,3
KAR/HAS/2024/0424,2025-02-22,17:16:00,chain_snatching,"Reported incident of chain snatching at Near Tripathi Zila, Hassan. Suspect vehicle noticed with plate KA-06-N-2878.",chargesheeted,Hassan,Hassan Market PS,"Near Tripathi Zila, Hassan",13.0908,76.1788,Insp. Henry Ramakrishnan,2025,2,17
KAR/BEN/2024/0425,2024-02-19,18:14:00,fraud,"Reported incident of fraud at Near Seshadri Nagar, Bengaluru Urban.",open,Bengaluru Urban,Bengaluru Urban Central PS,"Near Seshadri Nagar, Bengaluru Urban",12.973,77.6364,Insp. Ojasvi Acharya,2024,2,18
KAR/BEN/2024/0426,2024-10-21,22:25:00,kidnapping,"Reported incident of kidnapping at Near Ramesh Path, Bengaluru Urban.",under_investigation,Bengaluru Urban,Bengaluru Urban South PS,"Near Ramesh Path, Bengaluru Urban",12.989,77.5915,Insp. Siya Shroff,2024,10,22
KAR/KOL/2024/0427,2024-04-27,07:59:00,chain_snatching,"Reported incident of chain snatching at Near Luthra Street, Kolar. Suspect vehicle noticed with plate KA-34-KA-7874.",open,Kolar,Kolar Town PS,"Near Luthra Street, Kolar",13.0787,78.1842,Insp. Abhimanyu Kaul,2024,4,7
KAR/MAN/2024/0428,2024-06-27,14:30:00,eve_teasing,"Reported incident of eve teasing at Near Gole Street, Mangaluru (Dakshina Kannada).",chargesheeted,Mangaluru (Dakshina Kannada),Mangaluru (Dakshina Kannada) Suburban PS,"Near Gole Street, Mangaluru (Dakshina Kannada)",12.9884,74.8362,Insp. Simon Deo,2024,6,14
KAR/UDU/2024/0429,2024-02-22,15:45:00,chain_snatching,"Reported incident of chain snatching at Near Chaudry Marg, Udupi. Suspect vehicle noticed with plate KA-48-A-7232.",open,Udupi,Udupi Traffic PS,"Near Chaudry Marg, Udupi",13.3106,74.7547,Insp. Gabriel Ravi,2024,2,15
KAR/UDU/2024/0430,2024-11-19,23:32:00,fraud,"Reported incident of fraud at Near Srinivasan Road, Udupi.",under_investigation,Udupi,Udupi Rural PS,"Near Srinivasan Road, Udupi",13.4015,74.6508,Insp. Hemal Sekhon,2024,11,23
KAR/DAV/2024/0431,2024-04-04,06:43:00,vehicle_theft,"Reported incident of vehicle theft at Near Natarajan Street, Davangere. Suspect vehicle noticed with plate KA-26-KA-6940.",open,Davangere,Davangere Market PS,"Near Natarajan Street, Davangere",14.5339,75.8961,Insp. David Babu,2024,4,6
KAR/MAN/2024/0432,2025-04-17,18:23:00,chain_snatching,"Reported incident of chain snatching at Near Keer Nagar, Mangaluru (Dakshina Kannada). Suspect vehicle noticed with plate KA-36-KA-6169.",under_investigation,Mangaluru (Dakshina Kannada),Mangaluru (Dakshina Kannada) Suburban PS,"Near Keer Nagar, Mangaluru (Dakshina Kannada)",12.9596,74.875,Insp. Krishna Vasa,2025,4,18
KAR/BAL/2024/0433,2024-05-15,08:45:00,murder,"Reported incident of murder at Near More Marg, Ballari.",under_investigation,Ballari,Ballari Suburban PS,"Near More Marg, Ballari",15.1763,76.8494,Insp. Saumya Kulkarni,2024,5,8
KAR/RAI/2024/0434,2024-01-09,12:44:00,assault,"Reported incident of assault at Near Kala Ganj, Raichur.",open,Raichur,Raichur Rural PS,"Near Kala Ganj, Raichur",16.2624,77.3342,Insp. Vihaan Doctor,2024,1,12
KAR/UDU/2024/0435,2025-01-10,08:56:00,burglary,"Reported incident of burglary at Near Madan Circle, Udupi.",open,Udupi,Udupi Industrial PS,"Near Madan Circle, Udupi",13.3106,74.7142,Insp. Rehaan Manda,2025,1,8
KAR/BEN/2024/0436,2024-08-10,13:05:00,vehicle_theft,"Reported incident of vehicle theft at Near Kanda Chowk, Bengaluru Urban. Suspect vehicle noticed with plate KA-38-N-6603.",closed,Bengaluru Urban,Bengaluru Urban Central PS,"Near Kanda Chowk, Bengaluru Urban",12.9669,77.6191,Insp. Girik Modi,2024,8,13
KAR/UDU/2024/0437,2024-03-04,14:52:00,fraud,"Reported incident of fraud at Near Khalsa Ganj, Udupi.",under_investigation,Udupi,Udupi Suburban PS,"Near Khalsa Ganj, Udupi",13.2613,74.8017,Insp. Daksh Konda,2024,3,14
KAR/BEN/2024/0438,2024-12-19,06:55:00,chain_snatching,"Reported incident of chain snatching at Near Patel Street, Bengaluru Urban. Suspect vehicle noticed with plate KA-38-N-5098.",open,Bengaluru Urban,Bengaluru Urban South PS,"Near Patel Street, Bengaluru Urban",13.019,77.5869,Insp. Vinaya More,2024,12,6
KAR/BEN/2024/0439,2024-10-01,09:39:00,burglary,"Reported incident of burglary at Near Ray Chowk, Bengaluru Rural.",open,Bengaluru Rural,Bengaluru Rural Central PS,"Near Ray Chowk, Bengaluru Rural",13.1997,77.5014,Insp. Nitara Madan,2024,10,9
KAR/BEL/2024/0440,2024-01-29,04:12:00,property_crime,"Reported incident of property crime at Near Tripathi Chowk, Belagavi.",chargesheeted,Belagavi,Belagavi Rural PS,"Near Tripathi Chowk, Belagavi",15.8423,74.4834,Insp. Arjun Nagar,2024,1,4
KAR/VIJ/2024/0441,2024-12-07,02:00:00,vehicle_theft,"Reported incident of vehicle theft at Near Mody Marg, Vijayapura. Suspect vehicle noticed with plate KA-19-A-7838.",open,Vijayapura,Vijayapura Rural PS,"Near Mody Marg, Vijayapura",16.7735,75.6329,Insp. Januja Mani,2024,12,2
KAR/BAL/2024/0442,2024-04-29,19:49:00,property_crime,"Reported incident of property crime at Near Narayan Road, Ballari.",under_investigation,Ballari,Ballari Rural PS,"Near Narayan Road, Ballari",15.0735,76.862,Insp. Sanya Murty,2024,4,19
KAR/BEN/2024/0443,2024-08-29,07:11:00,domestic_violence,"Reported incident of domestic violence at Near Randhawa Street, Bengaluru Urban.",under_investigation,Bengaluru Urban,Bengaluru Urban South PS,"Near Randhawa Street, Bengaluru Urban",12.998,77.5783,Insp. Wyatt Batra,2024,8,7
KAR/BEN/2024/0444,2024-04-12,21:33:00,robbery,"Reported incident of robbery at Near Krish Street, Bengaluru Urban. Suspect vehicle noticed with plate KA-25-KB-8787.",open,Bengaluru Urban,Bengaluru Urban West PS,"Near Krish Street, Bengaluru Urban",12.9041,77.5847,Insp. Nachiket Patla,2024,4,21
KAR/KAL/2024/0445,2024-07-12,16:08:00,hit_and_run,"Reported incident of hit and run at Near Dhillon Path, Kalaburagi.",open,Kalaburagi,Kalaburagi Industrial PS,"Near Dhillon Path, Kalaburagi",17.3741,76.8928,Insp. Wyatt Saraf,2024,7,16
KAR/BEN/2024/0446,2024-12-09,22:54:00,vehicle_theft,"Reported incident of vehicle theft at Near Patil Circle, Bengaluru Urban. Suspect vehicle noticed with plate KA-51-A-8830.",open,Bengaluru Urban,Bengaluru Urban North PS,"Near Patil Circle, Bengaluru Urban",13.0032,77.6049,Insp. Raksha Kara,2024,12,22
KAR/RAI/2024/0447,2024-01-09,21:54:00,chain_snatching,"Reported incident of chain snatching at Near Lad Path, Raichur. Suspect vehicle noticed with plate KA-54-M-5523.",open,Raichur,Raichur Industrial PS,"Near Lad Path, Raichur",16.1531,77.3847,Insp. Vedika Iyer,2024,1,21
KAR/BEN/2024/0448,2025-01-31,14:24:00,domestic_violence,"Reported incident of domestic violence at Near Dubey Chowk, Bengaluru Urban.",open,Bengaluru Urban,Bengaluru Urban North PS,"Near Dubey Chowk, Bengaluru Urban",12.9821,77.587,Insp. Wazir Choudhary,2025,1,14
KAR/HAS/2024/0449,2024-09-04,10:53:00,vehicle_theft,"Reported incident of vehicle theft at Near Nagarajan Zila, Hassan. Suspect vehicle noticed with plate KA-26-KB-8514.",under_investigation,Hassan,Hassan Town PS,"Near Nagarajan Zila, Hassan",13.0771,76.0051,Insp. Aahana Talwar,2024,9,10
KAR/MAN/2024/0450,2024-12-25,03:11:00,chain_snatching,"Reported incident of chain snatching at Near Majumdar Ganj, Mangaluru (Dakshina Kannada). Suspect vehicle noticed with plate KA-54-KA-1537.",under_investigation,Mangaluru (Dakshina Kannada),Mangaluru (Dakshina Kannada) Traffic PS,"Near Majumdar Ganj, Mangaluru (Dakshina Kannada)",12.8267,74.8594,Insp. Vasatika Datta,2024,12,3
KAR/BEN/2024/0451,2024-03-01,06:01:00,hit_and_run,"Reported incident of hit and run at Near Pal Marg, Bengaluru Urban.",chargesheeted,Bengaluru Urban,Bengaluru Urban East PS,"Near Pal Marg, Bengaluru Urban",13.0176,77.5689,Insp. Praneel Konda,2024,3,6
KAR/HUB/2024/0452,2025-02-27,10:00:00,cybercrime,"Reported incident of cybercrime at Near Magar Chowk, Hubballi-Dharwad.",open,Hubballi-Dharwad,Hubballi-Dharwad Market PS,"Near Magar Chowk, Hubballi-Dharwad",15.3404,75.0931,Insp. Reva Mannan,2025,2,10
KAR/MYS/2024/0453,2024-10-21,15:30:00,assault,"Reported incident of assault at Near Talwar Zila, Mysuru.",open,Mysuru,Mysuru South PS,"Near Talwar Zila, Mysuru",12.3281,76.5998,Insp. Mugdha Narayan,2024,10,15
KAR/BEN/2024/0454,2024-09-11,04:01:00,burglary,"Reported incident of burglary at Near Rattan Marg, Bengaluru Urban.",under_investigation,Bengaluru Urban,Bengaluru Urban South PS,"Near Rattan Marg, Bengaluru Urban",13.0053,77.5597,Insp. Zinal Jayaraman,2024,9,4
KAR/MAN/2024/0455,2024-07-19,15:41:00,robbery,"Reported incident of robbery at Near Samra Street, Mandya. Suspect vehicle noticed with plate KA-45-A-7820.",under_investigation,Mandya,Mandya Traffic PS,"Near Samra Street, Mandya",12.5723,76.9188,Insp. Neha Ravi,2024,7,15
KAR/KOP/2024/0456,2025-04-13,17:53:00,cybercrime,"Reported incident of cybercrime at Near Sura Nagar, Koppal.",open,Koppal,Koppal Traffic PS,"Near Sura Nagar, Koppal",15.3724,76.1605,Insp. Azaan Balay,2025,4,17
KAR/BID/2024/0457,2024-05-17,08:25:00,hit_and_run,"Reported incident of hit and run at Near Batra Path, Bidar.",open,Bidar,Bidar Industrial PS,"Near Batra Path, Bidar",17.9247,77.5256,Insp. Akshay Varughese,2024,5,8
KAR/TUM/2024/0458,2025-05-15,18:21:00,chain_snatching,"Reported incident of chain snatching at Near Mukherjee Marg, Tumakuru. Suspect vehicle noticed with plate KA-47-KA-1215.",open,Tumakuru,Tumakuru Suburban PS,"Near Mukherjee Marg, Tumakuru",13.3654,77.1412,Insp. Bhavya Nagy,2025,5,18
KAR/HAS/2024/0459,2024-11-01,00:59:00,vehicle_theft,"Reported incident of vehicle theft at Near Char Circle, Hassan. Suspect vehicle noticed with plate KA-19-KA-8244.",under_investigation,Hassan,Hassan Market PS,"Near Char Circle, Hassan",13.1031,76.156,Insp. Daniel Gokhale,2024,11,0
KAR/CHI/2024/0460,2024-07-14,19:55:00,chain_snatching,"Reported incident of chain snatching at Near Tara Zila, Chikkamagaluru. Suspect vehicle noticed with plate KA-44-M-8270.",open,Chikkamagaluru,Chikkamagaluru Traffic PS,"Near Tara Zila, Chikkamagaluru",13.3114,75.7226,Insp. Naveen Desai,2024,7,19
KAR/KAL/2024/0461,2024-02-12,05:54:00,property_crime,"Reported incident of property crime at Near Sachar Path, Kalaburagi.",open,Kalaburagi,Kalaburagi Rural PS,"Near Sachar Path, Kalaburagi",17.2504,76.8364,Insp. Kamya Ram,2024,2,5
KAR/BEN/2024/0462,2024-02-20,01:46:00,hit_and_run,"Reported incident of hit and run at Near Kamdar Chowk, Bengaluru Urban.",open,Bengaluru Urban,Bengaluru Urban North PS,"Near Kamdar Chowk, Bengaluru Urban",13.0129,77.5598,Insp. Triya Palla,2024,2,1
KAR/KOP/2024/0463,2024-08-19,05:29:00,assault,"Reported incident of assault at Near Nagi Ganj, Koppal.",chargesheeted,Koppal,Koppal Traffic PS,"Near Nagi Ganj, Koppal",15.3922,76.1768,Insp. Sanya Dugar,2024,8,5
KAR/SHI/2024/0464,2024-05-30,16:11:00,property_crime,"Reported incident of property crime at Near Lal Nagar, Shivamogga.",open,Shivamogga,Shivamogga Market PS,"Near Lal Nagar, Shivamogga",13.9865,75.6028,Insp. Yug Swaminathan,2024,5,16
KAR/HAS/2024/0465,2025-04-24,05:23:00,chain_snatching,"Reported incident of chain snatching at Near Thaman Road, Hassan. Suspect vehicle noticed with plate KA-43-A-1931.",open,Hassan,Hassan Town PS,"Near Thaman Road, Hassan",13.0445,76.0459,Insp. Ucchal Srinivas,2025,4,5
KAR/HAS/2024/0466,2024-12-14,12:58:00,vehicle_theft,"Reported incident of vehicle theft at Near Sabharwal Circle, Hassan. Suspect vehicle noticed with plate KA-45-KA-6805.",chargesheeted,Hassan,Hassan Traffic PS,"Near Sabharwal Circle, Hassan",12.9136,76.0289,Insp. Kabir Bhatti,2024,12,12
KAR/BEN/2024/0467,2024-12-16,18:51:00,assault,"Reported incident of assault at Near Madan Zila, Bengaluru Urban.",under_investigation,Bengaluru Urban,Bengaluru Urban North PS,"Near Madan Zila, Bengaluru Urban",12.9886,77.5984,Insp. Jagrati Dugar,2024,12,18
KAR/MAN/2024/0468,2024-07-05,10:14:00,eve_teasing,"Reported incident of eve teasing at Near Bhalla, Mangaluru (Dakshina Kannada).",under_investigation,Mangaluru (Dakshina Kannada),Mangaluru (Dakshina Kannada) Suburban PS,"Near Bhalla, Mangaluru (Dakshina Kannada)",13.0091,74.8791,Insp. Vrinda Randhawa,2024,7,10
KAR/TUM/2024/0469,2024-08-24,12:17:00,cybercrime,"Reported incident of cybercrime at Near Merchant Path, Tumakuru.",under_investigation,Tumakuru,Tumakuru Town PS,"Near Merchant Path, Tumakuru",13.3999,77.0833,Insp. Idika Barad,2024,8,12
KAR/RAI/2024/0470,2024-04-04,14:08:00,fraud,"Reported incident of fraud at Near Bath Zila, Raichur.",chargesheeted,Raichur,Raichur Industrial PS,"Near Bath Zila, Raichur",16.133,77.399,Insp. Pushti Atwal,2024,4,14
KAR/BID/2024/0471,2025-01-02,01:57:00,assault,"Reported incident of assault at Near Singh Path, Bidar.",open,Bidar,Bidar Rural PS,"Near Singh Path, Bidar",17.9316,77.5197,Insp. Rudra Ganguly,2025,1,1
KAR/UDU/2024/0472,2024-04-17,12:14:00,assault,"Reported incident of assault at Near Viswanathan Path, Udupi.",open,Udupi,Udupi Suburban PS,"Near Viswanathan Path, Udupi",13.2831,74.7653,Insp. Upkaar Ratti,2024,4,12
KAR/KOL/2024/0473,2024-11-20,01:31:00,vehicle_theft,"Reported incident of vehicle theft at Near Pall Chowk, Kolar. Suspect vehicle noticed with plate KA-12-KA-5484.",open,Kolar,Kolar Traffic PS,"Near Pall Chowk, Kolar",13.2013,78.0937,Insp. Rachana Kumer,2024,11,1
KAR/BEN/2024/0474,2024-10-24,04:12:00,robbery,"Reported incident of robbery at Near Kothari Street, Bengaluru Urban. Suspect vehicle noticed with plate KA-16-KA-4102.",under_investigation,Bengaluru Urban,Bengaluru Urban West PS,"Near Kothari Street, Bengaluru Urban",12.9176,77.5601,Insp. Sanya Venkataraman,2024,10,4
KAR/BEN/2024/0475,2024-05-11,05:02:00,assault,"Reported incident of assault at Near Dutt Street, Bengaluru Urban.",chargesheeted,Bengaluru Urban,Bengaluru Urban Traffic PS,"Near Dutt Street, Bengaluru Urban",12.9938,77.593,Insp. Kevin Ratta,2024,5,5
KAR/BID/2024/0476,2024-11-17,15:50:00,vehicle_theft,"Reported incident of vehicle theft at Near Boase Chowk, Bidar. Suspect vehicle noticed with plate KA-23-B-3415.",chargesheeted,Bidar,Bidar Industrial PS,"Near Boase Chowk, Bidar",17.9189,77.5166,Insp. Luke Vig,2024,11,15
KAR/BEN/2024/0477,2024-11-18,05:11:00,vehicle_theft,"Reported incident of vehicle theft at Near Mutti Road, Bengaluru Urban. Suspect vehicle noticed with plate KA-20-M-7594.",under_investigation,Bengaluru Urban,Bengaluru Urban Central PS,"Near Mutti Road, Bengaluru Urban",13.0193,77.6052,Insp. Isaiah Sood,2024,11,5
KAR/RAI/2024/0478,2024-02-09,15:59:00,burglary,"Reported incident of burglary at Near Vora Circle, Raichur.",under_investigation,Raichur,Raichur Market PS,"Near Vora Circle, Raichur",16.1927,77.2648,Insp. Hitesh Mann,2024,2,15
KAR/MYS/2024/0479,2025-03-01,23:07:00,domestic_violence,"Reported incident of domestic violence at Near Sidhu Chowk, Mysuru.",under_investigation,Mysuru,Mysuru Central PS,"Near Sidhu Chowk, Mysuru",12.2712,76.6264,Insp. Jasmit Memon,2025,3,23
KAR/BEL/2024/0480,2024-07-17,12:06:00,burglary,"Reported incident of burglary at Near Saha Path, Belagavi.",open,Belagavi,Belagavi Rural PS,"Near Saha Path, Belagavi",15.8557,74.5411,Insp. Lucky Wason,2024,7,12
KAR/DAV/2024/0481,2024-01-07,17:55:00,burglary,"Reported incident of burglary at Near Nayak Road, Davangere.",open,Davangere,Davangere Suburban PS,"Near Nayak Road, Davangere",14.5308,75.9786,Insp. Wridesh Kumar,2024,1,17
KAR/MYS/2024/0482,2024-05-31,09:47:00,cybercrime,"Reported incident of cybercrime at Near Din Zila, Mysuru.",open,Mysuru,Mysuru North PS,"Near Din Zila, Mysuru",12.3933,76.6867,Insp. Triya Hora,2024,5,9
KAR/MYS/2024/0483,2024-02-15,00:03:00,robbery,"Reported incident of robbery at Near Mukherjee Street, Mysuru. Suspect vehicle noticed with plate KA-45-N-1963.",open,Mysuru,Mysuru South PS,"Near Mukherjee Street, Mysuru",12.3349,76.5859,Insp. Idika Srivastava,2024,2,0
KAR/MAN/2024/0484,2024-03-26,20:07:00,chain_snatching,"Reported incident of chain snatching at Near Natarajan Road, Mandya. Suspect vehicle noticed with plate KA-28-N-6150.",under_investigation,Mandya,Mandya Traffic PS,"Near Natarajan Road, Mandya",12.5453,76.9013,Insp. Elijah Goswami,2024,3,20
KAR/MYS/2024/0485,2024-01-12,22:50:00,hit_and_run,"Reported incident of hit and run at Near Maharaj Road, Mysuru.",chargesheeted,Mysuru,Mysuru West PS,"Near Maharaj Road, Mysuru",12.3232,76.5546,Insp. Wishi Ravi,2024,1,22
KAR/BEN/2024/0486,2024-08-17,14:36:00,kidnapping,"Reported incident of kidnapping at Near Deshmukh Marg, Bengaluru Urban.",under_investigation,Bengaluru Urban,Bengaluru Urban Traffic PS,"Near Deshmukh Marg, Bengaluru Urban",12.9938,77.5554,Insp. Chavvi Biswas,2024,8,14
KAR/BAL/2024/0487,2024-03-19,22:42:00,fraud,"Reported incident of fraud at Near Dubey Zila, Ballari.",open,Ballari,Ballari Market PS,"Near Dubey Zila, Ballari",15.1788,76.8591,Insp. Gauri Banik,2024,3,22
KAR/MAN/2024/0488,2024-08-27,06:26:00,property_crime,"Reported incident of property crime at Near Nagar, Mangaluru (Dakshina Kannada).",under_investigation,Mangaluru (Dakshina Kannada),Mangaluru (Dakshina Kannada) Traffic PS,"Near Nagar, Mangaluru (Dakshina Kannada)",12.8694,74.8999,Insp. Hemal Nath,2024,8,6
KAR/MAN/2024/0489,2024-11-13,08:33:00,vehicle_theft,"Reported incident of vehicle theft at Near Memon Circle, Mandya. Suspect vehicle noticed with plate KA-03-KA-3979.",open,Mandya,Mandya Traffic PS,"Near Memon Circle, Mandya",12.5751,76.9338,Insp. Kai Dyal,2024,11,8
KAR/VIJ/2024/0490,2024-03-26,15:32:00,cybercrime,"Reported incident of cybercrime at Near Keer Zila, Vijayapura.",open,Vijayapura,Vijayapura Traffic PS,"Near Keer Zila, Vijayapura",16.7763,75.6754,Insp. Januja Chander,2024,3,15
KAR/KOL/2024/0491,2024-02-07,19:18:00,robbery,"Reported incident of robbery at Near Luthra, Kolar. Suspect vehicle noticed with plate KA-06-B-4041.",chargesheeted,Kolar,Kolar Industrial PS,"Near Luthra, Kolar",13.1837,78.0357,Insp. Qarin Menon,2024,2,19
KAR/BEN/2024/0492,2024-11-13,05:50:00,vehicle_theft,"Reported incident of vehicle theft at Near Chopra Ganj, Bengaluru Urban. Suspect vehicle noticed with plate KA-53-KB-4271.",chargesheeted,Bengaluru Urban,Bengaluru Urban West PS,"Near Chopra Ganj, Bengaluru Urban",12.913,77.5469,Insp. Vrishti Bera,2024,11,5
KAR/HAS/2024/0493,2025-03-26,05:01:00,property_crime,"Reported incident of property crime at Near Sangha, Hassan.",open,Hassan,Hassan Rural PS,"Near Sangha, Hassan",13.0491,76.0216,Insp. Jhalak Upadhyay,2025,3,5
KAR/BEN/2024/0494,2025-01-04,09:10:00,assault,"Reported incident of assault at Near Natt Nagar, Bengaluru Urban.",closed,Bengaluru Urban,Bengaluru Urban East PS,"Near Natt Nagar, Bengaluru Urban",13.0238,77.5276,Insp. Varsha Chahal,2025,1,9
KAR/BEN/2024/0495,2025-04-19,18:53:00,assault,"Reported incident of assault at Near Sem Nagar, Bengaluru Urban.",open,Bengaluru Urban,Bengaluru Urban North PS,"Near Sem Nagar, Bengaluru Urban",13.033,77.5879,Insp. Azaan Sankaran,2025,4,18
KAR/MYS/2024/0496,2025-01-17,10:16:00,cybercrime,"Reported incident of cybercrime at Near Andra Circle, Mysuru.",under_investigation,Mysuru,Mysuru North PS,"Near Andra Circle, Mysuru",12.3574,76.7067,Insp. Nilima Loyal,2025,1,10
KAR/CHI/2024/0497,2024-03-29,11:30:00,senior_citizen_crime,"Reported incident of senior citizen crime at Near Vyas Marg, Chikkamagaluru.",open,Chikkamagaluru,Chikkamagaluru Industrial PS,"Near Vyas Marg, Chikkamagaluru",13.3676,75.7471,Insp. George Ben,2024,3,11
KAR/BEN/2024/0498,2025-01-01,22:40:00,cybercrime,"Reported incident of cybercrime at Near Warrior Ganj, Bengaluru Urban.",under_investigation,Bengaluru Urban,Bengaluru Urban North PS,"Near Warrior Ganj, Bengaluru Urban",13.0091,77.5762,Insp. Onveer Sridhar,2025,1,22
KAR/SHI/2024/0499,2025-01-01,09:06:00,cybercrime,"Reported incident of cybercrime at Near Jhaveri Street, Shivamogga.",chargesheeted,Shivamogga,Shivamogga Market PS,"Near Jhaveri Street, Shivamogga",13.9677,75.5971,Insp. Siya Nazareth,2025,1,9
KAR/KOP/2024/0500,2025-01-10,02:27:00,vehicle_theft,"Reported incident of vehicle theft at Near Nazareth Marg, Koppal. Suspect vehicle noticed with plate KA-41-A-3782.",under_investigation,Koppal,Koppal Town PS,"Near Nazareth Marg, Koppal",15.3264,76.2013,Insp. Sneha Chandra,2025,1,2
KAR/MAN/2024/0501,2024-04-13,01:02:00,chain_snatching,"Reported incident of chain snatching at Near Barad Street, Mandya. Suspect vehicle noticed with plate KA-51-N-1735.",chargesheeted,Mandya,Mandya Suburban PS,"Near Barad Street, Mandya",12.5648,76.8915,Insp. Chanchal Dasgupta,2024,4,1
KAR/BEN/2024/0502,2024-07-25,17:14:00,vehicle_theft,"Reported incident of vehicle theft at Near Brar, Bengaluru Urban. Suspect vehicle noticed with plate KA-34-KA-5209.",open,Bengaluru Urban,Bengaluru Urban East PS,"Near Brar, Bengaluru Urban",13.0379,77.5396,Insp. Upasna Natt,2024,7,17
KAR/BEN/2024/0503,2024-04-22,09:38:00,eve_teasing,"Reported incident of eve teasing at Near Dhaliwal Road, Bengaluru Rural.",open,Bengaluru Rural,Bengaluru Rural East PS,"Near Dhaliwal Road, Bengaluru Rural",13.2673,77.573,Insp. Suhani Dhillon,2024,4,9
KAR/BEN/2024/0504,2024-11-01,03:15:00,vehicle_theft,"Reported incident of vehicle theft at Near Samra Zila, Bengaluru Urban. Suspect vehicle noticed with plate KA-52-KA-8365.",chargesheeted,Bengaluru Urban,Bengaluru Urban Traffic PS,"Near Samra Zila, Bengaluru Urban",13.0163,77.5453,Insp. Frado Ramaswamy,2024,11,3
KAR/BEN/2024/0505,2025-03-23,23:43:00,cybercrime,"Reported incident of cybercrime at Near Iyengar, Bengaluru Urban.",chargesheeted,Bengaluru Urban,Bengaluru Urban Central PS,"Near Iyengar, Bengaluru Urban",12.9673,77.6484,Insp. Madhav Batra,2025,3,23
KAR/BEN/2024/0506,2025-05-11,14:59:00,vehicle_theft,"Reported incident of vehicle theft at Near Lata Circle, Bengaluru Urban. Suspect vehicle noticed with plate KA-50-M-6314.",open,Bengaluru Urban,Bengaluru Urban West PS,"Near Lata Circle, Bengaluru Urban",12.868,77.5984,Insp. Fiyaz Raja,2025,5,14
KAR/BEN/2024/0507,2024-08-19,07:27:00,assault,"Reported incident of assault at Near Buch Path, Bengaluru Urban.",under_investigation,Bengaluru Urban,Bengaluru Urban Traffic PS,"Near Buch Path, Bengaluru Urban",12.9867,77.5659,Insp. Om Butala,2024,8,7
KAR/KAL/2024/0508,2025-01-27,13:32:00,burglary,"Reported incident of burglary at Near Thaman Circle, Kalaburagi.",chargesheeted,Kalaburagi,Kalaburagi Industrial PS,"Near Thaman Circle, Kalaburagi",17.3745,76.8953,Insp. Krish Arora,2025,1,13
KAR/MAN/2024/0509,2024-02-19,08:20:00,domestic_violence,"Reported incident of domestic violence at Near Sarkar Marg, Mangaluru (Dakshina Kannada).",under_investigation,Mangaluru (Dakshina Kannada),Mangaluru (Dakshina Kannada) Rural PS,"Near Sarkar Marg, Mangaluru (Dakshina Kannada)",12.8274,74.8643,Insp. Bhanumati Bath,2024,2,8
KAR/BEN/2024/0510,2024-07-31,07:05:00,fraud,"Reported incident of fraud at Near Sanghvi Circle, Bengaluru Urban.",closed,Bengaluru Urban,Bengaluru Urban Traffic PS,"Near Sanghvi Circle, Bengaluru Urban",12.9976,77.5546,Insp. Ekiya Bansal,2024,7,7
KAR/KAL/2024/0511,2024-08-25,04:54:00,assault,"Reported incident of assault at Near Chanda Circle, Kalaburagi.",under_investigation,Kalaburagi,Kalaburagi Market PS,"Near Chanda Circle, Kalaburagi",17.3151,76.7778,Insp. Anamika Keer,2024,8,4
KAR/VIJ/2024/0512,2024-05-15,01:16:00,cybercrime,"Reported incident of cybercrime at Near Yogi Zila, Vijayapura.",open,Vijayapura,Vijayapura Traffic PS,"Near Yogi Zila, Vijayapura",16.8257,75.704,Insp. Tarak Agarwal,2024,5,1
KAR/MYS/2024/0513,2024-03-27,13:46:00,hit_and_run,"Reported incident of hit and run at Near Brahmbhatt Street, Mysuru.",under_investigation,Mysuru,Mysuru East PS,"Near Brahmbhatt Street, Mysuru",12.2653,76.7464,Insp. Tarak Deol,2024,3,13
KAR/KAL/2024/0514,2024-11-27,06:06:00,vehicle_theft,"Reported incident of vehicle theft at Near Zachariah Chowk, Kalaburagi. Suspect vehicle noticed with plate KA-28-M-9530.",under_investigation,Kalaburagi,Kalaburagi Suburban PS,"Near Zachariah Chowk, Kalaburagi",17.2638,76.9217,Insp. Utkarsh Gera,2024,11,6
KAR/RAI/2024/0515,2024-11-11,05:40:00,vehicle_theft,"Reported incident of vehicle theft at Near Sood Nagar, Raichur. Suspect vehicle noticed with plate KA-37-A-1047.",closed,Raichur,Raichur Market PS,"Near Sood Nagar, Raichur",16.2392,77.3093,Insp. Tarak Roy,2024,11,5
KAR/KAL/2024/0516,2024-02-09,18:28:00,cybercrime,"Reported incident of cybercrime at Near Dugar Road, Kalaburagi.",open,Kalaburagi,Kalaburagi Market PS,"Near Dugar Road, Kalaburagi",17.3534,76.7555,Insp. Bimala Gala,2024,2,18
KAR/KOP/2024/0517,2024-07-25,05:21:00,chain_snatching,"Reported incident of chain snatching at Near Ganesan Chowk, Koppal. Suspect vehicle noticed with plate KA-47-N-3508.",under_investigation,Koppal,Koppal Town PS,"Near Ganesan Chowk, Koppal",15.3392,76.193,Insp. Avni Narang,2024,7,5
KAR/HAS/2024/0518,2025-02-04,07:31:00,robbery,"Reported incident of robbery at Near Rajagopalan Road, Hassan. Suspect vehicle noticed with plate KA-13-N-7309.",chargesheeted,Hassan,Hassan Suburban PS,"Near Rajagopalan Road, Hassan",12.9458,76.1612,Insp. Mohammed Nayar,2025,2,7
KAR/SHI/2024/0519,2024-11-12,14:50:00,property_crime,"Reported incident of property crime at Near Ray Road, Shivamogga.",open,Shivamogga,Shivamogga Traffic PS,"Near Ray Road, Shivamogga",14.0135,75.5996,Insp. Ayushman Sami,2024,11,14
KAR/BEN/2024/0520,2024-09-20,17:54:00,chain_snatching,"Reported incident of chain snatching at Near Chandra Ganj, Bengaluru Urban. Suspect vehicle noticed with plate KA-17-P-3858.",closed,Bengaluru Urban,Bengaluru Urban South PS,"Near Chandra Ganj, Bengaluru Urban",12.9941,77.5478,Insp. Yashvi Dewan,2024,9,17
KAR/HUB/2024/0521,2024-02-06,07:22:00,drug_offence,"Reported incident of drug offence at Near Wadhwa Street, Hubballi-Dharwad.",under_investigation,Hubballi-Dharwad,Hubballi-Dharwad Traffic PS,"Near Wadhwa Street, Hubballi-Dharwad",15.2995,75.1803,Insp. Bimala Sarma,2024,2,7
KAR/BEN/2024/0522,2025-04-11,16:51:00,fraud,"Reported incident of fraud at Near Krishnamurthy Chowk, Bengaluru Urban.",open,Bengaluru Urban,Bengaluru Urban West PS,"Near Krishnamurthy Chowk, Bengaluru Urban",12.8849,77.5853,Insp. Krish Kumar,2025,4,16
KAR/BEN/2024/0523,2024-01-18,20:30:00,vehicle_theft,"Reported incident of vehicle theft at Near Savant Nagar, Bengaluru Urban. Suspect vehicle noticed with plate KA-06-KA-4942.",open,Bengaluru Urban,Bengaluru Urban South PS,"Near Savant Nagar, Bengaluru Urban",13.0353,77.5935,Insp. Meera Hari,2024,1,20
KAR/BEL/2024/0524,2024-10-07,09:06:00,vehicle_theft,"Reported incident of vehicle theft at Near Rattan Road, Belagavi. Suspect vehicle noticed with plate KA-03-KA-1269.",chargesheeted,Belagavi,Belagavi Traffic PS,"Near Rattan Road, Belagavi",15.7908,74.4486,Insp. Hardik Majumdar,2024,10,9
KAR/BEN/2024/0525,2024-12-10,17:28:00,vehicle_theft,"Reported incident of vehicle theft at Near Chakraborty Circle, Bengaluru Urban. Suspect vehicle noticed with plate KA-07-KB-3870.",open,Bengaluru Urban,Bengaluru Urban North PS,"Near Chakraborty Circle, Bengaluru Urban",13.0365,77.5623,Insp. Hredhaan Venkataraman,2024,12,17
KAR/BEN/2024/0526,2025-01-11,02:42:00,chain_snatching,"Reported incident of chain snatching at Near Suresh Marg, Bengaluru Urban. Suspect vehicle noticed with plate KA-12-N-4051.",open,Bengaluru Urban,Bengaluru Urban South PS,"Near Suresh Marg, Bengaluru Urban",13.0352,77.5745,Insp. Unni Iyer,2025,1,2
KAR/BEN/2024/0527,2024-11-26,05:02:00,vehicle_theft,"Reported incident of vehicle theft at Near Konda Street, Bengaluru Urban. Suspect vehicle noticed with plate KA-02-B-1453.",closed,Bengaluru Urban,Bengaluru Urban North PS,"Near Konda Street, Bengaluru Urban",12.997,77.5662,Insp. Sneha Sandhu,2024,11,5
KAR/BEN/2024/0528,2024-05-15,10:45:00,cybercrime,"Reported incident of cybercrime at Near Parekh Chowk, Bengaluru Urban.",under_investigation,Bengaluru Urban,Bengaluru Urban South PS,"Near Parekh Chowk, Bengaluru Urban",13.0297,77.55,Insp. Rachit Kibe,2024,5,10
KAR/BEN/2024/0529,2024-10-25,07:26:00,chain_snatching,"Reported incident of chain snatching at Near Peri Ganj, Bengaluru Urban. Suspect vehicle noticed with plate KA-13-KA-6635.",chargesheeted,Bengaluru Urban,Bengaluru Urban East PS,"Near Peri Ganj, Bengaluru Urban",12.9881,77.5529,Insp. Sarthak Agrawal,2024,10,7
KAR/BEL/2024/0530,2024-04-03,15:09:00,chain_snatching,"Reported incident of chain snatching at Near Sanghvi Circle, Belagavi. Suspect vehicle noticed with plate KA-43-B-1258.",open,Belagavi,Belagavi Town PS,"Near Sanghvi Circle, Belagavi",15.8011,74.545,Insp. Christopher Dave,2024,4,15
KAR/BEN/2024/0531,2024-02-25,16:04:00,burglary,"Reported incident of burglary at Near Agrawal Nagar, Bengaluru Urban.",under_investigation,Bengaluru Urban,Bengaluru Urban West PS,"Near Agrawal Nagar, Bengaluru Urban",12.9069,77.5957,Insp. Fitan Lanka,2024,2,16
KAR/TUM/2024/0532,2024-04-15,17:00:00,drug_offence,"Reported incident of drug offence at Near Boase Nagar, Tumakuru.",open,Tumakuru,Tumakuru Industrial PS,"Near Boase Nagar, Tumakuru",13.4009,77.0171,Insp. Ekantika Nori,2024,4,17
KAR/UDU/2024/0533,2024-11-15,17:42:00,robbery,"Reported incident of robbery at Near Pillai Road, Udupi. Suspect vehicle noticed with plate KA-01-KA-8088.",under_investigation,Udupi,Udupi Suburban PS,"Near Pillai Road, Udupi",13.2985,74.7483,Insp. Pushti Upadhyay,2024,11,17
KAR/BEN/2024/0534,2024-05-03,20:15:00,robbery,"Reported incident of robbery at Near Chad Chowk, Bengaluru Urban. Suspect vehicle noticed with plate KA-25-P-4015.",open,Bengaluru Urban,Bengaluru Urban East PS,"Near Chad Chowk, Bengaluru Urban",12.9862,77.5627,Insp. Robert Oommen,2024,5,20
KAR/BEN/2024/0535,2024-11-16,08:01:00,vehicle_theft,"Reported incident of vehicle theft at Near Bawa, Bengaluru Urban. Suspect vehicle noticed with plate KA-45-KB-6362.",chargesheeted,Bengaluru Urban,Bengaluru Urban East PS,"Near Bawa, Bengaluru Urban",12.9916,77.5302,Insp. Veer Varty,2024,11,8
KAR/UDU/2024/0536,2024-11-11,11:47:00,chain_snatching,"Reported incident of chain snatching at Near Setty Nagar, Udupi. Suspect vehicle noticed with plate KA-33-M-5993.",open,Udupi,Udupi Industrial PS,"Near Setty Nagar, Udupi",13.3352,74.725,Insp. Omkaar Mittal,2024,11,11
KAR/BEN/2024/0537,2024-12-27,18:40:00,chain_snatching,"Reported incident of chain snatching at Near Talwar Chowk, Bengaluru Urban. Suspect vehicle noticed with plate KA-49-P-7557.",under_investigation,Bengaluru Urban,Bengaluru Urban Central PS,"Near Talwar Chowk, Bengaluru Urban",12.9763,77.6477,Insp. Chaitanya Upadhyay,2024,12,18
KAR/TUM/2024/0538,2024-03-01,16:53:00,cybercrime,"Reported incident of cybercrime at Near Iyengar Zila, Tumakuru.",under_investigation,Tumakuru,Tumakuru Industrial PS,"Near Iyengar Zila, Tumakuru",13.4073,77.0394,Insp. Zaid Mand,2024,3,16
KAR/SHI/2024/0539,2024-03-13,17:18:00,burglary,"Reported incident of burglary at Near Sarkar Road, Shivamogga.",under_investigation,Shivamogga,Shivamogga Suburban PS,"Near Sarkar Road, Shivamogga",13.9408,75.6523,Insp. Nidra Chatterjee,2024,3,17
KAR/UDU/2024/0540,2025-03-07,21:34:00,chain_snatching,"Reported incident of chain snatching at Near Varty Zila, Udupi. Suspect vehicle noticed with plate KA-46-A-1626.",open,Udupi,Udupi Rural PS,"Near Varty Zila, Udupi",13.3754,74.6442,Insp. Raagini Viswanathan,2025,3,21
KAR/MAN/2024/0541,2025-02-14,02:36:00,chain_snatching,"Reported incident of chain snatching at Near Soni Road, Mangaluru (Dakshina Kannada). Suspect vehicle noticed with plate KA-12-B-6445.",under_investigation,Mangaluru (Dakshina Kannada),Mangaluru (Dakshina Kannada) Town PS,"Near Soni Road, Mangaluru (Dakshina Kannada)",12.8412,74.8614,Insp. Zinal Dasgupta,2025,2,2
KAR/CHI/2024/0542,2024-08-10,18:54:00,burglary,"Reported incident of burglary at Near Oak Circle, Chikkamagaluru.",under_investigation,Chikkamagaluru,Chikkamagaluru Rural PS,"Near Oak Circle, Chikkamagaluru",13.2911,75.7892,Insp. Bina Lata,2024,8,18
KAR/BID/2024/0543,2024-02-05,17:28:00,vehicle_theft,"Reported incident of vehicle theft at Near Mammen Marg, Bidar. Suspect vehicle noticed with plate KA-02-M-7064.",open,Bidar,Bidar Traffic PS,"Near Mammen Marg, Bidar",17.9663,77.436,Insp. Azad Sen,2024,2,17
KAR/BEN/2024/0544,2025-04-25,23:47:00,fraud,"Reported incident of fraud at Near Choudhary Ganj, Bengaluru Urban.",open,Bengaluru Urban,Bengaluru Urban North PS,"Near Choudhary Ganj, Bengaluru Urban",12.9798,77.5858,Insp. Wakeeta Garg,2025,4,23
KAR/VIJ/2024/0545,2024-03-02,16:25:00,vehicle_theft,"Reported incident of vehicle theft at Near Mandal Street, Vijayapura. Suspect vehicle noticed with plate KA-14-A-5292.",chargesheeted,Vijayapura,Vijayapura Industrial PS,"Near Mandal Street, Vijayapura",16.845,75.6487,Insp. Bahadurjit Balay,2024,3,16
KAR/BEN/2024/0546,2024-11-11,19:17:00,chain_snatching,"Reported incident of chain snatching at Near Dash Nagar, Bengaluru Urban. Suspect vehicle noticed with plate KA-40-B-2939.",open,Bengaluru Urban,Bengaluru Urban Traffic PS,"Near Dash Nagar, Bengaluru Urban",12.9758,77.5931,Insp. Vedant Parekh,2024,11,19
KAR/DAV/2024/0547,2025-02-04,21:34:00,burglary,"Reported incident of burglary at Near Sibal Ganj, Davangere.",under_investigation,Davangere,Davangere Traffic PS,"Near Sibal Ganj, Davangere",14.529,75.9297,Insp. Frederick Buch,2025,2,21
KAR/BEL/2024/0548,2024-09-09,07:18:00,chain_snatching,"Reported incident of chain snatching at Near Boase Ganj, Belagavi. Suspect vehicle noticed with plate KA-44-KB-1057.",open,Belagavi,Belagavi Market PS,"Near Boase Ganj, Belagavi",15.8907,74.4173,Insp. Gautam Sagar,2024,9,7
KAR/DAV/2024/0549,2024-12-07,08:24:00,chain_snatching,"Reported incident of chain snatching at Near Merchant Nagar, Davangere. Suspect vehicle noticed with plate KA-02-KB-7203.",chargesheeted,Davangere,Davangere Suburban PS,"Near Merchant Nagar, Davangere",14.5684,75.9515,Insp. Brinda Muni,2024,12,8
KAR/KOL/2024/0550,2024-12-03,09:42:00,hit_and_run,"Reported incident of hit and run at Near Dhawan Nagar, Kolar.",open,Kolar,Kolar Market PS,"Near Dhawan Nagar, Kolar",13.092,78.1083,Insp. Peter Saxena,2024,12,9
KAR/BEN/2024/0551,2024-02-06,09:02:00,cybercrime,"Reported incident of cybercrime at Near Ramakrishnan Path, Bengaluru Urban.",under_investigation,Bengaluru Urban,Bengaluru Urban North PS,"Near Ramakrishnan Path, Bengaluru Urban",13.0265,77.5621,Insp. Sai Pal,2024,2,9
KAR/UDU/2024/0552,2025-04-19,10:59:00,burglary,"Reported incident of burglary at Near Vig, Udupi.",closed,Udupi,Udupi Town PS,"Near Vig, Udupi",13.3298,74.7964,Insp. Falguni Talwar,2025,4,10
KAR/BEN/2024/0553,2024-11-24,00:14:00,vehicle_theft,"Reported incident of vehicle theft at Near Chandran Ganj, Bengaluru Urban. Suspect vehicle noticed with plate KA-33-KA-6222.",open,Bengaluru Urban,Bengaluru Urban North PS,"Near Chandran Ganj, Bengaluru Urban",12.99,77.5643,Insp. Wriddhish Chada,2024,11,0
KAR/VIJ/2024/0554,2025-03-30,13:00:00,assault,"Reported incident of assault at Near Vala, Vijayapura.",open,Vijayapura,Vijayapura Market PS,"Near Vala, Vijayapura",16.8396,75.655,Insp. Lekha Kari,2025,3,13
KAR/KOL/2024/0555,2025-01-25,04:23:00,burglary,"Reported incident of burglary at Near Nagar Nagar, Kolar.",under_investigation,Kolar,Kolar Rural PS,"Near Nagar Nagar, Kolar",13.1579,78.2065,Insp. Darsh Jani,2025,1,4
KAR/CHI/2024/0556,2024-11-05,08:13:00,robbery,"Reported incident of robbery at Near Misra Circle, Chikkamagaluru. Suspect vehicle noticed with plate KA-02-KA-7984.",chargesheeted,Chikkamagaluru,Chikkamagaluru Town PS,"Near Misra Circle, Chikkamagaluru",13.2533,75.7306,Insp. Krisha Dar,2024,11,8
KAR/BEN/2024/0557,2024-08-23,19:17:00,burglary,"Reported incident of burglary at Near Kapadia Street, Bengaluru Urban.",under_investigation,Bengaluru Urban,Bengaluru Urban West PS,"Near Kapadia Street, Bengaluru Urban",12.877,77.5558,Insp. Abdul Patla,2024,8,19
KAR/BEN/2024/0558,2024-11-03,04:20:00,fraud,"Reported incident of fraud at Near Basak Circle, Bengaluru Rural.",open,Bengaluru Rural,Bengaluru Rural West PS,"Near Basak Circle, Bengaluru Rural",13.258,77.6327,Insp. Barkha Deo,2024,11,4
KAR/BID/2024/0559,2025-04-26,18:40:00,eve_teasing,"Reported incident of eve teasing at Near Lad Zila, Bidar.",under_investigation,Bidar,Bidar Rural PS,"Near Lad Zila, Bidar",17.9562,77.5194,Insp. Lakshmi Misra,2025,4,18
KAR/SHI/2024/0560,2024-02-09,12:10:00,assault,"Reported incident of assault at Near Singh Chowk, Shivamogga.",open,Shivamogga,Shivamogga Traffic PS,"Near Singh Chowk, Shivamogga",13.9883,75.6259,Insp. Victor Kanda,2024,2,12
KAR/BEN/2024/0561,2024-04-22,06:35:00,vehicle_theft,"Reported incident of vehicle theft at Near Kar Marg, Bengaluru Urban. Suspect vehicle noticed with plate KA-03-P-6770.",under_investigation,Bengaluru Urban,Bengaluru Urban Traffic PS,"Near Kar Marg, Bengaluru Urban",13.0138,77.5849,Insp. Ekavir Ramachandran,2024,4,6
KAR/BEN/2024/0562,2024-06-15,01:07:00,fraud,"Reported incident of fraud at Near Parsa Ganj, Bengaluru Urban.",under_investigation,Bengaluru Urban,Bengaluru Urban Traffic PS,"Near Parsa Ganj, Bengaluru Urban",12.9742,77.5923,Insp. Bahadurjit Banik,2024,6,1
KAR/HUB/2024/0563,2024-06-07,12:31:00,burglary,"Reported incident of burglary at Near Narayan Marg, Hubballi-Dharwad.",under_investigation,Hubballi-Dharwad,Hubballi-Dharwad Traffic PS,"Near Narayan Marg, Hubballi-Dharwad",15.2892,75.1754,Insp. Yashawini Kale,2024,6,12
KAR/TUM/2024/0564,2024-08-13,10:30:00,cybercrime,"Reported incident of cybercrime at Near Nazareth Ganj, Tumakuru.",open,Tumakuru,Tumakuru Market PS,"Near Nazareth Ganj, Tumakuru",13.298,77.0667,Insp. Falak Mistry,2024,8,10
KAR/BEN/2024/0565,2024-08-08,05:00:00,kidnapping,"Reported incident of kidnapping at Near Agrawal Zila, Bengaluru Urban.",under_investigation,Bengaluru Urban,Bengaluru Urban Central PS,"Near Agrawal Zila, Bengaluru Urban",13.0121,77.6512,Insp. Christopher Raghavan,2024,8,5
KAR/BEN/2024/0566,2025-05-26,22:53:00,robbery,"Reported incident of robbery at Near Loyal Ganj, Bengaluru Urban. Suspect vehicle noticed with plate KA-25-B-2781.",open,Bengaluru Urban,Bengaluru Urban North PS,"Near Loyal Ganj, Bengaluru Urban",12.983,77.6048,Insp. Ucchal Bassi,2025,5,22
KAR/BEN/2024/0567,2025-04-10,21:45:00,fraud,"Reported incident of fraud at Near Pillai Circle, Bengaluru Urban.",open,Bengaluru Urban,Bengaluru Urban West PS,"Near Pillai Circle, Bengaluru Urban",12.8696,77.5811,Insp. Hamsini Patel,2025,4,21
KAR/MAN/2024/0568,2024-09-08,01:56:00,vehicle_theft,"Reported incident of vehicle theft at Near Bhat Circle, Mangaluru (Dakshina Kannada). Suspect vehicle noticed with plate KA-02-P-9667.",open,Mangaluru (Dakshina Kannada),Mangaluru (Dakshina Kannada) Town PS,"Near Bhat Circle, Mangaluru (Dakshina Kannada)",12.8291,74.8371,Insp. Ekaraj Hari,2024,9,1
KAR/VIJ/2024/0569,2024-12-03,09:28:00,vehicle_theft,"Reported incident of vehicle theft at Near Kumar Path, Vijayapura. Suspect vehicle noticed with plate KA-37-M-8646.",chargesheeted,Vijayapura,Vijayapura Industrial PS,"Near Kumar Path, Vijayapura",16.8428,75.6368,Insp. Keya Deol,2024,12,9
KAR/UDU/2024/0570,2024-04-18,10:13:00,hit_and_run,"Reported incident of hit and run at Near Chowdhury Circle, Udupi.",under_investigation,Udupi,Udupi Rural PS,"Near Chowdhury Circle, Udupi",13.3718,74.6924,Insp. Aditya Kunda,2024,4,10
KAR/RAI/2024/0571,2024-06-09,07:08:00,vehicle_theft,"Reported incident of vehicle theft at Near Verma Nagar, Raichur. Suspect vehicle noticed with plate KA-43-B-1815.",under_investigation,Raichur,Raichur Traffic PS,"Near Verma Nagar, Raichur",16.2278,77.3187,Insp. Ekanta Kibe,2024,6,7
KAR/BEN/2024/0572,2024-11-07,10:04:00,vehicle_theft,"Reported incident of vehicle theft at Near Ratta, Bengaluru Urban. Suspect vehicle noticed with plate KA-32-KA-6599.",open,Bengaluru Urban,Bengaluru Urban Traffic PS,"Near Ratta, Bengaluru Urban",13.0152,77.5576,Insp. Neha Wadhwa,2024,11,10
KAR/KOL/2024/0573,2024-09-09,12:36:00,eve_teasing,"Reported incident of eve teasing at Near Mitra Street, Kolar.",open,Kolar,Kolar Town PS,"Near Mitra Street, Kolar",13.1172,78.1793,Insp. Darpan Biswas,2024,9,12
KAR/RAI/2024/0574,2024-06-25,00:08:00,chain_snatching,"Reported incident of chain snatching at Near Dora Path, Raichur. Suspect vehicle noticed with plate KA-30-P-7121.",under_investigation,Raichur,Raichur Rural PS,"Near Dora Path, Raichur",16.2158,77.3374,Insp. Bhavini Kari,2024,6,0
KAR/BEN/2024/0575,2024-02-23,19:53:00,senior_citizen_crime,"Reported incident of senior citizen crime at Near Soni Street, Bengaluru Rural.",open,Bengaluru Rural,Bengaluru Rural South PS,"Near Soni Street, Bengaluru Rural",13.2105,77.6108,Insp. Ira Deol,2024,2,19
KAR/BEN/2024/0576,2024-05-09,08:29:00,robbery,"Reported incident of robbery at Near Krishna Nagar, Bengaluru Urban. Suspect vehicle noticed with plate KA-10-KA-9646.",under_investigation,Bengaluru Urban,Bengaluru Urban Traffic PS,"Near Krishna Nagar, Bengaluru Urban",12.9796,77.5615,Insp. Shravya Tata,2024,5,8
KAR/BEN/2024/0577,2024-06-20,10:48:00,fraud,"Reported incident of fraud at Near Buch Marg, Bengaluru Rural.",open,Bengaluru Rural,Bengaluru Rural South PS,"Near Buch Marg, Bengaluru Rural",13.2127,77.6194,Insp. Ucchal Varkey,2024,6,10
KAR/BID/2024/0578,2024-01-24,13:56:00,vehicle_theft,"Reported incident of vehicle theft at Near Luthra Street, Bidar. Suspect vehicle noticed with plate KA-38-KB-5537.",chargesheeted,Bidar,Bidar Rural PS,"Near Luthra Street, Bidar",17.9275,77.5031,Insp. Upkaar Doshi,2024,1,13
KAR/BEN/2024/0579,2024-12-30,03:52:00,fraud,"Reported incident of fraud at Near Soni, Bengaluru Urban.",chargesheeted,Bengaluru Urban,Bengaluru Urban Traffic PS,"Near Soni, Bengaluru Urban",12.9805,77.553,Insp. Nitesh Lall,2024,12,3
KAR/BEN/2024/0580,2025-05-12,16:05:00,vehicle_theft,"Reported incident of vehicle theft at Near Tata, Bengaluru Urban. Suspect vehicle noticed with plate KA-51-B-2888.",open,Bengaluru Urban,Bengaluru Urban Traffic PS,"Near Tata, Bengaluru Urban",12.9925,77.5625,Insp. Kashvi Goel,2025,5,16
KAR/MAN/2024/0581,2024-09-14,23:22:00,fraud,"Reported incident of fraud at Near Aggarwal Path, Mangaluru (Dakshina Kannada).",open,Mangaluru (Dakshina Kannada),Mangaluru (Dakshina Kannada) Industrial PS,"Near Aggarwal Path, Mangaluru (Dakshina Kannada)",12.9786,74.8335,Insp. Ethan Chakrabarti,2024,9,23
KAR/VIJ/2024/0582,2024-05-28,12:06:00,vehicle_theft,"Reported incident of vehicle theft at Near Kanda Path, Vijayapura. Suspect vehicle noticed with plate KA-04-N-4453.",under_investigation,Vijayapura,Vijayapura Industrial PS,"Near Kanda Path, Vijayapura",16.8295,75.6208,Insp. Faqid Guha,2024,5,12
KAR/KAL/2024/0583,2025-02-26,15:16:00,kidnapping,"Reported incident of kidnapping at Near Chandran Path, Kalaburagi.",open,Kalaburagi,Kalaburagi Market PS,"Near Chandran Path, Kalaburagi",17.3424,76.7475,Insp. Naveen Chacko,2025,2,15
KAR/SHI/2024/0584,2024-11-19,02:48:00,vehicle_theft,"Reported incident of vehicle theft at Near Merchant Road, Shivamogga. Suspect vehicle noticed with plate KA-52-KA-3654.",open,Shivamogga,Shivamogga Suburban PS,"Near Merchant Road, Shivamogga",13.9435,75.614,Insp. Sai Sibal,2024,11,2
KAR/BEL/2024/0585,2025-01-31,09:37:00,chain_snatching,"Reported incident of chain snatching at Near Borah Nagar, Belagavi. Suspect vehicle noticed with plate KA-47-KB-9577.",open,Belagavi,Belagavi Town PS,"Near Borah Nagar, Belagavi",15.8305,74.5198,Insp. Zarna Thaman,2025,1,9
KAR/RAI/2024/0586,2025-01-11,06:13:00,vehicle_theft,"Reported incident of vehicle theft at Near Bal Street, Raichur. Suspect vehicle noticed with plate KA-41-KB-5115.",chargesheeted,Raichur,Raichur Rural PS,"Near Bal Street, Raichur",16.234,77.3588,Insp. Pushti Solanki,2025,1,6
KAR/BEL/2024/0587,2024-12-10,21:19:00,vehicle_theft,"Reported incident of vehicle theft at Near Misra Marg, Belagavi. Suspect vehicle noticed with plate KA-07-M-8844.",under_investigation,Belagavi,Belagavi Suburban PS,"Near Misra Marg, Belagavi",15.8878,74.4685,Insp. Darika Dani,2024,12,21
KAR/TUM/2024/0588,2025-05-21,11:55:00,robbery,"Reported incident of robbery at Near Borra Path, Tumakuru. Suspect vehicle noticed with plate KA-31-M-6123.",chargesheeted,Tumakuru,Tumakuru Rural PS,"Near Borra Path, Tumakuru",13.2511,77.1633,Insp. Nicholas Kothari,2025,5,11
KAR/BEN/2024/0589,2025-04-25,22:19:00,robbery,"Reported incident of robbery at Near Sarkar Path, Bengaluru Urban. Suspect vehicle noticed with plate KA-37-B-8304.",open,Bengaluru Urban,Bengaluru Urban North PS,"Near Sarkar Path, Bengaluru Urban",13.0374,77.6017,Insp. Eta Bakshi,2025,4,22
KAR/BID/2024/0590,2024-01-13,07:42:00,burglary,"Reported incident of burglary at Near Lanka Circle, Bidar.",open,Bidar,Bidar Industrial PS,"Near Lanka Circle, Bidar",17.9221,77.5479,Insp. Bhavani Ahuja,2024,1,7
KAR/CHI/2024/0591,2024-12-10,21:20:00,vehicle_theft,"Reported incident of vehicle theft at Near Gour Path, Chikkamagaluru. Suspect vehicle noticed with plate KA-25-M-6278.",closed,Chikkamagaluru,Chikkamagaluru Market PS,"Near Gour Path, Chikkamagaluru",13.337,75.6855,Insp. Bhanumati Pall,2024,12,21
KAR/BEN/2024/0592,2024-07-24,17:52:00,robbery,"Reported incident of robbery at Near Chand Nagar, Bengaluru Rural. Suspect vehicle noticed with plate KA-35-KB-7106.",chargesheeted,Bengaluru Rural,Bengaluru Rural Central PS,"Near Chand Nagar, Bengaluru Rural",13.2354,77.5325,Insp. Vritti Bakshi,2024,7,17
KAR/BEN/2024/0593,2025-05-27,05:49:00,assault,"Reported incident of assault at Near Soni Zila, Bengaluru Urban.",under_investigation,Bengaluru Urban,Bengaluru Urban Central PS,"Near Soni Zila, Bengaluru Urban",12.9955,77.613,Insp. Harsh Purohit,2025,5,5
KAR/UDU/2024/0594,2025-04-17,20:47:00,cybercrime,"Reported incident of cybercrime at Near Bhalla Zila, Udupi.",chargesheeted,Udupi,Udupi Town PS,"Near Bhalla Zila, Udupi",13.2947,74.79,Insp. Nakul Bhat,2025,4,20
KAR/BEN/2024/0595,2024-11-14,23:33:00,vehicle_theft,"Reported incident of vehicle theft at Near Tella Marg, Bengaluru Urban. Suspect vehicle noticed with plate KA-19-P-5191.",open,Bengaluru Urban,Bengaluru Urban Central PS,"Near Tella Marg, Bengaluru Urban",12.9789,77.604,Insp. Jai Sule,2024,11,23
KAR/KOL/2024/0596,2024-10-11,03:54:00,vehicle_theft,"Reported incident of vehicle theft at Near Memon Zila, Kolar. Suspect vehicle noticed with plate KA-20-B-6263.",open,Kolar,Kolar Industrial PS,"Near Memon Zila, Kolar",13.2032,78.0589,Insp. Jairaj Narula,2024,10,3
KAR/UDU/2024/0597,2024-11-22,00:34:00,cybercrime,"Reported incident of cybercrime at Near Chatterjee Path, Udupi.",open,Udupi,Udupi Rural PS,"Near Chatterjee Path, Udupi",13.3523,74.6579,Insp. Yachana Dar,2024,11,0
KAR/BEL/2024/0598,2024-02-06,02:15:00,burglary,"Reported incident of burglary at Near Dube Path, Belagavi.",under_investigation,Belagavi,Belagavi Town PS,"Near Dube Path, Belagavi",15.8005,74.5444,Insp. Aadi More,2024,2,2
KAR/BEN/2024/0599,2024-06-10,14:04:00,fraud,"Reported incident of fraud at Near Bhandari Ganj, Bengaluru Urban.",open,Bengaluru Urban,Bengaluru Urban Central PS,"Near Bhandari Ganj, Bengaluru Urban",12.9979,77.6083,Insp. Charita Borah,2024,6,14
KAR/MAN/2024/0600,2024-02-25,10:24:00,robbery,"Reported incident of robbery at Near Mani Nagar, Mangaluru (Dakshina Kannada). Suspect vehicle noticed with plate KA-12-B-8408.",open,Mangaluru (Dakshina Kannada),Mangaluru (Dakshina Kannada) Rural PS,"Near Mani Nagar, Mangaluru (Dakshina Kannada)",12.8347,74.8709,Insp. Daksh Balasubramanian,2024,2,10
KAR/MAN/2024/0601,2024-04-28,10:06:00,cybercrime,"Reported incident of cybercrime at Near Bava Marg, Mandya.",open,Mandya,Mandya Suburban PS,"Near Bava Marg, Mandya",12.5563,76.8887,Insp. Leena Dua,2024,4,10
KAR/VIJ/2024/0602,2024-09-18,17:26:00,cybercrime,"Reported incident of cybercrime at Near Jhaveri Ganj, Vijayapura.",chargesheeted,Vijayapura,Vijayapura Industrial PS,"Near Jhaveri Ganj, Vijayapura",16.8264,75.6548,Insp. Aditya Rastogi,2024,9,17
KAR/KOL/2024/0603,2024-05-05,16:43:00,fraud,"Reported incident of fraud at Near Puri Marg, Kolar.",open,Kolar,Kolar Market PS,"Near Puri Marg, Kolar",13.0689,78.0634,Insp. Triya Choudhry,2024,5,16
KAR/BEL/2024/0604,2024-08-23,23:50:00,burglary,"Reported incident of burglary at Near Kumar Path, Belagavi.",open,Belagavi,Belagavi Market PS,"Near Kumar Path, Belagavi",15.8988,74.4684,Insp. Arin Rai,2024,8,23
KAR/RAI/2024/0605,2025-02-01,02:01:00,burglary,"Reported incident of burglary at Near Buch Ganj, Raichur.",open,Raichur,Raichur Market PS,"Near Buch Ganj, Raichur",16.2382,77.3205,Insp. Zaitra Sawhney,2025,2,2
KAR/MYS/2024/0606,2025-04-27,04:53:00,eve_teasing,"Reported incident of eve teasing at Near Sodhi Marg, Mysuru.",closed,Mysuru,Mysuru Central PS,"Near Sodhi Marg, Mysuru",12.2743,76.6249,Insp. Aashi Loke,2025,4,4
KAR/BEN/2024/0607,2024-01-19,06:55:00,fraud,"Reported incident of fraud at Near Datta Circle, Bengaluru Urban.",open,Bengaluru Urban,Bengaluru Urban South PS,"Near Datta Circle, Bengaluru Urban",13.0128,77.588,Insp. Ijaya Basak,2024,1,6
KAR/MYS/2024/0608,2024-05-05,08:21:00,cybercrime,"Reported incident of cybercrime at Near Date Street, Mysuru.",chargesheeted,Mysuru,Mysuru Central PS,"Near Date Street, Mysuru",12.3153,76.6069,Insp. Mugdha Sarin,2024,5,8
KAR/MAN/2024/0609,2025-01-28,02:05:00,property_crime,"Reported incident of property crime at Near Baria Circle, Mangaluru (Dakshina Kannada).",open,Mangaluru (Dakshina Kannada),Mangaluru (Dakshina Kannada) Suburban PS,"Near Baria Circle, Mangaluru (Dakshina Kannada)",12.9959,74.8613,Insp. Michael Mandal,2025,1,2
KAR/DAV/2024/0610,2024-12-12,23:38:00,murder,"Reported incident of murder at Near Aurora Ganj, Davangere.",open,Davangere,Davangere Traffic PS,"Near Aurora Ganj, Davangere",14.5124,75.9311,Insp. Chanakya Mistry,2024,12,23
KAR/SHI/2024/0611,2024-06-16,21:36:00,burglary,"Reported incident of burglary at Near Tripathi Circle, Shivamogga.",under_investigation,Shivamogga,Shivamogga Rural PS,"Near Tripathi Circle, Shivamogga",13.9571,75.5464,Insp. Pratyush Tella,2024,6,21
KAR/SHI/2024/0612,2024-05-25,03:47:00,vehicle_theft,"Reported incident of vehicle theft at Near Rattan Marg, Shivamogga. Suspect vehicle noticed with plate KA-39-N-1073.",under_investigation,Shivamogga,Shivamogga Industrial PS,"Near Rattan Marg, Shivamogga",13.8733,75.5385,Insp. Bhavna Biswas,2024,5,3
KAR/BEN/2024/0613,2025-04-27,23:43:00,vehicle_theft,"Reported incident of vehicle theft at Near Iyer Street, Bengaluru Urban. Suspect vehicle noticed with plate KA-17-N-2696.",chargesheeted,Bengaluru Urban,Bengaluru Urban Central PS,"Near Iyer Street, Bengaluru Urban",13.0133,77.6457,Insp. Sanaya Sekhon,2025,4,23
KAR/BEN/2024/0614,2025-01-08,20:41:00,robbery,"Reported incident of robbery at Near Sharma, Bengaluru Urban. Suspect vehicle noticed with plate KA-34-M-5584.",open,Bengaluru Urban,Bengaluru Urban Traffic PS,"Near Sharma, Bengaluru Urban",12.9756,77.5837,Insp. Harinakshi Kala,2025,1,20
KAR/VIJ/2024/0615,2025-03-30,20:47:00,chain_snatching,"Reported incident of chain snatching at Near Kade Street, Vijayapura. Suspect vehicle noticed with plate KA-16-P-9821.",under_investigation,Vijayapura,Vijayapura Market PS,"Near Kade Street, Vijayapura",16.8577,75.6844,Insp. Rehaan Vohra,2025,3,20
KAR/BEL/2024/0616,2024-03-01,22:11:00,property_crime,"Reported incident of property crime at Near Oza Road, Belagavi.",open,Belagavi,Belagavi Suburban PS,"Near Oza Road, Belagavi",15.8816,74.4745,Insp. Pranav Nagy,2024,3,22
KAR/KOL/2024/0617,2024-04-02,19:34:00,fraud,"Reported incident of fraud at Near Bains Zila, Kolar.",open,Kolar,Kolar Suburban PS,"Near Bains Zila, Kolar",13.066,78.1359,Insp. Udarsh Dugar,2024,4,19
KAR/BEN/2024/0618,2024-10-28,15:50:00,cybercrime,"Reported incident of cybercrime at Near Kade Chowk, Bengaluru Urban.",open,Bengaluru Urban,Bengaluru Urban Traffic PS,"Near Kade Chowk, Bengaluru Urban",12.9767,77.5724,Insp. Bhavini Dani,2024,10,15
KAR/BAL/2024/0619,2024-12-02,09:23:00,chain_snatching,"Reported incident of chain snatching at Near Deep Nagar, Ballari. Suspect vehicle noticed with plate KA-51-KA-1429.",open,Ballari,Ballari Suburban PS,"Near Deep Nagar, Ballari",15.2191,76.8793,Insp. Vedika Kannan,2024,12,9
KAR/UDU/2024/0620,2024-08-06,09:26:00,robbery,"Reported incident of robbery at Near Sampath Path, Udupi. Suspect vehicle noticed with plate KA-25-KA-6502.",chargesheeted,Udupi,Udupi Traffic PS,"Near Sampath Path, Udupi",13.2747,74.757,Insp. Anya Malhotra,2024,8,9
KAR/VIJ/2024/0621,2024-09-06,18:13:00,burglary,"Reported incident of burglary at Near Iyengar Street, Vijayapura.",open,Vijayapura,Vijayapura Industrial PS,"Near Iyengar Street, Vijayapura",16.8132,75.6329,Insp. Devansh Aurora,2024,9,18
KAR/BEN/2024/0622,2025-03-28,00:28:00,burglary,"Reported incident of burglary at Near Rama Zila, Bengaluru Urban.",open,Bengaluru Urban,Bengaluru Urban Traffic PS,"Near Rama Zila, Bengaluru Urban",12.9812,77.5756,Insp. Champak Dalal,2025,3,0
KAR/UDU/2024/0623,2025-04-24,18:43:00,eve_teasing,"Reported incident of eve teasing at Near Thaker Path, Udupi.",under_investigation,Udupi,Udupi Town PS,"Near Thaker Path, Udupi",13.3461,74.7932,Insp. Theodore Rama,2025,4,18
KAR/BEN/2024/0624,2024-07-17,22:11:00,vehicle_theft,"Reported incident of vehicle theft at Near Contractor Ganj, Bengaluru Urban. Suspect vehicle noticed with plate KA-32-KA-5771.",open,Bengaluru Urban,Bengaluru Urban South PS,"Near Contractor Ganj, Bengaluru Urban",13.0053,77.5435,Insp. Manthan Kumar,2024,7,22
KAR/RAI/2024/0625,2024-10-08,07:09:00,vehicle_theft,"Reported incident of vehicle theft at Near Sami Marg, Raichur. Suspect vehicle noticed with plate KA-16-P-2461.",under_investigation,Raichur,Raichur Rural PS,"Near Sami Marg, Raichur",16.2271,77.3445,Insp. Tarak Datta,2024,10,7
KAR/TUM/2024/0626,2025-04-14,01:51:00,senior_citizen_crime,"Reported incident of senior citizen crime at Near Narasimhan Road, Tumakuru.",under_investigation,Tumakuru,Tumakuru Market PS,"Near Narasimhan Road, Tumakuru",13.3095,77.0927,Insp. Ekavir Mukhopadhyay,2025,4,1
KAR/BEN/2024/0627,2024-04-19,15:18:00,chain_snatching,"Reported incident of chain snatching at Near Tank Path, Bengaluru Urban. Suspect vehicle noticed with plate KA-05-P-1862.",under_investigation,Bengaluru Urban,Bengaluru Urban Central PS,"Near Tank Path, Bengaluru Urban",12.9759,77.6128,Insp. Jagrati Yohannan,2024,4,15
KAR/CHI/2024/0628,2024-06-21,16:32:00,vehicle_theft,"Reported incident of vehicle theft at Near Sridhar Circle, Chikkamagaluru. Suspect vehicle noticed with plate KA-06-B-1407.",open,Chikkamagaluru,Chikkamagaluru Town PS,"Near Sridhar Circle, Chikkamagaluru",13.2536,75.7689,Insp. Aahana Patla,2024,6,16
KAR/BEN/2024/0629,2024-06-29,14:24:00,robbery,"Reported incident of robbery at Near Goswami Chowk, Bengaluru Urban. Suspect vehicle noticed with plate KA-52-P-9687.",closed,Bengaluru Urban,Bengaluru Urban Central PS,"Near Goswami Chowk, Bengaluru Urban",13.0162,77.645,Insp. Devansh Lad,2024,6,14
KAR/MAN/2024/0630,2024-03-11,04:32:00,eve_teasing,"Reported incident of eve teasing at Near Mallick Path, Mandya.",chargesheeted,Mandya,Mandya Industrial PS,"Near Mallick Path, Mandya",12.5112,76.9369,Insp. Vivaan Chaudhry,2024,3,4
KAR/MYS/2024/0631,2025-01-22,00:12:00,chain_snatching,"Reported incident of chain snatching at Near Kanda, Mysuru. Suspect vehicle noticed with plate KA-32-N-3131.",under_investigation,Mysuru,Mysuru Traffic PS,"Near Kanda, Mysuru",12.3472,76.5536,Insp. Lipika Murty,2025,1,0
KAR/BAL/2024/0632,2025-01-15,14:23:00,eve_teasing,"Reported incident of eve teasing at Near Dugal Road, Ballari.",under_investigation,Ballari,Ballari Traffic PS,"Near Dugal Road, Ballari",15.1237,76.9671,Insp. Reyansh Nagy,2025,1,14
KAR/BEN/2024/0633,2024-08-07,22:30:00,burglary,"Reported incident of burglary at Near Iyengar Path, Bengaluru Urban.",open,Bengaluru Urban,Bengaluru Urban East PS,"Near Iyengar Path, Bengaluru Urban",13.0199,77.5308,Insp. Amrita Das,2024,8,22
KAR/BID/2024/0634,2025-04-05,19:23:00,cybercrime,"Reported incident of cybercrime at Near Sura Ganj, Bidar.",open,Bidar,Bidar Industrial PS,"Near Sura Ganj, Bidar",17.9446,77.5407,Insp. Advik Konda,2025,4,19
KAR/MYS/2024/0635,2025-04-24,00:55:00,cybercrime,"Reported incident of cybercrime at Near Yogi Chowk, Mysuru.",open,Mysuru,Mysuru Central PS,"Near Yogi Chowk, Mysuru",12.2803,76.6074,Insp. Vasana Sethi,2025,4,0
KAR/KOP/2024/0636,2025-02-23,19:50:00,vehicle_theft,"Reported incident of vehicle theft at Near Kanda Nagar, Koppal. Suspect vehicle noticed with plate KA-13-N-6209.",open,Koppal,Koppal Town PS,"Near Kanda Nagar, Koppal",15.3211,76.2301,Insp. Aarav Kulkarni,2025,2,19
KAR/BEN/2024/0637,2025-05-13,07:40:00,vehicle_theft,"Reported incident of vehicle theft at Near Bose Circle, Bengaluru Urban. Suspect vehicle noticed with plate KA-30-N-5030.",open,Bengaluru Urban,Bengaluru Urban East PS,"Near Bose Circle, Bengaluru Urban",12.9993,77.516,Insp. Varenya Thaker,2025,5,7
KAR/DAV/2024/0638,2025-04-19,07:13:00,fraud,"Reported incident of fraud at Near Sane Ganj, Davangere.",open,Davangere,Davangere Suburban PS,"Near Sane Ganj, Davangere",14.5491,75.9575,Insp. Ladli Deshpande,2025,4,7
KAR/TUM/2024/0639,2024-08-08,18:50:00,vehicle_theft,"Reported incident of vehicle theft at Near Koshy Path, Tumakuru. Suspect vehicle noticed with plate KA-54-A-2477.",chargesheeted,Tumakuru,Tumakuru Industrial PS,"Near Koshy Path, Tumakuru",13.3861,77.0666,Insp. Ojasvi Rajagopal,2024,8,18
KAR/MYS/2024/0640,2024-10-15,13:33:00,fraud,"Reported incident of fraud at Near Dani Chowk, Mysuru.",under_investigation,Mysuru,Mysuru East PS,"Near Dani Chowk, Mysuru",12.2477,76.7074,Insp. Yatan Ravel,2024,10,13
KAR/KOP/2024/0641,2024-10-27,07:18:00,burglary,"Reported incident of burglary at Near Pillay Nagar, Koppal.",chargesheeted,Koppal,Koppal Town PS,"Near Pillay Nagar, Koppal",15.2952,76.1796,Insp. Raksha Mukherjee,2024,10,7
KAR/BID/2024/0642,2024-08-12,06:56:00,chain_snatching,"Reported incident of chain snatching at Near Tak Marg, Bidar. Suspect vehicle noticed with plate KA-12-B-9802.",chargesheeted,Bidar,Bidar Industrial PS,"Near Tak Marg, Bidar",17.9106,77.5344,Insp. Anika Chaudry,2024,8,6
KAR/BEN/2024/0643,2025-01-02,22:30:00,drug_offence,"Reported incident of drug offence at Near Bassi Marg, Bengaluru Urban.",under_investigation,Bengaluru Urban,Bengaluru Urban Central PS,"Near Bassi Marg, Bengaluru Urban",12.963,77.6464,Insp. Raghav Zacharia,2025,1,22
KAR/KOP/2024/0644,2024-10-29,11:15:00,property_crime,"Reported incident of property crime at Near Raju Ganj, Koppal.",under_investigation,Koppal,Koppal Rural PS,"Near Raju Ganj, Koppal",15.3858,76.1097,Insp. Amrita Dua,2024,10,11
KAR/BAL/2024/0645,2024-06-11,19:28:00,fraud,"Reported incident of fraud at Near Barman Chowk, Ballari.",closed,Ballari,Ballari Town PS,"Near Barman Chowk, Ballari",15.0992,76.9703,Insp. Pallavi Konda,2024,6,19
KAR/BEN/2024/0646,2024-07-10,06:53:00,fraud,"Reported incident of fraud at Near Dhingra, Bengaluru Urban.",open,Bengaluru Urban,Bengaluru Urban East PS,"Near Dhingra, Bengaluru Urban",13.0023,77.5414,Insp. Saanvi Desai,2024,7,6
KAR/SHI/2024/0647,2024-07-14,19:16:00,fraud,"Reported incident of fraud at Near Kapadia Ganj, Shivamogga.",under_investigation,Shivamogga,Shivamogga Town PS,"Near Kapadia Ganj, Shivamogga",13.9621,75.5398,Insp. Atharv Devan,2024,7,19
KAR/UDU/2024/0648,2024-10-10,13:05:00,assault,"Reported incident of assault at Near Bedi Circle, Udupi.",open,Udupi,Udupi Rural PS,"Near Bedi Circle, Udupi",13.353,74.6995,Insp. Alka Batta,2024,10,13
KAR/UDU/2024/0649,2024-09-28,18:26:00,robbery,"Reported incident of robbery at Near Misra Street, Udupi. Suspect vehicle noticed with plate KA-14-P-1819.",open,Udupi,Udupi Traffic PS,"Near Misra Street, Udupi",13.3056,74.7189,Insp. Aarav Nair,2024,9,18
KAR/BEN/2024/0650,2024-10-09,09:46:00,vehicle_theft,"Reported incident of vehicle theft at Near Bhat Nagar, Bengaluru Rural. Suspect vehicle noticed with plate KA-12-P-4468.",open,Bengaluru Rural,Bengaluru Rural West PS,"Near Bhat Nagar, Bengaluru Rural",13.2668,77.6224,Insp. Yatin Sarna,2024,10,9
KAR/BEN/2024/0651,2024-03-02,20:53:00,fraud,"Reported incident of fraud at Near Jani Circle, Bengaluru Urban.",open,Bengaluru Urban,Bengaluru Urban Central PS,"Near Jani Circle, Bengaluru Urban",13.0205,77.638,Insp. Eta Cheema,2024,3,20
KAR/KOL/2024/0652,2024-01-19,00:37:00,burglary,"Reported incident of burglary at Near Pingle Chowk, Kolar.",chargesheeted,Kolar,Kolar Rural PS,"Near Pingle Chowk, Kolar",13.2105,78.1662,Insp. Bhavna Setty,2024,1,0
KAR/BEN/2024/0653,2025-04-08,14:44:00,vehicle_theft,"Reported incident of vehicle theft at Near Shanker Marg, Bengaluru Urban. Suspect vehicle noticed with plate KA-47-A-4354.",under_investigation,Bengaluru Urban,Bengaluru Urban Central PS,"Near Shanker Marg, Bengaluru Urban",13.0141,77.6162,Insp. Harrison Sandhu,2025,4,14
KAR/MYS/2024/0654,2024-11-02,21:10:00,hit_and_run,"Reported incident of hit and run at Near Deep Circle, Mysuru.",open,Mysuru,Mysuru West PS,"Near Deep Circle, Mysuru",12.3584,76.5828,Insp. Siddharth Palan,2024,11,21
KAR/BEN/2024/0655,2024-05-16,21:25:00,property_crime,"Reported incident of property crime at Near Kannan Path, Bengaluru Urban.",under_investigation,Bengaluru Urban,Bengaluru Urban East PS,"Near Kannan Path, Bengaluru Urban",12.999,77.5481,Insp. Pranit Krish,2024,5,21
KAR/KOL/2024/0656,2024-12-03,09:08:00,chain_snatching,"Reported incident of chain snatching at Near Vora Nagar, Kolar. Suspect vehicle noticed with plate KA-41-B-2018.",open,Kolar,Kolar Town PS,"Near Vora Nagar, Kolar",13.1144,78.1666,Insp. Ekanta Pall,2024,12,9
KAR/UDU/2024/0657,2025-04-09,20:09:00,fraud,"Reported incident of fraud at Near Magar Zila, Udupi.",open,Udupi,Udupi Traffic PS,"Near Magar Zila, Udupi",13.2685,74.7202,Insp. Jason Jani,2025,4,20
KAR/KOP/2024/0658,2024-12-11,02:20:00,chain_snatching,"Reported incident of chain snatching at Near Raval Ganj, Koppal. Suspect vehicle noticed with plate KA-34-B-4023.",chargesheeted,Koppal,Koppal Industrial PS,"Near Raval Ganj, Koppal",15.2714,76.155,Insp. Victor Dube,2024,12,2
KAR/HAS/2024/0659,2024-01-06,12:52:00,vehicle_theft,"Reported incident of vehicle theft at Near Basu Circle, Hassan. Suspect vehicle noticed with plate KA-49-A-1771.",under_investigation,Hassan,Hassan Industrial PS,"Near Basu Circle, Hassan",13.0443,76.0959,Insp. Nitara Jani,2024,1,12
KAR/BEN/2024/0660,2024-11-25,15:42:00,vehicle_theft,"Reported incident of vehicle theft at Near Shroff Path, Bengaluru Urban. Suspect vehicle noticed with plate KA-28-M-2573.",open,Bengaluru Urban,Bengaluru Urban Traffic PS,"Near Shroff Path, Bengaluru Urban",12.9854,77.5805,Insp. Madhav Subramaniam,2024,11,15
KAR/MAN/2024/0661,2024-12-08,08:42:00,cybercrime,"Reported incident of cybercrime at Near Menon Zila, Mandya.",open,Mandya,Mandya Rural PS,"Near Menon Zila, Mandya",12.4682,76.9304,Insp. Amara Nair,2024,12,8
KAR/MAN/2024/0662,2024-01-01,23:28:00,murder,"Reported incident of murder at Near Ganesan Ganj, Mandya.",open,Mandya,Mandya Town PS,"Near Ganesan Ganj, Mandya",12.5415,76.9551,Insp. Anjali Biswas,2024,1,23
KAR/BEN/2024/0663,2025-05-24,04:43:00,eve_teasing,"Reported incident of eve teasing at Near Mittal Zila, Bengaluru Urban.",chargesheeted,Bengaluru Urban,Bengaluru Urban North PS,"Near Mittal Zila, Bengaluru Urban",12.9811,77.5686,Insp. Aarna Rajagopal,2025,5,4
KAR/BEN/2024/0664,2025-01-12,19:39:00,kidnapping,"Reported incident of kidnapping at Near Dhillon, Bengaluru Urban.",under_investigation,Bengaluru Urban,Bengaluru Urban West PS,"Near Dhillon, Bengaluru Urban",12.9203,77.5739,Insp. Chaitaly Tank,2025,1,19
KAR/MAN/2024/0665,2024-12-19,14:28:00,fraud,"Reported incident of fraud at Near Lad Circle, Mandya.",under_investigation,Mandya,Mandya Traffic PS,"Near Lad Circle, Mandya",12.5693,76.9122,Insp. Unnati Sawhney,2024,12,14
KAR/TUM/2024/0666,2024-03-12,01:16:00,property_crime,"Reported incident of property crime at Near Karnik Zila, Tumakuru.",under_investigation,Tumakuru,Tumakuru Industrial PS,"Near Karnik Zila, Tumakuru",13.4037,77.0457,Insp. Yachana Banik,2024,3,1
KAR/VIJ/2024/0667,2024-12-07,06:03:00,robbery,"Reported incident of robbery at Near Kamdar Zila, Vijayapura. Suspect vehicle noticed with plate KA-03-A-2366.",chargesheeted,Vijayapura,Vijayapura Industrial PS,"Near Kamdar Zila, Vijayapura",16.8125,75.6566,Insp. Aditya Sule,2024,12,6
KAR/HAS/2024/0668,2024-04-23,02:18:00,hit_and_run,"Reported incident of hit and run at Near Sani Chowk, Hassan.",open,Hassan,Hassan Town PS,"Near Sani Chowk, Hassan",13.053,76.0078,Insp. Zayan Om,2024,4,2
KAR/DAV/2024/0669,2024-12-12,02:02:00,vehicle_theft,"Reported incident of vehicle theft at Near Sangha Marg, Davangere. Suspect vehicle noticed with plate KA-39-M-6923.",open,Davangere,Davangere Rural PS,"Near Sangha Marg, Davangere",14.508,75.9381,Insp. Elijah Bala,2024,12,2
KAR/HAS/2024/0670,2025-04-15,13:03:00,fraud,"Reported incident of fraud at Near Venkataraman Road, Hassan.",open,Hassan,Hassan Town PS,"Near Venkataraman Road, Hassan",13.0563,76.0268,Insp. Ikbal Chand,2025,4,13
KAR/BEN/2024/0671,2024-10-15,08:46:00,property_crime,"Reported incident of property crime at Near Doshi Road, Bengaluru Urban.",open,Bengaluru Urban,Bengaluru Urban Central PS,"Near Doshi Road, Bengaluru Urban",13.004,77.6233,Insp. Sanaya Pant,2024,10,8
KAR/BEN/2024/0672,2024-12-09,23:04:00,chain_snatching,"Reported incident of chain snatching at Near Buch Marg, Bengaluru Rural. Suspect vehicle noticed with plate KA-51-B-2358.",chargesheeted,Bengaluru Rural,Bengaluru Rural West PS,"Near Buch Marg, Bengaluru Rural",13.2657,77.6562,Insp. Upma Zacharia,2024,12,23
KAR/DAV/2024/0673,2024-01-28,14:45:00,chain_snatching,"Reported incident of chain snatching at Near Prakash Circle, Davangere. Suspect vehicle noticed with plate KA-10-KA-4518.",open,Davangere,Davangere Traffic PS,"Near Prakash Circle, Davangere",14.4961,75.91,Insp. Ekbal Uppal,2024,1,14
KAR/RAI/2024/0674,2024-07-30,02:05:00,cybercrime,"Reported incident of cybercrime at Near Sarkar Street, Raichur.",under_investigation,Raichur,Raichur Industrial PS,"Near Sarkar Street, Raichur",16.1761,77.3991,Insp. Girik Chandran,2024,7,2
KAR/HUB/2024/0675,2024-12-30,23:10:00,vehicle_theft,"Reported incident of vehicle theft at Near Contractor Path, Hubballi-Dharwad. Suspect vehicle noticed with plate KA-40-B-3831.",closed,Hubballi-Dharwad,Hubballi-Dharwad Suburban PS,"Near Contractor Path, Hubballi-Dharwad",15.3238,75.1228,Insp. Kiaan Iyer,2024,12,23
KAR/HAS/2024/0676,2024-01-14,23:31:00,hit_and_run,"Reported incident of hit and run at Near Lalla Road, Hassan.",open,Hassan,Hassan Suburban PS,"Near Lalla Road, Hassan",12.9906,76.1989,Insp. Upadhriti Nagi,2024,1,23
KAR/BEN/2024/0677,2024-07-15,18:12:00,cybercrime,"Reported incident of cybercrime at Near Sathe Chowk, Bengaluru Urban.",under_investigation,Bengaluru Urban,Bengaluru Urban Central PS,"Near Sathe Chowk, Bengaluru Urban",13.0065,77.6337,Insp. Pranav Jhaveri,2024,7,18
KAR/KOP/2024/0678,2025-01-16,18:00:00,assault,"Reported incident of assault at Near Subramaniam Nagar, Koppal.",chargesheeted,Koppal,Koppal Town PS,"Near Subramaniam Nagar, Koppal",15.3221,76.2024,Insp. Vanya Arya,2025,1,18
KAR/BEN/2024/0679,2024-03-07,09:44:00,fraud,"Reported incident of fraud at Near Khanna Ganj, Bengaluru Urban.",open,Bengaluru Urban,Bengaluru Urban Traffic PS,"Near Khanna Ganj, Bengaluru Urban",13.0113,77.5924,Insp. Anamika Zacharia,2024,3,9
KAR/TUM/2024/0680,2024-03-22,17:08:00,drug_offence,"Reported incident of drug offence at Near Korpal Circle, Tumakuru.",open,Tumakuru,Tumakuru Rural PS,"Near Korpal Circle, Tumakuru",13.2526,77.1343,Insp. Girish Halder,2024,3,17
KAR/HUB/2024/0681,2024-05-10,21:39:00,robbery,"Reported incident of robbery at Near Doctor Nagar, Hubballi-Dharwad. Suspect vehicle noticed with plate KA-43-P-4926.",chargesheeted,Hubballi-Dharwad,Hubballi-Dharwad Market PS,"Near Doctor Nagar, Hubballi-Dharwad",15.3414,75.0745,Insp. Pranav Bera,2024,5,21
KAR/CHI/2024/0682,2024-05-22,00:50:00,cybercrime,"Reported incident of cybercrime at Near Parikh Zila, Chikkamagaluru.",under_investigation,Chikkamagaluru,Chikkamagaluru Market PS,"Near Parikh Zila, Chikkamagaluru",13.2778,75.7279,Insp. William Krish,2024,5,0
KAR/BEN/2024/0683,2024-07-24,06:06:00,chain_snatching,"Reported incident of chain snatching at Near Radhakrishnan Ganj, Bengaluru Urban. Suspect vehicle noticed with plate KA-38-KA-9001.",closed,Bengaluru Urban,Bengaluru Urban South PS,"Near Radhakrishnan Ganj, Bengaluru Urban",12.981,77.5503,Insp. Urishilla Panchal,2024,7,6
KAR/KOL/2024/0684,2024-05-25,02:02:00,drug_offence,"Reported incident of drug offence at Near Grover Path, Kolar.",under_investigation,Kolar,Kolar Traffic PS,"Near Grover Path, Kolar",13.2038,78.1174,Insp. Viraj Oommen,2024,5,2
KAR/TUM/2024/0685,2025-02-20,20:26:00,cybercrime,"Reported incident of cybercrime at Near Hora Chowk, Tumakuru.",chargesheeted,Tumakuru,Tumakuru Traffic PS,"Near Hora Chowk, Tumakuru",13.2685,77.0915,Insp. Suhani Singh,2025,2,20
KAR/VIJ/2024/0686,2024-03-07,03:17:00,chain_snatching,"Reported incident of chain snatching at Near Wagle Chowk, Vijayapura. Suspect vehicle noticed with plate KA-23-A-5668.",open,Vijayapura,Vijayapura Market PS,"Near Wagle Chowk, Vijayapura",16.8635,75.639,Insp. Karan Garg,2024,3,3
KAR/MAN/2024/0687,2024-01-16,13:49:00,burglary,"Reported incident of burglary at Near Chandra Circle, Mandya.",chargesheeted,Mandya,Mandya Industrial PS,"Near Chandra Circle, Mandya",12.5302,76.9358,Insp. Triveni Subramaniam,2024,1,13
KAR/BEN/2024/0688,2024-11-24,20:29:00,vehicle_theft,"Reported incident of vehicle theft at Near Sem Nagar, Bengaluru Urban. Suspect vehicle noticed with plate KA-51-KA-6446.",closed,Bengaluru Urban,Bengaluru Urban Traffic PS,"Near Sem Nagar, Bengaluru Urban",12.9986,77.5836,Insp. Balhaar Chander,2024,11,20
KAR/KOP/2024/0689,2024-12-10,14:30:00,vehicle_theft,"Reported incident of vehicle theft at Near Misra Chowk, Koppal. Suspect vehicle noticed with plate KA-19-P-3589.",under_investigation,Koppal,Koppal Market PS,"Near Misra Chowk, Koppal",15.3589,76.1846,Insp. Yatin Patla,2024,12,14
KAR/KOP/2024/0690,2024-01-16,01:52:00,chain_snatching,"Reported incident of chain snatching at Near Kulkarni, Koppal. Suspect vehicle noticed with plate KA-38-M-7428.",closed,Koppal,Koppal Industrial PS,"Near Kulkarni, Koppal",15.2666,76.116,Insp. Manya Arora,2024,1,1
KAR/MYS/2024/0691,2024-05-20,22:07:00,fraud,"Reported incident of fraud at Near Dey Road, Mysuru.",open,Mysuru,Mysuru Central PS,"Near Dey Road, Mysuru",12.2813,76.595,Insp. Aditya Das,2024,5,22
KAR/DAV/2024/0692,2024-03-17,22:00:00,cybercrime,"Reported incident of cybercrime at Near Sinha Zila, Davangere.",open,Davangere,Davangere Suburban PS,"Near Sinha Zila, Davangere",14.556,75.9414,Insp. Inaya Koshy,2024,3,22
KAR/SHI/2024/0693,2025-01-01,14:41:00,robbery,"Reported incident of robbery at Near Nanda Marg, Shivamogga. Suspect vehicle noticed with plate KA-30-N-3012.",under_investigation,Shivamogga,Shivamogga Industrial PS,"Near Nanda Marg, Shivamogga",13.9007,75.4997,Insp. Wazir Chopra,2025,1,14
KAR/BEN/2024/0694,2025-03-02,19:51:00,burglary,"Reported incident of burglary at Near Soni Ganj, Bengaluru Urban.",open,Bengaluru Urban,Bengaluru Urban Central PS,"Near Soni Ganj, Bengaluru Urban",13.005,77.6447,Insp. Tanvi Pathak,2025,3,19
KAR/HAS/2024/0695,2024-11-24,07:51:00,eve_teasing,"Reported incident of eve teasing at Near Bali Zila, Hassan.",chargesheeted,Hassan,Hassan Traffic PS,"Near Bali Zila, Hassan",12.9078,76.035,Insp. Abdul Murty,2024,11,7
KAR/BEN/2024/0696,2024-05-04,08:10:00,domestic_violence,"Reported incident of domestic violence at Near Gokhale Zila, Bengaluru Urban.",open,Bengaluru Urban,Bengaluru Urban North PS,"Near Gokhale Zila, Bengaluru Urban",13.016,77.5799,Insp. Ishani Shah,2024,5,8
KAR/BEN/2024/0697,2024-01-19,14:38:00,property_crime,"Reported incident of property crime at Near More Nagar, Bengaluru Urban.",chargesheeted,Bengaluru Urban,Bengaluru Urban Central PS,"Near More Nagar, Bengaluru Urban",12.9715,77.6324,Insp. Ijaya Raju,2024,1,14
KAR/KOL/2024/0698,2024-11-12,08:51:00,cybercrime,"Reported incident of cybercrime at Near Mukherjee Marg, Kolar.",chargesheeted,Kolar,Kolar Market PS,"Near Mukherjee Marg, Kolar",13.0653,78.0958,Insp. Rayaan Varma,2024,11,8
KAR/BEN/2024/0699,2024-07-09,16:49:00,vehicle_theft,"Reported incident of vehicle theft at Near Jaggi Ganj, Bengaluru Rural. Suspect vehicle noticed with plate KA-28-KB-3168.",open,Bengaluru Rural,Bengaluru Rural East PS,"Near Jaggi Ganj, Bengaluru Rural",13.2838,77.5263,Insp. Chavvi Bansal,2024,7,16
KAR/BEN/2024/0700,2024-01-14,05:37:00,vehicle_theft,"Reported incident of vehicle theft at Near Chakraborty Chowk, Bengaluru Urban. Suspect vehicle noticed with plate KA-09-M-1135.",under_investigation,Bengaluru Urban,Bengaluru Urban South PS,"Near Chakraborty Chowk, Bengaluru Urban",13.0248,77.5902,Insp. Anika Thaker,2024,1,5
KAR/MYS/2024/0701,2025-03-25,18:15:00,domestic_violence,"Reported incident of domestic violence at Near Bhavsar Zila, Mysuru.",open,Mysuru,Mysuru East PS,"Near Bhavsar Zila, Mysuru",12.2665,76.7248,Insp. Sudiksha Shan,2025,3,18
KAR/RAI/2024/0702,2024-11-08,04:17:00,vehicle_theft,"Reported incident of vehicle theft at Near Mane Circle, Raichur. Suspect vehicle noticed with plate KA-07-M-6476.",under_investigation,Raichur,Raichur Industrial PS,"Near Mane Circle, Raichur",16.1413,77.3935,Insp. Chandran Chandran,2024,11,4
KAR/MYS/2024/0703,2025-05-21,04:52:00,burglary,"Reported incident of burglary at Near Golla Zila, Mysuru.",under_investigation,Mysuru,Mysuru South PS,"Near Golla Zila, Mysuru",12.3657,76.5844,Insp. Vasudha Kanda,2025,5,4
KAR/CHI/2024/0704,2024-01-14,01:49:00,senior_citizen_crime,"Reported incident of senior citizen crime at Near Pant Chowk, Chikkamagaluru.",open,Chikkamagaluru,Chikkamagaluru Market PS,"Near Pant Chowk, Chikkamagaluru",13.3343,75.6959,Insp. Isaac Naik,2024,1,1
KAR/BAL/2024/0705,2024-12-03,02:09:00,chain_snatching,"Reported incident of chain snatching at Near Mitter Road, Ballari. Suspect vehicle noticed with plate KA-15-KA-8239.",open,Ballari,Ballari Market PS,"Near Mitter Road, Ballari",15.1711,76.8456,Insp. Faris Arya,2024,12,2
KAR/MYS/2024/0706,2025-02-26,03:33:00,cybercrime,"Reported incident of cybercrime at Near Kuruvilla Circle, Mysuru.",open,Mysuru,Mysuru Traffic PS,"Near Kuruvilla Circle, Mysuru",12.3537,76.5815,Insp. Zilmil Goda,2025,2,3
KAR/UDU/2024/0707,2024-10-22,22:10:00,vehicle_theft,"Reported incident of vehicle theft at Near Majumdar Street, Udupi. Suspect vehicle noticed with plate KA-18-KA-2370.",open,Udupi,Udupi Market PS,"Near Majumdar Street, Udupi",13.3375,74.6722,Insp. Warinder Mitra,2024,10,22
KAR/BEN/2024/0708,2024-10-27,13:35:00,vehicle_theft,"Reported incident of vehicle theft at Near Pillai Street, Bengaluru Urban. Suspect vehicle noticed with plate KA-04-KA-6025.",under_investigation,Bengaluru Urban,Bengaluru Urban West PS,"Near Pillai Street, Bengaluru Urban",12.9131,77.5784,Insp. Jackson Basak,2024,10,13
KAR/BEN/2024/0709,2025-01-21,21:28:00,vehicle_theft,"Reported incident of vehicle theft at Near Rana Nagar, Bengaluru Urban. Suspect vehicle noticed with plate KA-34-KA-1574.",open,Bengaluru Urban,Bengaluru Urban Traffic PS,"Near Rana Nagar, Bengaluru Urban",12.973,77.5834,Insp. Patrick Sem,2025,1,21
KAR/KAL/2024/0710,2024-09-05,11:46:00,burglary,"Reported incident of burglary at Near Bakshi Marg, Kalaburagi.",open,Kalaburagi,Kalaburagi Industrial PS,"Near Bakshi Marg, Kalaburagi",17.3487,76.8945,Insp. Lekha Parmer,2024,9,11
KAR/BEN/2024/0711,2025-02-15,10:19:00,robbery,"Reported incident of robbery at Near Sarraf Zila, Bengaluru Urban. Suspect vehicle noticed with plate KA-15-A-4267.",open,Bengaluru Urban,Bengaluru Urban West PS,"Near Sarraf Zila, Bengaluru Urban",12.9017,77.593,Insp. Vidhi Oza,2025,2,10
KAR/KOP/2024/0712,2025-02-09,08:46:00,assault,"Reported incident of assault at Near Das Zila, Koppal.",under_investigation,Koppal,Koppal Suburban PS,"Near Das Zila, Koppal",15.3007,76.086,Insp. Gautam Walla,2025,2,8
KAR/KOL/2024/0713,2024-07-09,10:59:00,hit_and_run,"Reported incident of hit and run at Near Kant Street, Kolar.",closed,Kolar,Kolar Industrial PS,"Near Kant Street, Kolar",13.1775,78.0414,Insp. Simon Murty,2024,7,10
KAR/BEN/2024/0714,2024-03-11,19:43:00,property_crime,"Reported incident of property crime at Near Pandey Ganj, Bengaluru Urban.",under_investigation,Bengaluru Urban,Bengaluru Urban Central PS,"Near Pandey Ganj, Bengaluru Urban",13.0135,77.6522,Insp. Balvan Sule,2024,3,19
KAR/MAN/2024/0715,2025-04-07,03:09:00,burglary,"Reported incident of burglary at Near Datta Ganj, Mandya.",open,Mandya,Mandya Rural PS,"Near Datta Ganj, Mandya",12.4819,76.9259,Insp. Nidra Chhabra,2025,4,3
KAR/BEN/2024/0716,2024-04-05,15:15:00,fraud,"Reported incident of fraud at Near Sankar Ganj, Bengaluru Urban.",open,Bengaluru Urban,Bengaluru Urban Traffic PS,"Near Sankar Ganj, Bengaluru Urban",12.9891,77.5718,Insp. Chaaya Raghavan,2024,4,15
KAR/BID/2024/0717,2024-02-14,13:41:00,property_crime,"Reported incident of property crime at Near Lalla, Bidar.",under_investigation,Bidar,Bidar Market PS,"Near Lalla, Bidar",17.912,77.4907,Insp. Oviya Chand,2024,2,13
KAR/KOP/2024/0718,2024-07-16,12:37:00,chain_snatching,"Reported incident of chain snatching at Near Master Ganj, Koppal. Suspect vehicle noticed with plate KA-15-KA-5962.",chargesheeted,Koppal,Koppal Rural PS,"Near Master Ganj, Koppal",15.3656,76.1037,Insp. Wazir Ganguly,2024,7,12
KAR/KOP/2024/0719,2024-03-03,23:23:00,chain_snatching,"Reported incident of chain snatching at Near Gala Marg, Koppal. Suspect vehicle noticed with plate KA-09-KA-2683.",open,Koppal,Koppal Market PS,"Near Gala Marg, Koppal",15.3425,76.1787,Insp. Warjas Gola,2024,3,23
KAR/VIJ/2024/0720,2025-04-18,10:40:00,eve_teasing,"Reported incident of eve teasing at Near Palan Street, Vijayapura.",open,Vijayapura,Vijayapura Industrial PS,"Near Palan Street, Vijayapura",16.8068,75.641,Insp. Raghav Chauhan,2025,4,10
KAR/BEN/2024/0721,2024-04-08,01:38:00,vehicle_theft,"Reported incident of vehicle theft at Near Shah Street, Bengaluru Urban. Suspect vehicle noticed with plate KA-39-B-1590.",under_investigation,Bengaluru Urban,Bengaluru Urban West PS,"Near Shah Street, Bengaluru Urban",12.8723,77.5839,Insp. Anika Bassi,2024,4,1
KAR/BEN/2024/0722,2024-10-22,22:53:00,eve_teasing,"Reported incident of eve teasing at Near Goyal Zila, Bengaluru Urban.",under_investigation,Bengaluru Urban,Bengaluru Urban West PS,"Near Goyal Zila, Bengaluru Urban",12.8891,77.5824,Insp. Xavier Chaudhary,2024,10,22
KAR/BEN/2024/0723,2024-04-25,02:57:00,vehicle_theft,"Reported incident of vehicle theft at Near Kalita Path, Bengaluru Urban. Suspect vehicle noticed with plate KA-43-N-2478.",open,Bengaluru Urban,Bengaluru Urban West PS,"Near Kalita Path, Bengaluru Urban",12.8883,77.5508,Insp. Omisha Vasa,2024,4,2
KAR/DAV/2024/0724,2025-01-08,23:39:00,chain_snatching,"Reported incident of chain snatching at Near Cheema Ganj, Davangere. Suspect vehicle noticed with plate KA-53-A-1594.",open,Davangere,Davangere Suburban PS,"Near Cheema Ganj, Davangere",14.5344,75.9919,Insp. Finn Tiwari,2025,1,23
KAR/HUB/2024/0725,2024-09-24,15:35:00,robbery,"Reported incident of robbery at Near Chaudry Street, Hubballi-Dharwad. Suspect vehicle noticed with plate KA-20-A-3463.",under_investigation,Hubballi-Dharwad,Hubballi-Dharwad Traffic PS,"Near Chaudry Street, Hubballi-Dharwad",15.2946,75.1774,Insp. Bhavna Pal,2024,9,15
KAR/BEN/2024/0726,2025-05-17,09:14:00,kidnapping,"Reported incident of kidnapping at Near Pau Road, Bengaluru Urban.",open,Bengaluru Urban,Bengaluru Urban South PS,"Near Pau Road, Bengaluru Urban",13.0252,77.5695,Insp. Banjeet Lad,2025,5,9
KAR/KAL/2024/0727,2024-11-02,21:18:00,chain_snatching,"Reported incident of chain snatching at Near Pradhan Chowk, Kalaburagi. Suspect vehicle noticed with plate KA-03-M-1632.",open,Kalaburagi,Kalaburagi Town PS,"Near Pradhan Chowk, Kalaburagi",17.3459,76.7916,Insp. Nirja Ahluwalia,2024,11,21
KAR/MYS/2024/0728,2024-08-07,11:57:00,chain_snatching,"Reported incident of chain snatching at Near Mittal Road, Mysuru. Suspect vehicle noticed with plate KA-23-KB-7781.",open,Mysuru,Mysuru Central PS,"Near Mittal Road, Mysuru",12.2673,76.6174,Insp. Wahab Gandhi,2024,8,11
KAR/RAI/2024/0729,2024-08-09,07:00:00,drug_offence,"Reported incident of drug offence at Near Sani Street, Raichur.",open,Raichur,Raichur Market PS,"Near Sani Street, Raichur",16.2297,77.2998,Insp. Saanvi Jayaraman,2024,8,7
KAR/BEN/2024/0730,2024-12-12,11:15:00,assault,"Reported incident of assault at Near Saraf Chowk, Bengaluru Urban.",chargesheeted,Bengaluru Urban,Bengaluru Urban Central PS,"Near Saraf Chowk, Bengaluru Urban",12.9847,77.6429,Insp. Maya Varty,2024,12,11
KAR/KOL/2024/0731,2024-11-05,01:33:00,vehicle_theft,"Reported incident of vehicle theft at Near Andra Road, Kolar. Suspect vehicle noticed with plate KA-33-KB-5711.",open,Kolar,Kolar Suburban PS,"Near Andra Road, Kolar",13.0675,78.1565,Insp. Shaurya Radhakrishnan,2024,11,1
KAR/BEN/2024/0732,2025-01-29,05:07:00,vehicle_theft,"Reported incident of vehicle theft at Near Khare Marg, Bengaluru Urban. Suspect vehicle noticed with plate KA-20-N-4745.",chargesheeted,Bengaluru Urban,Bengaluru Urban West PS,"Near Khare Marg, Bengaluru Urban",12.9226,77.5715,Insp. Omkaar Zachariah,2025,1,5
KAR/BEL/2024/0733,2024-11-04,10:45:00,vehicle_theft,"Reported incident of vehicle theft at Near Chopra Circle, Belagavi. Suspect vehicle noticed with plate KA-20-KA-1848.",open,Belagavi,Belagavi Suburban PS,"Near Chopra Circle, Belagavi",15.8602,74.4751,Insp. Qasim Sarraf,2024,11,10
KAR/BEN/2024/0734,2025-01-13,15:36:00,assault,"Reported incident of assault at Near Choudhury Street, Bengaluru Urban.",open,Bengaluru Urban,Bengaluru Urban East PS,"Near Choudhury Street, Bengaluru Urban",12.9981,77.5631,Insp. Maanav Divan,2025,1,15
KAR/UDU/2024/0735,2024-05-22,10:38:00,burglary,"Reported incident of burglary at Near Chad Chowk, Udupi.",open,Udupi,Udupi Suburban PS,"Near Chad Chowk, Udupi",13.2898,74.803,Insp. Chasmum Chakrabarti,2024,5,10
KAR/BEN/2024/0736,2024-08-09,07:10:00,fraud,"Reported incident of fraud at Near Dayal, Bengaluru Urban.",under_investigation,Bengaluru Urban,Bengaluru Urban North PS,"Near Dayal, Bengaluru Urban",13.0028,77.611,Insp. Nitara Narang,2024,8,7
KAR/MYS/2024/0737,2024-06-09,09:24:00,vehicle_theft,"Reported incident of vehicle theft at Near Luthra Road, Mysuru. Suspect vehicle noticed with plate KA-24-B-1338.",open,Mysuru,Mysuru West PS,"Near Luthra Road, Mysuru",12.3472,76.5682,Insp. Zehaan Ray,2024,6,9
KAR/BEN/2024/0738,2024-03-18,00:02:00,burglary,"Reported incident of burglary at Near Mishra Zila, Bengaluru Urban.",open,Bengaluru Urban,Bengaluru Urban East PS,"Near Mishra Zila, Bengaluru Urban",12.9883,77.5299,Insp. Sathvik Gill,2024,3,0
KAR/KAL/2024/0739,2025-01-17,03:00:00,burglary,"Reported incident of burglary at Near Mann Marg, Kalaburagi.",chargesheeted,Kalaburagi,Kalaburagi Rural PS,"Near Mann Marg, Kalaburagi",17.237,76.8443,Insp. Lakshmi Dugal,2025,1,3
KAR/KAL/2024/0740,2024-08-26,08:23:00,fraud,"Reported incident of fraud at Near Verma Marg, Kalaburagi.",open,Kalaburagi,Kalaburagi Town PS,"Near Verma Marg, Kalaburagi",17.3908,76.7627,Insp. Laksh Kannan,2024,8,8
KAR/BEN/2024/0741,2024-01-28,20:07:00,fraud,"Reported incident of fraud at Near Devan Chowk, Bengaluru Rural.",open,Bengaluru Rural,Bengaluru Rural Traffic PS,"Near Devan Chowk, Bengaluru Rural",13.1489,77.6136,Insp. Bahadurjit Butala,2024,1,20
KAR/BEN/2024/0742,2025-05-25,10:57:00,fraud,"Reported incident of fraud at Near Borra Nagar, Bengaluru Urban.",under_investigation,Bengaluru Urban,Bengaluru Urban South PS,"Near Borra Nagar, Bengaluru Urban",13.0307,77.5631,Insp. Oviya Solanki,2025,5,10
KAR/BEN/2024/0743,2024-11-21,18:37:00,robbery,"Reported incident of robbery at Near Jha Zila, Bengaluru Urban. Suspect vehicle noticed with plate KA-36-M-6085.",under_investigation,Bengaluru Urban,Bengaluru Urban Traffic PS,"Near Jha Zila, Bengaluru Urban",12.9842,77.5448,Insp. Janani Banerjee,2024,11,18
KAR/KOL/2024/0744,2024-06-27,16:58:00,fraud,"Reported incident of fraud at Near Doctor Nagar, Kolar.",open,Kolar,Kolar Suburban PS,"Near Doctor Nagar, Kolar",13.0836,78.1212,Insp. Shravya Dass,2024,6,16
KAR/BAL/2024/0745,2024-05-24,09:31:00,assault,"Reported incident of assault at Near Chana Nagar, Ballari.",open,Ballari,Ballari Traffic PS,"Near Chana Nagar, Ballari",15.1092,76.9754,Insp. Luke Nair,2024,5,9
KAR/KOL/2024/0746,2024-10-03,15:11:00,chain_snatching,"Reported incident of chain snatching at Near Krish Street, Kolar. Suspect vehicle noticed with plate KA-04-A-4014.",open,Kolar,Kolar Town PS,"Near Krish Street, Kolar",13.0928,78.1674,Insp. Shaurya Seth,2024,10,15
KAR/HUB/2024/0747,2025-02-23,03:26:00,cybercrime,"Reported incident of cybercrime at Near Dhingra Zila, Hubballi-Dharwad.",under_investigation,Hubballi-Dharwad,Hubballi-Dharwad Suburban PS,"Near Dhingra Zila, Hubballi-Dharwad",15.3233,75.085,Insp. Ucchal Date,2025,2,3
KAR/BEN/2024/0748,2024-02-25,20:15:00,vehicle_theft,"Reported incident of vehicle theft at Near Raman Street, Bengaluru Urban. Suspect vehicle noticed with plate KA-22-B-6092.",open,Bengaluru Urban,Bengaluru Urban West PS,"Near Raman Street, Bengaluru Urban",12.871,77.5598,Insp. Gauri Wagle,2024,2,20
KAR/MAN/2024/0749,2025-04-20,19:53:00,burglary,"Reported incident of burglary at Near Kala Zila, Mandya.",open,Mandya,Mandya Suburban PS,"Near Kala Zila, Mandya",12.5585,76.8841,Insp. Edhitha Dora,2025,4,19
KAR/SHI/2024/0750,2024-12-02,07:50:00,vehicle_theft,"Reported incident of vehicle theft at Near Apte Circle, Shivamogga. Suspect vehicle noticed with plate KA-18-N-7662.",open,Shivamogga,Shivamogga Suburban PS,"Near Apte Circle, Shivamogga",13.9245,75.6322,Insp. Omkaar Cherian,2024,12,7
KAR/KAL/2024/0751,2024-11-08,14:50:00,burglary,"Reported incident of burglary at Near Rajagopal Marg, Kalaburagi.",open,Kalaburagi,Kalaburagi Industrial PS,"Near Rajagopal Marg, Kalaburagi",17.3843,76.8984,Insp. Harish Dhawan,2024,11,14
KAR/BID/2024/0752,2024-08-25,20:29:00,fraud,"Reported incident of fraud at Near Bail, Bidar.",under_investigation,Bidar,Bidar Suburban PS,"Near Bail, Bidar",17.9193,77.4718,Insp. Joshua Wable,2024,8,20
KAR/MAN/2024/0753,2024-11-23,06:54:00,vehicle_theft,"Reported incident of vehicle theft at Near Nagi Nagar, Mandya. Suspect vehicle noticed with plate KA-34-P-5613.",under_investigation,Mandya,Mandya Suburban PS,"Near Nagi Nagar, Mandya",12.5535,76.8901,Insp. Bhavya Chakrabarti,2024,11,6
KAR/MAN/2024/0754,2025-02-09,03:48:00,drug_offence,"Reported incident of drug offence at Near Goda Marg, Mangaluru (Dakshina Kannada).",under_investigation,Mangaluru (Dakshina Kannada),Mangaluru (Dakshina Kannada) Industrial PS,"Near Goda Marg, Mangaluru (Dakshina Kannada)",12.9409,74.867,Insp. Urishilla Gill,2025,2,3
KAR/BEN/2024/0755,2024-05-07,04:35:00,fraud,"Reported incident of fraud at Near Kamdar Street, Bengaluru Urban.",open,Bengaluru Urban,Bengaluru Urban Central PS,"Near Kamdar Street, Bengaluru Urban",13.0007,77.6075,Insp. Triveni Jha,2024,5,4
KAR/BEN/2024/0756,2024-08-11,21:27:00,chain_snatching,"Reported incident of chain snatching at Near Nagi Road, Bengaluru Rural. Suspect vehicle noticed with plate KA-36-A-6275.",under_investigation,Bengaluru Rural,Bengaluru Rural Traffic PS,"Near Nagi Road, Bengaluru Rural",13.1618,77.5865,Insp. Rachita Shukla,2024,8,21
KAR/MAN/2024/0757,2024-03-28,19:06:00,assault,"Reported incident of assault at Near Salvi Path, Mandya.",open,Mandya,Mandya Market PS,"Near Salvi Path, Mandya",12.5881,76.8222,Insp. Sara Goel,2024,3,19
KAR/MYS/2024/0758,2024-02-06,06:30:00,fraud,"Reported incident of fraud at Near Chandra Nagar, Mysuru.",open,Mysuru,Mysuru North PS,"Near Chandra Nagar, Mysuru",12.3413,76.6629,Insp. Nidhi Nigam,2024,2,6
KAR/BEN/2024/0759,2025-01-21,07:59:00,vehicle_theft,"Reported incident of vehicle theft at Near Devan Path, Bengaluru Urban. Suspect vehicle noticed with plate KA-36-M-1963.",open,Bengaluru Urban,Bengaluru Urban North PS,"Near Devan Path, Bengaluru Urban",13.0358,77.6074,Insp. Abhiram Ghose,2025,1,7
KAR/BEN/2024/0760,2024-11-22,09:47:00,vehicle_theft,"Reported incident of vehicle theft at Near Tara Marg, Bengaluru Urban. Suspect vehicle noticed with plate KA-35-B-8599.",chargesheeted,Bengaluru Urban,Bengaluru Urban East PS,"Near Tara Marg, Bengaluru Urban",13.0251,77.5447,Insp. Devansh Sama,2024,11,9
KAR/KOP/2024/0761,2024-11-14,03:19:00,hit_and_run,"Reported incident of hit and run at Near Kadakia, Koppal.",chargesheeted,Koppal,Koppal Market PS,"Near Kadakia, Koppal",15.3735,76.2311,Insp. Baghyawati Chaudhuri,2024,11,3
KAR/CHI/2024/0762,2024-03-02,01:14:00,fraud,"Reported incident of fraud at Near Mani Circle, Chikkamagaluru.",open,Chikkamagaluru,Chikkamagaluru Rural PS,"Near Mani Circle, Chikkamagaluru",13.2987,75.805,Insp. Banjeet Sura,2024,3,1
KAR/HAS/2024/0763,2024-11-14,05:38:00,chain_snatching,"Reported incident of chain snatching at Near Deep Street, Hassan. Suspect vehicle noticed with plate KA-10-P-5630.",under_investigation,Hassan,Hassan Town PS,"Near Deep Street, Hassan",13.0584,76.0573,Insp. Chatura Khosla,2024,11,5
KAR/KOP/2024/0764,2024-07-20,07:34:00,burglary,"Reported incident of burglary at Near Warrior Marg, Koppal.",under_investigation,Koppal,Koppal Industrial PS,"Near Warrior Marg, Koppal",15.2823,76.1472,Insp. Eshana Mammen,2024,7,7
KAR/MAN/2024/0765,2024-04-25,17:54:00,cybercrime,"Reported incident of cybercrime at Near Vaidya Circle, Mangaluru (Dakshina Kannada).",chargesheeted,Mangaluru (Dakshina Kannada),Mangaluru (Dakshina Kannada) Rural PS,"Near Vaidya Circle, Mangaluru (Dakshina Kannada)",12.8669,74.869,Insp. Chasmum Loke,2024,4,17
KAR/BEN/2024/0766,2024-07-20,10:05:00,vehicle_theft,"Reported incident of vehicle theft at Near Buch Chowk, Bengaluru Urban. Suspect vehicle noticed with plate KA-45-P-5824.",open,Bengaluru Urban,Bengaluru Urban Traffic PS,"Near Buch Chowk, Bengaluru Urban",12.998,77.5997,Insp. Arunima Nadig,2024,7,10
KAR/BAL/2024/0767,2024-10-06,09:58:00,vehicle_theft,"Reported incident of vehicle theft at Near Vasa Circle, Ballari. Suspect vehicle noticed with plate KA-42-P-2241.",open,Ballari,Ballari Suburban PS,"Near Vasa Circle, Ballari",15.1839,76.8365,Insp. Ijaya Sabharwal,2024,10,9
KAR/HUB/2024/0768,2025-02-20,02:19:00,hit_and_run,"Reported incident of hit and run at Near Balasubramanian Marg, Hubballi-Dharwad.",under_investigation,Hubballi-Dharwad,Hubballi-Dharwad Industrial PS,"Near Balasubramanian Marg, Hubballi-Dharwad",15.3018,75.0896,Insp. Devansh Thaker,2025,2,2
KAR/BEN/2024/0769,2025-03-15,03:19:00,chain_snatching,"Reported incident of chain snatching at Near Sankaran Street, Bengaluru Urban. Suspect vehicle noticed with plate KA-16-KA-3115.",open,Bengaluru Urban,Bengaluru Urban East PS,"Near Sankaran Street, Bengaluru Urban",13.0265,77.5366,Insp. Anthony Wali,2025,3,3
KAR/BEN/2024/0770,2024-04-18,13:06:00,drug_offence,"Reported incident of drug offence at Near Amble Road, Bengaluru Urban.",under_investigation,Bengaluru Urban,Bengaluru Urban East PS,"Near Amble Road, Bengaluru Urban",12.9851,77.5726,Insp. Daksha Pandit,2024,4,13
KAR/VIJ/2024/0771,2024-07-11,23:28:00,burglary,"Reported incident of burglary at Near Yogi Road, Vijayapura.",open,Vijayapura,Vijayapura Rural PS,"Near Yogi Road, Vijayapura",16.7934,75.6306,Insp. Chanakya Roy,2024,7,23
KAR/HUB/2024/0772,2024-01-29,18:00:00,vehicle_theft,"Reported incident of vehicle theft at Near Brahmbhatt Ganj, Hubballi-Dharwad. Suspect vehicle noticed with plate KA-10-N-6232.",under_investigation,Hubballi-Dharwad,Hubballi-Dharwad Market PS,"Near Brahmbhatt Ganj, Hubballi-Dharwad",15.3228,75.1202,Insp. Michael Bala,2024,1,18
KAR/SHI/2024/0773,2024-07-10,17:15:00,assault,"Reported incident of assault at Near Dhillon Marg, Shivamogga.",open,Shivamogga,Shivamogga Rural PS,"Near Dhillon Marg, Shivamogga",13.9811,75.5256,Insp. Udyati Dhawan,2024,7,17
KAR/SHI/2024/0774,2025-03-28,17:03:00,burglary,"Reported incident of burglary at Near Nagarajan, Shivamogga.",under_investigation,Shivamogga,Shivamogga Traffic PS,"Near Nagarajan, Shivamogga",13.9711,75.6116,Insp. Vrinda Rajagopal,2025,3,17
KAR/VIJ/2024/0775,2024-02-14,02:21:00,burglary,"Reported incident of burglary at Near Saxena Ganj, Vijayapura.",open,Vijayapura,Vijayapura Industrial PS,"Near Saxena Ganj, Vijayapura",16.8029,75.6186,Insp. Warjas Kari,2024,2,2
KAR/BEN/2024/0776,2024-06-03,01:53:00,robbery,"Reported incident of robbery at Near Nazareth Street, Bengaluru Urban. Suspect vehicle noticed with plate KA-22-P-8787.",closed,Bengaluru Urban,Bengaluru Urban Central PS,"Near Nazareth Street, Bengaluru Urban",12.9671,77.6163,Insp. Abha Merchant,2024,6,1
KAR/BEN/2024/0777,2025-02-12,14:16:00,vehicle_theft,"Reported incident of vehicle theft at Near Viswanathan Ganj, Bengaluru Urban. Suspect vehicle noticed with plate KA-37-KA-3418.",chargesheeted,Bengaluru Urban,Bengaluru Urban Central PS,"Near Viswanathan Ganj, Bengaluru Urban",12.9686,77.6218,Insp. Lucky Saraf,2025,2,14
KAR/BEL/2024/0778,2024-06-04,18:31:00,vehicle_theft,"Reported incident of vehicle theft at Near Biswas Marg, Belagavi. Suspect vehicle noticed with plate KA-06-P-4696.",open,Belagavi,Belagavi Market PS,"Near Biswas Marg, Belagavi",15.8638,74.4601,Insp. Pratyush Rajagopalan,2024,6,18
KAR/MAN/2024/0779,2024-04-08,05:40:00,fraud,"Reported incident of fraud at Near Vasa Road, Mangaluru (Dakshina Kannada).",chargesheeted,Mangaluru (Dakshina Kannada),Mangaluru (Dakshina Kannada) Market PS,"Near Vasa Road, Mangaluru (Dakshina Kannada)",12.8695,74.8151,Insp. Kevin Viswanathan,2024,4,5
KAR/BID/2024/0780,2025-03-09,08:06:00,eve_teasing,"Reported incident of eve teasing at Near Brar Zila, Bidar.",chargesheeted,Bidar,Bidar Town PS,"Near Brar Zila, Bidar",17.8299,77.5843,Insp. Harini Kalla,2025,3,8
KAR/BEN/2024/0781,2025-05-07,05:59:00,eve_teasing,"Reported incident of eve teasing at Near Sodhi, Bengaluru Urban.",open,Bengaluru Urban,Bengaluru Urban Central PS,"Near Sodhi, Bengaluru Urban",12.9739,77.6053,Insp. Rajata Raj,2025,5,5
KAR/BID/2024/0782,2024-06-15,18:03:00,robbery,"Reported incident of robbery at Near Toor Circle, Bidar. Suspect vehicle noticed with plate KA-35-A-7314.",open,Bidar,Bidar Rural PS,"Near Toor Circle, Bidar",17.9319,77.5107,Insp. Yash Wadhwa,2024,6,18
KAR/BEN/2024/0783,2025-02-14,18:11:00,drug_offence,"Reported incident of drug offence at Near Prashad Street, Bengaluru Urban.",open,Bengaluru Urban,Bengaluru Urban East PS,"Near Prashad Street, Bengaluru Urban",13.0098,77.5632,Insp. Ranveer Gade,2025,2,18
KAR/BEN/2024/0784,2024-11-30,10:24:00,burglary,"Reported incident of burglary at Near Bandi Marg, Bengaluru Urban.",open,Bengaluru Urban,Bengaluru Urban South PS,"Near Bandi Marg, Bengaluru Urban",13.0284,77.5703,Insp. Onveer Mohanty,2024,11,10
KAR/BEN/2024/0785,2024-04-05,12:46:00,kidnapping,"Reported incident of kidnapping at Near Chand Nagar, Bengaluru Urban.",closed,Bengaluru Urban,Bengaluru Urban East PS,"Near Chand Nagar, Bengaluru Urban",13.0149,77.5661,Insp. Anmol Rai,2024,4,12
KAR/BEN/2024/0786,2025-05-19,08:58:00,domestic_violence,"Reported incident of domestic violence at Near Sarraf Zila, Bengaluru Urban.",open,Bengaluru Urban,Bengaluru Urban South PS,"Near Sarraf Zila, Bengaluru Urban",12.9829,77.5749,Insp. Jai Mukherjee,2025,5,8
KAR/MYS/2024/0787,2025-04-03,04:07:00,domestic_violence,"Reported incident of domestic violence at Near Balasubramanian Marg, Mysuru.",under_investigation,Mysuru,Mysuru Central PS,"Near Balasubramanian Marg, Mysuru",12.277,76.5964,Insp. Kala Kaul,2025,4,4
KAR/TUM/2024/0788,2024-05-30,23:28:00,fraud,"Reported incident of fraud at Near Minhas Street, Tumakuru.",under_investigation,Tumakuru,Tumakuru Traffic PS,"Near Minhas Street, Tumakuru",13.3116,77.0776,Insp. Rehaan Balan,2024,5,23
KAR/RAI/2024/0789,2025-05-17,12:33:00,hit_and_run,"Reported incident of hit and run at Near Samra Street, Raichur.",under_investigation,Raichur,Raichur Suburban PS,"Near Samra Street, Raichur",16.233,77.4104,Insp. Sai Cherian,2025,5,12
KAR/BEN/2024/0790,2024-01-22,09:44:00,robbery,"Reported incident of robbery at Near Bora Ganj, Bengaluru Urban. Suspect vehicle noticed with plate KA-30-KB-6456.",under_investigation,Bengaluru Urban,Bengaluru Urban North PS,"Near Bora Ganj, Bengaluru Urban",13.0322,77.5821,Insp. Chanakya Balasubramanian,2024,1,9
KAR/BEN/2024/0791,2025-02-23,08:53:00,robbery,"Reported incident of robbery at Near Kannan Marg, Bengaluru Urban. Suspect vehicle noticed with plate KA-17-B-2041.",under_investigation,Bengaluru Urban,Bengaluru Urban Central PS,"Near Kannan Marg, Bengaluru Urban",12.9722,77.6497,Insp. Wyatt Kar,2025,2,8
KAR/MAN/2024/0792,2025-03-17,09:07:00,fraud,"Reported incident of fraud at Near Kurian, Mangaluru (Dakshina Kannada).",under_investigation,Mangaluru (Dakshina Kannada),Mangaluru (Dakshina Kannada) Suburban PS,"Near Kurian, Mangaluru (Dakshina Kannada)",12.9622,74.8463,Insp. Tanmayi Shenoy,2025,3,9
KAR/BEN/2024/0793,2024-10-11,14:15:00,assault,"Reported incident of assault at Near Choudhury Ganj, Bengaluru Urban.",under_investigation,Bengaluru Urban,Bengaluru Urban Central PS,"Near Choudhury Ganj, Bengaluru Urban",12.9767,77.6552,Insp. Qushi Oza,2024,10,14
KAR/HUB/2024/0794,2024-01-25,05:44:00,hit_and_run,"Reported incident of hit and run at Near Muni Zila, Hubballi-Dharwad.",closed,Hubballi-Dharwad,Hubballi-Dharwad Rural PS,"Near Muni Zila, Hubballi-Dharwad",15.366,75.1171,Insp. Ubika Ahluwalia,2024,1,5
KAR/BEN/2024/0795,2024-06-24,01:38:00,robbery,"Reported incident of robbery at Near Nadkarni Marg, Bengaluru Rural. Suspect vehicle noticed with plate KA-14-KA-5273.",under_investigation,Bengaluru Rural,Bengaluru Rural East PS,"Near Nadkarni Marg, Bengaluru Rural",13.2952,77.5542,Insp. Baghyawati Saran,2024,6,1
KAR/MAN/2024/0796,2024-12-18,19:57:00,vehicle_theft,"Reported incident of vehicle theft at Near Roy Circle, Mangaluru (Dakshina Kannada). Suspect vehicle noticed with plate KA-11-M-4557.",chargesheeted,Mangaluru (Dakshina Kannada),Mangaluru (Dakshina Kannada) Market PS,"Near Roy Circle, Mangaluru (Dakshina Kannada)",12.8655,74.8368,Insp. Aryan Om,2024,12,19
KAR/HAS/2024/0797,2025-03-01,03:42:00,property_crime,"Reported incident of property crime at Near Parekh Path, Hassan.",open,Hassan,Hassan Rural PS,"Near Parekh Path, Hassan",13.059,76.0679,Insp. Jeremiah Nayar,2025,3,3
KAR/MAN/2024/0798,2024-12-12,00:53:00,vehicle_theft,"Reported incident of vehicle theft at Near Dhillon Marg, Mandya. Suspect vehicle noticed with plate KA-35-B-1071.",open,Mandya,Mandya Rural PS,"Near Dhillon Marg, Mandya",12.4702,76.9231,Insp. Yug Gupta,2024,12,0
KAR/UDU/2024/0799,2025-01-18,23:37:00,burglary,"Reported incident of burglary at Near Kakar Marg, Udupi.",under_investigation,Udupi,Udupi Market PS,"Near Kakar Marg, Udupi",13.3565,74.6909,Insp. Ojasvi Kohli,2025,1,23
KAR/BEN/2024/0800,2025-02-22,22:49:00,eve_teasing,"Reported incident of eve teasing at Near Kumar Circle, Bengaluru Urban.",under_investigation,Bengaluru Urban,Bengaluru Urban North PS,"Near Kumar Circle, Bengaluru Urban",13.0083,77.5544,Insp. Baljiwan Sarkar,2025,2,22
KAR/BEN/2024/0801,2024-05-19,18:31:00,fraud,"Reported incident of fraud at Near Sabharwal Chowk, Bengaluru Urban.",chargesheeted,Bengaluru Urban,Bengaluru Urban Central PS,"Near Sabharwal Chowk, Bengaluru Urban",13.0007,77.663,Insp. Jagdish Nath,2024,5,18
KAR/BEN/2024/0802,2024-11-19,20:47:00,eve_teasing,"Reported incident of eve teasing at Near Walia Chowk, Bengaluru Urban.",open,Bengaluru Urban,Bengaluru Urban West PS,"Near Walia Chowk, Bengaluru Urban",12.9153,77.5691,Insp. Faqid Das,2024,11,20
KAR/SHI/2024/0803,2024-10-26,05:25:00,chain_snatching,"Reported incident of chain snatching at Near Mander Nagar, Shivamogga. Suspect vehicle noticed with plate KA-34-N-1500.",open,Shivamogga,Shivamogga Industrial PS,"Near Mander Nagar, Shivamogga",13.8646,75.4982,Insp. Arunima Bala,2024,10,5
KAR/BEN/2024/0804,2024-09-14,04:42:00,burglary,"Reported incident of burglary at Near Dar Path, Bengaluru Urban.",under_investigation,Bengaluru Urban,Bengaluru Urban Central PS,"Near Dar Path, Bengaluru Urban",12.9718,77.6591,Insp. Qarin Lala,2024,9,4
KAR/KOP/2024/0805,2024-07-07,03:05:00,chain_snatching,"Reported incident of chain snatching at Near Kota Nagar, Koppal. Suspect vehicle noticed with plate KA-41-M-8537.",closed,Koppal,Koppal Rural PS,"Near Kota Nagar, Koppal",15.3626,76.0964,Insp. Chameli Prabhakar,2024,7,3
KAR/KOL/2024/0806,2025-04-21,17:34:00,senior_citizen_crime,"Reported incident of senior citizen crime at Near Bali, Kolar.",under_investigation,Kolar,Kolar Rural PS,"Near Bali, Kolar",13.1886,78.2149,Insp. Warinder Shenoy,2025,4,17
KAR/BEN/2024/0807,2024-12-04,12:43:00,vehicle_theft,"Reported incident of vehicle theft at Near Sachdev Road, Bengaluru Urban. Suspect vehicle noticed with plate KA-12-A-9675.",under_investigation,Bengaluru Urban,Bengaluru Urban North PS,"Near Sachdev Road, Bengaluru Urban",13.0039,77.5673,Insp. Mugdha Bhat,2024,12,12
KAR/UDU/2024/0808,2024-09-06,05:10:00,burglary,"Reported incident of burglary at Near Issac Nagar, Udupi.",closed,Udupi,Udupi Industrial PS,"Near Issac Nagar, Udupi",13.316,74.7329,Insp. Idika Kale,2024,9,5
KAR/HAS/2024/0809,2025-05-15,11:46:00,property_crime,"Reported incident of property crime at Near Varma Nagar, Hassan.",open,Hassan,Hassan Market PS,"Near Varma Nagar, Hassan",13.0813,76.1658,Insp. David Bala,2025,5,11
KAR/VIJ/2024/0810,2024-03-17,13:07:00,property_crime,"Reported incident of property crime at Near Dhar Ganj, Vijayapura.",open,Vijayapura,Vijayapura Suburban PS,"Near Dhar Ganj, Vijayapura",16.7988,75.657,Insp. Xavier Tripathi,2024,3,13
KAR/BEL/2024/0811,2024-10-19,10:38:00,vehicle_theft,"Reported incident of vehicle theft at Near Soni Circle, Belagavi. Suspect vehicle noticed with plate KA-12-B-4553.",under_investigation,Belagavi,Belagavi Industrial PS,"Near Soni Circle, Belagavi",15.7916,74.5767,Insp. Laban Chander,2024,10,10
KAR/BID/2024/0812,2024-11-25,09:16:00,kidnapping,"Reported incident of kidnapping at Near Narain Nagar, Bidar.",open,Bidar,Bidar Industrial PS,"Near Narain Nagar, Bidar",17.8949,77.542,Insp. Manya Subramanian,2024,11,9
KAR/BEN/2024/0813,2024-08-13,04:48:00,robbery,"Reported incident of robbery at Near Nanda Road, Bengaluru Urban. Suspect vehicle noticed with plate KA-40-KB-4963.",open,Bengaluru Urban,Bengaluru Urban West PS,"Near Nanda Road, Bengaluru Urban",12.9038,77.5564,Insp. Zayyan Seth,2024,8,4
KAR/KOL/2024/0814,2024-12-09,01:07:00,chain_snatching,"Reported incident of chain snatching at Near Sur, Kolar. Suspect vehicle noticed with plate KA-15-KA-1476.",under_investigation,Kolar,Kolar Traffic PS,"Near Sur, Kolar",13.1895,78.1308,Insp. Inaya Natt,2024,12,1
KAR/SHI/2024/0815,2024-10-03,21:47:00,vehicle_theft,"Reported incident of vehicle theft at Near Chatterjee Marg, Shivamogga. Suspect vehicle noticed with plate KA-13-A-3494.",closed,Shivamogga,Shivamogga Industrial PS,"Near Chatterjee Marg, Shivamogga",13.8612,75.5352,Insp. Nicholas Jha,2024,10,21
KAR/MYS/2024/0816,2024-12-09,01:08:00,chain_snatching,"Reported incident of chain snatching at Near Goswami Nagar, Mysuru. Suspect vehicle noticed with plate KA-15-KB-9118.",under_investigation,Mysuru,Mysuru North PS,"Near Goswami Nagar, Mysuru",12.3936,76.7022,Insp. Maanav Biswas,2024,12,1
KAR/KOL/2024/0817,2024-01-13,11:17:00,vehicle_theft,"Reported incident of vehicle theft at Near Dani Chowk, Kolar. Suspect vehicle noticed with plate KA-27-A-1981.",open,Kolar,Kolar Industrial PS,"Near Dani Chowk, Kolar",13.2037,78.0647,Insp. Hemal Varghese,2024,1,11
KAR/KAL/2024/0818,2024-03-06,09:02:00,eve_teasing,"Reported incident of eve teasing at Near Puri Ganj, Kalaburagi.",chargesheeted,Kalaburagi,Kalaburagi Town PS,"Near Puri Ganj, Kalaburagi",17.3913,76.7575,Insp. Bahadurjit Sanghvi,2024,3,9
KAR/HAS/2024/0819,2024-11-10,11:11:00,vehicle_theft,"Reported incident of vehicle theft at Near Palan Nagar, Hassan. Suspect vehicle noticed with plate KA-42-KA-9514.",under_investigation,Hassan,Hassan Industrial PS,"Near Palan Nagar, Hassan",13.0474,76.1472,Insp. Riya Mistry,2024,11,11
KAR/BEN/2024/0820,2024-12-26,08:18:00,cybercrime,"Reported incident of cybercrime at Near Dutta, Bengaluru Rural.",open,Bengaluru Rural,Bengaluru Rural Central PS,"Near Dutta, Bengaluru Rural",13.2187,77.5204,Insp. Yatin Viswanathan,2024,12,8
KAR/BEN/2024/0821,2024-11-11,06:57:00,chain_snatching,"Reported incident of chain snatching at Near Subramanian Zila, Bengaluru Rural. Suspect vehicle noticed with plate KA-38-N-3041.",open,Bengaluru Rural,Bengaluru Rural East PS,"Near Subramanian Zila, Bengaluru Rural",13.2565,77.565,Insp. Nikita Gola,2024,11,6
KAR/BEN/2024/0822,2024-08-17,02:00:00,murder,"Reported incident of murder at Near Chada Circle, Bengaluru Urban.",open,Bengaluru Urban,Bengaluru Urban Traffic PS,"Near Chada Circle, Bengaluru Urban",13.0025,77.5688,Insp. Wriddhish Bansal,2024,8,2
KAR/HUB/2024/0823,2025-01-28,19:24:00,burglary,"Reported incident of burglary at Near Garde Circle, Hubballi-Dharwad.",open,Hubballi-Dharwad,Hubballi-Dharwad Suburban PS,"Near Garde Circle, Hubballi-Dharwad",15.3046,75.0944,Insp. Jagat Koshy,2025,1,19
KAR/VIJ/2024/0824,2024-08-11,11:40:00,assault,"Reported incident of assault at Near Gade Path, Vijayapura.",chargesheeted,Vijayapura,Vijayapura Suburban PS,"Near Gade Path, Vijayapura",16.7768,75.7009,Insp. Hemal Mammen,2024,8,11
KAR/DAV/2024/0825,2025-02-22,06:33:00,robbery,"Reported incident of robbery at Near Thakkar, Davangere. Suspect vehicle noticed with plate KA-29-N-2331.",open,Davangere,Davangere Traffic PS,"Near Thakkar, Davangere",14.5153,75.8977,Insp. Darpan Bawa,2025,2,6
KAR/MYS/2024/0826,2025-03-16,07:46:00,kidnapping,"Reported incident of kidnapping at Near Tailor, Mysuru.",chargesheeted,Mysuru,Mysuru Traffic PS,"Near Tailor, Mysuru",12.3278,76.5522,Insp. Matthew Palan,2025,3,7
KAR/BEN/2024/0827,2024-09-21,21:20:00,vehicle_theft,"Reported incident of vehicle theft at Near Merchant Path, Bengaluru Urban. Suspect vehicle noticed with plate KA-08-M-8489.",open,Bengaluru Urban,Bengaluru Urban North PS,"Near Merchant Path, Bengaluru Urban",13.0311,77.595,Insp. Samar Comar,2024,9,21
KAR/BEN/2024/0828,2025-01-21,02:56:00,domestic_violence,"Reported incident of domestic violence at Near Parsa Circle, Bengaluru Urban.",under_investigation,Bengaluru Urban,Bengaluru Urban South PS,"Near Parsa Circle, Bengaluru Urban",13.0007,77.5732,Insp. Yahvi Deshpande,2025,1,2
KAR/BEN/2024/0829,2024-03-03,01:47:00,eve_teasing,"Reported incident of eve teasing at Near Toor Path, Bengaluru Urban.",under_investigation,Bengaluru Urban,Bengaluru Urban East PS,"Near Toor Path, Bengaluru Urban",13.0365,77.5575,Insp. Dalbir Chaudhry,2024,3,1
KAR/CHI/2024/0830,2024-01-16,15:43:00,robbery,"Reported incident of robbery at Near Mangat Chowk, Chikkamagaluru. Suspect vehicle noticed with plate KA-42-P-6036.",under_investigation,Chikkamagaluru,Chikkamagaluru Market PS,"Near Mangat Chowk, Chikkamagaluru",13.2875,75.6974,Insp. Netra Ravel,2024,1,15
KAR/UDU/2024/0831,2024-02-17,09:27:00,vehicle_theft,"Reported incident of vehicle theft at Near Varughese, Udupi. Suspect vehicle noticed with plate KA-22-KA-8403.",chargesheeted,Udupi,Udupi Traffic PS,"Near Varughese, Udupi",13.2858,74.7229,Insp. Arjun Baral,2024,2,9
KAR/BEN/2024/0832,2024-01-05,03:58:00,fraud,"Reported incident of fraud at Near Lalla Path, Bengaluru Urban.",under_investigation,Bengaluru Urban,Bengaluru Urban North PS,"Near Lalla Path, Bengaluru Urban",13.0185,77.5686,Insp. Arjun Kakar,2024,1,3
KAR/BEN/2024/0833,2025-01-11,17:06:00,fraud,"Reported incident of fraud at Near Ravel Street, Bengaluru Urban.",under_investigation,Bengaluru Urban,Bengaluru Urban Central PS,"Near Ravel Street, Bengaluru Urban",13.0134,77.6312,Insp. Diya Acharya,2025,1,17
KAR/BEN/2024/0834,2024-01-25,03:30:00,fraud,"Reported incident of fraud at Near Nadkarni Road, Bengaluru Urban.",open,Bengaluru Urban,Bengaluru Urban North PS,"Near Nadkarni Road, Bengaluru Urban",13.0169,77.5817,Insp. Geetika Chander,2024,1,3
KAR/CHI/2024/0835,2024-10-28,04:16:00,cybercrime,"Reported incident of cybercrime at Near De Circle, Chikkamagaluru.",chargesheeted,Chikkamagaluru,Chikkamagaluru Suburban PS,"Near De Circle, Chikkamagaluru",13.3112,75.7686,Insp. Forum Prabhu,2024,10,4
KAR/UDU/2024/0836,2024-10-20,21:56:00,vehicle_theft,"Reported incident of vehicle theft at Near Mutti, Udupi. Suspect vehicle noticed with plate KA-29-KA-4549.",under_investigation,Udupi,Udupi Market PS,"Near Mutti, Udupi",13.3628,74.6593,Insp. Oviya Parmer,2024,10,21
KAR/BEN/2024/0837,2024-10-03,16:39:00,chain_snatching,"Reported incident of chain snatching at Near Kara Chowk, Bengaluru Urban. Suspect vehicle noticed with plate KA-22-B-3789.",open,Bengaluru Urban,Bengaluru Urban East PS,"Near Kara Chowk, Bengaluru Urban",13.0259,77.5694,Insp. Chanchal Suri,2024,10,16
KAR/KOL/2024/0838,2024-02-04,07:37:00,senior_citizen_crime,"Reported incident of senior citizen crime at Near Batta Ganj, Kolar.",under_investigation,Kolar,Kolar Suburban PS,"Near Batta Ganj, Kolar",13.0799,78.1557,Insp. Rehaan Sur,2024,2,7
KAR/HUB/2024/0839,2024-10-25,08:21:00,fraud,"Reported incident of fraud at Near Om Path, Hubballi-Dharwad.",open,Hubballi-Dharwad,Hubballi-Dharwad Industrial PS,"Near Om Path, Hubballi-Dharwad",15.3409,75.1054,Insp. Edhitha Solanki,2024,10,8
KAR/CHI/2024/0840,2024-01-27,11:01:00,chain_snatching,"Reported incident of chain snatching at Near Balasubramanian Circle, Chikkamagaluru. Suspect vehicle noticed with plate KA-05-N-1753.",chargesheeted,Chikkamagaluru,Chikkamagaluru Suburban PS,"Near Balasubramanian Circle, Chikkamagaluru",13.3252,75.8012,Insp. Bimala Loyal,2024,1,11
KAR/UDU/2024/0841,2025-02-18,22:21:00,property_crime,"Reported incident of property crime at Near Sankaran Zila, Udupi.",open,Udupi,Udupi Market PS,"Near Sankaran Zila, Udupi",13.3811,74.6854,Insp. Arin Prabhu,2025,2,22
KAR/HAS/2024/0842,2024-08-25,18:48:00,cybercrime,"Reported incident of cybercrime at Near Chakrabarti Chowk, Hassan.",open,Hassan,Hassan Suburban PS,"Near Chakrabarti Chowk, Hassan",12.9437,76.165,Insp. Widisha Lala,2024,8,18
KAR/MAN/2024/0843,2024-10-23,18:30:00,chain_snatching,"Reported incident of chain snatching at Near Trivedi Road, Mangaluru (Dakshina Kannada). Suspect vehicle noticed with plate KA-16-P-4935.",under_investigation,Mangaluru (Dakshina Kannada),Mangaluru (Dakshina Kannada) Town PS,"Near Trivedi Road, Mangaluru (Dakshina Kannada)",12.838,74.8549,Insp. Dhruv Rau,2024,10,18
KAR/BEN/2024/0844,2024-12-09,16:41:00,chain_snatching,"Reported incident of chain snatching at Near Ramesh Chowk, Bengaluru Urban. Suspect vehicle noticed with plate KA-33-B-9456.",open,Bengaluru Urban,Bengaluru Urban Central PS,"Near Ramesh Chowk, Bengaluru Urban",13.0168,77.624,Insp. Warhi Samra,2024,12,16
KAR/TUM/2024/0845,2024-08-10,20:58:00,fraud,"Reported incident of fraud at Near Bhardwaj, Tumakuru.",under_investigation,Tumakuru,Tumakuru Traffic PS,"Near Bhardwaj, Tumakuru",13.2968,77.0838,Insp. Janaki Dhar,2024,8,20
KAR/CHI/2024/0846,2024-09-23,18:08:00,robbery,"Reported incident of robbery at Near Narula Path, Chikkamagaluru. Suspect vehicle noticed with plate KA-17-P-4272.",under_investigation,Chikkamagaluru,Chikkamagaluru Traffic PS,"Near Narula Path, Chikkamagaluru",13.3272,75.7111,Insp. Aarush Bawa,2024,9,18
KAR/BEN/2024/0847,2024-08-23,22:45:00,property_crime,"Reported incident of property crime at Near Chakrabarti Road, Bengaluru Urban.",open,Bengaluru Urban,Bengaluru Urban East PS,"Near Chakrabarti Road, Bengaluru Urban",12.9998,77.5328,Insp. Abhiram Ramakrishnan,2024,8,22
KAR/MYS/2024/0848,2024-03-03,18:25:00,assault,"Reported incident of assault at Near Sen Street, Mysuru.",chargesheeted,Mysuru,Mysuru West PS,"Near Sen Street, Mysuru",12.3568,76.5799,Insp. Qabil Keer,2024,3,18
KAR/BEN/2024/0849,2024-11-28,16:46:00,vehicle_theft,"Reported incident of vehicle theft at Near Bhatia Zila, Bengaluru Urban. Suspect vehicle noticed with plate KA-30-KA-1053.",under_investigation,Bengaluru Urban,Bengaluru Urban East PS,"Near Bhatia Zila, Bengaluru Urban",13.0338,77.5739,Insp. Vasudha Arora,2024,11,16
KAR/KOP/2024/0850,2024-10-26,17:30:00,vehicle_theft,"Reported incident of vehicle theft at Near Devan Chowk, Koppal. Suspect vehicle noticed with plate KA-24-KB-6746.",under_investigation,Koppal,Koppal Rural PS,"Near Devan Chowk, Koppal",15.371,76.1119,Insp. Bishakha Kannan,2024,10,17
KAR/CHI/2024/0851,2024-01-12,06:11:00,kidnapping,"Reported incident of kidnapping at Near Khalsa Ganj, Chikkamagaluru.",under_investigation,Chikkamagaluru,Chikkamagaluru Industrial PS,"Near Khalsa Ganj, Chikkamagaluru",13.3766,75.7384,Insp. Yashoda Wagle,2024,1,6
KAR/HUB/2024/0852,2025-02-14,06:16:00,fraud,"Reported incident of fraud at Near Nazareth Ganj, Hubballi-Dharwad.",open,Hubballi-Dharwad,Hubballi-Dharwad Rural PS,"Near Nazareth Ganj, Hubballi-Dharwad",15.3531,75.1072,Insp. Adya Shan,2025,2,6
KAR/HUB/2024/0853,2024-12-16,19:46:00,drug_offence,"Reported incident of drug offence at Near Mane Nagar, Hubballi-Dharwad.",under_investigation,Hubballi-Dharwad,Hubballi-Dharwad Industrial PS,"Near Mane Nagar, Hubballi-Dharwad",15.3177,75.116,Insp. Noah Srinivas,2024,12,19
KAR/BEN/2024/0854,2024-08-19,22:49:00,cybercrime,"Reported incident of cybercrime at Near Dugar Street, Bengaluru Urban.",open,Bengaluru Urban,Bengaluru Urban Traffic PS,"Near Dugar Street, Bengaluru Urban",12.9905,77.5801,Insp. Ekbal Savant,2024,8,22
KAR/BEN/2024/0855,2024-03-06,05:32:00,drug_offence,"Reported incident of drug offence at Near Khosla Road, Bengaluru Urban.",open,Bengaluru Urban,Bengaluru Urban North PS,"Near Khosla Road, Bengaluru Urban",12.9846,77.6122,Insp. Damyanti Jhaveri,2024,3,5
KAR/BEL/2024/0856,2024-11-01,13:34:00,vehicle_theft,"Reported incident of vehicle theft at Near Virk Road, Belagavi. Suspect vehicle noticed with plate KA-40-P-8350.",open,Belagavi,Belagavi Market PS,"Near Virk Road, Belagavi",15.8908,74.4189,Insp. Bhavya Kar,2024,11,13
KAR/MYS/2024/0857,2024-03-12,10:05:00,chain_snatching,"Reported incident of chain snatching at Near Kunda Nagar, Mysuru. Suspect vehicle noticed with plate KA-49-KA-2873.",chargesheeted,Mysuru,Mysuru North PS,"Near Kunda Nagar, Mysuru",12.3459,76.6776,Insp. Ryan Bedi,2024,3,10
KAR/BEN/2024/0858,2024-07-19,09:55:00,cybercrime,"Reported incident of cybercrime at Near Sood Zila, Bengaluru Urban.",open,Bengaluru Urban,Bengaluru Urban West PS,"Near Sood Zila, Bengaluru Urban",12.8981,77.5774,Insp. Reva Sami,2024,7,9
KAR/MYS/2024/0859,2024-01-01,09:39:00,burglary,"Reported incident of burglary at Near Vig Road, Mysuru.",open,Mysuru,Mysuru Traffic PS,"Near Vig Road, Mysuru",12.37,76.5632,Insp. Qarin Acharya,2024,1,9
KAR/MYS/2024/0860,2024-01-30,01:56:00,cybercrime,"Reported incident of cybercrime at Near Kapur Marg, Mysuru.",open,Mysuru,Mysuru South PS,"Near Kapur Marg, Mysuru",12.3491,76.604,Insp. Sai Korpal,2024,1,1
KAR/KAL/2024/0861,2025-04-17,20:37:00,burglary,"Reported incident of burglary at Near Warrior Marg, Kalaburagi.",open,Kalaburagi,Kalaburagi Traffic PS,"Near Warrior Marg, Kalaburagi",17.372,76.8335,Insp. Chakradev Hegde,2025,4,20
KAR/BID/2024/0862,2024-10-01,19:38:00,chain_snatching,"Reported incident of chain snatching at Near Bains Street, Bidar. Suspect vehicle noticed with plate KA-35-A-2075.",under_investigation,Bidar,Bidar Industrial PS,"Near Bains Street, Bidar",17.8969,77.5318,Insp. Devika Hayer,2024,10,19
KAR/CHI/2024/0863,2025-03-20,11:04:00,robbery,"Reported incident of robbery at Near Sood Ganj, Chikkamagaluru. Suspect vehicle noticed with plate KA-11-N-7043.",under_investigation,Chikkamagaluru,Chikkamagaluru Market PS,"Near Sood Ganj, Chikkamagaluru",13.2888,75.7211,Insp. Abeer Amble,2025,3,11
KAR/BEN/2024/0864,2025-04-29,13:24:00,vehicle_theft,"Reported incident of vehicle theft at Near Sarma, Bengaluru Urban. Suspect vehicle noticed with plate KA-10-KA-9807.",open,Bengaluru Urban,Bengaluru Urban Central PS,"Near Sarma, Bengaluru Urban",12.9645,77.6589,Insp. Frederick Khanna,2025,4,13
KAR/SHI/2024/0865,2024-10-26,08:30:00,chain_snatching,"Reported incident of chain snatching at Near Bakshi Circle, Shivamogga. Suspect vehicle noticed with plate KA-01-KA-5218.",open,Shivamogga,Shivamogga Rural PS,"Near Bakshi Circle, Shivamogga",13.9997,75.5168,Insp. Dalaja Tailor,2024,10,8
KAR/BAL/2024/0866,2024-05-04,15:47:00,senior_citizen_crime,"Reported incident of senior citizen crime at Near Malhotra Chowk, Ballari.",open,Ballari,Ballari Suburban PS,"Near Malhotra Chowk, Ballari",15.2144,76.8443,Insp. Bakhshi Dalal,2024,5,15
KAR/RAI/2024/0867,2024-11-03,18:39:00,chain_snatching,"Reported incident of chain snatching at Near Bawa Path, Raichur. Suspect vehicle noticed with plate KA-10-A-2999.",open,Raichur,Raichur Town PS,"Near Bawa Path, Raichur",16.2034,77.3676,Insp. Pratyush Yohannan,2024,11,18
KAR/MAN/2024/0868,2024-11-07,12:45:00,chain_snatching,"Reported incident of chain snatching at Near Patel Zila, Mandya. Suspect vehicle noticed with plate KA-30-KA-2242.",closed,Mandya,Mandya Market PS,"Near Patel Zila, Mandya",12.5986,76.8133,Insp. Max Chaudhari,2024,11,12
KAR/BEN/2024/0869,2024-05-27,14:23:00,vehicle_theft,"Reported incident of vehicle theft at Near Lad Path, Bengaluru Urban. Suspect vehicle noticed with plate KA-35-A-8749.",open,Bengaluru Urban,Bengaluru Urban North PS,"Near Lad Path, Bengaluru Urban",12.9946,77.6058,Insp. Darsh Magar,2024,5,14
KAR/SHI/2024/0870,2024-12-16,08:26:00,fraud,"Reported incident of fraud at Near Mand Street, Shivamogga.",open,Shivamogga,Shivamogga Traffic PS,"Near Mand Street, Shivamogga",13.9913,75.6025,Insp. Ikshita Keer,2024,12,8
KAR/BEN/2024/0871,2024-07-17,18:51:00,fraud,"Reported incident of fraud at Near Yadav Street, Bengaluru Rural.",open,Bengaluru Rural,Bengaluru Rural Traffic PS,"Near Yadav Street, Bengaluru Rural",13.1576,77.6105,Insp. Madhavi Sandal,2024,7,18
KAR/MYS/2024/0872,2024-03-29,04:16:00,assault,"Reported incident of assault at Near Zacharia Zila, Mysuru.",open,Mysuru,Mysuru North PS,"Near Zacharia Zila, Mysuru",12.3696,76.6623,Insp. Pranav Khare,2024,3,4
KAR/CHI/2024/0873,2025-03-03,23:38:00,burglary,"Reported incident of burglary at Near Borde Road, Chikkamagaluru.",open,Chikkamagaluru,Chikkamagaluru Industrial PS,"Near Borde Road, Chikkamagaluru",13.3768,75.7412,Insp. Girik Majumdar,2025,3,23
KAR/SHI/2024/0874,2024-12-16,14:03:00,vehicle_theft,"Reported incident of vehicle theft at Near Sathe, Shivamogga. Suspect vehicle noticed with plate KA-33-KB-1320.",open,Shivamogga,Shivamogga Traffic PS,"Near Sathe, Shivamogga",13.9821,75.6198,Insp. Mitesh Rastogi,2024,12,14
KAR/MAN/2024/0875,2025-02-11,11:19:00,vehicle_theft,"Reported incident of vehicle theft at Near Lad Circle, Mangaluru (Dakshina Kannada). Suspect vehicle noticed with plate KA-38-KB-5365.",under_investigation,Mangaluru (Dakshina Kannada),Mangaluru (Dakshina Kannada) Industrial PS,"Near Lad Circle, Mangaluru (Dakshina Kannada)",12.9737,74.8751,Insp. Rushil Parmar,2025,2,11
KAR/KOP/2024/0876,2024-02-14,05:34:00,assault,"Reported incident of assault at Near Narang, Koppal.",open,Koppal,Koppal Rural PS,"Near Narang, Koppal",15.3794,76.076,Insp. Qarin Barad,2024,2,5
KAR/BEN/2024/0877,2024-12-19,19:00:00,vehicle_theft,"Reported incident of vehicle theft at Near Choudhary Path, Bengaluru Urban. Suspect vehicle noticed with plate KA-01-P-7666.",chargesheeted,Bengaluru Urban,Bengaluru Urban South PS,"Near Choudhary Path, Bengaluru Urban",13.0028,77.5641,Insp. Sarthak Samra,2024,12,19
KAR/KOP/2024/0878,2024-08-15,08:49:00,cybercrime,"Reported incident of cybercrime at Near Amble Path, Koppal.",open,Koppal,Koppal Market PS,"Near Amble Path, Koppal",15.3686,76.2103,Insp. Kiaan Chowdhury,2024,8,8
KAR/BEN/2024/0879,2024-08-03,14:05:00,drug_offence,"Reported incident of drug offence at Near Deshpande Circle, Bengaluru Urban.",open,Bengaluru Urban,Bengaluru Urban West PS,"Near Deshpande Circle, Bengaluru Urban",12.8741,77.5662,Insp. Irya Chakrabarti,2024,8,14
KAR/KOL/2024/0880,2025-01-17,04:58:00,fraud,"Reported incident of fraud at Near Narayanan Nagar, Kolar.",open,Kolar,Kolar Suburban PS,"Near Narayanan Nagar, Kolar",13.0939,78.1278,Insp. Omisha Cheema,2025,1,4
KAR/HAS/2024/0881,2025-05-17,10:05:00,robbery,"Reported incident of robbery at Near Prashad Circle, Hassan. Suspect vehicle noticed with plate KA-09-N-7188.",open,Hassan,Hassan Traffic PS,"Near Prashad Circle, Hassan",12.9038,76.0336,Insp. Andrew Pillay,2025,5,10
KAR/BID/2024/0882,2024-06-30,20:45:00,hit_and_run,"Reported incident of hit and run at Near Sane Zila, Bidar.",open,Bidar,Bidar Industrial PS,"Near Sane Zila, Bidar",17.9194,77.5583,Insp. Ojas Brahmbhatt,2024,6,20
KAR/BEN/2024/0883,2024-08-06,12:25:00,property_crime,"Reported incident of property crime at Near Chowdhury Chowk, Bengaluru Urban.",under_investigation,Bengaluru Urban,Bengaluru Urban West PS,"Near Chowdhury Chowk, Bengaluru Urban",12.8891,77.5404,Insp. Unnati Koshy,2024,8,12
KAR/BEN/2024/0884,2024-04-25,18:14:00,robbery,"Reported incident of robbery at Near Morar Circle, Bengaluru Urban. Suspect vehicle noticed with plate KA-38-KA-2932.",open,Bengaluru Urban,Bengaluru Urban East PS,"Near Morar Circle, Bengaluru Urban",13.0047,77.5648,Insp. Qarin Dasgupta,2024,4,18
KAR/MAN/2024/0885,2024-03-03,15:59:00,burglary,"Reported incident of burglary at Near Batra Chowk, Mangaluru (Dakshina Kannada).",under_investigation,Mangaluru (Dakshina Kannada),Mangaluru (Dakshina Kannada) Industrial PS,"Near Batra Chowk, Mangaluru (Dakshina Kannada)",12.9233,74.8532,Insp. Saksham Malhotra,2024,3,15
KAR/TUM/2024/0886,2025-02-14,19:32:00,assault,"Reported incident of assault at Near Nagi Zila, Tumakuru.",under_investigation,Tumakuru,Tumakuru Market PS,"Near Nagi Zila, Tumakuru",13.3422,77.0629,Insp. Azad Narula,2025,2,19
KAR/BEN/2024/0887,2024-10-26,03:07:00,vehicle_theft,"Reported incident of vehicle theft at Near Sen Circle, Bengaluru Urban. Suspect vehicle noticed with plate KA-01-M-2600.",open,Bengaluru Urban,Bengaluru Urban East PS,"Near Sen Circle, Bengaluru Urban",12.9794,77.5415,Insp. Omaja Sami,2024,10,3
KAR/DAV/2024/0888,2024-04-23,00:18:00,hit_and_run,"Reported incident of hit and run at Near Bhardwaj Nagar, Davangere.",under_investigation,Davangere,Davangere Traffic PS,"Near Bhardwaj Nagar, Davangere",14.5105,75.9298,Insp. Bishakha Sarin,2024,4,0
KAR/MAN/2024/0889,2025-03-20,02:41:00,burglary,"Reported incident of burglary at Near Ratti Ganj, Mangaluru (Dakshina Kannada).",open,Mangaluru (Dakshina Kannada),Mangaluru (Dakshina Kannada) Industrial PS,"Near Ratti Ganj, Mangaluru (Dakshina Kannada)",12.9456,74.8801,Insp. Quincy Rajagopal,2025,3,2
KAR/BEN/2024/0890,2024-12-08,01:08:00,vehicle_theft,"Reported incident of vehicle theft at Near Tripathi Marg, Bengaluru Urban. Suspect vehicle noticed with plate KA-08-N-3619.",open,Bengaluru Urban,Bengaluru Urban North PS,"Near Tripathi Marg, Bengaluru Urban",13.027,77.6127,Insp. Warhi Prakash,2024,12,1
KAR/BEN/2024/0891,2024-01-27,05:32:00,burglary,"Reported incident of burglary at Near Rana Ganj, Bengaluru Urban.",open,Bengaluru Urban,Bengaluru Urban East PS,"Near Rana Ganj, Bengaluru Urban",12.9993,77.5206,Insp. Aadi Kamdar,2024,1,5
KAR/KOL/2024/0892,2024-09-30,19:02:00,fraud,"Reported incident of fraud at Near Parekh Chowk, Kolar.",under_investigation,Kolar,Kolar Suburban PS,"Near Parekh Chowk, Kolar",13.1045,78.1535,Insp. Avi Manda,2024,9,19
KAR/UDU/2024/0893,2025-03-07,07:34:00,cybercrime,"Reported incident of cybercrime at Near Badami Road, Udupi.",open,Udupi,Udupi Industrial PS,"Near Badami Road, Udupi",13.3253,74.7358,Insp. Aditya Patla,2025,3,7
KAR/VIJ/2024/0894,2024-11-18,13:04:00,eve_teasing,"Reported incident of eve teasing at Near Gole, Vijayapura.",open,Vijayapura,Vijayapura Traffic PS,"Near Gole, Vijayapura",16.7814,75.7111,Insp. Udant Bains,2024,11,13
KAR/HAS/2024/0895,2025-01-12,01:25:00,property_crime,"Reported incident of property crime at Near Chahal Chowk, Hassan.",chargesheeted,Hassan,Hassan Town PS,"Near Chahal Chowk, Hassan",13.0363,76.0036,Insp. Vihaan Gola,2025,1,1
KAR/HAS/2024/0896,2024-11-08,04:36:00,fraud,"Reported incident of fraud at Near Mistry Circle, Hassan.",open,Hassan,Hassan Traffic PS,"Near Mistry Circle, Hassan",12.9097,76.0439,Insp. Amaira Lanka,2024,11,4
KAR/BEN/2024/0897,2025-03-11,15:35:00,robbery,"Reported incident of robbery at Near Chadha Path, Bengaluru Urban. Suspect vehicle noticed with plate KA-08-KA-8219.",under_investigation,Bengaluru Urban,Bengaluru Urban North PS,"Near Chadha Path, Bengaluru Urban",12.9831,77.6039,Insp. Zashil Palla,2025,3,15
KAR/KOP/2024/0898,2024-11-26,07:08:00,vehicle_theft,"Reported incident of vehicle theft at Near Goyal, Koppal. Suspect vehicle noticed with plate KA-32-M-1815.",chargesheeted,Koppal,Koppal Industrial PS,"Near Goyal, Koppal",15.3021,76.1223,Insp. Teerth Buch,2024,11,7
KAR/SHI/2024/0899,2024-11-05,16:29:00,cybercrime,"Reported incident of cybercrime at Near Soman Street, Shivamogga.",open,Shivamogga,Shivamogga Market PS,"Near Soman Street, Shivamogga",13.9487,75.6267,Insp. Janaki Tripathi,2024,11,16
KAR/DAV/2024/0900,2024-10-31,10:26:00,vehicle_theft,"Reported incident of vehicle theft at Near Banik Nagar, Davangere. Suspect vehicle noticed with plate KA-04-B-9088.",under_investigation,Davangere,Davangere Market PS,"Near Banik Nagar, Davangere",14.4966,75.8746,Insp. Raghav Contractor,2024,10,10
KAR/CHI/2024/0901,2025-06-01,23:36:00,burglary,"Reported incident of burglary at Near Ganesh Marg, Chikkamagaluru.",open,Chikkamagaluru,Chikkamagaluru Market PS,"Near Ganesh Marg, Chikkamagaluru",13.3346,75.6998,Insp. Bhavna Menon,2025,6,23
KAR/RAI/2024/0902,2024-10-26,20:51:00,eve_teasing,"Reported incident of eve teasing at Near Gour Zila, Raichur.",under_investigation,Raichur,Raichur Town PS,"Near Gour Zila, Raichur",16.1733,77.3419,Insp. Ikshita Gola,2024,10,20
KAR/SHI/2024/0903,2024-08-07,04:12:00,fraud,"Reported incident of fraud at Near Char Circle, Shivamogga.",under_investigation,Shivamogga,Shivamogga Traffic PS,"Near Char Circle, Shivamogga",13.988,75.6052,Insp. Faraj Pandit,2024,8,4
KAR/DAV/2024/0904,2024-08-04,21:19:00,domestic_violence,"Reported incident of domestic violence at Near Bhargava Nagar, Davangere.",under_investigation,Davangere,Davangere Industrial PS,"Near Bhargava Nagar, Davangere",14.4488,75.8364,Insp. Chatresh Butala,2024,8,21
KAR/BAL/2024/0905,2024-09-06,00:55:00,burglary,"Reported incident of burglary at Near Sanghvi Circle, Ballari.",open,Ballari,Ballari Town PS,"Near Sanghvi Circle, Ballari",15.0847,76.9788,Insp. Inaya Salvi,2024,9,0
KAR/BEN/2024/0906,2024-11-27,02:57:00,assault,"Reported incident of assault at Near Khare Chowk, Bengaluru Urban.",under_investigation,Bengaluru Urban,Bengaluru Urban South PS,"Near Khare Chowk, Bengaluru Urban",12.9912,77.597,Insp. Sai Ratta,2024,11,2
KAR/UDU/2024/0907,2024-08-20,19:08:00,burglary,"Reported incident of burglary at Near Jani Zila, Udupi.",chargesheeted,Udupi,Udupi Market PS,"Near Jani Zila, Udupi",13.3516,74.6659,Insp. Girindra Borah,2024,8,19
KAR/BAL/2024/0908,2025-05-26,10:10:00,drug_offence,"Reported incident of drug offence at Near Pall, Ballari.",under_investigation,Ballari,Ballari Traffic PS,"Near Pall, Ballari",15.1025,76.9731,Insp. Maya Shere,2025,5,10
KAR/BEN/2024/0909,2024-06-08,19:44:00,assault,"Reported incident of assault at Near Nigam Chowk, Bengaluru Urban.",under_investigation,Bengaluru Urban,Bengaluru Urban East PS,"Near Nigam Chowk, Bengaluru Urban",13.0162,77.5308,Insp. Tejas Chakraborty,2024,6,19
KAR/BEN/2024/0910,2025-03-16,20:34:00,robbery,"Reported incident of robbery at Near Rai Road, Bengaluru Urban. Suspect vehicle noticed with plate KA-48-M-3172.",chargesheeted,Bengaluru Urban,Bengaluru Urban East PS,"Near Rai Road, Bengaluru Urban",13.0003,77.5412,Insp. Dalbir Shukla,2025,3,20
KAR/BEN/2024/0911,2025-05-25,23:51:00,domestic_violence,"Reported incident of domestic violence at Near Biswas Street, Bengaluru Rural.",under_investigation,Bengaluru Rural,Bengaluru Rural East PS,"Near Biswas Street, Bengaluru Rural",13.27,77.5689,Insp. Balveer Jhaveri,2025,5,23
KAR/MYS/2024/0912,2024-10-31,03:11:00,domestic_violence,"Reported incident of domestic violence at Near Sekhon Marg, Mysuru.",under_investigation,Mysuru,Mysuru West PS,"Near Sekhon Marg, Mysuru",12.3571,76.5923,Insp. Ucchal Devi,2024,10,3
KAR/BEN/2024/0913,2024-12-21,19:23:00,vehicle_theft,"Reported incident of vehicle theft at Near Mammen Path, Bengaluru Urban. Suspect vehicle noticed with plate KA-46-KB-1485.",chargesheeted,Bengaluru Urban,Bengaluru Urban Traffic PS,"Near Mammen Path, Bengaluru Urban",12.97,77.5644,Insp. Ekiya Nazareth,2024,12,19
KAR/HAS/2024/0914,2024-08-24,01:32:00,robbery,"Reported incident of robbery at Near Narayan Road, Hassan. Suspect vehicle noticed with plate KA-21-KB-1463.",open,Hassan,Hassan Town PS,"Near Narayan Road, Hassan",13.0285,76.0184,Insp. Manthan Shetty,2024,8,1
KAR/RAI/2024/0915,2024-01-03,16:18:00,murder,"Reported incident of murder at Near Amble Street, Raichur.",open,Raichur,Raichur Rural PS,"Near Amble Street, Raichur",16.2424,77.361,Insp. Tarak Thakur,2024,1,16
KAR/BEN/2024/0916,2024-08-18,11:16:00,kidnapping,"Reported incident of kidnapping at Near Roy Chowk, Bengaluru Urban.",under_investigation,Bengaluru Urban,Bengaluru Urban Central PS,"Near Roy Chowk, Bengaluru Urban",12.9776,77.6189,Insp. Dhriti Sangha,2024,8,11
KAR/BEN/2024/0917,2024-11-25,22:42:00,fraud,"Reported incident of fraud at Near Vasa Circle, Bengaluru Urban.",open,Bengaluru Urban,Bengaluru Urban North PS,"Near Vasa Circle, Bengaluru Urban",13.0105,77.6029,Insp. Aashi Sachdeva,2024,11,22
KAR/HUB/2024/0918,2024-09-16,21:44:00,eve_teasing,"Reported incident of eve teasing at Near Pau Circle, Hubballi-Dharwad.",closed,Hubballi-Dharwad,Hubballi-Dharwad Industrial PS,"Near Pau Circle, Hubballi-Dharwad",15.3295,75.1052,Insp. Yashodhara Bhardwaj,2024,9,21
KAR/HUB/2024/0919,2025-04-14,21:36:00,robbery,"Reported incident of robbery at Near Borde Nagar, Hubballi-Dharwad. Suspect vehicle noticed with plate KA-31-A-5985.",open,Hubballi-Dharwad,Hubballi-Dharwad Rural PS,"Near Borde Nagar, Hubballi-Dharwad",15.3338,75.1504,Insp. Eta Murty,2025,4,21
KAR/BEL/2024/0920,2024-10-05,13:29:00,chain_snatching,"Reported incident of chain snatching at Near Pau Marg, Belagavi. Suspect vehicle noticed with plate KA-09-N-1217.",open,Belagavi,Belagavi Town PS,"Near Pau Marg, Belagavi",15.8074,74.508,Insp. Gaurika Tailor,2024,10,13
KAR/HUB/2024/0921,2025-04-18,22:10:00,drug_offence,"Reported incident of drug offence at Near Mahajan Ganj, Hubballi-Dharwad.",open,Hubballi-Dharwad,Hubballi-Dharwad Rural PS,"Near Mahajan Ganj, Hubballi-Dharwad",15.3637,75.131,Insp. Mohammed Sehgal,2025,4,22
KAR/MYS/2024/0922,2024-02-19,07:52:00,hit_and_run,"Reported incident of hit and run at Near Kapur Circle, Mysuru.",open,Mysuru,Mysuru West PS,"Near Kapur Circle, Mysuru",12.3221,76.5887,Insp. Nidra Iyer,2024,2,7
KAR/KOP/2024/0923,2024-11-06,15:27:00,vehicle_theft,"Reported incident of vehicle theft at Near Bawa, Koppal. Suspect vehicle noticed with plate KA-17-KA-9367.",under_investigation,Koppal,Koppal Market PS,"Near Bawa, Koppal",15.3871,76.2077,Insp. Megha Sengupta,2024,11,15
KAR/VIJ/2024/0924,2024-02-08,09:03:00,chain_snatching,"Reported incident of chain snatching at Near Pal Path, Vijayapura. Suspect vehicle noticed with plate KA-55-A-1655.",open,Vijayapura,Vijayapura Rural PS,"Near Pal Path, Vijayapura",16.758,75.6873,Insp. Charles Pall,2024,2,9
KAR/KOP/2024/0925,2024-10-06,20:47:00,vehicle_theft,"Reported incident of vehicle theft at Near Shukla Ganj, Koppal. Suspect vehicle noticed with plate KA-26-N-4539.",open,Koppal,Koppal Town PS,"Near Shukla Ganj, Koppal",15.3236,76.216,Insp. Nisha Walia,2024,10,20
KAR/BEN/2024/0926,2024-03-25,08:55:00,burglary,"Reported incident of burglary at Near Basu Chowk, Bengaluru Urban.",open,Bengaluru Urban,Bengaluru Urban West PS,"Near Basu Chowk, Bengaluru Urban",12.8988,77.5818,Insp. Forum Hegde,2024,3,8
KAR/CHI/2024/0927,2024-12-27,04:08:00,vehicle_theft,"Reported incident of vehicle theft at Near Balay Marg, Chikkamagaluru. Suspect vehicle noticed with plate KA-43-KA-4207.",open,Chikkamagaluru,Chikkamagaluru Market PS,"Near Balay Marg, Chikkamagaluru",13.3276,75.7146,Insp. Triveni Venkataraman,2024,12,4
KAR/BEN/2024/0928,2024-06-06,17:50:00,hit_and_run,"Reported incident of hit and run at Near Agate Road, Bengaluru Urban.",under_investigation,Bengaluru Urban,Bengaluru Urban East PS,"Near Agate Road, Bengaluru Urban",12.9984,77.5298,Insp. Madhavi Sanghvi,2024,6,17
KAR/BEN/2024/0929,2024-02-25,14:33:00,fraud,"Reported incident of fraud at Near Ramanathan Road, Bengaluru Urban.",open,Bengaluru Urban,Bengaluru Urban Traffic PS,"Near Ramanathan Road, Bengaluru Urban",12.9857,77.588,Insp. Yashasvi Kadakia,2024,2,14
KAR/BEN/2024/0930,2024-07-01,14:04:00,kidnapping,"Reported incident of kidnapping at Near Dyal Path, Bengaluru Urban.",open,Bengaluru Urban,Bengaluru Urban Traffic PS,"Near Dyal Path, Bengaluru Urban",12.9921,77.5451,Insp. Ekanta Dutta,2024,7,14
KAR/BID/2024/0931,2024-05-05,19:48:00,robbery,"Reported incident of robbery at Near Batta Path, Bidar. Suspect vehicle noticed with plate KA-21-B-8345.",under_investigation,Bidar,Bidar Industrial PS,"Near Batta Path, Bidar",17.906,77.523,Insp. Qushi Desai,2024,5,19
KAR/BEN/2024/0932,2024-06-27,01:48:00,robbery,"Reported incident of robbery at Near Chaudry Circle, Bengaluru Urban. Suspect vehicle noticed with plate KA-33-A-8747.",open,Bengaluru Urban,Bengaluru Urban East PS,"Near Chaudry Circle, Bengaluru Urban",13.0215,77.5526,Insp. Barkha Chawla,2024,6,1
KAR/BAL/2024/0933,2025-04-26,01:36:00,burglary,"Reported incident of burglary at Near Rao Chowk, Ballari.",open,Ballari,Ballari Rural PS,"Near Rao Chowk, Ballari",15.0737,76.8673,Insp. Vidhi Murthy,2025,4,1
KAR/BEL/2024/0934,2025-05-11,08:12:00,vehicle_theft,"Reported incident of vehicle theft at Near Tank Ganj, Belagavi. Suspect vehicle noticed with plate KA-30-M-4629.",under_investigation,Belagavi,Belagavi Suburban PS,"Near Tank Ganj, Belagavi",15.8559,74.4814,Insp. Jeevika Kala,2025,5,8
KAR/BEN/2024/0935,2024-12-24,19:07:00,vehicle_theft,"Reported incident of vehicle theft at Near Iyengar Path, Bengaluru Urban. Suspect vehicle noticed with plate KA-34-P-1070.",under_investigation,Bengaluru Urban,Bengaluru Urban East PS,"Near Iyengar Path, Bengaluru Urban",13.0284,77.5244,Insp. Eta Majumdar,2024,12,19
KAR/UDU/2024/0936,2024-12-31,22:55:00,vehicle_theft,"Reported incident of vehicle theft at Near Barad Marg, Udupi. Suspect vehicle noticed with plate KA-38-P-7378.",under_investigation,Udupi,Udupi Industrial PS,"Near Barad Marg, Udupi",13.3278,74.7404,Insp. Orinder Salvi,2024,12,22
KAR/BEL/2024/0937,2024-11-28,00:11:00,vehicle_theft,"Reported incident of vehicle theft at Near Dubey Ganj, Belagavi. Suspect vehicle noticed with plate KA-16-KA-9703.",under_investigation,Belagavi,Belagavi Traffic PS,"Near Dubey Ganj, Belagavi",15.7716,74.4322,Insp. Watika Patel,2024,11,0
KAR/BEN/2024/0938,2024-11-13,01:06:00,chain_snatching,"Reported incident of chain snatching at Near Biswas Chowk, Bengaluru Urban. Suspect vehicle noticed with plate KA-38-P-6641.",open,Bengaluru Urban,Bengaluru Urban North PS,"Near Biswas Chowk, Bengaluru Urban",13.0181,77.5765,Insp. Pranav Din,2024,11,1
KAR/MYS/2024/0939,2024-08-11,13:42:00,property_crime,"Reported incident of property crime at Near Kata Circle, Mysuru.",under_investigation,Mysuru,Mysuru Traffic PS,"Near Kata Circle, Mysuru",12.3508,76.5968,Insp. Raghav Sabharwal,2024,8,13
KAR/HUB/2024/0940,2024-05-14,14:48:00,vehicle_theft,"Reported incident of vehicle theft at Near Divan Ganj, Hubballi-Dharwad. Suspect vehicle noticed with plate KA-53-KA-3728.",under_investigation,Hubballi-Dharwad,Hubballi-Dharwad Industrial PS,"Near Divan Ganj, Hubballi-Dharwad",15.32,75.0987,Insp. Qarin Dara,2024,5,14
KAR/BID/2024/0941,2024-10-20,05:11:00,vehicle_theft,"Reported incident of vehicle theft at Near Modi Zila, Bidar. Suspect vehicle noticed with plate KA-51-KA-4918.",open,Bidar,Bidar Town PS,"Near Modi Zila, Bidar",17.8289,77.5834,Insp. Oscar Brar,2024,10,5
KAR/BEN/2024/0942,2024-10-23,03:48:00,vehicle_theft,"Reported incident of vehicle theft at Near Kurian Road, Bengaluru Urban. Suspect vehicle noticed with plate KA-21-P-2875.",chargesheeted,Bengaluru Urban,Bengaluru Urban East PS,"Near Kurian Road, Bengaluru Urban",12.9863,77.5347,Insp. Chandran Chokshi,2024,10,3
KAR/BEN/2024/0943,2024-08-15,19:50:00,chain_snatching,"Reported incident of chain snatching at Near Sekhon Road, Bengaluru Rural. Suspect vehicle noticed with plate KA-23-M-1708.",open,Bengaluru Rural,Bengaluru Rural West PS,"Near Sekhon Road, Bengaluru Rural",13.2611,77.6728,Insp. Warjas Gala,2024,8,19
KAR/BEN/2024/0944,2024-03-04,12:06:00,burglary,"Reported incident of burglary at Near Upadhyay Ganj, Bengaluru Urban.",chargesheeted,Bengaluru Urban,Bengaluru Urban East PS,"Near Upadhyay Ganj, Bengaluru Urban",12.9893,77.5403,Insp. Krisha Badami,2024,3,12
KAR/BEN/2024/0945,2024-12-23,19:50:00,cybercrime,"Reported incident of cybercrime at Near Upadhyay Marg, Bengaluru Rural.",closed,Bengaluru Rural,Bengaluru Rural South PS,"Near Upadhyay Marg, Bengaluru Rural",13.1888,77.6253,Insp. Ishanvi Arya,2024,12,19
KAR/MYS/2024/0946,2025-03-24,10:50:00,fraud,"Reported incident of fraud at Near Mall Zila, Mysuru.",closed,Mysuru,Mysuru South PS,"Near Mall Zila, Mysuru",12.3481,76.6051,Insp. Rachit Borra,2025,3,10
KAR/BEN/2024/0947,2024-10-13,20:26:00,burglary,"Reported incident of burglary at Near Vohra Path, Bengaluru Urban.",open,Bengaluru Urban,Bengaluru Urban West PS,"Near Vohra Path, Bengaluru Urban",12.9105,77.5885,Insp. Gavin Chakrabarti,2024,10,20
KAR/BEN/2024/0948,2024-04-19,02:52:00,chain_snatching,"Reported incident of chain snatching at Near Chanda, Bengaluru Urban. Suspect vehicle noticed with plate KA-33-A-9584.",closed,Bengaluru Urban,Bengaluru Urban North PS,"Near Chanda, Bengaluru Urban",13.0358,77.5633,Insp. Naksh Ghosh,2024,4,2
KAR/BEN/2024/0949,2024-10-19,16:34:00,vehicle_theft,"Reported incident of vehicle theft at Near Biswas Street, Bengaluru Urban. Suspect vehicle noticed with plate KA-44-A-5294.",under_investigation,Bengaluru Urban,Bengaluru Urban Central PS,"Near Biswas Street, Bengaluru Urban",13.0068,77.6091,Insp. Isaac Sachdev,2024,10,16
KAR/BEN/2024/0950,2024-12-18,02:55:00,hit_and_run,"Reported incident of hit and run at Near Chakrabarti Nagar, Bengaluru Urban.",open,Bengaluru Urban,Bengaluru Urban North PS,"Near Chakrabarti Nagar, Bengaluru Urban",13.0278,77.5561,Insp. Neelima Tata,2024,12,2
KAR/RAI/2024/0951,2024-08-26,08:21:00,property_crime,"Reported incident of property crime at Near Dixit Marg, Raichur.",open,Raichur,Raichur Suburban PS,"Near Dixit Marg, Raichur",16.2353,77.3792,Insp. Yashica Sarraf,2024,8,8
KAR/BEN/2024/0952,2024-01-01,00:29:00,cybercrime,"Reported incident of cybercrime at Near Parmar Circle, Bengaluru Urban.",under_investigation,Bengaluru Urban,Bengaluru Urban West PS,"Near Parmar Circle, Bengaluru Urban",12.8958,77.5801,Insp. Oliver Madan,2024,1,0
KAR/BEL/2024/0953,2025-03-24,14:41:00,burglary,"Reported incident of burglary at Near Mane Ganj, Belagavi.",under_investigation,Belagavi,Belagavi Suburban PS,"Near Mane Ganj, Belagavi",15.8904,74.4567,Insp. Faras Master,2025,3,14
KAR/DAV/2024/0954,2024-01-03,11:10:00,assault,"Reported incident of assault at Near Jhaveri Marg, Davangere.",under_investigation,Davangere,Davangere Town PS,"Near Jhaveri Marg, Davangere",14.5069,75.9789,Insp. Tanveer Nadkarni,2024,1,11
KAR/KOL/2024/0955,2024-02-16,08:32:00,chain_snatching,"Reported incident of chain snatching at Near More Circle, Kolar. Suspect vehicle noticed with plate KA-23-N-6739.",open,Kolar,Kolar Market PS,"Near More Circle, Kolar",13.0787,78.0523,Insp. Mohammed Chahal,2024,2,8
KAR/DAV/2024/0956,2024-02-28,11:01:00,robbery,"Reported incident of robbery at Near Chaudry Circle, Davangere. Suspect vehicle noticed with plate KA-10-B-4360.",open,Davangere,Davangere Rural PS,"Near Chaudry Circle, Davangere",14.5629,75.9231,Insp. Wakeeta Thakkar,2024,2,11
KAR/BEN/2024/0957,2025-01-10,14:04:00,robbery,"Reported incident of robbery at Near Kaur Path, Bengaluru Urban. Suspect vehicle noticed with plate KA-07-B-8171.",open,Bengaluru Urban,Bengaluru Urban East PS,"Near Kaur Path, Bengaluru Urban",12.9926,77.5276,Insp. Ishwar Din,2025,1,14
KAR/BEN/2024/0958,2024-02-25,17:20:00,hit_and_run,"Reported incident of hit and run at Near Morar, Bengaluru Urban.",chargesheeted,Bengaluru Urban,Bengaluru Urban West PS,"Near Morar, Bengaluru Urban",12.9246,77.5869,Insp. Yashvi Gera,2024,2,17
KAR/BAL/2024/0959,2024-12-19,23:57:00,chain_snatching,"Reported incident of chain snatching at Near Raval Circle, Ballari. Suspect vehicle noticed with plate KA-43-KA-8831.",chargesheeted,Ballari,Ballari Traffic PS,"Near Raval Circle, Ballari",15.1055,76.9259,Insp. Sanya Sarkar,2024,12,23
KAR/TUM/2024/0960,2024-01-20,07:17:00,vehicle_theft,"Reported incident of vehicle theft at Near Raman Street, Tumakuru. Suspect vehicle noticed with plate KA-18-KB-4226.",chargesheeted,Tumakuru,Tumakuru Traffic PS,"Near Raman Street, Tumakuru",13.2719,77.0628,Insp. Tanay Palan,2024,1,7
KAR/BEN/2024/0961,2024-11-26,01:47:00,vehicle_theft,"Reported incident of vehicle theft at Near Suresh Marg, Bengaluru Urban. Suspect vehicle noticed with plate KA-55-N-5075.",under_investigation,Bengaluru Urban,Bengaluru Urban Central PS,"Near Suresh Marg, Bengaluru Urban",13.0195,77.6227,Insp. Vidhi Lala,2024,11,1
KAR/SHI/2024/0962,2025-02-01,11:29:00,assault,"Reported incident of assault at Near Memon Street, Shivamogga.",under_investigation,Shivamogga,Shivamogga Traffic PS,"Near Memon Street, Shivamogga",14.007,75.6078,Insp. David Mangal,2025,2,11
KAR/BID/2024/0963,2025-03-17,13:35:00,robbery,"Reported incident of robbery at Near Shan Path, Bidar. Suspect vehicle noticed with plate KA-53-B-2962.",under_investigation,Bidar,Bidar Market PS,"Near Shan Path, Bidar",17.9369,77.4934,Insp. Vasudha Anne,2025,3,13
KAR/BID/2024/0964,2024-10-11,18:15:00,assault,"Reported incident of assault at Near Kadakia Ganj, Bidar.",open,Bidar,Bidar Traffic PS,"Near Kadakia Ganj, Bidar",17.9547,77.471,Insp. Dev Sibal,2024,10,18
KAR/BEN/2024/0965,2024-06-07,10:49:00,fraud,"Reported incident of fraud at Near Anne Marg, Bengaluru Rural.",open,Bengaluru Rural,Bengaluru Rural Central PS,"Near Anne Marg, Bengaluru Rural",13.2519,77.5148,Insp. Oni Khanna,2024,6,10
KAR/RAI/2024/0966,2025-02-20,17:21:00,vehicle_theft,"Reported incident of vehicle theft at Near Goswami Circle, Raichur. Suspect vehicle noticed with plate KA-25-KA-8050.",open,Raichur,Raichur Rural PS,"Near Goswami Circle, Raichur",16.2188,77.3384,Insp. Rayaan Chada,2025,2,17
KAR/VIJ/2024/0967,2024-03-14,03:38:00,chain_snatching,"Reported incident of chain snatching at Near Munshi Street, Vijayapura. Suspect vehicle noticed with plate KA-53-B-2764.",open,Vijayapura,Vijayapura Rural PS,"Near Munshi Street, Vijayapura",16.7754,75.6362,Insp. Neel Khurana,2024,3,3
KAR/KOL/2024/0968,2025-05-25,23:44:00,chain_snatching,"Reported incident of chain snatching at Near Wagle Nagar, Kolar. Suspect vehicle noticed with plate KA-33-N-1523.",open,Kolar,Kolar Town PS,"Near Wagle Nagar, Kolar",13.0808,78.1699,Insp. Raksha Gokhale,2025,5,23
KAR/BEN/2024/0969,2024-06-30,20:14:00,burglary,"Reported incident of burglary at Near Mukherjee Nagar, Bengaluru Urban.",open,Bengaluru Urban,Bengaluru Urban East PS,"Near Mukherjee Nagar, Bengaluru Urban",12.9925,77.5222,Insp. Kashvi Sawhney,2024,6,20
KAR/VIJ/2024/0970,2024-02-26,13:53:00,fraud,"Reported incident of fraud at Near Bhakta Chowk, Vijayapura.",under_investigation,Vijayapura,Vijayapura Rural PS,"Near Bhakta Chowk, Vijayapura",16.8099,75.6404,Insp. Ekantika Ratti,2024,2,13
KAR/TUM/2024/0971,2024-08-05,07:12:00,robbery,"Reported incident of robbery at Near Dutta Circle, Tumakuru. Suspect vehicle noticed with plate KA-55-B-7435.",chargesheeted,Tumakuru,Tumakuru Market PS,"Near Dutta Circle, Tumakuru",13.3055,77.0472,Insp. Dalbir Mander,2024,8,7
KAR/BEN/2024/0972,2024-10-05,06:15:00,vehicle_theft,"Reported incident of vehicle theft at Near More, Bengaluru Urban. Suspect vehicle noticed with plate KA-15-P-1813.",open,Bengaluru Urban,Bengaluru Urban East PS,"Near More, Bengaluru Urban",13.0183,77.5382,Insp. Chanakya Gola,2024,10,6
KAR/BEN/2024/0973,2024-08-31,23:51:00,hit_and_run,"Reported incident of hit and run at Near Kumer Circle, Bengaluru Urban.",under_investigation,Bengaluru Urban,Bengaluru Urban West PS,"Near Kumer Circle, Bengaluru Urban",12.8935,77.5468,Insp. Indali Kamdar,2024,8,23
KAR/BEN/2024/0974,2024-04-05,17:47:00,fraud,"Reported incident of fraud at Near Kamdar Street, Bengaluru Urban.",open,Bengaluru Urban,Bengaluru Urban South PS,"Near Kamdar Street, Bengaluru Urban",13.0289,77.5842,Insp. Manya Nigam,2024,4,17
KAR/BEN/2024/0975,2024-09-23,06:18:00,vehicle_theft,"Reported incident of vehicle theft at Near Tripathi Road, Bengaluru Urban. Suspect vehicle noticed with plate KA-03-P-2801.",under_investigation,Bengaluru Urban,Bengaluru Urban Central PS,"Near Tripathi Road, Bengaluru Urban",12.9726,77.6526,Insp. Vritti Mukherjee,2024,9,6
KAR/SHI/2024/0976,2025-01-30,17:58:00,hit_and_run,"Reported incident of hit and run at Near Kari Street, Shivamogga.",open,Shivamogga,Shivamogga Town PS,"Near Kari Street, Shivamogga",13.9181,75.5211,Insp. Darika Atwal,2025,1,17
KAR/BEL/2024/0977,2024-10-21,11:18:00,fraud,"Reported incident of fraud at Near Setty Street, Belagavi.",open,Belagavi,Belagavi Town PS,"Near Setty Street, Belagavi",15.8284,74.5274,Insp. Bina Talwar,2024,10,11
KAR/HAS/2024/0978,2024-12-07,05:46:00,vehicle_theft,"Reported incident of vehicle theft at Near Chakraborty Marg, Hassan. Suspect vehicle noticed with plate KA-33-A-6644.",open,Hassan,Hassan Rural PS,"Near Chakraborty Marg, Hassan",13.04,76.0353,Insp. Darika Mukhopadhyay,2024,12,5
KAR/BEL/2024/0979,2024-07-27,11:18:00,burglary,"Reported incident of burglary at Near Dhaliwal Road, Belagavi.",open,Belagavi,Belagavi Market PS,"Near Dhaliwal Road, Belagavi",15.8921,74.4676,Insp. Keya Tank,2024,7,11
KAR/BEN/2024/0980,2024-11-13,06:00:00,chain_snatching,"Reported incident of chain snatching at Near Shah Ganj, Bengaluru Urban. Suspect vehicle noticed with plate KA-38-P-7085.",open,Bengaluru Urban,Bengaluru Urban Traffic PS,"Near Shah Ganj, Bengaluru Urban",12.9943,77.5552,Insp. Leela Tandon,2024,11,6
KAR/BEN/2024/0981,2024-01-28,15:46:00,drug_offence,"Reported incident of drug offence at Near Halder Marg, Bengaluru Urban.",open,Bengaluru Urban,Bengaluru Urban South PS,"Near Halder Marg, Bengaluru Urban",12.9865,77.5503,Insp. Amol Acharya,2024,1,15
KAR/BEN/2024/0982,2025-02-25,19:35:00,robbery,"Reported incident of robbery at Near Hari, Bengaluru Urban. Suspect vehicle noticed with plate KA-09-KB-3467.",open,Bengaluru Urban,Bengaluru Urban South PS,"Near Hari, Bengaluru Urban",12.9818,77.5542,Insp. Naveen Patla,2025,2,19
KAR/MAN/2024/0983,2024-01-03,01:20:00,burglary,"Reported incident of burglary at Near Warrior Nagar, Mandya.",under_investigation,Mandya,Mandya Market PS,"Near Warrior Nagar, Mandya",12.6194,76.8407,Insp. Lohit Wason,2024,1,1
KAR/KOP/2024/0984,2024-05-10,15:18:00,hit_and_run,"Reported incident of hit and run at Near Varughese Nagar, Koppal.",open,Koppal,Koppal Town PS,"Near Varughese Nagar, Koppal",15.3329,76.219,Insp. Faqid Nayar,2024,5,15
KAR/BEN/2024/0985,2024-11-24,20:36:00,vehicle_theft,"Reported incident of vehicle theft at Near Rege Nagar, Bengaluru Urban. Suspect vehicle noticed with plate KA-14-KB-2439.",open,Bengaluru Urban,Bengaluru Urban West PS,"Near Rege Nagar, Bengaluru Urban",12.8699,77.5909,Insp. Girindra Cheema,2024,11,20
KAR/BEN/2024/0986,2024-07-19,18:06:00,vehicle_theft,"Reported incident of vehicle theft at Near Behl Road, Bengaluru Urban. Suspect vehicle noticed with plate KA-17-KB-7212.",under_investigation,Bengaluru Urban,Bengaluru Urban South PS,"Near Behl Road, Bengaluru Urban",13.0115,77.5586,Insp. Guneet Radhakrishnan,2024,7,18
KAR/BEN/2024/0987,2024-05-14,10:20:00,assault,"Reported incident of assault at Near Kari Zila, Bengaluru Urban.",under_investigation,Bengaluru Urban,Bengaluru Urban South PS,"Near Kari Zila, Bengaluru Urban",12.9935,77.5901,Insp. Zayan Cherian,2024,5,10
KAR/BEN/2024/0988,2025-01-17,07:20:00,fraud,"Reported incident of fraud at Near Bora Street, Bengaluru Urban.",open,Bengaluru Urban,Bengaluru Urban East PS,"Near Bora Street, Bengaluru Urban",12.991,77.5447,Insp. Om Dhillon,2025,1,7
KAR/BEN/2024/0989,2025-03-19,19:00:00,burglary,"Reported incident of burglary at Near Solanki Nagar, Bengaluru Urban.",open,Bengaluru Urban,Bengaluru Urban Central PS,"Near Solanki Nagar, Bengaluru Urban",13.0113,77.6437,Insp. Omkaar Dixit,2025,3,19
KAR/BAL/2024/0990,2024-11-21,06:18:00,cybercrime,"Reported incident of cybercrime at Near Bala Ganj, Ballari.",open,Ballari,Ballari Traffic PS,"Near Bala Ganj, Ballari",15.1172,76.9533,Insp. Jai Lanka,2024,11,6
KAR/BEN/2024/0991,2024-08-16,17:44:00,vehicle_theft,"Reported incident of vehicle theft at Near Grewal Path, Bengaluru Urban. Suspect vehicle noticed with plate KA-27-KA-8567.",open,Bengaluru Urban,Bengaluru Urban Traffic PS,"Near Grewal Path, Bengaluru Urban",12.9785,77.588,Insp. Anvi Nori,2024,8,17
KAR/BEN/2024/0992,2024-03-21,23:07:00,cybercrime,"Reported incident of cybercrime at Near Bhardwaj Chowk, Bengaluru Urban.",open,Bengaluru Urban,Bengaluru Urban Central PS,"Near Bhardwaj Chowk, Bengaluru Urban",12.996,77.6054,Insp. Rachit Karpe,2024,3,23
KAR/DAV/2024/0993,2024-10-13,22:25:00,vehicle_theft,"Reported incident of vehicle theft at Near Pingle Zila, Davangere. Suspect vehicle noticed with plate KA-18-N-8569.",open,Davangere,Davangere Market PS,"Near Pingle Zila, Davangere",14.5066,75.8873,Insp. Chavvi Sibal,2024,10,22
KAR/BEN/2024/0994,2024-10-14,09:23:00,vehicle_theft,"Reported incident of vehicle theft at Near Kuruvilla Road, Bengaluru Urban. Suspect vehicle noticed with plate KA-52-B-4433.",open,Bengaluru Urban,Bengaluru Urban South PS,"Near Kuruvilla Road, Bengaluru Urban",13.0124,77.5912,Insp. Kai Narayan,2024,10,9
KAR/BEN/2024/0995,2025-02-23,22:32:00,chain_snatching,"Reported incident of chain snatching at Near Bawa Zila, Bengaluru Urban. Suspect vehicle noticed with plate KA-44-A-4685.",open,Bengaluru Urban,Bengaluru Urban East PS,"Near Bawa Zila, Bengaluru Urban",13.0319,77.5545,Insp. Ekanta Sen,2025,2,22
KAR/BEN/2024/0996,2024-02-13,07:47:00,burglary,"Reported incident of burglary at Near Modi Street, Bengaluru Urban.",open,Bengaluru Urban,Bengaluru Urban East PS,"Near Modi Street, Bengaluru Urban",13.0383,77.5203,Insp. Manan Majumdar,2024,2,7
KAR/BEN/2024/0997,2025-01-23,18:48:00,burglary,"Reported incident of burglary at Near Rao Marg, Bengaluru Urban.",closed,Bengaluru Urban,Bengaluru Urban South PS,"Near Rao Marg, Bengaluru Urban",13.0262,77.5809,Insp. Xalak Panchal,2025,1,18
KAR/BAL/2024/0998,2025-01-15,05:42:00,cybercrime,"Reported incident of cybercrime at Near Sahni Chowk, Ballari.",under_investigation,Ballari,Ballari Suburban PS,"Near Sahni Chowk, Ballari",15.2229,76.8546,Insp. Brinda Ganguly,2025,1,5
KAR/TUM/2024/0999,2024-10-15,14:49:00,burglary,"Reported incident of burglary at Near Deol Path, Tumakuru.",open,Tumakuru,Tumakuru Traffic PS,"Near Deol Path, Tumakuru",13.2905,77.0997,Insp. Xavier Hayre,2024,10,14
KAR/KAL/2024/1000,2024-02-25,19:51:00,burglary,"Reported incident of burglary at Near Halder Road, Kalaburagi.",open,Kalaburagi,Kalaburagi Industrial PS,"Near Halder Road, Kalaburagi",17.3623,76.8969,Insp. Upadhriti Manne,2024,2,19
KAR/BEN/2024/1001,2024-07-04,06:55:00,assault,"Reported incident of assault at Near Balan Street, Bengaluru Urban.",under_investigation,Bengaluru Urban,Bengaluru Urban Traffic PS,"Near Balan Street, Bengaluru Urban",12.9691,77.5657,Insp. Wakeeta Chaudhari,2024,7,6
KAR/DAV/2024/1002,2025-05-21,16:39:00,robbery,"Reported incident of robbery at Near Mital Zila, Davangere. Suspect vehicle noticed with plate KA-26-A-7404.",open,Davangere,Davangere Traffic PS,"Near Mital Zila, Davangere",14.5071,75.8977,Insp. Hemani Varughese,2025,5,16
KAR/UDU/2024/1003,2024-07-19,11:23:00,assault,"Reported incident of assault at Near Mani Circle, Udupi.",under_investigation,Udupi,Udupi Suburban PS,"Near Mani Circle, Udupi",13.2816,74.7462,Insp. Wyatt Din,2024,7,11
KAR/DAV/2024/1004,2024-10-12,08:34:00,robbery,"Reported incident of robbery at Near Dalal Street, Davangere. Suspect vehicle noticed with plate KA-27-N-4179.",under_investigation,Davangere,Davangere Rural PS,"Near Dalal Street, Davangere",14.5322,75.9154,Insp. Mohammed Dutt,2024,10,8
KAR/SHI/2024/1005,2024-11-05,23:39:00,cybercrime,"Reported incident of cybercrime at Near Goyal Marg, Shivamogga.",under_investigation,Shivamogga,Shivamogga Town PS,"Near Goyal Marg, Shivamogga",13.9367,75.5371,Insp. Vivaan Kalita,2024,11,23
KAR/HAS/2024/1006,2025-02-12,18:08:00,drug_offence,"Reported incident of drug offence at Near Seshadri Street, Hassan.",open,Hassan,Hassan Traffic PS,"Near Seshadri Street, Hassan",12.9039,76.0727,Insp. Guneet Nagarajan,2025,2,18
KAR/KAL/2024/1007,2025-01-28,20:19:00,property_crime,"Reported incident of property crime at Near Johal Path, Kalaburagi.",under_investigation,Kalaburagi,Kalaburagi Market PS,"Near Johal Path, Kalaburagi",17.3278,76.7554,Insp. Aarav Jani,2025,1,20
KAR/BEN/2024/1008,2024-06-13,01:20:00,fraud,"Reported incident of fraud at Near Andra Street, Bengaluru Urban.",under_investigation,Bengaluru Urban,Bengaluru Urban South PS,"Near Andra Street, Bengaluru Urban",13.015,77.5448,Insp. Chandresh Banik,2024,6,1
KAR/MAN/2024/1009,2024-12-18,02:02:00,chain_snatching,"Reported incident of chain snatching at Near Saxena Circle, Mangaluru (Dakshina Kannada). Suspect vehicle noticed with plate KA-02-N-3474.",open,Mangaluru (Dakshina Kannada),Mangaluru (Dakshina Kannada) Rural PS,"Near Saxena Circle, Mangaluru (Dakshina Kannada)",12.877,74.8989,Insp. Rehaan Kurian,2024,12,2
KAR/VIJ/2024/1010,2024-12-24,03:08:00,chain_snatching,"Reported incident of chain snatching at Near Baria Street, Vijayapura. Suspect vehicle noticed with plate KA-07-A-4735.",open,Vijayapura,Vijayapura Town PS,"Near Baria Street, Vijayapura",16.7864,75.7549,Insp. Timothy Bhalla,2024,12,3
KAR/BEN/2024/1011,2024-01-30,04:41:00,vehicle_theft,"Reported incident of vehicle theft at Near Tara Road, Bengaluru Urban. Suspect vehicle noticed with plate KA-53-P-2445.",under_investigation,Bengaluru Urban,Bengaluru Urban East PS,"Near Tara Road, Bengaluru Urban",13.0149,77.5281,Insp. Sai Raghavan,2024,1,4
KAR/KAL/2024/1012,2024-11-07,19:30:00,assault,"Reported incident of assault at Near Goswami Chowk, Kalaburagi.",open,Kalaburagi,Kalaburagi Town PS,"Near Goswami Chowk, Kalaburagi",17.3877,76.801,Insp. Vaishnavi Sethi,2024,11,19
KAR/DAV/2024/1013,2024-12-04,12:23:00,chain_snatching,"Reported incident of chain snatching at Near Mitter Chowk, Davangere. Suspect vehicle noticed with plate KA-15-B-4495.",open,Davangere,Davangere Rural PS,"Near Mitter Chowk, Davangere",14.552,75.9102,Insp. Jalsa Kurian,2024,12,12
KAR/BEN/2024/1014,2025-01-08,02:26:00,vehicle_theft,"Reported incident of vehicle theft at Near Dhawan Zila, Bengaluru Urban. Suspect vehicle noticed with plate KA-48-M-9686.",open,Bengaluru Urban,Bengaluru Urban East PS,"Near Dhawan Zila, Bengaluru Urban",13.0112,77.5481,Insp. Advika Shah,2025,1,2
KAR/KOP/2024/1015,2024-01-09,01:30:00,cybercrime,"Reported incident of cybercrime at Near Sachdev Nagar, Koppal.",open,Koppal,Koppal Market PS,"Near Sachdev Nagar, Koppal",15.3412,76.1909,Insp. Ryan Sarma,2024,1,1
KAR/BEN/2024/1016,2024-10-26,03:50:00,vehicle_theft,"Reported incident of vehicle theft at Near Kibe Marg, Bengaluru Urban. Suspect vehicle noticed with plate KA-25-N-7061.",open,Bengaluru Urban,Bengaluru Urban East PS,"Near Kibe Marg, Bengaluru Urban",13.0282,77.5621,Insp. Charan Nadig,2024,10,3
KAR/MYS/2024/1017,2024-08-17,03:48:00,robbery,"Reported incident of robbery at Near Kashyap, Mysuru. Suspect vehicle noticed with plate KA-25-P-1833.",open,Mysuru,Mysuru Traffic PS,"Near Kashyap, Mysuru",12.3285,76.5621,Insp. Jonathan Kar,2024,8,3
KAR/BEL/2024/1018,2024-06-24,00:32:00,robbery,"Reported incident of robbery at Near Baria Chowk, Belagavi. Suspect vehicle noticed with plate KA-54-P-6369.",under_investigation,Belagavi,Belagavi Town PS,"Near Baria Chowk, Belagavi",15.8276,74.5226,Insp. Praneel Chacko,2024,6,0
KAR/BEN/2024/1019,2024-01-24,06:37:00,assault,"Reported incident of assault at Near Bassi, Bengaluru Urban.",open,Bengaluru Urban,Bengaluru Urban Central PS,"Near Bassi, Bengaluru Urban",13.0009,77.6394,Insp. Jagat Samra,2024,1,6
KAR/BEN/2024/1020,2025-05-21,09:39:00,assault,"Reported incident of assault at Near Keer Nagar, Bengaluru Rural.",closed,Bengaluru Rural,Bengaluru Rural East PS,"Near Keer Nagar, Bengaluru Rural",13.2824,77.5765,Insp. Simon Rattan,2025,5,9
KAR/BEN/2024/1021,2024-12-13,12:01:00,robbery,"Reported incident of robbery at Near Korpal Nagar, Bengaluru Urban. Suspect vehicle noticed with plate KA-36-A-8016.",open,Bengaluru Urban,Bengaluru Urban North PS,"Near Korpal Nagar, Bengaluru Urban",12.9944,77.6132,Insp. Nitesh Toor,2024,12,12
KAR/BEN/2024/1022,2024-01-26,15:31:00,hit_and_run,"Reported incident of hit and run at Near Kaur Ganj, Bengaluru Urban.",under_investigation,Bengaluru Urban,Bengaluru Urban North PS,"Near Kaur Ganj, Bengaluru Urban",13.0219,77.5965,Insp. Saumya Ben,2024,1,15
KAR/TUM/2024/1023,2025-01-17,07:06:00,vehicle_theft,"Reported incident of vehicle theft at Near Sachar Road, Tumakuru. Suspect vehicle noticed with plate KA-05-A-7231.",open,Tumakuru,Tumakuru Industrial PS,"Near Sachar Road, Tumakuru",13.3728,77.0586,Insp. Ekaja Swaminathan,2025,1,7
KAR/BEN/2024/1024,2024-08-21,05:07:00,murder,"Reported incident of murder at Near Mitra Path, Bengaluru Urban.",under_investigation,Bengaluru Urban,Bengaluru Urban Central PS,"Near Mitra Path, Bengaluru Urban",13.0154,77.6086,Insp. Anita Chand,2024,8,5
KAR/MYS/2024/1025,2024-08-03,19:08:00,cybercrime,"Reported incident of cybercrime at Near Purohit Path, Mysuru.",under_investigation,Mysuru,Mysuru East PS,"Near Purohit Path, Mysuru",12.273,76.7467,Insp. Niharika Lad,2024,8,19
KAR/BEN/2024/1026,2025-03-14,05:31:00,hit_and_run,"Reported incident of hit and run at Near Tailor Nagar, Bengaluru Urban.",chargesheeted,Bengaluru Urban,Bengaluru Urban East PS,"Near Tailor Nagar, Bengaluru Urban",13.0366,77.5523,Insp. Vasudha Saha,2025,3,5
KAR/MAN/2024/1027,2024-12-06,11:06:00,chain_snatching,"Reported incident of chain snatching at Near Dutta Nagar, Mangaluru (Dakshina Kannada). Suspect vehicle noticed with plate KA-31-KA-7779.",under_investigation,Mangaluru (Dakshina Kannada),Mangaluru (Dakshina Kannada) Suburban PS,"Near Dutta Nagar, Mangaluru (Dakshina Kannada)",12.9929,74.8499,Insp. Amaira Narain,2024,12,11
KAR/BEN/2024/1028,2024-11-17,15:37:00,burglary,"Reported incident of burglary at Near Balan Circle, Bengaluru Urban.",chargesheeted,Bengaluru Urban,Bengaluru Urban South PS,"Near Balan Circle, Bengaluru Urban",12.9863,77.594,Insp. Manan Chad,2024,11,15
KAR/MAN/2024/1029,2024-05-29,14:00:00,fraud,"Reported incident of fraud at Near Bhatti Ganj, Mandya.",under_investigation,Mandya,Mandya Traffic PS,"Near Bhatti Ganj, Mandya",12.5804,76.9051,Insp. Ridhi Datta,2024,5,14
KAR/KOL/2024/1030,2024-09-02,17:14:00,vehicle_theft,"Reported incident of vehicle theft at Near Taneja Road, Kolar. Suspect vehicle noticed with plate KA-06-KB-7084.",under_investigation,Kolar,Kolar Town PS,"Near Taneja Road, Kolar",13.1035,78.166,Insp. Vaishnavi Seth,2024,9,17
KAR/CHI/2024/1031,2024-04-26,09:42:00,robbery,"Reported incident of robbery at Near Bhat Ganj, Chikkamagaluru. Suspect vehicle noticed with plate KA-01-M-4319.",under_investigation,Chikkamagaluru,Chikkamagaluru Rural PS,"Near Bhat Ganj, Chikkamagaluru",13.2489,75.8112,Insp. Ayush Sandhu,2024,4,9
KAR/BEN/2024/1032,2024-05-07,21:20:00,hit_and_run,"Reported incident of hit and run at Near Koshy Circle, Bengaluru Urban.",open,Bengaluru Urban,Bengaluru Urban West PS,"Near Koshy Circle, Bengaluru Urban",12.9197,77.5555,Insp. Zaid Kadakia,2024,5,21
KAR/DAV/2024/1033,2024-05-30,01:42:00,vehicle_theft,"Reported incident of vehicle theft at Near Guha Street, Davangere. Suspect vehicle noticed with plate KA-55-M-1380.",chargesheeted,Davangere,Davangere Town PS,"Near Guha Street, Davangere",14.5057,75.9687,Insp. Dev Shetty,2024,5,1
KAR/MYS/2024/1034,2025-04-08,10:48:00,fraud,"Reported incident of fraud at Near Dar Nagar, Mysuru.",under_investigation,Mysuru,Mysuru East PS,"Near Dar Nagar, Mysuru",12.228,76.7033,Insp. Theodore Kashyap,2025,4,10
KAR/BEN/2024/1035,2025-01-26,08:43:00,vehicle_theft,"Reported incident of vehicle theft at Near Sodhi Circle, Bengaluru Urban. Suspect vehicle noticed with plate KA-50-A-8248.",open,Bengaluru Urban,Bengaluru Urban East PS,"Near Sodhi Circle, Bengaluru Urban",12.9991,77.5414,Insp. Ekbal Dhillon,2025,1,8
KAR/BEL/2024/1036,2024-05-21,10:17:00,burglary,"Reported incident of burglary at Near Kaul Chowk, Belagavi.",chargesheeted,Belagavi,Belagavi Rural PS,"Near Kaul Chowk, Belagavi",15.8506,74.5027,Insp. Samesh Naik,2024,5,10
KAR/SHI/2024/1037,2024-11-22,20:17:00,chain_snatching,"Reported incident of chain snatching at Near Savant Circle, Shivamogga. Suspect vehicle noticed with plate KA-43-N-9065.",open,Shivamogga,Shivamogga Market PS,"Near Savant Circle, Shivamogga",13.9775,75.6412,Insp. Ojasvi Gole,2024,11,20
KAR/MAN/2024/1038,2024-01-01,17:25:00,burglary,"Reported incident of burglary at Near Chaudhuri Road, Mangaluru (Dakshina Kannada).",under_investigation,Mangaluru (Dakshina Kannada),Mangaluru (Dakshina Kannada) Industrial PS,"Near Chaudhuri Road, Mangaluru (Dakshina Kannada)",12.9262,74.836,Insp. Xavier Choudhury,2024,1,17
KAR/HUB/2024/1039,2024-01-25,13:41:00,hit_and_run,"Reported incident of hit and run at Near Saran Road, Hubballi-Dharwad.",under_investigation,Hubballi-Dharwad,Hubballi-Dharwad Town PS,"Near Saran Road, Hubballi-Dharwad",15.276,75.2249,Insp. Ronith Dyal,2024,1,13
KAR/UDU/2024/1040,2024-12-15,07:45:00,vehicle_theft,"Reported incident of vehicle theft at Near Cheema Street, Udupi. Suspect vehicle noticed with plate KA-15-P-5453.",open,Udupi,Udupi Market PS,"Near Cheema Street, Udupi",13.3837,74.6512,Insp. Ekantika Magar,2024,12,7
KAR/BID/2024/1041,2025-04-18,10:34:00,vehicle_theft,"Reported incident of vehicle theft at Near Lad Zila, Bidar. Suspect vehicle noticed with plate KA-16-M-1094.",chargesheeted,Bidar,Bidar Town PS,"Near Lad Zila, Bidar",17.8649,77.6112,Insp. Dayita Kari,2025,4,10
KAR/BAL/2024/1042,2024-05-09,21:42:00,vehicle_theft,"Reported incident of vehicle theft at Near Srivastava Ganj, Ballari. Suspect vehicle noticed with plate KA-02-A-1016.",open,Ballari,Ballari Market PS,"Near Srivastava Ganj, Ballari",15.1604,76.8612,Insp. Chasmum Nagy,2024,5,21
KAR/DAV/2024/1043,2024-09-04,20:50:00,drug_offence,"Reported incident of drug offence at Near Sachar Path, Davangere.",open,Davangere,Davangere Rural PS,"Near Sachar Path, Davangere",14.5411,75.9103,Insp. Vasatika Butala,2024,9,20
KAR/MAN/2024/1044,2024-12-20,06:47:00,robbery,"Reported incident of robbery at Near Apte Ganj, Mandya. Suspect vehicle noticed with plate KA-48-M-2814.",under_investigation,Mandya,Mandya Industrial PS,"Near Apte Ganj, Mandya",12.5299,76.9395,Insp. Wakeeta Sandhu,2024,12,6
KAR/VIJ/2024/1045,2024-05-31,18:30:00,kidnapping,"Reported incident of kidnapping at Near Choudhry Marg, Vijayapura.",chargesheeted,Vijayapura,Vijayapura Market PS,"Near Choudhry Marg, Vijayapura",16.8492,75.6723,Insp. Mekhala Subramanian,2024,5,18
KAR/BEN/2024/1046,2024-03-29,17:25:00,murder,"Reported incident of murder at Near Cherian Street, Bengaluru Urban.",closed,Bengaluru Urban,Bengaluru Urban East PS,"Near Cherian Street, Bengaluru Urban",13.0022,77.5391,Insp. Mason Chauhan,2024,3,17
KAR/BEN/2024/1047,2024-05-31,03:44:00,fraud,"Reported incident of fraud at Near Chaudhary Marg, Bengaluru Urban.",open,Bengaluru Urban,Bengaluru Urban Central PS,"Near Chaudhary Marg, Bengaluru Urban",13.0165,77.6292,Insp. Anmol Dada,2024,5,3
KAR/MYS/2024/1048,2024-07-18,19:43:00,burglary,"Reported incident of burglary at Near Cherian, Mysuru.",open,Mysuru,Mysuru West PS,"Near Cherian, Mysuru",12.3247,76.5994,Insp. Radha Barman,2024,7,19
KAR/TUM/2024/1049,2024-02-09,10:18:00,fraud,"Reported incident of fraud at Near Madan Road, Tumakuru.",under_investigation,Tumakuru,Tumakuru Suburban PS,"Near Madan Road, Tumakuru",13.3218,77.0892,Insp. Tristan Mahajan,2024,2,10
KAR/KOP/2024/1050,2025-01-08,05:26:00,vehicle_theft,"Reported incident of vehicle theft at Near Kumar Street, Koppal. Suspect vehicle noticed with plate KA-22-B-9063.",open,Koppal,Koppal Market PS,"Near Kumar Street, Koppal",15.3347,76.2243,Insp. Garima Kapadia,2025,1,5
KAR/KOL/2024/1051,2024-04-21,23:21:00,robbery,"Reported incident of robbery at Near Mitter, Kolar. Suspect vehicle noticed with plate KA-55-M-7810.",under_investigation,Kolar,Kolar Industrial PS,"Near Mitter, Kolar",13.187,78.066,Insp. Zayan Nori,2024,4,23
KAR/DAV/2024/1052,2025-02-18,12:18:00,drug_offence,"Reported incident of drug offence at Near Mangal Marg, Davangere.",open,Davangere,Davangere Traffic PS,"Near Mangal Marg, Davangere",14.4883,75.9217,Insp. Sara Khosla,2025,2,12
KAR/KOL/2024/1053,2025-02-19,23:11:00,assault,"Reported incident of assault at Near Goswami Circle, Kolar.",under_investigation,Kolar,Kolar Rural PS,"Near Goswami Circle, Kolar",13.1563,78.1996,Insp. Advaith Chakraborty,2025,2,23
KAR/BEN/2024/1054,2024-07-16,15:37:00,robbery,"Reported incident of robbery at Near Rajagopalan Nagar, Bengaluru Urban. Suspect vehicle noticed with plate KA-30-M-9122.",under_investigation,Bengaluru Urban,Bengaluru Urban Traffic PS,"Near Rajagopalan Nagar, Bengaluru Urban",13.016,77.5561,Insp. Thomas Shenoy,2024,7,15
KAR/BEN/2024/1055,2024-09-07,19:53:00,cybercrime,"Reported incident of cybercrime at Near Karnik Zila, Bengaluru Urban.",open,Bengaluru Urban,Bengaluru Urban Central PS,"Near Karnik Zila, Bengaluru Urban",12.9799,77.6547,Insp. Vrinda Om,2024,9,19
KAR/HUB/2024/1056,2024-05-07,14:00:00,cybercrime,"Reported incident of cybercrime at Near Konda Nagar, Hubballi-Dharwad.",under_investigation,Hubballi-Dharwad,Hubballi-Dharwad Traffic PS,"Near Konda Nagar, Hubballi-Dharwad",15.2887,75.1612,Insp. Isaac Vig,2024,5,14
KAR/BEN/2024/1057,2024-09-22,20:23:00,fraud,"Reported incident of fraud at Near Mallick Zila, Bengaluru Urban.",open,Bengaluru Urban,Bengaluru Urban South PS,"Near Mallick Zila, Bengaluru Urban",13.0195,77.5618,Insp. Megha Barad,2024,9,20
KAR/BEN/2024/1058,2024-01-31,13:42:00,vehicle_theft,"Reported incident of vehicle theft at Near Kara Zila, Bengaluru Urban. Suspect vehicle noticed with plate KA-36-N-9344.",closed,Bengaluru Urban,Bengaluru Urban Central PS,"Near Kara Zila, Bengaluru Urban",13.0052,77.6256,Insp. Ijaya Wagle,2024,1,13
KAR/BEN/2024/1059,2024-06-16,02:12:00,eve_teasing,"Reported incident of eve teasing at Near Bansal Circle, Bengaluru Urban.",closed,Bengaluru Urban,Bengaluru Urban North PS,"Near Bansal Circle, Bengaluru Urban",13.0019,77.599,Insp. Zaitra Dass,2024,6,2
KAR/BEN/2024/1060,2025-04-18,06:10:00,eve_teasing,"Reported incident of eve teasing at Near Biswas Chowk, Bengaluru Urban.",open,Bengaluru Urban,Bengaluru Urban North PS,"Near Biswas Chowk, Bengaluru Urban",13.0302,77.5905,Insp. Champak Kara,2025,4,6
KAR/VIJ/2024/1061,2025-05-27,19:42:00,chain_snatching,"Reported incident of chain snatching at Near Sharma Ganj, Vijayapura. Suspect vehicle noticed with plate KA-16-B-3190.",under_investigation,Vijayapura,Vijayapura Traffic PS,"Near Sharma Ganj, Vijayapura",16.8232,75.7164,Insp. Noah Kibe,2025,5,19
KAR/CHI/2024/1062,2025-05-16,22:57:00,drug_offence,"Reported incident of drug offence at Near Mangal, Chikkamagaluru.",chargesheeted,Chikkamagaluru,Chikkamagaluru Rural PS,"Near Mangal, Chikkamagaluru",13.2479,75.8215,Insp. Quincy Gandhi,2025,5,22
KAR/TUM/2024/1063,2024-08-23,03:47:00,cybercrime,"Reported incident of cybercrime at Near Sane Chowk, Tumakuru.",under_investigation,Tumakuru,Tumakuru Market PS,"Near Sane Chowk, Tumakuru",13.3055,77.0767,Insp. Ganga Chauhan,2024,8,3
KAR/HAS/2024/1064,2024-12-25,04:40:00,chain_snatching,"Reported incident of chain snatching at Near Sami Chowk, Hassan. Suspect vehicle noticed with plate KA-44-M-8217.",open,Hassan,Hassan Industrial PS,"Near Sami Chowk, Hassan",13.0342,76.1342,Insp. Udarsh Khosla,2024,12,4
KAR/BEN/2024/1065,2024-08-24,07:29:00,chain_snatching,"Reported incident of chain snatching at Near Magar Path, Bengaluru Urban. Suspect vehicle noticed with plate KA-55-P-3064.",chargesheeted,Bengaluru Urban,Bengaluru Urban Traffic PS,"Near Magar Path, Bengaluru Urban",12.995,77.5433,Insp. Christopher Shenoy,2024,8,7
KAR/MAN/2024/1066,2024-12-09,03:47:00,domestic_violence,"Reported incident of domestic violence at Near Bhagat Path, Mandya.",under_investigation,Mandya,Mandya Town PS,"Near Bhagat Path, Mandya",12.5305,76.928,Insp. Priya Buch,2024,12,3
KAR/DAV/2024/1067,2024-03-13,18:44:00,eve_teasing,"Reported incident of eve teasing at Near Buch Circle, Davangere.",open,Davangere,Davangere Traffic PS,"Near Buch Circle, Davangere",14.5255,75.9162,Insp. Ishanvi Venkataraman,2024,3,18
KAR/BEN/2024/1068,2025-01-27,15:34:00,vehicle_theft,"Reported incident of vehicle theft at Near Varughese Marg, Bengaluru Urban. Suspect vehicle noticed with plate KA-35-N-3347.",under_investigation,Bengaluru Urban,Bengaluru Urban Traffic PS,"Near Varughese Marg, Bengaluru Urban",12.9638,77.6012,Insp. Meera Narula,2025,1,15
KAR/MAN/2024/1069,2024-08-31,07:26:00,eve_teasing,"Reported incident of eve teasing at Near Reddy Circle, Mangaluru (Dakshina Kannada).",open,Mangaluru (Dakshina Kannada),Mangaluru (Dakshina Kannada) Rural PS,"Near Reddy Circle, Mangaluru (Dakshina Kannada)",12.8546,74.8704,Insp. Ganga Chada,2024,8,7
KAR/BEN/2024/1070,2024-11-27,05:44:00,vehicle_theft,"Reported incident of vehicle theft at Near Karpe, Bengaluru Urban. Suspect vehicle noticed with plate KA-33-N-5894.",open,Bengaluru Urban,Bengaluru Urban Traffic PS,"Near Karpe, Bengaluru Urban",12.964,77.6001,Insp. Fariq Chahal,2024,11,5
KAR/HAS/2024/1071,2024-09-03,01:38:00,kidnapping,"Reported incident of kidnapping at Near Shukla Ganj, Hassan.",open,Hassan,Hassan Market PS,"Near Shukla Ganj, Hassan",13.0941,76.1772,Insp. Vasudha Soman,2024,9,1
KAR/BAL/2024/1072,2025-04-15,13:46:00,cybercrime,"Reported incident of cybercrime at Near Sastry Circle, Ballari.",under_investigation,Ballari,Ballari Suburban PS,"Near Sastry Circle, Ballari",15.2281,76.8253,Insp. Ekaja Dua,2025,4,13
KAR/SHI/2024/1073,2024-05-04,05:38:00,fraud,"Reported incident of fraud at Near Mitter Circle, Shivamogga.",open,Shivamogga,Shivamogga Market PS,"Near Mitter Circle, Shivamogga",13.9654,75.6373,Insp. Caleb Khare,2024,5,5
KAR/KOL/2024/1074,2024-04-15,16:37:00,vehicle_theft,"Reported incident of vehicle theft at Near Chacko Circle, Kolar. Suspect vehicle noticed with plate KA-53-KB-6994.",chargesheeted,Kolar,Kolar Town PS,"Near Chacko Circle, Kolar",13.1109,78.1951,Insp. Maanav Loke,2024,4,16
KAR/CHI/2024/1075,2024-12-23,00:02:00,fraud,"Reported incident of fraud at Near Hayre Marg, Chikkamagaluru.",open,Chikkamagaluru,Chikkamagaluru Suburban PS,"Near Hayre Marg, Chikkamagaluru",13.3336,75.7543,Insp. Balveer Pillai,2024,12,0
KAR/BID/2024/1076,2024-01-21,15:24:00,burglary,"Reported incident of burglary at Near Dave Road, Bidar.",chargesheeted,Bidar,Bidar Market PS,"Near Dave Road, Bidar",17.9137,77.4866,Insp. Chavvi Pillai,2024,1,15
KAR/BID/2024/1077,2024-12-21,11:30:00,burglary,"Reported incident of burglary at Near Chandran Circle, Bidar.",under_investigation,Bidar,Bidar Traffic PS,"Near Chandran Circle, Bidar",17.9675,77.4525,Insp. Hiral Bose,2024,12,11
KAR/BEN/2024/1078,2025-05-27,16:43:00,robbery,"Reported incident of robbery at Near Rege Street, Bengaluru Urban. Suspect vehicle noticed with plate KA-23-KA-8451.",open,Bengaluru Urban,Bengaluru Urban Traffic PS,"Near Rege Street, Bengaluru Urban",12.9705,77.5594,Insp. Ekanta Basu,2025,5,16
KAR/KOP/2024/1079,2024-07-02,08:30:00,drug_offence,"Reported incident of drug offence at Near Savant Road, Koppal.",chargesheeted,Koppal,Koppal Suburban PS,"Near Savant Road, Koppal",15.3346,76.0759,Insp. Yadavi Srivastava,2024,7,8
KAR/BID/2024/1080,2024-10-21,01:36:00,chain_snatching,"Reported incident of chain snatching at Near Kota Marg, Bidar. Suspect vehicle noticed with plate KA-51-N-2365.",chargesheeted,Bidar,Bidar Market PS,"Near Kota Marg, Bidar",17.9376,77.5338,Insp. Yashica Hayer,2024,10,1
KAR/BEN/2024/1081,2024-01-29,19:16:00,drug_offence,"Reported incident of drug offence at Near Gokhale Street, Bengaluru Urban.",closed,Bengaluru Urban,Bengaluru Urban South PS,"Near Gokhale Street, Bengaluru Urban",13.0044,77.5895,Insp. Advik Buch,2024,1,19
KAR/MAN/2024/1082,2024-02-15,15:49:00,chain_snatching,"Reported incident of chain snatching at Near Karpe, Mangaluru (Dakshina Kannada). Suspect vehicle noticed with plate KA-31-A-9412.",open,Mangaluru (Dakshina Kannada),Mangaluru (Dakshina Kannada) Suburban PS,"Near Karpe, Mangaluru (Dakshina Kannada)",13.0004,74.8485,Insp. Gauri Palla,2024,2,15
KAR/VIJ/2024/1083,2024-10-26,21:12:00,robbery,"Reported incident of robbery at Near Soni Circle, Vijayapura. Suspect vehicle noticed with plate KA-17-M-5306.",open,Vijayapura,Vijayapura Industrial PS,"Near Soni Circle, Vijayapura",16.8326,75.6186,Insp. Yasti Pingle,2024,10,21
KAR/CHI/2024/1084,2024-11-27,00:07:00,vehicle_theft,"Reported incident of vehicle theft at Near Pau Path, Chikkamagaluru. Suspect vehicle noticed with plate KA-18-M-3707.",open,Chikkamagaluru,Chikkamagaluru Traffic PS,"Near Pau Path, Chikkamagaluru",13.2737,75.7251,Insp. Madhav Setty,2024,11,0
KAR/BEN/2024/1085,2024-08-26,04:48:00,hit_and_run,"Reported incident of hit and run at Near Trivedi Road, Bengaluru Urban.",open,Bengaluru Urban,Bengaluru Urban South PS,"Near Trivedi Road, Bengaluru Urban",12.985,77.5854,Insp. Chandani Lad,2024,8,4
KAR/DAV/2024/1086,2024-10-04,11:25:00,chain_snatching,"Reported incident of chain snatching at Near Om Nagar, Davangere. Suspect vehicle noticed with plate KA-41-B-2468.",under_investigation,Davangere,Davangere Industrial PS,"Near Om Nagar, Davangere",14.4511,75.8548,Insp. Warda Basu,2024,10,11
KAR/BEN/2024/1087,2024-05-24,23:05:00,fraud,"Reported incident of fraud at Near Mand, Bengaluru Urban.",under_investigation,Bengaluru Urban,Bengaluru Urban Traffic PS,"Near Mand, Bengaluru Urban",13.0134,77.556,Insp. Hitesh Dutta,2024,5,23
KAR/BEN/2024/1088,2024-05-31,08:50:00,hit_and_run,"Reported incident of hit and run at Near Yohannan Road, Bengaluru Urban.",open,Bengaluru Urban,Bengaluru Urban West PS,"Near Yohannan Road, Bengaluru Urban",12.8839,77.5952,Insp. Sanaya Chad,2024,5,8
KAR/HAS/2024/1089,2025-04-25,08:52:00,fraud,"Reported incident of fraud at Near Acharya Circle, Hassan.",open,Hassan,Hassan Market PS,"Near Acharya Circle, Hassan",13.0496,76.1794,Insp. Aarini Thaman,2025,4,8
KAR/BEN/2024/1090,2024-02-18,04:40:00,robbery,"Reported incident of robbery at Near Ramaswamy Path, Bengaluru Urban. Suspect vehicle noticed with plate KA-17-B-9252.",chargesheeted,Bengaluru Urban,Bengaluru Urban West PS,"Near Ramaswamy Path, Bengaluru Urban",12.8914,77.5844,Insp. Zilmil Krishna,2024,2,4
KAR/BEN/2024/1091,2025-03-18,08:12:00,assault,"Reported incident of assault at Near Mukhopadhyay Ganj, Bengaluru Urban.",open,Bengaluru Urban,Bengaluru Urban South PS,"Near Mukhopadhyay Ganj, Bengaluru Urban",12.9978,77.5814,Insp. Kevin Grover,2025,3,8
KAR/BAL/2024/1092,2025-01-02,16:20:00,kidnapping,"Reported incident of kidnapping at Near Kothari Road, Ballari.",under_investigation,Ballari,Ballari Rural PS,"Near Kothari Road, Ballari",15.0843,76.891,Insp. Unnati Kibe,2025,1,16
KAR/BEN/2024/1093,2025-02-15,12:47:00,chain_snatching,"Reported incident of chain snatching at Near Goyal Path, Bengaluru Urban. Suspect vehicle noticed with plate KA-28-A-5640.",chargesheeted,Bengaluru Urban,Bengaluru Urban West PS,"Near Goyal Path, Bengaluru Urban",12.8736,77.5746,Insp. Nidra Menon,2025,2,12
KAR/UDU/2024/1094,2024-03-28,01:04:00,assault,"Reported incident of assault at Near Aurora Path, Udupi.",open,Udupi,Udupi Rural PS,"Near Aurora Path, Udupi",13.3571,74.6715,Insp. Mahika Barman,2024,3,1
KAR/BEN/2024/1095,2024-11-22,07:10:00,vehicle_theft,"Reported incident of vehicle theft at Near Rajagopal Nagar, Bengaluru Urban. Suspect vehicle noticed with plate KA-51-KB-3310.",chargesheeted,Bengaluru Urban,Bengaluru Urban South PS,"Near Rajagopal Nagar, Bengaluru Urban",12.9835,77.5564,Insp. Nirja Raman,2024,11,7
KAR/KAL/2024/1096,2024-12-28,23:56:00,murder,"Reported incident of murder at Near Shenoy Path, Kalaburagi.",open,Kalaburagi,Kalaburagi Traffic PS,"Near Shenoy Path, Kalaburagi",17.395,76.8749,Insp. Veer Rattan,2024,12,23
KAR/KOL/2024/1097,2025-04-29,12:57:00,chain_snatching,"Reported incident of chain snatching at Near Pau Ganj, Kolar. Suspect vehicle noticed with plate KA-22-N-4535.",open,Kolar,Kolar Suburban PS,"Near Pau Ganj, Kolar",13.074,78.1481,Insp. Elijah Chakraborty,2025,4,12
KAR/BEN/2024/1098,2025-03-27,17:44:00,robbery,"Reported incident of robbery at Near Jayaraman Chowk, Bengaluru Urban. Suspect vehicle noticed with plate KA-23-A-3878.",open,Bengaluru Urban,Bengaluru Urban Traffic PS,"Near Jayaraman Chowk, Bengaluru Urban",12.9673,77.5434,Insp. Bhavna Korpal,2025,3,17
KAR/CHI/2024/1099,2025-04-03,20:26:00,burglary,"Reported incident of burglary at Near Bedi Circle, Chikkamagaluru.",open,Chikkamagaluru,Chikkamagaluru Suburban PS,"Near Bedi Circle, Chikkamagaluru",13.3018,75.8128,Insp. Fitan Patla,2025,4,20
KAR/MYS/2024/1100,2024-12-10,00:16:00,vehicle_theft,"Reported incident of vehicle theft at Near Baral Zila, Mysuru. Suspect vehicle noticed with plate KA-32-M-4137.",under_investigation,Mysuru,Mysuru West PS,"Near Baral Zila, Mysuru",12.346,76.5571,Insp. Simon Dave,2024,12,0
KAR/VIJ/2024/1101,2024-07-30,02:27:00,vehicle_theft,"Reported incident of vehicle theft at Near Thaker Street, Vijayapura. Suspect vehicle noticed with plate KA-22-KB-6545.",under_investigation,Vijayapura,Vijayapura Traffic PS,"Near Thaker Street, Vijayapura",16.8119,75.6984,Insp. Meera Wali,2024,7,2
KAR/MAN/2024/1102,2024-07-20,15:39:00,drug_offence,"Reported incident of drug offence at Near Bhatt Street, Mangaluru (Dakshina Kannada).",open,Mangaluru (Dakshina Kannada),Mangaluru (Dakshina Kannada) Town PS,"Near Bhatt Street, Mangaluru (Dakshina Kannada)",12.8522,74.8357,Insp. Ekantika Acharya,2024,7,15
KAR/MAN/2024/1103,2024-09-23,10:58:00,eve_teasing,"Reported incident of eve teasing at Near Dutta Chowk, Mandya.",under_investigation,Mandya,Mandya Industrial PS,"Near Dutta Chowk, Mandya",12.4998,76.9603,Insp. Mitali Lal,2024,9,10
KAR/BEN/2024/1104,2025-01-18,11:36:00,vehicle_theft,"Reported incident of vehicle theft at Near Mandal Marg, Bengaluru Urban. Suspect vehicle noticed with plate KA-13-P-8243.",open,Bengaluru Urban,Bengaluru Urban Central PS,"Near Mandal Marg, Bengaluru Urban",12.9988,77.6338,Insp. Vanya Chopra,2025,1,11
KAR/RAI/2024/1105,2024-04-02,09:01:00,vehicle_theft,"Reported incident of vehicle theft at Near Gole Circle, Raichur. Suspect vehicle noticed with plate KA-02-A-7849.",under_investigation,Raichur,Raichur Market PS,"Near Gole Circle, Raichur",16.2102,77.2622,Insp. Ojas Virk,2024,4,9
KAR/BEN/2024/1106,2024-02-07,21:06:00,chain_snatching,"Reported incident of chain snatching at Near Batra Path, Bengaluru Urban. Suspect vehicle noticed with plate KA-09-KB-8851.",open,Bengaluru Urban,Bengaluru Urban Traffic PS,"Near Batra Path, Bengaluru Urban",12.9951,77.5587,Insp. Radhika Munshi,2024,2,21
KAR/BEN/2024/1107,2024-08-22,09:47:00,chain_snatching,"Reported incident of chain snatching at Near Munshi Ganj, Bengaluru Urban. Suspect vehicle noticed with plate KA-04-N-1143.",chargesheeted,Bengaluru Urban,Bengaluru Urban Central PS,"Near Munshi Ganj, Bengaluru Urban",12.9738,77.6437,Insp. Bhavya De,2024,8,9
KAR/VIJ/2024/1108,2024-10-13,15:50:00,chain_snatching,"Reported incident of chain snatching at Near Ganesan Marg, Vijayapura. Suspect vehicle noticed with plate KA-42-A-1295.",under_investigation,Vijayapura,Vijayapura Traffic PS,"Near Ganesan Marg, Vijayapura",16.795,75.6775,Insp. Charvi Dhawan,2024,10,15
KAR/TUM/2024/1109,2024-12-31,13:24:00,cybercrime,"Reported incident of cybercrime at Near Dyal Zila, Tumakuru.",open,Tumakuru,Tumakuru Suburban PS,"Near Dyal Zila, Tumakuru",13.3667,77.1278,Insp. Aarush Sawhney,2024,12,13
KAR/KOP/2024/1110,2024-02-20,07:21:00,cybercrime,"Reported incident of cybercrime at Near Srinivas Circle, Koppal.",chargesheeted,Koppal,Koppal Town PS,"Near Srinivas Circle, Koppal",15.3011,76.2199,Insp. Anamika Mall,2024,2,7
KAR/MYS/2024/1111,2024-12-20,11:30:00,vehicle_theft,"Reported incident of vehicle theft at Near Loke Circle, Mysuru. Suspect vehicle noticed with plate KA-41-B-4300.",chargesheeted,Mysuru,Mysuru West PS,"Near Loke Circle, Mysuru",12.32,76.5835,Insp. Varsha Bhattacharyya,2024,12,11
KAR/HAS/2024/1112,2024-01-09,12:31:00,domestic_violence,"Reported incident of domestic violence at Near Chahal Circle, Hassan.",open,Hassan,Hassan Rural PS,"Near Chahal Circle, Hassan",13.0334,76.0464,Insp. Vritti Dada,2024,1,12
KAR/BEN/2024/1113,2025-01-27,16:43:00,hit_and_run,"Reported incident of hit and run at Near Wason Circle, Bengaluru Rural.",chargesheeted,Bengaluru Rural,Bengaluru Rural East PS,"Near Wason Circle, Bengaluru Rural",13.2534,77.5495,Insp. Nandini Kibe,2025,1,16
KAR/MAN/2024/1114,2024-03-09,12:58:00,property_crime,"Reported incident of property crime at Near Shenoy Street, Mandya.",open,Mandya,Mandya Suburban PS,"Near Shenoy Street, Mandya",12.553,76.897,Insp. Frederick Gole,2024,3,12
KAR/KOP/2024/1115,2024-11-13,23:36:00,chain_snatching,"Reported incident of chain snatching at Near Anne Nagar, Koppal. Suspect vehicle noticed with plate KA-23-M-7412.",chargesheeted,Koppal,Koppal Suburban PS,"Near Anne Nagar, Koppal",15.2854,76.1206,Insp. Rehaan Barad,2024,11,23
KAR/BEN/2024/1116,2025-05-13,07:13:00,robbery,"Reported incident of robbery at Near Vala Street, Bengaluru Urban. Suspect vehicle noticed with plate KA-30-B-1072.",chargesheeted,Bengaluru Urban,Bengaluru Urban North PS,"Near Vala Street, Bengaluru Urban",12.9794,77.5849,Insp. Wyatt Purohit,2025,5,7
KAR/KAL/2024/1117,2024-02-28,06:26:00,chain_snatching,"Reported incident of chain snatching at Near Bail Marg, Kalaburagi. Suspect vehicle noticed with plate KA-26-N-7745.",chargesheeted,Kalaburagi,Kalaburagi Industrial PS,"Near Bail Marg, Kalaburagi",17.3378,76.865,Insp. Upasna Iyengar,2024,2,6
KAR/MAN/2024/1118,2025-02-05,12:02:00,chain_snatching,"Reported incident of chain snatching at Near Oak Street, Mandya. Suspect vehicle noticed with plate KA-52-KA-9711.",open,Mandya,Mandya Suburban PS,"Near Oak Street, Mandya",12.5963,76.9234,Insp. Ishwar Deep,2025,2,12
KAR/MYS/2024/1119,2024-06-28,00:50:00,property_crime,"Reported incident of property crime at Near Devi Street, Mysuru.",open,Mysuru,Mysuru South PS,"Near Devi Street, Mysuru",12.3174,76.6176,Insp. Triveni Ramaswamy,2024,6,0
KAR/BEN/2024/1120,2025-02-15,18:35:00,drug_offence,"Reported incident of drug offence at Near Naik Marg, Bengaluru Urban.",chargesheeted,Bengaluru Urban,Bengaluru Urban Traffic PS,"Near Naik Marg, Bengaluru Urban",13.0101,77.5482,Insp. Rehaan Sarkar,2025,2,18
KAR/SHI/2024/1121,2025-05-10,19:58:00,burglary,"Reported incident of burglary at Near Anand Ganj, Shivamogga.",under_investigation,Shivamogga,Shivamogga Town PS,"Near Anand Ganj, Shivamogga",13.9528,75.5214,Insp. Anjali Kade,2025,5,19
KAR/BEN/2024/1122,2025-04-11,05:33:00,burglary,"Reported incident of burglary at Near Narasimhan Zila, Bengaluru Urban.",under_investigation,Bengaluru Urban,Bengaluru Urban West PS,"Near Narasimhan Zila, Bengaluru Urban",12.8795,77.5654,Insp. Turvi Sabharwal,2025,4,5
KAR/BID/2024/1123,2025-03-04,10:20:00,property_crime,"Reported incident of property crime at Near Wable Ganj, Bidar.",open,Bidar,Bidar Suburban PS,"Near Wable Ganj, Bidar",17.9034,77.4276,Insp. Chakrika Srinivas,2025,3,10
KAR/BEN/2024/1124,2024-05-31,10:48:00,robbery,"Reported incident of robbery at Near Bahl Circle, Bengaluru Urban. Suspect vehicle noticed with plate KA-42-B-3324.",open,Bengaluru Urban,Bengaluru Urban Central PS,"Near Bahl Circle, Bengaluru Urban",12.9654,77.6539,Insp. Pahal Gandhi,2024,5,10
KAR/MAN/2024/1125,2024-09-07,21:49:00,hit_and_run,"Reported incident of hit and run at Near Balay Chowk, Mandya.",under_investigation,Mandya,Mandya Industrial PS,"Near Balay Chowk, Mandya",12.5085,76.9728,Insp. Peter Wason,2024,9,21
KAR/VIJ/2024/1126,2024-04-27,08:17:00,assault,"Reported incident of assault at Near Banik Street, Vijayapura.",open,Vijayapura,Vijayapura Traffic PS,"Near Banik Street, Vijayapura",16.7952,75.6771,Insp. Sathvik Modi,2024,4,8
KAR/BEN/2024/1127,2025-02-03,20:34:00,chain_snatching,"Reported incident of chain snatching at Near Goswami, Bengaluru Urban. Suspect vehicle noticed with plate KA-41-N-9121.",chargesheeted,Bengaluru Urban,Bengaluru Urban Traffic PS,"Near Goswami, Bengaluru Urban",12.9785,77.547,Insp. Omya Chaudhry,2025,2,20
KAR/BEN/2024/1128,2024-11-06,06:03:00,property_crime,"Reported incident of property crime at Near Sharaf Road, Bengaluru Urban.",under_investigation,Bengaluru Urban,Bengaluru Urban North PS,"Near Sharaf Road, Bengaluru Urban",12.986,77.5713,Insp. Hemang Sura,2024,11,6
KAR/BEN/2024/1129,2024-05-20,12:49:00,vehicle_theft,"Reported incident of vehicle theft at Near Som Nagar, Bengaluru Urban. Suspect vehicle noticed with plate KA-34-N-2382.",open,Bengaluru Urban,Bengaluru Urban Traffic PS,"Near Som Nagar, Bengaluru Urban",12.981,77.5748,Insp. Panini Prakash,2024,5,12
KAR/BEL/2024/1130,2024-01-11,22:34:00,assault,"Reported incident of assault at Near Kala Chowk, Belagavi.",chargesheeted,Belagavi,Belagavi Rural PS,"Near Kala Chowk, Belagavi",15.8456,74.4877,Insp. Bhavini Dayal,2024,1,22
KAR/BEN/2024/1131,2025-03-16,12:57:00,vehicle_theft,"Reported incident of vehicle theft at Near Golla Path, Bengaluru Urban. Suspect vehicle noticed with plate KA-47-B-5577.",open,Bengaluru Urban,Bengaluru Urban East PS,"Near Golla Path, Bengaluru Urban",12.9857,77.5383,Insp. Mason Balakrishnan,2025,3,12
KAR/BEL/2024/1132,2024-11-23,14:16:00,chain_snatching,"Reported incident of chain snatching at Near Peri Path, Belagavi. Suspect vehicle noticed with plate KA-29-M-8473.",under_investigation,Belagavi,Belagavi Suburban PS,"Near Peri Path, Belagavi",15.8744,74.4477,Insp. Omaja Narayan,2024,11,14
KAR/BEN/2024/1133,2024-05-25,06:38:00,assault,"Reported incident of assault at Near Badal Circle, Bengaluru Urban.",open,Bengaluru Urban,Bengaluru Urban Central PS,"Near Badal Circle, Bengaluru Urban",12.9645,77.6586,Insp. Pushti Dey,2024,5,6
KAR/BEN/2024/1134,2025-05-19,12:20:00,fraud,"Reported incident of fraud at Near Lad Chowk, Bengaluru Urban.",open,Bengaluru Urban,Bengaluru Urban Central PS,"Near Lad Chowk, Bengaluru Urban",13.0168,77.6399,Insp. Aachal Narang,2025,5,12
KAR/HUB/2024/1135,2024-10-02,10:42:00,fraud,"Reported incident of fraud at Near Dua, Hubballi-Dharwad.",chargesheeted,Hubballi-Dharwad,Hubballi-Dharwad Rural PS,"Near Dua, Hubballi-Dharwad",15.3726,75.1322,Insp. Teerth Shere,2024,10,10
KAR/BEN/2024/1136,2024-12-17,06:08:00,robbery,"Reported incident of robbery at Near Nagi Circle, Bengaluru Urban. Suspect vehicle noticed with plate KA-47-P-4217.",closed,Bengaluru Urban,Bengaluru Urban West PS,"Near Nagi Circle, Bengaluru Urban",12.8799,77.559,Insp. Ayaan Kara,2024,12,6
KAR/TUM/2024/1137,2024-10-09,09:14:00,vehicle_theft,"Reported incident of vehicle theft at Near Bakshi Ganj, Tumakuru. Suspect vehicle noticed with plate KA-10-KB-6190.",open,Tumakuru,Tumakuru Town PS,"Near Bakshi Ganj, Tumakuru",13.4003,77.0834,Insp. Bakhshi Majumdar,2024,10,9
KAR/BEN/2024/1138,2025-01-16,18:45:00,assault,"Reported incident of assault at Near Golla Path, Bengaluru Urban.",open,Bengaluru Urban,Bengaluru Urban East PS,"Near Golla Path, Bengaluru Urban",12.9863,77.5514,Insp. Pallavi Rau,2025,1,18
KAR/DAV/2024/1139,2024-05-08,03:27:00,robbery,"Reported incident of robbery at Near Naik Path, Davangere. Suspect vehicle noticed with plate KA-20-M-7268.",open,Davangere,Davangere Market PS,"Near Naik Path, Davangere",14.5223,75.8852,Insp. Ethan Viswanathan,2024,5,3
KAR/DAV/2024/1140,2024-08-25,23:58:00,robbery,"Reported incident of robbery at Near Taneja, Davangere. Suspect vehicle noticed with plate KA-19-M-2628.",chargesheeted,Davangere,Davangere Industrial PS,"Near Taneja, Davangere",14.4921,75.8663,Insp. Bimala Ramakrishnan,2024,8,23
KAR/RAI/2024/1141,2024-08-13,09:47:00,robbery,"Reported incident of robbery at Near Bhattacharyya Zila, Raichur. Suspect vehicle noticed with plate KA-25-M-6333.",open,Raichur,Raichur Industrial PS,"Near Bhattacharyya Zila, Raichur",16.1321,77.4257,Insp. Vidhi Tandon,2024,8,9
KAR/BEL/2024/1142,2024-09-22,13:19:00,fraud,"Reported incident of fraud at Near Johal Nagar, Belagavi.",under_investigation,Belagavi,Belagavi Town PS,"Near Johal Nagar, Belagavi",15.8539,74.5328,Insp. Rehaan Char,2024,9,13
KAR/UDU/2024/1143,2024-04-14,22:02:00,property_crime,"Reported incident of property crime at Near Gill Marg, Udupi.",open,Udupi,Udupi Rural PS,"Near Gill Marg, Udupi",13.3731,74.6988,Insp. Rushil Chowdhury,2024,4,22
KAR/TUM/2024/1144,2025-04-01,13:19:00,vehicle_theft,"Reported incident of vehicle theft at Near Thaman Street, Tumakuru. Suspect vehicle noticed with plate KA-24-KB-9491.",chargesheeted,Tumakuru,Tumakuru Traffic PS,"Near Thaman Street, Tumakuru",13.2805,77.0677,Insp. Leela Basak,2025,4,13
KAR/BEN/2024/1145,2024-09-06,09:07:00,hit_and_run,"Reported incident of hit and run at Near Gour Chowk, Bengaluru Urban.",open,Bengaluru Urban,Bengaluru Urban South PS,"Near Gour Chowk, Bengaluru Urban",12.999,77.5534,Insp. Reyansh Madan,2024,9,9
KAR/BEN/2024/1146,2025-03-17,12:22:00,vehicle_theft,"Reported incident of vehicle theft at Near Bora Ganj, Bengaluru Urban. Suspect vehicle noticed with plate KA-15-N-7728.",open,Bengaluru Urban,Bengaluru Urban West PS,"Near Bora Ganj, Bengaluru Urban",12.8725,77.5443,Insp. Vasatika Singhal,2025,3,12
KAR/BEN/2024/1147,2024-02-23,14:09:00,cybercrime,"Reported incident of cybercrime at Near Kibe Nagar, Bengaluru Urban.",open,Bengaluru Urban,Bengaluru Urban Traffic PS,"Near Kibe Nagar, Bengaluru Urban",12.9654,77.5508,Insp. Bhavna Pillai,2024,2,14
KAR/DAV/2024/1148,2025-03-07,14:17:00,assault,"Reported incident of assault at Near Parekh Road, Davangere.",under_investigation,Davangere,Davangere Town PS,"Near Parekh Road, Davangere",14.5,75.9284,Insp. Falak Barad,2025,3,14
KAR/BEN/2024/1149,2025-04-18,05:55:00,drug_offence,"Reported incident of drug offence at Near Khare Circle, Bengaluru Urban.",open,Bengaluru Urban,Bengaluru Urban Central PS,"Near Khare Circle, Bengaluru Urban",13.0061,77.6196,Insp. Amrita Narain,2025,4,5
KAR/SHI/2024/1150,2024-10-12,20:55:00,vehicle_theft,"Reported incident of vehicle theft at Near Kadakia Circle, Shivamogga. Suspect vehicle noticed with plate KA-40-M-1172.",chargesheeted,Shivamogga,Shivamogga Town PS,"Near Kadakia Circle, Shivamogga",13.9091,75.5399,Insp. Jason Yogi,2024,10,20
KAR/KAL/2024/1151,2024-10-09,02:32:00,vehicle_theft,"Reported incident of vehicle theft at Near More Path, Kalaburagi. Suspect vehicle noticed with plate KA-48-M-9837.",chargesheeted,Kalaburagi,Kalaburagi Rural PS,"Near More Path, Kalaburagi",17.268,76.8128,Insp. Pallavi Nath,2024,10,2
KAR/BID/2024/1152,2024-10-25,07:46:00,hit_and_run,"Reported incident of hit and run at Near Bhargava Path, Bidar.",chargesheeted,Bidar,Bidar Industrial PS,"Near Bhargava Path, Bidar",17.9309,77.5492,Insp. Qushi Grewal,2024,10,7
KAR/SHI/2024/1153,2024-11-13,08:13:00,cybercrime,"Reported incident of cybercrime at Near Date Road, Shivamogga.",open,Shivamogga,Shivamogga Town PS,"Near Date Road, Shivamogga",13.9406,75.5384,Insp. Panini Yadav,2024,11,8
KAR/CHI/2024/1154,2024-01-31,20:36:00,chain_snatching,"Reported incident of chain snatching at Near Bajwa Circle, Chikkamagaluru. Suspect vehicle noticed with plate KA-01-N-7658.",open,Chikkamagaluru,Chikkamagaluru Town PS,"Near Bajwa Circle, Chikkamagaluru",13.293,75.7773,Insp. Neel Kapadia,2024,1,20
KAR/BEN/2024/1155,2024-06-18,07:22:00,drug_offence,"Reported incident of drug offence at Near Lala, Bengaluru Urban.",open,Bengaluru Urban,Bengaluru Urban West PS,"Near Lala, Bengaluru Urban",12.9123,77.5869,Insp. Pooja Raja,2024,6,7
KAR/BEN/2024/1156,2024-03-24,02:30:00,burglary,"Reported incident of burglary at Near Kar Ganj, Bengaluru Urban.",closed,Bengaluru Urban,Bengaluru Urban Central PS,"Near Kar Ganj, Bengaluru Urban",12.9658,77.626,Insp. Ekansh Das,2024,3,2
KAR/BEN/2024/1157,2024-01-22,23:06:00,chain_snatching,"Reported incident of chain snatching at Near Sarraf Nagar, Bengaluru Urban. Suspect vehicle noticed with plate KA-01-KB-6691.",open,Bengaluru Urban,Bengaluru Urban Central PS,"Near Sarraf Nagar, Bengaluru Urban",12.9642,77.6569,Insp. Gauri Padmanabhan,2024,1,23
KAR/CHI/2024/1158,2024-12-06,13:02:00,vehicle_theft,"Reported incident of vehicle theft at Near Nazareth Road, Chikkamagaluru. Suspect vehicle noticed with plate KA-20-KA-9974.",open,Chikkamagaluru,Chikkamagaluru Traffic PS,"Near Nazareth Road, Chikkamagaluru",13.3091,75.6933,Insp. Ekta Pandya,2024,12,13
KAR/BEN/2024/1159,2024-11-25,12:37:00,eve_teasing,"Reported incident of eve teasing at Near Dixit Ganj, Bengaluru Urban.",chargesheeted,Bengaluru Urban,Bengaluru Urban North PS,"Near Dixit Ganj, Bengaluru Urban",13.0197,77.5644,Insp. Joshua Palla,2024,11,12
KAR/UDU/2024/1160,2024-08-15,15:18:00,property_crime,"Reported incident of property crime at Near Yohannan Marg, Udupi.",under_investigation,Udupi,Udupi Industrial PS,"Near Yohannan Marg, Udupi",13.3594,74.7463,Insp. Aadhya Varkey,2024,8,15
KAR/VIJ/2024/1161,2025-05-23,07:20:00,vehicle_theft,"Reported incident of vehicle theft at Near Kothari Nagar, Vijayapura. Suspect vehicle noticed with plate KA-45-A-3585.",under_investigation,Vijayapura,Vijayapura Industrial PS,"Near Kothari Nagar, Vijayapura",16.7998,75.616,Insp. Chanakya Chakrabarti,2025,5,7
KAR/HAS/2024/1162,2024-06-29,17:29:00,murder,"Reported incident of murder at Near Chacko Path, Hassan.",open,Hassan,Hassan Market PS,"Near Chacko Path, Hassan",13.0671,76.1661,Insp. Dev Khanna,2024,6,17
KAR/BEN/2024/1163,2024-01-09,02:25:00,vehicle_theft,"Reported incident of vehicle theft at Near Dara Marg, Bengaluru Urban. Suspect vehicle noticed with plate KA-37-KA-8993.",chargesheeted,Bengaluru Urban,Bengaluru Urban West PS,"Near Dara Marg, Bengaluru Urban",12.904,77.5857,Insp. Ikshita Suresh,2024,1,2
KAR/BEN/2024/1164,2024-04-17,02:35:00,vehicle_theft,"Reported incident of vehicle theft at Near Rajagopal Ganj, Bengaluru Urban. Suspect vehicle noticed with plate KA-38-KA-1913.",open,Bengaluru Urban,Bengaluru Urban South PS,"Near Rajagopal Ganj, Bengaluru Urban",12.9939,77.5542,Insp. Anita Jain,2024,4,2
KAR/BEN/2024/1165,2024-09-26,08:26:00,vehicle_theft,"Reported incident of vehicle theft at Near Singh Road, Bengaluru Urban. Suspect vehicle noticed with plate KA-55-N-1275.",chargesheeted,Bengaluru Urban,Bengaluru Urban Central PS,"Near Singh Road, Bengaluru Urban",12.9893,77.6272,Insp. Aarini Chopra,2024,9,8
KAR/MAN/2024/1166,2024-12-25,19:22:00,vehicle_theft,"Reported incident of vehicle theft at Near Joshi Street, Mangaluru (Dakshina Kannada). Suspect vehicle noticed with plate KA-30-P-5322.",open,Mangaluru (Dakshina Kannada),Mangaluru (Dakshina Kannada) Suburban PS,"Near Joshi Street, Mangaluru (Dakshina Kannada)",12.9927,74.8411,Insp. Eshana Aurora,2024,12,19
KAR/MYS/2024/1167,2024-06-11,22:19:00,senior_citizen_crime,"Reported incident of senior citizen crime at Near Tiwari Road, Mysuru.",under_investigation,Mysuru,Mysuru West PS,"Near Tiwari Road, Mysuru",12.3366,76.5464,Insp. Dalaja Maharaj,2024,6,22
KAR/KOP/2024/1168,2025-03-29,12:03:00,eve_teasing,"Reported incident of eve teasing at Near Krish Zila, Koppal.",under_investigation,Koppal,Koppal Town PS,"Near Krish Zila, Koppal",15.3027,76.2236,Insp. Chaman Ramaswamy,2025,3,12
KAR/BEN/2024/1169,2025-03-20,02:19:00,cybercrime,"Reported incident of cybercrime at Near Deo Ganj, Bengaluru Urban.",open,Bengaluru Urban,Bengaluru Urban South PS,"Near Deo Ganj, Bengaluru Urban",12.9923,77.5419,Insp. Gopal Kaul,2025,3,2
KAR/BEN/2024/1170,2024-09-24,17:36:00,cybercrime,"Reported incident of cybercrime at Near Rana Chowk, Bengaluru Urban.",open,Bengaluru Urban,Bengaluru Urban South PS,"Near Rana Chowk, Bengaluru Urban",12.9852,77.5536,Insp. Triveni Wason,2024,9,17
KAR/SHI/2024/1171,2025-01-18,06:50:00,vehicle_theft,"Reported incident of vehicle theft at Near Nayak Ganj, Shivamogga. Suspect vehicle noticed with plate KA-07-N-6005.",open,Shivamogga,Shivamogga Suburban PS,"Near Nayak Ganj, Shivamogga",13.9358,75.6255,Insp. Jai Mandal,2025,1,6
KAR/HUB/2024/1172,2025-02-14,12:11:00,burglary,"Reported incident of burglary at Near Mannan Ganj, Hubballi-Dharwad.",open,Hubballi-Dharwad,Hubballi-Dharwad Traffic PS,"Near Mannan Ganj, Hubballi-Dharwad",15.3293,75.1862,Insp. Xavier Nigam,2025,2,12
KAR/BEN/2024/1173,2024-03-04,18:21:00,burglary,"Reported incident of burglary at Near Anne, Bengaluru Urban.",under_investigation,Bengaluru Urban,Bengaluru Urban Central PS,"Near Anne, Bengaluru Urban",12.9896,77.6167,Insp. Harini Basu,2024,3,18
KAR/BEN/2024/1174,2024-03-01,16:40:00,fraud,"Reported incident of fraud at Near Ravi Street, Bengaluru Urban.",under_investigation,Bengaluru Urban,Bengaluru Urban Traffic PS,"Near Ravi Street, Bengaluru Urban",12.9742,77.6003,Insp. Logan Yadav,2024,3,16
KAR/HAS/2024/1175,2024-02-19,18:51:00,chain_snatching,"Reported incident of chain snatching at Near Ramachandran Ganj, Hassan. Suspect vehicle noticed with plate KA-08-P-7805.",open,Hassan,Hassan Rural PS,"Near Ramachandran Ganj, Hassan",13.0548,76.0264,Insp. Girindra Chaudhuri,2024,2,18
KAR/RAI/2024/1176,2024-12-22,06:07:00,cybercrime,"Reported incident of cybercrime at Near Deshmukh Path, Raichur.",chargesheeted,Raichur,Raichur Suburban PS,"Near Deshmukh Path, Raichur",16.2323,77.3719,Insp. Dominic Prashad,2024,12,6
KAR/BEN/2024/1177,2024-12-30,09:41:00,fraud,"Reported incident of fraud at Near Gade Chowk, Bengaluru Rural.",under_investigation,Bengaluru Rural,Bengaluru Rural West PS,"Near Gade Chowk, Bengaluru Rural",13.293,77.6778,Insp. Vasana Chahal,2024,12,9
KAR/VIJ/2024/1178,2025-05-12,23:57:00,fraud,"Reported incident of fraud at Near Varma Nagar, Vijayapura.",open,Vijayapura,Vijayapura Market PS,"Near Varma Nagar, Vijayapura",16.8843,75.6844,Insp. Xiti Saini,2025,5,23
KAR/TUM/2024/1179,2025-01-19,11:06:00,eve_teasing,"Reported incident of eve teasing at Near Gandhi Nagar, Tumakuru.",under_investigation,Tumakuru,Tumakuru Town PS,"Near Gandhi Nagar, Tumakuru",13.3883,77.0688,Insp. Qushi Kulkarni,2025,1,11
KAR/VIJ/2024/1180,2025-04-27,04:47:00,vehicle_theft,"Reported incident of vehicle theft at Near Verma, Vijayapura. Suspect vehicle noticed with plate KA-07-KA-4509.",open,Vijayapura,Vijayapura Suburban PS,"Near Verma, Vijayapura",16.7902,75.6689,Insp. Victor Gera,2025,4,4
KAR/BEN/2024/1181,2024-11-01,20:13:00,robbery,"Reported incident of robbery at Near Zachariah Circle, Bengaluru Urban. Suspect vehicle noticed with plate KA-29-KA-3236.",under_investigation,Bengaluru Urban,Bengaluru Urban South PS,"Near Zachariah Circle, Bengaluru Urban",12.9851,77.5877,Insp. Pooja Chowdhury,2024,11,20
KAR/BEN/2024/1182,2024-10-05,13:20:00,burglary,"Reported incident of burglary at Near Tata Circle, Bengaluru Urban.",under_investigation,Bengaluru Urban,Bengaluru Urban South PS,"Near Tata Circle, Bengaluru Urban",13.0258,77.564,Insp. Kamya Bajaj,2024,10,13
KAR/BAL/2024/1183,2024-02-22,23:50:00,chain_snatching,"Reported incident of chain snatching at Near D’Alia Zila, Ballari. Suspect vehicle noticed with plate KA-03-M-1402.",chargesheeted,Ballari,Ballari Market PS,"Near D’Alia Zila, Ballari",15.2102,76.8829,Insp. Nidra Bhatt,2024,2,23
KAR/BID/2024/1184,2024-11-06,17:15:00,chain_snatching,"Reported incident of chain snatching at Near Parsa Ganj, Bidar. Suspect vehicle noticed with plate KA-48-KB-6397.",open,Bidar,Bidar Market PS,"Near Parsa Ganj, Bidar",17.9335,77.4763,Insp. Aarnav Sani,2024,11,17
KAR/UDU/2024/1185,2025-02-16,06:35:00,robbery,"Reported incident of robbery at Near Dugar Ganj, Udupi. Suspect vehicle noticed with plate KA-40-KA-3847.",open,Udupi,Udupi Suburban PS,"Near Dugar Ganj, Udupi",13.2721,74.7708,Insp. Vidhi Bhavsar,2025,2,6
KAR/BEN/2024/1186,2024-12-28,16:44:00,vehicle_theft,"Reported incident of vehicle theft at Near Sama Marg, Bengaluru Urban. Suspect vehicle noticed with plate KA-35-KB-7646.",under_investigation,Bengaluru Urban,Bengaluru Urban East PS,"Near Sama Marg, Bengaluru Urban",12.9908,77.5288,Insp. Gavin Varughese,2024,12,16
KAR/HAS/2024/1187,2024-01-17,22:47:00,eve_teasing,"Reported incident of eve teasing at Near Tata Marg, Hassan.",chargesheeted,Hassan,Hassan Industrial PS,"Near Tata Marg, Hassan",13.0043,76.0954,Insp. Advaith Saraf,2024,1,22
KAR/BEN/2024/1188,2024-11-24,20:52:00,robbery,"Reported incident of robbery at Near Nigam Marg, Bengaluru Urban. Suspect vehicle noticed with plate KA-51-KA-6697.",under_investigation,Bengaluru Urban,Bengaluru Urban North PS,"Near Nigam Marg, Bengaluru Urban",13.0322,77.5578,Insp. Jai Date,2024,11,20
KAR/BEN/2024/1189,2025-03-03,19:15:00,robbery,"Reported incident of robbery at Near Pai Road, Bengaluru Urban. Suspect vehicle noticed with plate KA-23-P-6386.",open,Bengaluru Urban,Bengaluru Urban Traffic PS,"Near Pai Road, Bengaluru Urban",12.959,77.5916,Insp. Nilima Murthy,2025,3,19
KAR/BEN/2024/1190,2024-10-03,13:18:00,chain_snatching,"Reported incident of chain snatching at Near Prabhakar Path, Bengaluru Urban. Suspect vehicle noticed with plate KA-36-N-7990.",open,Bengaluru Urban,Bengaluru Urban South PS,"Near Prabhakar Path, Bengaluru Urban",13.0172,77.5559,Insp. Chakradev Grover,2024,10,13
KAR/CHI/2024/1191,2024-12-27,16:09:00,chain_snatching,"Reported incident of chain snatching at Near Vora Circle, Chikkamagaluru. Suspect vehicle noticed with plate KA-05-M-1355.",open,Chikkamagaluru,Chikkamagaluru Suburban PS,"Near Vora Circle, Chikkamagaluru",13.3172,75.7543,Insp. Tarak Kalita,2024,12,16
KAR/BEN/2024/1192,2024-11-24,10:46:00,vehicle_theft,"Reported incident of vehicle theft at Near Sood Ganj, Bengaluru Urban. Suspect vehicle noticed with plate KA-41-P-4674.",under_investigation,Bengaluru Urban,Bengaluru Urban North PS,"Near Sood Ganj, Bengaluru Urban",13.0114,77.5914,Insp. Kevin Kota,2024,11,10
KAR/DAV/2024/1193,2024-10-11,03:55:00,chain_snatching,"Reported incident of chain snatching at Near Bedi Nagar, Davangere. Suspect vehicle noticed with plate KA-46-M-6141.",under_investigation,Davangere,Davangere Industrial PS,"Near Bedi Nagar, Davangere",14.5,75.8807,Insp. Upkaar Tak,2024,10,3
KAR/KAL/2024/1194,2025-04-24,09:45:00,vehicle_theft,"Reported incident of vehicle theft at Near Lad Circle, Kalaburagi. Suspect vehicle noticed with plate KA-37-KB-6170.",under_investigation,Kalaburagi,Kalaburagi Industrial PS,"Near Lad Circle, Kalaburagi",17.385,76.9014,Insp. Girik Pradhan,2025,4,9
KAR/UDU/2024/1195,2025-03-19,09:59:00,chain_snatching,"Reported incident of chain snatching at Near Raman Circle, Udupi. Suspect vehicle noticed with plate KA-16-KB-3786.",open,Udupi,Udupi Rural PS,"Near Raman Circle, Udupi",13.3834,74.6806,Insp. Raksha Sachar,2025,3,9
KAR/RAI/2024/1196,2024-10-04,08:01:00,chain_snatching,"Reported incident of chain snatching at Near Palan, Raichur. Suspect vehicle noticed with plate KA-40-M-9660.",open,Raichur,Raichur Rural PS,"Near Palan, Raichur",16.2516,77.3553,Insp. Wishi Nadkarni,2024,10,8
KAR/MAN/2024/1197,2024-06-26,04:26:00,vehicle_theft,"Reported incident of vehicle theft at Near Saran Street, Mandya. Suspect vehicle noticed with plate KA-13-B-1311.",chargesheeted,Mandya,Mandya Suburban PS,"Near Saran Street, Mandya",12.5846,76.8935,Insp. Rachita Kala,2024,6,4
KAR/DAV/2024/1198,2024-10-24,04:53:00,vehicle_theft,"Reported incident of vehicle theft at Near Balakrishnan Circle, Davangere. Suspect vehicle noticed with plate KA-12-M-2565.",open,Davangere,Davangere Traffic PS,"Near Balakrishnan Circle, Davangere",14.5025,75.9002,Insp. Guneet Subramanian,2024,10,4
KAR/BEN/2024/1199,2025-03-13,07:48:00,hit_and_run,"Reported incident of hit and run at Near Wadhwa Street, Bengaluru Urban.",under_investigation,Bengaluru Urban,Bengaluru Urban South PS,"Near Wadhwa Street, Bengaluru Urban",13.025,77.5532,Insp. Chaitaly Keer,2025,3,7
KAR/BEN/2024/1200,2025-02-08,14:57:00,burglary,"Reported incident of burglary at Near Acharya Street, Bengaluru Rural.",under_investigation,Bengaluru Rural,Bengaluru Rural West PS,"Near Acharya Street, Bengaluru Rural",13.301,77.6581,Insp. Krish Dhaliwal,2025,2,14
KAR/MAN/2024/1201,2024-11-03,01:13:00,robbery,"Reported incident of robbery at Near Mohan Marg, Mandya. Suspect vehicle noticed with plate KA-27-A-9266.",open,Mandya,Mandya Rural PS,"Near Mohan Marg, Mandya",12.4817,76.9239,Insp. Tanay Krish,2024,11,1
KAR/BEL/2024/1202,2024-03-24,18:57:00,assault,"Reported incident of assault at Near Wadhwa Zila, Belagavi.",closed,Belagavi,Belagavi Town PS,"Near Wadhwa Zila, Belagavi",15.8179,74.5254,Insp. Dominic Maharaj,2024,3,18
KAR/KOP/2024/1203,2025-04-08,05:22:00,property_crime,"Reported incident of property crime at Near Sane Ganj, Koppal.",open,Koppal,Koppal Industrial PS,"Near Sane Ganj, Koppal",15.288,76.1378,Insp. Riya Keer,2025,4,5
KAR/BEN/2024/1204,2025-05-27,13:06:00,vehicle_theft,"Reported incident of vehicle theft at Near Reddy, Bengaluru Urban. Suspect vehicle noticed with plate KA-19-N-4202.",open,Bengaluru Urban,Bengaluru Urban South PS,"Near Reddy, Bengaluru Urban",13.0093,77.5715,Insp. Mugdha Bajwa,2025,5,13
KAR/BEN/2024/1205,2025-02-19,14:48:00,vehicle_theft,"Reported incident of vehicle theft at Near Rau Circle, Bengaluru Rural. Suspect vehicle noticed with plate KA-35-B-9847.",open,Bengaluru Rural,Bengaluru Rural West PS,"Near Rau Circle, Bengaluru Rural",13.2769,77.6342,Insp. Hemang Naik,2025,2,14
KAR/BEN/2024/1206,2025-04-21,14:22:00,drug_offence,"Reported incident of drug offence at Near Ghosh Ganj, Bengaluru Urban.",open,Bengaluru Urban,Bengaluru Urban West PS,"Near Ghosh Ganj, Bengaluru Urban",12.9141,77.5723,Insp. Vedant Bhardwaj,2025,4,14
KAR/VIJ/2024/1207,2024-12-19,18:26:00,vehicle_theft,"Reported incident of vehicle theft at Near Krish Street, Vijayapura. Suspect vehicle noticed with plate KA-13-B-6987.",open,Vijayapura,Vijayapura Industrial PS,"Near Krish Street, Vijayapura",16.7988,75.6617,Insp. Oscar Tandon,2024,12,18
KAR/KOP/2024/1208,2025-04-01,14:33:00,burglary,"Reported incident of burglary at Near Pillai Street, Koppal.",under_investigation,Koppal,Koppal Industrial PS,"Near Pillai Street, Koppal",15.2859,76.1086,Insp. Viraj Chand,2025,4,14
KAR/BEN/2024/1209,2024-01-12,06:30:00,fraud,"Reported incident of fraud at Near Dass Nagar, Bengaluru Rural.",open,Bengaluru Rural,Bengaluru Rural East PS,"Near Dass Nagar, Bengaluru Rural",13.2944,77.5534,Insp. Balveer Khalsa,2024,1,6
KAR/DAV/2024/1210,2024-12-19,09:25:00,fraud,"Reported incident of fraud at Near Barad Circle, Davangere.",chargesheeted,Davangere,Davangere Town PS,"Near Barad Circle, Davangere",14.4903,75.9591,Insp. Nidra Saraf,2024,12,9
KAR/BID/2024/1211,2025-02-14,00:38:00,chain_snatching,"Reported incident of chain snatching at Near Bobal Ganj, Bidar. Suspect vehicle noticed with plate KA-37-B-3449.",chargesheeted,Bidar,Bidar Traffic PS,"Near Bobal Ganj, Bidar",17.9645,77.4705,Insp. Falguni Soman,2025,2,0
KAR/RAI/2024/1212,2024-02-16,00:39:00,senior_citizen_crime,"Reported incident of senior citizen crime at Near Dora Ganj, Raichur.",chargesheeted,Raichur,Raichur Industrial PS,"Near Dora Ganj, Raichur",16.1623,77.427,Insp. Pallavi Sagar,2024,2,0
KAR/KOL/2024/1213,2024-10-26,16:41:00,vehicle_theft,"Reported incident of vehicle theft at Near Kohli Street, Kolar. Suspect vehicle noticed with plate KA-01-M-7174.",open,Kolar,Kolar Market PS,"Near Kohli Street, Kolar",13.0766,78.0632,Insp. Divya Kashyap,2024,10,16
KAR/BEN/2024/1214,2024-03-09,00:44:00,burglary,"Reported incident of burglary at Near Bali Zila, Bengaluru Urban.",open,Bengaluru Urban,Bengaluru Urban West PS,"Near Bali Zila, Bengaluru Urban",12.8889,77.5836,Insp. Jhalak Balay,2024,3,0
KAR/HAS/2024/1215,2024-12-13,21:24:00,chain_snatching,"Reported incident of chain snatching at Near Ramaswamy Road, Hassan. Suspect vehicle noticed with plate KA-44-A-7085.",chargesheeted,Hassan,Hassan Rural PS,"Near Ramaswamy Road, Hassan",13.0737,76.0343,Insp. Zayyan Nadkarni,2024,12,21
KAR/HAS/2024/1216,2024-05-24,16:40:00,chain_snatching,"Reported incident of chain snatching at Near Sundaram Zila, Hassan. Suspect vehicle noticed with plate KA-50-B-5585.",closed,Hassan,Hassan Rural PS,"Near Sundaram Zila, Hassan",13.0629,76.0652,Insp. Victor Chaudhary,2024,5,16
KAR/BEN/2024/1217,2025-02-16,07:39:00,robbery,"Reported incident of robbery at Near Dixit Street, Bengaluru Rural. Suspect vehicle noticed with plate KA-46-B-8660.",chargesheeted,Bengaluru Rural,Bengaluru Rural South PS,"Near Dixit Street, Bengaluru Rural",13.1866,77.6132,Insp. Hiral Cheema,2025,2,7
KAR/BEN/2024/1218,2024-05-12,06:09:00,burglary,"Reported incident of burglary at Near Ahuja Nagar, Bengaluru Urban.",open,Bengaluru Urban,Bengaluru Urban East PS,"Near Ahuja Nagar, Bengaluru Urban",13.0295,77.5526,Insp. Onveer Anne,2024,5,6
KAR/BEN/2024/1219,2024-01-12,06:07:00,cybercrime,"Reported incident of cybercrime at Near Choudhury Zila, Bengaluru Urban.",closed,Bengaluru Urban,Bengaluru Urban West PS,"Near Choudhury Zila, Bengaluru Urban",12.8794,77.5937,Insp. Teerth Doctor,2024,1,6
KAR/KOL/2024/1220,2025-01-24,22:56:00,hit_and_run,"Reported incident of hit and run at Near Nair Road, Kolar.",open,Kolar,Kolar Industrial PS,"Near Nair Road, Kolar",13.1972,78.0395,Insp. Ekta Purohit,2025,1,22
KAR/CHI/2024/1221,2024-07-28,02:02:00,hit_and_run,"Reported incident of hit and run at Near Gill Nagar, Chikkamagaluru.",open,Chikkamagaluru,Chikkamagaluru Traffic PS,"Near Gill Nagar, Chikkamagaluru",13.3024,75.7398,Insp. Zayyan Nigam,2024,7,2
KAR/BAL/2024/1222,2024-06-22,00:18:00,fraud,"Reported incident of fraud at Near Butala Marg, Ballari.",under_investigation,Ballari,Ballari Rural PS,"Near Butala Marg, Ballari",15.092,76.8815,Insp. Aarini Sabharwal,2024,6,0
KAR/HUB/2024/1223,2025-02-20,13:32:00,kidnapping,"Reported incident of kidnapping at Near Gara Marg, Hubballi-Dharwad.",closed,Hubballi-Dharwad,Hubballi-Dharwad Industrial PS,"Near Gara Marg, Hubballi-Dharwad",15.3071,75.0601,Insp. Vidhi Rajagopal,2025,2,13
KAR/BEN/2024/1224,2024-03-16,04:43:00,hit_and_run,"Reported incident of hit and run at Near Balakrishnan Path, Bengaluru Urban.",under_investigation,Bengaluru Urban,Bengaluru Urban South PS,"Near Balakrishnan Path, Bengaluru Urban",12.9854,77.5982,Insp. Varenya Ben,2024,3,4
KAR/MAN/2024/1225,2025-03-04,02:05:00,fraud,"Reported incident of fraud at Near Sarma Street, Mangaluru (Dakshina Kannada).",open,Mangaluru (Dakshina Kannada),Mangaluru (Dakshina Kannada) Town PS,"Near Sarma Street, Mangaluru (Dakshina Kannada)",12.8647,74.8667,Insp. Ladli Thaman,2025,3,2
KAR/BEN/2024/1226,2024-11-15,18:32:00,murder,"Reported incident of murder at Near Mannan Street, Bengaluru Urban.",open,Bengaluru Urban,Bengaluru Urban West PS,"Near Mannan Street, Bengaluru Urban",12.9171,77.5545,Insp. Unni Parikh,2024,11,18
KAR/BEN/2024/1227,2025-04-07,12:05:00,fraud,"Reported incident of fraud at Near Master Chowk, Bengaluru Urban.",open,Bengaluru Urban,Bengaluru Urban Traffic PS,"Near Master Chowk, Bengaluru Urban",12.9603,77.5704,Insp. Nitara Datta,2025,4,12
KAR/CHI/2024/1228,2025-04-06,09:29:00,cybercrime,"Reported incident of cybercrime at Near Kannan Marg, Chikkamagaluru.",open,Chikkamagaluru,Chikkamagaluru Market PS,"Near Kannan Marg, Chikkamagaluru",13.2953,75.6833,Insp. Hemangini Chaudhari,2025,4,9
KAR/BAL/2024/1229,2025-01-30,10:41:00,drug_offence,"Reported incident of drug offence at Near Sankaran Path, Ballari.",under_investigation,Ballari,Ballari Market PS,"Near Sankaran Path, Ballari",15.2047,76.8888,Insp. Watika Iyer,2025,1,10
KAR/KOP/2024/1230,2024-07-31,19:45:00,assault,"Reported incident of assault at Near Cherian Circle, Koppal.",under_investigation,Koppal,Koppal Industrial PS,"Near Cherian Circle, Koppal",15.2606,76.1197,Insp. Sanya Dara,2024,7,19
KAR/BEN/2024/1231,2025-02-10,21:11:00,eve_teasing,"Reported incident of eve teasing at Near Brar Road, Bengaluru Urban.",chargesheeted,Bengaluru Urban,Bengaluru Urban East PS,"Near Brar Road, Bengaluru Urban",13.0218,77.53,Insp. Parth Deep,2025,2,21
KAR/HAS/2024/1232,2024-04-10,01:34:00,drug_offence,"Reported incident of drug offence at Near Ranganathan Circle, Hassan.",chargesheeted,Hassan,Hassan Town PS,"Near Ranganathan Circle, Hassan",13.0785,76.0276,Insp. Frado Hegde,2024,4,1
KAR/BEN/2024/1233,2024-11-18,09:33:00,eve_teasing,"Reported incident of eve teasing at Near Nigam Ganj, Bengaluru Urban.",open,Bengaluru Urban,Bengaluru Urban South PS,"Near Nigam Ganj, Bengaluru Urban",12.9851,77.5641,Insp. Keya Padmanabhan,2024,11,9
KAR/HUB/2024/1234,2024-09-18,08:05:00,senior_citizen_crime,"Reported incident of senior citizen crime at Near Bhargava Chowk, Hubballi-Dharwad.",open,Hubballi-Dharwad,Hubballi-Dharwad Town PS,"Near Bhargava Chowk, Hubballi-Dharwad",15.2961,75.1841,Insp. Krisha Jhaveri,2024,9,8
KAR/BEN/2024/1235,2024-09-27,06:11:00,hit_and_run,"Reported incident of hit and run at Near Menon Circle, Bengaluru Rural.",open,Bengaluru Rural,Bengaluru Rural Central PS,"Near Menon Circle, Bengaluru Rural",13.2287,77.5284,Insp. Vamakshi Palla,2024,9,6
KAR/MAN/2024/1236,2025-04-06,01:57:00,fraud,"Reported incident of fraud at Near Bhakta Zila, Mandya.",closed,Mandya,Mandya Rural PS,"Near Bhakta Zila, Mandya",12.486,76.9337,Insp. Warinder Kohli,2025,4,1
KAR/MAN/2024/1237,2025-03-22,10:14:00,domestic_violence,"Reported incident of domestic violence at Near Dayal Road, Mandya.",closed,Mandya,Mandya Industrial PS,"Near Dayal Road, Mandya",12.4904,76.9453,Insp. Urmi Gill,2025,3,10
KAR/BEN/2024/1238,2024-10-04,11:36:00,vehicle_theft,"Reported incident of vehicle theft at Near Reddy Circle, Bengaluru Urban. Suspect vehicle noticed with plate KA-26-A-3055.",open,Bengaluru Urban,Bengaluru Urban West PS,"Near Reddy Circle, Bengaluru Urban",12.8824,77.5543,Insp. Saumya Pandit,2024,10,11
KAR/BEN/2024/1239,2024-08-07,17:29:00,fraud,"Reported incident of fraud at Near Jayaraman Circle, Bengaluru Urban.",under_investigation,Bengaluru Urban,Bengaluru Urban Traffic PS,"Near Jayaraman Circle, Bengaluru Urban",12.9742,77.5975,Insp. Tripti Nagi,2024,8,17
KAR/CHI/2024/1240,2024-03-09,09:49:00,cybercrime,"Reported incident of cybercrime at Near Prasad Path, Chikkamagaluru.",under_investigation,Chikkamagaluru,Chikkamagaluru Town PS,"Near Prasad Path, Chikkamagaluru",13.2911,75.7534,Insp. Neel Mane,2024,3,9
KAR/BEN/2024/1241,2025-01-13,10:13:00,vehicle_theft,"Reported incident of vehicle theft at Near Butala Circle, Bengaluru Urban. Suspect vehicle noticed with plate KA-30-KA-9475.",open,Bengaluru Urban,Bengaluru Urban North PS,"Near Butala Circle, Bengaluru Urban",13.0282,77.5962,Insp. Oliver Sachar,2025,1,10
KAR/HUB/2024/1242,2024-02-06,17:51:00,fraud,"Reported incident of fraud at Near Sehgal Ganj, Hubballi-Dharwad.",open,Hubballi-Dharwad,Hubballi-Dharwad Town PS,"Near Sehgal Ganj, Hubballi-Dharwad",15.2714,75.1798,Insp. Gautam Pillai,2024,2,17
KAR/BAL/2024/1243,2024-06-25,14:37:00,fraud,"Reported incident of fraud at Near Banerjee Marg, Ballari.",under_investigation,Ballari,Ballari Market PS,"Near Banerjee Marg, Ballari",15.2171,76.8921,Insp. Logan Lalla,2024,6,14
KAR/BEN/2024/1244,2024-11-16,03:09:00,domestic_violence,"Reported incident of domestic violence at Near Behl Chowk, Bengaluru Urban.",closed,Bengaluru Urban,Bengaluru Urban South PS,"Near Behl Chowk, Bengaluru Urban",13.0226,77.5693,Insp. Anvi Bala,2024,11,3
KAR/BID/2024/1245,2024-12-17,22:37:00,hit_and_run,"Reported incident of hit and run at Near Comar Road, Bidar.",open,Bidar,Bidar Industrial PS,"Near Comar Road, Bidar",17.8864,77.553,Insp. Ayaan Sidhu,2024,12,22
KAR/BEN/2024/1246,2024-09-12,16:51:00,chain_snatching,"Reported incident of chain snatching at Near Sridhar Chowk, Bengaluru Urban. Suspect vehicle noticed with plate KA-30-M-6952.",chargesheeted,Bengaluru Urban,Bengaluru Urban North PS,"Near Sridhar Chowk, Bengaluru Urban",13.025,77.5712,Insp. Fitan Dube,2024,9,16
KAR/KAL/2024/1247,2025-03-15,00:19:00,vehicle_theft,"Reported incident of vehicle theft at Near Chaudhry Nagar, Kalaburagi. Suspect vehicle noticed with plate KA-47-B-2192.",open,Kalaburagi,Kalaburagi Market PS,"Near Chaudhry Nagar, Kalaburagi",17.3454,76.7785,Insp. Vrishti Ram,2025,3,0
KAR/BAL/2024/1248,2024-09-20,00:32:00,fraud,"Reported incident of fraud at Near Natarajan Zila, Ballari.",open,Ballari,Ballari Market PS,"Near Natarajan Zila, Ballari",15.1811,76.8871,Insp. Christopher Goel,2024,9,0
KAR/BEN/2024/1249,2024-06-22,00:18:00,assault,"Reported incident of assault at Near Balan Path, Bengaluru Urban.",chargesheeted,Bengaluru Urban,Bengaluru Urban South PS,"Near Balan Path, Bengaluru Urban",13.0121,77.5428,Insp. Girik Thaman,2024,6,0
KAR/BEN/2024/1250,2024-11-09,02:18:00,fraud,"Reported incident of fraud at Near Wagle Road, Bengaluru Urban.",open,Bengaluru Urban,Bengaluru Urban East PS,"Near Wagle Road, Bengaluru Urban",13.0053,77.5287,Insp. Ira Sani,2024,11,2
KAR/DAV/2024/1251,2024-06-28,19:45:00,assault,"Reported incident of assault at Near Bhavsar Ganj, Davangere.",open,Davangere,Davangere Town PS,"Near Bhavsar Ganj, Davangere",14.4976,75.9433,Insp. Warhi Khatri,2024,6,19
KAR/BEN/2024/1252,2024-07-02,17:53:00,burglary,"Reported incident of burglary at Near Mittal Marg, Bengaluru Urban.",under_investigation,Bengaluru Urban,Bengaluru Urban Central PS,"Near Mittal Marg, Bengaluru Urban",13.0006,77.6257,Insp. Bimala Choudhury,2024,7,17
KAR/HUB/2024/1253,2025-01-12,04:43:00,robbery,"Reported incident of robbery at Near Khosla Zila, Hubballi-Dharwad. Suspect vehicle noticed with plate KA-40-P-8796.",under_investigation,Hubballi-Dharwad,Hubballi-Dharwad Market PS,"Near Khosla Zila, Hubballi-Dharwad",15.3172,75.104,Insp. Kevin Basu,2025,1,4
KAR/BEN/2024/1254,2025-01-29,19:37:00,property_crime,"Reported incident of property crime at Near Ramaswamy Path, Bengaluru Urban.",chargesheeted,Bengaluru Urban,Bengaluru Urban East PS,"Near Ramaswamy Path, Bengaluru Urban",12.9846,77.5338,Insp. Oscar Dada,2025,1,19
KAR/TUM/2024/1255,2024-05-13,08:48:00,fraud,"Reported incident of fraud at Near Dhawan, Tumakuru.",under_investigation,Tumakuru,Tumakuru Town PS,"Near Dhawan, Tumakuru",13.3914,77.0843,Insp. Charan Som,2024,5,8
KAR/HUB/2024/1256,2024-02-05,23:18:00,assault,"Reported incident of assault at Near Chakraborty Nagar, Hubballi-Dharwad.",open,Hubballi-Dharwad,Hubballi-Dharwad Industrial PS,"Near Chakraborty Nagar, Hubballi-Dharwad",15.3604,75.0717,Insp. Barkha Sarin,2024,2,23
KAR/BEN/2024/1257,2024-10-15,21:42:00,vehicle_theft,"Reported incident of vehicle theft at Near Pau Circle, Bengaluru Urban. Suspect vehicle noticed with plate KA-49-B-7124.",chargesheeted,Bengaluru Urban,Bengaluru Urban East PS,"Near Pau Circle, Bengaluru Urban",12.9865,77.5191,Insp. Pooja Ramachandran,2024,10,21
KAR/KAL/2024/1258,2024-01-06,03:42:00,assault,"Reported incident of assault at Near Datta Road, Kalaburagi.",under_investigation,Kalaburagi,Kalaburagi Town PS,"Near Datta Road, Kalaburagi",17.3871,76.776,Insp. Bimala Anne,2024,1,3
KAR/MAN/2024/1259,2024-02-27,22:17:00,robbery,"Reported incident of robbery at Near Varty Road, Mangaluru (Dakshina Kannada). Suspect vehicle noticed with plate KA-15-N-3853.",under_investigation,Mangaluru (Dakshina Kannada),Mangaluru (Dakshina Kannada) Market PS,"Near Varty Road, Mangaluru (Dakshina Kannada)",12.8823,74.8426,Insp. Onkar Shanker,2024,2,22
KAR/MAN/2024/1260,2024-04-06,01:22:00,robbery,"Reported incident of robbery at Near Jhaveri Circle, Mangaluru (Dakshina Kannada). Suspect vehicle noticed with plate KA-34-KA-2828.",closed,Mangaluru (Dakshina Kannada),Mangaluru (Dakshina Kannada) Town PS,"Near Jhaveri Circle, Mangaluru (Dakshina Kannada)",12.8647,74.8385,Insp. Saumya Butala,2024,4,1
KAR/KAL/2024/1261,2024-05-07,01:02:00,burglary,"Reported incident of burglary at Near Sangha Path, Kalaburagi.",open,Kalaburagi,Kalaburagi Traffic PS,"Near Sangha Path, Kalaburagi",17.3817,76.8723,Insp. Darsh Khosla,2024,5,1
KAR/CHI/2024/1262,2024-08-08,14:37:00,assault,"Reported incident of assault at Near Trivedi Circle, Chikkamagaluru.",under_investigation,Chikkamagaluru,Chikkamagaluru Traffic PS,"Near Trivedi Circle, Chikkamagaluru",13.3262,75.6936,Insp. Daniel Seshadri,2024,8,14
KAR/HAS/2024/1263,2024-05-15,12:17:00,robbery,"Reported incident of robbery at Near Mahal Street, Hassan. Suspect vehicle noticed with plate KA-09-M-9312.",open,Hassan,Hassan Suburban PS,"Near Mahal Street, Hassan",12.9491,76.1724,Insp. Mohammed Garg,2024,5,12
KAR/HAS/2024/1264,2024-10-11,06:49:00,eve_teasing,"Reported incident of eve teasing at Near Banik Path, Hassan.",chargesheeted,Hassan,Hassan Rural PS,"Near Banik Path, Hassan",13.0382,76.0553,Insp. Keya Kapadia,2024,10,6
KAR/SHI/2024/1265,2024-05-24,05:02:00,vehicle_theft,"Reported incident of vehicle theft at Near Loyal Nagar, Shivamogga. Suspect vehicle noticed with plate KA-39-M-3634.",open,Shivamogga,Shivamogga Market PS,"Near Loyal Nagar, Shivamogga",13.9925,75.6527,Insp. Siddharth Bhagat,2024,5,5
KAR/BID/2024/1266,2024-09-15,18:57:00,cybercrime,"Reported incident of cybercrime at Near Sarma Zila, Bidar.",closed,Bidar,Bidar Suburban PS,"Near Sarma Zila, Bidar",17.9034,77.4576,Insp. Fariq Sheth,2024,9,18
KAR/DAV/2024/1267,2025-04-29,21:47:00,property_crime,"Reported incident of property crime at Near Sule Marg, Davangere.",open,Davangere,Davangere Industrial PS,"Near Sule Marg, Davangere",14.4749,75.8309,Insp. Patrick Lala,2025,4,21
KAR/MAN/2024/1268,2025-04-29,22:13:00,assault,"Reported incident of assault at Near Anne Circle, Mangaluru (Dakshina Kannada).",under_investigation,Mangaluru (Dakshina Kannada),Mangaluru (Dakshina Kannada) Market PS,"Near Anne Circle, Mangaluru (Dakshina Kannada)",12.8607,74.8577,Insp. Aarna Dash,2025,4,22
KAR/DAV/2024/1269,2024-11-11,08:41:00,vehicle_theft,"Reported incident of vehicle theft at Near Varty Ganj, Davangere. Suspect vehicle noticed with plate KA-31-KA-8123.",open,Davangere,Davangere Rural PS,"Near Varty Ganj, Davangere",14.5363,75.9287,Insp. Isaac Keer,2024,11,8
KAR/BEN/2024/1270,2024-05-21,11:03:00,domestic_violence,"Reported incident of domestic violence at Near Sama, Bengaluru Urban.",under_investigation,Bengaluru Urban,Bengaluru Urban Central PS,"Near Sama, Bengaluru Urban",13.0055,77.6215,Insp. Fariq Chandran,2024,5,11
KAR/BAL/2024/1271,2025-04-01,12:09:00,burglary,"Reported incident of burglary at Near Varghese Chowk, Ballari.",open,Ballari,Ballari Suburban PS,"Near Varghese Chowk, Ballari",15.1972,76.8492,Insp. Pahal Nath,2025,4,12
KAR/BEN/2024/1272,2025-04-02,01:06:00,robbery,"Reported incident of robbery at Near Nayar Street, Bengaluru Urban. Suspect vehicle noticed with plate KA-45-M-8246.",open,Bengaluru Urban,Bengaluru Urban Central PS,"Near Nayar Street, Bengaluru Urban",12.9757,77.6268,Insp. Brijesh Lad,2025,4,1
KAR/BEN/2024/1273,2024-01-21,08:00:00,burglary,"Reported incident of burglary at Near Mannan Zila, Bengaluru Urban.",open,Bengaluru Urban,Bengaluru Urban South PS,"Near Mannan Zila, Bengaluru Urban",13.0367,77.5486,Insp. Quincy Krishnan,2024,1,8
KAR/HUB/2024/1274,2024-08-27,16:17:00,fraud,"Reported incident of fraud at Near Devi Circle, Hubballi-Dharwad.",under_investigation,Hubballi-Dharwad,Hubballi-Dharwad Town PS,"Near Devi Circle, Hubballi-Dharwad",15.3143,75.1911,Insp. Ubika Dani,2024,8,16
KAR/BEN/2024/1275,2024-10-06,06:27:00,vehicle_theft,"Reported incident of vehicle theft at Near Mital Street, Bengaluru Urban. Suspect vehicle noticed with plate KA-18-B-1138.",open,Bengaluru Urban,Bengaluru Urban Central PS,"Near Mital Street, Bengaluru Urban",13.0195,77.6066,Insp. David Andra,2024,10,6
KAR/SHI/2024/1276,2024-06-10,15:56:00,assault,"Reported incident of assault at Near Bajaj Circle, Shivamogga.",chargesheeted,Shivamogga,Shivamogga Suburban PS,"Near Bajaj Circle, Shivamogga",13.9481,75.6653,Insp. Yashoda Natt,2024,6,15
KAR/BEN/2024/1277,2025-03-25,17:49:00,chain_snatching,"Reported incident of chain snatching at Near Dewan, Bengaluru Urban. Suspect vehicle noticed with plate KA-18-KB-3452.",open,Bengaluru Urban,Bengaluru Urban West PS,"Near Dewan, Bengaluru Urban",12.9197,77.5671,Insp. Abhiram Sani,2025,3,17
KAR/VIJ/2024/1278,2024-06-19,15:59:00,drug_offence,"Reported incident of drug offence at Near Kanda Nagar, Vijayapura.",under_investigation,Vijayapura,Vijayapura Suburban PS,"Near Kanda Nagar, Vijayapura",16.7734,75.6875,Insp. Lila Misra,2024,6,15
KAR/BEN/2024/1279,2024-02-10,12:55:00,vehicle_theft,"Reported incident of vehicle theft at Near Shankar Street, Bengaluru Urban. Suspect vehicle noticed with plate KA-29-M-3870.",open,Bengaluru Urban,Bengaluru Urban West PS,"Near Shankar Street, Bengaluru Urban",12.8668,77.5792,Insp. Prisha Oak,2024,2,12
KAR/BEN/2024/1280,2024-10-24,09:37:00,burglary,"Reported incident of burglary at Near Lala Ganj, Bengaluru Urban.",open,Bengaluru Urban,Bengaluru Urban Central PS,"Near Lala Ganj, Bengaluru Urban",12.979,77.6434,Insp. Ikshita Shere,2024,10,9
KAR/VIJ/2024/1281,2025-04-14,18:41:00,hit_and_run,"Reported incident of hit and run at Near Ramesh Marg, Vijayapura.",under_investigation,Vijayapura,Vijayapura Suburban PS,"Near Ramesh Marg, Vijayapura",16.8119,75.6658,Insp. Divya Sibal,2025,4,18
KAR/BEN/2024/1282,2025-05-25,16:43:00,property_crime,"Reported incident of property crime at Near Warrior Chowk, Bengaluru Urban.",under_investigation,Bengaluru Urban,Bengaluru Urban Traffic PS,"Near Warrior Chowk, Bengaluru Urban",12.9702,77.5928,Insp. Jack Pandya,2025,5,16
KAR/BEL/2024/1283,2024-12-18,15:53:00,cybercrime,"Reported incident of cybercrime at Near Rastogi Marg, Belagavi.",chargesheeted,Belagavi,Belagavi Traffic PS,"Near Rastogi Marg, Belagavi",15.748,74.4694,Insp. Yashawini Loke,2024,12,15
KAR/BEL/2024/1284,2024-04-27,04:58:00,drug_offence,"Reported incident of drug offence at Near Parmer Circle, Belagavi.",open,Belagavi,Belagavi Rural PS,"Near Parmer Circle, Belagavi",15.8019,74.5333,Insp. Bachittar Chandra,2024,4,4
KAR/BEN/2024/1285,2024-04-06,03:57:00,robbery,"Reported incident of robbery at Near Raman Nagar, Bengaluru Urban. Suspect vehicle noticed with plate KA-39-B-5287.",under_investigation,Bengaluru Urban,Bengaluru Urban Central PS,"Near Raman Nagar, Bengaluru Urban",12.9959,77.6161,Insp. Harita Rao,2024,4,3
KAR/BEN/2024/1286,2025-01-19,01:59:00,cybercrime,"Reported incident of cybercrime at Near Sandal Nagar, Bengaluru Urban.",chargesheeted,Bengaluru Urban,Bengaluru Urban South PS,"Near Sandal Nagar, Bengaluru Urban",13.0263,77.5664,Insp. Sudiksha Sule,2025,1,1
KAR/BEL/2024/1287,2024-12-03,04:07:00,robbery,"Reported incident of robbery at Near Lalla Ganj, Belagavi. Suspect vehicle noticed with plate KA-23-A-9173.",open,Belagavi,Belagavi Market PS,"Near Lalla Ganj, Belagavi",15.8788,74.4319,Insp. Xiti Oza,2024,12,4
KAR/MYS/2024/1288,2025-03-22,09:06:00,burglary,"Reported incident of burglary at Near Banik Marg, Mysuru.",open,Mysuru,Mysuru Central PS,"Near Banik Marg, Mysuru",12.2816,76.6213,Insp. Hardik Bains,2025,3,9
KAR/BAL/2024/1289,2024-11-16,06:56:00,chain_snatching,"Reported incident of chain snatching at Near Tripathi Circle, Ballari. Suspect vehicle noticed with plate KA-38-B-2250.",under_investigation,Ballari,Ballari Industrial PS,"Near Tripathi Circle, Ballari",15.0712,76.93,Insp. Edhitha Vala,2024,11,6
KAR/HAS/2024/1290,2025-02-07,13:58:00,robbery,"Reported incident of robbery at Near Nagarajan Marg, Hassan. Suspect vehicle noticed with plate KA-30-A-7115.",under_investigation,Hassan,Hassan Industrial PS,"Near Nagarajan Marg, Hassan",13.0042,76.1358,Insp. Naveen Chatterjee,2025,2,13
KAR/BEN/2024/1291,2024-12-16,16:43:00,chain_snatching,"Reported incident of chain snatching at Near Kar Zila, Bengaluru Rural. Suspect vehicle noticed with plate KA-38-KA-8064.",open,Bengaluru Rural,Bengaluru Rural East PS,"Near Kar Zila, Bengaluru Rural",13.2835,77.5225,Insp. Mugdha Kibe,2024,12,16
KAR/BEL/2024/1292,2024-11-02,12:06:00,robbery,"Reported incident of robbery at Near Maharaj Nagar, Belagavi. Suspect vehicle noticed with plate KA-14-A-2876.",under_investigation,Belagavi,Belagavi Rural PS,"Near Maharaj Nagar, Belagavi",15.8435,74.5107,Insp. Alka Sekhon,2024,11,12
KAR/BEL/2024/1293,2025-01-06,19:05:00,assault,"Reported incident of assault at Near Kashyap Path, Belagavi.",under_investigation,Belagavi,Belagavi Market PS,"Near Kashyap Path, Belagavi",15.8559,74.4559,Insp. Oscar Sura,2025,1,19
KAR/BEN/2024/1294,2024-06-17,02:09:00,drug_offence,"Reported incident of drug offence at Near Prabhu Ganj, Bengaluru Urban.",chargesheeted,Bengaluru Urban,Bengaluru Urban East PS,"Near Prabhu Ganj, Bengaluru Urban",13.0356,77.5724,Insp. Yashawini Bhargava,2024,6,2
KAR/BEL/2024/1295,2025-01-04,10:18:00,assault,"Reported incident of assault at Near Bajaj Circle, Belagavi.",open,Belagavi,Belagavi Town PS,"Near Bajaj Circle, Belagavi",15.8526,74.5285,Insp. Yashodhara Ramakrishnan,2025,1,10
KAR/BEN/2024/1296,2024-11-18,18:54:00,chain_snatching,"Reported incident of chain snatching at Near Panchal Marg, Bengaluru Urban. Suspect vehicle noticed with plate KA-18-M-4886.",open,Bengaluru Urban,Bengaluru Urban Central PS,"Near Panchal Marg, Bengaluru Urban",13.0071,77.6355,Insp. Jairaj Keer,2024,11,18
KAR/KAL/2024/1297,2024-11-19,21:09:00,hit_and_run,"Reported incident of hit and run at Near Savant Marg, Kalaburagi.",open,Kalaburagi,Kalaburagi Rural PS,"Near Savant Marg, Kalaburagi",17.2357,76.835,Insp. Isaac Dutta,2024,11,21
KAR/VIJ/2024/1298,2024-08-04,03:42:00,robbery,"Reported incident of robbery at Near Krishnan Road, Vijayapura. Suspect vehicle noticed with plate KA-17-N-9813.",chargesheeted,Vijayapura,Vijayapura Rural PS,"Near Krishnan Road, Vijayapura",16.7813,75.651,Insp. Chanchal Sanghvi,2024,8,3
KAR/KOP/2024/1299,2024-03-25,23:53:00,chain_snatching,"Reported incident of chain snatching at Near Kamdar Path, Koppal. Suspect vehicle noticed with plate KA-23-A-4331.",under_investigation,Koppal,Koppal Industrial PS,"Near Kamdar Path, Koppal",15.3103,76.1569,Insp. Ekani Das,2024,3,23
KAR/BEL/2024/1300,2024-11-08,09:07:00,fraud,"Reported incident of fraud at Near Barad, Belagavi.",chargesheeted,Belagavi,Belagavi Rural PS,"Near Barad, Belagavi",15.8374,74.5066,Insp. Hamsini Aurora,2024,11,9
KAR/BEN/2024/1301,2024-06-20,05:57:00,burglary,"Reported incident of burglary at Near Oak Ganj, Bengaluru Urban.",chargesheeted,Bengaluru Urban,Bengaluru Urban North PS,"Near Oak Ganj, Bengaluru Urban",12.9904,77.5742,Insp. Upadhriti Srinivas,2024,6,5
KAR/BEN/2024/1302,2025-04-17,09:56:00,vehicle_theft,"Reported incident of vehicle theft at Near Ben Nagar, Bengaluru Urban. Suspect vehicle noticed with plate KA-44-B-4485.",chargesheeted,Bengaluru Urban,Bengaluru Urban Traffic PS,"Near Ben Nagar, Bengaluru Urban",12.9995,77.5576,Insp. Anjali Kala,2025,4,9
KAR/KAL/2024/1303,2024-01-09,07:06:00,vehicle_theft,"Reported incident of vehicle theft at Near Swaminathan Path, Kalaburagi. Suspect vehicle noticed with plate KA-24-B-2931.",under_investigation,Kalaburagi,Kalaburagi Rural PS,"Near Swaminathan Path, Kalaburagi",17.2918,76.8401,Insp. Vinaya Shan,2024,1,7
KAR/BEN/2024/1304,2024-12-24,16:11:00,chain_snatching,"Reported incident of chain snatching at Near Shetty Chowk, Bengaluru Urban. Suspect vehicle noticed with plate KA-16-A-1716.",closed,Bengaluru Urban,Bengaluru Urban West PS,"Near Shetty Chowk, Bengaluru Urban",12.9234,77.5476,Insp. Lajita Loke,2024,12,16
KAR/KOP/2024/1305,2024-10-21,05:27:00,vehicle_theft,"Reported incident of vehicle theft at Near Basak Chowk, Koppal. Suspect vehicle noticed with plate KA-41-A-7506.",open,Koppal,Koppal Suburban PS,"Near Basak Chowk, Koppal",15.3217,76.1203,Insp. Kai Kothari,2024,10,5
KAR/SHI/2024/1306,2024-10-01,17:57:00,vehicle_theft,"Reported incident of vehicle theft at Near Varty, Shivamogga. Suspect vehicle noticed with plate KA-04-B-1080.",open,Shivamogga,Shivamogga Industrial PS,"Near Varty, Shivamogga",13.8503,75.5251,Insp. Unnati Wali,2024,10,17
KAR/BEN/2024/1307,2025-05-17,12:09:00,chain_snatching,"Reported incident of chain snatching at Near Murty Circle, Bengaluru Urban. Suspect vehicle noticed with plate KA-14-KB-3783.",open,Bengaluru Urban,Bengaluru Urban Central PS,"Near Murty Circle, Bengaluru Urban",12.9647,77.6487,Insp. Karan Bhatia,2025,5,12
KAR/KOL/2024/1308,2024-02-28,12:30:00,fraud,"Reported incident of fraud at Near Pandit Street, Kolar.",open,Kolar,Kolar Industrial PS,"Near Pandit Street, Kolar",13.1935,78.0731,Insp. Samaksh Jayaraman,2024,2,12
KAR/RAI/2024/1309,2024-04-12,20:46:00,vehicle_theft,"Reported incident of vehicle theft at Near Nazareth Zila, Raichur. Suspect vehicle noticed with plate KA-45-M-6158.",open,Raichur,Raichur Rural PS,"Near Nazareth Zila, Raichur",16.2068,77.3639,Insp. Sachi Mall,2024,4,20
KAR/BEN/2024/1310,2024-01-19,11:43:00,burglary,"Reported incident of burglary at Near Sengupta Path, Bengaluru Rural.",under_investigation,Bengaluru Rural,Bengaluru Rural East PS,"Near Sengupta Path, Bengaluru Rural",13.2506,77.532,Insp. Thomas Muni,2024,1,11
KAR/BEN/2024/1311,2024-06-15,08:53:00,eve_teasing,"Reported incident of eve teasing at Near Basu Nagar, Bengaluru Rural.",under_investigation,Bengaluru Rural,Bengaluru Rural East PS,"Near Basu Nagar, Bengaluru Rural",13.254,77.5518,Insp. Saksham Patil,2024,6,8
KAR/BEN/2024/1312,2024-10-13,17:18:00,vehicle_theft,"Reported incident of vehicle theft at Near Sankaran Zila, Bengaluru Urban. Suspect vehicle noticed with plate KA-29-M-6133.",chargesheeted,Bengaluru Urban,Bengaluru Urban West PS,"Near Sankaran Zila, Bengaluru Urban",12.9206,77.5606,Insp. Tanveer Sundaram,2024,10,17
KAR/BEN/2024/1313,2024-04-28,06:40:00,robbery,"Reported incident of robbery at Near Kala Nagar, Bengaluru Urban. Suspect vehicle noticed with plate KA-24-N-8113.",under_investigation,Bengaluru Urban,Bengaluru Urban East PS,"Near Kala Nagar, Bengaluru Urban",13.0138,77.5183,Insp. George Dewan,2024,4,6
KAR/MAN/2024/1314,2024-11-13,02:03:00,hit_and_run,"Reported incident of hit and run at Near Natt Nagar, Mangaluru (Dakshina Kannada).",chargesheeted,Mangaluru (Dakshina Kannada),Mangaluru (Dakshina Kannada) Traffic PS,"Near Natt Nagar, Mangaluru (Dakshina Kannada)",12.877,74.8789,Insp. Urvashi Mutti,2024,11,2
KAR/RAI/2024/1315,2025-03-11,23:02:00,cybercrime,"Reported incident of cybercrime at Near Bhakta Circle, Raichur.",closed,Raichur,Raichur Suburban PS,"Near Bhakta Circle, Raichur",16.2167,77.3753,Insp. Tanay Randhawa,2025,3,23
KAR/CHI/2024/1316,2024-12-21,16:08:00,chain_snatching,"Reported incident of chain snatching at Near Purohit Street, Chikkamagaluru. Suspect vehicle noticed with plate KA-25-KA-1383.",open,Chikkamagaluru,Chikkamagaluru Market PS,"Near Purohit Street, Chikkamagaluru",13.2809,75.733,Insp. Urvashi Balay,2024,12,16
KAR/BEN/2024/1317,2024-08-07,02:04:00,chain_snatching,"Reported incident of chain snatching at Near Kari, Bengaluru Urban. Suspect vehicle noticed with plate KA-21-KA-5340.",under_investigation,Bengaluru Urban,Bengaluru Urban North PS,"Near Kari, Bengaluru Urban",13.005,77.5585,Insp. Kamala Mann,2024,8,2
KAR/VIJ/2024/1318,2024-12-01,21:46:00,fraud,"Reported incident of fraud at Near Mane Circle, Vijayapura.",open,Vijayapura,Vijayapura Suburban PS,"Near Mane Circle, Vijayapura",16.7809,75.6983,Insp. Shaurya Thakur,2024,12,21
KAR/DAV/2024/1319,2025-02-23,20:04:00,assault,"Reported incident of assault at Near Dubey Chowk, Davangere.",open,Davangere,Davangere Traffic PS,"Near Dubey Chowk, Davangere",14.5283,75.9337,Insp. Anthony Dara,2025,2,20
KAR/VIJ/2024/1320,2024-10-09,15:40:00,vehicle_theft,"Reported incident of vehicle theft at Near Parekh Chowk, Vijayapura. Suspect vehicle noticed with plate KA-26-KA-2385.",chargesheeted,Vijayapura,Vijayapura Suburban PS,"Near Parekh Chowk, Vijayapura",16.8243,75.7031,Insp. Lila Nadig,2024,10,15
KAR/BID/2024/1321,2024-11-06,11:24:00,vehicle_theft,"Reported incident of vehicle theft at Near Randhawa Marg, Bidar. Suspect vehicle noticed with plate KA-26-B-4775.",open,Bidar,Bidar Traffic PS,"Near Randhawa Marg, Bidar",18.0103,77.4584,Insp. Karan Deol,2024,11,11
KAR/SHI/2024/1322,2024-01-06,15:27:00,chain_snatching,"Reported incident of chain snatching at Near Nagi Circle, Shivamogga. Suspect vehicle noticed with plate KA-27-KB-5469.",chargesheeted,Shivamogga,Shivamogga Market PS,"Near Nagi Circle, Shivamogga",13.974,75.6079,Insp. Ishani Dhillon,2024,1,15
KAR/BEN/2024/1323,2025-04-15,13:32:00,assault,"Reported incident of assault at Near Narula Circle, Bengaluru Urban.",chargesheeted,Bengaluru Urban,Bengaluru Urban South PS,"Near Narula Circle, Bengaluru Urban",13.0307,77.5806,Insp. Meghana Sarin,2025,4,13
KAR/BEN/2024/1324,2024-11-21,07:01:00,burglary,"Reported incident of burglary at Near Raj Ganj, Bengaluru Urban.",open,Bengaluru Urban,Bengaluru Urban East PS,"Near Raj Ganj, Bengaluru Urban",13.028,77.5394,Insp. Damyanti Ranganathan,2024,11,7
KAR/BEL/2024/1325,2024-04-29,05:40:00,vehicle_theft,"Reported incident of vehicle theft at Near Parekh Chowk, Belagavi. Suspect vehicle noticed with plate KA-36-A-3205.",under_investigation,Belagavi,Belagavi Industrial PS,"Near Parekh Chowk, Belagavi",15.7847,74.5362,Insp. Lucky Sodhi,2024,4,5
KAR/BEN/2024/1326,2025-03-30,17:48:00,drug_offence,"Reported incident of drug offence at Near Bhakta Path, Bengaluru Urban.",open,Bengaluru Urban,Bengaluru Urban East PS,"Near Bhakta Path, Bengaluru Urban",13.0171,77.5242,Insp. Aishani Lala,2025,3,17
KAR/BEN/2024/1327,2025-03-22,18:41:00,drug_offence,"Reported incident of drug offence at Near Atwal Zila, Bengaluru Rural.",open,Bengaluru Rural,Bengaluru Rural West PS,"Near Atwal Zila, Bengaluru Rural",13.2985,77.6382,Insp. Tanvi Chand,2025,3,18
KAR/TUM/2024/1328,2024-10-09,11:19:00,vehicle_theft,"Reported incident of vehicle theft at Near Dalal Path, Tumakuru. Suspect vehicle noticed with plate KA-34-P-1826.",under_investigation,Tumakuru,Tumakuru Traffic PS,"Near Dalal Path, Tumakuru",13.2781,77.1017,Insp. Jonathan Chandra,2024,10,11
KAR/BID/2024/1329,2024-11-15,06:43:00,vehicle_theft,"Reported incident of vehicle theft at Near Narayanan, Bidar. Suspect vehicle noticed with plate KA-21-KA-5864.",closed,Bidar,Bidar Traffic PS,"Near Narayanan, Bidar",17.9954,77.4844,Insp. Daksh Sen,2024,11,6
KAR/KAL/2024/1330,2024-03-17,12:13:00,fraud,"Reported incident of fraud at Near Vaidya Chowk, Kalaburagi.",chargesheeted,Kalaburagi,Kalaburagi Market PS,"Near Vaidya Chowk, Kalaburagi",17.3457,76.786,Insp. Ekansh Sachdeva,2024,3,12
KAR/BEL/2024/1331,2024-03-03,17:17:00,assault,"Reported incident of assault at Near Johal Zila, Belagavi.",open,Belagavi,Belagavi Town PS,"Near Johal Zila, Belagavi",15.811,74.5317,Insp. Geetika Nagar,2024,3,17
KAR/BEN/2024/1332,2025-03-14,07:27:00,assault,"Reported incident of assault at Near Viswanathan Street, Bengaluru Urban.",open,Bengaluru Urban,Bengaluru Urban South PS,"Near Viswanathan Street, Bengaluru Urban",12.9825,77.5448,Insp. Irya Date,2025,3,7
KAR/MYS/2024/1333,2024-11-26,14:25:00,fraud,"Reported incident of fraud at Near Kata Street, Mysuru.",under_investigation,Mysuru,Mysuru West PS,"Near Kata Street, Mysuru",12.3216,76.5997,Insp. Amrita Subramanian,2024,11,14
KAR/SHI/2024/1334,2024-11-13,19:13:00,chain_snatching,"Reported incident of chain snatching at Near Modi Street, Shivamogga. Suspect vehicle noticed with plate KA-55-KA-2051.",chargesheeted,Shivamogga,Shivamogga Town PS,"Near Modi Street, Shivamogga",13.9341,75.5328,Insp. Prisha Chakrabarti,2024,11,19
KAR/BEN/2024/1335,2024-05-23,09:12:00,hit_and_run,"Reported incident of hit and run at Near Chaudhary Nagar, Bengaluru Urban.",open,Bengaluru Urban,Bengaluru Urban Traffic PS,"Near Chaudhary Nagar, Bengaluru Urban",12.9748,77.5503,Insp. Tejas Lall,2024,5,9
KAR/MAN/2024/1336,2024-09-03,15:41:00,robbery,"Reported incident of robbery at Near Varma Marg, Mangaluru (Dakshina Kannada). Suspect vehicle noticed with plate KA-14-P-1446.",open,Mangaluru (Dakshina Kannada),Mangaluru (Dakshina Kannada) Industrial PS,"Near Varma Marg, Mangaluru (Dakshina Kannada)",12.9283,74.8362,Insp. Arya Chowdhury,2024,9,15
KAR/BEN/2024/1337,2025-02-10,18:36:00,fraud,"Reported incident of fraud at Near Atwal Circle, Bengaluru Urban.",under_investigation,Bengaluru Urban,Bengaluru Urban South PS,"Near Atwal Circle, Bengaluru Urban",12.991,77.5875,Insp. Aarna Zacharia,2025,2,18
KAR/RAI/2024/1338,2025-01-22,15:19:00,chain_snatching,"Reported incident of chain snatching at Near Chadha Path, Raichur. Suspect vehicle noticed with plate KA-07-P-5549.",open,Raichur,Raichur Traffic PS,"Near Chadha Path, Raichur",16.2546,77.3638,Insp. Jalsa Walla,2025,1,15
KAR/BEN/2024/1339,2024-01-06,00:47:00,drug_offence,"Reported incident of drug offence at Near Mander Nagar, Bengaluru Urban.",under_investigation,Bengaluru Urban,Bengaluru Urban West PS,"Near Mander Nagar, Bengaluru Urban",12.9228,77.5809,Insp. Harinakshi Balakrishnan,2024,1,0
KAR/BEN/2024/1340,2024-10-25,00:30:00,chain_snatching,"Reported incident of chain snatching at Near Cheema Street, Bengaluru Urban. Suspect vehicle noticed with plate KA-13-M-7911.",under_investigation,Bengaluru Urban,Bengaluru Urban Central PS,"Near Cheema Street, Bengaluru Urban",13.0001,77.6493,Insp. Onveer Subramanian,2024,10,0
KAR/HAS/2024/1341,2024-11-23,05:25:00,chain_snatching,"Reported incident of chain snatching at Near Vaidya, Hassan. Suspect vehicle noticed with plate KA-27-P-1259.",under_investigation,Hassan,Hassan Market PS,"Near Vaidya, Hassan",13.098,76.1728,Insp. Odika Kapoor,2024,11,5
KAR/UDU/2024/1342,2025-02-28,15:00:00,cybercrime,"Reported incident of cybercrime at Near Bal Street, Udupi.",open,Udupi,Udupi Suburban PS,"Near Bal Street, Udupi",13.2901,74.7663,Insp. Orinder Bala,2025,2,15
KAR/SHI/2024/1343,2024-12-25,10:54:00,vehicle_theft,"Reported incident of vehicle theft at Near Vohra Marg, Shivamogga. Suspect vehicle noticed with plate KA-47-M-2808.",open,Shivamogga,Shivamogga Industrial PS,"Near Vohra Marg, Shivamogga",13.8719,75.5058,Insp. Jonathan Chokshi,2024,12,10
KAR/KOL/2024/1344,2024-12-22,14:16:00,assault,"Reported incident of assault at Near Narang Road, Kolar.",closed,Kolar,Kolar Industrial PS,"Near Narang Road, Kolar",13.212,78.0398,Insp. Chavvi Bhattacharyya,2024,12,14
KAR/BEN/2024/1345,2024-04-03,19:59:00,fraud,"Reported incident of fraud at Near Chaudhry, Bengaluru Urban.",chargesheeted,Bengaluru Urban,Bengaluru Urban South PS,"Near Chaudhry, Bengaluru Urban",13.0343,77.5421,Insp. William Tara,2024,4,19
KAR/MAN/2024/1346,2024-11-09,22:46:00,drug_offence,"Reported incident of drug offence at Near Sandal Road, Mangaluru (Dakshina Kannada).",under_investigation,Mangaluru (Dakshina Kannada),Mangaluru (Dakshina Kannada) Traffic PS,"Near Sandal Road, Mangaluru (Dakshina Kannada)",12.859,74.8554,Insp. Jacob Sengupta,2024,11,22
KAR/BEN/2024/1347,2024-07-14,15:32:00,cybercrime,"Reported incident of cybercrime at Near Mistry Path, Bengaluru Urban.",open,Bengaluru Urban,Bengaluru Urban North PS,"Near Mistry Path, Bengaluru Urban",13.0069,77.5962,Insp. Chanchal Chahal,2024,7,15
KAR/BEN/2024/1348,2024-10-04,10:23:00,kidnapping,"Reported incident of kidnapping at Near Kari Path, Bengaluru Urban.",chargesheeted,Bengaluru Urban,Bengaluru Urban East PS,"Near Kari Path, Bengaluru Urban",13.016,77.5476,Insp. Aditya Shan,2024,10,10
KAR/BEN/2024/1349,2024-09-28,06:57:00,hit_and_run,"Reported incident of hit and run at Near Saxena Street, Bengaluru Urban.",open,Bengaluru Urban,Bengaluru Urban North PS,"Near Saxena Street, Bengaluru Urban",12.9972,77.5799,Insp. Ayaan Pant,2024,9,6
KAR/BID/2024/1350,2025-04-11,16:50:00,assault,"Reported incident of assault at Near Lal Ganj, Bidar.",open,Bidar,Bidar Suburban PS,"Near Lal Ganj, Bidar",17.891,77.4818,Insp. Manan Modi,2025,4,16
KAR/UDU/2024/1351,2024-05-13,21:10:00,eve_teasing,"Reported incident of eve teasing at Near Ramesh Path, Udupi.",under_investigation,Udupi,Udupi Rural PS,"Near Ramesh Path, Udupi",13.3825,74.6694,Insp. Jatin Patla,2024,5,21
KAR/BEN/2024/1352,2025-03-02,11:09:00,fraud,"Reported incident of fraud at Near Sachdev Road, Bengaluru Urban.",open,Bengaluru Urban,Bengaluru Urban Traffic PS,"Near Sachdev Road, Bengaluru Urban",13.007,77.5891,Insp. Isaiah Radhakrishnan,2025,3,11
KAR/CHI/2024/1353,2024-12-21,22:46:00,burglary,"Reported incident of burglary at Near Sachdev Path, Chikkamagaluru.",under_investigation,Chikkamagaluru,Chikkamagaluru Rural PS,"Near Sachdev Path, Chikkamagaluru",13.2528,75.776,Insp. Upasna Sangha,2024,12,22
KAR/KOP/2024/1354,2024-03-11,11:55:00,vehicle_theft,"Reported incident of vehicle theft at Near Ratti, Koppal. Suspect vehicle noticed with plate KA-45-KB-2565.",chargesheeted,Koppal,Koppal Traffic PS,"Near Ratti, Koppal",15.3622,76.1976,Insp. Tejas Behl,2024,3,11
KAR/VIJ/2024/1355,2024-11-26,20:23:00,fraud,"Reported incident of fraud at Near Agrawal Circle, Vijayapura.",open,Vijayapura,Vijayapura Town PS,"Near Agrawal Circle, Vijayapura",16.7775,75.7636,Insp. Omya Soni,2024,11,20
KAR/MYS/2024/1356,2024-12-05,15:26:00,robbery,"Reported incident of robbery at Near Sharma Nagar, Mysuru. Suspect vehicle noticed with plate KA-29-KA-1190.",open,Mysuru,Mysuru North PS,"Near Sharma Nagar, Mysuru",12.3558,76.7103,Insp. Aayush Ganesan,2024,12,15
KAR/HUB/2024/1357,2024-03-12,08:14:00,assault,"Reported incident of assault at Near Shetty Marg, Hubballi-Dharwad.",open,Hubballi-Dharwad,Hubballi-Dharwad Suburban PS,"Near Shetty Marg, Hubballi-Dharwad",15.3096,75.1221,Insp. Joshua Dass,2024,3,8
KAR/BEN/2024/1358,2024-07-09,15:10:00,burglary,"Reported incident of burglary at Near Pau Street, Bengaluru Urban.",open,Bengaluru Urban,Bengaluru Urban North PS,"Near Pau Street, Bengaluru Urban",12.9892,77.5945,Insp. Vritti Nadig,2024,7,15
KAR/KAL/2024/1359,2024-11-12,05:45:00,cybercrime,"Reported incident of cybercrime at Near Subramaniam Chowk, Kalaburagi.",chargesheeted,Kalaburagi,Kalaburagi Town PS,"Near Subramaniam Chowk, Kalaburagi",17.3729,76.8051,Insp. Ubika Sarraf,2024,11,5
KAR/VIJ/2024/1360,2024-12-07,10:26:00,vehicle_theft,"Reported incident of vehicle theft at Near Minhas Ganj, Vijayapura. Suspect vehicle noticed with plate KA-31-P-9712.",open,Vijayapura,Vijayapura Market PS,"Near Minhas Ganj, Vijayapura",16.8811,75.6681,Insp. Qadim Nori,2024,12,10
KAR/BEN/2024/1361,2024-04-11,05:28:00,robbery,"Reported incident of robbery at Near Date Nagar, Bengaluru Urban. Suspect vehicle noticed with plate KA-53-KA-5112.",under_investigation,Bengaluru Urban,Bengaluru Urban Traffic PS,"Near Date Nagar, Bengaluru Urban",13.0058,77.5895,Insp. Ria Badal,2024,4,5
KAR/BEN/2024/1362,2024-08-16,03:47:00,assault,"Reported incident of assault at Near Majumdar Chowk, Bengaluru Urban.",open,Bengaluru Urban,Bengaluru Urban Traffic PS,"Near Majumdar Chowk, Bengaluru Urban",12.9781,77.5652,Insp. Vamakshi Bal,2024,8,3
KAR/BAL/2024/1363,2024-07-29,13:02:00,hit_and_run,"Reported incident of hit and run at Near Raja Chowk, Ballari.",under_investigation,Ballari,Ballari Traffic PS,"Near Raja Chowk, Ballari",15.0906,76.9481,Insp. Zashil Borra,2024,7,13
KAR/BAL/2024/1364,2024-03-14,21:16:00,fraud,"Reported incident of fraud at Near Cherian Street, Ballari.",under_investigation,Ballari,Ballari Traffic PS,"Near Cherian Street, Ballari",15.1155,76.9416,Insp. Fiyaz Wason,2024,3,21
KAR/BEN/2024/1365,2024-04-21,21:31:00,vehicle_theft,"Reported incident of vehicle theft at Near Iyer Circle, Bengaluru Urban. Suspect vehicle noticed with plate KA-39-B-9771.",open,Bengaluru Urban,Bengaluru Urban East PS,"Near Iyer Circle, Bengaluru Urban",12.9793,77.5687,Insp. Lohit Bera,2024,4,21
KAR/BEN/2024/1366,2025-03-12,18:53:00,assault,"Reported incident of assault at Near Singh Road, Bengaluru Urban.",under_investigation,Bengaluru Urban,Bengaluru Urban Traffic PS,"Near Singh Road, Bengaluru Urban",13.0132,77.578,Insp. Anika Viswanathan,2025,3,18
KAR/HAS/2024/1367,2024-12-21,02:38:00,burglary,"Reported incident of burglary at Near Narula Path, Hassan.",under_investigation,Hassan,Hassan Town PS,"Near Narula Path, Hassan",13.0331,75.999,Insp. Dev Khurana,2024,12,2
KAR/MAN/2024/1368,2024-11-21,06:57:00,vehicle_theft,"Reported incident of vehicle theft at Near Khosla Zila, Mangaluru (Dakshina Kannada). Suspect vehicle noticed with plate KA-42-KA-2912.",open,Mangaluru (Dakshina Kannada),Mangaluru (Dakshina Kannada) Market PS,"Near Khosla Zila, Mangaluru (Dakshina Kannada)",12.8762,74.8652,Insp. Umang Sidhu,2024,11,6
KAR/HAS/2024/1369,2024-04-18,05:45:00,burglary,"Reported incident of burglary at Near Krishnamurthy Path, Hassan.",under_investigation,Hassan,Hassan Industrial PS,"Near Krishnamurthy Path, Hassan",13.0018,76.1082,Insp. Sanya Devan,2024,4,5
KAR/KAL/2024/1370,2024-07-16,04:10:00,robbery,"Reported incident of robbery at Near Kunda Ganj, Kalaburagi. Suspect vehicle noticed with plate KA-39-P-7886.",under_investigation,Kalaburagi,Kalaburagi Town PS,"Near Kunda Ganj, Kalaburagi",17.3619,76.7589,Insp. Tamanna Borah,2024,7,4
KAR/BEN/2024/1371,2025-05-06,08:56:00,vehicle_theft,"Reported incident of vehicle theft at Near Naidu Chowk, Bengaluru Urban. Suspect vehicle noticed with plate KA-21-KA-9370.",open,Bengaluru Urban,Bengaluru Urban East PS,"Near Naidu Chowk, Bengaluru Urban",12.9936,77.5196,Insp. Dayamai Gade,2025,5,8
KAR/BEN/2024/1372,2024-11-27,13:46:00,chain_snatching,"Reported incident of chain snatching at Near Arora Street, Bengaluru Urban. Suspect vehicle noticed with plate KA-06-A-7944.",chargesheeted,Bengaluru Urban,Bengaluru Urban Central PS,"Near Arora Street, Bengaluru Urban",12.9951,77.6544,Insp. Oni Kadakia,2024,11,13
KAR/HAS/2024/1373,2024-02-12,07:39:00,fraud,"Reported incident of fraud at Near Rau Zila, Hassan.",open,Hassan,Hassan Market PS,"Near Rau Zila, Hassan",13.1066,76.1856,Insp. Teerth Ranganathan,2024,2,7
KAR/BEN/2024/1374,2024-04-30,04:46:00,vehicle_theft,"Reported incident of vehicle theft at Near Sachdev Ganj, Bengaluru Urban. Suspect vehicle noticed with plate KA-46-KA-2579.",under_investigation,Bengaluru Urban,Bengaluru Urban Traffic PS,"Near Sachdev Ganj, Bengaluru Urban",13.0048,77.5593,Insp. Devika Edwin,2024,4,4
KAR/BEN/2024/1375,2024-11-21,00:56:00,vehicle_theft,"Reported incident of vehicle theft at Near Naik Road, Bengaluru Urban. Suspect vehicle noticed with plate KA-11-M-7347.",open,Bengaluru Urban,Bengaluru Urban Traffic PS,"Near Naik Road, Bengaluru Urban",12.9685,77.5689,Insp. Zilmil Mandal,2024,11,0
KAR/BEN/2024/1376,2024-08-18,00:55:00,chain_snatching,"Reported incident of chain snatching at Near Subramanian Street, Bengaluru Urban. Suspect vehicle noticed with plate KA-04-P-3750.",under_investigation,Bengaluru Urban,Bengaluru Urban North PS,"Near Subramanian Street, Bengaluru Urban",13.0059,77.6089,Insp. Ojas Thakkar,2024,8,0
KAR/BEN/2024/1377,2024-11-21,09:17:00,cybercrime,"Reported incident of cybercrime at Near Bora Path, Bengaluru Urban.",open,Bengaluru Urban,Bengaluru Urban Traffic PS,"Near Bora Path, Bengaluru Urban",12.9918,77.5917,Insp. Bhavika Sodhi,2024,11,9
KAR/BEN/2024/1378,2024-08-06,22:46:00,hit_and_run,"Reported incident of hit and run at Near Lad, Bengaluru Urban.",chargesheeted,Bengaluru Urban,Bengaluru Urban West PS,"Near Lad, Bengaluru Urban",12.9034,77.5564,Insp. Robert Shankar,2024,8,22
KAR/BEN/2024/1379,2024-07-11,23:14:00,kidnapping,"Reported incident of kidnapping at Near Chaudhuri Zila, Bengaluru Urban.",open,Bengaluru Urban,Bengaluru Urban North PS,"Near Chaudhuri Zila, Bengaluru Urban",13.0005,77.6125,Insp. Hemani Balakrishnan,2024,7,23
KAR/CHI/2024/1380,2025-05-23,13:05:00,cybercrime,"Reported incident of cybercrime at Near Agarwal Marg, Chikkamagaluru.",open,Chikkamagaluru,Chikkamagaluru Town PS,"Near Agarwal Marg, Chikkamagaluru",13.2469,75.7446,Insp. Chakrika Sharaf,2025,5,13
KAR/BID/2024/1381,2024-11-16,20:10:00,chain_snatching,"Reported incident of chain snatching at Near Biswas Chowk, Bidar. Suspect vehicle noticed with plate KA-47-N-3401.",open,Bidar,Bidar Rural PS,"Near Biswas Chowk, Bidar",17.9823,77.4746,Insp. Nikita Chakraborty,2024,11,20
KAR/BEN/2024/1382,2024-11-16,00:26:00,vehicle_theft,"Reported incident of vehicle theft at Near Acharya Road, Bengaluru Urban. Suspect vehicle noticed with plate KA-01-KA-2431.",open,Bengaluru Urban,Bengaluru Urban Traffic PS,"Near Acharya Road, Bengaluru Urban",12.9856,77.5971,Insp. Advaith Hayre,2024,11,0
KAR/RAI/2024/1383,2024-08-16,18:37:00,burglary,"Reported incident of burglary at Near Edwin Marg, Raichur.",open,Raichur,Raichur Industrial PS,"Near Edwin Marg, Raichur",16.1396,77.384,Insp. Nathaniel Pandya,2024,8,18
KAR/DAV/2024/1384,2025-05-29,15:20:00,assault,"Reported incident of assault at Near Pingle Ganj, Davangere.",closed,Davangere,Davangere Traffic PS,"Near Pingle Ganj, Davangere",14.5343,75.8901,Insp. Bhavani Ravel,2025,5,15
KAR/HUB/2024/1385,2024-10-23,01:34:00,cybercrime,"Reported incident of cybercrime at Near Pall Street, Hubballi-Dharwad.",open,Hubballi-Dharwad,Hubballi-Dharwad Market PS,"Near Pall Street, Hubballi-Dharwad",15.3551,75.0932,Insp. Yash Mishra,2024,10,1
KAR/BEN/2024/1386,2024-11-04,20:11:00,chain_snatching,"Reported incident of chain snatching at Near Bail Marg, Bengaluru Urban. Suspect vehicle noticed with plate KA-17-M-7987.",under_investigation,Bengaluru Urban,Bengaluru Urban Central PS,"Near Bail Marg, Bengaluru Urban",13.0179,77.6369,Insp. Omkaar Sampath,2024,11,20
KAR/BEN/2024/1387,2025-03-16,16:41:00,cybercrime,"Reported incident of cybercrime at Near Bhatti Nagar, Bengaluru Urban.",under_investigation,Bengaluru Urban,Bengaluru Urban Central PS,"Near Bhatti Nagar, Bengaluru Urban",12.9795,77.6513,Insp. Lekha Sachdev,2025,3,16
KAR/BEL/2024/1388,2024-05-28,14:53:00,vehicle_theft,"Reported incident of vehicle theft at Near Dixit Road, Belagavi. Suspect vehicle noticed with plate KA-26-A-6469.",under_investigation,Belagavi,Belagavi Town PS,"Near Dixit Road, Belagavi",15.8281,74.5341,Insp. Jeevika Sane,2024,5,14
KAR/VIJ/2024/1389,2024-12-14,02:05:00,fraud,"Reported incident of fraud at Near Sandal Chowk, Vijayapura.",under_investigation,Vijayapura,Vijayapura Rural PS,"Near Sandal Chowk, Vijayapura",16.8057,75.6687,Insp. Wazir Konda,2024,12,2
KAR/BEN/2024/1390,2025-01-02,23:43:00,assault,"Reported incident of assault at Near Kumer Path, Bengaluru Urban.",chargesheeted,Bengaluru Urban,Bengaluru Urban South PS,"Near Kumer Path, Bengaluru Urban",13.0055,77.5427,Insp. Advika Mall,2025,1,23
KAR/UDU/2024/1391,2024-09-06,11:12:00,burglary,"Reported incident of burglary at Near Ganesan Chowk, Udupi.",open,Udupi,Udupi Rural PS,"Near Ganesan Chowk, Udupi",13.3799,74.6905,Insp. Henry Om,2024,9,11
KAR/BEN/2024/1392,2025-02-09,02:48:00,hit_and_run,"Reported incident of hit and run at Near Raj Path, Bengaluru Urban.",under_investigation,Bengaluru Urban,Bengaluru Urban Central PS,"Near Raj Path, Bengaluru Urban",12.9773,77.6267,Insp. Tarak Khanna,2025,2,2
KAR/DAV/2024/1393,2024-03-15,00:02:00,burglary,"Reported incident of burglary at Near Rattan Road, Davangere.",chargesheeted,Davangere,Davangere Traffic PS,"Near Rattan Road, Davangere",14.5192,75.9018,Insp. Omya Bir,2024,3,0
KAR/MYS/2024/1394,2024-10-21,05:10:00,burglary,"Reported incident of burglary at Near Chakrabarti Circle, Mysuru.",open,Mysuru,Mysuru South PS,"Near Chakrabarti Circle, Mysuru",12.3506,76.5751,Insp. Utkarsh Dutt,2024,10,5
KAR/BID/2024/1395,2024-04-26,09:02:00,assault,"Reported incident of assault at Near Hora, Bidar.",under_investigation,Bidar,Bidar Rural PS,"Near Hora, Bidar",17.9713,77.4666,Insp. Devika Mukherjee,2024,4,9
KAR/TUM/2024/1396,2024-10-20,14:55:00,robbery,"Reported incident of robbery at Near Sathe Zila, Tumakuru. Suspect vehicle noticed with plate KA-16-N-9609.",chargesheeted,Tumakuru,Tumakuru Market PS,"Near Sathe Zila, Tumakuru",13.3259,77.0969,Insp. Daksha Bala,2024,10,14
KAR/BEN/2024/1397,2024-08-19,14:03:00,chain_snatching,"Reported incident of chain snatching at Near Kapadia Street, Bengaluru Urban. Suspect vehicle noticed with plate KA-14-N-7189.",open,Bengaluru Urban,Bengaluru Urban East PS,"Near Kapadia Street, Bengaluru Urban",13.0094,77.5437,Insp. Aarav Sethi,2024,8,14
KAR/BAL/2024/1398,2024-04-02,07:11:00,chain_snatching,"Reported incident of chain snatching at Near Wadhwa, Ballari. Suspect vehicle noticed with plate KA-48-KB-7456.",closed,Ballari,Ballari Town PS,"Near Wadhwa, Ballari",15.1259,76.9768,Insp. Pavani Balan,2024,4,7
KAR/BEN/2024/1399,2025-04-11,14:03:00,fraud,"Reported incident of fraud at Near Dara Marg, Bengaluru Urban.",chargesheeted,Bengaluru Urban,Bengaluru Urban West PS,"Near Dara Marg, Bengaluru Urban",12.9211,77.5729,Insp. Urishilla Kohli,2025,4,14
KAR/TUM/2024/1400,2025-04-04,15:44:00,vehicle_theft,"Reported incident of vehicle theft at Near Yadav Road, Tumakuru. Suspect vehicle noticed with plate KA-17-P-5590.",open,Tumakuru,Tumakuru Town PS,"Near Yadav Road, Tumakuru",13.4012,77.0392,Insp. Falan Sekhon,2025,4,15
KAR/BEN/2024/1401,2024-12-05,02:06:00,robbery,"Reported incident of robbery at Near Kaul Marg, Bengaluru Urban. Suspect vehicle noticed with plate KA-23-N-6397.",open,Bengaluru Urban,Bengaluru Urban North PS,"Near Kaul Marg, Bengaluru Urban",13.0015,77.57,Insp. Mitali Sha,2024,12,2
KAR/BEN/2024/1402,2024-11-18,12:40:00,burglary,"Reported incident of burglary at Near Kibe Zila, Bengaluru Urban.",open,Bengaluru Urban,Bengaluru Urban East PS,"Near Kibe Zila, Bengaluru Urban",12.9868,77.5304,Insp. Utkarsh Bala,2024,11,12
KAR/BEN/2024/1403,2024-12-10,03:44:00,eve_teasing,"Reported incident of eve teasing at Near Biswas Chowk, Bengaluru Urban.",under_investigation,Bengaluru Urban,Bengaluru Urban South PS,"Near Biswas Chowk, Bengaluru Urban",13.0237,77.5916,Insp. Amrita Raman,2024,12,3
KAR/BEL/2024/1404,2024-05-17,22:53:00,eve_teasing,"Reported incident of eve teasing at Near Sama Marg, Belagavi.",open,Belagavi,Belagavi Market PS,"Near Sama Marg, Belagavi",15.8632,74.4247,Insp. Bhavika Chhabra,2024,5,22
KAR/MAN/2024/1405,2024-02-20,19:10:00,fraud,"Reported incident of fraud at Near Mannan Road, Mangaluru (Dakshina Kannada).",under_investigation,Mangaluru (Dakshina Kannada),Mangaluru (Dakshina Kannada) Town PS,"Near Mannan Road, Mangaluru (Dakshina Kannada)",12.8577,74.8234,Insp. Tristan Garg,2024,2,19
KAR/MYS/2024/1406,2024-09-29,05:17:00,burglary,"Reported incident of burglary at Near Lala Marg, Mysuru.",open,Mysuru,Mysuru South PS,"Near Lala Marg, Mysuru",12.3412,76.5971,Insp. Radha Radhakrishnan,2024,9,5
KAR/DAV/2024/1407,2025-02-09,19:32:00,fraud,"Reported incident of fraud at Near Sani Nagar, Davangere.",open,Davangere,Davangere Rural PS,"Near Sani Nagar, Davangere",14.5138,75.9386,Insp. Jagdish Sidhu,2025,2,19
KAR/BEN/2024/1408,2024-07-02,11:52:00,burglary,"Reported incident of burglary at Near Sanghvi Zila, Bengaluru Urban.",closed,Bengaluru Urban,Bengaluru Urban West PS,"Near Sanghvi Zila, Bengaluru Urban",12.8752,77.5771,Insp. Prisha Pant,2024,7,11
KAR/MAN/2024/1409,2024-04-11,23:43:00,assault,"Reported incident of assault at Near Basu Chowk, Mandya.",under_investigation,Mandya,Mandya Rural PS,"Near Basu Chowk, Mandya",12.4746,76.8884,Insp. Falan Grover,2024,4,23
KAR/HAS/2024/1410,2024-05-19,07:58:00,assault,"Reported incident of assault at Near Sandal Marg, Hassan.",under_investigation,Hassan,Hassan Town PS,"Near Sandal Marg, Hassan",13.0773,76.0397,Insp. Faraj Bassi,2024,5,7
KAR/BEL/2024/1411,2025-01-08,09:45:00,burglary,"Reported incident of burglary at Near Barman Chowk, Belagavi.",open,Belagavi,Belagavi Rural PS,"Near Barman Chowk, Belagavi",15.7995,74.5371,Insp. Gagan Gulati,2025,1,9
KAR/MAN/2024/1412,2024-09-04,13:51:00,burglary,"Reported incident of burglary at Near Kamdar Street, Mandya.",open,Mandya,Mandya Suburban PS,"Near Kamdar Street, Mandya",12.5666,76.896,Insp. Yashawini Keer,2024,9,13
KAR/MAN/2024/1413,2024-09-16,16:30:00,burglary,"Reported incident of burglary at Near Dhar Path, Mandya.",under_investigation,Mandya,Mandya Traffic PS,"Near Dhar Path, Mandya",12.5774,76.897,Insp. Nidhi Kalla,2024,9,16
KAR/BEN/2024/1414,2024-01-30,15:17:00,murder,"Reported incident of murder at Near Dara Circle, Bengaluru Urban.",open,Bengaluru Urban,Bengaluru Urban West PS,"Near Dara Circle, Bengaluru Urban",12.9087,77.556,Insp. Gaurav Mukhopadhyay,2024,1,15
KAR/DAV/2024/1415,2025-05-03,15:20:00,chain_snatching,"Reported incident of chain snatching at Near Sachdev Marg, Davangere. Suspect vehicle noticed with plate KA-21-P-6533.",chargesheeted,Davangere,Davangere Rural PS,"Near Sachdev Marg, Davangere",14.5369,75.9526,Insp. Sanaya Mistry,2025,5,15
KAR/BAL/2024/1416,2024-07-18,23:46:00,senior_citizen_crime,"Reported incident of senior citizen crime at Near Chatterjee Ganj, Ballari.",open,Ballari,Ballari Traffic PS,"Near Chatterjee Ganj, Ballari",15.1003,76.9464,Insp. Yatan Ramanathan,2024,7,23
KAR/MYS/2024/1417,2024-10-06,20:56:00,vehicle_theft,"Reported incident of vehicle theft at Near Keer Marg, Mysuru. Suspect vehicle noticed with plate KA-26-B-7340.",open,Mysuru,Mysuru East PS,"Near Keer Marg, Mysuru",12.2822,76.7213,Insp. Odika Pant,2024,10,20
KAR/BEN/2024/1418,2024-03-24,14:46:00,hit_and_run,"Reported incident of hit and run at Near Sahota Chowk, Bengaluru Urban.",chargesheeted,Bengaluru Urban,Bengaluru Urban Traffic PS,"Near Sahota Chowk, Bengaluru Urban",12.9879,77.5613,Insp. Omaja Walia,2024,3,14
KAR/KAL/2024/1419,2024-10-08,13:22:00,eve_teasing,"Reported incident of eve teasing at Near Balakrishnan Path, Kalaburagi.",under_investigation,Kalaburagi,Kalaburagi Industrial PS,"Near Balakrishnan Path, Kalaburagi",17.3822,76.8907,Insp. Sai Amble,2024,10,13
KAR/BEN/2024/1420,2024-12-22,22:43:00,fraud,"Reported incident of fraud at Near Raju Road, Bengaluru Urban.",under_investigation,Bengaluru Urban,Bengaluru Urban Traffic PS,"Near Raju Road, Bengaluru Urban",12.9582,77.5959,Insp. Tristan Ramakrishnan,2024,12,22
KAR/BEN/2024/1421,2024-01-07,12:53:00,chain_snatching,"Reported incident of chain snatching at Near Bora Circle, Bengaluru Urban. Suspect vehicle noticed with plate KA-11-B-9093.",chargesheeted,Bengaluru Urban,Bengaluru Urban Traffic PS,"Near Bora Circle, Bengaluru Urban",12.9729,77.5552,Insp. Tara Sur,2024,1,12
KAR/KOP/2024/1422,2024-09-17,08:21:00,kidnapping,"Reported incident of kidnapping at Near Dora Nagar, Koppal.",closed,Koppal,Koppal Traffic PS,"Near Dora Nagar, Koppal",15.3603,76.1737,Insp. Champak Gopal,2024,9,8
KAR/BEN/2024/1423,2024-05-26,16:36:00,vehicle_theft,"Reported incident of vehicle theft at Near Suresh Path, Bengaluru Urban. Suspect vehicle noticed with plate KA-28-P-5584.",under_investigation,Bengaluru Urban,Bengaluru Urban South PS,"Near Suresh Path, Bengaluru Urban",12.991,77.5646,Insp. Gaurav More,2024,5,16
KAR/BEN/2024/1424,2024-11-06,23:48:00,vehicle_theft,"Reported incident of vehicle theft at Near Chana Circle, Bengaluru Urban. Suspect vehicle noticed with plate KA-14-A-8088.",under_investigation,Bengaluru Urban,Bengaluru Urban South PS,"Near Chana Circle, Bengaluru Urban",13.0092,77.5565,Insp. Tanmayi Muni,2024,11,23
KAR/BEN/2024/1425,2025-01-30,19:42:00,robbery,"Reported incident of robbery at Near Ratta Ganj, Bengaluru Urban. Suspect vehicle noticed with plate KA-55-P-3608.",under_investigation,Bengaluru Urban,Bengaluru Urban South PS,"Near Ratta Ganj, Bengaluru Urban",13.0251,77.5882,Insp. Thomas Jayaraman,2025,1,19
KAR/MYS/2024/1426,2024-09-06,01:35:00,vehicle_theft,"Reported incident of vehicle theft at Near Banik, Mysuru. Suspect vehicle noticed with plate KA-33-P-6903.",open,Mysuru,Mysuru South PS,"Near Banik, Mysuru",12.3205,76.5949,Insp. Bina Krish,2024,9,1
KAR/KOP/2024/1427,2024-11-01,21:16:00,vehicle_theft,"Reported incident of vehicle theft at Near Gulati Chowk, Koppal. Suspect vehicle noticed with plate KA-55-KB-3062.",under_investigation,Koppal,Koppal Industrial PS,"Near Gulati Chowk, Koppal",15.2749,76.1402,Insp. Noah Prabhakar,2024,11,21
KAR/BID/2024/1428,2024-02-11,09:57:00,chain_snatching,"Reported incident of chain snatching at Near Chacko Ganj, Bidar. Suspect vehicle noticed with plate KA-36-A-6677.",open,Bidar,Bidar Suburban PS,"Near Chacko Ganj, Bidar",17.9211,77.4413,Insp. Radha Deshpande,2024,2,9
KAR/BEN/2024/1429,2024-05-27,06:28:00,cybercrime,"Reported incident of cybercrime at Near Kale Nagar, Bengaluru Urban.",under_investigation,Bengaluru Urban,Bengaluru Urban South PS,"Near Kale Nagar, Bengaluru Urban",13.0131,77.5992,Insp. Lucky Bhandari,2024,5,6
KAR/BAL/2024/1430,2024-02-08,13:54:00,eve_teasing,"Reported incident of eve teasing at Near Sehgal Path, Ballari.",under_investigation,Ballari,Ballari Market PS,"Near Sehgal Path, Ballari",15.1767,76.8398,Insp. Victor Minhas,2024,2,13
KAR/BEN/2024/1431,2024-01-30,10:31:00,domestic_violence,"Reported incident of domestic violence at Near Raval Street, Bengaluru Urban.",open,Bengaluru Urban,Bengaluru Urban East PS,"Near Raval Street, Bengaluru Urban",13.0267,77.5727,Insp. Pranav Saini,2024,1,10
KAR/KAL/2024/1432,2024-10-08,05:47:00,vehicle_theft,"Reported incident of vehicle theft at Near Sarkar Marg, Kalaburagi. Suspect vehicle noticed with plate KA-36-N-9992.",under_investigation,Kalaburagi,Kalaburagi Traffic PS,"Near Sarkar Marg, Kalaburagi",17.4278,76.8533,Insp. Fariq Sem,2024,10,5
KAR/RAI/2024/1433,2024-11-20,15:31:00,vehicle_theft,"Reported incident of vehicle theft at Near Banik Path, Raichur. Suspect vehicle noticed with plate KA-18-P-1429.",open,Raichur,Raichur Traffic PS,"Near Banik Path, Raichur",16.2336,77.3286,Insp. Farhan Soman,2024,11,15
KAR/KOP/2024/1434,2024-08-29,22:50:00,robbery,"Reported incident of robbery at Near Deo Zila, Koppal. Suspect vehicle noticed with plate KA-17-N-6358.",closed,Koppal,Koppal Suburban PS,"Near Deo Zila, Koppal",15.3092,76.0839,Insp. Yadavi Shetty,2024,8,22
KAR/KAL/2024/1435,2024-03-01,19:45:00,senior_citizen_crime,"Reported incident of senior citizen crime at Near Swaminathan Ganj, Kalaburagi.",under_investigation,Kalaburagi,Kalaburagi Traffic PS,"Near Swaminathan Ganj, Kalaburagi",17.3954,76.8518,Insp. Kala Khurana,2024,3,19
KAR/BEN/2024/1436,2024-04-09,09:17:00,fraud,"Reported incident of fraud at Near Brar Chowk, Bengaluru Urban.",chargesheeted,Bengaluru Urban,Bengaluru Urban North PS,"Near Brar Chowk, Bengaluru Urban",13.0138,77.5961,Insp. Dakshesh Walla,2024,4,9
KAR/BEN/2024/1437,2024-12-23,15:48:00,robbery,"Reported incident of robbery at Near Iyer Path, Bengaluru Urban. Suspect vehicle noticed with plate KA-36-N-6759.",open,Bengaluru Urban,Bengaluru Urban Central PS,"Near Iyer Path, Bengaluru Urban",12.9873,77.6284,Insp. Dakshesh Swamy,2024,12,15
KAR/MAN/2024/1438,2024-04-05,00:42:00,hit_and_run,"Reported incident of hit and run at Near Thakur Circle, Mandya.",open,Mandya,Mandya Rural PS,"Near Thakur Circle, Mandya",12.4666,76.9106,Insp. Yashodhara Chacko,2024,4,0
KAR/BEN/2024/1439,2024-08-28,08:39:00,property_crime,"Reported incident of property crime at Near Jayaraman, Bengaluru Rural.",open,Bengaluru Rural,Bengaluru Rural Central PS,"Near Jayaraman, Bengaluru Rural",13.2115,77.536,Insp. Ekta Borra,2024,8,8
KAR/MYS/2024/1440,2024-12-31,01:10:00,drug_offence,"Reported incident of drug offence at Near Borra Road, Mysuru.",open,Mysuru,Mysuru South PS,"Near Borra Road, Mysuru",12.3675,76.5915,Insp. Januja Dugal,2024,12,1
KAR/BEN/2024/1441,2024-02-12,01:07:00,cybercrime,"Reported incident of cybercrime at Near Balakrishnan Street, Bengaluru Urban.",open,Bengaluru Urban,Bengaluru Urban North PS,"Near Balakrishnan Street, Bengaluru Urban",13.036,77.5834,Insp. Zayyan Dixit,2024,2,1
KAR/BEN/2024/1442,2025-05-24,20:39:00,fraud,"Reported incident of fraud at Near Shroff Circle, Bengaluru Urban.",chargesheeted,Bengaluru Urban,Bengaluru Urban Central PS,"Near Shroff Circle, Bengaluru Urban",12.993,77.6127,Insp. Liam Raghavan,2025,5,20
KAR/BEL/2024/1443,2024-03-29,09:24:00,property_crime,"Reported incident of property crime at Near Chhabra Circle, Belagavi.",open,Belagavi,Belagavi Rural PS,"Near Chhabra Circle, Belagavi",15.8384,74.489,Insp. Ishwar Brar,2024,3,9
KAR/BEN/2024/1444,2024-06-24,11:30:00,fraud,"Reported incident of fraud at Near Bedi Circle, Bengaluru Urban.",under_investigation,Bengaluru Urban,Bengaluru Urban South PS,"Near Bedi Circle, Bengaluru Urban",13.0094,77.5517,Insp. Urvashi Bhatnagar,2024,6,11
KAR/SHI/2024/1445,2025-05-26,00:21:00,burglary,"Reported incident of burglary at Near Pant Road, Shivamogga.",under_investigation,Shivamogga,Shivamogga Industrial PS,"Near Pant Road, Shivamogga",13.8868,75.5229,Insp. Siddharth Sha,2025,5,0
KAR/VIJ/2024/1446,2024-06-06,18:36:00,fraud,"Reported incident of fraud at Near Pathak Nagar, Vijayapura.",under_investigation,Vijayapura,Vijayapura Industrial PS,"Near Pathak Nagar, Vijayapura",16.8275,75.6469,Insp. Rehaan Wali,2024,6,18
KAR/DAV/2024/1447,2025-04-09,04:18:00,chain_snatching,"Reported incident of chain snatching at Near Pau Path, Davangere. Suspect vehicle noticed with plate KA-33-KA-3790.",under_investigation,Davangere,Davangere Suburban PS,"Near Pau Path, Davangere",14.5449,75.9617,Insp. Ryan Contractor,2025,4,4
KAR/BEN/2024/1448,2024-06-29,02:41:00,robbery,"Reported incident of robbery at Near Kapur Zila, Bengaluru Urban. Suspect vehicle noticed with plate KA-50-A-4190.",under_investigation,Bengaluru Urban,Bengaluru Urban East PS,"Near Kapur Zila, Bengaluru Urban",13.0374,77.5168,Insp. Yug Narula,2024,6,2
KAR/VIJ/2024/1449,2025-03-17,00:14:00,fraud,"Reported incident of fraud at Near Kota Street, Vijayapura.",closed,Vijayapura,Vijayapura Rural PS,"Near Kota Street, Vijayapura",16.7814,75.6667,Insp. Nakul Kibe,2025,3,0
KAR/BEN/2024/1450,2024-06-16,05:03:00,cybercrime,"Reported incident of cybercrime at Near Dugar Circle, Bengaluru Urban.",under_investigation,Bengaluru Urban,Bengaluru Urban Central PS,"Near Dugar Circle, Bengaluru Urban",12.9661,77.6064,Insp. Kavya Khatri,2024,6,5
KAR/KOL/2024/1451,2025-04-07,23:38:00,vehicle_theft,"Reported incident of vehicle theft at Near Majumdar Zila, Kolar. Suspect vehicle noticed with plate KA-06-P-8430.",open,Kolar,Kolar Industrial PS,"Near Majumdar Zila, Kolar",13.224,78.0266,Insp. Jagvi Lala,2025,4,23
KAR/BEN/2024/1452,2024-10-22,02:38:00,burglary,"Reported incident of burglary at Near Ratta Ganj, Bengaluru Urban.",open,Bengaluru Urban,Bengaluru Urban Traffic PS,"Near Ratta Ganj, Bengaluru Urban",12.9741,77.5549,Insp. Shaurya Mital,2024,10,2
KAR/BEN/2024/1453,2024-11-02,19:40:00,vehicle_theft,"Reported incident of vehicle theft at Near Varghese Ganj, Bengaluru Urban. Suspect vehicle noticed with plate KA-08-B-8731.",open,Bengaluru Urban,Bengaluru Urban Central PS,"Near Varghese Ganj, Bengaluru Urban",12.9966,77.6154,Insp. Suhani Aggarwal,2024,11,19
KAR/RAI/2024/1454,2025-02-25,13:35:00,kidnapping,"Reported incident of kidnapping at Near Shah Path, Raichur.",closed,Raichur,Raichur Industrial PS,"Near Shah Path, Raichur",16.146,77.3851,Insp. Yutika Mitra,2025,2,13
KAR/BEN/2024/1455,2024-11-14,23:14:00,cybercrime,"Reported incident of cybercrime at Near Gulati Marg, Bengaluru Urban.",under_investigation,Bengaluru Urban,Bengaluru Urban East PS,"Near Gulati Marg, Bengaluru Urban",13.0216,77.5367,Insp. Neel Rajan,2024,11,23
KAR/BEN/2024/1456,2024-05-17,12:26:00,drug_offence,"Reported incident of drug offence at Near Dash, Bengaluru Urban.",open,Bengaluru Urban,Bengaluru Urban Central PS,"Near Dash, Bengaluru Urban",12.9912,77.6174,Insp. Hardik Kanda,2024,5,12
KAR/DAV/2024/1457,2024-03-19,07:19:00,senior_citizen_crime,"Reported incident of senior citizen crime at Near Rao Circle, Davangere.",open,Davangere,Davangere Market PS,"Near Rao Circle, Davangere",14.4813,75.8927,Insp. Nachiket Dua,2024,3,7
KAR/TUM/2024/1458,2025-01-07,10:40:00,assault,"Reported incident of assault at Near Reddy Zila, Tumakuru.",under_investigation,Tumakuru,Tumakuru Market PS,"Near Reddy Zila, Tumakuru",13.3133,77.0837,Insp. Odika Ganguly,2025,1,10
KAR/BEN/2024/1459,2025-04-14,14:46:00,vehicle_theft,"Reported incident of vehicle theft at Near Patil Nagar, Bengaluru Urban. Suspect vehicle noticed with plate KA-01-B-4118.",under_investigation,Bengaluru Urban,Bengaluru Urban West PS,"Near Patil Nagar, Bengaluru Urban",12.8874,77.5778,Insp. Chatresh Gala,2025,4,14
KAR/VIJ/2024/1460,2024-12-23,17:52:00,cybercrime,"Reported incident of cybercrime at Near Grover Zila, Vijayapura.",under_investigation,Vijayapura,Vijayapura Suburban PS,"Near Grover Zila, Vijayapura",16.7879,75.6613,Insp. Ekta Banik,2024,12,17
KAR/KOL/2024/1461,2024-07-10,04:38:00,murder,"Reported incident of murder at Near More Road, Kolar.",under_investigation,Kolar,Kolar Suburban PS,"Near More Road, Kolar",13.1079,78.1499,Insp. Kalpit Jha,2024,7,4
KAR/BEN/2024/1462,2024-12-09,23:01:00,chain_snatching,"Reported incident of chain snatching at Near Cherian Circle, Bengaluru Urban. Suspect vehicle noticed with plate KA-54-P-9300.",chargesheeted,Bengaluru Urban,Bengaluru Urban Traffic PS,"Near Cherian Circle, Bengaluru Urban",12.9765,77.5522,Insp. Radhika Dube,2024,12,23
KAR/KOP/2024/1463,2025-01-28,01:36:00,cybercrime,"Reported incident of cybercrime at Near Bora Road, Koppal.",under_investigation,Koppal,Koppal Industrial PS,"Near Bora Road, Koppal",15.266,76.1441,Insp. Advik Buch,2025,1,1
KAR/MYS/2024/1464,2024-02-25,11:52:00,eve_teasing,"Reported incident of eve teasing at Near Pandey Path, Mysuru.",open,Mysuru,Mysuru Central PS,"Near Pandey Path, Mysuru",12.3041,76.5853,Insp. Krishna Dewan,2024,2,11
KAR/SHI/2024/1465,2024-12-19,23:20:00,vehicle_theft,"Reported incident of vehicle theft at Near Bedi Circle, Shivamogga. Suspect vehicle noticed with plate KA-29-A-4383.",open,Shivamogga,Shivamogga Town PS,"Near Bedi Circle, Shivamogga",13.9165,75.55,Insp. Sachi Sekhon,2024,12,23
KAR/BEN/2024/1466,2024-08-12,16:39:00,eve_teasing,"Reported incident of eve teasing at Near Sehgal Marg, Bengaluru Urban.",closed,Bengaluru Urban,Bengaluru Urban Traffic PS,"Near Sehgal Marg, Bengaluru Urban",12.9945,77.5806,Insp. Anay Bir,2024,8,16
KAR/BEN/2024/1467,2024-06-27,16:21:00,assault,"Reported incident of assault at Near Rau Nagar, Bengaluru Urban.",open,Bengaluru Urban,Bengaluru Urban West PS,"Near Rau Nagar, Bengaluru Urban",12.9237,77.5827,Insp. Arunima Dube,2024,6,16
KAR/HUB/2024/1468,2025-01-22,19:29:00,burglary,"Reported incident of burglary at Near Banerjee Road, Hubballi-Dharwad.",open,Hubballi-Dharwad,Hubballi-Dharwad Industrial PS,"Near Banerjee Road, Hubballi-Dharwad",15.3492,75.1107,Insp. Nisha Mannan,2025,1,19
KAR/BEN/2024/1469,2024-10-08,00:25:00,vehicle_theft,"Reported incident of vehicle theft at Near Char Chowk, Bengaluru Urban. Suspect vehicle noticed with plate KA-26-A-8466.",open,Bengaluru Urban,Bengaluru Urban North PS,"Near Char Chowk, Bengaluru Urban",12.9796,77.5836,Insp. Anirudh Ravel,2024,10,0
KAR/HAS/2024/1470,2024-07-11,12:38:00,fraud,"Reported incident of fraud at Near Som Nagar, Hassan.",under_investigation,Hassan,Hassan Traffic PS,"Near Som Nagar, Hassan",12.9442,76.0853,Insp. Anthony Amble,2024,7,12
KAR/SHI/2024/1471,2024-04-19,19:34:00,vehicle_theft,"Reported incident of vehicle theft at Near Chana Circle, Shivamogga. Suspect vehicle noticed with plate KA-55-B-2857.",chargesheeted,Shivamogga,Shivamogga Industrial PS,"Near Chana Circle, Shivamogga",13.878,75.5094,Insp. Jagvi Ramanathan,2024,4,19
KAR/MAN/2024/1472,2024-05-01,22:19:00,burglary,"Reported incident of burglary at Near Ramachandran Path, Mandya.",under_investigation,Mandya,Mandya Rural PS,"Near Ramachandran Path, Mandya",12.5053,76.8865,Insp. Anika Narain,2024,5,22
KAR/TUM/2024/1473,2024-10-22,17:35:00,chain_snatching,"Reported incident of chain snatching at Near Kakar Zila, Tumakuru. Suspect vehicle noticed with plate KA-38-P-5258.",under_investigation,Tumakuru,Tumakuru Town PS,"Near Kakar Zila, Tumakuru",13.3782,77.0523,Insp. Chanchal Panchal,2024,10,17
KAR/BEN/2024/1474,2025-05-11,03:54:00,domestic_violence,"Reported incident of domestic violence at Near Gopal Nagar, Bengaluru Urban.",open,Bengaluru Urban,Bengaluru Urban West PS,"Near Gopal Nagar, Bengaluru Urban",12.8988,77.5861,Insp. Meghana Walla,2025,5,3
KAR/VIJ/2024/1475,2024-01-08,11:04:00,eve_teasing,"Reported incident of eve teasing at Near Grover Zila, Vijayapura.",under_investigation,Vijayapura,Vijayapura Town PS,"Near Grover Zila, Vijayapura",16.7554,75.7511,Insp. Chatura Seshadri,2024,1,11
KAR/KOP/2024/1476,2024-12-04,14:58:00,senior_citizen_crime,"Reported incident of senior citizen crime at Near Keer Road, Koppal.",open,Koppal,Koppal Traffic PS,"Near Keer Road, Koppal",15.3642,76.1541,Insp. Bimala Shetty,2024,12,14
KAR/BEL/2024/1477,2024-12-19,02:30:00,murder,"Reported incident of murder at Near Sheth Circle, Belagavi.",open,Belagavi,Belagavi Industrial PS,"Near Sheth Circle, Belagavi",15.7616,74.5369,Insp. Rayaan Jani,2024,12,2
KAR/BEL/2024/1478,2024-10-14,06:01:00,vehicle_theft,"Reported incident of vehicle theft at Near Anne Path, Belagavi. Suspect vehicle noticed with plate KA-25-N-7028.",under_investigation,Belagavi,Belagavi Market PS,"Near Anne Path, Belagavi",15.8974,74.4647,Insp. Utkarsh Mand,2024,10,6
KAR/KOP/2024/1479,2024-03-02,14:10:00,domestic_violence,"Reported incident of domestic violence at Near Banerjee Road, Koppal.",chargesheeted,Koppal,Koppal Rural PS,"Near Banerjee Road, Koppal",15.369,76.1051,Insp. Urvashi Sharaf,2024,3,14
KAR/BEN/2024/1480,2024-01-15,09:49:00,robbery,"Reported incident of robbery at Near Sachar Road, Bengaluru Urban. Suspect vehicle noticed with plate KA-28-KA-2992.",open,Bengaluru Urban,Bengaluru Urban West PS,"Near Sachar Road, Bengaluru Urban",12.8663,77.5711,Insp. Jalsa Dhar,2024,1,9
KAR/MAN/2024/1481,2024-10-28,17:34:00,chain_snatching,"Reported incident of chain snatching at Near Mannan Zila, Mandya. Suspect vehicle noticed with plate KA-13-N-1437.",closed,Mandya,Mandya Traffic PS,"Near Mannan Zila, Mandya",12.5565,76.9244,Insp. Vinaya Cheema,2024,10,17
KAR/BEN/2024/1482,2024-03-08,07:02:00,assault,"Reported incident of assault at Near Dubey Zila, Bengaluru Urban.",open,Bengaluru Urban,Bengaluru Urban East PS,"Near Dubey Zila, Bengaluru Urban",13.0086,77.5647,Insp. Farhan Tank,2024,3,7
KAR/BEN/2024/1483,2024-12-15,12:30:00,vehicle_theft,"Reported incident of vehicle theft at Near Mall Street, Bengaluru Urban. Suspect vehicle noticed with plate KA-13-M-9169.",under_investigation,Bengaluru Urban,Bengaluru Urban West PS,"Near Mall Street, Bengaluru Urban",12.87,77.5687,Insp. Januja Bala,2024,12,12
KAR/HAS/2024/1484,2024-09-18,04:23:00,hit_and_run,"Reported incident of hit and run at Near Ben Street, Hassan.",under_investigation,Hassan,Hassan Market PS,"Near Ben Street, Hassan",13.0724,76.1736,Insp. Henry Chopra,2024,9,4
KAR/UDU/2024/1485,2024-12-15,12:04:00,vehicle_theft,"Reported incident of vehicle theft at Near Choudhury Street, Udupi. Suspect vehicle noticed with plate KA-48-P-1361.",open,Udupi,Udupi Market PS,"Near Choudhury Street, Udupi",13.3317,74.6913,Insp. Qasim Narang,2024,12,12
KAR/BEN/2024/1486,2025-05-06,19:00:00,cybercrime,"Reported incident of cybercrime at Near Dubey Marg, Bengaluru Urban.",open,Bengaluru Urban,Bengaluru Urban Central PS,"Near Dubey Marg, Bengaluru Urban",12.987,77.6632,Insp. Pranav Baria,2025,5,19
KAR/MAN/2024/1487,2024-06-18,20:47:00,fraud,"Reported incident of fraud at Near Halder Ganj, Mandya.",under_investigation,Mandya,Mandya Traffic PS,"Near Halder Ganj, Mandya",12.5302,76.8884,Insp. Ganga Chaudhuri,2024,6,20
KAR/RAI/2024/1488,2024-04-11,01:51:00,assault,"Reported incident of assault at Near Sood Chowk, Raichur.",open,Raichur,Raichur Traffic PS,"Near Sood Chowk, Raichur",16.2541,77.326,Insp. Netra Srivastava,2024,4,1
KAR/BEN/2024/1489,2025-01-03,18:23:00,cybercrime,"Reported incident of cybercrime at Near Date Circle, Bengaluru Rural.",open,Bengaluru Rural,Bengaluru Rural Central PS,"Near Date Circle, Bengaluru Rural",13.2322,77.4876,Insp. Advaith Solanki,2025,1,18
KAR/BEN/2024/1490,2024-02-08,23:30:00,assault,"Reported incident of assault at Near Handa Chowk, Bengaluru Urban.",chargesheeted,Bengaluru Urban,Bengaluru Urban Traffic PS,"Near Handa Chowk, Bengaluru Urban",13.002,77.5976,Insp. Chatura Savant,2024,2,23
KAR/BEN/2024/1491,2024-06-10,16:59:00,assault,"Reported incident of assault at Near Dube, Bengaluru Urban.",open,Bengaluru Urban,Bengaluru Urban West PS,"Near Dube, Bengaluru Urban",12.9103,77.5896,Insp. Devansh Bajwa,2024,6,16
KAR/HAS/2024/1492,2024-07-12,22:16:00,cybercrime,"Reported incident of cybercrime at Near Balasubramanian Street, Hassan.",open,Hassan,Hassan Market PS,"Near Balasubramanian Street, Hassan",13.049,76.1859,Insp. Aachal Kade,2024,7,22
KAR/HUB/2024/1493,2024-10-22,22:13:00,chain_snatching,"Reported incident of chain snatching at Near Ganesh Nagar, Hubballi-Dharwad. Suspect vehicle noticed with plate KA-43-KB-8854.",under_investigation,Hubballi-Dharwad,Hubballi-Dharwad Industrial PS,"Near Ganesh Nagar, Hubballi-Dharwad",15.3535,75.0591,Insp. Vidhi Bhandari,2024,10,22
KAR/CHI/2024/1494,2025-05-24,09:19:00,vehicle_theft,"Reported incident of vehicle theft at Near Varty Ganj, Chikkamagaluru. Suspect vehicle noticed with plate KA-28-N-8652.",open,Chikkamagaluru,Chikkamagaluru Suburban PS,"Near Varty Ganj, Chikkamagaluru",13.3084,75.7989,Insp. Hitesh Swamy,2025,5,9
KAR/CHI/2024/1495,2024-09-18,12:10:00,hit_and_run,"Reported incident of hit and run at Near Kade Chowk, Chikkamagaluru.",under_investigation,Chikkamagaluru,Chikkamagaluru Rural PS,"Near Kade Chowk, Chikkamagaluru",13.2649,75.8028,Insp. Bhavya Lalla,2024,9,12
KAR/BEN/2024/1496,2024-12-26,12:12:00,vehicle_theft,"Reported incident of vehicle theft at Near Manda Ganj, Bengaluru Urban. Suspect vehicle noticed with plate KA-13-A-6996.",under_investigation,Bengaluru Urban,Bengaluru Urban East PS,"Near Manda Ganj, Bengaluru Urban",13.0075,77.5705,Insp. Isaac Handa,2024,12,12
KAR/SHI/2024/1497,2024-01-02,18:20:00,vehicle_theft,"Reported incident of vehicle theft at Near Mandal Chowk, Shivamogga. Suspect vehicle noticed with plate KA-55-M-2143.",under_investigation,Shivamogga,Shivamogga Traffic PS,"Near Mandal Chowk, Shivamogga",13.9871,75.635,Insp. Siya Hari,2024,1,18
KAR/KOL/2024/1498,2024-03-17,14:34:00,robbery,"Reported incident of robbery at Near Narayanan Ganj, Kolar. Suspect vehicle noticed with plate KA-41-KA-9928.",open,Kolar,Kolar Town PS,"Near Narayanan Ganj, Kolar",13.1308,78.1835,Insp. Tripti Randhawa,2024,3,14
KAR/BAL/2024/1499,2024-07-16,03:28:00,drug_offence,"Reported incident of drug offence at Near Agate Marg, Ballari.",chargesheeted,Ballari,Ballari Rural PS,"Near Agate Marg, Ballari",15.0996,76.9011,Insp. Harrison Ramachandran,2024,7,3
KAR/BEN/2024/1500,2025-01-24,01:32:00,burglary,"Reported incident of burglary at Near Nayak Marg, Bengaluru Urban.",under_investigation,Bengaluru Urban,Bengaluru Urban Central PS,"Near Nayak Marg, Bengaluru Urban",13.0043,77.6458,Insp. Dhriti Koshy,2025,1,1
KAR/BEN/2024/1501,2024-01-11,07:27:00,robbery,"Reported incident of robbery at Near Kumer Road, Bengaluru Urban. Suspect vehicle noticed with plate KA-17-KA-7288.",open,Bengaluru Urban,Bengaluru Urban West PS,"Near Kumer Road, Bengaluru Urban",12.8977,77.5769,Insp. Jacob Kapadia,2024,1,7
KAR/VIJ/2024/1502,2024-11-19,09:14:00,vehicle_theft,"Reported incident of vehicle theft at Near Guha Nagar, Vijayapura. Suspect vehicle noticed with plate KA-53-A-5123.",open,Vijayapura,Vijayapura Traffic PS,"Near Guha Nagar, Vijayapura",16.7903,75.6795,Insp. Qabil Chatterjee,2024,11,9
KAR/BEN/2024/1503,2024-04-09,22:44:00,fraud,"Reported incident of fraud at Near Doshi Chowk, Bengaluru Urban.",open,Bengaluru Urban,Bengaluru Urban Traffic PS,"Near Doshi Chowk, Bengaluru Urban",13.012,77.5958,Insp. Jatin Bhagat,2024,4,22
KAR/BEN/2024/1504,2024-07-15,11:18:00,chain_snatching,"Reported incident of chain snatching at Near Sethi Marg, Bengaluru Urban. Suspect vehicle noticed with plate KA-31-M-8063.",chargesheeted,Bengaluru Urban,Bengaluru Urban Traffic PS,"Near Sethi Marg, Bengaluru Urban",13.0014,77.58,Insp. Janya Gopal,2024,7,11
KAR/CHI/2024/1505,2024-04-29,19:52:00,robbery,"Reported incident of robbery at Near Chahal, Chikkamagaluru. Suspect vehicle noticed with plate KA-50-M-6066.",under_investigation,Chikkamagaluru,Chikkamagaluru Traffic PS,"Near Chahal, Chikkamagaluru",13.2734,75.6903,Insp. Kashish Choudhury,2024,4,19
KAR/VIJ/2024/1506,2024-02-24,13:29:00,drug_offence,"Reported incident of drug offence at Near Singh Street, Vijayapura.",open,Vijayapura,Vijayapura Suburban PS,"Near Singh Street, Vijayapura",16.8182,75.7115,Insp. Gaurika Bumb,2024,2,13
KAR/BEN/2024/1507,2024-11-11,12:45:00,vehicle_theft,"Reported incident of vehicle theft at Near Rattan Ganj, Bengaluru Rural. Suspect vehicle noticed with plate KA-19-KB-7144.",open,Bengaluru Rural,Bengaluru Rural Traffic PS,"Near Rattan Ganj, Bengaluru Rural",13.1726,77.5805,Insp. Ojas Bali,2024,11,12
KAR/HAS/2024/1508,2024-08-13,13:43:00,fraud,"Reported incident of fraud at Near Keer Street, Hassan.",under_investigation,Hassan,Hassan Rural PS,"Near Keer Street, Hassan",13.0543,76.0565,Insp. Robert Rao,2024,8,13
KAR/KOP/2024/1509,2025-02-12,03:37:00,fraud,"Reported incident of fraud at Near Pathak Chowk, Koppal.",open,Koppal,Koppal Town PS,"Near Pathak Chowk, Koppal",15.3304,76.2346,Insp. Ishanvi Dalal,2025,2,3
KAR/BEN/2024/1510,2024-07-24,12:15:00,burglary,"Reported incident of burglary at Near Vohra Nagar, Bengaluru Urban.",open,Bengaluru Urban,Bengaluru Urban West PS,"Near Vohra Nagar, Bengaluru Urban",12.9126,77.5896,Insp. Charan Kala,2024,7,12
KAR/BEN/2024/1511,2024-12-10,05:42:00,chain_snatching,"Reported incident of chain snatching at Near Bhatnagar Chowk, Bengaluru Urban. Suspect vehicle noticed with plate KA-15-P-6413.",open,Bengaluru Urban,Bengaluru Urban West PS,"Near Bhatnagar Chowk, Bengaluru Urban",12.8995,77.5798,Insp. Balhaar Sarma,2024,12,5
KAR/TUM/2024/1512,2025-03-01,18:29:00,chain_snatching,"Reported incident of chain snatching at Near Ben Path, Tumakuru. Suspect vehicle noticed with plate KA-26-N-6962.",closed,Tumakuru,Tumakuru Rural PS,"Near Ben Path, Tumakuru",13.3068,77.127,Insp. Lajita Ghosh,2025,3,18
KAR/HAS/2024/1513,2025-01-18,00:08:00,assault,"Reported incident of assault at Near Panchal, Hassan.",open,Hassan,Hassan Suburban PS,"Near Panchal, Hassan",12.9819,76.1572,Insp. Prisha Yadav,2025,1,0
KAR/MAN/2024/1514,2025-04-19,03:55:00,vehicle_theft,"Reported incident of vehicle theft at Near Lal Chowk, Mandya. Suspect vehicle noticed with plate KA-25-A-5492.",open,Mandya,Mandya Suburban PS,"Near Lal Chowk, Mandya",12.5755,76.913,Insp. Michael Butala,2025,4,3
KAR/UDU/2024/1515,2024-12-02,02:31:00,robbery,"Reported incident of robbery at Near Nayak Circle, Udupi. Suspect vehicle noticed with plate KA-02-P-7960.",chargesheeted,Udupi,Udupi Rural PS,"Near Nayak Circle, Udupi",13.3552,74.6567,Insp. Vasudha Balasubramanian,2024,12,2
KAR/MAN/2024/1516,2024-07-21,08:40:00,vehicle_theft,"Reported incident of vehicle theft at Near Halder Nagar, Mangaluru (Dakshina Kannada). Suspect vehicle noticed with plate KA-12-M-2256.",open,Mangaluru (Dakshina Kannada),Mangaluru (Dakshina Kannada) Traffic PS,"Near Halder Nagar, Mangaluru (Dakshina Kannada)",12.8629,74.8604,Insp. Adya Talwar,2024,7,8
KAR/BEN/2024/1517,2025-04-28,15:42:00,assault,"Reported incident of assault at Near Sekhon Marg, Bengaluru Urban.",open,Bengaluru Urban,Bengaluru Urban Traffic PS,"Near Sekhon Marg, Bengaluru Urban",12.9872,77.5815,Insp. Pavani Nadkarni,2025,4,15
KAR/KOL/2024/1518,2024-06-23,03:34:00,robbery,"Reported incident of robbery at Near Johal Road, Kolar. Suspect vehicle noticed with plate KA-54-M-6767.",open,Kolar,Kolar Market PS,"Near Johal Road, Kolar",13.0507,78.0539,Insp. Udarsh Dua,2024,6,3
KAR/UDU/2024/1519,2024-10-23,11:46:00,kidnapping,"Reported incident of kidnapping at Near Deo Road, Udupi.",under_investigation,Udupi,Udupi Traffic PS,"Near Deo Road, Udupi",13.2837,74.7159,Insp. Gabriel Kala,2024,10,11
KAR/RAI/2024/1520,2024-06-17,06:58:00,assault,"Reported incident of assault at Near Swamy Chowk, Raichur.",under_investigation,Raichur,Raichur Rural PS,"Near Swamy Chowk, Raichur",16.2121,77.3256,Insp. Girik Ramaswamy,2024,6,6
KAR/BEN/2024/1521,2024-06-23,06:59:00,chain_snatching,"Reported incident of chain snatching at Near Deshpande Road, Bengaluru Urban. Suspect vehicle noticed with plate KA-08-M-2449.",under_investigation,Bengaluru Urban,Bengaluru Urban West PS,"Near Deshpande Road, Bengaluru Urban",12.872,77.5738,Insp. Balhaar Sarraf,2024,6,6
KAR/DAV/2024/1522,2024-06-01,12:26:00,drug_offence,"Reported incident of drug offence at Near Bhalla Chowk, Davangere.",under_investigation,Davangere,Davangere Market PS,"Near Bhalla Chowk, Davangere",14.532,75.9124,Insp. Advay Chander,2024,6,12
KAR/BID/2024/1523,2024-05-23,07:40:00,burglary,"Reported incident of burglary at Near Seth Path, Bidar.",open,Bidar,Bidar Suburban PS,"Near Seth Path, Bidar",17.9332,77.4461,Insp. Laksh De,2024,5,7
KAR/MAN/2024/1524,2024-04-11,04:25:00,fraud,"Reported incident of fraud at Near Kurian Ganj, Mandya.",under_investigation,Mandya,Mandya Suburban PS,"Near Kurian Ganj, Mandya",12.5697,76.8755,Insp. Siddharth Anne,2024,4,4
KAR/BEN/2024/1525,2025-05-04,05:45:00,cybercrime,"Reported incident of cybercrime at Near Saraf Street, Bengaluru Urban.",open,Bengaluru Urban,Bengaluru Urban East PS,"Near Saraf Street, Bengaluru Urban",12.9887,77.52,Insp. Rachana Lad,2025,5,5
KAR/KOL/2024/1526,2024-05-19,05:59:00,chain_snatching,"Reported incident of chain snatching at Near Bhat Nagar, Kolar. Suspect vehicle noticed with plate KA-16-B-1615.",open,Kolar,Kolar Suburban PS,"Near Bhat Nagar, Kolar",13.1129,78.111,Insp. Atharv Sehgal,2024,5,5
KAR/KOP/2024/1527,2024-04-21,00:19:00,fraud,"Reported incident of fraud at Near Goswami Ganj, Koppal.",open,Koppal,Koppal Suburban PS,"Near Goswami Ganj, Koppal",15.2981,76.0901,Insp. Geetika Mallick,2024,4,0
KAR/HAS/2024/1528,2024-05-28,00:49:00,vehicle_theft,"Reported incident of vehicle theft at Near Balan Chowk, Hassan. Suspect vehicle noticed with plate KA-14-P-9626.",under_investigation,Hassan,Hassan Market PS,"Near Balan Chowk, Hassan",13.0923,76.1706,Insp. Arunima Dugal,2024,5,0
KAR/BEN/2024/1529,2024-06-14,23:22:00,property_crime,"Reported incident of property crime at Near Kar, Bengaluru Urban.",open,Bengaluru Urban,Bengaluru Urban East PS,"Near Kar, Bengaluru Urban",13.0342,77.5491,Insp. Vasatika Madan,2024,6,23
KAR/BAL/2024/1530,2024-09-13,20:28:00,vehicle_theft,"Reported incident of vehicle theft at Near Biswas Circle, Ballari. Suspect vehicle noticed with plate KA-08-A-4714.",open,Ballari,Ballari Suburban PS,"Near Biswas Circle, Ballari",15.2075,76.8747,Insp. Anirudh Gupta,2024,9,20
KAR/BEN/2024/1531,2024-12-16,10:55:00,chain_snatching,"Reported incident of chain snatching at Near Mittal Zila, Bengaluru Urban. Suspect vehicle noticed with plate KA-14-KB-1805.",under_investigation,Bengaluru Urban,Bengaluru Urban West PS,"Near Mittal Zila, Bengaluru Urban",12.9068,77.5946,Insp. Sneha Gara,2024,12,10
KAR/KOL/2024/1532,2025-04-26,04:26:00,robbery,"Reported incident of robbery at Near Hari Zila, Kolar. Suspect vehicle noticed with plate KA-33-P-9481.",open,Kolar,Kolar Town PS,"Near Hari Zila, Kolar",13.1237,78.1898,Insp. Nicholas Soni,2025,4,4
KAR/DAV/2024/1533,2024-05-22,01:02:00,property_crime,"Reported incident of property crime at Near Dube, Davangere.",under_investigation,Davangere,Davangere Market PS,"Near Dube, Davangere",14.507,75.9016,Insp. Warhi Nanda,2024,5,1
KAR/BEN/2024/1534,2025-03-26,01:46:00,hit_and_run,"Reported incident of hit and run at Near Gola Circle, Bengaluru Urban.",open,Bengaluru Urban,Bengaluru Urban Central PS,"Near Gola Circle, Bengaluru Urban",13.0099,77.6195,Insp. Maya Bhatt,2025,3,1
KAR/BEN/2024/1535,2024-05-13,13:38:00,property_crime,"Reported incident of property crime at Near Mitter Zila, Bengaluru Urban.",under_investigation,Bengaluru Urban,Bengaluru Urban Central PS,"Near Mitter Zila, Bengaluru Urban",12.9627,77.6411,Insp. Hiral Kala,2024,5,13
KAR/BEN/2024/1536,2024-04-25,13:25:00,eve_teasing,"Reported incident of eve teasing at Near Chakrabarti Street, Bengaluru Urban.",open,Bengaluru Urban,Bengaluru Urban Traffic PS,"Near Chakrabarti Street, Bengaluru Urban",13.017,77.5981,Insp. Deepa Chaudhari,2024,4,13
KAR/BEN/2024/1537,2024-05-03,01:24:00,assault,"Reported incident of assault at Near Vasa Zila, Bengaluru Urban.",open,Bengaluru Urban,Bengaluru Urban North PS,"Near Vasa Zila, Bengaluru Urban",12.9839,77.5869,Insp. Nathaniel Dhar,2024,5,1
KAR/KAL/2024/1538,2024-10-15,00:14:00,vehicle_theft,"Reported incident of vehicle theft at Near Shukla Road, Kalaburagi. Suspect vehicle noticed with plate KA-38-B-3316.",open,Kalaburagi,Kalaburagi Suburban PS,"Near Shukla Road, Kalaburagi",17.2763,76.9273,Insp. Vidhi Golla,2024,10,0
KAR/BEN/2024/1539,2024-06-26,18:58:00,vehicle_theft,"Reported incident of vehicle theft at Near Batra Circle, Bengaluru Urban. Suspect vehicle noticed with plate KA-45-KA-2393.",open,Bengaluru Urban,Bengaluru Urban Central PS,"Near Batra Circle, Bengaluru Urban",13.0115,77.624,Insp. Vamakshi Padmanabhan,2024,6,18
KAR/KAL/2024/1540,2025-01-20,15:26:00,eve_teasing,"Reported incident of eve teasing at Near Kara Ganj, Kalaburagi.",open,Kalaburagi,Kalaburagi Suburban PS,"Near Kara Ganj, Kalaburagi",17.2336,76.9144,Insp. Matthew Naidu,2025,1,15
KAR/KAL/2024/1541,2024-11-03,00:27:00,property_crime,"Reported incident of property crime at Near Khalsa Zila, Kalaburagi.",closed,Kalaburagi,Kalaburagi Market PS,"Near Khalsa Zila, Kalaburagi",17.3376,76.7935,Insp. Victor Upadhyay,2024,11,0
KAR/HUB/2024/1542,2024-02-20,16:27:00,cybercrime,"Reported incident of cybercrime at Near Bandi Ganj, Hubballi-Dharwad.",open,Hubballi-Dharwad,Hubballi-Dharwad Rural PS,"Near Bandi Ganj, Hubballi-Dharwad",15.3671,75.1531,Insp. Frado Dani,2024,2,16
KAR/RAI/2024/1543,2024-09-27,12:33:00,burglary,"Reported incident of burglary at Near Khare Marg, Raichur.",open,Raichur,Raichur Industrial PS,"Near Khare Marg, Raichur",16.165,77.4079,Insp. Samesh Chaudhary,2024,9,12
KAR/TUM/2024/1544,2024-01-06,02:21:00,burglary,"Reported incident of burglary at Near Rattan, Tumakuru.",open,Tumakuru,Tumakuru Rural PS,"Near Rattan, Tumakuru",13.3007,77.1266,Insp. Vrishti Anand,2024,1,2
KAR/BEN/2024/1545,2025-03-13,09:22:00,assault,"Reported incident of assault at Near Vyas Ganj, Bengaluru Urban.",under_investigation,Bengaluru Urban,Bengaluru Urban West PS,"Near Vyas Ganj, Bengaluru Urban",12.8825,77.57,Insp. Ojas Devi,2025,3,9
KAR/VIJ/2024/1546,2024-04-24,04:15:00,hit_and_run,"Reported incident of hit and run at Near Garg, Vijayapura.",closed,Vijayapura,Vijayapura Suburban PS,"Near Garg, Vijayapura",16.7839,75.6895,Insp. Nidra Sarraf,2024,4,4
KAR/MAN/2024/1547,2024-10-30,17:13:00,robbery,"Reported incident of robbery at Near Sawhney Zila, Mandya. Suspect vehicle noticed with plate KA-13-B-4228.",open,Mandya,Mandya Town PS,"Near Sawhney Zila, Mandya",12.5385,76.9667,Insp. Parth Varghese,2024,10,17
KAR/CHI/2024/1548,2024-02-15,10:57:00,vehicle_theft,"Reported incident of vehicle theft at Near Chander Chowk, Chikkamagaluru. Suspect vehicle noticed with plate KA-16-KB-6445.",chargesheeted,Chikkamagaluru,Chikkamagaluru Industrial PS,"Near Chander Chowk, Chikkamagaluru",13.3838,75.7578,Insp. Yashica Bains,2024,2,10
KAR/HAS/2024/1549,2024-04-19,05:34:00,assault,"Reported incident of assault at Near Bansal Nagar, Hassan.",under_investigation,Hassan,Hassan Rural PS,"Near Bansal Nagar, Hassan",13.0634,76.0406,Insp. Yashvi Bhat,2024,4,5
KAR/MYS/2024/1550,2024-03-01,18:57:00,assault,"Reported incident of assault at Near Garde, Mysuru.",under_investigation,Mysuru,Mysuru North PS,"Near Garde, Mysuru",12.3356,76.665,Insp. Lakshit Cheema,2024,3,18
KAR/BEN/2024/1551,2025-01-29,03:51:00,fraud,"Reported incident of fraud at Near Sunder, Bengaluru Urban.",open,Bengaluru Urban,Bengaluru Urban Central PS,"Near Sunder, Bengaluru Urban",13.0095,77.657,Insp. Aarna Mutti,2025,1,3
KAR/BEN/2024/1552,2025-03-29,08:33:00,senior_citizen_crime,"Reported incident of senior citizen crime at Near Talwar, Bengaluru Urban.",open,Bengaluru Urban,Bengaluru Urban North PS,"Near Talwar, Bengaluru Urban",13.0028,77.6005,Insp. Advika Karan,2025,3,8
KAR/BID/2024/1553,2025-04-18,21:10:00,property_crime,"Reported incident of property crime at Near Som Circle, Bidar.",open,Bidar,Bidar Industrial PS,"Near Som Circle, Bidar",17.9127,77.5583,Insp. Gunbir Maharaj,2025,4,21
KAR/MAN/2024/1554,2024-07-08,15:19:00,fraud,"Reported incident of fraud at Near Balan Path, Mangaluru (Dakshina Kannada).",under_investigation,Mangaluru (Dakshina Kannada),Mangaluru (Dakshina Kannada) Rural PS,"Near Balan Path, Mangaluru (Dakshina Kannada)",12.8267,74.878,Insp. Upasna Dara,2024,7,15
KAR/BEN/2024/1555,2024-08-29,09:22:00,chain_snatching,"Reported incident of chain snatching at Near Nadig Street, Bengaluru Urban. Suspect vehicle noticed with plate KA-16-B-8241.",open,Bengaluru Urban,Bengaluru Urban Traffic PS,"Near Nadig Street, Bengaluru Urban",13.01,77.5713,Insp. Quincy Prabhakar,2024,8,9
KAR/SHI/2024/1556,2024-03-02,08:43:00,property_crime,"Reported incident of property crime at Near Dua Zila, Shivamogga.",open,Shivamogga,Shivamogga Town PS,"Near Dua Zila, Shivamogga",13.9485,75.5508,Insp. Harini Ramaswamy,2024,3,8
KAR/BEN/2024/1557,2025-04-21,03:47:00,assault,"Reported incident of assault at Near Saran Circle, Bengaluru Urban.",under_investigation,Bengaluru Urban,Bengaluru Urban Central PS,"Near Saran Circle, Bengaluru Urban",12.9657,77.609,Insp. Bhanumati Yohannan,2025,4,3
KAR/BAL/2024/1558,2024-06-19,18:41:00,drug_offence,"Reported incident of drug offence at Near Sarkar Nagar, Ballari.",chargesheeted,Ballari,Ballari Industrial PS,"Near Sarkar Nagar, Ballari",15.0876,76.955,Insp. Hemal Bir,2024,6,18
KAR/MYS/2024/1559,2025-05-27,14:39:00,fraud,"Reported incident of fraud at Near Pandya Marg, Mysuru.",chargesheeted,Mysuru,Mysuru South PS,"Near Pandya Marg, Mysuru",12.3482,76.5815,Insp. Triveni Palla,2025,5,14
KAR/UDU/2024/1560,2024-07-31,18:45:00,fraud,"Reported incident of fraud at Near Tara Zila, Udupi.",under_investigation,Udupi,Udupi Suburban PS,"Near Tara Zila, Udupi",13.2792,74.7468,Insp. Harini Aggarwal,2024,7,18
KAR/MYS/2024/1561,2024-06-10,11:42:00,property_crime,"Reported incident of property crime at Near Mohanty Street, Mysuru.",chargesheeted,Mysuru,Mysuru East PS,"Near Mohanty Street, Mysuru",12.2723,76.7105,Insp. Kamala Wason,2024,6,11
KAR/CHI/2024/1562,2024-05-02,19:44:00,fraud,"Reported incident of fraud at Near Mishra, Chikkamagaluru.",open,Chikkamagaluru,Chikkamagaluru Town PS,"Near Mishra, Chikkamagaluru",13.2508,75.7265,Insp. Isaac Barad,2024,5,19
KAR/BEN/2024/1563,2024-11-05,21:19:00,chain_snatching,"Reported incident of chain snatching at Near Balasubramanian Chowk, Bengaluru Urban. Suspect vehicle noticed with plate KA-52-KA-9827.",under_investigation,Bengaluru Urban,Bengaluru Urban South PS,"Near Balasubramanian Chowk, Bengaluru Urban",13.008,77.5987,Insp. Aarini Nagy,2024,11,21
KAR/SHI/2024/1564,2024-07-14,19:11:00,assault,"Reported incident of assault at Near Sahota Path, Shivamogga.",open,Shivamogga,Shivamogga Traffic PS,"Near Sahota Path, Shivamogga",14.0216,75.6086,Insp. Sai Oak,2024,7,19
KAR/KOL/2024/1565,2025-03-25,07:37:00,murder,"Reported incident of murder at Near Nagar, Kolar.",open,Kolar,Kolar Town PS,"Near Nagar, Kolar",13.0915,78.1672,Insp. Ryan Krishnan,2025,3,7
KAR/MAN/2024/1566,2024-04-07,02:04:00,vehicle_theft,"Reported incident of vehicle theft at Near Pandya Circle, Mandya. Suspect vehicle noticed with plate KA-53-KB-9170.",open,Mandya,Mandya Suburban PS,"Near Pandya Circle, Mandya",12.5962,76.9081,Insp. Wishi Rau,2024,4,2
KAR/KOL/2024/1567,2024-07-20,01:40:00,vehicle_theft,"Reported incident of vehicle theft at Near Parmar Marg, Kolar. Suspect vehicle noticed with plate KA-08-M-4701.",open,Kolar,Kolar Industrial PS,"Near Parmar Marg, Kolar",13.2073,78.0385,Insp. Damini Salvi,2024,7,1
KAR/KAL/2024/1568,2024-07-28,18:23:00,assault,"Reported incident of assault at Near Master Zila, Kalaburagi.",open,Kalaburagi,Kalaburagi Industrial PS,"Near Master Zila, Kalaburagi",17.3473,76.8724,Insp. Waida Singhal,2024,7,18
KAR/BEN/2024/1569,2025-04-28,00:57:00,cybercrime,"Reported incident of cybercrime at Near Dara Circle, Bengaluru Urban.",under_investigation,Bengaluru Urban,Bengaluru Urban Traffic PS,"Near Dara Circle, Bengaluru Urban",12.9664,77.5716,Insp. Agastya Srinivas,2025,4,0
KAR/BEN/2024/1570,2024-05-24,09:00:00,fraud,"Reported incident of fraud at Near Soni Nagar, Bengaluru Urban.",under_investigation,Bengaluru Urban,Bengaluru Urban Traffic PS,"Near Soni Nagar, Bengaluru Urban",13.0111,77.5605,Insp. Qabil Narayanan,2024,5,9
KAR/SHI/2024/1571,2025-04-25,01:07:00,burglary,"Reported incident of burglary at Near Dugal, Shivamogga.",open,Shivamogga,Shivamogga Rural PS,"Near Dugal, Shivamogga",14.0013,75.5121,Insp. Radha Radhakrishnan,2025,4,1
KAR/BEN/2024/1572,2024-02-04,17:59:00,murder,"Reported incident of murder at Near Baral, Bengaluru Urban.",open,Bengaluru Urban,Bengaluru Urban Central PS,"Near Baral, Bengaluru Urban",13.0019,77.641,Insp. Laksh Viswanathan,2024,2,17
KAR/TUM/2024/1573,2025-05-02,08:59:00,eve_teasing,"Reported incident of eve teasing at Near Balay Ganj, Tumakuru.",chargesheeted,Tumakuru,Tumakuru Traffic PS,"Near Balay Ganj, Tumakuru",13.3048,77.0902,Insp. Januja Rana,2025,5,8
KAR/BAL/2024/1574,2024-10-03,08:44:00,assault,"Reported incident of assault at Near Sarna Chowk, Ballari.",open,Ballari,Ballari Town PS,"Near Sarna Chowk, Ballari",15.0724,76.989,Insp. Vasudha Trivedi,2024,10,8
KAR/BEN/2024/1575,2024-03-07,08:46:00,domestic_violence,"Reported incident of domestic violence at Near Oommen Road, Bengaluru Urban.",under_investigation,Bengaluru Urban,Bengaluru Urban East PS,"Near Oommen Road, Bengaluru Urban",13.0268,77.5492,Insp. Daksha Kapadia,2024,3,8
KAR/RAI/2024/1576,2024-08-18,14:41:00,eve_teasing,"Reported incident of eve teasing at Near Borra Circle, Raichur.",open,Raichur,Raichur Market PS,"Near Borra Circle, Raichur",16.2372,77.3071,Insp. Nachiket Wadhwa,2024,8,14
KAR/SHI/2024/1577,2025-03-09,02:46:00,cybercrime,"Reported incident of cybercrime at Near Ramanathan Chowk, Shivamogga.",open,Shivamogga,Shivamogga Traffic PS,"Near Ramanathan Chowk, Shivamogga",13.9937,75.6088,Insp. Samarth Nazareth,2025,3,2
KAR/DAV/2024/1578,2024-11-27,15:50:00,vehicle_theft,"Reported incident of vehicle theft at Near Desai Chowk, Davangere. Suspect vehicle noticed with plate KA-23-A-2946.",chargesheeted,Davangere,Davangere Rural PS,"Near Desai Chowk, Davangere",14.5125,75.91,Insp. Lopa Gulati,2024,11,15
KAR/HUB/2024/1579,2025-02-22,02:20:00,robbery,"Reported incident of robbery at Near Garg Marg, Hubballi-Dharwad. Suspect vehicle noticed with plate KA-22-M-2667.",open,Hubballi-Dharwad,Hubballi-Dharwad Market PS,"Near Garg Marg, Hubballi-Dharwad",15.2987,75.0793,Insp. Raksha Manda,2025,2,2
KAR/BAL/2024/1580,2024-10-21,16:18:00,hit_and_run,"Reported incident of hit and run at Near Yogi Zila, Ballari.",open,Ballari,Ballari Industrial PS,"Near Yogi Zila, Ballari",15.0824,76.931,Insp. Aahana Sahota,2024,10,16
KAR/BEN/2024/1581,2024-09-27,21:32:00,burglary,"Reported incident of burglary at Near Dani Path, Bengaluru Rural.",open,Bengaluru Rural,Bengaluru Rural West PS,"Near Dani Path, Bengaluru Rural",13.286,77.6628,Insp. Ishaan Sehgal,2024,9,21
KAR/BEN/2024/1582,2025-02-22,23:39:00,assault,"Reported incident of assault at Near Srinivas Street, Bengaluru Urban.",open,Bengaluru Urban,Bengaluru Urban Traffic PS,"Near Srinivas Street, Bengaluru Urban",12.9854,77.5502,Insp. Lakshit Narasimhan,2025,2,23
KAR/KOP/2024/1583,2024-02-09,07:12:00,burglary,"Reported incident of burglary at Near Kashyap Chowk, Koppal.",open,Koppal,Koppal Town PS,"Near Kashyap Chowk, Koppal",15.3439,76.2335,Insp. Samesh Date,2024,2,7
KAR/KOL/2024/1584,2024-11-27,06:40:00,chain_snatching,"Reported incident of chain snatching at Near Nadkarni Street, Kolar. Suspect vehicle noticed with plate KA-51-M-6898.",under_investigation,Kolar,Kolar Suburban PS,"Near Nadkarni Street, Kolar",13.1174,78.1268,Insp. Osha Narasimhan,2024,11,6
KAR/HUB/2024/1585,2024-05-15,17:15:00,burglary,"Reported incident of burglary at Near Srivastava Ganj, Hubballi-Dharwad.",open,Hubballi-Dharwad,Hubballi-Dharwad Traffic PS,"Near Srivastava Ganj, Hubballi-Dharwad",15.326,75.1602,Insp. Jairaj Sengupta,2024,5,17
KAR/SHI/2024/1586,2025-03-24,09:21:00,fraud,"Reported incident of fraud at Near Dada Zila, Shivamogga.",chargesheeted,Shivamogga,Shivamogga Traffic PS,"Near Dada Zila, Shivamogga",14.0207,75.5908,Insp. Falguni Madan,2025,3,9
KAR/BEN/2024/1587,2025-04-19,09:58:00,eve_teasing,"Reported incident of eve teasing at Near Bhasin Chowk, Bengaluru Urban.",open,Bengaluru Urban,Bengaluru Urban North PS,"Near Bhasin Chowk, Bengaluru Urban",12.9953,77.5671,Insp. Thomas Ganesh,2025,4,9
KAR/RAI/2024/1588,2024-10-17,20:36:00,chain_snatching,"Reported incident of chain snatching at Near Kade Ganj, Raichur. Suspect vehicle noticed with plate KA-26-KB-9515.",under_investigation,Raichur,Raichur Traffic PS,"Near Kade Ganj, Raichur",16.2098,77.3274,Insp. Raghav Dave,2024,10,20
KAR/BEN/2024/1589,2024-12-14,14:38:00,chain_snatching,"Reported incident of chain snatching at Near Sibal Ganj, Bengaluru Urban. Suspect vehicle noticed with plate KA-22-A-2998.",under_investigation,Bengaluru Urban,Bengaluru Urban South PS,"Near Sibal Ganj, Bengaluru Urban",13.0156,77.5659,Insp. Nihal Bala,2024,12,14
KAR/BAL/2024/1590,2024-06-24,07:27:00,vehicle_theft,"Reported incident of vehicle theft at Near Som Path, Ballari. Suspect vehicle noticed with plate KA-20-KB-2406.",open,Ballari,Ballari Suburban PS,"Near Som Path, Ballari",15.2081,76.8633,Insp. Harinakshi Mittal,2024,6,7
KAR/UDU/2024/1591,2024-10-21,05:17:00,vehicle_theft,"Reported incident of vehicle theft at Near Rao Marg, Udupi. Suspect vehicle noticed with plate KA-36-KB-2634.",chargesheeted,Udupi,Udupi Traffic PS,"Near Rao Marg, Udupi",13.3099,74.7506,Insp. Harinakshi Bail,2024,10,5
KAR/BEN/2024/1592,2024-09-08,05:47:00,kidnapping,"Reported incident of kidnapping at Near Kala Chowk, Bengaluru Urban.",open,Bengaluru Urban,Bengaluru Urban Central PS,"Near Kala Chowk, Bengaluru Urban",13.0156,77.6246,Insp. Gauri Dhar,2024,9,5
KAR/BEN/2024/1593,2024-09-28,20:35:00,eve_teasing,"Reported incident of eve teasing at Near Sodhi Marg, Bengaluru Urban.",open,Bengaluru Urban,Bengaluru Urban South PS,"Near Sodhi Marg, Bengaluru Urban",13.0006,77.5759,Insp. Vrishti Sha,2024,9,20
KAR/BEN/2024/1594,2024-08-24,08:15:00,vehicle_theft,"Reported incident of vehicle theft at Near Thakkar Path, Bengaluru Urban. Suspect vehicle noticed with plate KA-53-A-8417.",open,Bengaluru Urban,Bengaluru Urban East PS,"Near Thakkar Path, Bengaluru Urban",13.021,77.5607,Insp. Isaac Dhawan,2024,8,8
KAR/BEL/2024/1595,2024-02-25,18:01:00,vehicle_theft,"Reported incident of vehicle theft at Near Kashyap Street, Belagavi. Suspect vehicle noticed with plate KA-16-KB-5735.",open,Belagavi,Belagavi Town PS,"Near Kashyap Street, Belagavi",15.8274,74.5277,Insp. Meera Chaudhuri,2024,2,18
KAR/VIJ/2024/1596,2024-10-10,04:19:00,robbery,"Reported incident of robbery at Near Barad Ganj, Vijayapura. Suspect vehicle noticed with plate KA-32-KA-9540.",open,Vijayapura,Vijayapura Market PS,"Near Barad Ganj, Vijayapura",16.8648,75.6352,Insp. Abha Bir,2024,10,4
KAR/KOP/2024/1597,2024-12-26,12:50:00,chain_snatching,"Reported incident of chain snatching at Near Deshmukh Zila, Koppal. Suspect vehicle noticed with plate KA-38-A-6579.",open,Koppal,Koppal Rural PS,"Near Deshmukh Zila, Koppal",15.3955,76.0931,Insp. Abhimanyu Gill,2024,12,12
KAR/CHI/2024/1598,2024-02-27,19:31:00,senior_citizen_crime,"Reported incident of senior citizen crime at Near Dugal, Chikkamagaluru.",under_investigation,Chikkamagaluru,Chikkamagaluru Rural PS,"Near Dugal, Chikkamagaluru",13.2962,75.7796,Insp. Shaurya Suri,2024,2,19
KAR/MYS/2024/1599,2024-07-28,22:56:00,drug_offence,"Reported incident of drug offence at Near Chaudhari, Mysuru.",under_investigation,Mysuru,Mysuru Traffic PS,"Near Chaudhari, Mysuru",12.3495,76.5777,Insp. Jagdish Dada,2024,7,22
KAR/BEN/2024/1600,2024-05-24,07:52:00,murder,"Reported incident of murder at Near Dass Ganj, Bengaluru Urban.",open,Bengaluru Urban,Bengaluru Urban Central PS,"Near Dass Ganj, Bengaluru Urban",12.9649,77.6195,Insp. Kamala Thaman,2024,5,7
KAR/BEN/2024/1601,2024-06-07,12:35:00,vehicle_theft,"Reported incident of vehicle theft at Near Banik Street, Bengaluru Urban. Suspect vehicle noticed with plate KA-06-M-9555.",under_investigation,Bengaluru Urban,Bengaluru Urban South PS,"Near Banik Street, Bengaluru Urban",12.996,77.5861,Insp. Reyansh Chopra,2024,6,12
KAR/CHI/2024/1602,2025-01-27,21:29:00,burglary,"Reported incident of burglary at Near Deshmukh Circle, Chikkamagaluru.",chargesheeted,Chikkamagaluru,Chikkamagaluru Traffic PS,"Near Deshmukh Circle, Chikkamagaluru",13.3015,75.7304,Insp. Rohan Pingle,2025,1,21
KAR/HUB/2024/1603,2025-01-28,10:23:00,fraud,"Reported incident of fraud at Near Prabhu Nagar, Hubballi-Dharwad.",open,Hubballi-Dharwad,Hubballi-Dharwad Suburban PS,"Near Prabhu Nagar, Hubballi-Dharwad",15.3065,75.0965,Insp. Vincent Som,2025,1,10
KAR/BEN/2024/1604,2024-10-25,19:03:00,vehicle_theft,"Reported incident of vehicle theft at Near Gopal, Bengaluru Urban. Suspect vehicle noticed with plate KA-11-N-2293.",under_investigation,Bengaluru Urban,Bengaluru Urban Central PS,"Near Gopal, Bengaluru Urban",13.0107,77.6401,Insp. Ikbal Mittal,2024,10,19
KAR/CHI/2024/1605,2024-10-28,01:22:00,vehicle_theft,"Reported incident of vehicle theft at Near Kumar Zila, Chikkamagaluru. Suspect vehicle noticed with plate KA-03-KA-7714.",under_investigation,Chikkamagaluru,Chikkamagaluru Market PS,"Near Kumar Zila, Chikkamagaluru",13.3105,75.6995,Insp. Hemani Reddy,2024,10,1
KAR/RAI/2024/1606,2024-02-18,06:20:00,burglary,"Reported incident of burglary at Near Nazareth Ganj, Raichur.",open,Raichur,Raichur Rural PS,"Near Nazareth Ganj, Raichur",16.2575,77.3415,Insp. Lakshmi Mahajan,2024,2,6
KAR/BEN/2024/1607,2025-01-13,16:14:00,assault,"Reported incident of assault at Near Dara Street, Bengaluru Urban.",under_investigation,Bengaluru Urban,Bengaluru Urban West PS,"Near Dara Street, Bengaluru Urban",12.8698,77.5603,Insp. Harita Mutti,2025,1,16
KAR/SHI/2024/1608,2024-03-20,00:43:00,robbery,"Reported incident of robbery at Near Nagy, Shivamogga. Suspect vehicle noticed with plate KA-10-KB-6072.",open,Shivamogga,Shivamogga Traffic PS,"Near Nagy, Shivamogga",14.0189,75.5811,Insp. Anika Bal,2024,3,0
KAR/SHI/2024/1609,2025-03-12,10:26:00,cybercrime,"Reported incident of cybercrime at Near Jain Chowk, Shivamogga.",open,Shivamogga,Shivamogga Rural PS,"Near Jain Chowk, Shivamogga",13.9527,75.4926,Insp. Vrishti Rai,2025,3,10
KAR/BAL/2024/1610,2024-01-05,15:24:00,murder,"Reported incident of murder at Near Dhaliwal, Ballari.",under_investigation,Ballari,Ballari Traffic PS,"Near Dhaliwal, Ballari",15.0882,76.9664,Insp. Chandresh Korpal,2024,1,15
KAR/BEL/2024/1611,2025-03-14,20:08:00,chain_snatching,"Reported incident of chain snatching at Near Borah Marg, Belagavi. Suspect vehicle noticed with plate KA-49-N-9759.",under_investigation,Belagavi,Belagavi Market PS,"Near Borah Marg, Belagavi",15.8785,74.4208,Insp. Luke Kar,2025,3,20
KAR/BEN/2024/1612,2024-11-26,20:56:00,property_crime,"Reported incident of property crime at Near Master Path, Bengaluru Urban.",chargesheeted,Bengaluru Urban,Bengaluru Urban Central PS,"Near Master Path, Bengaluru Urban",12.9631,77.6055,Insp. Chakradhar Rama,2024,11,20
KAR/KOL/2024/1613,2024-10-02,11:39:00,vehicle_theft,"Reported incident of vehicle theft at Near Seshadri Road, Kolar. Suspect vehicle noticed with plate KA-20-N-9833.",open,Kolar,Kolar Rural PS,"Near Seshadri Road, Kolar",13.1571,78.1799,Insp. Jeet Kar,2024,10,11
KAR/MYS/2024/1614,2024-10-14,15:55:00,chain_snatching,"Reported incident of chain snatching at Near Pal Path, Mysuru. Suspect vehicle noticed with plate KA-14-KB-9638.",open,Mysuru,Mysuru South PS,"Near Pal Path, Mysuru",12.3332,76.5821,Insp. Idika Din,2024,10,15
KAR/UDU/2024/1615,2024-07-12,09:53:00,assault,"Reported incident of assault at Near Toor, Udupi.",open,Udupi,Udupi Industrial PS,"Near Toor, Udupi",13.3213,74.6934,Insp. Samar Seshadri,2024,7,9
KAR/KOP/2024/1616,2025-03-31,08:24:00,cybercrime,"Reported incident of cybercrime at Near Char Path, Koppal.",under_investigation,Koppal,Koppal Industrial PS,"Near Char Path, Koppal",15.3102,76.1009,Insp. Advay Mammen,2025,3,8
KAR/KAL/2024/1617,2024-02-26,07:25:00,chain_snatching,"Reported incident of chain snatching at Near Desai Ganj, Kalaburagi. Suspect vehicle noticed with plate KA-18-B-7631.",chargesheeted,Kalaburagi,Kalaburagi Industrial PS,"Near Desai Ganj, Kalaburagi",17.3399,76.9015,Insp. Yatin Saini,2024,2,7
KAR/BEN/2024/1618,2025-02-19,07:08:00,drug_offence,"Reported incident of drug offence at Near Nagy Chowk, Bengaluru Urban.",open,Bengaluru Urban,Bengaluru Urban Traffic PS,"Near Nagy Chowk, Bengaluru Urban",12.9823,77.5662,Insp. Charles Kant,2025,2,7
KAR/MAN/2024/1619,2025-03-17,04:44:00,eve_teasing,"Reported incident of eve teasing at Near Sinha, Mandya.",open,Mandya,Mandya Industrial PS,"Near Sinha, Mandya",12.5057,76.9714,Insp. Aryan Thakur,2025,3,4
KAR/BEN/2024/1620,2025-05-03,08:06:00,burglary,"Reported incident of burglary at Near Rai Path, Bengaluru Urban.",under_investigation,Bengaluru Urban,Bengaluru Urban Central PS,"Near Rai Path, Bengaluru Urban",13.0157,77.6556,Insp. Vyanjana Mohanty,2025,5,8
KAR/BEN/2024/1621,2024-08-25,01:40:00,vehicle_theft,"Reported incident of vehicle theft at Near Varghese Path, Bengaluru Urban. Suspect vehicle noticed with plate KA-16-A-3971.",under_investigation,Bengaluru Urban,Bengaluru Urban East PS,"Near Varghese Path, Bengaluru Urban",12.9821,77.5474,Insp. Hredhaan Doctor,2024,8,1
KAR/MAN/2024/1622,2024-07-21,18:28:00,vehicle_theft,"Reported incident of vehicle theft at Near Bumb Marg, Mangaluru (Dakshina Kannada). Suspect vehicle noticed with plate KA-18-A-7904.",open,Mangaluru (Dakshina Kannada),Mangaluru (Dakshina Kannada) Market PS,"Near Bumb Marg, Mangaluru (Dakshina Kannada)",12.8652,74.8581,Insp. George Tailor,2024,7,18
KAR/BEN/2024/1623,2025-03-09,14:37:00,vehicle_theft,"Reported incident of vehicle theft at Near Dixit Ganj, Bengaluru Urban. Suspect vehicle noticed with plate KA-03-KB-7069.",under_investigation,Bengaluru Urban,Bengaluru Urban Central PS,"Near Dixit Ganj, Bengaluru Urban",12.994,77.6334,Insp. Omya Rege,2025,3,14
KAR/KOL/2024/1624,2024-09-25,00:32:00,assault,"Reported incident of assault at Near Chopra Nagar, Kolar.",under_investigation,Kolar,Kolar Market PS,"Near Chopra Nagar, Kolar",13.0531,78.0564,Insp. Neelima Roy,2024,9,0
KAR/HAS/2024/1625,2024-12-28,13:29:00,hit_and_run,"Reported incident of hit and run at Near Vyas Ganj, Hassan.",open,Hassan,Hassan Suburban PS,"Near Vyas Ganj, Hassan",12.9784,76.2028,Insp. Wridesh Chahal,2024,12,13
KAR/HAS/2024/1626,2024-12-28,18:58:00,vehicle_theft,"Reported incident of vehicle theft at Near Chana Ganj, Hassan. Suspect vehicle noticed with plate KA-32-B-9931.",closed,Hassan,Hassan Town PS,"Near Chana Ganj, Hassan",13.042,76.0018,Insp. Chaaya Bhakta,2024,12,18
KAR/HUB/2024/1627,2024-04-30,13:56:00,burglary,"Reported incident of burglary at Near Roy, Hubballi-Dharwad.",open,Hubballi-Dharwad,Hubballi-Dharwad Industrial PS,"Near Roy, Hubballi-Dharwad",15.3485,75.0907,Insp. Michael Char,2024,4,13
KAR/BEN/2024/1628,2024-01-09,08:16:00,vehicle_theft,"Reported incident of vehicle theft at Near Kant Nagar, Bengaluru Urban. Suspect vehicle noticed with plate KA-03-KB-7246.",closed,Bengaluru Urban,Bengaluru Urban Traffic PS,"Near Kant Nagar, Bengaluru Urban",12.9848,77.5537,Insp. Anmol Salvi,2024,1,8
KAR/RAI/2024/1629,2025-05-22,10:55:00,hit_and_run,"Reported incident of hit and run at Near Palla Circle, Raichur.",open,Raichur,Raichur Town PS,"Near Palla Circle, Raichur",16.2084,77.3773,Insp. Yashica Samra,2025,5,10
KAR/BEN/2024/1630,2024-11-27,01:14:00,vehicle_theft,"Reported incident of vehicle theft at Near Sabharwal Chowk, Bengaluru Urban. Suspect vehicle noticed with plate KA-24-KB-9950.",open,Bengaluru Urban,Bengaluru Urban West PS,"Near Sabharwal Chowk, Bengaluru Urban",12.9017,77.5754,Insp. Qasim Balakrishnan,2024,11,1
KAR/VIJ/2024/1631,2024-08-20,00:42:00,assault,"Reported incident of assault at Near Sen Path, Vijayapura.",open,Vijayapura,Vijayapura Town PS,"Near Sen Path, Vijayapura",16.7638,75.7903,Insp. Rushil Buch,2024,8,0
KAR/VIJ/2024/1632,2024-08-08,21:43:00,cybercrime,"Reported incident of cybercrime at Near Bhakta Circle, Vijayapura.",open,Vijayapura,Vijayapura Town PS,"Near Bhakta Circle, Vijayapura",16.7789,75.7393,Insp. Januja Arora,2024,8,21
KAR/HUB/2024/1633,2025-04-24,02:03:00,cybercrime,"Reported incident of cybercrime at Near Chaudhari Ganj, Hubballi-Dharwad.",open,Hubballi-Dharwad,Hubballi-Dharwad Market PS,"Near Chaudhari Ganj, Hubballi-Dharwad",15.3172,75.1284,Insp. Liam Sabharwal,2025,4,2
KAR/BEN/2024/1634,2025-05-17,00:12:00,drug_offence,"Reported incident of drug offence at Near Modi Road, Bengaluru Urban.",chargesheeted,Bengaluru Urban,Bengaluru Urban Traffic PS,"Near Modi Road, Bengaluru Urban",12.9909,77.5731,Insp. Alka Nadig,2025,5,0
KAR/BEN/2024/1635,2024-10-24,14:12:00,vehicle_theft,"Reported incident of vehicle theft at Near Kota Path, Bengaluru Urban. Suspect vehicle noticed with plate KA-03-KA-7322.",under_investigation,Bengaluru Urban,Bengaluru Urban West PS,"Near Kota Path, Bengaluru Urban",12.8888,77.5406,Insp. Simon Wagle,2024,10,14
KAR/BEN/2024/1636,2024-10-05,21:49:00,chain_snatching,"Reported incident of chain snatching at Near Gokhale Circle, Bengaluru Urban. Suspect vehicle noticed with plate KA-40-A-2509.",under_investigation,Bengaluru Urban,Bengaluru Urban West PS,"Near Gokhale Circle, Bengaluru Urban",12.8667,77.5841,Insp. Farhan Kannan,2024,10,21
KAR/VIJ/2024/1637,2025-04-24,19:58:00,fraud,"Reported incident of fraud at Near Tella Ganj, Vijayapura.",closed,Vijayapura,Vijayapura Market PS,"Near Tella Ganj, Vijayapura",16.8593,75.6638,Insp. Krisha Golla,2025,4,19
KAR/HAS/2024/1638,2024-11-21,10:46:00,chain_snatching,"Reported incident of chain snatching at Near Bora Ganj, Hassan. Suspect vehicle noticed with plate KA-54-KA-1865.",under_investigation,Hassan,Hassan Town PS,"Near Bora Ganj, Hassan",13.0758,76.0369,Insp. Kashvi Nagi,2024,11,10
KAR/SHI/2024/1639,2024-12-13,17:35:00,vehicle_theft,"Reported incident of vehicle theft at Near Varughese Zila, Shivamogga. Suspect vehicle noticed with plate KA-09-N-8115.",open,Shivamogga,Shivamogga Market PS,"Near Varughese Zila, Shivamogga",13.952,75.637,Insp. Agastya Lanka,2024,12,17
KAR/BEN/2024/1640,2024-04-01,14:08:00,vehicle_theft,"Reported incident of vehicle theft at Near Bose Circle, Bengaluru Urban. Suspect vehicle noticed with plate KA-46-A-9241.",open,Bengaluru Urban,Bengaluru Urban Central PS,"Near Bose Circle, Bengaluru Urban",13.0032,77.6273,Insp. Max Kohli,2024,4,14
KAR/MAN/2024/1641,2024-10-21,22:40:00,murder,"Reported incident of murder at Near Shetty Circle, Mandya.",under_investigation,Mandya,Mandya Traffic PS,"Near Shetty Circle, Mandya",12.5521,76.8845,Insp. Ishaan Uppal,2024,10,22
KAR/KOP/2024/1642,2024-10-15,18:27:00,fraud,"Reported incident of fraud at Near Vala Ganj, Koppal.",open,Koppal,Koppal Market PS,"Near Vala Ganj, Koppal",15.3844,76.1921,Insp. Rehaan Rege,2024,10,18
KAR/CHI/2024/1643,2024-08-30,12:54:00,cybercrime,"Reported incident of cybercrime at Near Dar Circle, Chikkamagaluru.",under_investigation,Chikkamagaluru,Chikkamagaluru Market PS,"Near Dar Circle, Chikkamagaluru",13.3364,75.6955,Insp. Gaurang Muni,2024,8,12
KAR/MAN/2024/1644,2024-04-01,11:04:00,vehicle_theft,"Reported incident of vehicle theft at Near Golla Chowk, Mandya. Suspect vehicle noticed with plate KA-44-B-5052.",chargesheeted,Mandya,Mandya Suburban PS,"Near Golla Chowk, Mandya",12.5924,76.8877,Insp. Darsh Varma,2024,4,11
KAR/MAN/2024/1645,2024-07-22,17:30:00,fraud,"Reported incident of fraud at Near Sarkar Zila, Mandya.",open,Mandya,Mandya Market PS,"Near Sarkar Zila, Mandya",12.6133,76.8072,Insp. Samarth Mani,2024,7,17
KAR/HAS/2024/1646,2025-04-22,01:51:00,vehicle_theft,"Reported incident of vehicle theft at Near Bajaj Ganj, Hassan. Suspect vehicle noticed with plate KA-49-B-8794.",chargesheeted,Hassan,Hassan Market PS,"Near Bajaj Ganj, Hassan",13.0652,76.1759,Insp. Amara Kohli,2025,4,1
KAR/BEN/2024/1647,2025-02-08,11:43:00,eve_teasing,"Reported incident of eve teasing at Near Lad Chowk, Bengaluru Urban.",under_investigation,Bengaluru Urban,Bengaluru Urban South PS,"Near Lad Chowk, Bengaluru Urban",13.0244,77.5629,Insp. Darpan Lad,2025,2,11
KAR/UDU/2024/1648,2025-04-14,10:16:00,robbery,"Reported incident of robbery at Near Kalla Zila, Udupi. Suspect vehicle noticed with plate KA-10-KB-4354.",under_investigation,Udupi,Udupi Traffic PS,"Near Kalla Zila, Udupi",13.3172,74.7346,Insp. Dhriti Nazareth,2025,4,10
KAR/VIJ/2024/1649,2025-05-25,19:11:00,burglary,"Reported incident of burglary at Near Baria Street, Vijayapura.",under_investigation,Vijayapura,Vijayapura Rural PS,"Near Baria Street, Vijayapura",16.7799,75.6399,Insp. Logan Patil,2025,5,19
KAR/RAI/2024/1650,2025-05-24,08:21:00,vehicle_theft,"Reported incident of vehicle theft at Near Gokhale Street, Raichur. Suspect vehicle noticed with plate KA-10-KA-5983.",open,Raichur,Raichur Industrial PS,"Near Gokhale Street, Raichur",16.1267,77.4364,Insp. Chanakya Kaur,2025,5,8
KAR/TUM/2024/1651,2025-02-24,21:51:00,fraud,"Reported incident of fraud at Near Dass Path, Tumakuru.",open,Tumakuru,Tumakuru Traffic PS,"Near Dass Path, Tumakuru",13.2864,77.0855,Insp. Yoshita Kaul,2025,2,21
KAR/DAV/2024/1652,2024-01-14,06:58:00,burglary,"Reported incident of burglary at Near Kari, Davangere.",under_investigation,Davangere,Davangere Traffic PS,"Near Kari, Davangere",14.5414,75.9172,Insp. Yahvi Keer,2024,1,6
KAR/MAN/2024/1653,2024-02-23,10:03:00,vehicle_theft,"Reported incident of vehicle theft at Near Dubey Zila, Mandya. Suspect vehicle noticed with plate KA-30-KB-9689.",chargesheeted,Mandya,Mandya Rural PS,"Near Dubey Zila, Mandya",12.4947,76.8853,Insp. Samesh Buch,2024,2,10
KAR/BEN/2024/1654,2024-10-16,01:46:00,vehicle_theft,"Reported incident of vehicle theft at Near Kata Path, Bengaluru Urban. Suspect vehicle noticed with plate KA-10-KB-3369.",under_investigation,Bengaluru Urban,Bengaluru Urban South PS,"Near Kata Path, Bengaluru Urban",12.9902,77.5621,Insp. Kabir Dugar,2024,10,1
KAR/UDU/2024/1655,2025-01-03,19:11:00,cybercrime,"Reported incident of cybercrime at Near Muni Street, Udupi.",under_investigation,Udupi,Udupi Traffic PS,"Near Muni Street, Udupi",13.2768,74.7368,Insp. Lavanya Dar,2025,1,19
KAR/BEN/2024/1656,2024-05-14,12:55:00,assault,"Reported incident of assault at Near Goda Nagar, Bengaluru Rural.",open,Bengaluru Rural,Bengaluru Rural West PS,"Near Goda Nagar, Bengaluru Rural",13.263,77.6521,Insp. Yadavi Goyal,2024,5,12
KAR/BEN/2024/1657,2024-09-08,13:31:00,chain_snatching,"Reported incident of chain snatching at Near Murty Road, Bengaluru Rural. Suspect vehicle noticed with plate KA-15-B-1914.",open,Bengaluru Rural,Bengaluru Rural West PS,"Near Murty Road, Bengaluru Rural",13.3014,77.6526,Insp. Samuel Patel,2024,9,13
KAR/BEN/2024/1658,2024-02-01,15:43:00,cybercrime,"Reported incident of cybercrime at Near Gokhale Marg, Bengaluru Rural.",open,Bengaluru Rural,Bengaluru Rural East PS,"Near Gokhale Marg, Bengaluru Rural",13.2842,77.543,Insp. Zaitra Bath,2024,2,15
KAR/KOP/2024/1659,2024-03-27,14:27:00,murder,"Reported incident of murder at Near D’Alia Chowk, Koppal.",under_investigation,Koppal,Koppal Traffic PS,"Near D’Alia Chowk, Koppal",15.3967,76.1866,Insp. Lekha D’Alia,2024,3,14
KAR/CHI/2024/1660,2024-11-02,02:47:00,robbery,"Reported incident of robbery at Near Mital Path, Chikkamagaluru. Suspect vehicle noticed with plate KA-48-KB-8929.",open,Chikkamagaluru,Chikkamagaluru Industrial PS,"Near Mital Path, Chikkamagaluru",13.3436,75.7344,Insp. Rachana Dube,2024,11,2
KAR/BEN/2024/1661,2024-12-19,12:08:00,fraud,"Reported incident of fraud at Near Vyas Street, Bengaluru Urban.",under_investigation,Bengaluru Urban,Bengaluru Urban Central PS,"Near Vyas Street, Bengaluru Urban",12.9915,77.6518,Insp. Krisha Balasubramanian,2024,12,12
KAR/KAL/2024/1662,2024-10-31,12:04:00,robbery,"Reported incident of robbery at Near Gola Marg, Kalaburagi. Suspect vehicle noticed with plate KA-28-M-1657.",under_investigation,Kalaburagi,Kalaburagi Traffic PS,"Near Gola Marg, Kalaburagi",17.3767,76.8347,Insp. Eesha Anand,2024,10,12
KAR/BEN/2024/1663,2024-03-18,13:44:00,assault,"Reported incident of assault at Near Dugar Path, Bengaluru Urban.",open,Bengaluru Urban,Bengaluru Urban East PS,"Near Dugar Path, Bengaluru Urban",12.9975,77.5212,Insp. Praneel Kala,2024,3,13
KAR/BAL/2024/1664,2025-05-25,16:56:00,chain_snatching,"Reported incident of chain snatching at Near Sampath Nagar, Ballari. Suspect vehicle noticed with plate KA-25-B-7042.",open,Ballari,Ballari Rural PS,"Near Sampath Nagar, Ballari",15.0528,76.9184,Insp. Aryan Boase,2025,5,16
KAR/UDU/2024/1665,2024-02-22,03:01:00,fraud,"Reported incident of fraud at Near Sankar Ganj, Udupi.",open,Udupi,Udupi Industrial PS,"Near Sankar Ganj, Udupi",13.3492,74.7176,Insp. Damyanti Seshadri,2024,2,3
KAR/BEN/2024/1666,2024-11-16,02:32:00,eve_teasing,"Reported incident of eve teasing at Near Palla Chowk, Bengaluru Urban.",open,Bengaluru Urban,Bengaluru Urban Traffic PS,"Near Palla Chowk, Bengaluru Urban",12.9715,77.5576,Insp. Quincy Oommen,2024,11,2
KAR/RAI/2024/1667,2024-10-01,11:17:00,vehicle_theft,"Reported incident of vehicle theft at Near Rajagopal, Raichur. Suspect vehicle noticed with plate KA-11-A-5165.",under_investigation,Raichur,Raichur Industrial PS,"Near Rajagopal, Raichur",16.1402,77.426,Insp. Yutika Ramaswamy,2024,10,11
KAR/MAN/2024/1668,2024-12-07,00:58:00,vehicle_theft,"Reported incident of vehicle theft at Near Sarin Zila, Mandya. Suspect vehicle noticed with plate KA-48-A-7844.",open,Mandya,Mandya Rural PS,"Near Sarin Zila, Mandya",12.4672,76.923,Insp. Oviya Dua,2024,12,0
KAR/TUM/2024/1669,2024-11-10,07:30:00,vehicle_theft,"Reported incident of vehicle theft at Near Bassi, Tumakuru. Suspect vehicle noticed with plate KA-07-KB-2578.",open,Tumakuru,Tumakuru Traffic PS,"Near Bassi, Tumakuru",13.2797,77.0965,Insp. Joshua Shanker,2024,11,7
KAR/BEN/2024/1670,2024-05-16,16:26:00,burglary,"Reported incident of burglary at Near Sharaf Circle, Bengaluru Urban.",open,Bengaluru Urban,Bengaluru Urban Traffic PS,"Near Sharaf Circle, Bengaluru Urban",12.9856,77.5676,Insp. Deepa Dixit,2024,5,16
KAR/MAN/2024/1671,2024-01-28,17:38:00,chain_snatching,"Reported incident of chain snatching at Near Bora Chowk, Mandya. Suspect vehicle noticed with plate KA-06-KB-5583.",open,Mandya,Mandya Market PS,"Near Bora Chowk, Mandya",12.5762,76.832,Insp. Nisha Bhalla,2024,1,17
KAR/MAN/2024/1672,2024-06-13,19:48:00,fraud,"Reported incident of fraud at Near Kalla Chowk, Mandya.",under_investigation,Mandya,Mandya Industrial PS,"Near Kalla Chowk, Mandya",12.5301,76.9518,Insp. Aarush Kalita,2024,6,19
KAR/TUM/2024/1673,2024-09-13,05:41:00,chain_snatching,"Reported incident of chain snatching at Near Karan Nagar, Tumakuru. Suspect vehicle noticed with plate KA-12-B-6016.",open,Tumakuru,Tumakuru Traffic PS,"Near Karan Nagar, Tumakuru",13.2768,77.0731,Insp. Wahab Nanda,2024,9,5
KAR/HUB/2024/1674,2024-12-23,01:41:00,property_crime,"Reported incident of property crime at Near De Marg, Hubballi-Dharwad.",under_investigation,Hubballi-Dharwad,Hubballi-Dharwad Town PS,"Near De Marg, Hubballi-Dharwad",15.2802,75.2084,Insp. George Lalla,2024,12,1
KAR/BEN/2024/1675,2024-05-21,21:36:00,vehicle_theft,"Reported incident of vehicle theft at Near Barad Path, Bengaluru Urban. Suspect vehicle noticed with plate KA-52-A-9112.",open,Bengaluru Urban,Bengaluru Urban Central PS,"Near Barad Path, Bengaluru Urban",12.9891,77.6617,Insp. Mahika Biswas,2024,5,21
KAR/HAS/2024/1676,2024-04-15,08:46:00,vehicle_theft,"Reported incident of vehicle theft at Near Mane Zila, Hassan. Suspect vehicle noticed with plate KA-25-KB-7118.",closed,Hassan,Hassan Traffic PS,"Near Mane Zila, Hassan",12.9328,76.0801,Insp. Neelima Bansal,2024,4,8
KAR/BEN/2024/1677,2025-05-05,19:37:00,fraud,"Reported incident of fraud at Near Toor Circle, Bengaluru Urban.",open,Bengaluru Urban,Bengaluru Urban East PS,"Near Toor Circle, Bengaluru Urban",13.0367,77.5436,Insp. Yashodhara Choudhry,2025,5,19
KAR/KAL/2024/1678,2024-07-07,08:06:00,vehicle_theft,"Reported incident of vehicle theft at Near Mittal Ganj, Kalaburagi. Suspect vehicle noticed with plate KA-05-KB-3839.",chargesheeted,Kalaburagi,Kalaburagi Rural PS,"Near Mittal Ganj, Kalaburagi",17.2789,76.8131,Insp. Ira Ramanathan,2024,7,8
KAR/TUM/2024/1679,2024-12-22,18:57:00,vehicle_theft,"Reported incident of vehicle theft at Near Anand Chowk, Tumakuru. Suspect vehicle noticed with plate KA-08-A-3982.",open,Tumakuru,Tumakuru Town PS,"Near Anand Chowk, Tumakuru",13.4074,77.079,Insp. Naveen Bir,2024,12,18
KAR/BEN/2024/1680,2025-02-24,06:26:00,burglary,"Reported incident of burglary at Near Thaman Chowk, Bengaluru Urban.",open,Bengaluru Urban,Bengaluru Urban Traffic PS,"Near Thaman Chowk, Bengaluru Urban",13.006,77.58,Insp. Noah Rout,2025,2,6
KAR/BEN/2024/1681,2025-05-02,13:08:00,property_crime,"Reported incident of property crime at Near Raju Nagar, Bengaluru Urban.",open,Bengaluru Urban,Bengaluru Urban South PS,"Near Raju Nagar, Bengaluru Urban",12.9904,77.5451,Insp. Ayaan Pingle,2025,5,13
KAR/RAI/2024/1682,2024-12-06,17:58:00,domestic_violence,"Reported incident of domestic violence at Near Lala Road, Raichur.",under_investigation,Raichur,Raichur Town PS,"Near Lala Road, Raichur",16.2117,77.3532,Insp. Shivani Basu,2024,12,17
KAR/RAI/2024/1683,2024-03-18,13:09:00,assault,"Reported incident of assault at Near Kannan Ganj, Raichur.",chargesheeted,Raichur,Raichur Rural PS,"Near Kannan Ganj, Raichur",16.2116,77.3628,Insp. Ekapad Prasad,2024,3,13
KAR/BEN/2024/1684,2025-04-30,13:07:00,fraud,"Reported incident of fraud at Near Venkatesh Nagar, Bengaluru Urban.",open,Bengaluru Urban,Bengaluru Urban Central PS,"Near Venkatesh Nagar, Bengaluru Urban",13.0088,77.6384,Insp. Luke Kannan,2025,4,13
KAR/BEL/2024/1685,2024-10-09,14:54:00,vehicle_theft,"Reported incident of vehicle theft at Near Dua Ganj, Belagavi. Suspect vehicle noticed with plate KA-17-N-1364.",chargesheeted,Belagavi,Belagavi Market PS,"Near Dua Ganj, Belagavi",15.8845,74.42,Insp. Veer Chakraborty,2024,10,14
KAR/RAI/2024/1686,2025-01-13,15:49:00,assault,"Reported incident of assault at Near Kaur Circle, Raichur.",open,Raichur,Raichur Traffic PS,"Near Kaur Circle, Raichur",16.2492,77.3171,Insp. Turvi Panchal,2025,1,15
KAR/BEN/2024/1687,2025-01-07,01:50:00,cybercrime,"Reported incident of cybercrime at Near Dugar Chowk, Bengaluru Urban.",under_investigation,Bengaluru Urban,Bengaluru Urban South PS,"Near Dugar Chowk, Bengaluru Urban",13.0193,77.5968,Insp. Dhriti Varghese,2025,1,1
KAR/BEN/2024/1688,2024-10-10,18:07:00,vehicle_theft,"Reported incident of vehicle theft at Near Bir Circle, Bengaluru Urban. Suspect vehicle noticed with plate KA-35-KA-2143.",chargesheeted,Bengaluru Urban,Bengaluru Urban Central PS,"Near Bir Circle, Bengaluru Urban",13.0137,77.623,Insp. Nilima Swamy,2024,10,18
KAR/KOL/2024/1689,2024-06-15,20:03:00,burglary,"Reported incident of burglary at Near Dhar Nagar, Kolar.",chargesheeted,Kolar,Kolar Market PS,"Near Dhar Nagar, Kolar",13.061,78.0672,Insp. Atharv Bobal,2024,6,20
KAR/VIJ/2024/1690,2024-07-24,11:15:00,burglary,"Reported incident of burglary at Near Kota Zila, Vijayapura.",open,Vijayapura,Vijayapura Traffic PS,"Near Kota Zila, Vijayapura",16.7777,75.6762,Insp. Arin Bhargava,2024,7,11
KAR/MAN/2024/1691,2025-02-02,20:55:00,vehicle_theft,"Reported incident of vehicle theft at Near Khanna Path, Mandya. Suspect vehicle noticed with plate KA-42-B-7991.",under_investigation,Mandya,Mandya Market PS,"Near Khanna Path, Mandya",12.6071,76.8131,Insp. Xalak Aurora,2025,2,20
KAR/BID/2024/1692,2024-01-16,07:18:00,cybercrime,"Reported incident of cybercrime at Near Sekhon Chowk, Bidar.",open,Bidar,Bidar Market PS,"Near Sekhon Chowk, Bidar",17.9032,77.479,Insp. Pavani Sahni,2024,1,7
KAR/VIJ/2024/1693,2025-01-19,14:53:00,drug_offence,"Reported incident of drug offence at Near Chhabra Path, Vijayapura.",open,Vijayapura,Vijayapura Suburban PS,"Near Chhabra Path, Vijayapura",16.7708,75.7004,Insp. Qabil Datta,2025,1,14
KAR/VIJ/2024/1694,2024-04-22,06:19:00,burglary,"Reported incident of burglary at Near Barman Street, Vijayapura.",open,Vijayapura,Vijayapura Traffic PS,"Near Barman Street, Vijayapura",16.7767,75.6644,Insp. Vamakshi Murty,2024,4,6
KAR/MAN/2024/1695,2024-07-20,09:36:00,fraud,"Reported incident of fraud at Near Patla Ganj, Mangaluru (Dakshina Kannada).",under_investigation,Mangaluru (Dakshina Kannada),Mangaluru (Dakshina Kannada) Rural PS,"Near Patla Ganj, Mangaluru (Dakshina Kannada)",12.8599,74.8604,Insp. Chandresh Gole,2024,7,9
KAR/UDU/2024/1696,2024-09-11,10:21:00,fraud,"Reported incident of fraud at Near Subramaniam Circle, Udupi.",open,Udupi,Udupi Traffic PS,"Near Subramaniam Circle, Udupi",13.2831,74.7143,Insp. Tanveer Suri,2024,9,10
KAR/BEN/2024/1697,2024-11-07,01:22:00,vehicle_theft,"Reported incident of vehicle theft at Near Dey, Bengaluru Urban. Suspect vehicle noticed with plate KA-09-B-7409.",under_investigation,Bengaluru Urban,Bengaluru Urban South PS,"Near Dey, Bengaluru Urban",12.9945,77.5703,Insp. Samuel Venkataraman,2024,11,1
KAR/BEN/2024/1698,2025-04-21,00:44:00,fraud,"Reported incident of fraud at Near Sani Marg, Bengaluru Urban.",under_investigation,Bengaluru Urban,Bengaluru Urban Central PS,"Near Sani Marg, Bengaluru Urban",13.0147,77.6181,Insp. Kiaan Grover,2025,4,0
KAR/HAS/2024/1699,2024-12-02,12:56:00,vehicle_theft,"Reported incident of vehicle theft at Near Sahni Chowk, Hassan. Suspect vehicle noticed with plate KA-33-N-6930.",closed,Hassan,Hassan Rural PS,"Near Sahni Chowk, Hassan",13.0616,76.0269,Insp. Faqid Vala,2024,12,12
KAR/TUM/2024/1700,2024-12-19,07:21:00,vehicle_theft,"Reported incident of vehicle theft at Near Nadkarni Street, Tumakuru. Suspect vehicle noticed with plate KA-05-M-5104.",under_investigation,Tumakuru,Tumakuru Industrial PS,"Near Nadkarni Street, Tumakuru",13.3744,77.0678,Insp. Hritik Chandra,2024,12,7
KAR/BID/2024/1701,2025-05-15,13:41:00,hit_and_run,"Reported incident of hit and run at Near Mangal Chowk, Bidar.",chargesheeted,Bidar,Bidar Rural PS,"Near Mangal Chowk, Bidar",17.9851,77.5087,Insp. Hredhaan Chandra,2025,5,13
KAR/BEN/2024/1702,2024-11-09,19:38:00,vehicle_theft,"Reported incident of vehicle theft at Near Balay Circle, Bengaluru Urban. Suspect vehicle noticed with plate KA-51-KB-2139.",open,Bengaluru Urban,Bengaluru Urban North PS,"Near Balay Circle, Bengaluru Urban",13.0375,77.5714,Insp. Tripti Pathak,2024,11,19
KAR/BEL/2024/1703,2025-04-17,03:47:00,fraud,"Reported incident of fraud at Near Dass Nagar, Belagavi.",open,Belagavi,Belagavi Town PS,"Near Dass Nagar, Belagavi",15.8076,74.5134,Insp. Jasmit Bava,2025,4,3
KAR/BEN/2024/1704,2024-06-07,13:08:00,fraud,"Reported incident of fraud at Near Golla Road, Bengaluru Urban.",open,Bengaluru Urban,Bengaluru Urban Traffic PS,"Near Golla Road, Bengaluru Urban",12.9931,77.5723,Insp. Rajeshri Batra,2024,6,13
KAR/BEN/2024/1705,2024-11-30,08:57:00,robbery,"Reported incident of robbery at Near Sani Chowk, Bengaluru Urban. Suspect vehicle noticed with plate KA-40-M-4510.",open,Bengaluru Urban,Bengaluru Urban Traffic PS,"Near Sani Chowk, Bengaluru Urban",12.9703,77.5753,Insp. Gopal Nori,2024,11,8
KAR/BEN/2024/1706,2024-12-23,20:57:00,vehicle_theft,"Reported incident of vehicle theft at Near Mander Zila, Bengaluru Urban. Suspect vehicle noticed with plate KA-51-N-9742.",open,Bengaluru Urban,Bengaluru Urban West PS,"Near Mander Zila, Bengaluru Urban",12.8938,77.591,Insp. Balveer Gopal,2024,12,20
KAR/BEN/2024/1707,2024-09-05,18:23:00,vehicle_theft,"Reported incident of vehicle theft at Near Sunder Path, Bengaluru Urban. Suspect vehicle noticed with plate KA-29-A-8300.",chargesheeted,Bengaluru Urban,Bengaluru Urban East PS,"Near Sunder Path, Bengaluru Urban",12.9808,77.5418,Insp. Sarthak Nagy,2024,9,18
KAR/DAV/2024/1708,2024-05-05,14:41:00,robbery,"Reported incident of robbery at Near Chand Chowk, Davangere. Suspect vehicle noticed with plate KA-42-M-2756.",chargesheeted,Davangere,Davangere Traffic PS,"Near Chand Chowk, Davangere",14.5356,75.9394,Insp. Raksha Hegde,2024,5,14
KAR/KOL/2024/1709,2024-11-04,18:26:00,hit_and_run,"Reported incident of hit and run at Near Seth Zila, Kolar.",open,Kolar,Kolar Rural PS,"Near Seth Zila, Kolar",13.216,78.1635,Insp. Guneet Dave,2024,11,18
KAR/RAI/2024/1710,2024-03-10,14:06:00,robbery,"Reported incident of robbery at Near Rattan Nagar, Raichur. Suspect vehicle noticed with plate KA-47-B-2246.",open,Raichur,Raichur Suburban PS,"Near Rattan Nagar, Raichur",16.2279,77.4301,Insp. Netra Dutt,2024,3,14
KAR/BEN/2024/1711,2024-02-17,01:46:00,fraud,"Reported incident of fraud at Near Bhavsar Zila, Bengaluru Urban.",under_investigation,Bengaluru Urban,Bengaluru Urban Traffic PS,"Near Bhavsar Zila, Bengaluru Urban",12.9986,77.5983,Insp. Rehaan Buch,2024,2,1
KAR/BEN/2024/1712,2024-07-12,04:08:00,vehicle_theft,"Reported incident of vehicle theft at Near Bhardwaj Nagar, Bengaluru Urban. Suspect vehicle noticed with plate KA-01-P-6578.",open,Bengaluru Urban,Bengaluru Urban East PS,"Near Bhardwaj Nagar, Bengaluru Urban",13.0371,77.522,Insp. Gunbir Radhakrishnan,2024,7,4
KAR/DAV/2024/1713,2024-10-16,09:54:00,vehicle_theft,"Reported incident of vehicle theft at Near Bhakta Marg, Davangere. Suspect vehicle noticed with plate KA-15-A-8250.",open,Davangere,Davangere Town PS,"Near Bhakta Marg, Davangere",14.4687,75.9482,Insp. Ranbir Ben,2024,10,9
KAR/RAI/2024/1714,2024-06-25,14:17:00,fraud,"Reported incident of fraud at Near Agarwal Circle, Raichur.",open,Raichur,Raichur Suburban PS,"Near Agarwal Circle, Raichur",16.212,77.4216,Insp. Qadim Walla,2024,6,14
KAR/BEN/2024/1715,2024-08-11,21:15:00,fraud,"Reported incident of fraud at Near Mandal Chowk, Bengaluru Urban.",chargesheeted,Bengaluru Urban,Bengaluru Urban South PS,"Near Mandal Chowk, Bengaluru Urban",13.0024,77.5995,Insp. Urvashi Goda,2024,8,21
KAR/BEN/2024/1716,2025-02-19,20:18:00,assault,"Reported incident of assault at Near Rastogi Path, Bengaluru Urban.",open,Bengaluru Urban,Bengaluru Urban East PS,"Near Rastogi Path, Bengaluru Urban",13.015,77.5255,Insp. Thomas Sarma,2025,2,20
KAR/BEN/2024/1717,2024-11-20,00:53:00,vehicle_theft,"Reported incident of vehicle theft at Near Dada, Bengaluru Urban. Suspect vehicle noticed with plate KA-36-N-5329.",open,Bengaluru Urban,Bengaluru Urban West PS,"Near Dada, Bengaluru Urban",12.92,77.5803,Insp. Eesha Dhingra,2024,11,0
KAR/KOP/2024/1718,2024-11-26,19:40:00,vehicle_theft,"Reported incident of vehicle theft at Near Kalita Road, Koppal. Suspect vehicle noticed with plate KA-09-A-9421.",open,Koppal,Koppal Town PS,"Near Kalita Road, Koppal",15.3188,76.2322,Insp. Faqid Golla,2024,11,19
KAR/MAN/2024/1719,2024-10-02,04:32:00,vehicle_theft,"Reported incident of vehicle theft at Near Koshy Marg, Mandya. Suspect vehicle noticed with plate KA-21-N-2842.",open,Mandya,Mandya Rural PS,"Near Koshy Marg, Mandya",12.5124,76.9276,Insp. Yagnesh Mahal,2024,10,4
KAR/BEN/2024/1720,2024-06-21,23:21:00,burglary,"Reported incident of burglary at Near Kara Chowk, Bengaluru Rural.",open,Bengaluru Rural,Bengaluru Rural South PS,"Near Kara Chowk, Bengaluru Rural",13.1734,77.5904,Insp. Devika Manne,2024,6,23
KAR/KOL/2024/1721,2024-03-10,11:36:00,vehicle_theft,"Reported incident of vehicle theft at Near Ahluwalia Circle, Kolar. Suspect vehicle noticed with plate KA-24-KA-3557.",under_investigation,Kolar,Kolar Traffic PS,"Near Ahluwalia Circle, Kolar",13.1765,78.114,Insp. Ladli Kamdar,2024,3,11
KAR/BEL/2024/1722,2024-09-25,08:22:00,robbery,"Reported incident of robbery at Near Nori Marg, Belagavi. Suspect vehicle noticed with plate KA-07-B-8665.",chargesheeted,Belagavi,Belagavi Market PS,"Near Nori Marg, Belagavi",15.8616,74.4514,Insp. Rajeshri Ganesh,2024,9,8
KAR/BEL/2024/1723,2024-04-03,08:52:00,fraud,"Reported incident of fraud at Near Barman Road, Belagavi.",open,Belagavi,Belagavi Traffic PS,"Near Barman Road, Belagavi",15.7809,74.4559,Insp. Amruta Goda,2024,4,8
KAR/BEN/2024/1724,2024-11-27,12:51:00,vehicle_theft,"Reported incident of vehicle theft at Near Tak, Bengaluru Urban. Suspect vehicle noticed with plate KA-06-P-4345.",open,Bengaluru Urban,Bengaluru Urban East PS,"Near Tak, Bengaluru Urban",13.0309,77.5261,Insp. Reva Handa,2024,11,12
KAR/MAN/2024/1725,2025-02-23,07:59:00,chain_snatching,"Reported incident of chain snatching at Near Keer Chowk, Mandya. Suspect vehicle noticed with plate KA-44-A-7371.",chargesheeted,Mandya,Mandya Traffic PS,"Near Keer Chowk, Mandya",12.5631,76.9271,Insp. Jatin Saran,2025,2,7
KAR/BEN/2024/1726,2025-06-01,22:52:00,drug_offence,"Reported incident of drug offence at Near Wadhwa, Bengaluru Urban.",chargesheeted,Bengaluru Urban,Bengaluru Urban East PS,"Near Wadhwa, Bengaluru Urban",13.0141,77.5264,Insp. George Gopal,2025,6,22
KAR/SHI/2024/1727,2025-02-01,07:47:00,vehicle_theft,"Reported incident of vehicle theft at Near Lala, Shivamogga. Suspect vehicle noticed with plate KA-50-P-8803.",chargesheeted,Shivamogga,Shivamogga Industrial PS,"Near Lala, Shivamogga",13.9064,75.5223,Insp. Ubika Singhal,2025,2,7
KAR/SHI/2024/1728,2024-06-24,03:29:00,assault,"Reported incident of assault at Near Pingle Zila, Shivamogga.",under_investigation,Shivamogga,Shivamogga Market PS,"Near Pingle Zila, Shivamogga",13.9792,75.6298,Insp. Chanakya Mannan,2024,6,3
KAR/MYS/2024/1729,2024-09-21,22:05:00,kidnapping,"Reported incident of kidnapping at Near Sahni Marg, Mysuru.",open,Mysuru,Mysuru Traffic PS,"Near Sahni Marg, Mysuru",12.3428,76.5963,Insp. Zayan Mall,2024,9,22
KAR/BID/2024/1730,2025-01-04,17:47:00,burglary,"Reported incident of burglary at Near Narang Ganj, Bidar.",open,Bidar,Bidar Industrial PS,"Near Narang Ganj, Bidar",17.8994,77.5342,Insp. Arunima Doctor,2025,1,17
KAR/DAV/2024/1731,2024-03-01,15:45:00,robbery,"Reported incident of robbery at Near Ramanathan Road, Davangere. Suspect vehicle noticed with plate KA-15-P-8766.",open,Davangere,Davangere Town PS,"Near Ramanathan Road, Davangere",14.4903,75.9613,Insp. Ayaan Dar,2024,3,15
KAR/TUM/2024/1732,2024-11-14,06:02:00,fraud,"Reported incident of fraud at Near Chatterjee Road, Tumakuru.",under_investigation,Tumakuru,Tumakuru Town PS,"Near Chatterjee Road, Tumakuru",13.424,77.0545,Insp. Dakshesh Nadig,2024,11,6
KAR/BEN/2024/1733,2025-02-03,10:14:00,property_crime,"Reported incident of property crime at Near Parekh Nagar, Bengaluru Urban.",closed,Bengaluru Urban,Bengaluru Urban North PS,"Near Parekh Nagar, Bengaluru Urban",12.9909,77.6031,Insp. Ayushman Prashad,2025,2,10
KAR/BEN/2024/1734,2024-05-28,03:44:00,chain_snatching,"Reported incident of chain snatching at Near Trivedi Street, Bengaluru Urban. Suspect vehicle noticed with plate KA-06-A-5580.",chargesheeted,Bengaluru Urban,Bengaluru Urban South PS,"Near Trivedi Street, Bengaluru Urban",12.9874,77.5604,Insp. Qadim Nanda,2024,5,3
KAR/KOP/2024/1735,2024-11-15,16:42:00,vehicle_theft,"Reported incident of vehicle theft at Near Kata, Koppal. Suspect vehicle noticed with plate KA-34-M-5271.",under_investigation,Koppal,Koppal Market PS,"Near Kata, Koppal",15.3417,76.2213,Insp. Zarna Varkey,2024,11,16
KAR/CHI/2024/1736,2025-04-08,21:41:00,drug_offence,"Reported incident of drug offence at Near Wagle Chowk, Chikkamagaluru.",closed,Chikkamagaluru,Chikkamagaluru Market PS,"Near Wagle Chowk, Chikkamagaluru",13.2933,75.716,Insp. Anya Mohan,2025,4,21
KAR/KOP/2024/1737,2024-02-10,00:39:00,fraud,"Reported incident of fraud at Near Pall Zila, Koppal.",chargesheeted,Koppal,Koppal Industrial PS,"Near Pall Zila, Koppal",15.3006,76.1137,Insp. Saksham Chhabra,2024,2,0
KAR/BEN/2024/1738,2024-02-26,08:11:00,fraud,"Reported incident of fraud at Near Iyer Marg, Bengaluru Urban.",under_investigation,Bengaluru Urban,Bengaluru Urban West PS,"Near Iyer Marg, Bengaluru Urban",12.8986,77.5427,Insp. Dayamai Rau,2024,2,8
KAR/BEN/2024/1739,2024-09-08,22:52:00,assault,"Reported incident of assault at Near Peri Zila, Bengaluru Urban.",open,Bengaluru Urban,Bengaluru Urban North PS,"Near Peri Zila, Bengaluru Urban",12.9792,77.6031,Insp. Hardik Sarraf,2024,9,22
KAR/BID/2024/1740,2024-07-04,06:08:00,vehicle_theft,"Reported incident of vehicle theft at Near Batta Nagar, Bidar. Suspect vehicle noticed with plate KA-30-P-4668.",under_investigation,Bidar,Bidar Rural PS,"Near Batta Nagar, Bidar",17.9314,77.5219,Insp. Sathvik Jha,2024,7,6
KAR/HAS/2024/1741,2024-10-13,05:49:00,vehicle_theft,"Reported incident of vehicle theft at Near Setty Zila, Hassan. Suspect vehicle noticed with plate KA-09-A-3420.",under_investigation,Hassan,Hassan Rural PS,"Near Setty Zila, Hassan",13.0658,76.041,Insp. Onkar Prabhu,2024,10,5
KAR/KAL/2024/1742,2024-10-06,17:25:00,cybercrime,"Reported incident of cybercrime at Near Aurora Street, Kalaburagi.",under_investigation,Kalaburagi,Kalaburagi Industrial PS,"Near Aurora Street, Kalaburagi",17.3798,76.918,Insp. Yutika Kashyap,2024,10,17
KAR/CHI/2024/1743,2024-10-19,08:44:00,vehicle_theft,"Reported incident of vehicle theft at Near Murty Circle, Chikkamagaluru. Suspect vehicle noticed with plate KA-10-M-8099.",open,Chikkamagaluru,Chikkamagaluru Traffic PS,"Near Murty Circle, Chikkamagaluru",13.3171,75.7441,Insp. Vasatika Mutti,2024,10,8
KAR/BEN/2024/1744,2024-09-23,14:12:00,vehicle_theft,"Reported incident of vehicle theft at Near Barad Nagar, Bengaluru Urban. Suspect vehicle noticed with plate KA-11-M-7365.",under_investigation,Bengaluru Urban,Bengaluru Urban South PS,"Near Barad Nagar, Bengaluru Urban",12.9821,77.5726,Insp. Jagvi Dugar,2024,9,14
KAR/BEN/2024/1745,2024-05-01,18:49:00,burglary,"Reported incident of burglary at Near Chadha Circle, Bengaluru Urban.",open,Bengaluru Urban,Bengaluru Urban Traffic PS,"Near Chadha Circle, Bengaluru Urban",12.9606,77.5999,Insp. Girish Bhakta,2024,5,18
KAR/HAS/2024/1746,2024-03-10,07:11:00,assault,"Reported incident of assault at Near Prashad Zila, Hassan.",under_investigation,Hassan,Hassan Market PS,"Near Prashad Zila, Hassan",13.0957,76.189,Insp. Wriddhish Zacharia,2024,3,7
KAR/BEN/2024/1747,2024-02-25,16:52:00,hit_and_run,"Reported incident of hit and run at Near Sridhar Marg, Bengaluru Urban.",chargesheeted,Bengaluru Urban,Bengaluru Urban Traffic PS,"Near Sridhar Marg, Bengaluru Urban",13.0122,77.56,Insp. Xalak Hayer,2024,2,16
KAR/BID/2024/1748,2024-06-16,02:39:00,burglary,"Reported incident of burglary at Near Chanda Nagar, Bidar.",open,Bidar,Bidar Rural PS,"Near Chanda Nagar, Bidar",17.9702,77.4813,Insp. Falak Bora,2024,6,2
KAR/KOP/2024/1749,2024-12-16,19:47:00,drug_offence,"Reported incident of drug offence at Near Basak Road, Koppal.",closed,Koppal,Koppal Market PS,"Near Basak Road, Koppal",15.3613,76.2255,Insp. Zayyan Murty,2024,12,19
KAR/KOP/2024/1750,2024-07-08,15:17:00,cybercrime,"Reported incident of cybercrime at Near Chakrabarti Circle, Koppal.",under_investigation,Koppal,Koppal Suburban PS,"Near Chakrabarti Circle, Koppal",15.3218,76.0692,Insp. Harish Mutti,2024,7,15
KAR/MAN/2024/1751,2024-12-24,09:43:00,vehicle_theft,"Reported incident of vehicle theft at Near Bhavsar Path, Mandya. Suspect vehicle noticed with plate KA-46-KA-4916.",chargesheeted,Mandya,Mandya Industrial PS,"Near Bhavsar Path, Mandya",12.5136,76.9635,Insp. Oscar Dutt,2024,12,9
KAR/BEN/2024/1752,2024-04-23,12:54:00,chain_snatching,"Reported incident of chain snatching at Near Hora Nagar, Bengaluru Rural. Suspect vehicle noticed with plate KA-35-P-5080.",under_investigation,Bengaluru Rural,Bengaluru Rural Central PS,"Near Hora Nagar, Bengaluru Rural",13.2245,77.5296,Insp. Unni Gola,2024,4,12
KAR/MAN/2024/1753,2024-10-29,06:37:00,fraud,"Reported incident of fraud at Near Sabharwal Road, Mandya.",under_investigation,Mandya,Mandya Market PS,"Near Sabharwal Road, Mandya",12.5928,76.8254,Insp. Zayyan Shukla,2024,10,6
KAR/BEN/2024/1754,2025-02-14,08:32:00,burglary,"Reported incident of burglary at Near Rana Nagar, Bengaluru Urban.",open,Bengaluru Urban,Bengaluru Urban East PS,"Near Rana Nagar, Bengaluru Urban",13.0036,77.5219,Insp. Zehaan Kaur,2025,2,8
KAR/KOP/2024/1755,2024-05-13,21:07:00,assault,"Reported incident of assault at Near Thakur Nagar, Koppal.",under_investigation,Koppal,Koppal Traffic PS,"Near Thakur Nagar, Koppal",15.383,76.1872,Insp. Kabir Dixit,2024,5,21
KAR/HAS/2024/1756,2025-01-07,04:41:00,assault,"Reported incident of assault at Near Ravel Circle, Hassan.",open,Hassan,Hassan Industrial PS,"Near Ravel Circle, Hassan",13.0073,76.1471,Insp. Aradhana Shenoy,2025,1,4
KAR/MAN/2024/1757,2024-12-21,03:57:00,vehicle_theft,"Reported incident of vehicle theft at Near Shanker Street, Mandya. Suspect vehicle noticed with plate KA-36-M-7582.",open,Mandya,Mandya Industrial PS,"Near Shanker Street, Mandya",12.5319,76.9481,Insp. Meghana Anand,2024,12,3
KAR/BEN/2024/1758,2024-05-23,01:17:00,cybercrime,"Reported incident of cybercrime at Near Buch Street, Bengaluru Urban.",open,Bengaluru Urban,Bengaluru Urban West PS,"Near Buch Street, Bengaluru Urban",12.8985,77.5864,Insp. Ishaan Om,2024,5,1
KAR/RAI/2024/1759,2024-03-31,09:44:00,hit_and_run,"Reported incident of hit and run at Near Chand Nagar, Raichur.",open,Raichur,Raichur Suburban PS,"Near Chand Nagar, Raichur",16.2336,77.394,Insp. Anusha Sarraf,2024,3,9
KAR/MAN/2024/1760,2025-03-12,02:18:00,burglary,"Reported incident of burglary at Near Gera Path, Mangaluru (Dakshina Kannada).",open,Mangaluru (Dakshina Kannada),Mangaluru (Dakshina Kannada) Rural PS,"Near Gera Path, Mangaluru (Dakshina Kannada)",12.8512,74.8516,Insp. Viraj Sachdeva,2025,3,2
KAR/HUB/2024/1761,2024-11-19,08:48:00,chain_snatching,"Reported incident of chain snatching at Near Kanda Street, Hubballi-Dharwad. Suspect vehicle noticed with plate KA-17-P-4847.",under_investigation,Hubballi-Dharwad,Hubballi-Dharwad Rural PS,"Near Kanda Street, Hubballi-Dharwad",15.3451,75.1351,Insp. George Ahluwalia,2024,11,8
KAR/MYS/2024/1762,2024-09-19,06:54:00,chain_snatching,"Reported incident of chain snatching at Near Deol, Mysuru. Suspect vehicle noticed with plate KA-42-N-5527.",open,Mysuru,Mysuru Traffic PS,"Near Deol, Mysuru",12.3411,76.5718,Insp. Ishanvi Deol,2024,9,6
KAR/MYS/2024/1763,2025-01-06,05:05:00,kidnapping,"Reported incident of kidnapping at Near Dubey Nagar, Mysuru.",open,Mysuru,Mysuru North PS,"Near Dubey Nagar, Mysuru",12.3577,76.6623,Insp. Isaac Memon,2025,1,5
KAR/SHI/2024/1764,2024-09-18,07:37:00,burglary,"Reported incident of burglary at Near Suri Marg, Shivamogga.",under_investigation,Shivamogga,Shivamogga Market PS,"Near Suri Marg, Shivamogga",13.9618,75.5988,Insp. Gayathri Tak,2024,9,7
KAR/BID/2024/1765,2024-11-10,07:11:00,drug_offence,"Reported incident of drug offence at Near Narula Road, Bidar.",chargesheeted,Bidar,Bidar Market PS,"Near Narula Road, Bidar",17.9081,77.5136,Insp. Saanvi Muni,2024,11,7
KAR/UDU/2024/1766,2024-09-24,06:42:00,eve_teasing,"Reported incident of eve teasing at Near Gera Circle, Udupi.",open,Udupi,Udupi Market PS,"Near Gera Circle, Udupi",13.3458,74.6787,Insp. Udarsh Minhas,2024,9,6
KAR/RAI/2024/1767,2025-05-07,22:25:00,burglary,"Reported incident of burglary at Near Batra Zila, Raichur.",closed,Raichur,Raichur Town PS,"Near Batra Zila, Raichur",16.1693,77.359,Insp. Chaaya Sangha,2025,5,22
KAR/BEN/2024/1768,2024-06-26,13:32:00,vehicle_theft,"Reported incident of vehicle theft at Near Pandit Road, Bengaluru Urban. Suspect vehicle noticed with plate KA-01-N-7152.",open,Bengaluru Urban,Bengaluru Urban North PS,"Near Pandit Road, Bengaluru Urban",13.036,77.5668,Insp. Libni Kaul,2024,6,13
KAR/BEN/2024/1769,2025-01-21,07:03:00,murder,"Reported incident of murder at Near Mohan Ganj, Bengaluru Urban.",under_investigation,Bengaluru Urban,Bengaluru Urban North PS,"Near Mohan Ganj, Bengaluru Urban",12.9971,77.5774,Insp. Yamini Balan,2025,1,7
KAR/BAL/2024/1770,2024-06-06,16:54:00,fraud,"Reported incident of fraud at Near Sahni Nagar, Ballari.",open,Ballari,Ballari Industrial PS,"Near Sahni Nagar, Ballari",15.0897,76.9323,Insp. Upkaar Bhat,2024,6,16
KAR/MYS/2024/1771,2024-10-12,14:39:00,vehicle_theft,"Reported incident of vehicle theft at Near Gill Marg, Mysuru. Suspect vehicle noticed with plate KA-13-KA-5518.",open,Mysuru,Mysuru West PS,"Near Gill Marg, Mysuru",12.3558,76.5715,Insp. Indali Buch,2024,10,14
KAR/RAI/2024/1772,2025-03-10,20:41:00,cybercrime,"Reported incident of cybercrime at Near Jain Road, Raichur.",open,Raichur,Raichur Town PS,"Near Jain Road, Raichur",16.2028,77.3537,Insp. Lipika Verma,2025,3,20
KAR/BAL/2024/1773,2024-07-23,20:34:00,cybercrime,"Reported incident of cybercrime at Near Patla Road, Ballari.",open,Ballari,Ballari Market PS,"Near Patla Road, Ballari",15.2124,76.8504,Insp. Urmi Gulati,2024,7,20
KAR/BEN/2024/1774,2024-11-01,02:30:00,vehicle_theft,"Reported incident of vehicle theft at Near Mital Road, Bengaluru Urban. Suspect vehicle noticed with plate KA-33-KB-9351.",closed,Bengaluru Urban,Bengaluru Urban North PS,"Near Mital Road, Bengaluru Urban",12.9853,77.5667,Insp. Ansh Pathak,2024,11,2
KAR/KOP/2024/1775,2024-08-10,22:16:00,assault,"Reported incident of assault at Near Dyal Nagar, Koppal.",closed,Koppal,Koppal Industrial PS,"Near Dyal Nagar, Koppal",15.2811,76.1031,Insp. Gaurangi Narasimhan,2024,8,22
KAR/TUM/2024/1776,2025-04-02,01:42:00,vehicle_theft,"Reported incident of vehicle theft at Near Deep Zila, Tumakuru. Suspect vehicle noticed with plate KA-50-B-3946.",chargesheeted,Tumakuru,Tumakuru Industrial PS,"Near Deep Zila, Tumakuru",13.3993,77.0495,Insp. Odika Andra,2025,4,1
KAR/KOP/2024/1777,2024-08-10,20:42:00,cybercrime,"Reported incident of cybercrime at Near Rajagopalan Marg, Koppal.",open,Koppal,Koppal Market PS,"Near Rajagopalan Marg, Koppal",15.339,76.1937,Insp. Aarav Shetty,2024,8,20
KAR/UDU/2024/1778,2025-05-06,18:42:00,cybercrime,"Reported incident of cybercrime at Near Bal Ganj, Udupi.",open,Udupi,Udupi Rural PS,"Near Bal Ganj, Udupi",13.3874,74.6426,Insp. Benjamin Karpe,2025,5,18
KAR/BEN/2024/1779,2024-01-28,15:22:00,assault,"Reported incident of assault at Near Ramanathan Nagar, Bengaluru Urban.",open,Bengaluru Urban,Bengaluru Urban Traffic PS,"Near Ramanathan Nagar, Bengaluru Urban",13.0172,77.5466,Insp. Urvashi Kohli,2024,1,15
KAR/BEN/2024/1780,2024-12-31,04:39:00,burglary,"Reported incident of burglary at Near Lad Ganj, Bengaluru Urban.",open,Bengaluru Urban,Bengaluru Urban West PS,"Near Lad Ganj, Bengaluru Urban",12.8761,77.5552,Insp. Darsh Ghosh,2024,12,4
KAR/RAI/2024/1781,2024-06-23,17:01:00,chain_snatching,"Reported incident of chain snatching at Near Karan, Raichur. Suspect vehicle noticed with plate KA-32-N-7898.",chargesheeted,Raichur,Raichur Market PS,"Near Karan, Raichur",16.2464,77.2971,Insp. Yatan Pandey,2024,6,17
KAR/BEN/2024/1782,2024-04-29,13:04:00,robbery,"Reported incident of robbery at Near Jaggi Road, Bengaluru Urban. Suspect vehicle noticed with plate KA-20-A-6294.",open,Bengaluru Urban,Bengaluru Urban North PS,"Near Jaggi Road, Bengaluru Urban",12.9837,77.5539,Insp. Bhavika Modi,2024,4,13
KAR/MAN/2024/1783,2024-09-04,01:37:00,domestic_violence,"Reported incident of domestic violence at Near Badal Zila, Mandya.",under_investigation,Mandya,Mandya Traffic PS,"Near Badal Zila, Mandya",12.5408,76.8894,Insp. Anmol Datta,2024,9,1
KAR/BID/2024/1784,2025-04-23,13:22:00,robbery,"Reported incident of robbery at Near Hans Circle, Bidar. Suspect vehicle noticed with plate KA-39-KB-5244.",chargesheeted,Bidar,Bidar Suburban PS,"Near Hans Circle, Bidar",17.9342,77.4373,Insp. Vasana Sandhu,2025,4,13
KAR/BEN/2024/1785,2024-07-26,07:56:00,chain_snatching,"Reported incident of chain snatching at Near Singhal Zila, Bengaluru Urban. Suspect vehicle noticed with plate KA-30-KA-8035.",under_investigation,Bengaluru Urban,Bengaluru Urban Central PS,"Near Singhal Zila, Bengaluru Urban",13.0072,77.6426,Insp. Laksh Madan,2024,7,7
KAR/BEN/2024/1786,2025-04-18,17:26:00,drug_offence,"Reported incident of drug offence at Near Sami Zila, Bengaluru Urban.",chargesheeted,Bengaluru Urban,Bengaluru Urban South PS,"Near Sami Zila, Bengaluru Urban",12.9919,77.546,Insp. Alexander Mangal,2025,4,17
KAR/SHI/2024/1787,2024-09-01,15:48:00,kidnapping,"Reported incident of kidnapping at Near Palla Road, Shivamogga.",under_investigation,Shivamogga,Shivamogga Suburban PS,"Near Palla Road, Shivamogga",13.9371,75.6686,Insp. Ayush Khalsa,2024,9,15
KAR/MAN/2024/1788,2024-05-18,17:38:00,property_crime,"Reported incident of property crime at Near Ganguly Path, Mandya.",open,Mandya,Mandya Traffic PS,"Near Ganguly Path, Mandya",12.5428,76.9058,Insp. Mitesh Ram,2024,5,17
KAR/BEN/2024/1789,2024-11-06,02:57:00,vehicle_theft,"Reported incident of vehicle theft at Near Chakraborty Marg, Bengaluru Urban. Suspect vehicle noticed with plate KA-02-A-1793.",open,Bengaluru Urban,Bengaluru Urban East PS,"Near Chakraborty Marg, Bengaluru Urban",13.0261,77.553,Insp. Vritti Kaul,2024,11,2
KAR/HAS/2024/1790,2025-02-12,11:46:00,burglary,"Reported incident of burglary at Near Madan, Hassan.",under_investigation,Hassan,Hassan Suburban PS,"Near Madan, Hassan",12.9835,76.16,Insp. Orinder Andra,2025,2,11
KAR/BEN/2024/1791,2024-12-06,08:33:00,burglary,"Reported incident of burglary at Near Kala Street, Bengaluru Urban.",open,Bengaluru Urban,Bengaluru Urban Traffic PS,"Near Kala Street, Bengaluru Urban",13.0058,77.5717,Insp. Janani Pant,2024,12,8
KAR/MAN/2024/1792,2024-06-22,20:45:00,robbery,"Reported incident of robbery at Near Jani Ganj, Mangaluru (Dakshina Kannada). Suspect vehicle noticed with plate KA-46-KA-1690.",open,Mangaluru (Dakshina Kannada),Mangaluru (Dakshina Kannada) Industrial PS,"Near Jani Ganj, Mangaluru (Dakshina Kannada)",12.9384,74.8656,Insp. Mugdha Dhaliwal,2024,6,20
KAR/KOL/2024/1793,2024-05-22,08:58:00,eve_teasing,"Reported incident of eve teasing at Near Bhalla Ganj, Kolar.",open,Kolar,Kolar Rural PS,"Near Bhalla Ganj, Kolar",13.1633,78.1713,Insp. Ishita Goel,2024,5,8
KAR/MAN/2024/1794,2024-01-13,03:41:00,eve_teasing,"Reported incident of eve teasing at Near Shere Zila, Mangaluru (Dakshina Kannada).",closed,Mangaluru (Dakshina Kannada),Mangaluru (Dakshina Kannada) Traffic PS,"Near Shere Zila, Mangaluru (Dakshina Kannada)",12.8406,74.8933,Insp. Maya Comar,2024,1,3
KAR/BEN/2024/1795,2024-09-23,08:05:00,fraud,"Reported incident of fraud at Near Palla Ganj, Bengaluru Urban.",open,Bengaluru Urban,Bengaluru Urban South PS,"Near Palla Ganj, Bengaluru Urban",12.9868,77.5601,Insp. Upasna Patel,2024,9,8
KAR/BEN/2024/1796,2024-09-29,11:29:00,robbery,"Reported incident of robbery at Near Hayre Marg, Bengaluru Urban. Suspect vehicle noticed with plate KA-30-KA-5346.",open,Bengaluru Urban,Bengaluru Urban North PS,"Near Hayre Marg, Bengaluru Urban",13.0051,77.5802,Insp. Ranbir Palla,2024,9,11
KAR/MAN/2024/1797,2024-12-25,20:07:00,cybercrime,"Reported incident of cybercrime at Near Anne Nagar, Mandya.",chargesheeted,Mandya,Mandya Rural PS,"Near Anne Nagar, Mandya",12.4794,76.883,Insp. Harini Nagarajan,2024,12,20
KAR/BEN/2024/1798,2025-02-22,12:21:00,property_crime,"Reported incident of property crime at Near Khanna Circle, Bengaluru Urban.",open,Bengaluru Urban,Bengaluru Urban West PS,"Near Khanna Circle, Bengaluru Urban",12.906,77.5406,Insp. Zehaan Peri,2025,2,12
KAR/HAS/2024/1799,2024-01-29,18:55:00,fraud,"Reported incident of fraud at Near Grewal Path, Hassan.",open,Hassan,Hassan Market PS,"Near Grewal Path, Hassan",13.0853,76.1509,Insp. Xiti Wali,2024,1,18
KAR/UDU/2024/1800,2024-12-08,05:28:00,assault,"Reported incident of assault at Near Rau Ganj, Udupi.",under_investigation,Udupi,Udupi Town PS,"Near Rau Ganj, Udupi",13.3512,74.7557,Insp. Qabil Master,2024,12,5
KAR/DAV/2024/1801,2024-04-17,02:57:00,assault,"Reported incident of assault at Near Barad Marg, Davangere.",chargesheeted,Davangere,Davangere Suburban PS,"Near Barad Marg, Davangere",14.5437,75.9421,Insp. Ekantika Balasubramanian,2024,4,2
KAR/BEN/2024/1802,2024-05-15,06:21:00,cybercrime,"Reported incident of cybercrime at Near Srinivas Zila, Bengaluru Urban.",chargesheeted,Bengaluru Urban,Bengaluru Urban Traffic PS,"Near Srinivas Zila, Bengaluru Urban",13.0072,77.5566,Insp. Rayaan Ahuja,2024,5,6
KAR/KOP/2024/1803,2024-05-30,18:24:00,assault,"Reported incident of assault at Near Tella Road, Koppal.",under_investigation,Koppal,Koppal Industrial PS,"Near Tella Road, Koppal",15.2631,76.1084,Insp. Indrajit Radhakrishnan,2024,5,18
KAR/SHI/2024/1804,2024-09-08,21:57:00,robbery,"Reported incident of robbery at Near Swaminathan Circle, Shivamogga. Suspect vehicle noticed with plate KA-45-N-3107.",open,Shivamogga,Shivamogga Market PS,"Near Swaminathan Circle, Shivamogga",13.9916,75.6065,Insp. Andrew Padmanabhan,2024,9,21
KAR/TUM/2024/1805,2024-05-17,12:00:00,vehicle_theft,"Reported incident of vehicle theft at Near Arora, Tumakuru. Suspect vehicle noticed with plate KA-44-M-9223.",chargesheeted,Tumakuru,Tumakuru Town PS,"Near Arora, Tumakuru",13.4197,77.0748,Insp. Kamya Shroff,2024,5,12
KAR/UDU/2024/1806,2024-07-10,20:14:00,robbery,"Reported incident of robbery at Near Chowdhury Ganj, Udupi. Suspect vehicle noticed with plate KA-10-P-3878.",open,Udupi,Udupi Rural PS,"Near Chowdhury Ganj, Udupi",13.3532,74.673,Insp. Yamini Nayar,2024,7,20
KAR/BEN/2024/1807,2024-09-17,22:59:00,cybercrime,"Reported incident of cybercrime at Near Jaggi Marg, Bengaluru Urban.",chargesheeted,Bengaluru Urban,Bengaluru Urban North PS,"Near Jaggi Marg, Bengaluru Urban",13.0278,77.6065,Insp. Charles Ravel,2024,9,22
KAR/UDU/2024/1808,2024-02-17,12:59:00,fraud,"Reported incident of fraud at Near Bajwa Marg, Udupi.",under_investigation,Udupi,Udupi Rural PS,"Near Bajwa Marg, Udupi",13.3989,74.6905,Insp. Reva Kannan,2024,2,12
KAR/BEL/2024/1809,2024-11-06,12:41:00,vehicle_theft,"Reported incident of vehicle theft at Near Kari, Belagavi. Suspect vehicle noticed with plate KA-41-B-4835.",under_investigation,Belagavi,Belagavi Market PS,"Near Kari, Belagavi",15.8853,74.4244,Insp. Raagini Aggarwal,2024,11,12
KAR/BEN/2024/1810,2024-05-25,09:49:00,drug_offence,"Reported incident of drug offence at Near Bhattacharyya Ganj, Bengaluru Urban.",under_investigation,Bengaluru Urban,Bengaluru Urban South PS,"Near Bhattacharyya Ganj, Bengaluru Urban",13.017,77.5549,Insp. Indali Pant,2024,5,9
KAR/BEN/2024/1811,2024-10-18,03:06:00,eve_teasing,"Reported incident of eve teasing at Near Loyal Zila, Bengaluru Urban.",under_investigation,Bengaluru Urban,Bengaluru Urban South PS,"Near Loyal Zila, Bengaluru Urban",12.9804,77.5916,Insp. Ekanta Bhavsar,2024,10,3
KAR/BEN/2024/1812,2025-02-04,03:06:00,fraud,"Reported incident of fraud at Near Chahal Chowk, Bengaluru Urban.",open,Bengaluru Urban,Bengaluru Urban Traffic PS,"Near Chahal Chowk, Bengaluru Urban",13.0026,77.5807,Insp. Zayyan Sathe,2025,2,3
KAR/MYS/2024/1813,2024-05-16,03:04:00,burglary,"Reported incident of burglary at Near Sathe Ganj, Mysuru.",open,Mysuru,Mysuru North PS,"Near Sathe Ganj, Mysuru",12.3721,76.6918,Insp. Pranav Singhal,2024,5,3
KAR/MAN/2024/1814,2024-02-14,20:44:00,eve_teasing,"Reported incident of eve teasing at Near Raval Road, Mangaluru (Dakshina Kannada).",open,Mangaluru (Dakshina Kannada),Mangaluru (Dakshina Kannada) Market PS,"Near Raval Road, Mangaluru (Dakshina Kannada)",12.9017,74.8394,Insp. Darsh Mishra,2024,2,20
KAR/BEN/2024/1815,2024-10-19,07:52:00,murder,"Reported incident of murder at Near Walla Road, Bengaluru Urban.",open,Bengaluru Urban,Bengaluru Urban North PS,"Near Walla Road, Bengaluru Urban",12.9969,77.6131,Insp. Warjas Devan,2024,10,7
KAR/BID/2024/1816,2025-05-12,05:37:00,vehicle_theft,"Reported incident of vehicle theft at Near Dayal, Bidar. Suspect vehicle noticed with plate KA-28-P-8151.",open,Bidar,Bidar Traffic PS,"Near Dayal, Bidar",17.9586,77.4838,Insp. Ekalinga Kale,2025,5,5
KAR/BEN/2024/1817,2024-04-16,10:40:00,kidnapping,"Reported incident of kidnapping at Near Viswanathan Chowk, Bengaluru Urban.",under_investigation,Bengaluru Urban,Bengaluru Urban North PS,"Near Viswanathan Chowk, Bengaluru Urban",12.9902,77.5724,Insp. Jack Deo,2024,4,10
KAR/BEN/2024/1818,2024-09-02,03:46:00,fraud,"Reported incident of fraud at Near Handa Zila, Bengaluru Urban.",under_investigation,Bengaluru Urban,Bengaluru Urban West PS,"Near Handa Zila, Bengaluru Urban",12.8932,77.5828,Insp. Adweta Chowdhury,2024,9,3
KAR/BEL/2024/1819,2024-11-25,19:28:00,cybercrime,"Reported incident of cybercrime at Near Narain, Belagavi.",open,Belagavi,Belagavi Industrial PS,"Near Narain, Belagavi",15.7508,74.5553,Insp. Jacob Bala,2024,11,19
KAR/KOP/2024/1820,2024-07-29,06:51:00,murder,"Reported incident of murder at Near Gera, Koppal.",open,Koppal,Koppal Town PS,"Near Gera, Koppal",15.3338,76.2185,Insp. Chatura Kari,2024,7,6
KAR/MAN/2024/1821,2025-05-13,11:11:00,burglary,"Reported incident of burglary at Near Iyengar Path, Mangaluru (Dakshina Kannada).",under_investigation,Mangaluru (Dakshina Kannada),Mangaluru (Dakshina Kannada) Town PS,"Near Iyengar Path, Mangaluru (Dakshina Kannada)",12.8445,74.8709,Insp. Aarush Pradhan,2025,5,11
KAR/BEN/2024/1822,2024-01-30,22:31:00,burglary,"Reported incident of burglary at Near Issac Chowk, Bengaluru Urban.",under_investigation,Bengaluru Urban,Bengaluru Urban East PS,"Near Issac Chowk, Bengaluru Urban",13.0199,77.5383,Insp. Pavani Bakshi,2024,1,22
KAR/TUM/2024/1823,2024-10-08,03:48:00,vehicle_theft,"Reported incident of vehicle theft at Near Uppal Road, Tumakuru. Suspect vehicle noticed with plate KA-01-B-4412.",under_investigation,Tumakuru,Tumakuru Industrial PS,"Near Uppal Road, Tumakuru",13.3787,77.0486,Insp. Ekaja Lata,2024,10,3
KAR/HAS/2024/1824,2025-03-30,21:24:00,robbery,"Reported incident of robbery at Near Chowdhury Nagar, Hassan. Suspect vehicle noticed with plate KA-55-KB-6950.",open,Hassan,Hassan Suburban PS,"Near Chowdhury Nagar, Hassan",12.9707,76.1942,Insp. Yashodhara Mammen,2025,3,21
KAR/BEN/2024/1825,2025-02-09,03:15:00,eve_teasing,"Reported incident of eve teasing at Near Wason Street, Bengaluru Urban.",open,Bengaluru Urban,Bengaluru Urban West PS,"Near Wason Street, Bengaluru Urban",12.8959,77.5544,Insp. Tamanna Sandal,2025,2,3
KAR/BEN/2024/1826,2025-01-02,01:49:00,fraud,"Reported incident of fraud at Near Saini Ganj, Bengaluru Urban.",open,Bengaluru Urban,Bengaluru Urban East PS,"Near Saini Ganj, Bengaluru Urban",12.987,77.5162,Insp. Naveen Tara,2025,1,1
KAR/BID/2024/1827,2024-11-05,16:53:00,assault,"Reported incident of assault at Near Tara Ganj, Bidar.",under_investigation,Bidar,Bidar Town PS,"Near Tara Ganj, Bidar",17.8774,77.6124,Insp. Wazir Thaman,2024,11,16
KAR/BEN/2024/1828,2024-12-19,14:47:00,hit_and_run,"Reported incident of hit and run at Near Ghose Chowk, Bengaluru Urban.",closed,Bengaluru Urban,Bengaluru Urban North PS,"Near Ghose Chowk, Bengaluru Urban",13.0064,77.5641,Insp. Aradhana Dugar,2024,12,14
KAR/DAV/2024/1829,2025-04-18,22:09:00,burglary,"Reported incident of burglary at Near Bhattacharyya Ganj, Davangere.",chargesheeted,Davangere,Davangere Market PS,"Near Bhattacharyya Ganj, Davangere",14.482,75.9072,Insp. Hemang Menon,2025,4,22
KAR/CHI/2024/1830,2024-10-03,07:25:00,chain_snatching,"Reported incident of chain snatching at Near Kota Path, Chikkamagaluru. Suspect vehicle noticed with plate KA-13-M-9687.",open,Chikkamagaluru,Chikkamagaluru Town PS,"Near Kota Path, Chikkamagaluru",13.2997,75.7653,Insp. Geetika Handa,2024,10,7
KAR/RAI/2024/1831,2024-08-03,14:16:00,assault,"Reported incident of assault at Near Kumer, Raichur.",under_investigation,Raichur,Raichur Rural PS,"Near Kumer, Raichur",16.2123,77.3156,Insp. Unnati Minhas,2024,8,14
KAR/BAL/2024/1832,2025-05-29,12:44:00,fraud,"Reported incident of fraud at Near Parmar, Ballari.",open,Ballari,Ballari Rural PS,"Near Parmar, Ballari",15.0448,76.8653,Insp. Jason Ghosh,2025,5,12
KAR/RAI/2024/1833,2025-03-20,01:16:00,robbery,"Reported incident of robbery at Near Dhaliwal Street, Raichur. Suspect vehicle noticed with plate KA-54-P-2935.",closed,Raichur,Raichur Market PS,"Near Dhaliwal Street, Raichur",16.2311,77.2993,Insp. Harsh Kara,2025,3,1
KAR/BEN/2024/1834,2024-09-11,17:01:00,murder,"Reported incident of murder at Near Sachdev Road, Bengaluru Urban.",open,Bengaluru Urban,Bengaluru Urban North PS,"Near Sachdev Road, Bengaluru Urban",13.0167,77.5904,Insp. Panini Shere,2024,9,17
KAR/KAL/2024/1835,2024-02-04,17:16:00,cybercrime,"Reported incident of cybercrime at Near Chaudhari Circle, Kalaburagi.",under_investigation,Kalaburagi,Kalaburagi Rural PS,"Near Chaudhari Circle, Kalaburagi",17.2677,76.8378,Insp. Darsh Chhabra,2024,2,17
KAR/BEN/2024/1836,2024-10-16,14:22:00,vehicle_theft,"Reported incident of vehicle theft at Near Bhasin Marg, Bengaluru Urban. Suspect vehicle noticed with plate KA-51-M-1016.",open,Bengaluru Urban,Bengaluru Urban East PS,"Near Bhasin Marg, Bengaluru Urban",13.0017,77.5435,Insp. Mitesh Konda,2024,10,14
KAR/BEL/2024/1837,2024-05-26,19:19:00,robbery,"Reported incident of robbery at Near Malhotra Marg, Belagavi. Suspect vehicle noticed with plate KA-45-P-4783.",open,Belagavi,Belagavi Industrial PS,"Near Malhotra Marg, Belagavi",15.7897,74.5755,Insp. Mitali Mohan,2024,5,19
KAR/BEL/2024/1838,2025-01-30,12:15:00,robbery,"Reported incident of robbery at Near Shenoy Ganj, Belagavi. Suspect vehicle noticed with plate KA-02-P-9627.",open,Belagavi,Belagavi Industrial PS,"Near Shenoy Ganj, Belagavi",15.7585,74.5404,Insp. Harrison Murthy,2025,1,12
KAR/MAN/2024/1839,2024-12-31,03:57:00,burglary,"Reported incident of burglary at Near Gokhale Path, Mandya.",open,Mandya,Mandya Rural PS,"Near Gokhale Path, Mandya",12.5183,76.9324,Insp. Gautam Minhas,2024,12,3
KAR/BEN/2024/1840,2024-12-10,08:55:00,cybercrime,"Reported incident of cybercrime at Near Patil Marg, Bengaluru Urban.",open,Bengaluru Urban,Bengaluru Urban North PS,"Near Patil Marg, Bengaluru Urban",13.0173,77.6,Insp. Qarin Chopra,2024,12,8
KAR/BEN/2024/1841,2025-03-29,17:35:00,burglary,"Reported incident of burglary at Near Pathak Ganj, Bengaluru Urban.",chargesheeted,Bengaluru Urban,Bengaluru Urban South PS,"Near Pathak Ganj, Bengaluru Urban",12.9801,77.549,Insp. Naksh Panchal,2025,3,17
KAR/BEN/2024/1842,2024-05-29,19:30:00,domestic_violence,"Reported incident of domestic violence at Near Mistry Nagar, Bengaluru Urban.",open,Bengaluru Urban,Bengaluru Urban Traffic PS,"Near Mistry Nagar, Bengaluru Urban",13.0055,77.5919,Insp. Gagan Bora,2024,5,19
KAR/MAN/2024/1843,2024-12-11,17:34:00,chain_snatching,"Reported incident of chain snatching at Near Sandal Street, Mangaluru (Dakshina Kannada). Suspect vehicle noticed with plate KA-26-N-2207.",open,Mangaluru (Dakshina Kannada),Mangaluru (Dakshina Kannada) Suburban PS,"Near Sandal Street, Mangaluru (Dakshina Kannada)",12.9805,74.877,Insp. Chaitaly Mitra,2024,12,17
KAR/DAV/2024/1844,2024-02-08,22:04:00,burglary,"Reported incident of burglary at Near Ramaswamy Road, Davangere.",under_investigation,Davangere,Davangere Town PS,"Near Ramaswamy Road, Davangere",14.4931,75.9603,Insp. Faris Sankar,2024,2,22
KAR/KOP/2024/1845,2025-01-07,10:21:00,vehicle_theft,"Reported incident of vehicle theft at Near Chandra Chowk, Koppal. Suspect vehicle noticed with plate KA-42-B-9024.",open,Koppal,Koppal Town PS,"Near Chandra Chowk, Koppal",15.3476,76.2052,Insp. Xalak Talwar,2025,1,10
KAR/BEN/2024/1846,2024-12-26,18:23:00,property_crime,"Reported incident of property crime at Near Srinivas Nagar, Bengaluru Urban.",open,Bengaluru Urban,Bengaluru Urban West PS,"Near Srinivas Nagar, Bengaluru Urban",12.8914,77.5405,Insp. Jalsa Pandya,2024,12,18
KAR/DAV/2024/1847,2024-04-20,07:42:00,fraud,"Reported incident of fraud at Near De Road, Davangere.",chargesheeted,Davangere,Davangere Market PS,"Near De Road, Davangere",14.4826,75.9171,Insp. Lekha Sinha,2024,4,7
KAR/MYS/2024/1848,2025-02-04,15:28:00,cybercrime,"Reported incident of cybercrime at Near Contractor Chowk, Mysuru.",open,Mysuru,Mysuru Traffic PS,"Near Contractor Chowk, Mysuru",12.3756,76.5922,Insp. Luke Pingle,2025,2,15
KAR/DAV/2024/1849,2024-05-29,21:44:00,eve_teasing,"Reported incident of eve teasing at Near Aggarwal Marg, Davangere.",open,Davangere,Davangere Rural PS,"Near Aggarwal Marg, Davangere",14.5153,75.9203,Insp. Warhi Krish,2024,5,21
KAR/BEN/2024/1850,2025-05-05,13:16:00,eve_teasing,"Reported incident of eve teasing at Near Patla Road, Bengaluru Rural.",open,Bengaluru Rural,Bengaluru Rural Traffic PS,"Near Patla Road, Bengaluru Rural",13.1727,77.5964,Insp. Manya Tank,2025,5,13
KAR/UDU/2024/1851,2024-10-06,22:09:00,chain_snatching,"Reported incident of chain snatching at Near Varughese Road, Udupi. Suspect vehicle noticed with plate KA-35-KB-3958.",under_investigation,Udupi,Udupi Traffic PS,"Near Varughese Road, Udupi",13.3114,74.7511,Insp. Aditya Pradhan,2024,10,22
KAR/HAS/2024/1852,2024-03-24,21:56:00,hit_and_run,"Reported incident of hit and run at Near Pillay, Hassan.",open,Hassan,Hassan Rural PS,"Near Pillay, Hassan",13.0686,76.0353,Insp. Hemang Gill,2024,3,21
KAR/BEN/2024/1853,2024-07-06,09:58:00,fraud,"Reported incident of fraud at Near Chaudhuri Marg, Bengaluru Urban.",chargesheeted,Bengaluru Urban,Bengaluru Urban Central PS,"Near Chaudhuri Marg, Bengaluru Urban",13.0022,77.6112,Insp. Harrison Varughese,2024,7,9
KAR/MAN/2024/1854,2024-04-17,12:40:00,assault,"Reported incident of assault at Near Char, Mangaluru (Dakshina Kannada).",open,Mangaluru (Dakshina Kannada),Mangaluru (Dakshina Kannada) Town PS,"Near Char, Mangaluru (Dakshina Kannada)",12.8497,74.8459,Insp. Aashi Solanki,2024,4,12
KAR/BEN/2024/1855,2025-04-08,19:12:00,eve_teasing,"Reported incident of eve teasing at Near Hegde Chowk, Bengaluru Urban.",under_investigation,Bengaluru Urban,Bengaluru Urban Traffic PS,"Near Hegde Chowk, Bengaluru Urban",12.9969,77.5977,Insp. Yatin Parikh,2025,4,19
KAR/CHI/2024/1856,2025-03-31,01:14:00,kidnapping,"Reported incident of kidnapping at Near Lad Nagar, Chikkamagaluru.",open,Chikkamagaluru,Chikkamagaluru Town PS,"Near Lad Nagar, Chikkamagaluru",13.2825,75.7259,Insp. Nitesh Mane,2025,3,1
KAR/HUB/2024/1857,2024-08-28,08:33:00,assault,"Reported incident of assault at Near Guha Circle, Hubballi-Dharwad.",under_investigation,Hubballi-Dharwad,Hubballi-Dharwad Rural PS,"Near Guha Circle, Hubballi-Dharwad",15.3846,75.1439,Insp. Eta Ravel,2024,8,8
KAR/RAI/2024/1858,2024-12-13,23:34:00,chain_snatching,"Reported incident of chain snatching at Near Sengupta, Raichur. Suspect vehicle noticed with plate KA-42-N-7526.",open,Raichur,Raichur Rural PS,"Near Sengupta, Raichur",16.209,77.3302,Insp. Teerth Mani,2024,12,23
KAR/CHI/2024/1859,2024-02-09,21:40:00,robbery,"Reported incident of robbery at Near Gulati Road, Chikkamagaluru. Suspect vehicle noticed with plate KA-16-N-2035.",open,Chikkamagaluru,Chikkamagaluru Industrial PS,"Near Gulati Road, Chikkamagaluru",13.3548,75.7476,Insp. Hemani Ranganathan,2024,2,21
KAR/BAL/2024/1860,2024-09-09,03:06:00,eve_teasing,"Reported incident of eve teasing at Near Garg Circle, Ballari.",under_investigation,Ballari,Ballari Town PS,"Near Garg Circle, Ballari",15.1016,77.0048,Insp. Ranveer Bhattacharyya,2024,9,3
KAR/SHI/2024/1861,2024-01-14,08:16:00,cybercrime,"Reported incident of cybercrime at Near Ganesh Circle, Shivamogga.",chargesheeted,Shivamogga,Shivamogga Suburban PS,"Near Ganesh Circle, Shivamogga",13.9075,75.6311,Insp. Bhavna Choudhary,2024,1,8
KAR/BEN/2024/1862,2025-01-30,21:29:00,chain_snatching,"Reported incident of chain snatching at Near Kibe Street, Bengaluru Urban. Suspect vehicle noticed with plate KA-54-M-5506.",open,Bengaluru Urban,Bengaluru Urban East PS,"Near Kibe Street, Bengaluru Urban",13.0377,77.5175,Insp. Sai Pillai,2025,1,21
KAR/BEN/2024/1863,2024-07-10,08:14:00,assault,"Reported incident of assault at Near Parsa Circle, Bengaluru Urban.",under_investigation,Bengaluru Urban,Bengaluru Urban North PS,"Near Parsa Circle, Bengaluru Urban",13.0103,77.5905,Insp. Yash Gour,2024,7,8
KAR/BEN/2024/1864,2025-01-27,01:54:00,cybercrime,"Reported incident of cybercrime at Near Deol Zila, Bengaluru Urban.",open,Bengaluru Urban,Bengaluru Urban South PS,"Near Deol Zila, Bengaluru Urban",12.9841,77.5743,Insp. Warda Kumer,2025,1,1
KAR/MAN/2024/1865,2025-01-26,17:59:00,drug_offence,"Reported incident of drug offence at Near Rana Ganj, Mangaluru (Dakshina Kannada).",open,Mangaluru (Dakshina Kannada),Mangaluru (Dakshina Kannada) Rural PS,"Near Rana Ganj, Mangaluru (Dakshina Kannada)",12.8271,74.8498,Insp. Urmi Sodhi,2025,1,17
KAR/BEN/2024/1866,2024-08-11,10:13:00,fraud,"Reported incident of fraud at Near Deep Zila, Bengaluru Urban.",open,Bengaluru Urban,Bengaluru Urban South PS,"Near Deep Zila, Bengaluru Urban",12.9811,77.5849,Insp. Imaran Guha,2024,8,10
KAR/UDU/2024/1867,2024-06-02,19:45:00,chain_snatching,"Reported incident of chain snatching at Near Bhattacharyya Road, Udupi. Suspect vehicle noticed with plate KA-34-P-7334.",under_investigation,Udupi,Udupi Industrial PS,"Near Bhattacharyya Road, Udupi",13.3674,74.7456,Insp. Champak Palla,2024,6,19
KAR/KOL/2024/1868,2025-02-20,21:09:00,domestic_violence,"Reported incident of domestic violence at Near Dey Street, Kolar.",closed,Kolar,Kolar Town PS,"Near Dey Street, Kolar",13.1346,78.1473,Insp. Wishi Amble,2025,2,21
KAR/BAL/2024/1869,2024-09-19,17:07:00,burglary,"Reported incident of burglary at Near Narayanan Street, Ballari.",open,Ballari,Ballari Suburban PS,"Near Narayanan Street, Ballari",15.1724,76.88,Insp. Shaurya Choudhry,2024,9,17
KAR/BEN/2024/1870,2025-02-11,18:54:00,fraud,"Reported incident of fraud at Near Warrior Path, Bengaluru Urban.",open,Bengaluru Urban,Bengaluru Urban Central PS,"Near Warrior Path, Bengaluru Urban",12.9982,77.6112,Insp. Priya Rajan,2025,2,18
KAR/BEN/2024/1871,2024-07-12,19:15:00,fraud,"Reported incident of fraud at Near Tandon, Bengaluru Urban.",under_investigation,Bengaluru Urban,Bengaluru Urban North PS,"Near Tandon, Bengaluru Urban",13.0046,77.591,Insp. Advika Shankar,2024,7,19
KAR/BEN/2024/1872,2024-02-17,01:14:00,vehicle_theft,"Reported incident of vehicle theft at Near Raghavan Chowk, Bengaluru Urban. Suspect vehicle noticed with plate KA-18-KB-1941.",open,Bengaluru Urban,Bengaluru Urban East PS,"Near Raghavan Chowk, Bengaluru Urban",12.9921,77.5438,Insp. Sai De,2024,2,1
KAR/BEN/2024/1873,2024-04-04,00:45:00,hit_and_run,"Reported incident of hit and run at Near Amble Nagar, Bengaluru Urban.",under_investigation,Bengaluru Urban,Bengaluru Urban Traffic PS,"Near Amble Nagar, Bengaluru Urban",13.0077,77.5811,Insp. Aarnav Gokhale,2024,4,0
KAR/SHI/2024/1874,2024-07-27,07:45:00,murder,"Reported incident of murder at Near Aggarwal, Shivamogga.",chargesheeted,Shivamogga,Shivamogga Industrial PS,"Near Aggarwal, Shivamogga",13.8974,75.5287,Insp. Tamanna Pillay,2024,7,7
KAR/BEN/2024/1875,2024-05-28,23:56:00,assault,"Reported incident of assault at Near Rattan, Bengaluru Urban.",under_investigation,Bengaluru Urban,Bengaluru Urban South PS,"Near Rattan, Bengaluru Urban",12.9853,77.5558,Insp. Sneha Oak,2024,5,23
KAR/BAL/2024/1876,2024-08-27,17:10:00,assault,"Reported incident of assault at Near Agate Circle, Ballari.",under_investigation,Ballari,Ballari Market PS,"Near Agate Circle, Ballari",15.1773,76.8502,Insp. Aadi Oza,2024,8,17
KAR/DAV/2024/1877,2024-05-13,06:35:00,fraud,"Reported incident of fraud at Near Guha Road, Davangere.",open,Davangere,Davangere Rural PS,"Near Guha Road, Davangere",14.5617,75.9152,Insp. Jacob Mody,2024,5,6
KAR/HUB/2024/1878,2024-01-23,04:48:00,cybercrime,"Reported incident of cybercrime at Near Sarraf, Hubballi-Dharwad.",open,Hubballi-Dharwad,Hubballi-Dharwad Suburban PS,"Near Sarraf, Hubballi-Dharwad",15.3176,75.12,Insp. Ekani Pau,2024,1,4
KAR/CHI/2024/1879,2024-02-12,05:34:00,vehicle_theft,"Reported incident of vehicle theft at Near Ghose Chowk, Chikkamagaluru. Suspect vehicle noticed with plate KA-46-N-6820.",open,Chikkamagaluru,Chikkamagaluru Industrial PS,"Near Ghose Chowk, Chikkamagaluru",13.3668,75.7484,Insp. Abha Jain,2024,2,5
KAR/MAN/2024/1880,2024-08-20,15:27:00,vehicle_theft,"Reported incident of vehicle theft at Near Loke Street, Mangaluru (Dakshina Kannada). Suspect vehicle noticed with plate KA-18-B-7902.",under_investigation,Mangaluru (Dakshina Kannada),Mangaluru (Dakshina Kannada) Town PS,"Near Loke Street, Mangaluru (Dakshina Kannada)",12.8475,74.8513,Insp. Rohan Sheth,2024,8,15
KAR/BEN/2024/1881,2024-12-21,09:33:00,vehicle_theft,"Reported incident of vehicle theft at Near Mahal Circle, Bengaluru Urban. Suspect vehicle noticed with plate KA-10-KA-4753.",under_investigation,Bengaluru Urban,Bengaluru Urban Central PS,"Near Mahal Circle, Bengaluru Urban",13.0143,77.6379,Insp. Yug Nori,2024,12,9
KAR/MAN/2024/1882,2025-03-25,07:02:00,fraud,"Reported incident of fraud at Near Bahri Nagar, Mandya.",open,Mandya,Mandya Market PS,"Near Bahri Nagar, Mandya",12.6209,76.8425,Insp. Chatura Atwal,2025,3,7
KAR/BEN/2024/1883,2024-01-22,07:03:00,drug_offence,"Reported incident of drug offence at Near Varkey Nagar, Bengaluru Urban.",under_investigation,Bengaluru Urban,Bengaluru Urban Traffic PS,"Near Varkey Nagar, Bengaluru Urban",12.9631,77.5827,Insp. Balveer Bora,2024,1,7
KAR/BEN/2024/1884,2025-02-07,13:28:00,assault,"Reported incident of assault at Near Upadhyay Ganj, Bengaluru Urban.",open,Bengaluru Urban,Bengaluru Urban West PS,"Near Upadhyay Ganj, Bengaluru Urban",12.8926,77.5837,Insp. Barkha Mukherjee,2025,2,13
KAR/MAN/2024/1885,2024-12-06,11:41:00,cybercrime,"Reported incident of cybercrime at Near Panchal Nagar, Mangaluru (Dakshina Kannada).",open,Mangaluru (Dakshina Kannada),Mangaluru (Dakshina Kannada) Traffic PS,"Near Panchal Nagar, Mangaluru (Dakshina Kannada)",12.8265,74.8586,Insp. Charita Tata,2024,12,11
KAR/VIJ/2024/1886,2024-03-02,03:11:00,assault,"Reported incident of assault at Near Sagar Zila, Vijayapura.",open,Vijayapura,Vijayapura Traffic PS,"Near Sagar Zila, Vijayapura",16.8026,75.6873,Insp. Rachita Grewal,2024,3,3
KAR/SHI/2024/1887,2024-01-09,14:56:00,fraud,"Reported incident of fraud at Near Natarajan, Shivamogga.",under_investigation,Shivamogga,Shivamogga Town PS,"Near Natarajan, Shivamogga",13.9436,75.5328,Insp. Riya Ram,2024,1,14
KAR/UDU/2024/1888,2024-08-29,19:22:00,drug_offence,"Reported incident of drug offence at Near Morar Road, Udupi.",under_investigation,Udupi,Udupi Suburban PS,"Near Morar Road, Udupi",13.2792,74.7917,Insp. Lavanya Raghavan,2024,8,19
KAR/BEN/2024/1889,2025-03-14,09:59:00,robbery,"Reported incident of robbery at Near Chawla Chowk, Bengaluru Urban. Suspect vehicle noticed with plate KA-17-N-1871.",chargesheeted,Bengaluru Urban,Bengaluru Urban West PS,"Near Chawla Chowk, Bengaluru Urban",12.8839,77.5487,Insp. Shivansh Magar,2025,3,9
KAR/BEN/2024/1890,2024-02-02,00:30:00,robbery,"Reported incident of robbery at Near Gill Nagar, Bengaluru Urban. Suspect vehicle noticed with plate KA-30-M-9225.",open,Bengaluru Urban,Bengaluru Urban West PS,"Near Gill Nagar, Bengaluru Urban",12.9251,77.5963,Insp. Aradhana Konda,2024,2,0
KAR/UDU/2024/1891,2024-12-25,07:43:00,chain_snatching,"Reported incident of chain snatching at Near Manne Road, Udupi. Suspect vehicle noticed with plate KA-47-A-3485.",chargesheeted,Udupi,Udupi Rural PS,"Near Manne Road, Udupi",13.3609,74.6476,Insp. Om Kar,2024,12,7
KAR/BEN/2024/1892,2025-04-04,14:45:00,cybercrime,"Reported incident of cybercrime at Near Basu Ganj, Bengaluru Urban.",closed,Bengaluru Urban,Bengaluru Urban Central PS,"Near Basu Ganj, Bengaluru Urban",12.9816,77.633,Insp. Dominic Master,2025,4,14
KAR/BEN/2024/1893,2025-02-04,10:49:00,burglary,"Reported incident of burglary at Near Raman Chowk, Bengaluru Urban.",open,Bengaluru Urban,Bengaluru Urban North PS,"Near Raman Chowk, Bengaluru Urban",12.9875,77.5799,Insp. Farhan Minhas,2025,2,10
KAR/BEN/2024/1894,2024-04-20,05:03:00,property_crime,"Reported incident of property crime at Near Dubey Circle, Bengaluru Urban.",under_investigation,Bengaluru Urban,Bengaluru Urban North PS,"Near Dubey Circle, Bengaluru Urban",13.0175,77.5666,Insp. Farhan Kulkarni,2024,4,5
KAR/CHI/2024/1895,2024-05-27,03:53:00,fraud,"Reported incident of fraud at Near Shah Road, Chikkamagaluru.",open,Chikkamagaluru,Chikkamagaluru Industrial PS,"Near Shah Road, Chikkamagaluru",13.3793,75.7893,Insp. Samuel Wali,2024,5,3
KAR/HAS/2024/1896,2024-06-08,08:12:00,burglary,"Reported incident of burglary at Near Banik Zila, Hassan.",open,Hassan,Hassan Rural PS,"Near Banik Zila, Hassan",13.0824,76.0683,Insp. Upkaar Hora,2024,6,8
KAR/BEN/2024/1897,2024-01-27,12:22:00,vehicle_theft,"Reported incident of vehicle theft at Near Chahal, Bengaluru Urban. Suspect vehicle noticed with plate KA-26-KB-5165.",open,Bengaluru Urban,Bengaluru Urban East PS,"Near Chahal, Bengaluru Urban",13.0392,77.5349,Insp. Lopa Sankaran,2024,1,12
KAR/BEN/2024/1898,2024-11-07,22:42:00,vehicle_theft,"Reported incident of vehicle theft at Near Yohannan Path, Bengaluru Urban. Suspect vehicle noticed with plate KA-21-B-1918.",under_investigation,Bengaluru Urban,Bengaluru Urban West PS,"Near Yohannan Path, Bengaluru Urban",12.8989,77.5509,Insp. Saksham Mukhopadhyay,2024,11,22
KAR/KOP/2024/1899,2024-10-03,10:17:00,hit_and_run,"Reported incident of hit and run at Near Wason Road, Koppal.",under_investigation,Koppal,Koppal Traffic PS,"Near Wason Road, Koppal",15.3867,76.1992,Insp. Chatresh Soni,2024,10,10
KAR/BEN/2024/1900,2024-03-21,02:45:00,chain_snatching,"Reported incident of chain snatching at Near Bhavsar Zila, Bengaluru Urban. Suspect vehicle noticed with plate KA-33-M-5368.",open,Bengaluru Urban,Bengaluru Urban South PS,"Near Bhavsar Zila, Bengaluru Urban",13.0225,77.5994,Insp. Utkarsh Ganesan,2024,3,2
KAR/BEN/2024/1901,2024-01-05,01:33:00,vehicle_theft,"Reported incident of vehicle theft at Near Reddy Circle, Bengaluru Rural. Suspect vehicle noticed with plate KA-16-B-5497.",under_investigation,Bengaluru Rural,Bengaluru Rural North PS,"Near Reddy Circle, Bengaluru Rural",13.288,77.5543,Insp. Tamanna Kala,2024,1,1
KAR/BEN/2024/1902,2025-03-21,13:59:00,burglary,"Reported incident of burglary at Near Chadha Ganj, Bengaluru Urban.",under_investigation,Bengaluru Urban,Bengaluru Urban North PS,"Near Chadha Ganj, Bengaluru Urban",12.9882,77.5571,Insp. Warjas Amble,2025,3,13
KAR/MAN/2024/1903,2024-02-11,15:34:00,chain_snatching,"Reported incident of chain snatching at Near Mohan Street, Mangaluru (Dakshina Kannada). Suspect vehicle noticed with plate KA-34-B-5268.",open,Mangaluru (Dakshina Kannada),Mangaluru (Dakshina Kannada) Suburban PS,"Near Mohan Street, Mangaluru (Dakshina Kannada)",12.9934,74.8691,Insp. Anika Batra,2024,2,15
KAR/UDU/2024/1904,2024-10-16,03:15:00,chain_snatching,"Reported incident of chain snatching at Near Vohra Zila, Udupi. Suspect vehicle noticed with plate KA-52-KA-9089.",open,Udupi,Udupi Rural PS,"Near Vohra Zila, Udupi",13.37,74.6574,Insp. Waida Anne,2024,10,3
KAR/BEN/2024/1905,2024-10-11,07:46:00,vehicle_theft,"Reported incident of vehicle theft at Near Narasimhan Street, Bengaluru Urban. Suspect vehicle noticed with plate KA-33-N-5996.",under_investigation,Bengaluru Urban,Bengaluru Urban East PS,"Near Narasimhan Street, Bengaluru Urban",13.0319,77.5746,Insp. Peter Padmanabhan,2024,10,7
KAR/RAI/2024/1906,2024-09-15,01:01:00,fraud,"Reported incident of fraud at Near Doctor Circle, Raichur.",open,Raichur,Raichur Market PS,"Near Doctor Circle, Raichur",16.2081,77.2971,Insp. Yash Yogi,2024,9,1
KAR/BEN/2024/1907,2024-11-22,21:05:00,robbery,"Reported incident of robbery at Near Sule Zila, Bengaluru Urban. Suspect vehicle noticed with plate KA-21-KA-9704.",open,Bengaluru Urban,Bengaluru Urban East PS,"Near Sule Zila, Bengaluru Urban",13.0268,77.5287,Insp. Samaksh Comar,2024,11,21
KAR/HUB/2024/1908,2024-10-14,22:59:00,cybercrime,"Reported incident of cybercrime at Near Misra Ganj, Hubballi-Dharwad.",open,Hubballi-Dharwad,Hubballi-Dharwad Suburban PS,"Near Misra Ganj, Hubballi-Dharwad",15.309,75.0806,Insp. Harsh Bains,2024,10,22
KAR/BEN/2024/1909,2024-05-04,07:59:00,senior_citizen_crime,"Reported incident of senior citizen crime at Near Ben Nagar, Bengaluru Urban.",open,Bengaluru Urban,Bengaluru Urban North PS,"Near Ben Nagar, Bengaluru Urban",12.9934,77.586,Insp. William Pillai,2024,5,7
KAR/BEN/2024/1910,2024-10-11,07:53:00,vehicle_theft,"Reported incident of vehicle theft at Near Arya, Bengaluru Urban. Suspect vehicle noticed with plate KA-50-P-2587.",open,Bengaluru Urban,Bengaluru Urban South PS,"Near Arya, Bengaluru Urban",13.0179,77.5518,Insp. Omkaar Naidu,2024,10,7
KAR/CHI/2024/1911,2024-09-13,02:45:00,hit_and_run,"Reported incident of hit and run at Near Nanda Marg, Chikkamagaluru.",open,Chikkamagaluru,Chikkamagaluru Rural PS,"Near Nanda Marg, Chikkamagaluru",13.2504,75.8149,Insp. Henry Contractor,2024,9,2
KAR/KOP/2024/1912,2024-10-17,19:03:00,vehicle_theft,"Reported incident of vehicle theft at Near Raj Road, Koppal. Suspect vehicle noticed with plate KA-47-N-1619.",open,Koppal,Koppal Industrial PS,"Near Raj Road, Koppal",15.2984,76.1122,Insp. Tripti Narayan,2024,10,19
KAR/BEL/2024/1913,2024-11-24,23:06:00,vehicle_theft,"Reported incident of vehicle theft at Near Bala Ganj, Belagavi. Suspect vehicle noticed with plate KA-16-KA-8150.",under_investigation,Belagavi,Belagavi Market PS,"Near Bala Ganj, Belagavi",15.8692,74.4408,Insp. Omaja Devan,2024,11,23
KAR/BAL/2024/1914,2024-06-13,18:31:00,cybercrime,"Reported incident of cybercrime at Near Ghose Zila, Ballari.",chargesheeted,Ballari,Ballari Industrial PS,"Near Ghose Zila, Ballari",15.0959,76.939,Insp. Veda Bath,2024,6,18
KAR/MAN/2024/1915,2024-03-04,06:23:00,fraud,"Reported incident of fraud at Near Ahluwalia, Mandya.",open,Mandya,Mandya Suburban PS,"Near Ahluwalia, Mandya",12.5873,76.8872,Insp. Ira Sarna,2024,3,6
KAR/BEN/2024/1916,2024-12-26,12:47:00,vehicle_theft,"Reported incident of vehicle theft at Near Nagy Street, Bengaluru Urban. Suspect vehicle noticed with plate KA-17-KA-8107.",closed,Bengaluru Urban,Bengaluru Urban West PS,"Near Nagy Street, Bengaluru Urban",12.8798,77.5836,Insp. Rajata Ramakrishnan,2024,12,12
KAR/BAL/2024/1917,2025-05-05,17:33:00,burglary,"Reported incident of burglary at Near Chowdhury Ganj, Ballari.",under_investigation,Ballari,Ballari Market PS,"Near Chowdhury Ganj, Ballari",15.1648,76.8404,Insp. Balveer Dhaliwal,2025,5,17
KAR/MAN/2024/1918,2024-12-19,16:47:00,vehicle_theft,"Reported incident of vehicle theft at Near Buch Circle, Mandya. Suspect vehicle noticed with plate KA-40-N-8499.",under_investigation,Mandya,Mandya Rural PS,"Near Buch Circle, Mandya",12.4825,76.9235,Insp. Tara Bhattacharyya,2024,12,16
KAR/RAI/2024/1919,2024-08-15,11:26:00,vehicle_theft,"Reported incident of vehicle theft at Near Grover Path, Raichur. Suspect vehicle noticed with plate KA-24-N-6844.",under_investigation,Raichur,Raichur Town PS,"Near Grover Path, Raichur",16.2145,77.3424,Insp. Nirja Chaudry,2024,8,11
KAR/KAL/2024/1920,2024-03-21,02:39:00,vehicle_theft,"Reported incident of vehicle theft at Near Raman Marg, Kalaburagi. Suspect vehicle noticed with plate KA-15-KB-9582.",closed,Kalaburagi,Kalaburagi Market PS,"Near Raman Marg, Kalaburagi",17.3637,76.7783,Insp. Zinal Kala,2024,3,2
KAR/KOP/2024/1921,2025-02-11,07:20:00,burglary,"Reported incident of burglary at Near Sachdeva Ganj, Koppal.",open,Koppal,Koppal Suburban PS,"Near Sachdeva Ganj, Koppal",15.2972,76.096,Insp. Udant Sood,2025,2,7
KAR/KOL/2024/1922,2024-12-28,23:25:00,vehicle_theft,"Reported incident of vehicle theft at Near Sha Ganj, Kolar. Suspect vehicle noticed with plate KA-04-A-4327.",under_investigation,Kolar,Kolar Suburban PS,"Near Sha Ganj, Kolar",13.1219,78.1097,Insp. Ubika Bhatt,2024,12,23
KAR/KOP/2024/1923,2024-12-06,06:48:00,chain_snatching,"Reported incident of chain snatching at Near Chaudhry Path, Koppal. Suspect vehicle noticed with plate KA-35-M-7358.",closed,Koppal,Koppal Industrial PS,"Near Chaudhry Path, Koppal",15.2939,76.1461,Insp. Adweta Chander,2024,12,6
KAR/HAS/2024/1924,2024-05-16,12:16:00,hit_and_run,"Reported incident of hit and run at Near Palan Path, Hassan.",closed,Hassan,Hassan Industrial PS,"Near Palan Path, Hassan",13.0109,76.1259,Insp. Lohit Singh,2024,5,12
KAR/BAL/2024/1925,2024-07-22,12:29:00,robbery,"Reported incident of robbery at Near Rattan Zila, Ballari. Suspect vehicle noticed with plate KA-01-M-5145.",open,Ballari,Ballari Rural PS,"Near Rattan Zila, Ballari",15.0618,76.8889,Insp. Bakhshi Madan,2024,7,12
KAR/BAL/2024/1926,2025-05-09,13:11:00,robbery,"Reported incident of robbery at Near Babu Marg, Ballari. Suspect vehicle noticed with plate KA-24-M-2171.",open,Ballari,Ballari Market PS,"Near Babu Marg, Ballari",15.1823,76.8618,Insp. Saumya Sachdev,2025,5,13
KAR/BEN/2024/1927,2024-11-22,22:45:00,vehicle_theft,"Reported incident of vehicle theft at Near Ramakrishnan Chowk, Bengaluru Urban. Suspect vehicle noticed with plate KA-32-M-7230.",open,Bengaluru Urban,Bengaluru Urban East PS,"Near Ramakrishnan Chowk, Bengaluru Urban",13.0196,77.5634,Insp. Amara Parikh,2024,11,22
KAR/MAN/2024/1928,2024-11-08,20:39:00,robbery,"Reported incident of robbery at Near Mitter Chowk, Mangaluru (Dakshina Kannada). Suspect vehicle noticed with plate KA-14-M-5480.",chargesheeted,Mangaluru (Dakshina Kannada),Mangaluru (Dakshina Kannada) Town PS,"Near Mitter Chowk, Mangaluru (Dakshina Kannada)",12.8707,74.8543,Insp. Orinder Tata,2024,11,20
KAR/RAI/2024/1929,2025-02-16,05:41:00,drug_offence,"Reported incident of drug offence at Near Krish Street, Raichur.",under_investigation,Raichur,Raichur Traffic PS,"Near Krish Street, Raichur",16.2379,77.3142,Insp. Logan Chokshi,2025,2,5
KAR/HAS/2024/1930,2024-03-15,07:52:00,chain_snatching,"Reported incident of chain snatching at Near Pau Road, Hassan. Suspect vehicle noticed with plate KA-45-M-4077.",under_investigation,Hassan,Hassan Rural PS,"Near Pau Road, Hassan",13.0503,76.0489,Insp. Elijah Balakrishnan,2024,3,7
KAR/MAN/2024/1931,2025-05-19,19:48:00,burglary,"Reported incident of burglary at Near Barad Zila, Mangaluru (Dakshina Kannada).",under_investigation,Mangaluru (Dakshina Kannada),Mangaluru (Dakshina Kannada) Rural PS,"Near Barad Zila, Mangaluru (Dakshina Kannada)",12.8671,74.9062,Insp. Garima Apte,2025,5,19
KAR/MAN/2024/1932,2025-01-05,06:36:00,burglary,"Reported incident of burglary at Near Bala Road, Mangaluru (Dakshina Kannada).",chargesheeted,Mangaluru (Dakshina Kannada),Mangaluru (Dakshina Kannada) Traffic PS,"Near Bala Road, Mangaluru (Dakshina Kannada)",12.8592,74.8905,Insp. Vidhi Nazareth,2025,1,6
KAR/KOP/2024/1933,2024-08-10,20:47:00,assault,"Reported incident of assault at Near Kar Ganj, Koppal.",open,Koppal,Koppal Town PS,"Near Kar Ganj, Koppal",15.3238,76.232,Insp. Alexander Palla,2024,8,20
KAR/BEL/2024/1934,2024-08-18,14:51:00,kidnapping,"Reported incident of kidnapping at Near Bajaj Nagar, Belagavi.",under_investigation,Belagavi,Belagavi Rural PS,"Near Bajaj Nagar, Belagavi",15.8536,74.5112,Insp. Fitan Gokhale,2024,8,14
KAR/BEN/2024/1935,2024-03-14,11:42:00,hit_and_run,"Reported incident of hit and run at Near Sachdev, Bengaluru Urban.",open,Bengaluru Urban,Bengaluru Urban Central PS,"Near Sachdev, Bengaluru Urban",13.0112,77.616,Insp. Yashica Jaggi,2024,3,11
KAR/BID/2024/1936,2024-12-16,20:11:00,vehicle_theft,"Reported incident of vehicle theft at Near Lad, Bidar. Suspect vehicle noticed with plate KA-27-KA-3778.",open,Bidar,Bidar Rural PS,"Near Lad, Bidar",17.9555,77.5202,Insp. Isaac Pal,2024,12,20
KAR/TUM/2024/1937,2025-01-26,22:08:00,vehicle_theft,"Reported incident of vehicle theft at Near Venkataraman Zila, Tumakuru. Suspect vehicle noticed with plate KA-22-M-6074.",open,Tumakuru,Tumakuru Traffic PS,"Near Venkataraman Zila, Tumakuru",13.2842,77.0666,Insp. Jatin Bassi,2025,1,22
KAR/RAI/2024/1938,2024-11-23,03:02:00,property_crime,"Reported incident of property crime at Near Contractor Path, Raichur.",open,Raichur,Raichur Industrial PS,"Near Contractor Path, Raichur",16.1777,77.4021,Insp. Bishakha Sankaran,2024,11,3
KAR/MYS/2024/1939,2024-08-12,18:15:00,fraud,"Reported incident of fraud at Near Chandra Road, Mysuru.",open,Mysuru,Mysuru South PS,"Near Chandra Road, Mysuru",12.3491,76.5892,Insp. Manya Reddy,2024,8,18
KAR/KOL/2024/1940,2025-03-26,17:03:00,fraud,"Reported incident of fraud at Near Dutta Marg, Kolar.",under_investigation,Kolar,Kolar Town PS,"Near Dutta Marg, Kolar",13.1177,78.1581,Insp. Andrew Wason,2025,3,17
KAR/BEN/2024/1941,2025-02-18,11:35:00,vehicle_theft,"Reported incident of vehicle theft at Near Chand, Bengaluru Urban. Suspect vehicle noticed with plate KA-39-B-1334.",open,Bengaluru Urban,Bengaluru Urban North PS,"Near Chand, Bengaluru Urban",12.9874,77.5774,Insp. Eta Taneja,2025,2,11
KAR/SHI/2024/1942,2025-01-05,13:18:00,eve_teasing,"Reported incident of eve teasing at Near Rout Nagar, Shivamogga.",under_investigation,Shivamogga,Shivamogga Town PS,"Near Rout Nagar, Shivamogga",13.9166,75.5595,Insp. Praneel Srivastava,2025,1,13
KAR/BEN/2024/1943,2024-02-16,08:30:00,hit_and_run,"Reported incident of hit and run at Near Varkey Circle, Bengaluru Urban.",under_investigation,Bengaluru Urban,Bengaluru Urban South PS,"Near Varkey Circle, Bengaluru Urban",13.0125,77.5775,Insp. Dipta Lad,2024,2,8
KAR/VIJ/2024/1944,2024-12-12,05:19:00,fraud,"Reported incident of fraud at Near Johal, Vijayapura.",under_investigation,Vijayapura,Vijayapura Market PS,"Near Johal, Vijayapura",16.8546,75.6757,Insp. Mason Krishnan,2024,12,5
KAR/BEN/2024/1945,2024-03-28,00:39:00,drug_offence,"Reported incident of drug offence at Near Boase Path, Bengaluru Urban.",under_investigation,Bengaluru Urban,Bengaluru Urban North PS,"Near Boase Path, Bengaluru Urban",12.9974,77.5603,Insp. Bahadurjit Issac,2024,3,0
KAR/BAL/2024/1946,2024-08-06,09:45:00,fraud,"Reported incident of fraud at Near Pal Chowk, Ballari.",open,Ballari,Ballari Town PS,"Near Pal Chowk, Ballari",15.0806,76.9613,Insp. Triveni Kata,2024,8,9
KAR/KOL/2024/1947,2025-01-05,21:50:00,robbery,"Reported incident of robbery at Near Dutt Ganj, Kolar. Suspect vehicle noticed with plate KA-28-B-7558.",open,Kolar,Kolar Traffic PS,"Near Dutt Ganj, Kolar",13.2333,78.1319,Insp. Ayaan Dhawan,2025,1,21
KAR/RAI/2024/1948,2024-12-25,23:57:00,burglary,"Reported incident of burglary at Near Gera Circle, Raichur.",open,Raichur,Raichur Rural PS,"Near Gera Circle, Raichur",16.2269,77.3677,Insp. Bakhshi Bhalla,2024,12,23
KAR/MAN/2024/1949,2024-04-07,09:51:00,burglary,"Reported incident of burglary at Near Bhandari Nagar, Mandya.",under_investigation,Mandya,Mandya Market PS,"Near Bhandari Nagar, Mandya",12.6035,76.855,Insp. Lila Nanda,2024,4,9
KAR/BID/2024/1950,2024-12-18,04:37:00,domestic_violence,"Reported incident of domestic violence at Near Ratti, Bidar.",under_investigation,Bidar,Bidar Market PS,"Near Ratti, Bidar",17.8953,77.5325,Insp. Ekani Reddy,2024,12,4
KAR/DAV/2024/1951,2025-01-29,09:43:00,vehicle_theft,"Reported incident of vehicle theft at Near Keer Road, Davangere. Suspect vehicle noticed with plate KA-39-A-4018.",under_investigation,Davangere,Davangere Rural PS,"Near Keer Road, Davangere",14.5117,75.9373,Insp. Shravya Lad,2025,1,9
KAR/BEN/2024/1952,2024-03-17,22:02:00,fraud,"Reported incident of fraud at Near Dhar Chowk, Bengaluru Urban.",open,Bengaluru Urban,Bengaluru Urban North PS,"Near Dhar Chowk, Bengaluru Urban",13.0336,77.5774,Insp. Chakradev Bava,2024,3,22
KAR/BEN/2024/1953,2025-04-07,21:21:00,vehicle_theft,"Reported incident of vehicle theft at Near Comar Zila, Bengaluru Urban. Suspect vehicle noticed with plate KA-11-KA-3545.",under_investigation,Bengaluru Urban,Bengaluru Urban South PS,"Near Comar Zila, Bengaluru Urban",13.0045,77.5853,Insp. Upasna Kala,2025,4,21
KAR/BEN/2024/1954,2024-11-09,20:12:00,fraud,"Reported incident of fraud at Near Dave Street, Bengaluru Urban.",open,Bengaluru Urban,Bengaluru Urban Central PS,"Near Dave Street, Bengaluru Urban",12.9639,77.6369,Insp. Yash Nori,2024,11,20
KAR/BEN/2024/1955,2024-07-30,13:07:00,eve_teasing,"Reported incident of eve teasing at Near Swaminathan Marg, Bengaluru Urban.",open,Bengaluru Urban,Bengaluru Urban Central PS,"Near Swaminathan Marg, Bengaluru Urban",12.9801,77.6488,Insp. Urvashi Bath,2024,7,13
KAR/HUB/2024/1956,2025-05-05,23:23:00,fraud,"Reported incident of fraud at Near Deep Nagar, Hubballi-Dharwad.",chargesheeted,Hubballi-Dharwad,Hubballi-Dharwad Market PS,"Near Deep Nagar, Hubballi-Dharwad",15.3067,75.1238,Insp. Hemal Zacharia,2025,5,23
KAR/BEN/2024/1957,2025-04-16,22:32:00,vehicle_theft,"Reported incident of vehicle theft at Near Tata Street, Bengaluru Urban. Suspect vehicle noticed with plate KA-01-KA-5450.",open,Bengaluru Urban,Bengaluru Urban North PS,"Near Tata Street, Bengaluru Urban",13.0092,77.5717,Insp. Nathaniel Reddy,2025,4,22
KAR/SHI/2024/1958,2024-07-03,08:41:00,fraud,"Reported incident of fraud at Near Brar Nagar, Shivamogga.",chargesheeted,Shivamogga,Shivamogga Traffic PS,"Near Brar Nagar, Shivamogga",14.0054,75.6249,Insp. Wriddhish Kannan,2024,7,8
KAR/RAI/2024/1959,2024-11-13,17:58:00,vehicle_theft,"Reported incident of vehicle theft at Near Konda Chowk, Raichur. Suspect vehicle noticed with plate KA-26-N-1198.",chargesheeted,Raichur,Raichur Market PS,"Near Konda Chowk, Raichur",16.2396,77.3127,Insp. Bhanumati Chanda,2024,11,17
KAR/DAV/2024/1960,2024-03-13,11:59:00,robbery,"Reported incident of robbery at Near Parekh Zila, Davangere. Suspect vehicle noticed with plate KA-43-B-1379.",chargesheeted,Davangere,Davangere Market PS,"Near Parekh Zila, Davangere",14.4991,75.9172,Insp. Zayyan Rout,2024,3,11
KAR/BEN/2024/1961,2024-12-13,18:02:00,vehicle_theft,"Reported incident of vehicle theft at Near Doctor Chowk, Bengaluru Urban. Suspect vehicle noticed with plate KA-05-KB-5319.",chargesheeted,Bengaluru Urban,Bengaluru Urban South PS,"Near Doctor Chowk, Bengaluru Urban",13.0311,77.5599,Insp. Ekiya Wagle,2024,12,18
KAR/KAL/2024/1962,2024-04-09,04:44:00,property_crime,"Reported incident of property crime at Near Dugar Zila, Kalaburagi.",chargesheeted,Kalaburagi,Kalaburagi Town PS,"Near Dugar Zila, Kalaburagi",17.3735,76.7591,Insp. Bimala Agarwal,2024,4,4
KAR/BEN/2024/1963,2024-10-11,00:20:00,fraud,"Reported incident of fraud at Near Sangha Nagar, Bengaluru Urban.",open,Bengaluru Urban,Bengaluru Urban West PS,"Near Sangha Nagar, Bengaluru Urban",12.9239,77.565,Insp. Gagan Patla,2024,10,0
KAR/KOL/2024/1964,2024-03-20,09:00:00,fraud,"Reported incident of fraud at Near Chanda Chowk, Kolar.",under_investigation,Kolar,Kolar Rural PS,"Near Chanda Chowk, Kolar",13.2088,78.1584,Insp. Zayyan Hayre,2024,3,9
KAR/BEN/2024/1965,2025-03-22,20:01:00,chain_snatching,"Reported incident of chain snatching at Near Bhatti Nagar, Bengaluru Urban. Suspect vehicle noticed with plate KA-09-KA-8730.",open,Bengaluru Urban,Bengaluru Urban East PS,"Near Bhatti Nagar, Bengaluru Urban",12.9826,77.5699,Insp. Nidhi Bhat,2025,3,20
KAR/VIJ/2024/1966,2024-12-13,08:49:00,cybercrime,"Reported incident of cybercrime at Near Lal Road, Vijayapura.",chargesheeted,Vijayapura,Vijayapura Traffic PS,"Near Lal Road, Vijayapura",16.8205,75.6695,Insp. William Sood,2024,12,8
KAR/BEN/2024/1967,2024-06-20,02:35:00,burglary,"Reported incident of burglary at Near Kale Nagar, Bengaluru Rural.",under_investigation,Bengaluru Rural,Bengaluru Rural West PS,"Near Kale Nagar, Bengaluru Rural",13.2574,77.6801,Insp. Samesh Mody,2024,6,2
KAR/CHI/2024/1968,2025-04-05,18:38:00,drug_offence,"Reported incident of drug offence at Near Chadha, Chikkamagaluru.",chargesheeted,Chikkamagaluru,Chikkamagaluru Suburban PS,"Near Chadha, Chikkamagaluru",13.3308,75.7724,Insp. Darika Tandon,2025,4,18
KAR/DAV/2024/1969,2024-04-23,06:51:00,burglary,"Reported incident of burglary at Near Som Chowk, Davangere.",chargesheeted,Davangere,Davangere Industrial PS,"Near Som Chowk, Davangere",14.4666,75.8463,Insp. Jairaj Dubey,2024,4,6
KAR/MAN/2024/1970,2024-11-01,18:26:00,vehicle_theft,"Reported incident of vehicle theft at Near Sengupta Nagar, Mandya. Suspect vehicle noticed with plate KA-04-M-5294.",open,Mandya,Mandya Traffic PS,"Near Sengupta Nagar, Mandya",12.5504,76.9262,Insp. Ansh Rajagopal,2024,11,18
KAR/SHI/2024/1971,2025-03-23,06:32:00,vehicle_theft,"Reported incident of vehicle theft at Near Pingle Nagar, Shivamogga. Suspect vehicle noticed with plate KA-08-P-4605.",open,Shivamogga,Shivamogga Town PS,"Near Pingle Nagar, Shivamogga",13.9223,75.5527,Insp. Thomas Brar,2025,3,6
KAR/BID/2024/1972,2024-07-14,04:57:00,cybercrime,"Reported incident of cybercrime at Near Dugar Nagar, Bidar.",open,Bidar,Bidar Market PS,"Near Dugar Nagar, Bidar",17.8981,77.5192,Insp. Daniel Mody,2024,7,4
KAR/BEL/2024/1973,2024-05-24,13:03:00,property_crime,"Reported incident of property crime at Near Dhaliwal Ganj, Belagavi.",open,Belagavi,Belagavi Industrial PS,"Near Dhaliwal Ganj, Belagavi",15.7425,74.5482,Insp. Jackson Gandhi,2024,5,13
KAR/TUM/2024/1974,2025-04-21,16:38:00,robbery,"Reported incident of robbery at Near Dass Chowk, Tumakuru. Suspect vehicle noticed with plate KA-44-A-7064.",chargesheeted,Tumakuru,Tumakuru Town PS,"Near Dass Chowk, Tumakuru",13.3658,77.0386,Insp. Nirja Rai,2025,4,16
KAR/BEL/2024/1975,2025-05-22,15:12:00,fraud,"Reported incident of fraud at Near Jani Circle, Belagavi.",closed,Belagavi,Belagavi Traffic PS,"Near Jani Circle, Belagavi",15.8031,74.4275,Insp. Aadhya Mangal,2025,5,15
KAR/BEN/2024/1976,2024-12-09,07:01:00,murder,"Reported incident of murder at Near Guha Zila, Bengaluru Urban.",under_investigation,Bengaluru Urban,Bengaluru Urban Traffic PS,"Near Guha Zila, Bengaluru Urban",12.999,77.5853,Insp. Madhav Tak,2024,12,7
KAR/BEN/2024/1977,2024-12-14,12:00:00,domestic_violence,"Reported incident of domestic violence at Near Bera Ganj, Bengaluru Urban.",open,Bengaluru Urban,Bengaluru Urban Traffic PS,"Near Bera Ganj, Bengaluru Urban",12.9657,77.5928,Insp. Veer Loke,2024,12,12
KAR/BEN/2024/1978,2025-02-01,18:55:00,robbery,"Reported incident of robbery at Near Sabharwal Circle, Bengaluru Urban. Suspect vehicle noticed with plate KA-05-N-8050.",open,Bengaluru Urban,Bengaluru Urban North PS,"Near Sabharwal Circle, Bengaluru Urban",13.0196,77.5665,Insp. Bhavika Radhakrishnan,2025,2,18
KAR/TUM/2024/1979,2025-01-19,13:41:00,chain_snatching,"Reported incident of chain snatching at Near Chakrabarti Marg, Tumakuru. Suspect vehicle noticed with plate KA-44-B-3701.",under_investigation,Tumakuru,Tumakuru Rural PS,"Near Chakrabarti Marg, Tumakuru",13.2724,77.1684,Insp. Nitara Chaudhari,2025,1,13
KAR/MAN/2024/1980,2025-02-13,05:29:00,eve_teasing,"Reported incident of eve teasing at Near More Ganj, Mandya.",under_investigation,Mandya,Mandya Rural PS,"Near More Ganj, Mandya",12.4726,76.905,Insp. Ijaya Aggarwal,2025,2,5
KAR/HUB/2024/1981,2024-04-14,04:54:00,senior_citizen_crime,"Reported incident of senior citizen crime at Near Bahl Street, Hubballi-Dharwad.",open,Hubballi-Dharwad,Hubballi-Dharwad Market PS,"Near Bahl Street, Hubballi-Dharwad",15.3416,75.1296,Insp. Triveni Deo,2024,4,4
KAR/BEN/2024/1982,2025-03-23,13:48:00,chain_snatching,"Reported incident of chain snatching at Near Pingle Ganj, Bengaluru Urban. Suspect vehicle noticed with plate KA-38-KB-5808.",under_investigation,Bengaluru Urban,Bengaluru Urban East PS,"Near Pingle Ganj, Bengaluru Urban",13.0109,77.5561,Insp. Madhav Roy,2025,3,13
KAR/BEN/2024/1983,2024-12-26,15:58:00,vehicle_theft,"Reported incident of vehicle theft at Near Gera Nagar, Bengaluru Urban. Suspect vehicle noticed with plate KA-25-A-3150.",open,Bengaluru Urban,Bengaluru Urban West PS,"Near Gera Nagar, Bengaluru Urban",12.9175,77.5644,Insp. Qabil Agate,2024,12,15
KAR/KAL/2024/1984,2025-04-30,21:53:00,cybercrime,"Reported incident of cybercrime at Near Subramaniam Marg, Kalaburagi.",chargesheeted,Kalaburagi,Kalaburagi Town PS,"Near Subramaniam Marg, Kalaburagi",17.4044,76.7624,Insp. Peter Sankar,2025,4,21
KAR/RAI/2024/1985,2024-02-08,02:45:00,domestic_violence,"Reported incident of domestic violence at Near Barad Path, Raichur.",under_investigation,Raichur,Raichur Market PS,"Near Barad Path, Raichur",16.2007,77.2636,Insp. Wriddhish Sura,2024,2,2
KAR/MAN/2024/1986,2024-10-21,22:36:00,robbery,"Reported incident of robbery at Near Korpal, Mangaluru (Dakshina Kannada). Suspect vehicle noticed with plate KA-13-P-7551.",open,Mangaluru (Dakshina Kannada),Mangaluru (Dakshina Kannada) Traffic PS,"Near Korpal, Mangaluru (Dakshina Kannada)",12.8387,74.869,Insp. Yatan Lall,2024,10,22
KAR/KAL/2024/1987,2024-02-10,05:40:00,assault,"Reported incident of assault at Near Varkey Street, Kalaburagi.",chargesheeted,Kalaburagi,Kalaburagi Town PS,"Near Varkey Street, Kalaburagi",17.3508,76.7857,Insp. Elijah Tailor,2024,2,5
KAR/TUM/2024/1988,2024-08-29,02:51:00,cybercrime,"Reported incident of cybercrime at Near Sampath Circle, Tumakuru.",under_investigation,Tumakuru,Tumakuru Traffic PS,"Near Sampath Circle, Tumakuru",13.3086,77.1064,Insp. Madhavi Trivedi,2024,8,2
KAR/MAN/2024/1989,2024-10-31,08:16:00,robbery,"Reported incident of robbery at Near Das Nagar, Mangaluru (Dakshina Kannada). Suspect vehicle noticed with plate KA-04-A-8318.",chargesheeted,Mangaluru (Dakshina Kannada),Mangaluru (Dakshina Kannada) Market PS,"Near Das Nagar, Mangaluru (Dakshina Kannada)",12.9084,74.8133,Insp. Qabil Malhotra,2024,10,8
KAR/BAL/2024/1990,2024-10-14,11:50:00,burglary,"Reported incident of burglary at Near Bhatia Ganj, Ballari.",chargesheeted,Ballari,Ballari Town PS,"Near Bhatia Ganj, Ballari",15.1092,76.982,Insp. Manthan Thaman,2024,10,11
KAR/BAL/2024/1991,2024-04-15,02:10:00,fraud,"Reported incident of fraud at Near Ratti Zila, Ballari.",closed,Ballari,Ballari Industrial PS,"Near Ratti Zila, Ballari",15.1053,76.9503,Insp. Gautam Gola,2024,4,2
KAR/BEN/2024/1992,2024-09-15,14:20:00,fraud,"Reported incident of fraud at Near Murthy Chowk, Bengaluru Urban.",open,Bengaluru Urban,Bengaluru Urban Central PS,"Near Murthy Chowk, Bengaluru Urban",12.9649,77.6461,Insp. Neelima Sekhon,2024,9,14
KAR/VIJ/2024/1993,2024-05-23,14:18:00,chain_snatching,"Reported incident of chain snatching at Near Shenoy Nagar, Vijayapura. Suspect vehicle noticed with plate KA-01-B-3185.",chargesheeted,Vijayapura,Vijayapura Traffic PS,"Near Shenoy Nagar, Vijayapura",16.8245,75.6751,Insp. Nikita Shenoy,2024,5,14
KAR/BEN/2024/1994,2025-02-15,04:03:00,fraud,"Reported incident of fraud at Near Khatri Nagar, Bengaluru Urban.",open,Bengaluru Urban,Bengaluru Urban East PS,"Near Khatri Nagar, Bengaluru Urban",12.9888,77.5393,Insp. Krish Barad,2025,2,4
KAR/UDU/2024/1995,2025-02-21,09:42:00,property_crime,"Reported incident of property crime at Near Din Chowk, Udupi.",open,Udupi,Udupi Town PS,"Near Din Chowk, Udupi",13.2936,74.7623,Insp. Yashoda Goswami,2025,2,9
KAR/UDU/2024/1996,2024-05-22,21:50:00,cybercrime,"Reported incident of cybercrime at Near Prasad Zila, Udupi.",open,Udupi,Udupi Suburban PS,"Near Prasad Zila, Udupi",13.2921,74.7925,Insp. Gunbir Venkataraman,2024,5,21
KAR/RAI/2024/1997,2025-01-04,10:58:00,cybercrime,"Reported incident of cybercrime at Near Seth Circle, Raichur.",under_investigation,Raichur,Raichur Suburban PS,"Near Seth Circle, Raichur",16.185,77.3847,Insp. Falguni Bera,2025,1,10
KAR/BEN/2024/1998,2024-12-25,03:56:00,chain_snatching,"Reported incident of chain snatching at Near Bala Circle, Bengaluru Rural. Suspect vehicle noticed with plate KA-38-KB-8158.",closed,Bengaluru Rural,Bengaluru Rural West PS,"Near Bala Circle, Bengaluru Rural",13.3101,77.6572,Insp. Tanish Grover,2024,12,3
KAR/BEN/2024/1999,2024-05-21,05:25:00,fraud,"Reported incident of fraud at Near Deshpande Path, Bengaluru Urban.",open,Bengaluru Urban,Bengaluru Urban East PS,"Near Deshpande Path, Bengaluru Urban",12.9804,77.5352,Insp. Radhika Ray,2024,5,5
KAR/KOP/2024/2000,2024-09-06,19:13:00,robbery,"Reported incident of robbery at Near Srinivas Ganj, Koppal. Suspect vehicle noticed with plate KA-18-B-3771.",open,Koppal,Koppal Industrial PS,"Near Srinivas Ganj, Koppal",15.2825,76.1297,Insp. Dayita Chakraborty,2024,9,19
KAR/BEN/2024/2001,2024-10-12,05:29:00,cybercrime,"Reported incident of cybercrime at Near Doctor Nagar, Bengaluru Urban.",open,Bengaluru Urban,Bengaluru Urban South PS,"Near Doctor Nagar, Bengaluru Urban",13.0194,77.584,Insp. Sudiksha Barad,2024,10,5
KAR/BAL/2024/2002,2025-03-24,01:39:00,burglary,"Reported incident of burglary at Near Upadhyay Circle, Ballari.",open,Ballari,Ballari Market PS,"Near Upadhyay Circle, Ballari",15.1699,76.8695,Insp. Robert Keer,2025,3,1
KAR/BEN/2024/2003,2024-01-29,03:50:00,assault,"Reported incident of assault at Near Hari Nagar, Bengaluru Urban.",open,Bengaluru Urban,Bengaluru Urban East PS,"Near Hari Nagar, Bengaluru Urban",12.9957,77.5267,Insp. Leela Mandal,2024,1,3
KAR/SHI/2024/2004,2024-09-25,14:18:00,vehicle_theft,"Reported incident of vehicle theft at Near Chaudry Circle, Shivamogga. Suspect vehicle noticed with plate KA-28-P-3068.",open,Shivamogga,Shivamogga Rural PS,"Near Chaudry Circle, Shivamogga",13.9543,75.5313,Insp. Harinakshi Yogi,2024,9,14
KAR/MAN/2024/2005,2024-09-18,13:29:00,hit_and_run,"Reported incident of hit and run at Near Vig, Mandya.",open,Mandya,Mandya Market PS,"Near Vig, Mandya",12.6082,76.8319,Insp. Alka Sampath,2024,9,13
KAR/BEN/2024/2006,2024-10-04,09:04:00,vehicle_theft,"Reported incident of vehicle theft at Near Rege, Bengaluru Urban. Suspect vehicle noticed with plate KA-17-P-7323.",open,Bengaluru Urban,Bengaluru Urban Traffic PS,"Near Rege, Bengaluru Urban",13.0053,77.5616,Insp. Azaan Nayar,2024,10,9
KAR/MYS/2024/2007,2024-02-04,06:28:00,robbery,"Reported incident of robbery at Near Dash Ganj, Mysuru. Suspect vehicle noticed with plate KA-07-KA-6799.",under_investigation,Mysuru,Mysuru North PS,"Near Dash Ganj, Mysuru",12.3933,76.6771,Insp. Girindra Chandra,2024,2,6
KAR/BEN/2024/2008,2025-02-07,21:54:00,vehicle_theft,"Reported incident of vehicle theft at Near Contractor Road, Bengaluru Urban. Suspect vehicle noticed with plate KA-28-P-6540.",open,Bengaluru Urban,Bengaluru Urban North PS,"Near Contractor Road, Bengaluru Urban",13.0296,77.5774,Insp. Bimala Divan,2025,2,21
KAR/TUM/2024/2009,2025-05-02,15:43:00,burglary,"Reported incident of burglary at Near Jha Ganj, Tumakuru.",chargesheeted,Tumakuru,Tumakuru Suburban PS,"Near Jha Ganj, Tumakuru",13.37,77.1175,Insp. Lajita Mutti,2025,5,15
KAR/BAL/2024/2010,2025-02-19,02:21:00,burglary,"Reported incident of burglary at Near Lall Ganj, Ballari.",under_investigation,Ballari,Ballari Suburban PS,"Near Lall Ganj, Ballari",15.1851,76.8606,Insp. Zilmil Sami,2025,2,2
KAR/BEN/2024/2011,2025-05-07,10:53:00,vehicle_theft,"Reported incident of vehicle theft at Near Sani Marg, Bengaluru Urban. Suspect vehicle noticed with plate KA-46-N-1653.",open,Bengaluru Urban,Bengaluru Urban Central PS,"Near Sani Marg, Bengaluru Urban",12.9731,77.6202,Insp. Anthony Rout,2025,5,10
KAR/BID/2024/2012,2024-10-05,15:43:00,vehicle_theft,"Reported incident of vehicle theft at Near Badami Path, Bidar. Suspect vehicle noticed with plate KA-25-B-7119.",chargesheeted,Bidar,Bidar Rural PS,"Near Badami Path, Bidar",17.9519,77.5112,Insp. Sarthak Chandran,2024,10,15
KAR/MAN/2024/2013,2024-05-29,15:21:00,vehicle_theft,"Reported incident of vehicle theft at Near Pau Ganj, Mangaluru (Dakshina Kannada). Suspect vehicle noticed with plate KA-23-M-6701.",open,Mangaluru (Dakshina Kannada),Mangaluru (Dakshina Kannada) Market PS,"Near Pau Ganj, Mangaluru (Dakshina Kannada)",12.8863,74.8269,Insp. Xavier Das,2024,5,15
KAR/KOP/2024/2014,2024-10-22,02:59:00,chain_snatching,"Reported incident of chain snatching at Near Natt Street, Koppal. Suspect vehicle noticed with plate KA-40-B-3525.",open,Koppal,Koppal Market PS,"Near Natt Street, Koppal",15.3462,76.2282,Insp. Elijah Karan,2024,10,2
KAR/CHI/2024/2015,2024-05-13,00:55:00,robbery,"Reported incident of robbery at Near Dixit Nagar, Chikkamagaluru. Suspect vehicle noticed with plate KA-14-P-5322.",open,Chikkamagaluru,Chikkamagaluru Rural PS,"Near Dixit Nagar, Chikkamagaluru",13.2612,75.7708,Insp. Qabil Walia,2024,5,0
KAR/VIJ/2024/2016,2024-11-03,03:07:00,hit_and_run,"Reported incident of hit and run at Near Behl Zila, Vijayapura.",chargesheeted,Vijayapura,Vijayapura Industrial PS,"Near Behl Zila, Vijayapura",16.8057,75.6636,Insp. Meghana Krishnan,2024,11,3
KAR/KAL/2024/2017,2025-05-25,16:17:00,burglary,"Reported incident of burglary at Near Tara, Kalaburagi.",open,Kalaburagi,Kalaburagi Traffic PS,"Near Tara, Kalaburagi",17.3913,76.8741,Insp. Max Koshy,2025,5,16
KAR/BEN/2024/2018,2025-05-12,00:51:00,vehicle_theft,"Reported incident of vehicle theft at Near Wable Path, Bengaluru Urban. Suspect vehicle noticed with plate KA-04-A-6630.",under_investigation,Bengaluru Urban,Bengaluru Urban Central PS,"Near Wable Path, Bengaluru Urban",12.9652,77.6521,Insp. Samar Sarna,2025,5,0
KAR/BID/2024/2019,2024-06-17,12:53:00,drug_offence,"Reported incident of drug offence at Near Panchal Ganj, Bidar.",chargesheeted,Bidar,Bidar Market PS,"Near Panchal Ganj, Bidar",17.8834,77.4784,Insp. Aarnav Bansal,2024,6,12
KAR/MAN/2024/2020,2025-05-16,00:24:00,robbery,"Reported incident of robbery at Near Reddy Road, Mandya. Suspect vehicle noticed with plate KA-40-N-4796.",under_investigation,Mandya,Mandya Industrial PS,"Near Reddy Road, Mandya",12.4822,76.9554,Insp. Upasna Karnik,2025,5,0
KAR/BEL/2024/2021,2025-01-04,08:03:00,drug_offence,"Reported incident of drug offence at Near Bahri Nagar, Belagavi.",under_investigation,Belagavi,Belagavi Traffic PS,"Near Bahri Nagar, Belagavi",15.7525,74.4482,Insp. Pranit Bath,2025,1,8
KAR/CHI/2024/2022,2025-05-26,18:23:00,chain_snatching,"Reported incident of chain snatching at Near Manne Road, Chikkamagaluru. Suspect vehicle noticed with plate KA-05-P-5290.",open,Chikkamagaluru,Chikkamagaluru Industrial PS,"Near Manne Road, Chikkamagaluru",13.361,75.7599,Insp. Zarna Dyal,2025,5,18
KAR/KOL/2024/2023,2024-09-21,01:24:00,assault,"Reported incident of assault at Near Shanker Circle, Kolar.",under_investigation,Kolar,Kolar Rural PS,"Near Shanker Circle, Kolar",13.1626,78.1582,Insp. Inaya Roy,2024,9,1
KAR/SHI/2024/2024,2024-07-22,16:23:00,chain_snatching,"Reported incident of chain snatching at Near Hans Path, Shivamogga. Suspect vehicle noticed with plate KA-28-KB-2188.",open,Shivamogga,Shivamogga Suburban PS,"Near Hans Path, Shivamogga",13.9504,75.6301,Insp. Triveni Nath,2024,7,16
KAR/SHI/2024/2025,2025-04-12,04:43:00,drug_offence,"Reported incident of drug offence at Near Wagle Path, Shivamogga.",under_investigation,Shivamogga,Shivamogga Town PS,"Near Wagle Path, Shivamogga",13.921,75.5681,Insp. Libni Sani,2025,4,4
KAR/TUM/2024/2026,2025-02-11,23:57:00,assault,"Reported incident of assault at Near Mukherjee, Tumakuru.",open,Tumakuru,Tumakuru Town PS,"Near Mukherjee, Tumakuru",13.4204,77.0761,Insp. Charvi Narayan,2025,2,23
KAR/BEN/2024/2027,2025-05-08,17:08:00,fraud,"Reported incident of fraud at Near Kala Circle, Bengaluru Urban.",open,Bengaluru Urban,Bengaluru Urban Central PS,"Near Kala Circle, Bengaluru Urban",12.9791,77.6299,Insp. Yashawini Malhotra,2025,5,17
KAR/BEN/2024/2028,2025-02-18,03:41:00,fraud,"Reported incident of fraud at Near Jha, Bengaluru Rural.",under_investigation,Bengaluru Rural,Bengaluru Rural Traffic PS,"Near Jha, Bengaluru Rural",13.1516,77.5989,Insp. Ansh Bhatt,2025,2,3
KAR/BEL/2024/2029,2024-06-30,22:51:00,property_crime,"Reported incident of property crime at Near Babu Path, Belagavi.",under_investigation,Belagavi,Belagavi Traffic PS,"Near Babu Path, Belagavi",15.7898,74.4456,Insp. Timothy Aurora,2024,6,22
KAR/BEL/2024/2030,2024-04-28,06:27:00,drug_offence,"Reported incident of drug offence at Near Deol Path, Belagavi.",under_investigation,Belagavi,Belagavi Market PS,"Near Deol Path, Belagavi",15.8921,74.4229,Insp. Mohini Hayer,2024,4,6
KAR/KOL/2024/2031,2024-08-19,00:06:00,drug_offence,"Reported incident of drug offence at Near Iyer Path, Kolar.",under_investigation,Kolar,Kolar Town PS,"Near Iyer Path, Kolar",13.0784,78.1689,Insp. Henry Sengupta,2024,8,0
KAR/BEL/2024/2032,2024-03-22,03:37:00,fraud,"Reported incident of fraud at Near Mallick Path, Belagavi.",open,Belagavi,Belagavi Market PS,"Near Mallick Path, Belagavi",15.8688,74.4098,Insp. Jeevika Doctor,2024,3,3
KAR/MAN/2024/2033,2024-12-06,17:15:00,kidnapping,"Reported incident of kidnapping at Near Banik Street, Mangaluru (Dakshina Kannada).",open,Mangaluru (Dakshina Kannada),Mangaluru (Dakshina Kannada) Rural PS,"Near Banik Street, Mangaluru (Dakshina Kannada)",12.8406,74.8914,Insp. Lavanya Pathak,2024,12,17
KAR/RAI/2024/2034,2024-07-22,11:47:00,chain_snatching,"Reported incident of chain snatching at Near Kari Circle, Raichur. Suspect vehicle noticed with plate KA-24-P-4057.",chargesheeted,Raichur,Raichur Suburban PS,"Near Kari Circle, Raichur",16.2244,77.3847,Insp. Ekapad Khosla,2024,7,11
KAR/BEN/2024/2035,2024-03-18,22:41:00,hit_and_run,"Reported incident of hit and run at Near Sani Zila, Bengaluru Urban.",open,Bengaluru Urban,Bengaluru Urban West PS,"Near Sani Zila, Bengaluru Urban",12.8705,77.5788,Insp. Pranit Bahl,2024,3,22
KAR/BEN/2024/2036,2024-03-27,08:43:00,chain_snatching,"Reported incident of chain snatching at Near Srinivas, Bengaluru Urban. Suspect vehicle noticed with plate KA-41-A-7502.",open,Bengaluru Urban,Bengaluru Urban Central PS,"Near Srinivas, Bengaluru Urban",12.9739,77.6489,Insp. Ati Jhaveri,2024,3,8
KAR/RAI/2024/2037,2024-11-03,06:35:00,vehicle_theft,"Reported incident of vehicle theft at Near Balasubramanian, Raichur. Suspect vehicle noticed with plate KA-36-A-4180.",open,Raichur,Raichur Suburban PS,"Near Balasubramanian, Raichur",16.2322,77.3736,Insp. Kala Lad,2024,11,6
KAR/HUB/2024/2038,2024-09-29,18:46:00,assault,"Reported incident of assault at Near Murty Street, Hubballi-Dharwad.",under_investigation,Hubballi-Dharwad,Hubballi-Dharwad Rural PS,"Near Murty Street, Hubballi-Dharwad",15.3595,75.1494,Insp. Thomas Pant,2024,9,18
KAR/UDU/2024/2039,2025-02-20,22:23:00,fraud,"Reported incident of fraud at Near Joshi Zila, Udupi.",open,Udupi,Udupi Town PS,"Near Joshi Zila, Udupi",13.3408,74.8013,Insp. Wyatt Rout,2025,2,22
KAR/BEN/2024/2040,2025-05-03,10:20:00,burglary,"Reported incident of burglary at Near Choudhry Chowk, Bengaluru Urban.",under_investigation,Bengaluru Urban,Bengaluru Urban South PS,"Near Choudhry Chowk, Bengaluru Urban",12.9855,77.5563,Insp. Chandran Bhalla,2025,5,10
KAR/BEN/2024/2041,2025-03-15,00:27:00,cybercrime,"Reported incident of cybercrime at Near Gill, Bengaluru Urban.",under_investigation,Bengaluru Urban,Bengaluru Urban North PS,"Near Gill, Bengaluru Urban",13.0308,77.5836,Insp. Amaira Rastogi,2025,3,0
KAR/CHI/2024/2042,2024-04-04,20:36:00,chain_snatching,"Reported incident of chain snatching at Near Chaudry Street, Chikkamagaluru. Suspect vehicle noticed with plate KA-01-B-5301.",open,Chikkamagaluru,Chikkamagaluru Industrial PS,"Near Chaudry Street, Chikkamagaluru",13.3815,75.7729,Insp. Kabir Guha,2024,4,20
KAR/HAS/2024/2043,2025-05-06,06:56:00,hit_and_run,"Reported incident of hit and run at Near Sani Zila, Hassan.",under_investigation,Hassan,Hassan Industrial PS,"Near Sani Zila, Hassan",13.0477,76.1324,Insp. Vivaan Thaker,2025,5,6
KAR/BEN/2024/2044,2024-05-17,13:52:00,burglary,"Reported incident of burglary at Near Thakur Zila, Bengaluru Urban.",under_investigation,Bengaluru Urban,Bengaluru Urban West PS,"Near Thakur Zila, Bengaluru Urban",12.912,77.571,Insp. Darika Banerjee,2024,5,13
KAR/KOP/2024/2045,2024-04-04,07:24:00,hit_and_run,"Reported incident of hit and run at Near Dhar Street, Koppal.",open,Koppal,Koppal Suburban PS,"Near Dhar Street, Koppal",15.3009,76.1014,Insp. Chandresh Varghese,2024,4,7
KAR/BEN/2024/2046,2024-01-15,18:37:00,cybercrime,"Reported incident of cybercrime at Near Vasa Marg, Bengaluru Urban.",closed,Bengaluru Urban,Bengaluru Urban West PS,"Near Vasa Marg, Bengaluru Urban",12.8922,77.5954,Insp. Orinder Issac,2024,1,18
KAR/BEN/2024/2047,2024-12-27,16:43:00,cybercrime,"Reported incident of cybercrime at Near Dua Chowk, Bengaluru Urban.",open,Bengaluru Urban,Bengaluru Urban East PS,"Near Dua Chowk, Bengaluru Urban",13.0162,77.5522,Insp. Manan Sekhon,2024,12,16
KAR/KAL/2024/2048,2024-10-03,00:31:00,chain_snatching,"Reported incident of chain snatching at Near Raja, Kalaburagi. Suspect vehicle noticed with plate KA-52-P-1321.",open,Kalaburagi,Kalaburagi Town PS,"Near Raja, Kalaburagi",17.3698,76.7516,Insp. Saumya Venkataraman,2024,10,0
KAR/MYS/2024/2049,2024-08-02,07:56:00,senior_citizen_crime,"Reported incident of senior citizen crime at Near Balay Road, Mysuru.",open,Mysuru,Mysuru Central PS,"Near Balay Road, Mysuru",12.2865,76.582,Insp. Yashawini Datta,2024,8,7
KAR/BEN/2024/2050,2024-12-15,14:47:00,eve_teasing,"Reported incident of eve teasing at Near Sabharwal, Bengaluru Urban.",under_investigation,Bengaluru Urban,Bengaluru Urban North PS,"Near Sabharwal, Bengaluru Urban",13.0294,77.5802,Insp. Kai Tiwari,2024,12,14
KAR/BEN/2024/2051,2024-08-11,09:26:00,vehicle_theft,"Reported incident of vehicle theft at Near Biswas Marg, Bengaluru Urban. Suspect vehicle noticed with plate KA-09-A-2179.",open,Bengaluru Urban,Bengaluru Urban North PS,"Near Biswas Marg, Bengaluru Urban",13.0111,77.5757,Insp. Hredhaan Bahl,2024,8,9
KAR/BEN/2024/2052,2024-11-18,23:59:00,fraud,"Reported incident of fraud at Near Zachariah Road, Bengaluru Urban.",open,Bengaluru Urban,Bengaluru Urban Traffic PS,"Near Zachariah Road, Bengaluru Urban",13.0118,77.5549,Insp. Tanish Soman,2024,11,23
KAR/MAN/2024/2053,2024-10-15,04:42:00,vehicle_theft,"Reported incident of vehicle theft at Near Jhaveri Street, Mangaluru (Dakshina Kannada). Suspect vehicle noticed with plate KA-28-KB-9678.",open,Mangaluru (Dakshina Kannada),Mangaluru (Dakshina Kannada) Town PS,"Near Jhaveri Street, Mangaluru (Dakshina Kannada)",12.8624,74.8312,Insp. Saumya Sethi,2024,10,4
KAR/BEN/2024/2054,2025-03-21,06:01:00,hit_and_run,"Reported incident of hit and run at Near Patla Nagar, Bengaluru Urban.",open,Bengaluru Urban,Bengaluru Urban Central PS,"Near Patla Nagar, Bengaluru Urban",13.0003,77.6068,Insp. Pranav Parsa,2025,3,6
KAR/BEN/2024/2055,2025-04-21,10:01:00,burglary,"Reported incident of burglary at Near Srivastava, Bengaluru Urban.",under_investigation,Bengaluru Urban,Bengaluru Urban East PS,"Near Srivastava, Bengaluru Urban",12.9927,77.55,Insp. Nirja Sharaf,2025,4,10
KAR/BEN/2024/2056,2024-09-10,01:50:00,vehicle_theft,"Reported incident of vehicle theft at Near Mukhopadhyay Path, Bengaluru Urban. Suspect vehicle noticed with plate KA-45-KB-6145.",under_investigation,Bengaluru Urban,Bengaluru Urban South PS,"Near Mukhopadhyay Path, Bengaluru Urban",13.0087,77.5939,Insp. Teerth Dugar,2024,9,1
KAR/UDU/2024/2057,2024-04-05,22:18:00,cybercrime,"Reported incident of cybercrime at Near Jain Chowk, Udupi.",closed,Udupi,Udupi Rural PS,"Near Jain Chowk, Udupi",13.351,74.6907,Insp. Veda Yohannan,2024,4,22
KAR/KOP/2024/2058,2024-11-05,01:50:00,chain_snatching,"Reported incident of chain snatching at Near Lata Circle, Koppal. Suspect vehicle noticed with plate KA-08-M-1766.",open,Koppal,Koppal Industrial PS,"Near Lata Circle, Koppal",15.3003,76.1328,Insp. Sachi Khare,2024,11,1
KAR/KOL/2024/2059,2024-01-14,16:04:00,burglary,"Reported incident of burglary at Near Sha Marg, Kolar.",chargesheeted,Kolar,Kolar Industrial PS,"Near Sha Marg, Kolar",13.2023,78.0808,Insp. Jasmit Andra,2024,1,16
KAR/KOL/2024/2060,2024-05-14,10:34:00,cybercrime,"Reported incident of cybercrime at Near Tiwari Path, Kolar.",open,Kolar,Kolar Rural PS,"Near Tiwari Path, Kolar",13.1613,78.1986,Insp. Ikbal Kanda,2024,5,10
KAR/CHI/2024/2061,2025-05-31,10:37:00,cybercrime,"Reported incident of cybercrime at Near Prasad Path, Chikkamagaluru.",under_investigation,Chikkamagaluru,Chikkamagaluru Town PS,"Near Prasad Path, Chikkamagaluru",13.2911,75.7276,Insp. Anika Din,2025,5,10
KAR/BEN/2024/2062,2024-06-16,20:07:00,murder,"Reported incident of murder at Near Varughese Ganj, Bengaluru Urban.",open,Bengaluru Urban,Bengaluru Urban West PS,"Near Varughese Ganj, Bengaluru Urban",12.9224,77.5569,Insp. Ekapad Taneja,2024,6,20
KAR/BEN/2024/2063,2025-04-26,09:02:00,assault,"Reported incident of assault at Near Gole Path, Bengaluru Urban.",under_investigation,Bengaluru Urban,Bengaluru Urban West PS,"Near Gole Path, Bengaluru Urban",12.867,77.5949,Insp. Sai Garde,2025,4,9
KAR/BEN/2024/2064,2024-01-11,22:57:00,fraud,"Reported incident of fraud at Near Setty Circle, Bengaluru Urban.",open,Bengaluru Urban,Bengaluru Urban Traffic PS,"Near Setty Circle, Bengaluru Urban",13.0145,77.5544,Insp. Udant Bobal,2024,1,22
KAR/BEN/2024/2065,2024-12-09,23:22:00,chain_snatching,"Reported incident of chain snatching at Near Chokshi Zila, Bengaluru Urban. Suspect vehicle noticed with plate KA-47-KB-3748.",under_investigation,Bengaluru Urban,Bengaluru Urban Traffic PS,"Near Chokshi Zila, Bengaluru Urban",12.9726,77.5698,Insp. Veer Dar,2024,12,23
KAR/SHI/2024/2066,2024-01-28,20:54:00,property_crime,"Reported incident of property crime at Near Virk Street, Shivamogga.",under_investigation,Shivamogga,Shivamogga Suburban PS,"Near Virk Street, Shivamogga",13.917,75.6148,Insp. Nicholas Bhargava,2024,1,20
KAR/CHI/2024/2067,2024-10-07,15:28:00,cybercrime,"Reported incident of cybercrime at Near Subramanian Chowk, Chikkamagaluru.",under_investigation,Chikkamagaluru,Chikkamagaluru Industrial PS,"Near Subramanian Chowk, Chikkamagaluru",13.3782,75.7368,Insp. Yamini Doctor,2024,10,15
KAR/BEN/2024/2068,2025-04-21,11:22:00,assault,"Reported incident of assault at Near Dube Road, Bengaluru Urban.",chargesheeted,Bengaluru Urban,Bengaluru Urban Central PS,"Near Dube Road, Bengaluru Urban",12.979,77.6499,Insp. Bishakha Sheth,2025,4,11
KAR/BEL/2024/2069,2024-06-09,14:03:00,cybercrime,"Reported incident of cybercrime at Near Sabharwal Zila, Belagavi.",under_investigation,Belagavi,Belagavi Market PS,"Near Sabharwal Zila, Belagavi",15.8635,74.4193,Insp. Pranit Virk,2024,6,14
KAR/BID/2024/2070,2024-06-21,10:33:00,chain_snatching,"Reported incident of chain snatching at Near Rout Zila, Bidar. Suspect vehicle noticed with plate KA-53-KB-2332.",chargesheeted,Bidar,Bidar Rural PS,"Near Rout Zila, Bidar",17.9351,77.4705,Insp. Vyanjana Raja,2024,6,10
KAR/BEN/2024/2071,2024-10-06,19:36:00,cybercrime,"Reported incident of cybercrime at Near Mangat Street, Bengaluru Urban.",closed,Bengaluru Urban,Bengaluru Urban Traffic PS,"Near Mangat Street, Bengaluru Urban",12.9923,77.5713,Insp. Barkha Bajaj,2024,10,19
KAR/HUB/2024/2072,2025-02-03,10:05:00,assault,"Reported incident of assault at Near Balan Street, Hubballi-Dharwad.",under_investigation,Hubballi-Dharwad,Hubballi-Dharwad Rural PS,"Near Balan Street, Hubballi-Dharwad",15.3634,75.1478,Insp. Janya Mukhopadhyay,2025,2,10
KAR/MAN/2024/2073,2024-06-05,22:33:00,burglary,"Reported incident of burglary at Near Kar Street, Mandya.",under_investigation,Mandya,Mandya Traffic PS,"Near Kar Street, Mandya",12.5408,76.9278,Insp. Chaitanya Pau,2024,6,22
KAR/KAL/2024/2074,2024-02-28,23:11:00,vehicle_theft,"Reported incident of vehicle theft at Near Wali Street, Kalaburagi. Suspect vehicle noticed with plate KA-10-KB-5235.",under_investigation,Kalaburagi,Kalaburagi Industrial PS,"Near Wali Street, Kalaburagi",17.362,76.882,Insp. Mitesh Ravel,2024,2,23
KAR/BEN/2024/2075,2024-01-11,16:49:00,burglary,"Reported incident of burglary at Near Mane Street, Bengaluru Urban.",open,Bengaluru Urban,Bengaluru Urban Central PS,"Near Mane Street, Bengaluru Urban",13.0041,77.6107,Insp. Chakradhar Ravel,2024,1,16
KAR/MYS/2024/2076,2024-10-07,23:53:00,vehicle_theft,"Reported incident of vehicle theft at Near Goswami Nagar, Mysuru. Suspect vehicle noticed with plate KA-52-KA-3541.",under_investigation,Mysuru,Mysuru West PS,"Near Goswami Nagar, Mysuru",12.3321,76.5963,Insp. Tanmayi Dave,2024,10,23
KAR/MAN/2024/2077,2024-03-16,21:00:00,vehicle_theft,"Reported incident of vehicle theft at Near Prasad Circle, Mandya. Suspect vehicle noticed with plate KA-16-P-6394.",open,Mandya,Mandya Market PS,"Near Prasad Circle, Mandya",12.5856,76.825,Insp. Bachittar Soni,2024,3,21
KAR/TUM/2024/2078,2024-10-09,19:00:00,eve_teasing,"Reported incident of eve teasing at Near Sankaran Marg, Tumakuru.",open,Tumakuru,Tumakuru Rural PS,"Near Sankaran Marg, Tumakuru",13.3014,77.1382,Insp. Widisha Edwin,2024,10,19
KAR/BAL/2024/2079,2024-07-21,14:56:00,burglary,"Reported incident of burglary at Near Dugar Road, Ballari.",open,Ballari,Ballari Suburban PS,"Near Dugar Road, Ballari",15.2026,76.8449,Insp. Robert Gandhi,2024,7,14
KAR/MYS/2024/2080,2024-04-30,01:08:00,assault,"Reported incident of assault at Near Mani Nagar, Mysuru.",open,Mysuru,Mysuru Central PS,"Near Mani Nagar, Mysuru",12.2896,76.6008,Insp. Upma Sastry,2024,4,1
KAR/MYS/2024/2081,2024-03-12,20:42:00,eve_teasing,"Reported incident of eve teasing at Near Dave, Mysuru.",open,Mysuru,Mysuru East PS,"Near Dave, Mysuru",12.2305,76.7118,Insp. Baghyawati Mohan,2024,3,20
KAR/DAV/2024/2082,2025-01-23,21:06:00,vehicle_theft,"Reported incident of vehicle theft at Near Buch Nagar, Davangere. Suspect vehicle noticed with plate KA-25-B-5806.",open,Davangere,Davangere Industrial PS,"Near Buch Nagar, Davangere",14.4942,75.883,Insp. Abeer Dhaliwal,2025,1,21
KAR/BEN/2024/2083,2024-04-14,14:13:00,burglary,"Reported incident of burglary at Near Varkey Path, Bengaluru Urban.",open,Bengaluru Urban,Bengaluru Urban West PS,"Near Varkey Path, Bengaluru Urban",12.8712,77.5557,Insp. Kavya Doctor,2024,4,14
KAR/BEN/2024/2084,2025-05-06,08:10:00,fraud,"Reported incident of fraud at Near Baria Street, Bengaluru Urban.",open,Bengaluru Urban,Bengaluru Urban Central PS,"Near Baria Street, Bengaluru Urban",12.9747,77.6167,Insp. Pavani Soman,2025,5,8
KAR/MYS/2024/2085,2024-08-16,18:01:00,chain_snatching,"Reported incident of chain snatching at Near Sood Path, Mysuru. Suspect vehicle noticed with plate KA-27-KB-4470.",open,Mysuru,Mysuru North PS,"Near Sood Path, Mysuru",12.375,76.7027,Insp. Zaid Mukherjee,2024,8,18
KAR/HAS/2024/2086,2024-06-30,00:27:00,fraud,"Reported incident of fraud at Near Bora Road, Hassan.",chargesheeted,Hassan,Hassan Town PS,"Near Bora Road, Hassan",13.0242,76.052,Insp. Jagdish Vasa,2024,6,0
KAR/BEN/2024/2087,2024-10-14,17:57:00,fraud,"Reported incident of fraud at Near Nayar Circle, Bengaluru Urban.",under_investigation,Bengaluru Urban,Bengaluru Urban East PS,"Near Nayar Circle, Bengaluru Urban",12.9954,77.5254,Insp. Varsha Ratta,2024,10,17
KAR/TUM/2024/2088,2024-08-15,12:40:00,fraud,"Reported incident of fraud at Near Kumar, Tumakuru.",open,Tumakuru,Tumakuru Traffic PS,"Near Kumar, Tumakuru",13.3088,77.0758,Insp. Jagdish Mann,2024,8,12
KAR/BEN/2024/2089,2025-04-15,12:46:00,burglary,"Reported incident of burglary at Near Kashyap Road, Bengaluru Urban.",open,Bengaluru Urban,Bengaluru Urban West PS,"Near Kashyap Road, Bengaluru Urban",12.8862,77.572,Insp. Anmol Tiwari,2025,4,12
KAR/TUM/2024/2090,2024-09-18,15:47:00,fraud,"Reported incident of fraud at Near Zachariah Nagar, Tumakuru.",chargesheeted,Tumakuru,Tumakuru Town PS,"Near Zachariah Nagar, Tumakuru",13.3723,77.0354,Insp. Harini Chhabra,2024,9,15
KAR/KAL/2024/2091,2024-12-08,11:33:00,hit_and_run,"Reported incident of hit and run at Near Deep Circle, Kalaburagi.",under_investigation,Kalaburagi,Kalaburagi Town PS,"Near Deep Circle, Kalaburagi",17.3805,76.7897,Insp. Rajeshri Khalsa,2024,12,11
KAR/BEN/2024/2092,2024-12-29,10:31:00,cybercrime,"Reported incident of cybercrime at Near Nagy Ganj, Bengaluru Urban.",under_investigation,Bengaluru Urban,Bengaluru Urban North PS,"Near Nagy Ganj, Bengaluru Urban",13.0226,77.5625,Insp. Vedant Ganesan,2024,12,10
KAR/BEL/2024/2093,2024-11-23,19:42:00,vehicle_theft,"Reported incident of vehicle theft at Near Keer Zila, Belagavi. Suspect vehicle noticed with plate KA-03-KB-7224.",open,Belagavi,Belagavi Traffic PS,"Near Keer Zila, Belagavi",15.7588,74.4401,Insp. Champak Shenoy,2024,11,19
KAR/BID/2024/2094,2024-12-15,00:56:00,domestic_violence,"Reported incident of domestic violence at Near Malhotra Path, Bidar.",open,Bidar,Bidar Industrial PS,"Near Malhotra Path, Bidar",17.9185,77.5423,Insp. Bakhshi Wason,2024,12,0
KAR/RAI/2024/2095,2024-04-03,06:18:00,robbery,"Reported incident of robbery at Near Warrior Marg, Raichur. Suspect vehicle noticed with plate KA-31-KA-9929.",under_investigation,Raichur,Raichur Rural PS,"Near Warrior Marg, Raichur",16.2383,77.3638,Insp. Lavanya Sekhon,2024,4,6
KAR/HAS/2024/2096,2024-11-24,19:14:00,fraud,"Reported incident of fraud at Near Ram Ganj, Hassan.",under_investigation,Hassan,Hassan Suburban PS,"Near Ram Ganj, Hassan",12.992,76.1478,Insp. Rachit Kalla,2024,11,19
KAR/KOL/2024/2097,2025-03-29,06:14:00,burglary,"Reported incident of burglary at Near Misra Road, Kolar.",open,Kolar,Kolar Industrial PS,"Near Misra Road, Kolar",13.1796,78.0551,Insp. Yamini Ratti,2025,3,6
KAR/RAI/2024/2098,2024-10-02,02:34:00,vehicle_theft,"Reported incident of vehicle theft at Near Butala Road, Raichur. Suspect vehicle noticed with plate KA-04-B-9689.",open,Raichur,Raichur Industrial PS,"Near Butala Road, Raichur",16.1514,77.3831,Insp. Christopher Sankaran,2024,10,2
KAR/HUB/2024/2099,2024-06-12,00:03:00,assault,"Reported incident of assault at Near Lata Ganj, Hubballi-Dharwad.",chargesheeted,Hubballi-Dharwad,Hubballi-Dharwad Industrial PS,"Near Lata Ganj, Hubballi-Dharwad",15.312,75.0736,Insp. Abeer Krishnamurthy,2024,6,0
KAR/KOP/2024/2100,2024-09-06,11:33:00,chain_snatching,"Reported incident of chain snatching at Near Khatri Ganj, Koppal. Suspect vehicle noticed with plate KA-29-P-3111.",under_investigation,Koppal,Koppal Traffic PS,"Near Khatri Ganj, Koppal",15.3753,76.2079,Insp. Mitesh Nath,2024,9,11
KAR/DAV/2024/2101,2024-11-04,14:04:00,burglary,"Reported incident of burglary at Near Jaggi Zila, Davangere.",open,Davangere,Davangere Town PS,"Near Jaggi Zila, Davangere",14.4917,75.9487,Insp. Benjamin Vaidya,2024,11,14
KAR/BID/2024/2102,2024-09-25,16:01:00,burglary,"Reported incident of burglary at Near Shroff Ganj, Bidar.",open,Bidar,Bidar Market PS,"Near Shroff Ganj, Bidar",17.8948,77.5053,Insp. Bishakha Devan,2024,9,16
KAR/RAI/2024/2103,2024-07-30,17:48:00,property_crime,"Reported incident of property crime at Near Chana Street, Raichur.",open,Raichur,Raichur Market PS,"Near Chana Street, Raichur",16.2216,77.3041,Insp. Varenya Kaur,2024,7,17
KAR/KAL/2024/2104,2024-10-21,14:11:00,chain_snatching,"Reported incident of chain snatching at Near Wagle Road, Kalaburagi. Suspect vehicle noticed with plate KA-39-P-1210.",under_investigation,Kalaburagi,Kalaburagi Rural PS,"Near Wagle Road, Kalaburagi",17.2862,76.8121,Insp. Vasana Konda,2024,10,14
KAR/SHI/2024/2105,2024-11-02,07:38:00,vehicle_theft,"Reported incident of vehicle theft at Near Gokhale Path, Shivamogga. Suspect vehicle noticed with plate KA-30-N-8739.",open,Shivamogga,Shivamogga Suburban PS,"Near Gokhale Path, Shivamogga",13.938,75.6154,Insp. Bachittar Sarma,2024,11,7
KAR/BAL/2024/2106,2025-03-05,06:48:00,eve_teasing,"Reported incident of eve teasing at Near Sanghvi Circle, Ballari.",open,Ballari,Ballari Rural PS,"Near Sanghvi Circle, Ballari",15.0644,76.882,Insp. Baljiwan Wason,2025,3,6
KAR/CHI/2024/2107,2024-02-18,21:06:00,assault,"Reported incident of assault at Near Mani Path, Chikkamagaluru.",chargesheeted,Chikkamagaluru,Chikkamagaluru Rural PS,"Near Mani Path, Chikkamagaluru",13.2944,75.8131,Insp. Anjali Vohra,2024,2,21
KAR/KAL/2024/2108,2024-03-11,20:09:00,domestic_violence,"Reported incident of domestic violence at Near Chaudhari Marg, Kalaburagi.",under_investigation,Kalaburagi,Kalaburagi Industrial PS,"Near Chaudhari Marg, Kalaburagi",17.3866,76.8782,Insp. Vedika Chahal,2024,3,20
KAR/KOL/2024/2109,2025-05-06,11:51:00,vehicle_theft,"Reported incident of vehicle theft at Near Munshi, Kolar. Suspect vehicle noticed with plate KA-36-KB-1020.",open,Kolar,Kolar Market PS,"Near Munshi, Kolar",13.0437,78.0842,Insp. Qushi Sem,2025,5,11
KAR/KOL/2024/2110,2024-06-02,00:04:00,robbery,"Reported incident of robbery at Near Randhawa Ganj, Kolar. Suspect vehicle noticed with plate KA-23-N-3606.",chargesheeted,Kolar,Kolar Market PS,"Near Randhawa Ganj, Kolar",13.0665,78.1057,Insp. Andrew Banik,2024,6,0
KAR/DAV/2024/2111,2025-05-30,06:35:00,hit_and_run,"Reported incident of hit and run at Near Sahota Ganj, Davangere.",chargesheeted,Davangere,Davangere Market PS,"Near Sahota Ganj, Davangere",14.5076,75.8941,Insp. Jyoti Kumer,2025,5,6
KAR/BEN/2024/2112,2024-06-09,16:57:00,vehicle_theft,"Reported incident of vehicle theft at Near Mann Zila, Bengaluru Urban. Suspect vehicle noticed with plate KA-28-B-4234.",under_investigation,Bengaluru Urban,Bengaluru Urban West PS,"Near Mann Zila, Bengaluru Urban",12.8933,77.5835,Insp. Oliver Soni,2024,6,16
KAR/BEN/2024/2113,2024-06-30,03:08:00,fraud,"Reported incident of fraud at Near Ramachandran Street, Bengaluru Urban.",open,Bengaluru Urban,Bengaluru Urban East PS,"Near Ramachandran Street, Bengaluru Urban",13.0158,77.527,Insp. Pallavi Bhasin,2024,6,3
KAR/BEN/2024/2114,2024-01-22,09:43:00,fraud,"Reported incident of fraud at Near Khalsa Nagar, Bengaluru Rural.",open,Bengaluru Rural,Bengaluru Rural East PS,"Near Khalsa Nagar, Bengaluru Rural",13.2784,77.5411,Insp. Jagvi Rama,2024,1,9
KAR/KAL/2024/2115,2024-09-21,15:08:00,fraud,"Reported incident of fraud at Near Palan Chowk, Kalaburagi.",under_investigation,Kalaburagi,Kalaburagi Traffic PS,"Near Palan Chowk, Kalaburagi",17.3956,76.8528,Insp. Indira Sha,2024,9,15
KAR/MAN/2024/2116,2024-12-04,12:22:00,cybercrime,"Reported incident of cybercrime at Near Dixit Path, Mandya.",under_investigation,Mandya,Mandya Rural PS,"Near Dixit Path, Mandya",12.5034,76.9204,Insp. Chakradhar Dara,2024,12,12
KAR/BEN/2024/2117,2024-03-18,21:35:00,domestic_violence,"Reported incident of domestic violence at Near Patla Marg, Bengaluru Urban.",open,Bengaluru Urban,Bengaluru Urban Central PS,"Near Patla Marg, Bengaluru Urban",13.0087,77.6559,Insp. Urmi Memon,2024,3,21
KAR/DAV/2024/2118,2024-05-20,07:02:00,drug_offence,"Reported incident of drug offence at Near Sridhar Zila, Davangere.",open,Davangere,Davangere Town PS,"Near Sridhar Zila, Davangere",14.4893,75.9332,Insp. Gayathri Gandhi,2024,5,7
KAR/RAI/2024/2119,2024-10-31,23:08:00,cybercrime,"Reported incident of cybercrime at Near Chaudhry Nagar, Raichur.",open,Raichur,Raichur Market PS,"Near Chaudhry Nagar, Raichur",16.228,77.2952,Insp. Rudra Bhattacharyya,2024,10,23
KAR/KOP/2024/2120,2024-04-08,03:17:00,fraud,"Reported incident of fraud at Near Saini Street, Koppal.",open,Koppal,Koppal Market PS,"Near Saini Street, Koppal",15.3345,76.1887,Insp. Onkar Roy,2024,4,3
KAR/BEN/2024/2121,2024-04-18,13:47:00,cybercrime,"Reported incident of cybercrime at Near Gokhale Road, Bengaluru Urban.",open,Bengaluru Urban,Bengaluru Urban South PS,"Near Gokhale Road, Bengaluru Urban",13.0086,77.578,Insp. Advika Dhillon,2024,4,13
KAR/RAI/2024/2122,2024-03-05,05:35:00,drug_offence,"Reported incident of drug offence at Near Jani Street, Raichur.",under_investigation,Raichur,Raichur Suburban PS,"Near Jani Street, Raichur",16.1831,77.3831,Insp. Dayita Mistry,2024,3,5
KAR/BEL/2024/2123,2025-04-12,21:26:00,vehicle_theft,"Reported incident of vehicle theft at Near Mangat Path, Belagavi. Suspect vehicle noticed with plate KA-38-B-5826.",open,Belagavi,Belagavi Market PS,"Near Mangat Path, Belagavi",15.8644,74.4489,Insp. Isaiah Sachdev,2025,4,21
KAR/SHI/2024/2124,2024-06-10,20:23:00,vehicle_theft,"Reported incident of vehicle theft at Near Vasa Ganj, Shivamogga. Suspect vehicle noticed with plate KA-31-KA-1863.",under_investigation,Shivamogga,Shivamogga Suburban PS,"Near Vasa Ganj, Shivamogga",13.9165,75.6369,Insp. Upasna Deshmukh,2024,6,20
KAR/VIJ/2024/2125,2024-09-06,00:17:00,property_crime,"Reported incident of property crime at Near Grewal, Vijayapura.",open,Vijayapura,Vijayapura Market PS,"Near Grewal, Vijayapura",16.8319,75.6595,Insp. Mekhala Bhatnagar,2024,9,0
KAR/BID/2024/2126,2024-12-22,20:35:00,vehicle_theft,"Reported incident of vehicle theft at Near Nadkarni Marg, Bidar. Suspect vehicle noticed with plate KA-53-B-9779.",open,Bidar,Bidar Traffic PS,"Near Nadkarni Marg, Bidar",17.9855,77.4334,Insp. Tejas Dhar,2024,12,20
KAR/MAN/2024/2127,2024-12-27,17:12:00,vehicle_theft,"Reported incident of vehicle theft at Near Chaudry Ganj, Mangaluru (Dakshina Kannada). Suspect vehicle noticed with plate KA-55-A-9174.",closed,Mangaluru (Dakshina Kannada),Mangaluru (Dakshina Kannada) Suburban PS,"Near Chaudry Ganj, Mangaluru (Dakshina Kannada)",12.9692,74.8887,Insp. Simon Babu,2024,12,17
KAR/BEL/2024/2128,2024-12-27,07:41:00,assault,"Reported incident of assault at Near Arya, Belagavi.",under_investigation,Belagavi,Belagavi Rural PS,"Near Arya, Belagavi",15.8138,74.5315,Insp. Alexander Verma,2024,12,7
KAR/MYS/2024/2129,2024-06-09,04:45:00,fraud,"Reported incident of fraud at Near Jain Ganj, Mysuru.",chargesheeted,Mysuru,Mysuru North PS,"Near Jain Ganj, Mysuru",12.3633,76.6949,Insp. Harsh Datta,2024,6,4
KAR/BAL/2024/2130,2024-10-04,12:20:00,assault,"Reported incident of assault at Near Chokshi Nagar, Ballari.",chargesheeted,Ballari,Ballari Industrial PS,"Near Chokshi Nagar, Ballari",15.104,76.9122,Insp. Yamini Babu,2024,10,12
KAR/VIJ/2024/2131,2025-01-26,04:48:00,chain_snatching,"Reported incident of chain snatching at Near Khurana Road, Vijayapura. Suspect vehicle noticed with plate KA-08-KA-7164.",open,Vijayapura,Vijayapura Traffic PS,"Near Khurana Road, Vijayapura",16.7928,75.6793,Insp. Henry Mital,2025,1,4
KAR/RAI/2024/2132,2024-12-16,22:30:00,assault,"Reported incident of assault at Near Shukla Road, Raichur.",open,Raichur,Raichur Traffic PS,"Near Shukla Road, Raichur",16.2521,77.3472,Insp. Sanaya Iyer,2024,12,22
KAR/BEN/2024/2133,2024-02-05,13:22:00,fraud,"Reported incident of fraud at Near Gara Zila, Bengaluru Urban.",chargesheeted,Bengaluru Urban,Bengaluru Urban Central PS,"Near Gara Zila, Bengaluru Urban",12.9876,77.6059,Insp. Bhavika Pau,2024,2,13
KAR/BEN/2024/2134,2024-11-24,04:00:00,vehicle_theft,"Reported incident of vehicle theft at Near Suri Zila, Bengaluru Urban. Suspect vehicle noticed with plate KA-16-KA-8585.",open,Bengaluru Urban,Bengaluru Urban Central PS,"Near Suri Zila, Bengaluru Urban",12.9869,77.6192,Insp. Ekaraj Tank,2024,11,4
KAR/BEN/2024/2135,2024-10-07,16:39:00,fraud,"Reported incident of fraud at Near Gole Nagar, Bengaluru Urban.",open,Bengaluru Urban,Bengaluru Urban Central PS,"Near Gole Nagar, Bengaluru Urban",13.0125,77.6322,Insp. Sanya Sodhi,2024,10,16
KAR/KOL/2024/2136,2024-11-10,15:11:00,vehicle_theft,"Reported incident of vehicle theft at Near Sangha Marg, Kolar. Suspect vehicle noticed with plate KA-06-B-9036.",under_investigation,Kolar,Kolar Town PS,"Near Sangha Marg, Kolar",13.1081,78.1511,Insp. Mohini Bhatia,2024,11,15
KAR/CHI/2024/2137,2024-03-26,05:28:00,fraud,"Reported incident of fraud at Near Palla Marg, Chikkamagaluru.",chargesheeted,Chikkamagaluru,Chikkamagaluru Rural PS,"Near Palla Marg, Chikkamagaluru",13.2457,75.8102,Insp. Devika Bora,2024,3,5
KAR/KOP/2024/2138,2024-04-13,23:36:00,assault,"Reported incident of assault at Near Kala Marg, Koppal.",closed,Koppal,Koppal Rural PS,"Near Kala Marg, Koppal",15.3719,76.1257,Insp. Chavvi Som,2024,4,23
KAR/BEN/2024/2139,2024-01-19,19:14:00,fraud,"Reported incident of fraud at Near Bir Street, Bengaluru Urban.",open,Bengaluru Urban,Bengaluru Urban West PS,"Near Bir Street, Bengaluru Urban",12.9101,77.582,Insp. Jasmit Dass,2024,1,19
KAR/BEN/2024/2140,2025-03-08,13:22:00,robbery,"Reported incident of robbery at Near Jaggi Marg, Bengaluru Urban. Suspect vehicle noticed with plate KA-45-KA-7946.",open,Bengaluru Urban,Bengaluru Urban North PS,"Near Jaggi Marg, Bengaluru Urban",12.9893,77.5962,Insp. Yash Kunda,2025,3,13
KAR/BEN/2024/2141,2024-04-08,21:42:00,property_crime,"Reported incident of property crime at Near Manda Zila, Bengaluru Urban.",open,Bengaluru Urban,Bengaluru Urban Central PS,"Near Manda Zila, Bengaluru Urban",13.0176,77.6521,Insp. Jai Kata,2024,4,21
KAR/HUB/2024/2142,2024-02-09,17:51:00,property_crime,"Reported incident of property crime at Near Buch Path, Hubballi-Dharwad.",open,Hubballi-Dharwad,Hubballi-Dharwad Traffic PS,"Near Buch Path, Hubballi-Dharwad",15.3056,75.1552,Insp. Dhruv Ram,2024,2,17
KAR/BEN/2024/2143,2024-08-17,11:03:00,cybercrime,"Reported incident of cybercrime at Near Gala Marg, Bengaluru Rural.",under_investigation,Bengaluru Rural,Bengaluru Rural East PS,"Near Gala Marg, Bengaluru Rural",13.2978,77.5659,Insp. Faqid Hayer,2024,8,11
KAR/BEN/2024/2144,2025-01-19,18:33:00,domestic_violence,"Reported incident of domestic violence at Near Karnik Road, Bengaluru Urban.",under_investigation,Bengaluru Urban,Bengaluru Urban Traffic PS,"Near Karnik Road, Bengaluru Urban",12.9846,77.5836,Insp. Yoshita Kuruvilla,2025,1,18
KAR/BID/2024/2145,2024-12-28,02:58:00,vehicle_theft,"Reported incident of vehicle theft at Near Dhingra Zila, Bidar. Suspect vehicle noticed with plate KA-08-A-2553.",under_investigation,Bidar,Bidar Suburban PS,"Near Dhingra Zila, Bidar",17.9085,77.4751,Insp. Kalpit Sant,2024,12,2
KAR/VIJ/2024/2146,2025-02-14,16:49:00,assault,"Reported incident of assault at Near Bahri Marg, Vijayapura.",open,Vijayapura,Vijayapura Suburban PS,"Near Bahri Marg, Vijayapura",16.8179,75.6925,Insp. Ikbal Tata,2025,2,16
KAR/BEN/2024/2147,2024-03-13,07:33:00,vehicle_theft,"Reported incident of vehicle theft at Near Chahal Road, Bengaluru Urban. Suspect vehicle noticed with plate KA-02-M-6673.",open,Bengaluru Urban,Bengaluru Urban Traffic PS,"Near Chahal Road, Bengaluru Urban",12.9719,77.5651,Insp. Lila Bir,2024,3,7
KAR/BEL/2024/2148,2024-12-21,05:01:00,cybercrime,"Reported incident of cybercrime at Near Mahal Road, Belagavi.",chargesheeted,Belagavi,Belagavi Industrial PS,"Near Mahal Road, Belagavi",15.774,74.572,Insp. Mohammed Sachar,2024,12,5
KAR/MAN/2024/2149,2025-04-02,02:33:00,drug_offence,"Reported incident of drug offence at Near Kala Marg, Mandya.",under_investigation,Mandya,Mandya Rural PS,"Near Kala Marg, Mandya",12.4824,76.9141,Insp. Bhavna Ganguly,2025,4,2
KAR/BEL/2024/2150,2025-01-13,17:59:00,robbery,"Reported incident of robbery at Near Kapur Marg, Belagavi. Suspect vehicle noticed with plate KA-52-A-3151.",open,Belagavi,Belagavi Market PS,"Near Kapur Marg, Belagavi",15.8727,74.4408,Insp. Nimrat Natarajan,2025,1,17
KAR/BID/2024/2151,2024-02-08,04:36:00,vehicle_theft,"Reported incident of vehicle theft at Near Gokhale Marg, Bidar. Suspect vehicle noticed with plate KA-14-N-7061.",open,Bidar,Bidar Town PS,"Near Gokhale Marg, Bidar",17.8336,77.6197,Insp. Varenya Banerjee,2024,2,4
KAR/BEN/2024/2152,2025-01-06,10:24:00,robbery,"Reported incident of robbery at Near Shetty Chowk, Bengaluru Urban. Suspect vehicle noticed with plate KA-19-A-2971.",open,Bengaluru Urban,Bengaluru Urban South PS,"Near Shetty Chowk, Bengaluru Urban",12.9825,77.5491,Insp. Krishna Chad,2025,1,10
KAR/KAL/2024/2153,2024-02-05,21:46:00,robbery,"Reported incident of robbery at Near Sangha, Kalaburagi. Suspect vehicle noticed with plate KA-02-M-4411.",under_investigation,Kalaburagi,Kalaburagi Traffic PS,"Near Sangha, Kalaburagi",17.4006,76.8303,Insp. Hemangini Bhandari,2024,2,21
KAR/SHI/2024/2154,2024-03-22,04:27:00,cybercrime,"Reported incident of cybercrime at Near Sundaram Marg, Shivamogga.",open,Shivamogga,Shivamogga Market PS,"Near Sundaram Marg, Shivamogga",13.9759,75.5966,Insp. Gopal Dhingra,2024,3,4
KAR/BEN/2024/2155,2024-11-07,02:52:00,vehicle_theft,"Reported incident of vehicle theft at Near Iyer Marg, Bengaluru Urban. Suspect vehicle noticed with plate KA-55-N-7155.",chargesheeted,Bengaluru Urban,Bengaluru Urban East PS,"Near Iyer Marg, Bengaluru Urban",13.0081,77.5502,Insp. Tanish Sura,2024,11,2
KAR/HAS/2024/2156,2025-02-18,16:14:00,assault,"Reported incident of assault at Near Khatri Road, Hassan.",open,Hassan,Hassan Industrial PS,"Near Khatri Road, Hassan",13.0067,76.1367,Insp. Udant Ramesh,2025,2,16
KAR/HUB/2024/2157,2024-05-13,19:28:00,drug_offence,"Reported incident of drug offence at Near Ramesh Ganj, Hubballi-Dharwad.",open,Hubballi-Dharwad,Hubballi-Dharwad Traffic PS,"Near Ramesh Ganj, Hubballi-Dharwad",15.2859,75.1678,Insp. Waida Sankaran,2024,5,19
KAR/TUM/2024/2158,2024-03-01,22:40:00,vehicle_theft,"Reported incident of vehicle theft at Near Arya Street, Tumakuru. Suspect vehicle noticed with plate KA-16-A-6838.",open,Tumakuru,Tumakuru Rural PS,"Near Arya Street, Tumakuru",13.2657,77.1267,Insp. Dev Chadha,2024,3,22
KAR/HAS/2024/2159,2024-10-12,06:23:00,vehicle_theft,"Reported incident of vehicle theft at Near Mahajan Chowk, Hassan. Suspect vehicle noticed with plate KA-23-A-3293.",open,Hassan,Hassan Town PS,"Near Mahajan Chowk, Hassan",13.0553,76.0031,Insp. Unnati Ghose,2024,10,6
KAR/CHI/2024/2160,2024-07-31,04:07:00,fraud,"Reported incident of fraud at Near Shetty Street, Chikkamagaluru.",chargesheeted,Chikkamagaluru,Chikkamagaluru Town PS,"Near Shetty Street, Chikkamagaluru",13.2787,75.7473,Insp. Isaiah Chatterjee,2024,7,4
KAR/SHI/2024/2161,2024-11-12,19:17:00,robbery,"Reported incident of robbery at Near Sachar Nagar, Shivamogga. Suspect vehicle noticed with plate KA-31-N-7661.",open,Shivamogga,Shivamogga Market PS,"Near Sachar Nagar, Shivamogga",13.9401,75.6456,Insp. Jackson Srinivasan,2024,11,19
KAR/KOP/2024/2162,2024-05-14,13:41:00,vehicle_theft,"Reported incident of vehicle theft at Near Bhattacharyya Marg, Koppal. Suspect vehicle noticed with plate KA-54-KA-1300.",open,Koppal,Koppal Suburban PS,"Near Bhattacharyya Marg, Koppal",15.3201,76.1206,Insp. Charita Chaudhary,2024,5,13
KAR/BEN/2024/2163,2025-02-22,09:24:00,chain_snatching,"Reported incident of chain snatching at Near Gade Ganj, Bengaluru Urban. Suspect vehicle noticed with plate KA-38-KA-1143.",open,Bengaluru Urban,Bengaluru Urban North PS,"Near Gade Ganj, Bengaluru Urban",13.008,77.581,Insp. Mohammed Anand,2025,2,9
KAR/BEN/2024/2164,2025-02-27,21:04:00,assault,"Reported incident of assault at Near Savant Nagar, Bengaluru Urban.",open,Bengaluru Urban,Bengaluru Urban South PS,"Near Savant Nagar, Bengaluru Urban",13.0082,77.5661,Insp. Dominic Padmanabhan,2025,2,21
KAR/TUM/2024/2165,2024-07-13,12:29:00,assault,"Reported incident of assault at Near Kaur Path, Tumakuru.",open,Tumakuru,Tumakuru Market PS,"Near Kaur Path, Tumakuru",13.3204,77.0844,Insp. Falak Goda,2024,7,12
KAR/KAL/2024/2166,2024-05-03,18:47:00,hit_and_run,"Reported incident of hit and run at Near Kulkarni Street, Kalaburagi.",under_investigation,Kalaburagi,Kalaburagi Industrial PS,"Near Kulkarni Street, Kalaburagi",17.3615,76.8899,Insp. Pratyush Lad,2024,5,18
KAR/BEN/2024/2167,2024-09-21,23:03:00,kidnapping,"Reported incident of kidnapping at Near Dasgupta Chowk, Bengaluru Rural.",under_investigation,Bengaluru Rural,Bengaluru Rural Traffic PS,"Near Dasgupta Chowk, Bengaluru Rural",13.1728,77.5876,Insp. Anusha Dayal,2024,9,23
KAR/BEN/2024/2168,2025-05-23,09:12:00,fraud,"Reported incident of fraud at Near Shan Circle, Bengaluru Rural.",under_investigation,Bengaluru Rural,Bengaluru Rural South PS,"Near Shan Circle, Bengaluru Rural",13.1855,77.5767,Insp. Charles Bobal,2025,5,9
KAR/BEN/2024/2169,2024-07-20,01:15:00,eve_teasing,"Reported incident of eve teasing at Near Sarma Chowk, Bengaluru Urban.",open,Bengaluru Urban,Bengaluru Urban South PS,"Near Sarma Chowk, Bengaluru Urban",13.0113,77.5724,Insp. Gavin Munshi,2024,7,1
KAR/MAN/2024/2170,2024-04-16,19:32:00,vehicle_theft,"Reported incident of vehicle theft at Near Dutta Circle, Mangaluru (Dakshina Kannada). Suspect vehicle noticed with plate KA-30-B-6010.",open,Mangaluru (Dakshina Kannada),Mangaluru (Dakshina Kannada) Town PS,"Near Dutta Circle, Mangaluru (Dakshina Kannada)",12.8417,74.8608,Insp. Arya Nagar,2024,4,19
KAR/BEN/2024/2171,2024-11-01,19:00:00,vehicle_theft,"Reported incident of vehicle theft at Near Bajaj Circle, Bengaluru Urban. Suspect vehicle noticed with plate KA-19-KB-3393.",open,Bengaluru Urban,Bengaluru Urban East PS,"Near Bajaj Circle, Bengaluru Urban",13.0039,77.5217,Insp. Finn Sharaf,2024,11,19
KAR/HUB/2024/2172,2025-03-05,20:06:00,robbery,"Reported incident of robbery at Near Sidhu Path, Hubballi-Dharwad. Suspect vehicle noticed with plate KA-02-B-8317.",chargesheeted,Hubballi-Dharwad,Hubballi-Dharwad Rural PS,"Near Sidhu Path, Hubballi-Dharwad",15.3792,75.1041,Insp. Arin Ramakrishnan,2025,3,20
KAR/BEN/2024/2173,2025-04-11,18:13:00,cybercrime,"Reported incident of cybercrime at Near Sura Path, Bengaluru Urban.",open,Bengaluru Urban,Bengaluru Urban Central PS,"Near Sura Path, Bengaluru Urban",12.9936,77.6375,Insp. Anamika Bahl,2025,4,18
KAR/HUB/2024/2174,2024-11-29,14:48:00,robbery,"Reported incident of robbery at Near Madan Street, Hubballi-Dharwad. Suspect vehicle noticed with plate KA-08-KA-9937.",open,Hubballi-Dharwad,Hubballi-Dharwad Industrial PS,"Near Madan Street, Hubballi-Dharwad",15.3289,75.0793,Insp. Frado Basak,2024,11,14
KAR/SHI/2024/2175,2024-03-01,10:57:00,cybercrime,"Reported incident of cybercrime at Near Dhillon Nagar, Shivamogga.",open,Shivamogga,Shivamogga Traffic PS,"Near Dhillon Nagar, Shivamogga",13.973,75.6318,Insp. Vrinda Bhattacharyya,2024,3,10
KAR/BEN/2024/2176,2025-04-26,01:09:00,drug_offence,"Reported incident of drug offence at Near Madan Street, Bengaluru Urban.",open,Bengaluru Urban,Bengaluru Urban Central PS,"Near Madan Street, Bengaluru Urban",12.981,77.6463,Insp. Ojasvi Deol,2025,4,1
KAR/TUM/2024/2177,2025-01-01,17:56:00,burglary,"Reported incident of burglary at Near Apte Circle, Tumakuru.",under_investigation,Tumakuru,Tumakuru Industrial PS,"Near Apte Circle, Tumakuru",13.3953,77.0459,Insp. Jai Patla,2025,1,17
KAR/BEN/2024/2178,2024-01-05,16:07:00,burglary,"Reported incident of burglary at Near Taneja Street, Bengaluru Urban.",open,Bengaluru Urban,Bengaluru Urban East PS,"Near Taneja Street, Bengaluru Urban",13.0158,77.5217,Insp. Ekbal Buch,2024,1,16
KAR/SHI/2024/2179,2024-03-20,22:40:00,fraud,"Reported incident of fraud at Near Deshpande Circle, Shivamogga.",open,Shivamogga,Shivamogga Market PS,"Near Deshpande Circle, Shivamogga",13.9547,75.6233,Insp. William Salvi,2024,3,22
KAR/UDU/2024/2180,2025-05-17,01:48:00,assault,"Reported incident of assault at Near Barman Circle, Udupi.",chargesheeted,Udupi,Udupi Suburban PS,"Near Barman Circle, Udupi",13.288,74.747,Insp. Hardik Sarin,2025,5,1
KAR/RAI/2024/2181,2025-03-12,14:48:00,fraud,"Reported incident of fraud at Near Biswas Road, Raichur.",chargesheeted,Raichur,Raichur Town PS,"Near Biswas Road, Raichur",16.1626,77.3251,Insp. Siya Saini,2025,3,14
KAR/UDU/2024/2182,2024-12-31,18:28:00,hit_and_run,"Reported incident of hit and run at Near Agarwal Street, Udupi.",under_investigation,Udupi,Udupi Rural PS,"Near Agarwal Street, Udupi",13.3584,74.6738,Insp. Anya Kade,2024,12,18
KAR/BEN/2024/2183,2024-06-14,03:56:00,kidnapping,"Reported incident of kidnapping at Near Biswas Zila, Bengaluru Urban.",chargesheeted,Bengaluru Urban,Bengaluru Urban South PS,"Near Biswas Zila, Bengaluru Urban",12.9866,77.5851,Insp. Bimala Roy,2024,6,3
KAR/BEN/2024/2184,2024-07-22,16:19:00,fraud,"Reported incident of fraud at Near Aurora Street, Bengaluru Urban.",chargesheeted,Bengaluru Urban,Bengaluru Urban West PS,"Near Aurora Street, Bengaluru Urban",12.8719,77.593,Insp. Keya Loyal,2024,7,16
KAR/MAN/2024/2185,2024-04-05,13:51:00,chain_snatching,"Reported incident of chain snatching at Near Ravi Street, Mangaluru (Dakshina Kannada). Suspect vehicle noticed with plate KA-11-M-1595.",open,Mangaluru (Dakshina Kannada),Mangaluru (Dakshina Kannada) Rural PS,"Near Ravi Street, Mangaluru (Dakshina Kannada)",12.8252,74.8488,Insp. Samaksh Prabhu,2024,4,13
KAR/BAL/2024/2186,2024-09-21,06:52:00,burglary,"Reported incident of burglary at Near Chadha Chowk, Ballari.",under_investigation,Ballari,Ballari Town PS,"Near Chadha Chowk, Ballari",15.0725,77.0078,Insp. Chaman Mitra,2024,9,6
KAR/DAV/2024/2187,2025-01-20,01:54:00,fraud,"Reported incident of fraud at Near Batta Ganj, Davangere.",open,Davangere,Davangere Suburban PS,"Near Batta Ganj, Davangere",14.5667,75.9929,Insp. Ronith Gill,2025,1,1
KAR/HUB/2024/2188,2024-08-27,03:31:00,kidnapping,"Reported incident of kidnapping at Near Mistry Ganj, Hubballi-Dharwad.",open,Hubballi-Dharwad,Hubballi-Dharwad Town PS,"Near Mistry Ganj, Hubballi-Dharwad",15.2683,75.2304,Insp. Yash Magar,2024,8,3
KAR/KOL/2024/2189,2024-06-17,12:55:00,vehicle_theft,"Reported incident of vehicle theft at Near Behl, Kolar. Suspect vehicle noticed with plate KA-26-KB-7764.",open,Kolar,Kolar Town PS,"Near Behl, Kolar",13.1349,78.1613,Insp. Ronith Ramesh,2024,6,12
KAR/BEL/2024/2190,2025-01-21,09:39:00,robbery,"Reported incident of robbery at Near Agarwal, Belagavi. Suspect vehicle noticed with plate KA-05-N-3605.",chargesheeted,Belagavi,Belagavi Suburban PS,"Near Agarwal, Belagavi",15.8504,74.474,Insp. Ishita Kohli,2025,1,9
KAR/BEN/2024/2191,2024-10-25,18:06:00,vehicle_theft,"Reported incident of vehicle theft at Near Mane Street, Bengaluru Urban. Suspect vehicle noticed with plate KA-01-N-3321.",open,Bengaluru Urban,Bengaluru Urban South PS,"Near Mane Street, Bengaluru Urban",13.0005,77.5832,Insp. Sai Khatri,2024,10,18
KAR/RAI/2024/2192,2024-05-16,06:45:00,vehicle_theft,"Reported incident of vehicle theft at Near Bhatnagar Zila, Raichur. Suspect vehicle noticed with plate KA-32-KA-2475.",under_investigation,Raichur,Raichur Town PS,"Near Bhatnagar Zila, Raichur",16.1931,77.3784,Insp. Siya Nagi,2024,5,6
KAR/SHI/2024/2193,2025-04-07,23:36:00,chain_snatching,"Reported incident of chain snatching at Near Narang, Shivamogga. Suspect vehicle noticed with plate KA-10-B-8444.",chargesheeted,Shivamogga,Shivamogga Town PS,"Near Narang, Shivamogga",13.9504,75.5523,Insp. Vinaya Sandal,2025,4,23
KAR/SHI/2024/2194,2024-03-29,14:09:00,robbery,"Reported incident of robbery at Near Deshpande Road, Shivamogga. Suspect vehicle noticed with plate KA-52-B-8297.",chargesheeted,Shivamogga,Shivamogga Town PS,"Near Deshpande Road, Shivamogga",13.9595,75.5656,Insp. Deepa Choudhary,2024,3,14
KAR/KAL/2024/2195,2024-11-07,03:49:00,vehicle_theft,"Reported incident of vehicle theft at Near Swaminathan, Kalaburagi. Suspect vehicle noticed with plate KA-48-N-6171.",chargesheeted,Kalaburagi,Kalaburagi Market PS,"Near Swaminathan, Kalaburagi",17.352,76.7924,Insp. Laban Sem,2024,11,3
KAR/UDU/2024/2196,2024-09-14,12:31:00,burglary,"Reported incident of burglary at Near Patel Path, Udupi.",under_investigation,Udupi,Udupi Traffic PS,"Near Patel Path, Udupi",13.2724,74.7215,Insp. Warjas Balakrishnan,2024,9,12
KAR/BEN/2024/2197,2024-07-25,03:45:00,cybercrime,"Reported incident of cybercrime at Near Ram Ganj, Bengaluru Urban.",open,Bengaluru Urban,Bengaluru Urban East PS,"Near Ram Ganj, Bengaluru Urban",12.9827,77.528,Insp. Januja Karpe,2024,7,3
KAR/BEN/2024/2198,2024-12-04,15:18:00,hit_and_run,"Reported incident of hit and run at Near Deshpande Ganj, Bengaluru Rural.",under_investigation,Bengaluru Rural,Bengaluru Rural East PS,"Near Deshpande Ganj, Bengaluru Rural",13.2577,77.5779,Insp. Tara Bali,2024,12,15
KAR/VIJ/2024/2199,2025-03-14,13:06:00,cybercrime,"Reported incident of cybercrime at Near Dugar Street, Vijayapura.",open,Vijayapura,Vijayapura Industrial PS,"Near Dugar Street, Vijayapura",16.8357,75.6382,Insp. Kiaan Srinivasan,2025,3,13
KAR/BEN/2024/2200,2024-09-19,02:08:00,chain_snatching,"Reported incident of chain snatching at Near Bumb Chowk, Bengaluru Urban. Suspect vehicle noticed with plate KA-10-M-6306.",open,Bengaluru Urban,Bengaluru Urban South PS,"Near Bumb Chowk, Bengaluru Urban",13.0127,77.5479,Insp. Indali Narayan,2024,9,2
KAR/CHI/2024/2201,2024-09-14,10:51:00,fraud,"Reported incident of fraud at Near Mohanty Nagar, Chikkamagaluru.",open,Chikkamagaluru,Chikkamagaluru Suburban PS,"Near Mohanty Nagar, Chikkamagaluru",13.2871,75.774,Insp. Janya Bhatia,2024,9,10
KAR/BEN/2024/2202,2024-09-09,15:34:00,drug_offence,"Reported incident of drug offence at Near Mand Ganj, Bengaluru Urban.",chargesheeted,Bengaluru Urban,Bengaluru Urban West PS,"Near Mand Ganj, Bengaluru Urban",12.8856,77.5921,Insp. Vinaya Sarin,2024,9,15
KAR/BEL/2024/2203,2024-12-11,16:57:00,vehicle_theft,"Reported incident of vehicle theft at Near Viswanathan Ganj, Belagavi. Suspect vehicle noticed with plate KA-13-P-1920.",under_investigation,Belagavi,Belagavi Market PS,"Near Viswanathan Ganj, Belagavi",15.8587,74.46,Insp. Ishaan Sha,2024,12,16
KAR/HUB/2024/2204,2024-08-19,07:58:00,chain_snatching,"Reported incident of chain snatching at Near Hora Chowk, Hubballi-Dharwad. Suspect vehicle noticed with plate KA-26-B-3438.",under_investigation,Hubballi-Dharwad,Hubballi-Dharwad Industrial PS,"Near Hora Chowk, Hubballi-Dharwad",15.344,75.064,Insp. Rachana Ratta,2024,8,7
KAR/RAI/2024/2205,2025-05-30,05:47:00,assault,"Reported incident of assault at Near Minhas Nagar, Raichur.",open,Raichur,Raichur Industrial PS,"Near Minhas Nagar, Raichur",16.143,77.429,Insp. Sarthak Om,2025,5,5
KAR/VIJ/2024/2206,2025-03-15,06:15:00,fraud,"Reported incident of fraud at Near Kurian Road, Vijayapura.",chargesheeted,Vijayapura,Vijayapura Market PS,"Near Kurian Road, Vijayapura",16.8285,75.6875,Insp. Nachiket Raja,2025,3,6
KAR/BEL/2024/2207,2024-10-22,13:52:00,vehicle_theft,"Reported incident of vehicle theft at Near Sarkar Street, Belagavi. Suspect vehicle noticed with plate KA-47-KB-9178.",open,Belagavi,Belagavi Town PS,"Near Sarkar Street, Belagavi",15.8194,74.5416,Insp. Urmi Narula,2024,10,13
KAR/CHI/2024/2208,2024-05-30,20:28:00,assault,"Reported incident of assault at Near Mangal Circle, Chikkamagaluru.",chargesheeted,Chikkamagaluru,Chikkamagaluru Rural PS,"Near Mangal Circle, Chikkamagaluru",13.2516,75.7956,Insp. Ishanvi Gara,2024,5,20
KAR/BEN/2024/2209,2024-02-29,09:14:00,robbery,"Reported incident of robbery at Near Naik Nagar, Bengaluru Urban. Suspect vehicle noticed with plate KA-16-KA-4649.",under_investigation,Bengaluru Urban,Bengaluru Urban East PS,"Near Naik Nagar, Bengaluru Urban",13.0317,77.5756,Insp. Mitali Raghavan,2024,2,9
KAR/TUM/2024/2210,2024-11-19,05:49:00,cybercrime,"Reported incident of cybercrime at Near Cherian Path, Tumakuru.",open,Tumakuru,Tumakuru Rural PS,"Near Cherian Path, Tumakuru",13.2947,77.1696,Insp. Gaurang Ganesh,2024,11,5
KAR/DAV/2024/2211,2025-05-09,17:30:00,senior_citizen_crime,"Reported incident of senior citizen crime at Near Choudhury Street, Davangere.",chargesheeted,Davangere,Davangere Rural PS,"Near Choudhury Street, Davangere",14.5077,75.9409,Insp. Harini Bhandari,2025,5,17
KAR/MYS/2024/2212,2024-03-11,04:40:00,fraud,"Reported incident of fraud at Near Hayre Ganj, Mysuru.",open,Mysuru,Mysuru West PS,"Near Hayre Ganj, Mysuru",12.3536,76.5605,Insp. Yauvani Barad,2024,3,4
KAR/MYS/2024/2213,2025-04-27,18:18:00,chain_snatching,"Reported incident of chain snatching at Near Acharya Street, Mysuru. Suspect vehicle noticed with plate KA-49-A-4288.",open,Mysuru,Mysuru North PS,"Near Acharya Street, Mysuru",12.3578,76.6894,Insp. Gaurika Rout,2025,4,18
KAR/HUB/2024/2214,2024-03-06,15:59:00,robbery,"Reported incident of robbery at Near Kale, Hubballi-Dharwad. Suspect vehicle noticed with plate KA-17-N-1702.",open,Hubballi-Dharwad,Hubballi-Dharwad Town PS,"Near Kale, Hubballi-Dharwad",15.3158,75.1902,Insp. Upadhriti Ratti,2024,3,15
KAR/TUM/2024/2215,2025-04-30,01:18:00,cybercrime,"Reported incident of cybercrime at Near Vala Street, Tumakuru.",under_investigation,Tumakuru,Tumakuru Town PS,"Near Vala Street, Tumakuru",13.4231,77.0514,Insp. Harish Dass,2025,4,1
KAR/BEN/2024/2216,2024-10-03,21:17:00,vehicle_theft,"Reported incident of vehicle theft at Near Saini Marg, Bengaluru Urban. Suspect vehicle noticed with plate KA-38-KA-1978.",open,Bengaluru Urban,Bengaluru Urban Traffic PS,"Near Saini Marg, Bengaluru Urban",13.0023,77.5893,Insp. Andrew Prabhakar,2024,10,21
KAR/BEN/2024/2217,2024-05-03,22:19:00,vehicle_theft,"Reported incident of vehicle theft at Near Brar Chowk, Bengaluru Urban. Suspect vehicle noticed with plate KA-47-KB-1766.",open,Bengaluru Urban,Bengaluru Urban Traffic PS,"Near Brar Chowk, Bengaluru Urban",12.9849,77.5568,Insp. Vansha Mallick,2024,5,22
KAR/BEN/2024/2218,2024-06-25,09:46:00,chain_snatching,"Reported incident of chain snatching at Near Swamy Street, Bengaluru Urban. Suspect vehicle noticed with plate KA-54-P-5398.",under_investigation,Bengaluru Urban,Bengaluru Urban South PS,"Near Swamy Street, Bengaluru Urban",12.995,77.5806,Insp. Vasudha Dugal,2024,6,9
KAR/BEN/2024/2219,2024-08-01,20:54:00,assault,"Reported incident of assault at Near Agrawal Circle, Bengaluru Urban.",open,Bengaluru Urban,Bengaluru Urban North PS,"Near Agrawal Circle, Bengaluru Urban",12.9831,77.5916,Insp. Tanay Wagle,2024,8,20
KAR/BEL/2024/2220,2025-03-18,16:30:00,robbery,"Reported incident of robbery at Near Bandi Street, Belagavi. Suspect vehicle noticed with plate KA-53-A-7640.",open,Belagavi,Belagavi Industrial PS,"Near Bandi Street, Belagavi",15.7496,74.5613,Insp. Adweta Chopra,2025,3,16
KAR/KAL/2024/2221,2024-10-17,17:54:00,property_crime,"Reported incident of property crime at Near Mallick, Kalaburagi.",open,Kalaburagi,Kalaburagi Traffic PS,"Near Mallick, Kalaburagi",17.381,76.8339,Insp. Ishanvi Kaur,2024,10,17
KAR/BEN/2024/2222,2025-01-27,14:32:00,fraud,"Reported incident of fraud at Near Talwar Nagar, Bengaluru Urban.",open,Bengaluru Urban,Bengaluru Urban North PS,"Near Talwar Nagar, Bengaluru Urban",12.9879,77.6065,Insp. Devansh Edwin,2025,1,14
KAR/CHI/2024/2223,2024-02-14,11:43:00,burglary,"Reported incident of burglary at Near Reddy Circle, Chikkamagaluru.",open,Chikkamagaluru,Chikkamagaluru Traffic PS,"Near Reddy Circle, Chikkamagaluru",13.2818,75.7183,Insp. Pushti Edwin,2024,2,11
KAR/KAL/2024/2224,2024-08-19,00:46:00,fraud,"Reported incident of fraud at Near Sankaran Nagar, Kalaburagi.",open,Kalaburagi,Kalaburagi Rural PS,"Near Sankaran Nagar, Kalaburagi",17.2867,76.8479,Insp. Lavanya Jaggi,2024,8,0
KAR/BEN/2024/2225,2024-01-10,11:10:00,burglary,"Reported incident of burglary at Near Kala Road, Bengaluru Urban.",chargesheeted,Bengaluru Urban,Bengaluru Urban Traffic PS,"Near Kala Road, Bengaluru Urban",13.0086,77.5673,Insp. Xiti Raja,2024,1,11
KAR/KOP/2024/2226,2024-09-19,04:48:00,robbery,"Reported incident of robbery at Near Iyer Chowk, Koppal. Suspect vehicle noticed with plate KA-14-N-2185.",chargesheeted,Koppal,Koppal Town PS,"Near Iyer Chowk, Koppal",15.3131,76.1847,Insp. Sara Malhotra,2024,9,4
KAR/DAV/2024/2227,2024-10-10,12:06:00,vehicle_theft,"Reported incident of vehicle theft at Near Sawhney Path, Davangere. Suspect vehicle noticed with plate KA-15-KB-9694.",under_investigation,Davangere,Davangere Suburban PS,"Near Sawhney Path, Davangere",14.5651,75.9573,Insp. Ganga Sibal,2024,10,12
KAR/BEN/2024/2228,2024-07-04,13:23:00,hit_and_run,"Reported incident of hit and run at Near Verma Nagar, Bengaluru Urban.",under_investigation,Bengaluru Urban,Bengaluru Urban North PS,"Near Verma Nagar, Bengaluru Urban",12.989,77.589,Insp. Keya Mangat,2024,7,13
KAR/TUM/2024/2229,2024-07-28,09:17:00,burglary,"Reported incident of burglary at Near Munshi Path, Tumakuru.",open,Tumakuru,Tumakuru Suburban PS,"Near Munshi Path, Tumakuru",13.3478,77.1104,Insp. Dayamai Dewan,2024,7,9
KAR/HUB/2024/2230,2024-05-13,00:28:00,eve_teasing,"Reported incident of eve teasing at Near Kulkarni Marg, Hubballi-Dharwad.",open,Hubballi-Dharwad,Hubballi-Dharwad Market PS,"Near Kulkarni Marg, Hubballi-Dharwad",15.3575,75.089,Insp. Forum Bawa,2024,5,0
KAR/VIJ/2024/2231,2025-01-13,18:15:00,vehicle_theft,"Reported incident of vehicle theft at Near Kadakia Street, Vijayapura. Suspect vehicle noticed with plate KA-42-M-8933.",under_investigation,Vijayapura,Vijayapura Industrial PS,"Near Kadakia Street, Vijayapura",16.813,75.6173,Insp. Qasim Shetty,2025,1,18
KAR/MYS/2024/2232,2024-10-23,00:52:00,vehicle_theft,"Reported incident of vehicle theft at Near Dar Road, Mysuru. Suspect vehicle noticed with plate KA-38-A-9398.",under_investigation,Mysuru,Mysuru West PS,"Near Dar Road, Mysuru",12.3671,76.5551,Insp. Patrick Palan,2024,10,0
KAR/DAV/2024/2233,2024-11-12,21:18:00,chain_snatching,"Reported incident of chain snatching at Near Barad Chowk, Davangere. Suspect vehicle noticed with plate KA-41-P-9464.",open,Davangere,Davangere Town PS,"Near Barad Chowk, Davangere",14.4761,75.9286,Insp. Charita Manne,2024,11,21
KAR/CHI/2024/2234,2025-05-20,23:19:00,burglary,"Reported incident of burglary at Near Dhillon Street, Chikkamagaluru.",open,Chikkamagaluru,Chikkamagaluru Market PS,"Near Dhillon Street, Chikkamagaluru",13.2879,75.7327,Insp. Vansha Agarwal,2025,5,23
KAR/VIJ/2024/2235,2025-05-24,11:49:00,fraud,"Reported incident of fraud at Near Bhattacharyya Marg, Vijayapura.",closed,Vijayapura,Vijayapura Town PS,"Near Bhattacharyya Marg, Vijayapura",16.7515,75.7778,Insp. Wyatt Bobal,2025,5,11
KAR/DAV/2024/2236,2024-01-16,17:49:00,assault,"Reported incident of assault at Near Sen Street, Davangere.",open,Davangere,Davangere Town PS,"Near Sen Street, Davangere",14.4883,75.9669,Insp. Qasim Balakrishnan,2024,1,17
KAR/BID/2024/2237,2024-06-21,21:21:00,fraud,"Reported incident of fraud at Near Muni Zila, Bidar.",open,Bidar,Bidar Town PS,"Near Muni Zila, Bidar",17.8791,77.5697,Insp. Tanmayi Bansal,2024,6,21
KAR/MAN/2024/2238,2024-08-30,10:48:00,eve_teasing,"Reported incident of eve teasing at Near Sandal Ganj, Mangaluru (Dakshina Kannada).",open,Mangaluru (Dakshina Kannada),Mangaluru (Dakshina Kannada) Market PS,"Near Sandal Ganj, Mangaluru (Dakshina Kannada)",12.8703,74.8685,Insp. Gauri Karan,2024,8,10
KAR/KOL/2024/2239,2025-05-15,23:44:00,vehicle_theft,"Reported incident of vehicle theft at Near Parmer, Kolar. Suspect vehicle noticed with plate KA-36-KA-8092.",open,Kolar,Kolar Traffic PS,"Near Parmer, Kolar",13.1799,78.0965,Insp. Champak Vala,2025,5,23
KAR/BEN/2024/2240,2024-03-13,08:27:00,cybercrime,"Reported incident of cybercrime at Near Bhattacharyya Road, Bengaluru Urban.",under_investigation,Bengaluru Urban,Bengaluru Urban Central PS,"Near Bhattacharyya Road, Bengaluru Urban",13.0166,77.6226,Insp. Girindra Roy,2024,3,8
KAR/KOP/2024/2241,2025-01-24,08:03:00,cybercrime,"Reported incident of cybercrime at Near Mallick Street, Koppal.",chargesheeted,Koppal,Koppal Town PS,"Near Mallick Street, Koppal",15.3376,76.204,Insp. Wakeeta Agate,2025,1,8
KAR/HAS/2024/2242,2024-03-15,11:13:00,property_crime,"Reported incident of property crime at Near Shetty, Hassan.",chargesheeted,Hassan,Hassan Town PS,"Near Shetty, Hassan",13.0795,76.0439,Insp. Sneha Loyal,2024,3,11
KAR/BEN/2024/2243,2024-01-30,22:16:00,robbery,"Reported incident of robbery at Near Rau Marg, Bengaluru Urban. Suspect vehicle noticed with plate KA-04-A-4218.",chargesheeted,Bengaluru Urban,Bengaluru Urban West PS,"Near Rau Marg, Bengaluru Urban",12.8666,77.5512,Insp. Onkar Karpe,2024,1,22
KAR/BEL/2024/2244,2025-02-11,01:01:00,chain_snatching,"Reported incident of chain snatching at Near Raval Circle, Belagavi. Suspect vehicle noticed with plate KA-22-M-8560.",open,Belagavi,Belagavi Market PS,"Near Raval Circle, Belagavi",15.8582,74.4677,Insp. Yashawini Bandi,2025,2,1
KAR/BID/2024/2245,2025-03-28,05:49:00,robbery,"Reported incident of robbery at Near Acharya Street, Bidar. Suspect vehicle noticed with plate KA-25-KA-8711.",chargesheeted,Bidar,Bidar Traffic PS,"Near Acharya Street, Bidar",18.0088,77.4747,Insp. Vedhika Keer,2025,3,5
KAR/KOL/2024/2246,2024-12-21,12:13:00,chain_snatching,"Reported incident of chain snatching at Near Halder Road, Kolar. Suspect vehicle noticed with plate KA-55-A-1138.",open,Kolar,Kolar Town PS,"Near Halder Road, Kolar",13.1168,78.1601,Insp. Azaan Vaidya,2024,12,12
KAR/UDU/2024/2247,2024-03-29,13:55:00,robbery,"Reported incident of robbery at Near Sood Marg, Udupi. Suspect vehicle noticed with plate KA-55-M-3689.",under_investigation,Udupi,Udupi Traffic PS,"Near Sood Marg, Udupi",13.2937,74.7148,Insp. Nitara Narayan,2024,3,13
KAR/BEN/2024/2248,2025-05-29,11:36:00,eve_teasing,"Reported incident of eve teasing at Near Prasad Circle, Bengaluru Urban.",under_investigation,Bengaluru Urban,Bengaluru Urban South PS,"Near Prasad Circle, Bengaluru Urban",12.9826,77.5624,Insp. Kabir Kata,2025,5,11
KAR/KAL/2024/2249,2024-01-11,16:29:00,robbery,"Reported incident of robbery at Near Chaudhari Street, Kalaburagi. Suspect vehicle noticed with plate KA-30-A-9004.",open,Kalaburagi,Kalaburagi Suburban PS,"Near Chaudhari Street, Kalaburagi",17.2279,76.9313,Insp. Harini Chadha,2024,1,16
KAR/BEN/2024/2250,2025-05-30,20:49:00,robbery,"Reported incident of robbery at Near Saini, Bengaluru Urban. Suspect vehicle noticed with plate KA-32-KB-9861.",under_investigation,Bengaluru Urban,Bengaluru Urban North PS,"Near Saini, Bengaluru Urban",13.0224,77.5613,Insp. Vasana Sastry,2025,5,20
KAR/BEN/2024/2251,2024-03-05,08:27:00,burglary,"Reported incident of burglary at Near Dhar Chowk, Bengaluru Urban.",open,Bengaluru Urban,Bengaluru Urban East PS,"Near Dhar Chowk, Bengaluru Urban",12.9958,77.5469,Insp. Bhavika Parmar,2024,3,8
KAR/HAS/2024/2252,2024-01-04,16:04:00,fraud,"Reported incident of fraud at Near Deshpande Ganj, Hassan.",chargesheeted,Hassan,Hassan Rural PS,"Near Deshpande Ganj, Hassan",13.0602,76.0596,Insp. Frederick Chakrabarti,2024,1,16
KAR/MYS/2024/2253,2025-05-06,14:21:00,eve_teasing,"Reported incident of eve teasing at Near Hegde Path, Mysuru.",open,Mysuru,Mysuru South PS,"Near Hegde Path, Mysuru",12.3381,76.5846,Insp. Lohit Baral,2025,5,14
KAR/BEN/2024/2254,2025-03-20,17:26:00,chain_snatching,"Reported incident of chain snatching at Near Hayre Street, Bengaluru Urban. Suspect vehicle noticed with plate KA-25-B-5510.",open,Bengaluru Urban,Bengaluru Urban North PS,"Near Hayre Street, Bengaluru Urban",12.9857,77.5854,Insp. Lakshit Chaudhari,2025,3,17
KAR/TUM/2024/2255,2024-10-27,03:34:00,murder,"Reported incident of murder at Near Kalita Path, Tumakuru.",open,Tumakuru,Tumakuru Market PS,"Near Kalita Path, Tumakuru",13.2952,77.0536,Insp. Suhani Devan,2024,10,3
KAR/DAV/2024/2256,2024-06-13,10:51:00,vehicle_theft,"Reported incident of vehicle theft at Near Bhargava Marg, Davangere. Suspect vehicle noticed with plate KA-36-B-3203.",open,Davangere,Davangere Traffic PS,"Near Bhargava Marg, Davangere",14.5058,75.915,Insp. Zilmil Patil,2024,6,10
KAR/BEN/2024/2257,2024-10-23,21:11:00,assault,"Reported incident of assault at Near Nadig Ganj, Bengaluru Urban.",open,Bengaluru Urban,Bengaluru Urban Central PS,"Near Nadig Ganj, Bengaluru Urban",12.9999,77.6292,Insp. Liam Jain,2024,10,21
KAR/BEN/2024/2258,2024-07-21,16:22:00,burglary,"Reported incident of burglary at Near Ramaswamy Circle, Bengaluru Urban.",open,Bengaluru Urban,Bengaluru Urban North PS,"Near Ramaswamy Circle, Bengaluru Urban",12.9841,77.6017,Insp. Irya Virk,2024,7,16
KAR/VIJ/2024/2259,2024-10-21,04:52:00,assault,"Reported incident of assault at Near Merchant Path, Vijayapura.",chargesheeted,Vijayapura,Vijayapura Suburban PS,"Near Merchant Path, Vijayapura",16.8111,75.6708,Insp. Charvi Borra,2024,10,4
KAR/BEN/2024/2260,2025-01-02,17:04:00,burglary,"Reported incident of burglary at Near Din Road, Bengaluru Urban.",open,Bengaluru Urban,Bengaluru Urban North PS,"Near Din Road, Bengaluru Urban",13.0009,77.5588,Insp. Fiyaz Kapur,2025,1,17
KAR/BEN/2024/2261,2025-04-25,22:55:00,burglary,"Reported incident of burglary at Near Wagle Road, Bengaluru Urban.",open,Bengaluru Urban,Bengaluru Urban West PS,"Near Wagle Road, Bengaluru Urban",12.8891,77.5732,Insp. Triya Radhakrishnan,2025,4,22
KAR/RAI/2024/2262,2024-07-21,03:59:00,cybercrime,"Reported incident of cybercrime at Near Shukla Ganj, Raichur.",open,Raichur,Raichur Industrial PS,"Near Shukla Ganj, Raichur",16.1358,77.4134,Insp. Samuel Modi,2024,7,3
KAR/TUM/2024/2263,2024-04-24,07:43:00,fraud,"Reported incident of fraud at Near Bobal Zila, Tumakuru.",open,Tumakuru,Tumakuru Industrial PS,"Near Bobal Zila, Tumakuru",13.4043,77.0613,Insp. Dominic Divan,2024,4,7
KAR/HAS/2024/2264,2024-12-30,22:20:00,cybercrime,"Reported incident of cybercrime at Near Ganesan Nagar, Hassan.",open,Hassan,Hassan Suburban PS,"Near Ganesan Nagar, Hassan",12.9713,76.1567,Insp. Aditya Kala,2024,12,22
KAR/BEN/2024/2265,2024-02-27,18:58:00,assault,"Reported incident of assault at Near Baria Nagar, Bengaluru Urban.",chargesheeted,Bengaluru Urban,Bengaluru Urban South PS,"Near Baria Nagar, Bengaluru Urban",13.0081,77.5566,Insp. Liam Korpal,2024,2,18
KAR/KOP/2024/2266,2024-06-15,13:58:00,drug_offence,"Reported incident of drug offence at Near Bera Chowk, Koppal.",open,Koppal,Koppal Town PS,"Near Bera Chowk, Koppal",15.2958,76.2069,Insp. Falan Khalsa,2024,6,13
KAR/BAL/2024/2267,2024-11-22,17:04:00,hit_and_run,"Reported incident of hit and run at Near Pandya Nagar, Ballari.",open,Ballari,Ballari Industrial PS,"Near Pandya Nagar, Ballari",15.0935,76.9048,Insp. Ayush Zacharia,2024,11,17
KAR/BEN/2024/2268,2024-06-19,15:11:00,hit_and_run,"Reported incident of hit and run at Near Sahota Circle, Bengaluru Urban.",under_investigation,Bengaluru Urban,Bengaluru Urban Traffic PS,"Near Sahota Circle, Bengaluru Urban",12.9796,77.5898,Insp. Aarav Hayre,2024,6,15
KAR/DAV/2024/2269,2024-02-13,15:14:00,eve_teasing,"Reported incident of eve teasing at Near Sahni Marg, Davangere.",under_investigation,Davangere,Davangere Market PS,"Near Sahni Marg, Davangere",14.53,75.8986,Insp. Eiravati Dara,2024,2,15
KAR/BEN/2024/2270,2024-01-18,07:37:00,burglary,"Reported incident of burglary at Near Minhas Ganj, Bengaluru Urban.",open,Bengaluru Urban,Bengaluru Urban South PS,"Near Minhas Ganj, Bengaluru Urban",12.997,77.5786,Insp. Zarna Yogi,2024,1,7
KAR/BEN/2024/2271,2025-01-20,08:13:00,fraud,"Reported incident of fraud at Near Contractor Zila, Bengaluru Rural.",open,Bengaluru Rural,Bengaluru Rural Central PS,"Near Contractor Zila, Bengaluru Rural",13.2454,77.4789,Insp. Jhalak Zachariah,2025,1,8
KAR/VIJ/2024/2272,2025-04-08,01:43:00,assault,"Reported incident of assault at Near Chaudhary Circle, Vijayapura.",under_investigation,Vijayapura,Vijayapura Town PS,"Near Chaudhary Circle, Vijayapura",16.7893,75.7473,Insp. Yachana Mukherjee,2025,4,1
KAR/TUM/2024/2273,2024-01-16,20:19:00,chain_snatching,"Reported incident of chain snatching at Near Rajagopalan Street, Tumakuru. Suspect vehicle noticed with plate KA-46-P-8852.",under_investigation,Tumakuru,Tumakuru Rural PS,"Near Rajagopalan Street, Tumakuru",13.2676,77.1296,Insp. Yahvi Sarin,2024,1,20
KAR/HAS/2024/2274,2024-12-18,23:13:00,robbery,"Reported incident of robbery at Near Prabhakar Ganj, Hassan. Suspect vehicle noticed with plate KA-24-N-8966.",closed,Hassan,Hassan Rural PS,"Near Prabhakar Ganj, Hassan",13.0626,76.0448,Insp. Qasim Rajan,2024,12,23
KAR/RAI/2024/2275,2024-11-17,10:41:00,vehicle_theft,"Reported incident of vehicle theft at Near Agate Nagar, Raichur. Suspect vehicle noticed with plate KA-32-M-7085.",open,Raichur,Raichur Town PS,"Near Agate Nagar, Raichur",16.1753,77.3679,Insp. Chakradev Krishnamurthy,2024,11,10
KAR/KOL/2024/2276,2024-03-12,17:35:00,robbery,"Reported incident of robbery at Near Raja Road, Kolar. Suspect vehicle noticed with plate KA-09-KA-4431.",under_investigation,Kolar,Kolar Market PS,"Near Raja Road, Kolar",13.0807,78.0856,Insp. Chakradev Memon,2024,3,17
KAR/MYS/2024/2277,2024-09-22,02:29:00,vehicle_theft,"Reported incident of vehicle theft at Near Dhingra Circle, Mysuru. Suspect vehicle noticed with plate KA-52-P-8584.",open,Mysuru,Mysuru East PS,"Near Dhingra Circle, Mysuru",12.2469,76.7064,Insp. Hema Prasad,2024,9,2
KAR/BID/2024/2278,2024-09-19,16:54:00,robbery,"Reported incident of robbery at Near Barad, Bidar. Suspect vehicle noticed with plate KA-47-B-4981.",under_investigation,Bidar,Bidar Market PS,"Near Barad, Bidar",17.8798,77.5247,Insp. Darsh Ramachandran,2024,9,16
KAR/BEN/2024/2279,2024-08-09,03:39:00,assault,"Reported incident of assault at Near Nair Ganj, Bengaluru Rural.",under_investigation,Bengaluru Rural,Bengaluru Rural West PS,"Near Nair Ganj, Bengaluru Rural",13.2714,77.6733,Insp. Yasti Naik,2024,8,3
KAR/BAL/2024/2280,2024-01-21,18:54:00,hit_and_run,"Reported incident of hit and run at Near Nayak Ganj, Ballari.",open,Ballari,Ballari Town PS,"Near Nayak Ganj, Ballari",15.0981,77.0055,Insp. Adweta Madan,2024,1,18
KAR/UDU/2024/2281,2025-05-15,13:28:00,burglary,"Reported incident of burglary at Near Dhar Road, Udupi.",chargesheeted,Udupi,Udupi Town PS,"Near Dhar Road, Udupi",13.3444,74.7926,Insp. Luke Lall,2025,5,13
KAR/DAV/2024/2282,2024-11-22,19:19:00,vehicle_theft,"Reported incident of vehicle theft at Near Chaudhuri Ganj, Davangere. Suspect vehicle noticed with plate KA-05-KB-7741.",closed,Davangere,Davangere Market PS,"Near Chaudhuri Ganj, Davangere",14.5068,75.8991,Insp. Oviya Ravi,2024,11,19
KAR/BEN/2024/2283,2024-06-11,16:14:00,assault,"Reported incident of assault at Near Hayre Chowk, Bengaluru Urban.",open,Bengaluru Urban,Bengaluru Urban West PS,"Near Hayre Chowk, Bengaluru Urban",12.9025,77.5724,Insp. Chanakya Choudhary,2024,6,16
KAR/BEN/2024/2284,2024-07-24,20:03:00,chain_snatching,"Reported incident of chain snatching at Near Suresh Road, Bengaluru Urban. Suspect vehicle noticed with plate KA-31-A-4846.",under_investigation,Bengaluru Urban,Bengaluru Urban Traffic PS,"Near Suresh Road, Bengaluru Urban",13.0178,77.578,Insp. Raksha Khalsa,2024,7,20
KAR/HAS/2024/2285,2025-04-01,16:34:00,burglary,"Reported incident of burglary at Near Aurora, Hassan.",open,Hassan,Hassan Rural PS,"Near Aurora, Hassan",13.0337,76.0123,Insp. Chandani Gour,2025,4,16
KAR/BEN/2024/2286,2024-01-01,09:10:00,cybercrime,"Reported incident of cybercrime at Near Merchant Street, Bengaluru Urban.",under_investigation,Bengaluru Urban,Bengaluru Urban West PS,"Near Merchant Street, Bengaluru Urban",12.8698,77.5727,Insp. Yashica Dasgupta,2024,1,9
KAR/HUB/2024/2287,2024-07-22,02:35:00,assault,"Reported incident of assault at Near Dhar Nagar, Hubballi-Dharwad.",closed,Hubballi-Dharwad,Hubballi-Dharwad Traffic PS,"Near Dhar Nagar, Hubballi-Dharwad",15.3168,75.1549,Insp. Aadi Mukhopadhyay,2024,7,2
KAR/DAV/2024/2288,2024-09-28,14:54:00,hit_and_run,"Reported incident of hit and run at Near Babu Path, Davangere.",chargesheeted,Davangere,Davangere Rural PS,"Near Babu Path, Davangere",14.5427,75.9621,Insp. Samesh Subramanian,2024,9,14
KAR/SHI/2024/2289,2024-11-04,23:56:00,vehicle_theft,"Reported incident of vehicle theft at Near Chaudry Street, Shivamogga. Suspect vehicle noticed with plate KA-13-A-7230.",chargesheeted,Shivamogga,Shivamogga Industrial PS,"Near Chaudry Street, Shivamogga",13.8768,75.5113,Insp. Wakeeta Lad,2024,11,23
KAR/HUB/2024/2290,2024-06-04,13:57:00,robbery,"Reported incident of robbery at Near Kar Marg, Hubballi-Dharwad. Suspect vehicle noticed with plate KA-02-M-5186.",under_investigation,Hubballi-Dharwad,Hubballi-Dharwad Market PS,"Near Kar Marg, Hubballi-Dharwad",15.311,75.1017,Insp. Chaman Patla,2024,6,13
KAR/KOP/2024/2291,2024-11-25,10:56:00,chain_snatching,"Reported incident of chain snatching at Near Sampath Road, Koppal. Suspect vehicle noticed with plate KA-48-B-2546.",open,Koppal,Koppal Market PS,"Near Sampath Road, Koppal",15.3738,76.2118,Insp. Finn Venkatesh,2024,11,10
KAR/BEN/2024/2292,2024-04-29,09:22:00,robbery,"Reported incident of robbery at Near Chatterjee Path, Bengaluru Urban. Suspect vehicle noticed with plate KA-25-M-9634.",open,Bengaluru Urban,Bengaluru Urban Central PS,"Near Chatterjee Path, Bengaluru Urban",13.0058,77.6466,Insp. Warhi Desai,2024,4,9
KAR/BEN/2024/2293,2025-01-20,01:17:00,property_crime,"Reported incident of property crime at Near Krishnan Street, Bengaluru Urban.",under_investigation,Bengaluru Urban,Bengaluru Urban North PS,"Near Krishnan Street, Bengaluru Urban",13.0077,77.5948,Insp. Wahab Narasimhan,2025,1,1
KAR/KOL/2024/2294,2024-01-19,06:13:00,fraud,"Reported incident of fraud at Near Chaudhuri Road, Kolar.",closed,Kolar,Kolar Town PS,"Near Chaudhuri Road, Kolar",13.1163,78.1564,Insp. Hamsini Borah,2024,1,6
KAR/BEN/2024/2295,2024-11-30,05:38:00,vehicle_theft,"Reported incident of vehicle theft at Near Mukherjee Circle, Bengaluru Urban. Suspect vehicle noticed with plate KA-42-B-4981.",under_investigation,Bengaluru Urban,Bengaluru Urban Central PS,"Near Mukherjee Circle, Bengaluru Urban",12.9755,77.6463,Insp. Atharv Kari,2024,11,5
KAR/BEN/2024/2296,2025-04-08,21:41:00,hit_and_run,"Reported incident of hit and run at Near Nagarajan Chowk, Bengaluru Urban.",open,Bengaluru Urban,Bengaluru Urban South PS,"Near Nagarajan Chowk, Bengaluru Urban",12.9982,77.5514,Insp. Aryan Master,2025,4,21
KAR/BEN/2024/2297,2024-01-17,21:41:00,cybercrime,"Reported incident of cybercrime at Near Kale Path, Bengaluru Urban.",open,Bengaluru Urban,Bengaluru Urban North PS,"Near Kale Path, Bengaluru Urban",13.0366,77.5959,Insp. Tanay Natt,2024,1,21
KAR/BEN/2024/2298,2024-10-01,17:01:00,chain_snatching,"Reported incident of chain snatching at Near Setty Chowk, Bengaluru Urban. Suspect vehicle noticed with plate KA-14-M-1528.",closed,Bengaluru Urban,Bengaluru Urban Central PS,"Near Setty Chowk, Bengaluru Urban",13.0182,77.6077,Insp. Damyanti Venkatesh,2024,10,17
KAR/MYS/2024/2299,2024-04-10,20:41:00,assault,"Reported incident of assault at Near Edwin Ganj, Mysuru.",open,Mysuru,Mysuru Traffic PS,"Near Edwin Ganj, Mysuru",12.3599,76.5657,Insp. Elijah Jha,2024,4,20
KAR/KOP/2024/2300,2024-08-29,07:43:00,vehicle_theft,"Reported incident of vehicle theft at Near Manda Road, Koppal. Suspect vehicle noticed with plate KA-07-N-6903.",chargesheeted,Koppal,Koppal Industrial PS,"Near Manda Road, Koppal",15.3086,76.1169,Insp. Harish Comar,2024,8,7
KAR/KOL/2024/2301,2025-05-08,04:46:00,fraud,"Reported incident of fraud at Near Hari Chowk, Kolar.",under_investigation,Kolar,Kolar Market PS,"Near Hari Chowk, Kolar",13.0664,78.0967,Insp. Anusha Sidhu,2025,5,4
KAR/TUM/2024/2302,2024-09-08,12:46:00,robbery,"Reported incident of robbery at Near Handa Ganj, Tumakuru. Suspect vehicle noticed with plate KA-43-B-2402.",chargesheeted,Tumakuru,Tumakuru Market PS,"Near Handa Ganj, Tumakuru",13.3309,77.0509,Insp. Yagnesh Choudhury,2024,9,12
KAR/BEN/2024/2303,2024-12-14,06:43:00,robbery,"Reported incident of robbery at Near Saini Circle, Bengaluru Urban. Suspect vehicle noticed with plate KA-38-KA-5453.",open,Bengaluru Urban,Bengaluru Urban East PS,"Near Saini Circle, Bengaluru Urban",13.0005,77.5522,Insp. Ekalinga Deo,2024,12,6
KAR/KOP/2024/2304,2024-01-12,20:17:00,vehicle_theft,"Reported incident of vehicle theft at Near Comar Path, Koppal. Suspect vehicle noticed with plate KA-10-M-2903.",under_investigation,Koppal,Koppal Traffic PS,"Near Comar Path, Koppal",15.3682,76.2069,Insp. Logan Dass,2024,1,20
KAR/BEN/2024/2305,2025-01-05,23:56:00,murder,"Reported incident of murder at Near Bawa Road, Bengaluru Urban.",chargesheeted,Bengaluru Urban,Bengaluru Urban South PS,"Near Bawa Road, Bengaluru Urban",12.9895,77.5888,Insp. Pushti Thaman,2025,1,23
KAR/BEN/2024/2306,2024-12-15,08:45:00,vehicle_theft,"Reported incident of vehicle theft at Near Tak Marg, Bengaluru Urban. Suspect vehicle noticed with plate KA-38-N-1054.",under_investigation,Bengaluru Urban,Bengaluru Urban Traffic PS,"Near Tak Marg, Bengaluru Urban",12.9722,77.6016,Insp. Anay Karan,2024,12,8
KAR/HUB/2024/2307,2024-05-31,06:36:00,assault,"Reported incident of assault at Near Sarma, Hubballi-Dharwad.",open,Hubballi-Dharwad,Hubballi-Dharwad Town PS,"Near Sarma, Hubballi-Dharwad",15.2708,75.2123,Insp. Arin Gour,2024,5,6
KAR/VIJ/2024/2308,2024-09-09,11:24:00,domestic_violence,"Reported incident of domestic violence at Near Sahni Path, Vijayapura.",chargesheeted,Vijayapura,Vijayapura Suburban PS,"Near Sahni Path, Vijayapura",16.7906,75.6941,Insp. Jackson Pradhan,2024,9,11
KAR/DAV/2024/2309,2024-10-30,04:04:00,eve_teasing,"Reported incident of eve teasing at Near Pandey, Davangere.",open,Davangere,Davangere Market PS,"Near Pandey, Davangere",14.5022,75.8674,Insp. Vansha Shan,2024,10,4
KAR/HUB/2024/2310,2024-06-27,18:23:00,eve_teasing,"Reported incident of eve teasing at Near Nazareth Road, Hubballi-Dharwad.",closed,Hubballi-Dharwad,Hubballi-Dharwad Industrial PS,"Near Nazareth Road, Hubballi-Dharwad",15.329,75.0968,Insp. Advik Chawla,2024,6,18
KAR/BEN/2024/2311,2025-05-06,01:58:00,fraud,"Reported incident of fraud at Near Radhakrishnan Circle, Bengaluru Urban.",open,Bengaluru Urban,Bengaluru Urban South PS,"Near Radhakrishnan Circle, Bengaluru Urban",12.9874,77.5806,Insp. Jai Comar,2025,5,1
KAR/KOP/2024/2312,2024-10-07,02:04:00,chain_snatching,"Reported incident of chain snatching at Near Goyal Path, Koppal. Suspect vehicle noticed with plate KA-16-M-3334.",under_investigation,Koppal,Koppal Suburban PS,"Near Goyal Path, Koppal",15.3292,76.0784,Insp. Jackson Jayaraman,2024,10,2
KAR/MAN/2024/2313,2024-04-21,16:43:00,assault,"Reported incident of assault at Near Ganesh, Mandya.",open,Mandya,Mandya Market PS,"Near Ganesh, Mandya",12.5886,76.8185,Insp. Champak Shere,2024,4,16
KAR/BEN/2024/2314,2024-06-15,15:04:00,property_crime,"Reported incident of property crime at Near Rastogi Circle, Bengaluru Urban.",under_investigation,Bengaluru Urban,Bengaluru Urban East PS,"Near Rastogi Circle, Bengaluru Urban",13.0191,77.5244,Insp. Benjamin Batta,2024,6,15
KAR/VIJ/2024/2315,2024-04-15,02:21:00,chain_snatching,"Reported incident of chain snatching at Near Sem Circle, Vijayapura. Suspect vehicle noticed with plate KA-15-KA-5580.",chargesheeted,Vijayapura,Vijayapura Town PS,"Near Sem Circle, Vijayapura",16.7852,75.7632,Insp. Anirudh Bassi,2024,4,2
KAR/MYS/2024/2316,2024-05-11,15:17:00,fraud,"Reported incident of fraud at Near Singh Circle, Mysuru.",chargesheeted,Mysuru,Mysuru Traffic PS,"Near Singh Circle, Mysuru",12.338,76.5881,Insp. Chandani Bala,2024,5,15
KAR/DAV/2024/2317,2024-10-12,10:03:00,chain_snatching,"Reported incident of chain snatching at Near Dhingra Road, Davangere. Suspect vehicle noticed with plate KA-12-KA-2734.",open,Davangere,Davangere Town PS,"Near Dhingra Road, Davangere",14.4966,75.9347,Insp. Devansh Dalal,2024,10,10
KAR/KAL/2024/2318,2024-11-10,11:10:00,domestic_violence,"Reported incident of domestic violence at Near Saxena Circle, Kalaburagi.",under_investigation,Kalaburagi,Kalaburagi Traffic PS,"Near Saxena Circle, Kalaburagi",17.389,76.8357,Insp. Ekbal Shetty,2024,11,11
KAR/BEN/2024/2319,2024-09-03,10:00:00,fraud,"Reported incident of fraud at Near Patla Circle, Bengaluru Urban.",open,Bengaluru Urban,Bengaluru Urban East PS,"Near Patla Circle, Bengaluru Urban",12.9829,77.5487,Insp. Warinder Lall,2024,9,10
KAR/KOP/2024/2320,2025-05-26,13:10:00,property_crime,"Reported incident of property crime at Near Sahota Ganj, Koppal.",under_investigation,Koppal,Koppal Market PS,"Near Sahota Ganj, Koppal",15.3523,76.1799,Insp. Praneel Rattan,2025,5,13
KAR/MYS/2024/2321,2024-01-26,01:43:00,drug_offence,"Reported incident of drug offence at Near Pant, Mysuru.",open,Mysuru,Mysuru East PS,"Near Pant, Mysuru",12.2437,76.7434,Insp. Wahab Chand,2024,1,1
KAR/BAL/2024/2322,2024-10-14,01:13:00,vehicle_theft,"Reported incident of vehicle theft at Near Sen Circle, Ballari. Suspect vehicle noticed with plate KA-24-A-7381.",open,Ballari,Ballari Market PS,"Near Sen Circle, Ballari",15.1799,76.8338,Insp. Lajita Mistry,2024,10,1
KAR/MYS/2024/2323,2024-12-29,01:31:00,robbery,"Reported incident of robbery at Near Buch Path, Mysuru. Suspect vehicle noticed with plate KA-42-M-2254.",under_investigation,Mysuru,Mysuru East PS,"Near Buch Path, Mysuru",12.2846,76.7117,Insp. Anay Chaudry,2024,12,1
KAR/BEN/2024/2324,2024-01-07,05:28:00,drug_offence,"Reported incident of drug offence at Near Lad Street, Bengaluru Urban.",open,Bengaluru Urban,Bengaluru Urban South PS,"Near Lad Street, Bengaluru Urban",13.0252,77.5673,Insp. Frado Patla,2024,1,5
KAR/CHI/2024/2325,2025-02-26,06:44:00,fraud,"Reported incident of fraud at Near Shan Street, Chikkamagaluru.",under_investigation,Chikkamagaluru,Chikkamagaluru Suburban PS,"Near Shan Street, Chikkamagaluru",13.3135,75.7717,Insp. Neelima Saraf,2025,2,6
KAR/TUM/2024/2326,2024-09-21,23:57:00,drug_offence,"Reported incident of drug offence at Near Dora Zila, Tumakuru.",open,Tumakuru,Tumakuru Traffic PS,"Near Dora Zila, Tumakuru",13.3177,77.0637,Insp. Warhi Badami,2024,9,23
KAR/BEL/2024/2327,2025-03-18,00:58:00,assault,"Reported incident of assault at Near Raman Circle, Belagavi.",open,Belagavi,Belagavi Rural PS,"Near Raman Circle, Belagavi",15.8168,74.5349,Insp. Bhavna Chaudhuri,2025,3,0
KAR/RAI/2024/2328,2025-03-29,22:30:00,hit_and_run,"Reported incident of hit and run at Near Trivedi Chowk, Raichur.",under_investigation,Raichur,Raichur Rural PS,"Near Trivedi Chowk, Raichur",16.2591,77.3434,Insp. Rachit Kunda,2025,3,22
KAR/RAI/2024/2329,2025-02-23,15:17:00,property_crime,"Reported incident of property crime at Near Deshmukh Path, Raichur.",under_investigation,Raichur,Raichur Traffic PS,"Near Deshmukh Path, Raichur",16.2235,77.3285,Insp. Girindra Bhagat,2025,2,15
KAR/BEN/2024/2330,2025-03-04,10:33:00,eve_teasing,"Reported incident of eve teasing at Near Nanda Road, Bengaluru Urban.",under_investigation,Bengaluru Urban,Bengaluru Urban Traffic PS,"Near Nanda Road, Bengaluru Urban",12.9861,77.5653,Insp. Jatin Nayar,2025,3,10
KAR/MAN/2024/2331,2025-03-23,02:30:00,burglary,"Reported incident of burglary at Near Sandal Street, Mangaluru (Dakshina Kannada).",under_investigation,Mangaluru (Dakshina Kannada),Mangaluru (Dakshina Kannada) Town PS,"Near Sandal Street, Mangaluru (Dakshina Kannada)",12.8571,74.8524,Insp. Mitali Karpe,2025,3,2
KAR/TUM/2024/2332,2024-05-22,11:54:00,chain_snatching,"Reported incident of chain snatching at Near Loyal Nagar, Tumakuru. Suspect vehicle noticed with plate KA-17-P-8753.",open,Tumakuru,Tumakuru Rural PS,"Near Loyal Nagar, Tumakuru",13.2988,77.1203,Insp. Chaaya Malhotra,2024,5,11
KAR/BEN/2024/2333,2024-09-28,17:54:00,fraud,"Reported incident of fraud at Near Mangal, Bengaluru Urban.",chargesheeted,Bengaluru Urban,Bengaluru Urban South PS,"Near Mangal, Bengaluru Urban",13.0117,77.593,Insp. Radha Nagi,2024,9,17
KAR/BAL/2024/2334,2025-04-16,23:15:00,burglary,"Reported incident of burglary at Near Vohra Circle, Ballari.",chargesheeted,Ballari,Ballari Suburban PS,"Near Vohra Circle, Ballari",15.1844,76.8643,Insp. Rajata Parmer,2025,4,23
KAR/MYS/2024/2335,2025-03-13,19:18:00,eve_teasing,"Reported incident of eve teasing at Near Jain Circle, Mysuru.",under_investigation,Mysuru,Mysuru West PS,"Near Jain Circle, Mysuru",12.3397,76.5844,Insp. Anthony Murty,2025,3,19
KAR/BEN/2024/2336,2024-10-07,19:58:00,property_crime,"Reported incident of property crime at Near Chahal Zila, Bengaluru Urban.",closed,Bengaluru Urban,Bengaluru Urban North PS,"Near Chahal Zila, Bengaluru Urban",13.0305,77.5823,Insp. Harita Behl,2024,10,19
KAR/BEN/2024/2337,2024-03-11,06:57:00,assault,"Reported incident of assault at Near Shukla Street, Bengaluru Urban.",open,Bengaluru Urban,Bengaluru Urban Central PS,"Near Shukla Street, Bengaluru Urban",13.0166,77.6238,Insp. Faris Palla,2024,3,6
KAR/BEL/2024/2338,2025-05-13,17:47:00,cybercrime,"Reported incident of cybercrime at Near Thakur Zila, Belagavi.",chargesheeted,Belagavi,Belagavi Market PS,"Near Thakur Zila, Belagavi",15.8887,74.4247,Insp. Mohini Sood,2025,5,17
KAR/SHI/2024/2339,2025-03-12,06:10:00,assault,"Reported incident of assault at Near Gera Circle, Shivamogga.",open,Shivamogga,Shivamogga Town PS,"Near Gera Circle, Shivamogga",13.9225,75.5443,Insp. Edhitha Bansal,2025,3,6
KAR/BEN/2024/2340,2025-01-31,05:46:00,robbery,"Reported incident of robbery at Near Desai Circle, Bengaluru Urban. Suspect vehicle noticed with plate KA-17-A-6951.",under_investigation,Bengaluru Urban,Bengaluru Urban East PS,"Near Desai Circle, Bengaluru Urban",13.0243,77.5494,Insp. Vasudha Aggarwal,2025,1,5
KAR/BEN/2024/2341,2024-08-14,05:00:00,murder,"Reported incident of murder at Near Bumb Road, Bengaluru Urban.",chargesheeted,Bengaluru Urban,Bengaluru Urban North PS,"Near Bumb Road, Bengaluru Urban",13.0126,77.558,Insp. Omisha Hegde,2024,8,5
KAR/BEN/2024/2342,2024-07-11,21:16:00,property_crime,"Reported incident of property crime at Near Rajan, Bengaluru Urban.",under_investigation,Bengaluru Urban,Bengaluru Urban Central PS,"Near Rajan, Bengaluru Urban",12.9728,77.65,Insp. Amrita Kala,2024,7,21
KAR/BEN/2024/2343,2024-06-21,20:02:00,murder,"Reported incident of murder at Near Bhandari Marg, Bengaluru Urban.",open,Bengaluru Urban,Bengaluru Urban South PS,"Near Bhandari Marg, Bengaluru Urban",12.9905,77.5837,Insp. Qarin Dutt,2024,6,20
KAR/BEN/2024/2344,2024-10-28,03:57:00,fraud,"Reported incident of fraud at Near Sawhney Zila, Bengaluru Urban.",open,Bengaluru Urban,Bengaluru Urban North PS,"Near Sawhney Zila, Bengaluru Urban",12.9958,77.5876,Insp. Upma Dugal,2024,10,3
KAR/HAS/2024/2345,2024-08-13,10:25:00,cybercrime,"Reported incident of cybercrime at Near Om Road, Hassan.",open,Hassan,Hassan Town PS,"Near Om Road, Hassan",13.0405,76.0379,Insp. Adweta Vohra,2024,8,10
KAR/BID/2024/2346,2024-04-08,02:57:00,vehicle_theft,"Reported incident of vehicle theft at Near Dave Chowk, Bidar. Suspect vehicle noticed with plate KA-38-N-2097.",under_investigation,Bidar,Bidar Traffic PS,"Near Dave Chowk, Bidar",17.9938,77.4549,Insp. Henry Sur,2024,4,2
KAR/BEN/2024/2347,2024-02-13,21:18:00,burglary,"Reported incident of burglary at Near Kamdar Road, Bengaluru Urban.",open,Bengaluru Urban,Bengaluru Urban East PS,"Near Kamdar Road, Bengaluru Urban",13.0279,77.5212,Insp. Varenya Gour,2024,2,21
KAR/BEN/2024/2348,2025-04-11,19:15:00,fraud,"Reported incident of fraud at Near Murthy Road, Bengaluru Urban.",open,Bengaluru Urban,Bengaluru Urban West PS,"Near Murthy Road, Bengaluru Urban",12.8805,77.5898,Insp. Bhanumati Gaba,2025,4,19
KAR/BEN/2024/2349,2024-06-28,17:15:00,robbery,"Reported incident of robbery at Near Seth, Bengaluru Urban. Suspect vehicle noticed with plate KA-12-KA-8738.",under_investigation,Bengaluru Urban,Bengaluru Urban East PS,"Near Seth, Bengaluru Urban",13.0089,77.5522,Insp. Ekiya Bhakta,2024,6,17
KAR/DAV/2024/2350,2024-10-18,11:16:00,chain_snatching,"Reported incident of chain snatching at Near Sur Zila, Davangere. Suspect vehicle noticed with plate KA-17-KB-4129.",chargesheeted,Davangere,Davangere Suburban PS,"Near Sur Zila, Davangere",14.5414,75.989,Insp. Abha Pillay,2024,10,11
KAR/BEN/2024/2351,2025-05-06,02:07:00,chain_snatching,"Reported incident of chain snatching at Near Ravel Road, Bengaluru Urban. Suspect vehicle noticed with plate KA-24-N-2643.",under_investigation,Bengaluru Urban,Bengaluru Urban North PS,"Near Ravel Road, Bengaluru Urban",12.9974,77.5984,Insp. Yochana Chaudhary,2025,5,2
KAR/KAL/2024/2352,2024-01-20,12:10:00,burglary,"Reported incident of burglary at Near Joshi Street, Kalaburagi.",open,Kalaburagi,Kalaburagi Traffic PS,"Near Joshi Street, Kalaburagi",17.3848,76.8858,Insp. Prisha Sur,2024,1,12
KAR/BEN/2024/2353,2025-02-01,19:31:00,burglary,"Reported incident of burglary at Near Gala Ganj, Bengaluru Rural.",under_investigation,Bengaluru Rural,Bengaluru Rural Central PS,"Near Gala Ganj, Bengaluru Rural",13.2552,77.525,Insp. Jacob Srinivasan,2025,2,19
KAR/DAV/2024/2354,2024-11-26,01:36:00,murder,"Reported incident of murder at Near Iyengar Street, Davangere.",open,Davangere,Davangere Market PS,"Near Iyengar Street, Davangere",14.5128,75.8862,Insp. Aarini Aurora,2024,11,1
KAR/VIJ/2024/2355,2025-03-01,23:59:00,eve_teasing,"Reported incident of eve teasing at Near Gulati Road, Vijayapura.",open,Vijayapura,Vijayapura Traffic PS,"Near Gulati Road, Vijayapura",16.8052,75.6692,Insp. Girish Sood,2025,3,23
KAR/HAS/2024/2356,2024-07-30,14:13:00,burglary,"Reported incident of burglary at Near Magar Ganj, Hassan.",under_investigation,Hassan,Hassan Market PS,"Near Magar Ganj, Hassan",13.0839,76.1647,Insp. William Ramesh,2024,7,14
KAR/HAS/2024/2357,2024-11-14,01:13:00,vehicle_theft,"Reported incident of vehicle theft at Near Bava Nagar, Hassan. Suspect vehicle noticed with plate KA-54-KA-8600.",under_investigation,Hassan,Hassan Industrial PS,"Near Bava Nagar, Hassan",13.0284,76.1375,Insp. Kritika Ahuja,2024,11,1
KAR/BEN/2024/2358,2025-01-10,12:58:00,drug_offence,"Reported incident of drug offence at Near Chaudhry Chowk, Bengaluru Urban.",under_investigation,Bengaluru Urban,Bengaluru Urban Central PS,"Near Chaudhry Chowk, Bengaluru Urban",13.009,77.6578,Insp. Dakshesh Bahri,2025,1,12
KAR/UDU/2024/2359,2024-07-18,10:22:00,chain_snatching,"Reported incident of chain snatching at Near Goyal Street, Udupi. Suspect vehicle noticed with plate KA-09-P-3828.",under_investigation,Udupi,Udupi Rural PS,"Near Goyal Street, Udupi",13.3714,74.7009,Insp. Laban Seshadri,2024,7,10
KAR/CHI/2024/2360,2024-08-22,10:20:00,hit_and_run,"Reported incident of hit and run at Near Chander Marg, Chikkamagaluru.",closed,Chikkamagaluru,Chikkamagaluru Industrial PS,"Near Chander Marg, Chikkamagaluru",13.3926,75.785,Insp. Divya Kala,2024,8,10
KAR/MYS/2024/2361,2024-10-15,14:17:00,vehicle_theft,"Reported incident of vehicle theft at Near Raghavan Marg, Mysuru. Suspect vehicle noticed with plate KA-29-B-5638.",open,Mysuru,Mysuru East PS,"Near Raghavan Marg, Mysuru",12.2509,76.7061,Insp. Omya D’Alia,2024,10,14
KAR/BAL/2024/2362,2024-11-21,05:01:00,vehicle_theft,"Reported incident of vehicle theft at Near Krish Road, Ballari. Suspect vehicle noticed with plate KA-44-KB-3368.",chargesheeted,Ballari,Ballari Industrial PS,"Near Krish Road, Ballari",15.0487,76.9068,Insp. Liam Badami,2024,11,5
KAR/BEN/2024/2363,2024-12-24,02:08:00,chain_snatching,"Reported incident of chain snatching at Near Oommen, Bengaluru Rural. Suspect vehicle noticed with plate KA-13-B-1865.",open,Bengaluru Rural,Bengaluru Rural East PS,"Near Oommen, Bengaluru Rural",13.3017,77.5695,Insp. Darsh Sachdeva,2024,12,2
KAR/HAS/2024/2364,2025-03-30,21:10:00,drug_offence,"Reported incident of drug offence at Near Om Road, Hassan.",open,Hassan,Hassan Town PS,"Near Om Road, Hassan",13.0463,76.0072,Insp. Pratyush Venkataraman,2025,3,21
KAR/BAL/2024/2365,2024-11-16,12:03:00,fraud,"Reported incident of fraud at Near Sahota Nagar, Ballari.",chargesheeted,Ballari,Ballari Rural PS,"Near Sahota Nagar, Ballari",15.0533,76.9116,Insp. Sarthak Rama,2024,11,12
KAR/UDU/2024/2366,2024-01-13,08:18:00,robbery,"Reported incident of robbery at Near Varughese Zila, Udupi. Suspect vehicle noticed with plate KA-07-P-7840.",open,Udupi,Udupi Traffic PS,"Near Varughese Zila, Udupi",13.3002,74.7114,Insp. Aashi Ahuja,2024,1,8
KAR/RAI/2024/2367,2024-02-17,15:28:00,drug_offence,"Reported incident of drug offence at Near Venkataraman Road, Raichur.",open,Raichur,Raichur Rural PS,"Near Venkataraman Road, Raichur",16.2448,77.325,Insp. Zayan Nagy,2024,2,15
KAR/DAV/2024/2368,2024-05-17,11:29:00,property_crime,"Reported incident of property crime at Near Gandhi Marg, Davangere.",open,Davangere,Davangere Town PS,"Near Gandhi Marg, Davangere",14.4791,75.9498,Insp. Radha Chatterjee,2024,5,11
KAR/VIJ/2024/2369,2025-01-07,14:46:00,fraud,"Reported incident of fraud at Near Chowdhury Chowk, Vijayapura.",open,Vijayapura,Vijayapura Industrial PS,"Near Chowdhury Chowk, Vijayapura",16.8225,75.635,Insp. Vidhi Sehgal,2025,1,14
KAR/BEN/2024/2370,2024-04-29,00:32:00,fraud,"Reported incident of fraud at Near Aurora Ganj, Bengaluru Urban.",open,Bengaluru Urban,Bengaluru Urban West PS,"Near Aurora Ganj, Bengaluru Urban",12.8731,77.5817,Insp. Kamala Bandi,2024,4,0
KAR/BEN/2024/2371,2024-08-04,08:50:00,hit_and_run,"Reported incident of hit and run at Near Singh Street, Bengaluru Urban.",open,Bengaluru Urban,Bengaluru Urban South PS,"Near Singh Street, Bengaluru Urban",12.9976,77.5752,Insp. Reyansh Narula,2024,8,8
KAR/KOL/2024/2372,2025-01-01,07:12:00,fraud,"Reported incident of fraud at Near Sama Chowk, Kolar.",open,Kolar,Kolar Suburban PS,"Near Sama Chowk, Kolar",13.119,78.1528,Insp. Rehaan Sodhi,2025,1,7
KAR/SHI/2024/2373,2025-03-20,11:18:00,assault,"Reported incident of assault at Near Mallick Zila, Shivamogga.",chargesheeted,Shivamogga,Shivamogga Market PS,"Near Mallick Zila, Shivamogga",13.9491,75.6317,Insp. Isaiah Sama,2025,3,11
KAR/BAL/2024/2374,2025-04-13,14:32:00,assault,"Reported incident of assault at Near Khare Street, Ballari.",under_investigation,Ballari,Ballari Market PS,"Near Khare Street, Ballari",15.1838,76.8428,Insp. Yauvani De,2025,4,14
KAR/BEN/2024/2375,2024-10-15,06:29:00,vehicle_theft,"Reported incident of vehicle theft at Near Chokshi Path, Bengaluru Urban. Suspect vehicle noticed with plate KA-20-KA-4913.",open,Bengaluru Urban,Bengaluru Urban South PS,"Near Chokshi Path, Bengaluru Urban",13.0315,77.5517,Insp. Vinaya Char,2024,10,6
KAR/BEN/2024/2376,2024-11-23,16:10:00,cybercrime,"Reported incident of cybercrime at Near Ganesh Chowk, Bengaluru Rural.",open,Bengaluru Rural,Bengaluru Rural East PS,"Near Ganesh Chowk, Bengaluru Rural",13.2771,77.5713,Insp. Anya Iyer,2024,11,16
KAR/VIJ/2024/2377,2024-07-09,22:48:00,fraud,"Reported incident of fraud at Near Karnik Zila, Vijayapura.",open,Vijayapura,Vijayapura Town PS,"Near Karnik Zila, Vijayapura",16.7688,75.7846,Insp. Harsh Babu,2024,7,22
KAR/VIJ/2024/2378,2024-11-30,08:35:00,fraud,"Reported incident of fraud at Near Mahajan Street, Vijayapura.",open,Vijayapura,Vijayapura Suburban PS,"Near Mahajan Street, Vijayapura",16.8232,75.6994,Insp. Jackson Sem,2024,11,8
KAR/BEN/2024/2379,2024-06-14,13:05:00,cybercrime,"Reported incident of cybercrime at Near Sami Path, Bengaluru Urban.",under_investigation,Bengaluru Urban,Bengaluru Urban Traffic PS,"Near Sami Path, Bengaluru Urban",13.0134,77.5886,Insp. Krish Kumer,2024,6,13
KAR/KAL/2024/2380,2024-11-22,11:17:00,vehicle_theft,"Reported incident of vehicle theft at Near Kala Zila, Kalaburagi. Suspect vehicle noticed with plate KA-43-B-5545.",under_investigation,Kalaburagi,Kalaburagi Suburban PS,"Near Kala Zila, Kalaburagi",17.2251,76.925,Insp. Janaki Balasubramanian,2024,11,11
KAR/BEN/2024/2381,2024-10-24,12:47:00,domestic_violence,"Reported incident of domestic violence at Near Nadig Path, Bengaluru Urban.",open,Bengaluru Urban,Bengaluru Urban North PS,"Near Nadig Path, Bengaluru Urban",12.9826,77.5582,Insp. Vidhi Thaker,2024,10,12
KAR/KOP/2024/2382,2024-04-15,08:39:00,chain_snatching,"Reported incident of chain snatching at Near Mani Ganj, Koppal. Suspect vehicle noticed with plate KA-20-N-6827.",under_investigation,Koppal,Koppal Suburban PS,"Near Mani Ganj, Koppal",15.3224,76.0714,Insp. Lajita Badal,2024,4,8
KAR/MYS/2024/2383,2025-05-22,06:12:00,drug_offence,"Reported incident of drug offence at Near Rege Ganj, Mysuru.",under_investigation,Mysuru,Mysuru Traffic PS,"Near Rege Ganj, Mysuru",12.3357,76.5488,Insp. Advay Sarna,2025,5,6
KAR/HUB/2024/2384,2025-01-23,18:12:00,vehicle_theft,"Reported incident of vehicle theft at Near Bhatti Street, Hubballi-Dharwad. Suspect vehicle noticed with plate KA-36-KA-5734.",chargesheeted,Hubballi-Dharwad,Hubballi-Dharwad Market PS,"Near Bhatti Street, Hubballi-Dharwad",15.3526,75.0801,Insp. Chaaya Lata,2025,1,18
KAR/BEN/2024/2385,2025-01-09,04:03:00,fraud,"Reported incident of fraud at Near Deshpande Road, Bengaluru Urban.",open,Bengaluru Urban,Bengaluru Urban South PS,"Near Deshpande Road, Bengaluru Urban",13.0176,77.5639,Insp. Garima Sibal,2025,1,4
KAR/BAL/2024/2386,2024-07-13,06:55:00,eve_teasing,"Reported incident of eve teasing at Near Kala, Ballari.",chargesheeted,Ballari,Ballari Suburban PS,"Near Kala, Ballari",15.1968,76.8254,Insp. Akshay Grewal,2024,7,6
KAR/UDU/2024/2387,2025-03-26,13:38:00,cybercrime,"Reported incident of cybercrime at Near Vasa Ganj, Udupi.",open,Udupi,Udupi Rural PS,"Near Vasa Ganj, Udupi",13.3893,74.6613,Insp. Zaitra Wadhwa,2025,3,13
KAR/CHI/2024/2388,2025-02-20,22:27:00,robbery,"Reported incident of robbery at Near Viswanathan Street, Chikkamagaluru. Suspect vehicle noticed with plate KA-23-KA-2562.",chargesheeted,Chikkamagaluru,Chikkamagaluru Industrial PS,"Near Viswanathan Street, Chikkamagaluru",13.3556,75.7557,Insp. Anita Nath,2025,2,22
KAR/BEN/2024/2389,2025-01-17,02:13:00,assault,"Reported incident of assault at Near Verma Circle, Bengaluru Urban.",open,Bengaluru Urban,Bengaluru Urban South PS,"Near Verma Circle, Bengaluru Urban",13.0236,77.5641,Insp. Ishwar Narang,2025,1,2
KAR/BEN/2024/2390,2024-09-30,23:57:00,vehicle_theft,"Reported incident of vehicle theft at Near Subramanian Chowk, Bengaluru Urban. Suspect vehicle noticed with plate KA-31-A-4035.",open,Bengaluru Urban,Bengaluru Urban Traffic PS,"Near Subramanian Chowk, Bengaluru Urban",12.9985,77.589,Insp. Vivaan Subramaniam,2024,9,23
KAR/BID/2024/2391,2024-09-20,02:51:00,assault,"Reported incident of assault at Near Prasad Street, Bidar.",open,Bidar,Bidar Suburban PS,"Near Prasad Street, Bidar",17.9435,77.4241,Insp. Qadim Lal,2024,9,2
KAR/SHI/2024/2392,2025-02-13,03:19:00,chain_snatching,"Reported incident of chain snatching at Near Sengupta Ganj, Shivamogga. Suspect vehicle noticed with plate KA-11-N-8623.",open,Shivamogga,Shivamogga Industrial PS,"Near Sengupta Ganj, Shivamogga",13.8881,75.5453,Insp. David Raman,2025,2,3
KAR/BEN/2024/2393,2024-10-27,04:02:00,vehicle_theft,"Reported incident of vehicle theft at Near Kibe Zila, Bengaluru Urban. Suspect vehicle noticed with plate KA-04-KA-3230.",chargesheeted,Bengaluru Urban,Bengaluru Urban Central PS,"Near Kibe Zila, Bengaluru Urban",12.9893,77.6405,Insp. Yamini Goswami,2024,10,4
KAR/BEN/2024/2394,2025-04-21,20:36:00,burglary,"Reported incident of burglary at Near Gandhi Circle, Bengaluru Urban.",under_investigation,Bengaluru Urban,Bengaluru Urban Central PS,"Near Gandhi Circle, Bengaluru Urban",13.0104,77.6128,Insp. Onveer Palla,2025,4,20
KAR/MAN/2024/2395,2024-11-03,06:16:00,chain_snatching,"Reported incident of chain snatching at Near Kara Road, Mangaluru (Dakshina Kannada). Suspect vehicle noticed with plate KA-12-P-4675.",open,Mangaluru (Dakshina Kannada),Mangaluru (Dakshina Kannada) Town PS,"Near Kara Road, Mangaluru (Dakshina Kannada)",12.8524,74.8727,Insp. Kashish Agarwal,2024,11,6
KAR/KOL/2024/2396,2025-02-13,05:45:00,cybercrime,"Reported incident of cybercrime at Near Sekhon Ganj, Kolar.",open,Kolar,Kolar Suburban PS,"Near Sekhon Ganj, Kolar",13.0926,78.1029,Insp. Qushi Chaudhari,2025,2,5
KAR/BEN/2024/2397,2025-03-11,16:05:00,drug_offence,"Reported incident of drug offence at Near Chander Street, Bengaluru Urban.",chargesheeted,Bengaluru Urban,Bengaluru Urban Traffic PS,"Near Chander Street, Bengaluru Urban",13.0174,77.5615,Insp. Isha Banik,2025,3,16
KAR/RAI/2024/2398,2025-03-23,07:47:00,murder,"Reported incident of murder at Near Chaudhary Chowk, Raichur.",under_investigation,Raichur,Raichur Rural PS,"Near Chaudhary Chowk, Raichur",16.2193,77.3546,Insp. Zayyan Dasgupta,2025,3,7
KAR/KAL/2024/2399,2024-08-03,15:49:00,hit_and_run,"Reported incident of hit and run at Near Jayaraman Circle, Kalaburagi.",open,Kalaburagi,Kalaburagi Town PS,"Near Jayaraman Circle, Kalaburagi",17.3708,76.7556,Insp. Chatresh Setty,2024,8,15
KAR/BEN/2024/2400,2024-03-26,19:16:00,robbery,"Reported incident of robbery at Near Chaudry Street, Bengaluru Urban. Suspect vehicle noticed with plate KA-07-A-9573.",under_investigation,Bengaluru Urban,Bengaluru Urban East PS,"Near Chaudry Street, Bengaluru Urban",13.0141,77.531,Insp. Dayita Sethi,2024,3,19
KAR/BEN/2024/2401,2025-02-22,06:47:00,vehicle_theft,"Reported incident of vehicle theft at Near Tak Chowk, Bengaluru Urban. Suspect vehicle noticed with plate KA-28-N-6440.",open,Bengaluru Urban,Bengaluru Urban West PS,"Near Tak Chowk, Bengaluru Urban",12.8803,77.5704,Insp. Kalpit Gole,2025,2,6
KAR/BEN/2024/2402,2024-02-18,06:36:00,cybercrime,"Reported incident of cybercrime at Near Ramesh Road, Bengaluru Urban.",chargesheeted,Bengaluru Urban,Bengaluru Urban North PS,"Near Ramesh Road, Bengaluru Urban",13.0272,77.5551,Insp. Riya Devan,2024,2,6
KAR/BAL/2024/2403,2024-03-01,07:22:00,assault,"Reported incident of assault at Near Bandi Street, Ballari.",open,Ballari,Ballari Industrial PS,"Near Bandi Street, Ballari",15.0803,76.9023,Insp. Eta D’Alia,2024,3,7
KAR/RAI/2024/2404,2024-09-20,01:17:00,cybercrime,"Reported incident of cybercrime at Near Pathak Street, Raichur.",open,Raichur,Raichur Industrial PS,"Near Pathak Street, Raichur",16.1729,77.423,Insp. Ekantika Pradhan,2024,9,1
KAR/BEN/2024/2405,2024-03-13,22:24:00,vehicle_theft,"Reported incident of vehicle theft at Near More Chowk, Bengaluru Urban. Suspect vehicle noticed with plate KA-09-A-8221.",under_investigation,Bengaluru Urban,Bengaluru Urban Traffic PS,"Near More Chowk, Bengaluru Urban",12.9746,77.591,Insp. Hemal Amble,2024,3,22
KAR/BEL/2024/2406,2025-03-07,02:40:00,assault,"Reported incident of assault at Near Banik Ganj, Belagavi.",under_investigation,Belagavi,Belagavi Market PS,"Near Banik Ganj, Belagavi",15.8858,74.4302,Insp. Januja Char,2025,3,2
KAR/BEN/2024/2407,2025-05-15,16:18:00,murder,"Reported incident of murder at Near Sengupta Road, Bengaluru Urban.",open,Bengaluru Urban,Bengaluru Urban North PS,"Near Sengupta Road, Bengaluru Urban",12.9894,77.6129,Insp. Shravya Mannan,2025,5,16
KAR/RAI/2024/2408,2024-01-21,17:34:00,fraud,"Reported incident of fraud at Near Mannan Circle, Raichur.",open,Raichur,Raichur Traffic PS,"Near Mannan Circle, Raichur",16.2208,77.3228,Insp. Harish Morar,2024,1,17
KAR/BEN/2024/2409,2024-02-11,11:39:00,fraud,"Reported incident of fraud at Near Dhar Ganj, Bengaluru Urban.",open,Bengaluru Urban,Bengaluru Urban South PS,"Near Dhar Ganj, Bengaluru Urban",13.0204,77.5717,Insp. Anya Nanda,2024,2,11
KAR/VIJ/2024/2410,2024-11-08,06:30:00,chain_snatching,"Reported incident of chain snatching at Near Kala Ganj, Vijayapura. Suspect vehicle noticed with plate KA-30-KB-3762.",under_investigation,Vijayapura,Vijayapura Industrial PS,"Near Kala Ganj, Vijayapura",16.8231,75.6582,Insp. Chandresh Kuruvilla,2024,11,6
KAR/BEN/2024/2411,2024-09-26,21:51:00,fraud,"Reported incident of fraud at Near Hans Road, Bengaluru Urban.",under_investigation,Bengaluru Urban,Bengaluru Urban West PS,"Near Hans Road, Bengaluru Urban",12.8918,77.5432,Insp. Theodore Kalita,2024,9,21
KAR/TUM/2024/2412,2024-10-16,02:32:00,chain_snatching,"Reported incident of chain snatching at Near Vohra Street, Tumakuru. Suspect vehicle noticed with plate KA-38-M-3600.",open,Tumakuru,Tumakuru Town PS,"Near Vohra Street, Tumakuru",13.3661,77.0393,Insp. Jagat Subramaniam,2024,10,2
KAR/BEN/2024/2413,2025-01-26,06:10:00,cybercrime,"Reported incident of cybercrime at Near Swaminathan Nagar, Bengaluru Rural.",open,Bengaluru Rural,Bengaluru Rural South PS,"Near Swaminathan Nagar, Bengaluru Rural",13.1756,77.6114,Insp. Pallavi Chander,2025,1,6
KAR/KOL/2024/2414,2024-10-20,18:51:00,vehicle_theft,"Reported incident of vehicle theft at Near Datta Marg, Kolar. Suspect vehicle noticed with plate KA-12-N-5059.",under_investigation,Kolar,Kolar Rural PS,"Near Datta Marg, Kolar",13.201,78.173,Insp. Yasti Kota,2024,10,18
KAR/BEN/2024/2415,2024-12-09,13:38:00,assault,"Reported incident of assault at Near Maharaj Street, Bengaluru Urban.",under_investigation,Bengaluru Urban,Bengaluru Urban West PS,"Near Maharaj Street, Bengaluru Urban",12.877,77.5495,Insp. Vansha Ganesh,2024,12,13
KAR/UDU/2024/2416,2024-03-30,03:43:00,fraud,"Reported incident of fraud at Near Barman Path, Udupi.",closed,Udupi,Udupi Market PS,"Near Barman Path, Udupi",13.3275,74.6779,Insp. Wakeeta Goswami,2024,3,3
KAR/TUM/2024/2417,2024-11-18,16:27:00,vehicle_theft,"Reported incident of vehicle theft at Near Lalla Ganj, Tumakuru. Suspect vehicle noticed with plate KA-39-B-8969.",open,Tumakuru,Tumakuru Traffic PS,"Near Lalla Ganj, Tumakuru",13.2741,77.1078,Insp. Sanya Sastry,2024,11,16
KAR/KOL/2024/2418,2024-11-20,04:05:00,robbery,"Reported incident of robbery at Near Parmar Road, Kolar. Suspect vehicle noticed with plate KA-24-A-3379.",open,Kolar,Kolar Suburban PS,"Near Parmar Road, Kolar",13.067,78.1283,Insp. Tanveer Narain,2024,11,4
KAR/VIJ/2024/2419,2024-09-23,04:13:00,hit_and_run,"Reported incident of hit and run at Near Dubey Circle, Vijayapura.",chargesheeted,Vijayapura,Vijayapura Town PS,"Near Dubey Circle, Vijayapura",16.766,75.7406,Insp. Umang Sethi,2024,9,4
KAR/BEN/2024/2420,2025-04-20,08:17:00,assault,"Reported incident of assault at Near Sandhu Zila, Bengaluru Urban.",under_investigation,Bengaluru Urban,Bengaluru Urban West PS,"Near Sandhu Zila, Bengaluru Urban",12.9137,77.5477,Insp. Krishna Radhakrishnan,2025,4,8
KAR/BEN/2024/2421,2024-07-15,13:20:00,domestic_violence,"Reported incident of domestic violence at Near Kulkarni Path, Bengaluru Urban.",open,Bengaluru Urban,Bengaluru Urban Traffic PS,"Near Kulkarni Path, Bengaluru Urban",12.9922,77.5543,Insp. Osha Varghese,2024,7,13
KAR/BEN/2024/2422,2024-12-16,18:20:00,fraud,"Reported incident of fraud at Near Banik Path, Bengaluru Rural.",open,Bengaluru Rural,Bengaluru Rural South PS,"Near Banik Path, Bengaluru Rural",13.1649,77.6046,Insp. Meera Krish,2024,12,18
KAR/MAN/2024/2423,2025-01-08,00:48:00,vehicle_theft,"Reported incident of vehicle theft at Near Dugar Zila, Mangaluru (Dakshina Kannada). Suspect vehicle noticed with plate KA-09-KA-7171.",open,Mangaluru (Dakshina Kannada),Mangaluru (Dakshina Kannada) Suburban PS,"Near Dugar Zila, Mangaluru (Dakshina Kannada)",13.0048,74.8747,Insp. Lajita Kurian,2025,1,0
KAR/BEN/2024/2424,2024-07-15,09:17:00,fraud,"Reported incident of fraud at Near Kakar Ganj, Bengaluru Rural.",chargesheeted,Bengaluru Rural,Bengaluru Rural South PS,"Near Kakar Ganj, Bengaluru Rural",13.2127,77.6284,Insp. Aayush Brar,2024,7,9
KAR/BID/2024/2425,2025-05-30,09:24:00,vehicle_theft,"Reported incident of vehicle theft at Near Kalita Path, Bidar. Suspect vehicle noticed with plate KA-35-KA-8305.",chargesheeted,Bidar,Bidar Market PS,"Near Kalita Path, Bidar",17.8979,77.4994,Insp. Timothy Kota,2025,5,9
KAR/KOL/2024/2426,2024-10-19,19:15:00,vehicle_theft,"Reported incident of vehicle theft at Near Mahal Marg, Kolar. Suspect vehicle noticed with plate KA-49-KB-4489.",open,Kolar,Kolar Rural PS,"Near Mahal Marg, Kolar",13.2137,78.1781,Insp. Lopa Kannan,2024,10,19
KAR/BAL/2024/2427,2024-08-08,16:04:00,assault,"Reported incident of assault at Near Balasubramanian Zila, Ballari.",open,Ballari,Ballari Market PS,"Near Balasubramanian Zila, Ballari",15.1723,76.8484,Insp. Hredhaan Prabhu,2024,8,16
KAR/MAN/2024/2428,2024-07-08,11:48:00,assault,"Reported incident of assault at Near Bedi Circle, Mandya.",closed,Mandya,Mandya Traffic PS,"Near Bedi Circle, Mandya",12.5566,76.8836,Insp. Harish Agate,2024,7,11
KAR/BEN/2024/2429,2025-04-22,23:17:00,property_crime,"Reported incident of property crime at Near Majumdar Marg, Bengaluru Urban.",open,Bengaluru Urban,Bengaluru Urban South PS,"Near Majumdar Marg, Bengaluru Urban",12.9933,77.5473,Insp. Dipta Yohannan,2025,4,23
KAR/BEN/2024/2430,2024-10-04,05:08:00,vehicle_theft,"Reported incident of vehicle theft at Near Dara Street, Bengaluru Urban. Suspect vehicle noticed with plate KA-23-N-5523.",under_investigation,Bengaluru Urban,Bengaluru Urban Traffic PS,"Near Dara Street, Bengaluru Urban",13.0123,77.5746,Insp. Advay Mangal,2024,10,5
KAR/BEN/2024/2431,2024-07-29,12:35:00,hit_and_run,"Reported incident of hit and run at Near Lanka Chowk, Bengaluru Urban.",chargesheeted,Bengaluru Urban,Bengaluru Urban East PS,"Near Lanka Chowk, Bengaluru Urban",13.0088,77.5337,Insp. Siya Bir,2024,7,12
KAR/HAS/2024/2432,2024-03-21,12:44:00,drug_offence,"Reported incident of drug offence at Near Bakshi Path, Hassan.",open,Hassan,Hassan Traffic PS,"Near Bakshi Path, Hassan",12.9046,76.039,Insp. Samar Sathe,2024,3,12
KAR/BEN/2024/2433,2025-01-02,01:13:00,robbery,"Reported incident of robbery at Near Dugar Chowk, Bengaluru Urban. Suspect vehicle noticed with plate KA-43-M-2934.",chargesheeted,Bengaluru Urban,Bengaluru Urban East PS,"Near Dugar Chowk, Bengaluru Urban",13.0136,77.5257,Insp. Devansh Krishnan,2025,1,1
KAR/BAL/2024/2434,2025-04-22,18:02:00,senior_citizen_crime,"Reported incident of senior citizen crime at Near Bhatia Marg, Ballari.",open,Ballari,Ballari Market PS,"Near Bhatia Marg, Ballari",15.2014,76.8718,Insp. Chasmum Venkatesh,2025,4,18
KAR/BEN/2024/2435,2024-10-26,13:13:00,vehicle_theft,"Reported incident of vehicle theft at Near Saran Ganj, Bengaluru Urban. Suspect vehicle noticed with plate KA-28-B-1434.",chargesheeted,Bengaluru Urban,Bengaluru Urban West PS,"Near Saran Ganj, Bengaluru Urban",12.8899,77.5875,Insp. Siddharth Sathe,2024,10,13
KAR/MYS/2024/2436,2024-01-17,03:11:00,fraud,"Reported incident of fraud at Near Ghose Chowk, Mysuru.",under_investigation,Mysuru,Mysuru Central PS,"Near Ghose Chowk, Mysuru",12.2814,76.6119,Insp. Nandini Varma,2024,1,3
KAR/BEN/2024/2437,2024-08-30,01:34:00,hit_and_run,"Reported incident of hit and run at Near Dada Path, Bengaluru Urban.",chargesheeted,Bengaluru Urban,Bengaluru Urban West PS,"Near Dada Path, Bengaluru Urban",12.8691,77.5858,Insp. Chatresh Tailor,2024,8,1
KAR/SHI/2024/2438,2025-02-02,05:59:00,kidnapping,"Reported incident of kidnapping at Near Sood Marg, Shivamogga.",under_investigation,Shivamogga,Shivamogga Rural PS,"Near Sood Marg, Shivamogga",13.9667,75.5124,Insp. Azad Narang,2025,2,5
KAR/RAI/2024/2439,2024-11-02,11:28:00,fraud,"Reported incident of fraud at Near Mishra Street, Raichur.",open,Raichur,Raichur Town PS,"Near Mishra Street, Raichur",16.2129,77.3779,Insp. Jonathan Kaur,2024,11,11
KAR/DAV/2024/2440,2025-02-01,18:31:00,murder,"Reported incident of murder at Near Wali Ganj, Davangere.",under_investigation,Davangere,Davangere Traffic PS,"Near Wali Ganj, Davangere",14.5066,75.9024,Insp. Meghana Goswami,2025,2,18
KAR/TUM/2024/2441,2024-02-06,15:38:00,assault,"Reported incident of assault at Near Kapoor Ganj, Tumakuru.",under_investigation,Tumakuru,Tumakuru Suburban PS,"Near Kapoor Ganj, Tumakuru",13.3535,77.1378,Insp. Fiyaz Anne,2024,2,15
KAR/BEN/2024/2442,2025-03-06,03:09:00,murder,"Reported incident of murder at Near Rajagopalan, Bengaluru Urban.",under_investigation,Bengaluru Urban,Bengaluru Urban West PS,"Near Rajagopalan, Bengaluru Urban",12.9204,77.5705,Insp. Aarav Prabhakar,2025,3,3
KAR/BEN/2024/2443,2025-05-17,20:30:00,vehicle_theft,"Reported incident of vehicle theft at Near Kumer Ganj, Bengaluru Urban. Suspect vehicle noticed with plate KA-12-M-3356.",open,Bengaluru Urban,Bengaluru Urban North PS,"Near Kumer Ganj, Bengaluru Urban",13.0292,77.5866,Insp. Oscar Chaudhari,2025,5,20
KAR/BEN/2024/2444,2024-06-06,17:15:00,senior_citizen_crime,"Reported incident of senior citizen crime at Near Palla Circle, Bengaluru Urban.",under_investigation,Bengaluru Urban,Bengaluru Urban Traffic PS,"Near Palla Circle, Bengaluru Urban",12.9964,77.5437,Insp. Michael Dhawan,2024,6,17
KAR/BEN/2024/2445,2024-10-15,15:36:00,eve_teasing,"Reported incident of eve teasing at Near Lal, Bengaluru Urban.",under_investigation,Bengaluru Urban,Bengaluru Urban East PS,"Near Lal, Bengaluru Urban",12.9836,77.5734,Insp. Benjamin Lalla,2024,10,15
KAR/SHI/2024/2446,2024-11-07,06:18:00,fraud,"Reported incident of fraud at Near Rau Zila, Shivamogga.",open,Shivamogga,Shivamogga Town PS,"Near Rau Zila, Shivamogga",13.9381,75.5264,Insp. Saanvi Kakar,2024,11,6
KAR/MYS/2024/2447,2024-04-29,13:55:00,robbery,"Reported incident of robbery at Near Mutti Zila, Mysuru. Suspect vehicle noticed with plate KA-48-N-5601.",under_investigation,Mysuru,Mysuru South PS,"Near Mutti Zila, Mysuru",12.3308,76.5874,Insp. Widisha Kashyap,2024,4,13
KAR/BEN/2024/2448,2024-02-11,08:11:00,murder,"Reported incident of murder at Near Gokhale Marg, Bengaluru Urban.",open,Bengaluru Urban,Bengaluru Urban North PS,"Near Gokhale Marg, Bengaluru Urban",13.017,77.5604,Insp. Triveni Mukherjee,2024,2,8
KAR/BEN/2024/2449,2024-11-05,01:33:00,chain_snatching,"Reported incident of chain snatching at Near Manda Zila, Bengaluru Urban. Suspect vehicle noticed with plate KA-20-P-8072.",open,Bengaluru Urban,Bengaluru Urban Traffic PS,"Near Manda Zila, Bengaluru Urban",13.0035,77.5643,Insp. Vanya Upadhyay,2024,11,1
KAR/HAS/2024/2450,2024-03-10,17:22:00,drug_offence,"Reported incident of drug offence at Near Parmer Nagar, Hassan.",open,Hassan,Hassan Suburban PS,"Near Parmer Nagar, Hassan",12.9943,76.1938,Insp. Omya Sachdeva,2024,3,17
KAR/DAV/2024/2451,2024-03-24,05:48:00,fraud,"Reported incident of fraud at Near Chakrabarti Marg, Davangere.",open,Davangere,Davangere Town PS,"Near Chakrabarti Marg, Davangere",14.5087,75.9639,Insp. Yashoda Ratta,2024,3,5
KAR/BEN/2024/2452,2025-04-18,18:18:00,eve_teasing,"Reported incident of eve teasing at Near Shukla Nagar, Bengaluru Urban.",open,Bengaluru Urban,Bengaluru Urban North PS,"Near Shukla Nagar, Bengaluru Urban",13.0062,77.6054,Insp. Aadhya Narang,2025,4,18
KAR/BID/2024/2453,2024-03-02,12:28:00,domestic_violence,"Reported incident of domestic violence at Near Mallick, Bidar.",open,Bidar,Bidar Market PS,"Near Mallick, Bidar",17.912,77.5079,Insp. Faqid Savant,2024,3,12
KAR/UDU/2024/2454,2025-03-07,10:13:00,fraud,"Reported incident of fraud at Near Bal Zila, Udupi.",chargesheeted,Udupi,Udupi Town PS,"Near Bal Zila, Udupi",13.3329,74.7827,Insp. Bhavini Mody,2025,3,10
KAR/HUB/2024/2455,2024-12-23,10:38:00,vehicle_theft,"Reported incident of vehicle theft at Near Sankaran Chowk, Hubballi-Dharwad. Suspect vehicle noticed with plate KA-10-P-4932.",under_investigation,Hubballi-Dharwad,Hubballi-Dharwad Town PS,"Near Sankaran Chowk, Hubballi-Dharwad",15.307,75.2261,Insp. Vedika Varkey,2024,12,10
KAR/SHI/2024/2456,2025-02-21,08:58:00,assault,"Reported incident of assault at Near Deol Chowk, Shivamogga.",under_investigation,Shivamogga,Shivamogga Rural PS,"Near Deol Chowk, Shivamogga",14.0002,75.5177,Insp. Arya Mahajan,2025,2,8
KAR/VIJ/2024/2457,2024-06-03,02:32:00,chain_snatching,"Reported incident of chain snatching at Near Patil Marg, Vijayapura. Suspect vehicle noticed with plate KA-35-KB-3724.",open,Vijayapura,Vijayapura Suburban PS,"Near Patil Marg, Vijayapura",16.8198,75.6757,Insp. Bhavini Dhaliwal,2024,6,2
KAR/HAS/2024/2458,2025-01-24,11:42:00,assault,"Reported incident of assault at Near Anand Road, Hassan.",open,Hassan,Hassan Suburban PS,"Near Anand Road, Hassan",12.9806,76.1626,Insp. Nitara Kar,2025,1,11
KAR/BAL/2024/2459,2024-10-17,22:24:00,chain_snatching,"Reported incident of chain snatching at Near Pau Road, Ballari. Suspect vehicle noticed with plate KA-46-N-3587.",under_investigation,Ballari,Ballari Rural PS,"Near Pau Road, Ballari",15.1009,76.8963,Insp. Farhan Chada,2024,10,22
KAR/MAN/2024/2460,2024-09-08,05:00:00,robbery,"Reported incident of robbery at Near Arya Nagar, Mangaluru (Dakshina Kannada). Suspect vehicle noticed with plate KA-28-P-7986.",open,Mangaluru (Dakshina Kannada),Mangaluru (Dakshina Kannada) Market PS,"Near Arya Nagar, Mangaluru (Dakshina Kannada)",12.8649,74.8371,Insp. Isaiah Jayaraman,2024,9,5
KAR/VIJ/2024/2461,2024-11-08,18:56:00,chain_snatching,"Reported incident of chain snatching at Near Chahal Ganj, Vijayapura. Suspect vehicle noticed with plate KA-42-KB-6176.",under_investigation,Vijayapura,Vijayapura Industrial PS,"Near Chahal Ganj, Vijayapura",16.82,75.611,Insp. Eshana Suresh,2024,11,18
KAR/BEN/2024/2462,2024-12-04,09:40:00,chain_snatching,"Reported incident of chain snatching at Near Korpal Marg, Bengaluru Urban. Suspect vehicle noticed with plate KA-12-N-2875.",open,Bengaluru Urban,Bengaluru Urban West PS,"Near Korpal Marg, Bengaluru Urban",12.8669,77.581,Insp. Shivansh Deol,2024,12,9
KAR/KAL/2024/2463,2024-09-20,03:57:00,cybercrime,"Reported incident of cybercrime at Near Kashyap Ganj, Kalaburagi.",under_investigation,Kalaburagi,Kalaburagi Market PS,"Near Kashyap Ganj, Kalaburagi",17.365,76.7811,Insp. Ekansh Mandal,2024,9,3
KAR/KOP/2024/2464,2024-05-17,02:01:00,drug_offence,"Reported incident of drug offence at Near Krishna Circle, Koppal.",chargesheeted,Koppal,Koppal Suburban PS,"Near Krishna Circle, Koppal",15.3194,76.0615,Insp. Vasudha Ben,2024,5,2
KAR/DAV/2024/2465,2024-06-15,16:09:00,drug_offence,"Reported incident of drug offence at Near Sharma Marg, Davangere.",under_investigation,Davangere,Davangere Rural PS,"Near Sharma Marg, Davangere",14.5511,75.9067,Insp. Jai Sane,2024,6,16
KAR/BEN/2024/2466,2024-04-03,12:04:00,domestic_violence,"Reported incident of domestic violence at Near Baral Chowk, Bengaluru Urban.",open,Bengaluru Urban,Bengaluru Urban South PS,"Near Baral Chowk, Bengaluru Urban",12.98,77.5947,Insp. Harini Chakraborty,2024,4,12
KAR/TUM/2024/2467,2025-04-28,10:22:00,fraud,"Reported incident of fraud at Near Jain Street, Tumakuru.",under_investigation,Tumakuru,Tumakuru Traffic PS,"Near Jain Street, Tumakuru",13.2791,77.1006,Insp. Yauvani Borra,2025,4,10
KAR/TUM/2024/2468,2024-02-10,17:34:00,fraud,"Reported incident of fraud at Near Subramaniam Nagar, Tumakuru.",under_investigation,Tumakuru,Tumakuru Rural PS,"Near Subramaniam Nagar, Tumakuru",13.2899,77.1607,Insp. Brinda Divan,2024,2,17
KAR/RAI/2024/2469,2024-10-02,13:25:00,vehicle_theft,"Reported incident of vehicle theft at Near Dora Chowk, Raichur. Suspect vehicle noticed with plate KA-09-B-7053.",under_investigation,Raichur,Raichur Town PS,"Near Dora Chowk, Raichur",16.1841,77.3531,Insp. Reva Krishnan,2024,10,13
KAR/MAN/2024/2470,2024-04-27,16:30:00,assault,"Reported incident of assault at Near Mander Street, Mandya.",closed,Mandya,Mandya Industrial PS,"Near Mander Street, Mandya",12.4826,76.9766,Insp. Rachana Gera,2024,4,16
KAR/BEL/2024/2471,2024-07-06,02:34:00,assault,"Reported incident of assault at Near Mukhopadhyay Zila, Belagavi.",under_investigation,Belagavi,Belagavi Suburban PS,"Near Mukhopadhyay Zila, Belagavi",15.8707,74.4483,Insp. Ayaan Mandal,2024,7,2
KAR/BEN/2024/2472,2024-01-24,07:16:00,robbery,"Reported incident of robbery at Near Agate Nagar, Bengaluru Urban. Suspect vehicle noticed with plate KA-19-A-2719.",open,Bengaluru Urban,Bengaluru Urban West PS,"Near Agate Nagar, Bengaluru Urban",12.8729,77.5853,Insp. Siya Madan,2024,1,7
KAR/BEN/2024/2473,2024-03-21,14:50:00,fraud,"Reported incident of fraud at Near Shere, Bengaluru Urban.",open,Bengaluru Urban,Bengaluru Urban South PS,"Near Shere, Bengaluru Urban",13.0274,77.5594,Insp. Yuvraj Lata,2024,3,14
KAR/BEN/2024/2474,2024-11-10,20:28:00,burglary,"Reported incident of burglary at Near Chandran Zila, Bengaluru Urban.",open,Bengaluru Urban,Bengaluru Urban East PS,"Near Chandran Zila, Bengaluru Urban",12.9863,77.5285,Insp. Karan Pandit,2024,11,20
KAR/MAN/2024/2475,2024-10-17,14:15:00,cybercrime,"Reported incident of cybercrime at Near Shukla Chowk, Mandya.",open,Mandya,Mandya Industrial PS,"Near Shukla Chowk, Mandya",12.5066,76.9341,Insp. Amruta Palla,2024,10,14
KAR/MYS/2024/2476,2024-07-28,08:34:00,vehicle_theft,"Reported incident of vehicle theft at Near Ahuja Nagar, Mysuru. Suspect vehicle noticed with plate KA-24-P-3857.",open,Mysuru,Mysuru Traffic PS,"Near Ahuja Nagar, Mysuru",12.3557,76.5788,Insp. Falak Madan,2024,7,8
KAR/BEN/2024/2477,2024-03-02,03:50:00,drug_offence,"Reported incident of drug offence at Near Mitra Circle, Bengaluru Urban.",open,Bengaluru Urban,Bengaluru Urban Central PS,"Near Mitra Circle, Bengaluru Urban",13.0072,77.6579,Insp. Amaira Halder,2024,3,3
KAR/BEN/2024/2478,2024-01-14,21:04:00,cybercrime,"Reported incident of cybercrime at Near Pall Marg, Bengaluru Urban.",open,Bengaluru Urban,Bengaluru Urban Central PS,"Near Pall Marg, Bengaluru Urban",12.9974,77.6225,Insp. Nakul Bhatnagar,2024,1,21
KAR/BEN/2024/2479,2024-01-17,08:24:00,kidnapping,"Reported incident of kidnapping at Near Taneja Path, Bengaluru Urban.",open,Bengaluru Urban,Bengaluru Urban Central PS,"Near Taneja Path, Bengaluru Urban",13.0037,77.6594,Insp. Naveen Cheema,2024,1,8
KAR/BEN/2024/2480,2024-11-02,13:43:00,burglary,"Reported incident of burglary at Near Oza Nagar, Bengaluru Urban.",under_investigation,Bengaluru Urban,Bengaluru Urban East PS,"Near Oza Nagar, Bengaluru Urban",13.0291,77.5286,Insp. Ranveer Dewan,2024,11,13
KAR/BEN/2024/2481,2024-08-27,11:26:00,fraud,"Reported incident of fraud at Near Prakash, Bengaluru Urban.",chargesheeted,Bengaluru Urban,Bengaluru Urban East PS,"Near Prakash, Bengaluru Urban",13.0357,77.5417,Insp. Aishani Wagle,2024,8,11
KAR/BEN/2024/2482,2024-07-14,09:38:00,domestic_violence,"Reported incident of domestic violence at Near Bava Path, Bengaluru Urban.",open,Bengaluru Urban,Bengaluru Urban South PS,"Near Bava Path, Bengaluru Urban",12.9979,77.5731,Insp. Ria Keer,2024,7,9
KAR/HAS/2024/2483,2024-04-08,08:54:00,assault,"Reported incident of assault at Near Wable Zila, Hassan.",under_investigation,Hassan,Hassan Rural PS,"Near Wable Zila, Hassan",13.0652,76.0268,Insp. Gaurika Sarna,2024,4,8
KAR/SHI/2024/2484,2025-02-10,11:21:00,burglary,"Reported incident of burglary at Near Sachar, Shivamogga.",under_investigation,Shivamogga,Shivamogga Suburban PS,"Near Sachar, Shivamogga",13.9604,75.6565,Insp. Yasti Prakash,2025,2,11
KAR/BAL/2024/2485,2024-05-20,23:26:00,murder,"Reported incident of murder at Near Setty Road, Ballari.",open,Ballari,Ballari Town PS,"Near Setty Road, Ballari",15.1166,76.9675,Insp. Bahadurjit Swaminathan,2024,5,23
KAR/BEN/2024/2486,2024-08-19,23:21:00,vehicle_theft,"Reported incident of vehicle theft at Near Misra Ganj, Bengaluru Urban. Suspect vehicle noticed with plate KA-09-KA-4052.",under_investigation,Bengaluru Urban,Bengaluru Urban Central PS,"Near Misra Ganj, Bengaluru Urban",13.0145,77.6219,Insp. Onkar Virk,2024,8,23
KAR/KOL/2024/2487,2024-01-30,16:14:00,fraud,"Reported incident of fraud at Near Dasgupta Street, Kolar.",under_investigation,Kolar,Kolar Suburban PS,"Near Dasgupta Street, Kolar",13.0769,78.1353,Insp. Fiyaz Dey,2024,1,16
KAR/HUB/2024/2488,2024-11-22,01:22:00,vehicle_theft,"Reported incident of vehicle theft at Near Mohanty Road, Hubballi-Dharwad. Suspect vehicle noticed with plate KA-12-A-9593.",open,Hubballi-Dharwad,Hubballi-Dharwad Town PS,"Near Mohanty Road, Hubballi-Dharwad",15.316,75.2144,Insp. Nisha Rout,2024,11,1
KAR/BEN/2024/2489,2024-01-03,17:06:00,assault,"Reported incident of assault at Near Thakkar Zila, Bengaluru Urban.",open,Bengaluru Urban,Bengaluru Urban West PS,"Near Thakkar Zila, Bengaluru Urban",12.8856,77.5731,Insp. Akshay Nagarajan,2024,1,17
KAR/UDU/2024/2490,2024-10-25,00:20:00,eve_teasing,"Reported incident of eve teasing at Near Bhatt Circle, Udupi.",under_investigation,Udupi,Udupi Market PS,"Near Bhatt Circle, Udupi",13.3549,74.6626,Insp. Maanas Bains,2024,10,0
KAR/MAN/2024/2491,2025-05-24,18:16:00,vehicle_theft,"Reported incident of vehicle theft at Near Mangat Street, Mangaluru (Dakshina Kannada). Suspect vehicle noticed with plate KA-45-KB-5879.",open,Mangaluru (Dakshina Kannada),Mangaluru (Dakshina Kannada) Rural PS,"Near Mangat Street, Mangaluru (Dakshina Kannada)",12.8275,74.8995,Insp. Ansh Chandran,2025,5,18
KAR/KOL/2024/2492,2025-05-24,21:53:00,fraud,"Reported incident of fraud at Near Magar Marg, Kolar.",open,Kolar,Kolar Industrial PS,"Near Magar Marg, Kolar",13.2018,78.0726,Insp. Christopher Shenoy,2025,5,21
KAR/RAI/2024/2493,2024-04-15,01:08:00,hit_and_run,"Reported incident of hit and run at Near Sachar Chowk, Raichur.",open,Raichur,Raichur Traffic PS,"Near Sachar Chowk, Raichur",16.2423,77.3188,Insp. Vinaya Kaul,2024,4,1
KAR/RAI/2024/2494,2024-01-07,21:42:00,assault,"Reported incident of assault at Near Bhatt Street, Raichur.",open,Raichur,Raichur Rural PS,"Near Bhatt Street, Raichur",16.238,77.3349,Insp. Om Srinivasan,2024,1,21
KAR/VIJ/2024/2495,2024-05-22,11:44:00,robbery,"Reported incident of robbery at Near Pant Road, Vijayapura. Suspect vehicle noticed with plate KA-21-KB-3807.",chargesheeted,Vijayapura,Vijayapura Market PS,"Near Pant Road, Vijayapura",16.883,75.6829,Insp. Qasim Ranganathan,2024,5,11
KAR/VIJ/2024/2496,2024-10-21,04:54:00,vehicle_theft,"Reported incident of vehicle theft at Near Loyal Circle, Vijayapura. Suspect vehicle noticed with plate KA-08-KA-3943.",open,Vijayapura,Vijayapura Town PS,"Near Loyal Circle, Vijayapura",16.7528,75.7809,Insp. Daksh Mahajan,2024,10,4
KAR/BEL/2024/2497,2024-12-18,22:29:00,vehicle_theft,"Reported incident of vehicle theft at Near Oza Zila, Belagavi. Suspect vehicle noticed with plate KA-23-B-8959.",open,Belagavi,Belagavi Suburban PS,"Near Oza Zila, Belagavi",15.8475,74.4525,Insp. Manya Toor,2024,12,22
KAR/UDU/2024/2498,2024-05-23,05:31:00,robbery,"Reported incident of robbery at Near Salvi Zila, Udupi. Suspect vehicle noticed with plate KA-48-N-9363.",open,Udupi,Udupi Rural PS,"Near Salvi Zila, Udupi",13.3671,74.6839,Insp. Vrinda Mani,2024,5,5
KAR/BEN/2024/2499,2025-01-29,11:41:00,fraud,"Reported incident of fraud at Near Mand Circle, Bengaluru Urban.",open,Bengaluru Urban,Bengaluru Urban East PS,"Near Mand Circle, Bengaluru Urban",13.0298,77.5647,Insp. Eiravati Mohanty,2025,1,11
KAR/BEN/2024/2500,2024-07-23,23:46:00,cybercrime,"Reported incident of cybercrime at Near Randhawa Marg, Bengaluru Urban.",open,Bengaluru Urban,Bengaluru Urban Traffic PS,"Near Randhawa Marg, Bengaluru Urban",12.9997,77.5571,Insp. Lopa Chaudhary,2024,7,23
