CaseMasterID,CrimeNo,CaseNo,CrimeRegisteredDate,PolicePersonID,PoliceStationID,CaseCategoryID,GravityOffenceID,CrimeMajorHeadID,CrimeMinorHeadID,CaseStatusID,CourtID,IncidentFromDate,IncidentToDate,InfoReceivedPSDate,latitude,longitude,BriefFacts
1,101020024202600001,202600001,2024-08-07,1003,24,1,2,1,3,1,3,2024-08-07 18:55:00,2024-08-07 18:55:00,2024-08-07 18:55:00,13.3097,74.7319,"Reported incident of chain snatching at Near Chowdhury Street, Udupi. Suspect vehicle noticed with plate KA-17-M-1433."
2,104430024202600002,202600002,2024-02-26,1001,24,1,2,1,3,2,1,2024-02-26 07:06:00,2024-02-26 07:06:00,2024-02-26 07:06:00,13.0344,77.5669,"Reported incident of chain snatching at Near Zacharia Road, Bengaluru Urban. Suspect vehicle noticed with plate KA-10-M-8588."
3,101020024202600003,202600003,2025-02-27,1004,24,1,1,1,2,1,3,2025-02-27 04:43:00,2025-02-27 04:43:00,2025-02-27 04:43:00,13.931,75.6641,"Reported incident of robbery at Near Dash Path, Shivamogga. Suspect vehicle noticed with plate KA-24-P-7051."
4,101020024202600004,202600004,2024-08-28,1002,24,1,1,2,4,1,3,2024-08-28 08:00:00,2024-08-28 08:00:00,2024-08-28 08:00:00,12.5856,76.8152,"Reported incident of assault at Near Tiwari Nagar, Mandya."
5,104430024202600005,202600005,2025-01-07,1003,24,1,2,1,1,1,1,2025-01-07 10:24:00,2025-01-07 10:24:00,2025-01-07 10:24:00,13.3073,77.6245,"Reported incident of cybercrime at Near Sant Zila, Bengaluru Rural."
6,101020024202600006,202600006,2024-12-24,1002,24,1,2,1,1,1,3,2024-12-24 06:03:00,2024-12-24 06:03:00,2024-12-24 06:03:00,12.8928,74.8664,"Reported incident of vehicle theft at Near Ramaswamy Chowk, Mangaluru (Dakshina Kannada). Suspect vehicle noticed with plate KA-05-P-9869."
7,101020024202600007,202600007,2025-04-11,1001,24,1,2,1,1,1,3,2025-04-11 05:54:00,2025-04-11 05:54:00,2025-04-11 05:54:00,14.013,75.5885,"Reported incident of hit and run at Near Narang Marg, Shivamogga."
8,104430024202600008,202600008,2024-08-25,1001,24,1,2,1,1,2,1,2024-08-25 08:28:00,2024-08-25 08:28:00,2024-08-25 08:28:00,12.965,77.5836,"Reported incident of fraud at Near Nair Path, Bengaluru Urban."
9,104430024202600009,202600009,2024-10-17,1003,24,1,2,1,1,1,1,2024-10-17 17:13:00,2024-10-17 17:13:00,2024-10-17 17:13:00,13.0112,77.6344,"Reported incident of vehicle theft at Near Prasad Road, Bengaluru Urban. Suspect vehicle noticed with plate KA-07-KB-3147."
10,104430024202600010,202600010,2024-09-27,1003,24,1,2,1,1,1,1,2024-09-27 05:16:00,2024-09-27 05:16:00,2024-09-27 05:16:00,13.0194,77.5411,"Reported incident of vehicle theft at Near Chokshi Path, Bengaluru Urban. Suspect vehicle noticed with plate KA-14-KB-2149."
11,101020024202600011,202600011,2024-11-12,1004,24,1,2,1,3,1,3,2024-11-12 23:41:00,2024-11-12 23:41:00,2024-11-12 23:41:00,13.3873,77.0165,"Reported incident of chain snatching at Near Mall Chowk, Tumakuru. Suspect vehicle noticed with plate KA-36-A-5734."
12,104430024202600012,202600012,2024-06-27,1002,24,1,2,1,3,2,1,2024-06-27 09:29:00,2024-06-27 09:29:00,2024-06-27 09:29:00,12.9675,77.5996,"Reported incident of chain snatching at Near Kothari Marg, Bengaluru Urban. Suspect vehicle noticed with plate KA-49-KB-6921."
13,101020024202600013,202600013,2024-07-02,1002,24,1,2,1,1,1,3,2024-07-02 04:43:00,2024-07-02 04:43:00,2024-07-02 04:43:00,13.3103,77.0773,"Reported incident of fraud at Near Mishra Nagar, Tumakuru."
14,104430024202600014,202600014,2025-04-04,1004,24,1,2,1,1,1,1,2025-04-04 05:30:00,2025-04-04 05:30:00,2025-04-04 05:30:00,13.0142,77.5472,"Reported incident of vehicle theft at Near Edwin Zila, Bengaluru Urban. Suspect vehicle noticed with plate KA-33-B-9104."
15,104430024202600015,202600015,2025-04-15,1001,24,1,2,1,1,1,1,2025-04-15 22:10:00,2025-04-15 22:10:00,2025-04-15 22:10:00,12.998,77.634,"Reported incident of eve teasing at Near Biswas Ganj, Bengaluru Urban."
16,104430024202600016,202600016,2024-03-08,1002,24,1,2,1,1,1,1,2024-03-08 17:27:00,2024-03-08 17:27:00,2024-03-08 17:27:00,12.9075,77.5414,"Reported incident of drug offence at Near Kar, Bengaluru Urban."
17,101020024202600017,202600017,2024-08-10,1002,24,1,2,1,1,1,3,2024-08-10 16:37:00,2024-08-10 16:37:00,2024-08-10 16:37:00,13.3931,74.6558,"Reported incident of eve teasing at Near Bath Nagar, Udupi."
18,101020024202600018,202600018,2024-10-17,1004,24,1,2,1,1,2,3,2024-10-17 14:35:00,2024-10-17 14:35:00,2024-10-17 14:35:00,12.834,74.8312,"Reported incident of burglary at Near Ganesan Nagar, Mangaluru (Dakshina Kannada)."
19,101020024202600019,202600019,2025-01-29,1004,24,1,2,1,3,1,3,2025-01-29 17:40:00,2025-01-29 17:40:00,2025-01-29 17:40:00,15.7965,74.5442,"Reported incident of chain snatching at Near Kant Marg, Belagavi. Suspect vehicle noticed with plate KA-10-M-7769."
20,104430024202600020,202600020,2025-01-31,1001,24,1,2,1,1,1,1,2025-01-31 06:12:00,2025-01-31 06:12:00,2025-01-31 06:12:00,12.9761,77.5631,"Reported incident of vehicle theft at Near Dugar Circle, Bengaluru Urban. Suspect vehicle noticed with plate KA-17-KA-7627."
21,101020024202600021,202600021,2024-09-01,1002,24,1,2,1,1,1,3,2024-09-01 11:50:00,2024-09-01 11:50:00,2024-09-01 11:50:00,16.8483,75.6414,"Reported incident of hit and run at Near Memon Path, Vijayapura."
22,104430024202600022,202600022,2024-05-05,1001,24,1,2,1,1,2,1,2024-05-05 15:42:00,2024-05-05 15:42:00,2024-05-05 15:42:00,12.993,77.6154,"Reported incident of eve teasing at Near Majumdar Nagar, Bengaluru Urban."
23,101020024202600023,202600023,2024-09-03,1002,24,1,2,1,1,1,3,2024-09-03 20:11:00,2024-09-03 20:11:00,2024-09-03 20:11:00,13.1765,78.0418,"Reported incident of drug offence at Near Rama Path, Kolar."
24,101020024202600024,202600024,2024-11-14,1004,24,1,2,1,1,1,3,2024-11-14 01:25:00,2024-11-14 01:25:00,2024-11-14 01:25:00,12.5198,76.9189,"Reported incident of vehicle theft at Near Viswanathan Path, Mandya. Suspect vehicle noticed with plate KA-10-KB-9389."
25,104430024202600025,202600025,2024-10-11,1003,24,1,2,1,1,2,1,2024-10-11 21:44:00,2024-10-11 21:44:00,2024-10-11 21:44:00,12.9109,77.5424,"Reported incident of vehicle theft at Near Magar Path, Bengaluru Urban. Suspect vehicle noticed with plate KA-36-KA-2612."
26,104430024202600026,202600026,2024-12-18,1001,24,1,2,1,1,2,1,2024-12-18 00:40:00,2024-12-18 00:40:00,2024-12-18 00:40:00,13.1924,77.5837,"Reported incident of vehicle theft at Near Kala, Bengaluru Rural. Suspect vehicle noticed with plate KA-04-A-2738."
27,101020024202600027,202600027,2024-02-27,1002,24,1,2,1,1,1,3,2024-02-27 02:27:00,2024-02-27 02:27:00,2024-02-27 02:27:00,13.2874,77.0881,"Reported incident of kidnapping at Near Bhalla Zila, Tumakuru."
28,104430024202600028,202600028,2024-01-10,1004,24,1,2,1,3,2,1,2024-01-10 13:09:00,2024-01-10 13:09:00,2024-01-10 13:09:00,12.9725,77.5744,"Reported incident of chain snatching at Near Uppal Street, Bengaluru Urban. Suspect vehicle noticed with plate KA-46-KB-9515."
29,104430024202600029,202600029,2024-01-16,1002,24,1,2,1,1,1,1,2024-01-16 16:15:00,2024-01-16 16:15:00,2024-01-16 16:15:00,12.9689,77.6307,"Reported incident of cybercrime at Near Chatterjee Path, Bengaluru Urban."
30,104430024202600030,202600030,2024-10-30,1002,24,1,2,1,1,1,1,2024-10-30 16:23:00,2024-10-30 16:23:00,2024-10-30 16:23:00,12.9727,77.5941,"Reported incident of eve teasing at Near Iyer Circle, Bengaluru Urban."
31,101020024202600031,202600031,2024-05-09,1004,24,1,2,1,3,3,3,2024-05-09 16:31:00,2024-05-09 16:31:00,2024-05-09 16:31:00,13.3489,75.7754,"Reported incident of chain snatching at Near Jha Path, Chikkamagaluru. Suspect vehicle noticed with plate KA-46-A-1701."
32,101020024202600032,202600032,2024-03-03,1004,24,1,2,1,1,2,3,2024-03-03 22:17:00,2024-03-03 22:17:00,2024-03-03 22:17:00,16.2284,77.4003,"Reported incident of cybercrime at Near Bala Street, Raichur."
33,101020024202600033,202600033,2024-10-05,1004,24,1,1,2,4,1,3,2024-10-05 23:02:00,2024-10-05 23:02:00,2024-10-05 23:02:00,13.1104,78.1575,"Reported incident of assault at Near Nath Circle, Kolar."
34,101020024202600034,202600034,2025-02-19,1001,24,1,2,1,1,1,3,2025-02-19 13:30:00,2025-02-19 13:30:00,2025-02-19 13:30:00,12.8698,74.8541,"Reported incident of hit and run at Near Char, Mangaluru (Dakshina Kannada)."
35,101020024202600035,202600035,2024-10-26,1002,24,1,2,1,1,1,3,2024-10-26 20:58:00,2024-10-26 20:58:00,2024-10-26 20:58:00,14.0083,75.489,"Reported incident of kidnapping at Near Srinivas Chowk, Shivamogga."
36,101020024202600036,202600036,2024-06-14,1002,24,1,1,1,2,1,3,2024-06-14 22:03:00,2024-06-14 22:03:00,2024-06-14 22:03:00,12.3563,76.5949,"Reported incident of robbery at Near Bala Marg, Mysuru. Suspect vehicle noticed with plate KA-50-KB-8429."
37,101020024202600037,202600037,2024-07-14,1001,24,1,2,1,1,1,3,2024-07-14 13:27:00,2024-07-14 13:27:00,2024-07-14 13:27:00,15.0859,76.9214,"Reported incident of vehicle theft at Near Babu Ganj, Ballari. Suspect vehicle noticed with plate KA-22-KA-9944."
38,101020024202600038,202600038,2024-07-06,1002,24,1,2,1,1,2,3,2024-07-06 02:24:00,2024-07-06 02:24:00,2024-07-06 02:24:00,13.2139,78.1615,"Reported incident of drug offence at Near Dhingra Circle, Kolar."
39,104430024202600039,202600039,2024-02-04,1003,24,1,2,1,1,1,1,2024-02-04 07:24:00,2024-02-04 07:24:00,2024-02-04 07:24:00,12.9823,77.5776,"Reported incident of fraud at Near Saraf Street, Bengaluru Urban."
40,101020024202600040,202600040,2024-02-16,1001,24,1,1,2,4,1,3,2024-02-16 13:35:00,2024-02-16 13:35:00,2024-02-16 13:35:00,15.3008,75.0685,"Reported incident of assault at Near Wadhwa Zila, Hubballi-Dharwad."
41,104430024202600041,202600041,2024-07-29,1004,24,1,2,1,1,1,1,2024-07-29 08:12:00,2024-07-29 08:12:00,2024-07-29 08:12:00,13.0022,77.5978,"Reported incident of property crime at Near Chand, Bengaluru Urban."
42,101020024202600042,202600042,2025-04-27,1001,24,1,2,1,1,1,3,2025-04-27 14:24:00,2025-04-27 14:24:00,2025-04-27 14:24:00,15.3432,76.1767,"Reported incident of fraud at Near Tank Road, Koppal."
43,101020024202600043,202600043,2025-02-04,1002,24,1,2,1,1,1,3,2025-02-04 04:39:00,2025-02-04 04:39:00,2025-02-04 04:39:00,13.1298,78.1961,"Reported incident of vehicle theft at Near Narain Marg, Kolar. Suspect vehicle noticed with plate KA-20-P-7134."
44,101020024202600044,202600044,2024-02-11,1003,24,1,1,1,2,1,3,2024-02-11 17:58:00,2024-02-11 17:58:00,2024-02-11 17:58:00,13.9632,75.4878,"Reported incident of robbery at Near Krishnamurthy Street, Shivamogga. Suspect vehicle noticed with plate KA-07-KB-7317."
45,104430024202600045,202600045,2025-03-12,1004,24,1,2,1,1,1,1,2025-03-12 16:01:00,2025-03-12 16:01:00,2025-03-12 16:01:00,13.0024,77.5683,"Reported incident of vehicle theft at Near Bala Nagar, Bengaluru Urban. Suspect vehicle noticed with plate KA-18-A-6044."
46,101020024202600046,202600046,2025-02-09,1004,24,1,2,1,1,1,3,2025-02-09 16:31:00,2025-02-09 16:31:00,2025-02-09 16:31:00,16.235,77.4278,"Reported incident of cybercrime at Near Loke Street, Raichur."
47,104430024202600047,202600047,2025-04-12,1002,24,1,1,2,4,1,1,2025-04-12 06:02:00,2025-04-12 06:02:00,2025-04-12 06:02:00,13.005,77.5633,"Reported incident of assault at Near Vyas Nagar, Bengaluru Urban."
48,101020024202600048,202600048,2024-08-21,1001,24,1,1,2,4,3,3,2024-08-21 04:04:00,2024-08-21 04:04:00,2024-08-21 04:04:00,12.5732,76.8437,"Reported incident of assault at Near Acharya Nagar, Mandya."
49,101020024202600049,202600049,2024-10-24,1001,24,1,1,1,2,1,3,2024-10-24 12:49:00,2024-10-24 12:49:00,2024-10-24 12:49:00,16.7844,75.7057,"Reported incident of robbery at Near Mani Zila, Vijayapura. Suspect vehicle noticed with plate KA-07-A-9858."
50,104430024202600050,202600050,2025-03-16,1004,24,1,2,1,1,1,1,2025-03-16 13:22:00,2025-03-16 13:22:00,2025-03-16 13:22:00,12.9973,77.6025,"Reported incident of burglary at Near Randhawa, Bengaluru Urban."
51,101020024202600051,202600051,2024-09-27,1001,24,1,2,1,1,1,3,2024-09-27 21:17:00,2024-09-27 21:17:00,2024-09-27 21:17:00,15.3597,76.2322,"Reported incident of vehicle theft at Near Bhakta Chowk, Koppal. Suspect vehicle noticed with plate KA-09-KA-5134."
52,101020024202600052,202600052,2024-12-26,1002,24,1,2,1,1,2,3,2024-12-26 16:47:00,2024-12-26 16:47:00,2024-12-26 16:47:00,13.9865,75.5062,"Reported incident of fraud at Near Sastry Road, Shivamogga."
53,101020024202600053,202600053,2024-11-05,1002,24,1,2,1,1,2,3,2024-11-05 02:27:00,2024-11-05 02:27:00,2024-11-05 02:27:00,15.2805,75.2079,"Reported incident of vehicle theft at Near Bhalla Nagar, Hubballi-Dharwad. Suspect vehicle noticed with plate KA-02-KA-9786."
54,104430024202600054,202600054,2025-04-30,1002,24,1,1,2,4,3,1,2025-04-30 10:47:00,2025-04-30 10:47:00,2025-04-30 10:47:00,12.8721,77.5497,"Reported incident of assault at Near Doshi Nagar, Bengaluru Urban."
55,101020024202600055,202600055,2024-04-27,1004,24,1,2,1,1,1,3,2024-04-27 12:01:00,2024-04-27 12:01:00,2024-04-27 12:01:00,13.2937,75.7494,"Reported incident of burglary at Near Deep Marg, Chikkamagaluru."
56,101020024202600056,202600056,2024-02-13,1001,24,1,2,1,1,1,3,2024-02-13 08:24:00,2024-02-13 08:24:00,2024-02-13 08:24:00,16.1904,77.3345,"Reported incident of fraud at Near Sandhu Chowk, Raichur."
57,101020024202600057,202600057,2024-10-29,1003,24,1,2,1,1,1,3,2024-10-29 07:02:00,2024-10-29 07:02:00,2024-10-29 07:02:00,15.8988,74.4433,"Reported incident of vehicle theft at Near Shan Marg, Belagavi. Suspect vehicle noticed with plate KA-45-KA-7457."
58,101020024202600058,202600058,2024-05-17,1003,24,1,2,1,1,1,3,2024-05-17 01:36:00,2024-05-17 01:36:00,2024-05-17 01:36:00,14.5115,75.9304,"Reported incident of murder at Near Konda Ganj, Davangere."
59,104430024202600059,202600059,2025-01-29,1002,24,1,2,1,1,1,1,2025-01-29 16:41:00,2025-01-29 16:41:00,2025-01-29 16:41:00,12.9011,77.5917,"Reported incident of hit and run at Near Karan Marg, Bengaluru Urban."
60,104430024202600060,202600060,2024-04-25,1003,24,1,2,1,1,1,1,2024-04-25 03:01:00,2024-04-25 03:01:00,2024-04-25 03:01:00,12.9948,77.5636,"Reported incident of fraud at Near Narain Path, Bengaluru Urban."
61,101020024202600061,202600061,2024-09-07,1002,24,1,1,2,4,1,3,2024-09-07 01:42:00,2024-09-07 01:42:00,2024-09-07 01:42:00,13.2784,75.7561,"Reported incident of assault at Near Babu Street, Chikkamagaluru."
62,101020024202600062,202600062,2024-10-17,1002,24,1,2,1,3,3,3,2024-10-17 17:45:00,2024-10-17 17:45:00,2024-10-17 17:45:00,15.2867,75.1731,"Reported incident of chain snatching at Near Bera, Hubballi-Dharwad. Suspect vehicle noticed with plate KA-09-KB-5838."
63,101020024202600063,202600063,2024-06-29,1001,24,1,2,1,1,3,3,2024-06-29 14:54:00,2024-06-29 14:54:00,2024-06-29 14:54:00,13.2652,74.8043,"Reported incident of burglary at Near Goyal Path, Udupi."
64,101020024202600064,202600064,2024-06-22,1003,24,1,2,1,1,1,3,2024-06-22 07:52:00,2024-06-22 07:52:00,2024-06-22 07:52:00,17.2805,76.8925,"Reported incident of vehicle theft at Near Dalal Road, Kalaburagi. Suspect vehicle noticed with plate KA-02-M-6653."
65,101020024202600065,202600065,2025-01-28,1003,24,1,2,1,1,2,3,2025-01-28 06:35:00,2025-01-28 06:35:00,2025-01-28 06:35:00,15.3372,75.0872,"Reported incident of vehicle theft at Near Aurora Zila, Hubballi-Dharwad. Suspect vehicle noticed with plate KA-25-N-3003."
66,101020024202600066,202600066,2025-04-08,1003,24,1,2,1,1,1,3,2025-04-08 06:40:00,2025-04-08 06:40:00,2025-04-08 06:40:00,16.2255,77.3418,"Reported incident of eve teasing at Near Sampath Ganj, Raichur."
67,101020024202600067,202600067,2024-01-29,1001,24,1,2,1,1,1,3,2024-01-29 23:22:00,2024-01-29 23:22:00,2024-01-29 23:22:00,13.0816,78.0579,"Reported incident of property crime at Near Soman Zila, Kolar."
68,104430024202600068,202600068,2025-03-19,1004,24,1,1,2,4,1,1,2025-03-19 04:02:00,2025-03-19 04:02:00,2025-03-19 04:02:00,12.897,77.5539,"Reported incident of assault at Near Ramaswamy, Bengaluru Urban."
69,101020024202600069,202600069,2024-12-10,1002,24,1,2,1,1,2,3,2024-12-10 22:01:00,2024-12-10 22:01:00,2024-12-10 22:01:00,14.5453,75.9513,"Reported incident of vehicle theft at Near Parmar Path, Davangere. Suspect vehicle noticed with plate KA-34-N-9760."
70,101020024202600070,202600070,2024-10-19,1004,24,1,2,1,1,1,3,2024-10-19 03:23:00,2024-10-19 03:23:00,2024-10-19 03:23:00,13.1897,78.1751,"Reported incident of vehicle theft at Near Loke Ganj, Kolar. Suspect vehicle noticed with plate KA-01-M-7900."
71,101020024202600071,202600071,2024-01-03,1001,24,1,2,1,3,1,3,2024-01-03 01:39:00,2024-01-03 01:39:00,2024-01-03 01:39:00,15.8723,74.465,"Reported incident of chain snatching at Near Som Street, Belagavi. Suspect vehicle noticed with plate KA-15-M-3168."
72,104430024202600072,202600072,2024-10-30,1002,24,1,2,1,1,2,1,2024-10-30 20:24:00,2024-10-30 20:24:00,2024-10-30 20:24:00,12.9941,77.6117,"Reported incident of fraud at Near Guha Nagar, Bengaluru Urban."
73,104430024202600073,202600073,2025-02-20,1004,24,1,2,1,1,1,1,2025-02-20 16:03:00,2025-02-20 16:03:00,2025-02-20 16:03:00,12.9758,77.579,"Reported incident of burglary at Near Shukla Path, Bengaluru Urban."
74,101020024202600074,202600074,2024-04-11,1001,24,1,2,1,1,1,3,2024-04-11 06:11:00,2024-04-11 06:11:00,2024-04-11 06:11:00,13.0883,78.1367,"Reported incident of murder at Near Panchal Street, Kolar."
75,101020024202600075,202600075,2024-09-06,1001,24,1,2,1,1,1,3,2024-09-06 01:59:00,2024-09-06 01:59:00,2024-09-06 01:59:00,13.3437,77.0942,"Reported incident of cybercrime at Near Mall Chowk, Tumakuru."
76,104430024202600076,202600076,2024-12-06,1003,24,1,2,1,1,2,1,2024-12-06 04:52:00,2024-12-06 04:52:00,2024-12-06 04:52:00,13.0369,77.5987,"Reported incident of vehicle theft at Near Sur Nagar, Bengaluru Urban. Suspect vehicle noticed with plate KA-11-KA-2099."
77,101020024202600077,202600077,2024-08-18,1003,24,1,2,1,1,1,3,2024-08-18 02:33:00,2024-08-18 02:33:00,2024-08-18 02:33:00,13.3898,75.7542,"Reported incident of vehicle theft at Near Talwar Chowk, Chikkamagaluru. Suspect vehicle noticed with plate KA-26-KB-8314."
78,101020024202600078,202600078,2024-10-23,1003,24,1,2,1,1,2,3,2024-10-23 22:57:00,2024-10-23 22:57:00,2024-10-23 22:57:00,14.4806,75.8823,"Reported incident of fraud at Near Rege, Davangere."
79,101020024202600079,202600079,2024-03-07,1002,24,1,2,1,1,1,3,2024-03-07 16:59:00,2024-03-07 16:59:00,2024-03-07 16:59:00,17.2478,76.9088,"Reported incident of fraud at Near Sachar Circle, Kalaburagi."
80,101020024202600080,202600080,2024-04-24,1002,24,1,2,1,1,1,3,2024-04-24 22:53:00,2024-04-24 22:53:00,2024-04-24 22:53:00,12.271,76.6195,"Reported incident of hit and run at Near Baria Zila, Mysuru."
81,101020024202600081,202600081,2024-10-16,1003,24,1,2,1,1,2,3,2024-10-16 22:37:00,2024-10-16 22:37:00,2024-10-16 22:37:00,13.9017,75.4925,"Reported incident of burglary at Near Modi, Shivamogga."
82,101020024202600082,202600082,2024-11-23,1002,24,1,2,1,1,1,3,2024-11-23 21:51:00,2024-11-23 21:51:00,2024-11-23 21:51:00,12.9446,76.0739,"Reported incident of fraud at Near Contractor Path, Hassan."
83,101020024202600083,202600083,2025-03-10,1002,24,1,2,1,1,1,3,2025-03-10 20:48:00,2025-03-10 20:48:00,2025-03-10 20:48:00,13.3797,77.1052,"Reported incident of vehicle theft at Near Babu Nagar, Tumakuru. Suspect vehicle noticed with plate KA-07-P-1001."
84,101020024202600084,202600084,2024-09-02,1003,24,1,2,1,1,1,3,2024-09-02 17:41:00,2024-09-02 17:41:00,2024-09-02 17:41:00,13.9032,75.6413,"Reported incident of cybercrime at Near Chander Road, Shivamogga."
85,101020024202600085,202600085,2024-11-12,1002,24,1,2,1,1,1,3,2024-11-12 22:38:00,2024-11-12 22:38:00,2024-11-12 22:38:00,17.9219,77.5355,"Reported incident of vehicle theft at Near Prabhakar Zila, Bidar. Suspect vehicle noticed with plate KA-12-KB-4645."
86,101020024202600086,202600086,2024-05-03,1004,24,1,2,1,1,1,3,2024-05-03 11:16:00,2024-05-03 11:16:00,2024-05-03 11:16:00,13.9582,75.5971,"Reported incident of burglary at Near Sharma Chowk, Shivamogga."
87,101020024202600087,202600087,2024-11-17,1002,24,1,2,1,3,1,3,2024-11-17 06:32:00,2024-11-17 06:32:00,2024-11-17 06:32:00,15.3379,75.0967,"Reported incident of chain snatching at Near Kade Marg, Hubballi-Dharwad. Suspect vehicle noticed with plate KA-43-A-4145."
88,101020024202600088,202600088,2025-03-08,1004,24,1,2,1,1,1,3,2025-03-08 16:06:00,2025-03-08 16:06:00,2025-03-08 16:06:00,13.2635,75.8147,"Reported incident of vehicle theft at Near Lal Path, Chikkamagaluru. Suspect vehicle noticed with plate KA-36-A-8700."
89,104430024202600089,202600089,2024-11-27,1003,24,1,2,1,1,1,1,2024-11-27 22:27:00,2024-11-27 22:27:00,2024-11-27 22:27:00,12.9967,77.5865,"Reported incident of vehicle theft at Near Sankar Marg, Bengaluru Urban. Suspect vehicle noticed with plate KA-46-B-9613."
90,101020024202600090,202600090,2024-10-01,1003,24,1,2,1,1,1,3,2024-10-01 05:12:00,2024-10-01 05:12:00,2024-10-01 05:12:00,16.2372,77.3389,"Reported incident of cybercrime at Near Upadhyay, Raichur."
91,104430024202600091,202600091,2024-02-24,1003,24,1,1,2,4,2,1,2024-02-24 17:21:00,2024-02-24 17:21:00,2024-02-24 17:21:00,13.0287,77.5607,"Reported incident of assault at Near Bhatia, Bengaluru Urban."
92,101020024202600092,202600092,2024-11-06,1003,24,1,2,1,1,1,3,2024-11-06 23:31:00,2024-11-06 23:31:00,2024-11-06 23:31:00,12.3679,76.5986,"Reported incident of cybercrime at Near Hayer Street, Mysuru."
93,101020024202600093,202600093,2024-12-17,1004,24,1,1,1,2,1,3,2024-12-17 16:25:00,2024-12-17 16:25:00,2024-12-17 16:25:00,16.1612,77.4098,"Reported incident of robbery at Near Dutta Road, Raichur. Suspect vehicle noticed with plate KA-28-A-3170."
94,104430024202600094,202600094,2024-03-05,1003,24,1,2,1,1,1,1,2024-03-05 22:42:00,2024-03-05 22:42:00,2024-03-05 22:42:00,13.0218,77.5981,"Reported incident of senior citizen crime at Near Bath, Bengaluru Urban."
95,101020024202600095,202600095,2025-05-07,1004,24,1,2,1,1,3,3,2025-05-07 05:31:00,2025-05-07 05:31:00,2025-05-07 05:31:00,14.4554,75.8827,"Reported incident of fraud at Near Rout Ganj, Davangere."
96,101020024202600096,202600096,2024-12-15,1001,24,1,2,1,1,1,3,2024-12-15 02:44:00,2024-12-15 02:44:00,2024-12-15 02:44:00,12.9454,74.8855,"Reported incident of vehicle theft at Near Raghavan Road, Mangaluru (Dakshina Kannada). Suspect vehicle noticed with plate KA-15-KB-4603."
97,104430024202600097,202600097,2025-04-18,1002,24,1,2,1,1,2,1,2025-04-18 03:56:00,2025-04-18 03:56:00,2025-04-18 03:56:00,13.0015,77.6088,"Reported incident of vehicle theft at Near Wali Street, Bengaluru Urban. Suspect vehicle noticed with plate KA-23-A-2556."
98,104430024202600098,202600098,2025-04-13,1004,24,1,1,1,2,2,1,2025-04-13 00:59:00,2025-04-13 00:59:00,2025-04-13 00:59:00,13.0277,77.559,"Reported incident of robbery at Near Sabharwal Zila, Bengaluru Urban. Suspect vehicle noticed with plate KA-45-N-9426."
99,104430024202600099,202600099,2024-07-04,1003,24,1,2,1,1,2,1,2024-07-04 03:52:00,2024-07-04 03:52:00,2024-07-04 03:52:00,13.0091,77.585,"Reported incident of vehicle theft at Near Tandon Road, Bengaluru Urban. Suspect vehicle noticed with plate KA-29-A-1335."
100,101020024202600100,202600100,2024-11-18,1004,24,1,2,1,1,2,3,2024-11-18 13:24:00,2024-11-18 13:24:00,2024-11-18 13:24:00,15.786,74.5811,"Reported incident of vehicle theft at Near Kala Circle, Belagavi. Suspect vehicle noticed with plate KA-41-N-9547."
101,104430024202600101,202600101,2024-02-13,1002,24,1,2,1,1,3,1,2024-02-13 13:38:00,2024-02-13 13:38:00,2024-02-13 13:38:00,13.0023,77.5871,"Reported incident of vehicle theft at Near Ranganathan Path, Bengaluru Urban. Suspect vehicle noticed with plate KA-25-P-4566."
102,104430024202600102,202600102,2025-02-18,1003,24,1,2,1,1,1,1,2025-02-18 12:03:00,2025-02-18 12:03:00,2025-02-18 12:03:00,12.8943,77.5803,"Reported incident of burglary at Near Karpe Ganj, Bengaluru Urban."
103,101020024202600103,202600103,2024-04-22,1004,24,1,2,1,1,1,3,2024-04-22 10:08:00,2024-04-22 10:08:00,2024-04-22 10:08:00,15.2538,76.1233,"Reported incident of vehicle theft at Near Som Circle, Koppal. Suspect vehicle noticed with plate KA-43-N-6712."
104,104430024202600104,202600104,2024-02-07,1003,24,1,2,1,1,2,1,2024-02-07 22:06:00,2024-02-07 22:06:00,2024-02-07 22:06:00,12.9995,77.6127,"Reported incident of cybercrime at Near Rama Circle, Bengaluru Urban."
105,101020024202600105,202600105,2024-08-20,1002,24,1,2,1,1,1,3,2024-08-20 22:55:00,2024-08-20 22:55:00,2024-08-20 22:55:00,14.5187,75.8722,"Reported incident of fraud at Near Sarin Circle, Davangere."
106,101020024202600106,202600106,2025-05-07,1001,24,1,2,1,1,1,3,2025-05-07 12:37:00,2025-05-07 12:37:00,2025-05-07 12:37:00,13.9028,75.6472,"Reported incident of vehicle theft at Near Rao Path, Shivamogga. Suspect vehicle noticed with plate KA-04-KA-6773."
107,104430024202600107,202600107,2024-10-02,1004,24,1,1,1,2,1,1,2024-10-02 19:32:00,2024-10-02 19:32:00,2024-10-02 19:32:00,12.9713,77.6392,"Reported incident of robbery at Near Tella Nagar, Bengaluru Urban. Suspect vehicle noticed with plate KA-13-M-9347."
108,101020024202600108,202600108,2024-09-17,1001,24,1,2,1,1,1,3,2024-09-17 06:44:00,2024-09-17 06:44:00,2024-09-17 06:44:00,17.2499,76.8074,"Reported incident of vehicle theft at Near Sampath Path, Kalaburagi. Suspect vehicle noticed with plate KA-34-KB-9654."
109,101020024202600109,202600109,2025-03-26,1003,24,1,2,1,1,1,3,2025-03-26 04:19:00,2025-03-26 04:19:00,2025-03-26 04:19:00,14.5318,75.8995,"Reported incident of murder at Near Dada Ganj, Davangere."
110,101020024202600110,202600110,2024-08-01,1004,24,1,2,1,1,1,3,2024-08-01 13:57:00,2024-08-01 13:57:00,2024-08-01 13:57:00,17.8974,77.5569,"Reported incident of vehicle theft at Near Minhas Circle, Bidar. Suspect vehicle noticed with plate KA-03-A-8572."
111,101020024202600111,202600111,2024-12-07,1004,24,1,2,1,3,1,3,2024-12-07 11:28:00,2024-12-07 11:28:00,2024-12-07 11:28:00,13.9229,75.5605,"Reported incident of chain snatching at Near Chaudhary Zila, Shivamogga. Suspect vehicle noticed with plate KA-01-N-3320."
112,104430024202600112,202600112,2024-12-03,1004,24,1,2,1,1,1,1,2024-12-03 02:02:00,2024-12-03 02:02:00,2024-12-03 02:02:00,12.9998,77.6336,"Reported incident of drug offence at Near Sankar Circle, Bengaluru Urban."
113,104430024202600113,202600113,2025-03-13,1001,24,1,2,1,3,1,1,2025-03-13 18:28:00,2025-03-13 18:28:00,2025-03-13 18:28:00,13.0118,77.6539,"Reported incident of chain snatching at Near Saini Street, Bengaluru Urban. Suspect vehicle noticed with plate KA-18-KB-1163."
114,101020024202600114,202600114,2024-06-24,1004,24,1,2,1,1,1,3,2024-06-24 08:07:00,2024-06-24 08:07:00,2024-06-24 08:07:00,13.0905,76.2034,"Reported incident of cybercrime at Near Chander Chowk, Hassan."
115,101020024202600115,202600115,2024-01-07,1002,24,1,2,1,1,1,3,2024-01-07 15:55:00,2024-01-07 15:55:00,2024-01-07 15:55:00,13.2409,75.7426,"Reported incident of eve teasing at Near Krish Road, Chikkamagaluru."
116,104430024202600116,202600116,2025-02-04,1004,24,1,2,1,1,1,1,2025-02-04 07:24:00,2025-02-04 07:24:00,2025-02-04 07:24:00,13.0116,77.5881,"Reported incident of vehicle theft at Near Muni Circle, Bengaluru Urban. Suspect vehicle noticed with plate KA-42-P-2653."
117,101020024202600117,202600117,2025-02-25,1004,24,1,2,1,1,1,3,2025-02-25 16:19:00,2025-02-25 16:19:00,2025-02-25 16:19:00,16.1957,77.3753,"Reported incident of vehicle theft at Near Ravi Ganj, Raichur. Suspect vehicle noticed with plate KA-54-KB-3269."
118,101020024202600118,202600118,2024-05-19,1003,24,1,2,1,1,1,3,2024-05-19 21:24:00,2024-05-19 21:24:00,2024-05-19 21:24:00,15.8093,74.498,"Reported incident of burglary at Near Agate Circle, Belagavi."
119,101020024202600119,202600119,2025-01-24,1003,24,1,1,1,2,1,3,2025-01-24 16:52:00,2025-01-24 16:52:00,2025-01-24 16:52:00,17.4047,76.8882,"Reported incident of robbery at Near Ahuja Circle, Kalaburagi. Suspect vehicle noticed with plate KA-49-KA-7290."
120,101020024202600120,202600120,2024-12-20,1002,24,1,2,1,3,1,3,2024-12-20 08:31:00,2024-12-20 08:31:00,2024-12-20 08:31:00,13.071,76.0132,"Reported incident of chain snatching at Near Batta Path, Hassan. Suspect vehicle noticed with plate KA-55-N-3449."
121,101020024202600121,202600121,2024-12-20,1001,24,1,2,1,1,1,3,2024-12-20 07:17:00,2024-12-20 07:17:00,2024-12-20 07:17:00,15.8547,74.4567,"Reported incident of vehicle theft at Near Dubey Zila, Belagavi. Suspect vehicle noticed with plate KA-24-N-8637."
122,104430024202600122,202600122,2024-02-19,1001,24,1,2,1,1,1,1,2024-02-19 17:08:00,2024-02-19 17:08:00,2024-02-19 17:08:00,12.8755,77.5471,"Reported incident of drug offence at Near Sanghvi Road, Bengaluru Urban."
123,101020024202600123,202600123,2025-06-01,1003,24,1,2,1,1,2,3,2025-06-01 00:10:00,2025-06-01 00:10:00,2025-06-01 00:10:00,16.1859,77.4189,"Reported incident of vehicle theft at Near Balay Circle, Raichur. Suspect vehicle noticed with plate KA-21-M-8708."
124,101020024202600124,202600124,2024-05-02,1004,24,1,2,1,1,1,3,2024-05-02 19:03:00,2024-05-02 19:03:00,2024-05-02 19:03:00,13.2938,74.7484,"Reported incident of fraud at Near Srinivas Path, Udupi."
125,101020024202600125,202600125,2024-01-03,1003,24,1,2,1,1,1,3,2024-01-03 20:23:00,2024-01-03 20:23:00,2024-01-03 20:23:00,16.2369,77.2853,"Reported incident of hit and run at Near Khurana Nagar, Raichur."
126,101020024202600126,202600126,2024-09-10,1002,24,1,2,1,1,1,3,2024-09-10 00:26:00,2024-09-10 00:26:00,2024-09-10 00:26:00,17.9797,77.5073,"Reported incident of burglary at Near Behl, Bidar."
127,104430024202600127,202600127,2024-08-03,1004,24,1,2,1,1,1,1,2024-08-03 05:56:00,2024-08-03 05:56:00,2024-08-03 05:56:00,12.8982,77.592,"Reported incident of vehicle theft at Near Krishna Marg, Bengaluru Urban. Suspect vehicle noticed with plate KA-07-P-2346."
128,104430024202600128,202600128,2024-05-20,1004,24,1,2,1,1,1,1,2024-05-20 15:56:00,2024-05-20 15:56:00,2024-05-20 15:56:00,13.0023,77.5708,"Reported incident of kidnapping at Near Chakraborty Road, Bengaluru Urban."
129,101020024202600129,202600129,2024-04-07,1004,24,1,2,1,1,3,3,2024-04-07 07:25:00,2024-04-07 07:25:00,2024-04-07 07:25:00,12.8374,74.8597,"Reported incident of kidnapping at Near Saraf Path, Mangaluru (Dakshina Kannada)."
130,104430024202600130,202600130,2024-02-16,1003,24,1,2,1,3,2,1,2024-02-16 02:46:00,2024-02-16 02:46:00,2024-02-16 02:46:00,12.9183,77.5431,"Reported incident of chain snatching at Near Goel Circle, Bengaluru Urban. Suspect vehicle noticed with plate KA-24-KA-6979."
131,101020024202600131,202600131,2024-12-06,1002,24,1,2,1,1,1,3,2024-12-06 17:03:00,2024-12-06 17:03:00,2024-12-06 17:03:00,17.4221,76.867,"Reported incident of vehicle theft at Near Dua Zila, Kalaburagi. Suspect vehicle noticed with plate KA-33-KB-9017."
132,104430024202600132,202600132,2024-05-24,1004,24,1,2,1,3,2,1,2024-05-24 04:13:00,2024-05-24 04:13:00,2024-05-24 04:13:00,12.9847,77.5616,"Reported incident of chain snatching at Near Talwar Nagar, Bengaluru Urban. Suspect vehicle noticed with plate KA-15-KA-8547."
133,104430024202600133,202600133,2025-04-07,1001,24,1,2,1,1,1,1,2025-04-07 09:43:00,2025-04-07 09:43:00,2025-04-07 09:43:00,12.893,77.5774,"Reported incident of domestic violence at Near Rege Street, Bengaluru Urban."
134,101020024202600134,202600134,2025-03-22,1001,24,1,2,1,1,1,3,2025-03-22 13:17:00,2025-03-22 13:17:00,2025-03-22 13:17:00,13.3204,74.7538,"Reported incident of vehicle theft at Near Venkatesh, Udupi. Suspect vehicle noticed with plate KA-32-KA-6839."
135,101020024202600135,202600135,2024-03-04,1004,24,1,1,2,4,1,3,2024-03-04 19:52:00,2024-03-04 19:52:00,2024-03-04 19:52:00,13.3961,75.769,"Reported incident of assault at Near Grover Nagar, Chikkamagaluru."
136,104430024202600136,202600136,2025-05-09,1004,24,1,2,1,3,1,1,2025-05-09 13:03:00,2025-05-09 13:03:00,2025-05-09 13:03:00,12.9645,77.595,"Reported incident of chain snatching at Near Bains Marg, Bengaluru Urban. Suspect vehicle noticed with plate KA-35-P-4487."
137,101020024202600137,202600137,2024-05-19,1002,24,1,2,1,1,1,3,2024-05-19 15:51:00,2024-05-19 15:51:00,2024-05-19 15:51:00,16.2104,77.3912,"Reported incident of burglary at Near Goel Chowk, Raichur."
138,101020024202600138,202600138,2024-09-24,1002,24,1,2,1,1,1,3,2024-09-24 04:47:00,2024-09-24 04:47:00,2024-09-24 04:47:00,13.3676,74.6953,"Reported incident of domestic violence at Near Ganguly Road, Udupi."
139,101020024202600139,202600139,2024-06-22,1001,24,1,1,2,4,1,3,2024-06-22 19:31:00,2024-06-22 19:31:00,2024-06-22 19:31:00,15.0939,76.8759,"Reported incident of assault at Near Sahota Nagar, Ballari."
140,104430024202600140,202600140,2024-11-03,1003,24,1,2,1,1,1,1,2024-11-03 19:12:00,2024-11-03 19:12:00,2024-11-03 19:12:00,12.9677,77.6229,"Reported incident of vehicle theft at Near Mukhopadhyay Zila, Bengaluru Urban. Suspect vehicle noticed with plate KA-34-A-7379."
141,101020024202600141,202600141,2024-10-15,1002,24,1,2,1,1,1,3,2024-10-15 02:45:00,2024-10-15 02:45:00,2024-10-15 02:45:00,15.8482,74.4445,"Reported incident of vehicle theft at Near Chakrabarti Marg, Belagavi. Suspect vehicle noticed with plate KA-08-A-9757."
142,101020024202600142,202600142,2024-05-11,1002,24,1,2,1,1,1,3,2024-05-11 17:09:00,2024-05-11 17:09:00,2024-05-11 17:09:00,12.2714,76.6938,"Reported incident of fraud at Near Edwin Zila, Mysuru."
143,101020024202600143,202600143,2024-09-06,1004,24,1,2,1,1,1,3,2024-09-06 00:52:00,2024-09-06 00:52:00,2024-09-06 00:52:00,13.8932,75.5087,"Reported incident of fraud at Near Naik Road, Shivamogga."
144,104430024202600144,202600144,2024-11-04,1002,24,1,2,1,1,1,1,2024-11-04 08:23:00,2024-11-04 08:23:00,2024-11-04 08:23:00,13.0099,77.5624,"Reported incident of kidnapping at Near Om, Bengaluru Urban."
145,104430024202600145,202600145,2025-04-07,1002,24,1,2,1,1,2,1,2025-04-07 12:48:00,2025-04-07 12:48:00,2025-04-07 12:48:00,13.2024,77.6126,"Reported incident of hit and run at Near Babu Marg, Bengaluru Rural."
146,101020024202600146,202600146,2024-08-26,1003,24,1,2,1,3,1,3,2024-08-26 09:30:00,2024-08-26 09:30:00,2024-08-26 09:30:00,13.209,78.0297,"Reported incident of chain snatching at Near Kuruvilla Path, Kolar. Suspect vehicle noticed with plate KA-37-KA-9327."
147,101020024202600147,202600147,2024-11-28,1001,24,1,2,1,1,2,3,2024-11-28 19:03:00,2024-11-28 19:03:00,2024-11-28 19:03:00,12.9649,74.8515,"Reported incident of vehicle theft at Near Nazareth Street, Mangaluru (Dakshina Kannada). Suspect vehicle noticed with plate KA-23-KA-5656."
148,104430024202600148,202600148,2024-08-15,1002,24,1,2,1,1,1,1,2024-08-15 19:06:00,2024-08-15 19:06:00,2024-08-15 19:06:00,12.9589,77.5965,"Reported incident of cybercrime at Near Lal Path, Bengaluru Urban."
149,101020024202600149,202600149,2025-03-29,1003,24,1,1,2,4,2,3,2025-03-29 10:41:00,2025-03-29 10:41:00,2025-03-29 10:41:00,15.2997,76.0729,"Reported incident of assault at Near Shroff Street, Koppal."
150,101020024202600150,202600150,2024-12-03,1002,24,1,2,1,1,1,3,2024-12-03 20:08:00,2024-12-03 20:08:00,2024-12-03 20:08:00,14.4775,75.9424,"Reported incident of vehicle theft at Near Kunda Nagar, Davangere. Suspect vehicle noticed with plate KA-08-A-6865."
151,104430024202600151,202600151,2024-12-07,1002,24,1,2,1,3,1,1,2024-12-07 05:38:00,2024-12-07 05:38:00,2024-12-07 05:38:00,13.0337,77.5397,"Reported incident of chain snatching at Near Toor Circle, Bengaluru Urban. Suspect vehicle noticed with plate KA-51-KB-5652."
152,101020024202600152,202600152,2025-04-11,1002,24,1,2,1,1,1,3,2025-04-11 12:23:00,2025-04-11 12:23:00,2025-04-11 12:23:00,15.0718,76.973,"Reported incident of fraud at Near Bhattacharyya Nagar, Ballari."
153,101020024202600153,202600153,2024-06-20,1002,24,1,2,1,1,1,3,2024-06-20 18:45:00,2024-06-20 18:45:00,2024-06-20 18:45:00,12.9384,74.8622,"Reported incident of vehicle theft at Near Palla Road, Mangaluru (Dakshina Kannada). Suspect vehicle noticed with plate KA-22-M-1675."
154,101020024202600154,202600154,2024-09-10,1002,24,1,2,1,1,1,3,2024-09-10 13:14:00,2024-09-10 13:14:00,2024-09-10 13:14:00,15.3941,76.08,"Reported incident of hit and run at Near Swaminathan Road, Koppal."
155,101020024202600155,202600155,2024-01-05,1002,24,1,2,1,1,2,3,2024-01-05 17:58:00,2024-01-05 17:58:00,2024-01-05 17:58:00,13.0,74.8404,"Reported incident of vehicle theft at Near Chatterjee Road, Mangaluru (Dakshina Kannada). Suspect vehicle noticed with plate KA-38-P-3543."
156,101020024202600156,202600156,2024-12-22,1001,24,1,2,1,1,1,3,2024-12-22 12:48:00,2024-12-22 12:48:00,2024-12-22 12:48:00,17.3748,76.8688,"Reported incident of vehicle theft at Near Sehgal Street, Kalaburagi. Suspect vehicle noticed with plate KA-16-N-2382."
157,101020024202600157,202600157,2024-07-26,1002,24,1,2,1,1,2,3,2024-07-26 06:32:00,2024-07-26 06:32:00,2024-07-26 06:32:00,12.6131,76.8471,"Reported incident of eve teasing at Near Sathe Zila, Mandya."
158,104430024202600158,202600158,2024-05-31,1003,24,1,2,1,1,1,1,2024-05-31 12:32:00,2024-05-31 12:32:00,2024-05-31 12:32:00,13.0092,77.5967,"Reported incident of senior citizen crime at Near Doctor Circle, Bengaluru Urban."
159,101020024202600159,202600159,2024-05-25,1004,24,1,2,1,1,1,3,2024-05-25 22:25:00,2024-05-25 22:25:00,2024-05-25 22:25:00,17.9156,77.5212,"Reported incident of fraud at Near Ghose Zila, Bidar."
160,104430024202600160,202600160,2024-09-18,1002,24,1,2,1,1,1,1,2024-09-18 02:38:00,2024-09-18 02:38:00,2024-09-18 02:38:00,13.0146,77.5364,"Reported incident of eve teasing at Near Thaker Ganj, Bengaluru Urban."
161,101020024202600161,202600161,2024-10-21,1003,24,1,2,1,1,1,3,2024-10-21 09:06:00,2024-10-21 09:06:00,2024-10-21 09:06:00,13.4216,77.0791,"Reported incident of fraud at Near Amble Nagar, Tumakuru."
162,104430024202600162,202600162,2024-03-16,1001,24,1,2,1,1,1,1,2024-03-16 13:04:00,2024-03-16 13:04:00,2024-03-16 13:04:00,12.9801,77.6631,"Reported incident of eve teasing at Near Kaur, Bengaluru Urban."
163,101020024202600163,202600163,2024-11-02,1002,24,1,2,1,1,3,3,2024-11-02 22:32:00,2024-11-02 22:32:00,2024-11-02 22:32:00,13.3679,77.0965,"Reported incident of burglary at Near Mohanty Circle, Tumakuru."
164,101020024202600164,202600164,2024-05-16,1003,24,1,2,1,1,1,3,2024-05-16 13:32:00,2024-05-16 13:32:00,2024-05-16 13:32:00,13.2896,75.7584,"Reported incident of fraud at Near Hayre Circle, Chikkamagaluru."
165,104430024202600165,202600165,2025-04-19,1004,24,1,2,1,1,1,1,2025-04-19 23:11:00,2025-04-19 23:11:00,2025-04-19 23:11:00,12.9853,77.5727,"Reported incident of hit and run at Near Thakur Ganj, Bengaluru Urban."
166,101020024202600166,202600166,2024-03-14,1004,24,1,2,1,1,1,3,2024-03-14 04:39:00,2024-03-14 04:39:00,2024-03-14 04:39:00,13.1193,78.1324,"Reported incident of burglary at Near Dugal, Kolar."
167,104430024202600167,202600167,2024-07-05,1002,24,1,2,1,1,1,1,2024-07-05 14:41:00,2024-07-05 14:41:00,2024-07-05 14:41:00,12.9949,77.6098,"Reported incident of senior citizen crime at Near Sule Path, Bengaluru Urban."
168,101020024202600168,202600168,2025-01-29,1004,24,1,1,2,4,1,3,2025-01-29 05:17:00,2025-01-29 05:17:00,2025-01-29 05:17:00,15.3383,75.0821,"Reported incident of assault at Near Talwar Path, Hubballi-Dharwad."
169,104430024202600169,202600169,2024-08-21,1003,24,1,2,1,1,1,1,2024-08-21 02:36:00,2024-08-21 02:36:00,2024-08-21 02:36:00,12.9847,77.5977,"Reported incident of cybercrime at Near Kant Ganj, Bengaluru Urban."
170,101020024202600170,202600170,2024-04-17,1001,24,1,2,1,1,1,3,2024-04-17 10:04:00,2024-04-17 10:04:00,2024-04-17 10:04:00,15.7976,74.5374,"Reported incident of burglary at Near Dey Nagar, Belagavi."
171,101020024202600171,202600171,2024-06-10,1002,24,1,2,1,1,1,3,2024-06-10 09:13:00,2024-06-10 09:13:00,2024-06-10 09:13:00,15.1884,76.8571,"Reported incident of drug offence at Near Mane Path, Ballari."
172,101020024202600172,202600172,2024-08-19,1002,24,1,2,1,1,2,3,2024-08-19 06:06:00,2024-08-19 06:06:00,2024-08-19 06:06:00,12.5456,76.8936,"Reported incident of fraud at Near Menon Street, Mandya."
173,101020024202600173,202600173,2024-07-14,1001,24,1,1,1,2,1,3,2024-07-14 10:59:00,2024-07-14 10:59:00,2024-07-14 10:59:00,13.8606,75.5487,"Reported incident of robbery at Near Gole Circle, Shivamogga. Suspect vehicle noticed with plate KA-14-KA-3405."
174,104430024202600174,202600174,2024-08-19,1004,24,1,2,1,1,1,1,2024-08-19 02:27:00,2024-08-19 02:27:00,2024-08-19 02:27:00,12.9817,77.5318,"Reported incident of fraud at Near Gandhi Marg, Bengaluru Urban."
175,104430024202600175,202600175,2025-04-12,1002,24,1,2,1,1,1,1,2025-04-12 11:17:00,2025-04-12 11:17:00,2025-04-12 11:17:00,12.9839,77.5673,"Reported incident of fraud at Near Wagle Road, Bengaluru Urban."
176,101020024202600176,202600176,2025-03-03,1004,24,1,2,1,1,1,3,2025-03-03 09:34:00,2025-03-03 09:34:00,2025-03-03 09:34:00,13.0033,76.132,"Reported incident of burglary at Near Yohannan Chowk, Hassan."
177,104430024202600177,202600177,2024-11-03,1003,24,1,2,1,1,1,1,2024-11-03 00:32:00,2024-11-03 00:32:00,2024-11-03 00:32:00,12.988,77.6394,"Reported incident of burglary at Near Viswanathan Street, Bengaluru Urban."
178,101020024202600178,202600178,2024-11-26,1002,24,1,2,1,3,1,3,2024-11-26 01:03:00,2024-11-26 01:03:00,2024-11-26 01:03:00,13.1823,78.1359,"Reported incident of chain snatching at Near Deo Path, Kolar. Suspect vehicle noticed with plate KA-14-KB-1892."
179,104430024202600179,202600179,2024-10-18,1004,24,1,1,1,2,1,1,2024-10-18 20:55:00,2024-10-18 20:55:00,2024-10-18 20:55:00,13.0242,77.5564,"Reported incident of robbery at Near Dada Nagar, Bengaluru Urban. Suspect vehicle noticed with plate KA-10-N-4037."
180,101020024202600180,202600180,2024-10-06,1004,24,1,2,1,1,1,3,2024-10-06 10:46:00,2024-10-06 10:46:00,2024-10-06 10:46:00,13.1942,78.1017,"Reported incident of vehicle theft at Near Contractor Nagar, Kolar. Suspect vehicle noticed with plate KA-48-KA-3318."
181,101020024202600181,202600181,2024-12-04,1001,24,1,2,1,1,1,3,2024-12-04 11:39:00,2024-12-04 11:39:00,2024-12-04 11:39:00,17.3881,76.9102,"Reported incident of vehicle theft at Near Raju Chowk, Kalaburagi. Suspect vehicle noticed with plate KA-20-N-2771."
182,101020024202600182,202600182,2024-01-04,1002,24,1,2,1,1,1,3,2024-01-04 16:29:00,2024-01-04 16:29:00,2024-01-04 16:29:00,12.9283,74.8383,"Reported incident of fraud at Near Srinivasan Path, Mangaluru (Dakshina Kannada)."
183,101020024202600183,202600183,2024-02-29,1003,24,1,2,1,1,1,3,2024-02-29 15:09:00,2024-02-29 15:09:00,2024-02-29 15:09:00,15.8123,74.5327,"Reported incident of senior citizen crime at Near Srivastava Chowk, Belagavi."
184,101020024202600184,202600184,2024-08-12,1003,24,1,2,1,1,1,3,2024-08-12 01:23:00,2024-08-12 01:23:00,2024-08-12 01:23:00,13.8806,75.514,"Reported incident of burglary at Near Mangal, Shivamogga."
185,104430024202600185,202600185,2024-12-07,1001,24,1,2,1,1,1,1,2024-12-07 01:52:00,2024-12-07 01:52:00,2024-12-07 01:52:00,12.9976,77.5228,"Reported incident of fraud at Near Bhalla Ganj, Bengaluru Urban."
186,101020024202600186,202600186,2024-06-25,1004,24,1,2,1,1,1,3,2024-06-25 20:45:00,2024-06-25 20:45:00,2024-06-25 20:45:00,15.3624,76.2099,"Reported incident of vehicle theft at Near Ratta, Koppal. Suspect vehicle noticed with plate KA-43-P-6576."
187,104430024202600187,202600187,2024-07-03,1001,24,1,2,1,1,3,1,2024-07-03 12:51:00,2024-07-03 12:51:00,2024-07-03 12:51:00,12.9818,77.5991,"Reported incident of fraud at Near Bora Ganj, Bengaluru Urban."
188,101020024202600188,202600188,2024-01-19,1004,24,1,1,2,4,1,3,2024-01-19 21:32:00,2024-01-19 21:32:00,2024-01-19 21:32:00,13.0551,76.0321,"Reported incident of assault at Near Manne Chowk, Hassan."
189,104430024202600189,202600189,2024-02-02,1001,24,1,1,1,2,1,1,2024-02-02 02:46:00,2024-02-02 02:46:00,2024-02-02 02:46:00,12.9111,77.5882,"Reported incident of robbery at Near Lata Chowk, Bengaluru Urban. Suspect vehicle noticed with plate KA-32-M-5901."
190,101020024202600190,202600190,2024-04-08,1004,24,1,1,1,2,3,3,2024-04-08 12:18:00,2024-04-08 12:18:00,2024-04-08 12:18:00,12.4892,76.9896,"Reported incident of robbery at Near Wason Zila, Mandya. Suspect vehicle noticed with plate KA-43-A-1213."
191,104430024202600191,202600191,2025-05-26,1001,24,1,2,1,1,1,1,2025-05-26 17:03:00,2025-05-26 17:03:00,2025-05-26 17:03:00,12.966,77.6274,"Reported incident of kidnapping at Near Bhandari Nagar, Bengaluru Urban."
192,101020024202600192,202600192,2024-08-16,1002,24,1,1,1,2,1,3,2024-08-16 05:50:00,2024-08-16 05:50:00,2024-08-16 05:50:00,17.3915,76.7767,"Reported incident of robbery at Near Amble Circle, Kalaburagi. Suspect vehicle noticed with plate KA-44-A-5830."
193,101020024202600193,202600193,2024-07-11,1004,24,1,2,1,1,1,3,2024-07-11 13:53:00,2024-07-11 13:53:00,2024-07-11 13:53:00,14.5041,75.8544,"Reported incident of burglary at Near Wadhwa, Davangere."
194,101020024202600194,202600194,2024-11-11,1001,24,1,2,1,1,1,3,2024-11-11 14:54:00,2024-11-11 14:54:00,2024-11-11 14:54:00,13.2762,74.7325,"Reported incident of kidnapping at Near Hegde Nagar, Udupi."
195,101020024202600195,202600195,2025-01-01,1001,24,1,2,1,1,1,3,2025-01-01 23:42:00,2025-01-01 23:42:00,2025-01-01 23:42:00,16.1698,77.373,"Reported incident of vehicle theft at Near Gole Road, Raichur. Suspect vehicle noticed with plate KA-10-P-8154."
196,101020024202600196,202600196,2024-11-29,1002,24,1,2,1,1,3,3,2024-11-29 10:59:00,2024-11-29 10:59:00,2024-11-29 10:59:00,15.0499,76.9087,"Reported incident of cybercrime at Near Johal Nagar, Ballari."
197,104430024202600197,202600197,2024-12-31,1003,24,1,2,1,1,1,1,2024-12-31 04:26:00,2024-12-31 04:26:00,2024-12-31 04:26:00,13.0124,77.5974,"Reported incident of vehicle theft at Near Oza Nagar, Bengaluru Urban. Suspect vehicle noticed with plate KA-25-A-6216."
198,101020024202600198,202600198,2025-02-05,1002,24,1,2,1,1,1,3,2025-02-05 23:00:00,2025-02-05 23:00:00,2025-02-05 23:00:00,13.2099,78.1599,"Reported incident of vehicle theft at Near Ravel, Kolar. Suspect vehicle noticed with plate KA-14-KB-3920."
199,101020024202600199,202600199,2024-02-06,1001,24,1,2,1,1,1,3,2024-02-06 10:30:00,2024-02-06 10:30:00,2024-02-06 10:30:00,15.3733,76.2344,"Reported incident of hit and run at Near Menon Street, Koppal."
200,101020024202600200,202600200,2024-06-25,1003,24,1,2,1,1,1,3,2024-06-25 19:30:00,2024-06-25 19:30:00,2024-06-25 19:30:00,13.2144,78.1135,"Reported incident of property crime at Near Iyer Chowk, Kolar."
201,104430024202600201,202600201,2025-05-01,1003,24,1,2,1,1,1,1,2025-05-01 05:37:00,2025-05-01 05:37:00,2025-05-01 05:37:00,12.9218,77.58,"Reported incident of kidnapping at Near Saha Path, Bengaluru Urban."
202,104430024202600202,202600202,2024-11-06,1001,24,1,2,1,1,1,1,2024-11-06 04:24:00,2024-11-06 04:24:00,2024-11-06 04:24:00,12.9989,77.5268,"Reported incident of vehicle theft at Near Thaker Nagar, Bengaluru Urban. Suspect vehicle noticed with plate KA-39-KB-8793."
203,104430024202600203,202600203,2024-01-25,1001,24,1,2,1,1,1,1,2024-01-25 16:10:00,2024-01-25 16:10:00,2024-01-25 16:10:00,12.9793,77.539,"Reported incident of fraud at Near Ahluwalia Circle, Bengaluru Urban."
204,104430024202600204,202600204,2024-08-28,1003,24,1,1,2,4,1,1,2024-08-28 18:46:00,2024-08-28 18:46:00,2024-08-28 18:46:00,13.0293,77.5575,"Reported incident of assault at Near Nazareth Road, Bengaluru Urban."
205,101020024202600205,202600205,2024-08-22,1002,24,1,2,1,1,1,3,2024-08-22 03:59:00,2024-08-22 03:59:00,2024-08-22 03:59:00,12.5069,76.9331,"Reported incident of hit and run at Near Iyer Ganj, Mandya."
206,104430024202600206,202600206,2024-10-06,1002,24,1,2,1,1,3,1,2024-10-06 04:08:00,2024-10-06 04:08:00,2024-10-06 04:08:00,13.0279,77.5188,"Reported incident of vehicle theft at Near Chaudhuri Nagar, Bengaluru Urban. Suspect vehicle noticed with plate KA-24-B-3358."
207,101020024202600207,202600207,2024-11-21,1002,24,1,2,1,1,1,3,2024-11-21 08:13:00,2024-11-21 08:13:00,2024-11-21 08:13:00,13.9564,75.6163,"Reported incident of vehicle theft at Near Master Chowk, Shivamogga. Suspect vehicle noticed with plate KA-08-KA-5007."
208,101020024202600208,202600208,2024-10-14,1004,24,1,2,1,1,1,3,2024-10-14 12:45:00,2024-10-14 12:45:00,2024-10-14 12:45:00,13.049,76.1465,"Reported incident of burglary at Near Sane Path, Hassan."
209,101020024202600209,202600209,2025-05-01,1004,24,1,1,1,2,3,3,2025-05-01 20:32:00,2025-05-01 20:32:00,2025-05-01 20:32:00,13.3943,77.0403,"Reported incident of robbery at Near Khurana Street, Tumakuru. Suspect vehicle noticed with plate KA-35-KB-4328."
210,101020024202600210,202600210,2024-09-07,1002,24,1,2,1,3,1,3,2024-09-07 23:05:00,2024-09-07 23:05:00,2024-09-07 23:05:00,15.8049,74.4401,"Reported incident of chain snatching at Near Raghavan Ganj, Belagavi. Suspect vehicle noticed with plate KA-30-N-6005."
211,101020024202600211,202600211,2024-11-19,1002,24,1,2,1,1,1,3,2024-11-19 08:09:00,2024-11-19 08:09:00,2024-11-19 08:09:00,13.908,75.6407,"Reported incident of vehicle theft at Near Chaudry Zila, Shivamogga. Suspect vehicle noticed with plate KA-42-A-6620."
212,101020024202600212,202600212,2025-01-07,1004,24,1,2,1,1,1,3,2025-01-07 01:28:00,2025-01-07 01:28:00,2025-01-07 01:28:00,15.3471,75.1371,"Reported incident of cybercrime at Near Srivastava Ganj, Hubballi-Dharwad."
213,104430024202600213,202600213,2024-04-10,1002,24,1,2,1,1,1,1,2024-04-10 13:10:00,2024-04-10 13:10:00,2024-04-10 13:10:00,12.9952,77.5556,"Reported incident of fraud at Near Madan Nagar, Bengaluru Urban."
214,104430024202600214,202600214,2025-03-10,1002,24,1,2,1,1,1,1,2025-03-10 02:03:00,2025-03-10 02:03:00,2025-03-10 02:03:00,13.0137,77.5621,"Reported incident of cybercrime at Near Ramanathan Zila, Bengaluru Urban."
215,101020024202600215,202600215,2025-04-08,1002,24,1,2,1,1,2,3,2025-04-08 15:55:00,2025-04-08 15:55:00,2025-04-08 15:55:00,12.2914,76.5895,"Reported incident of fraud at Near Parsa Chowk, Mysuru."
216,104430024202600216,202600216,2024-10-15,1002,24,1,2,1,1,2,1,2024-10-15 19:39:00,2024-10-15 19:39:00,2024-10-15 19:39:00,12.8846,77.5613,"Reported incident of vehicle theft at Near Dubey Nagar, Bengaluru Urban. Suspect vehicle noticed with plate KA-04-A-9066."
217,101020024202600217,202600217,2025-01-28,1004,24,1,2,1,1,2,3,2025-01-28 07:26:00,2025-01-28 07:26:00,2025-01-28 07:26:00,13.0746,76.0522,"Reported incident of vehicle theft at Near Sundaram Chowk, Hassan. Suspect vehicle noticed with plate KA-10-N-2530."
218,101020024202600218,202600218,2024-12-21,1001,24,1,2,1,1,1,3,2024-12-21 21:13:00,2024-12-21 21:13:00,2024-12-21 21:13:00,13.2805,77.0751,"Reported incident of burglary at Near Sanghvi, Tumakuru."
219,101020024202600219,202600219,2024-10-18,1001,24,1,2,1,3,1,3,2024-10-18 21:51:00,2024-10-18 21:51:00,2024-10-18 21:51:00,17.8912,77.4802,"Reported incident of chain snatching at Near Barad Nagar, Bidar. Suspect vehicle noticed with plate KA-01-P-8343."
220,101020024202600220,202600220,2025-03-27,1001,24,1,1,2,4,3,3,2025-03-27 01:21:00,2025-03-27 01:21:00,2025-03-27 01:21:00,16.7787,75.667,"Reported incident of assault at Near Kakar Path, Vijayapura."
221,104430024202600221,202600221,2024-08-11,1002,24,1,2,1,1,2,1,2024-08-11 19:11:00,2024-08-11 19:11:00,2024-08-11 19:11:00,13.03,77.5908,"Reported incident of drug offence at Near Sridhar, Bengaluru Urban."
222,104430024202600222,202600222,2024-01-01,1003,24,1,2,1,1,1,1,2024-01-01 01:51:00,2024-01-01 01:51:00,2024-01-01 01:51:00,13.1783,77.5903,"Reported incident of vehicle theft at Near Atwal Marg, Bengaluru Rural. Suspect vehicle noticed with plate KA-42-KA-4880."
223,101020024202600223,202600223,2024-10-21,1003,24,1,1,2,4,1,3,2024-10-21 09:21:00,2024-10-21 09:21:00,2024-10-21 09:21:00,15.8169,74.5519,"Reported incident of assault at Near Buch Nagar, Belagavi."
224,104430024202600224,202600224,2024-07-31,1003,24,1,2,1,1,1,1,2024-07-31 07:43:00,2024-07-31 07:43:00,2024-07-31 07:43:00,12.8687,77.5781,"Reported incident of burglary at Near Boase Marg, Bengaluru Urban."
225,104430024202600225,202600225,2025-04-19,1003,24,1,2,1,1,1,1,2025-04-19 11:34:00,2025-04-19 11:34:00,2025-04-19 11:34:00,13.0039,77.5966,"Reported incident of fraud at Near Badal Ganj, Bengaluru Urban."
226,104430024202600226,202600226,2024-03-18,1002,24,1,2,1,1,1,1,2024-03-18 16:16:00,2024-03-18 16:16:00,2024-03-18 16:16:00,12.9784,77.559,"Reported incident of property crime at Near Patil, Bengaluru Urban."
227,101020024202600227,202600227,2024-02-23,1002,24,1,2,1,1,2,3,2024-02-23 14:57:00,2024-02-23 14:57:00,2024-02-23 14:57:00,12.8536,74.8363,"Reported incident of fraud at Near Divan Ganj, Mangaluru (Dakshina Kannada)."
228,104430024202600228,202600228,2024-11-26,1002,24,1,2,1,1,1,1,2024-11-26 13:51:00,2024-11-26 13:51:00,2024-11-26 13:51:00,13.0374,77.5625,"Reported incident of cybercrime at Near Sibal Ganj, Bengaluru Urban."
229,104430024202600229,202600229,2025-03-17,1002,24,1,2,1,1,1,1,2025-03-17 21:57:00,2025-03-17 21:57:00,2025-03-17 21:57:00,12.9699,77.6015,"Reported incident of fraud at Near Apte Circle, Bengaluru Urban."
230,101020024202600230,202600230,2024-08-26,1004,24,1,2,1,1,1,3,2024-08-26 00:54:00,2024-08-26 00:54:00,2024-08-26 00:54:00,12.3437,76.5724,"Reported incident of property crime at Near Bhargava Circle, Mysuru."
231,101020024202600231,202600231,2025-02-25,1002,24,1,2,1,1,1,3,2025-02-25 04:35:00,2025-02-25 04:35:00,2025-02-25 04:35:00,16.2201,77.2882,"Reported incident of fraud at Near Kunda Chowk, Raichur."
232,101020024202600232,202600232,2024-07-25,1002,24,1,2,1,1,1,3,2024-07-25 19:37:00,2024-07-25 19:37:00,2024-07-25 19:37:00,15.3258,75.0944,"Reported incident of cybercrime at Near Hegde Marg, Hubballi-Dharwad."
233,101020024202600233,202600233,2024-10-11,1004,24,1,2,1,1,3,3,2024-10-11 17:36:00,2024-10-11 17:36:00,2024-10-11 17:36:00,16.1298,77.4095,"Reported incident of vehicle theft at Near Swaminathan Zila, Raichur. Suspect vehicle noticed with plate KA-41-N-7677."
234,101020024202600234,202600234,2024-08-24,1002,24,1,2,1,1,1,3,2024-08-24 13:19:00,2024-08-24 13:19:00,2024-08-24 13:19:00,13.3699,77.0598,"Reported incident of burglary at Near Doshi Road, Tumakuru."
235,101020024202600235,202600235,2025-04-20,1001,24,1,2,1,1,1,3,2025-04-20 18:35:00,2025-04-20 18:35:00,2025-04-20 18:35:00,14.498,75.9564,"Reported incident of fraud at Near Seshadri Ganj, Davangere."
236,104430024202600236,202600236,2024-11-15,1004,24,1,2,1,1,1,1,2024-11-15 06:35:00,2024-11-15 06:35:00,2024-11-15 06:35:00,12.9779,77.5844,"Reported incident of vehicle theft at Near Patil Street, Bengaluru Urban. Suspect vehicle noticed with plate KA-49-A-1691."
237,101020024202600237,202600237,2025-01-10,1004,24,1,2,1,1,1,3,2025-01-10 10:42:00,2025-01-10 10:42:00,2025-01-10 10:42:00,15.0923,76.9542,"Reported incident of drug offence at Near Chaudhary Nagar, Ballari."
238,101020024202600238,202600238,2024-12-18,1004,24,1,2,1,3,1,3,2024-12-18 01:11:00,2024-12-18 01:11:00,2024-12-18 01:11:00,13.043,76.02,"Reported incident of chain snatching at Near Balan Street, Hassan. Suspect vehicle noticed with plate KA-20-N-9344."
239,101020024202600239,202600239,2024-08-19,1002,24,1,2,1,1,1,3,2024-08-19 01:17:00,2024-08-19 01:17:00,2024-08-19 01:17:00,14.0236,75.6255,"Reported incident of fraud at Near Pradhan Ganj, Shivamogga."
240,104430024202600240,202600240,2025-02-02,1001,24,1,2,1,1,2,1,2025-02-02 20:38:00,2025-02-02 20:38:00,2025-02-02 20:38:00,13.0337,77.5726,"Reported incident of fraud at Near Sandhu, Bengaluru Urban."
241,101020024202600241,202600241,2024-10-22,1003,24,1,1,1,2,1,3,2024-10-22 14:39:00,2024-10-22 14:39:00,2024-10-22 14:39:00,15.3099,75.1156,"Reported incident of robbery at Near Ghose Marg, Hubballi-Dharwad. Suspect vehicle noticed with plate KA-40-M-3235."
242,101020024202600242,202600242,2024-11-19,1004,24,1,1,1,2,1,3,2024-11-19 19:40:00,2024-11-19 19:40:00,2024-11-19 19:40:00,15.0957,76.9802,"Reported incident of robbery at Near Gala Nagar, Ballari. Suspect vehicle noticed with plate KA-14-KB-2161."
243,101020024202600243,202600243,2024-08-26,1003,24,1,2,1,1,2,3,2024-08-26 21:03:00,2024-08-26 21:03:00,2024-08-26 21:03:00,12.5784,76.8935,"Reported incident of vehicle theft at Near Palan Path, Mandya. Suspect vehicle noticed with plate KA-49-KA-3980."
244,101020024202600244,202600244,2024-12-14,1001,24,1,2,1,1,1,3,2024-12-14 09:46:00,2024-12-14 09:46:00,2024-12-14 09:46:00,13.3109,74.7205,"Reported incident of cybercrime at Near Kumar Zila, Udupi."
245,101020024202600245,202600245,2024-01-11,1002,24,1,2,1,1,1,3,2024-01-11 12:46:00,2024-01-11 12:46:00,2024-01-11 12:46:00,16.2551,77.3341,"Reported incident of fraud at Near Amble Path, Raichur."
246,101020024202600246,202600246,2025-05-13,1002,24,1,1,2,4,2,3,2025-05-13 03:21:00,2025-05-13 03:21:00,2025-05-13 03:21:00,12.4978,76.974,"Reported incident of assault at Near Golla Path, Mandya."
247,101020024202600247,202600247,2024-11-07,1003,24,1,2,1,1,1,3,2024-11-07 14:06:00,2024-11-07 14:06:00,2024-11-07 14:06:00,14.5352,75.9736,"Reported incident of burglary at Near Taneja Zila, Davangere."
248,104430024202600248,202600248,2024-11-18,1002,24,1,2,1,3,1,1,2024-11-18 04:00:00,2024-11-18 04:00:00,2024-11-18 04:00:00,13.0294,77.5973,"Reported incident of chain snatching at Near Menon Street, Bengaluru Urban. Suspect vehicle noticed with plate KA-32-A-6207."
249,101020024202600249,202600249,2024-10-16,1003,24,1,2,1,1,3,3,2024-10-16 00:34:00,2024-10-16 00:34:00,2024-10-16 00:34:00,16.2421,77.2745,"Reported incident of vehicle theft at Near Vohra Ganj, Raichur. Suspect vehicle noticed with plate KA-53-M-2248."
250,101020024202600250,202600250,2024-09-06,1002,24,1,2,1,1,1,3,2024-09-06 16:21:00,2024-09-06 16:21:00,2024-09-06 16:21:00,12.6208,76.8199,"Reported incident of vehicle theft at Near Toor Chowk, Mandya. Suspect vehicle noticed with plate KA-41-P-1296."
251,101020024202600251,202600251,2024-02-07,1004,24,1,2,1,1,2,3,2024-02-07 12:06:00,2024-02-07 12:06:00,2024-02-07 12:06:00,13.1596,78.2046,"Reported incident of fraud at Near Bava Street, Kolar."
252,101020024202600252,202600252,2024-06-15,1004,24,1,2,1,1,1,3,2024-06-15 03:14:00,2024-06-15 03:14:00,2024-06-15 03:14:00,12.2575,76.7343,"Reported incident of hit and run at Near Vyas Circle, Mysuru."
253,104430024202600253,202600253,2024-09-23,1002,24,1,2,1,1,1,1,2024-09-23 22:18:00,2024-09-23 22:18:00,2024-09-23 22:18:00,12.9248,77.5774,"Reported incident of eve teasing at Near Suresh Marg, Bengaluru Urban."
254,104430024202600254,202600254,2024-05-14,1003,24,1,2,1,1,1,1,2024-05-14 06:47:00,2024-05-14 06:47:00,2024-05-14 06:47:00,12.8852,77.5951,"Reported incident of vehicle theft at Near Venkatesh Nagar, Bengaluru Urban. Suspect vehicle noticed with plate KA-15-N-3077."
255,104430024202600255,202600255,2025-01-17,1001,24,1,2,1,1,1,1,2025-01-17 02:12:00,2025-01-17 02:12:00,2025-01-17 02:12:00,12.9799,77.6013,"Reported incident of vehicle theft at Near Ghosh Marg, Bengaluru Urban. Suspect vehicle noticed with plate KA-33-N-5575."
256,101020024202600256,202600256,2024-10-26,1001,24,1,2,1,1,1,3,2024-10-26 17:54:00,2024-10-26 17:54:00,2024-10-26 17:54:00,16.7849,75.7644,"Reported incident of vehicle theft at Near Mane, Vijayapura. Suspect vehicle noticed with plate KA-16-N-4399."
257,101020024202600257,202600257,2024-01-14,1004,24,1,2,1,1,1,3,2024-01-14 17:20:00,2024-01-14 17:20:00,2024-01-14 17:20:00,13.3212,75.6858,"Reported incident of property crime at Near Srinivasan, Chikkamagaluru."
258,101020024202600258,202600258,2025-05-16,1003,24,1,1,2,4,1,3,2025-05-16 01:25:00,2025-05-16 01:25:00,2025-05-16 01:25:00,12.5574,76.8734,"Reported incident of assault at Near Grover Road, Mandya."
259,104430024202600259,202600259,2024-08-12,1001,24,1,2,1,1,1,1,2024-08-12 01:28:00,2024-08-12 01:28:00,2024-08-12 01:28:00,13.0136,77.5865,"Reported incident of burglary at Near Khosla, Bengaluru Urban."
260,101020024202600260,202600260,2024-12-25,1001,24,1,2,1,3,1,3,2024-12-25 20:26:00,2024-12-25 20:26:00,2024-12-25 20:26:00,12.3316,76.6304,"Reported incident of chain snatching at Near Saraf Circle, Mysuru. Suspect vehicle noticed with plate KA-50-A-2937."
261,101020024202600261,202600261,2025-01-16,1004,24,1,2,1,3,2,3,2025-01-16 23:05:00,2025-01-16 23:05:00,2025-01-16 23:05:00,12.4941,76.9326,"Reported incident of chain snatching at Near Dyal Street, Mandya. Suspect vehicle noticed with plate KA-22-P-5563."
262,101020024202600262,202600262,2024-01-19,1003,24,1,2,1,1,2,3,2024-01-19 15:46:00,2024-01-19 15:46:00,2024-01-19 15:46:00,13.2787,75.7323,"Reported incident of cybercrime at Near Kashyap Nagar, Chikkamagaluru."
263,104430024202600263,202600263,2024-12-10,1002,24,1,2,1,1,2,1,2024-12-10 07:31:00,2024-12-10 07:31:00,2024-12-10 07:31:00,13.0065,77.545,"Reported incident of vehicle theft at Near Bali Zila, Bengaluru Urban. Suspect vehicle noticed with plate KA-28-KB-3516."
264,101020024202600264,202600264,2024-11-26,1002,24,1,2,1,1,1,3,2024-11-26 03:55:00,2024-11-26 03:55:00,2024-11-26 03:55:00,16.2109,77.3151,"Reported incident of vehicle theft at Near Chaudry Zila, Raichur. Suspect vehicle noticed with plate KA-44-B-4557."
265,101020024202600265,202600265,2024-12-11,1003,24,1,2,1,1,1,3,2024-12-11 13:17:00,2024-12-11 13:17:00,2024-12-11 13:17:00,18.0052,77.4664,"Reported incident of vehicle theft at Near Chada Marg, Bidar. Suspect vehicle noticed with plate KA-31-KA-4744."
266,104430024202600266,202600266,2024-01-26,1003,24,1,2,1,1,1,1,2024-01-26 06:15:00,2024-01-26 06:15:00,2024-01-26 06:15:00,12.9983,77.5721,"Reported incident of cybercrime at Near Roy Street, Bengaluru Urban."
267,101020024202600267,202600267,2024-11-21,1003,24,1,2,1,1,2,3,2024-11-21 02:26:00,2024-11-21 02:26:00,2024-11-21 02:26:00,16.867,75.6666,"Reported incident of vehicle theft at Near Khurana Chowk, Vijayapura. Suspect vehicle noticed with plate KA-22-M-5264."
268,101020024202600268,202600268,2025-05-09,1003,24,1,2,1,1,1,3,2025-05-09 07:08:00,2025-05-09 07:08:00,2025-05-09 07:08:00,14.5231,75.8966,"Reported incident of fraud at Near Narasimhan Street, Davangere."
269,101020024202600269,202600269,2024-11-23,1004,24,1,2,1,1,1,3,2024-11-23 22:59:00,2024-11-23 22:59:00,2024-11-23 22:59:00,16.8151,75.6747,"Reported incident of kidnapping at Near Srinivasan Road, Vijayapura."
270,104430024202600270,202600270,2024-10-17,1004,24,1,2,1,1,2,1,2024-10-17 09:24:00,2024-10-17 09:24:00,2024-10-17 09:24:00,13.0245,77.5919,"Reported incident of fraud at Near Rout Road, Bengaluru Urban."
271,104430024202600271,202600271,2024-12-02,1001,24,1,2,1,1,1,1,2024-12-02 02:55:00,2024-12-02 02:55:00,2024-12-02 02:55:00,13.0199,77.5769,"Reported incident of vehicle theft at Near Ravel Street, Bengaluru Urban. Suspect vehicle noticed with plate KA-07-KB-4688."
272,101020024202600272,202600272,2025-02-02,1001,24,1,2,1,1,1,3,2025-02-02 20:54:00,2025-02-02 20:54:00,2025-02-02 20:54:00,16.7827,75.672,"Reported incident of fraud at Near Bajwa Path, Vijayapura."
273,104430024202600273,202600273,2024-06-05,1003,24,1,1,2,4,1,1,2024-06-05 09:19:00,2024-06-05 09:19:00,2024-06-05 09:19:00,12.9016,77.5621,"Reported incident of assault at Near Soman, Bengaluru Urban."
274,101020024202600274,202600274,2024-07-13,1002,24,1,2,1,1,1,3,2024-07-13 19:24:00,2024-07-13 19:24:00,2024-07-13 19:24:00,16.7875,75.7536,"Reported incident of eve teasing at Near Garg Circle, Vijayapura."
275,104430024202600275,202600275,2025-01-03,1001,24,1,2,1,1,2,1,2025-01-03 16:48:00,2025-01-03 16:48:00,2025-01-03 16:48:00,12.886,77.5902,"Reported incident of vehicle theft at Near Bakshi Street, Bengaluru Urban. Suspect vehicle noticed with plate KA-03-P-1189."
276,104430024202600276,202600276,2024-07-04,1004,24,1,2,1,1,1,1,2024-07-04 13:28:00,2024-07-04 13:28:00,2024-07-04 13:28:00,13.0262,77.5994,"Reported incident of drug offence at Near Badal Path, Bengaluru Urban."
277,101020024202600277,202600277,2025-04-10,1001,24,1,1,2,4,1,3,2025-04-10 10:51:00,2025-04-10 10:51:00,2025-04-10 10:51:00,14.5735,75.9569,"Reported incident of assault at Near Kapoor Marg, Davangere."
278,101020024202600278,202600278,2024-08-29,1004,24,1,2,1,1,1,3,2024-08-29 06:17:00,2024-08-29 06:17:00,2024-08-29 06:17:00,14.5518,75.9588,"Reported incident of fraud at Near Sabharwal Nagar, Davangere."
279,101020024202600279,202600279,2024-01-10,1001,24,1,2,1,1,1,3,2024-01-10 18:44:00,2024-01-10 18:44:00,2024-01-10 18:44:00,13.3103,74.7388,"Reported incident of hit and run at Near Ranganathan Street, Udupi."
280,101020024202600280,202600280,2024-04-02,1003,24,1,2,1,1,1,3,2024-04-02 16:26:00,2024-04-02 16:26:00,2024-04-02 16:26:00,13.9234,75.6391,"Reported incident of fraud at Near Konda Zila, Shivamogga."
281,101020024202600281,202600281,2024-03-18,1004,24,1,1,1,2,1,3,2024-03-18 17:09:00,2024-03-18 17:09:00,2024-03-18 17:09:00,13.0465,78.0829,"Reported incident of robbery at Near Bose Zila, Kolar. Suspect vehicle noticed with plate KA-15-KB-9404."
282,104430024202600282,202600282,2024-10-03,1003,24,1,1,1,2,1,1,2024-10-03 08:24:00,2024-10-03 08:24:00,2024-10-03 08:24:00,13.0318,77.5692,"Reported incident of robbery at Near Sarkar Circle, Bengaluru Urban. Suspect vehicle noticed with plate KA-05-N-2287."
283,104430024202600283,202600283,2024-06-07,1004,24,1,2,1,1,1,1,2024-06-07 02:32:00,2024-06-07 02:32:00,2024-06-07 02:32:00,12.9668,77.641,"Reported incident of cybercrime at Near Mittal Nagar, Bengaluru Urban."
284,101020024202600284,202600284,2025-04-25,1004,24,1,2,1,1,1,3,2025-04-25 11:26:00,2025-04-25 11:26:00,2025-04-25 11:26:00,14.5674,75.9595,"Reported incident of fraud at Near Sabharwal Path, Davangere."
285,104430024202600285,202600285,2024-11-06,1001,24,1,2,1,3,3,1,2024-11-06 16:56:00,2024-11-06 16:56:00,2024-11-06 16:56:00,13.0036,77.5865,"Reported incident of chain snatching at Near Sanghvi Nagar, Bengaluru Urban. Suspect vehicle noticed with plate KA-19-M-7366."
286,101020024202600286,202600286,2025-05-03,1002,24,1,2,1,1,1,3,2025-05-03 01:25:00,2025-05-03 01:25:00,2025-05-03 01:25:00,15.1786,76.8382,"Reported incident of kidnapping at Near Nadig Nagar, Ballari."
287,104430024202600287,202600287,2025-02-04,1003,24,1,2,1,1,1,1,2025-02-04 03:20:00,2025-02-04 03:20:00,2025-02-04 03:20:00,13.001,77.5426,"Reported incident of burglary at Near Barman Circle, Bengaluru Urban."
288,104430024202600288,202600288,2024-05-08,1003,24,1,2,1,1,1,1,2024-05-08 18:22:00,2024-05-08 18:22:00,2024-05-08 18:22:00,12.9705,77.5432,"Reported incident of fraud at Near Dara Road, Bengaluru Urban."
289,101020024202600289,202600289,2025-03-16,1003,24,1,2,1,1,1,3,2025-03-16 14:44:00,2025-03-16 14:44:00,2025-03-16 14:44:00,16.8643,75.6577,"Reported incident of cybercrime at Near Murty Path, Vijayapura."
290,101020024202600290,202600290,2025-04-12,1001,24,1,2,1,1,1,3,2025-04-12 05:04:00,2025-04-12 05:04:00,2025-04-12 05:04:00,16.2125,77.3262,"Reported incident of burglary at Near Chandran, Raichur."
291,101020024202600291,202600291,2024-05-16,1002,24,1,1,2,4,2,3,2024-05-16 11:32:00,2024-05-16 11:32:00,2024-05-16 11:32:00,17.2747,76.9256,"Reported incident of assault at Near Nagy Ganj, Kalaburagi."
292,101020024202600292,202600292,2025-01-08,1004,24,1,1,1,2,1,3,2025-01-08 10:44:00,2025-01-08 10:44:00,2025-01-08 10:44:00,14.5347,75.8852,"Reported incident of robbery at Near Wagle Chowk, Davangere. Suspect vehicle noticed with plate KA-49-KB-1697."
293,101020024202600293,202600293,2024-11-11,1003,24,1,2,1,3,1,3,2024-11-11 15:34:00,2024-11-11 15:34:00,2024-11-11 15:34:00,13.3118,77.0637,"Reported incident of chain snatching at Near Basak Zila, Tumakuru. Suspect vehicle noticed with plate KA-55-KB-5647."
294,101020024202600294,202600294,2024-08-03,1001,24,1,2,1,1,1,3,2024-08-03 05:55:00,2024-08-03 05:55:00,2024-08-03 05:55:00,13.0157,76.1303,"Reported incident of eve teasing at Near Sinha Zila, Hassan."
295,101020024202600295,202600295,2024-04-05,1004,24,1,2,1,1,1,3,2024-04-05 15:46:00,2024-04-05 15:46:00,2024-04-05 15:46:00,17.292,76.8549,"Reported incident of property crime at Near Chhabra, Kalaburagi."
296,104430024202600296,202600296,2024-11-09,1002,24,1,2,1,1,1,1,2024-11-09 19:40:00,2024-11-09 19:40:00,2024-11-09 19:40:00,13.2577,77.5612,"Reported incident of eve teasing at Near Narasimhan Street, Bengaluru Rural."
297,101020024202600297,202600297,2025-05-11,1001,24,1,2,1,1,1,3,2025-05-11 03:32:00,2025-05-11 03:32:00,2025-05-11 03:32:00,12.8785,74.8864,"Reported incident of drug offence at Near Batta Marg, Mangaluru (Dakshina Kannada)."
298,104430024202600298,202600298,2024-09-10,1003,24,1,2,1,1,1,1,2024-09-10 06:55:00,2024-09-10 06:55:00,2024-09-10 06:55:00,13.007,77.6132,"Reported incident of cybercrime at Near Dube Circle, Bengaluru Urban."
299,104430024202600299,202600299,2024-07-14,1002,24,1,2,1,3,1,1,2024-07-14 23:11:00,2024-07-14 23:11:00,2024-07-14 23:11:00,12.9992,77.64,"Reported incident of chain snatching at Near Varkey Path, Bengaluru Urban. Suspect vehicle noticed with plate KA-22-KB-6444."
300,104430024202600300,202600300,2024-08-07,1002,24,1,2,1,1,1,1,2024-08-07 08:03:00,2024-08-07 08:03:00,2024-08-07 08:03:00,12.9731,77.5949,"Reported incident of cybercrime at Near Datta Street, Bengaluru Urban."
301,101020024202600301,202600301,2024-11-27,1001,24,1,2,1,1,3,3,2024-11-27 02:24:00,2024-11-27 02:24:00,2024-11-27 02:24:00,15.8622,74.4377,"Reported incident of vehicle theft at Near Sane Nagar, Belagavi. Suspect vehicle noticed with plate KA-24-KA-7538."
302,101020024202600302,202600302,2024-07-20,1004,24,1,2,1,1,1,3,2024-07-20 15:46:00,2024-07-20 15:46:00,2024-07-20 15:46:00,14.5196,75.9109,"Reported incident of fraud at Near Chowdhury Marg, Davangere."
303,101020024202600303,202600303,2024-09-01,1001,24,1,2,1,1,1,3,2024-09-01 00:25:00,2024-09-01 00:25:00,2024-09-01 00:25:00,12.2321,76.6898,"Reported incident of fraud at Near Sane, Mysuru."
304,104430024202600304,202600304,2024-04-13,1004,24,1,2,1,1,1,1,2024-04-13 20:03:00,2024-04-13 20:03:00,2024-04-13 20:03:00,12.9876,77.6135,"Reported incident of hit and run at Near Buch Zila, Bengaluru Urban."
305,101020024202600305,202600305,2024-12-15,1004,24,1,2,1,1,1,3,2024-12-15 09:31:00,2024-12-15 09:31:00,2024-12-15 09:31:00,15.0868,76.9717,"Reported incident of cybercrime at Near Shankar, Ballari."
306,104430024202600306,202600306,2025-05-05,1002,24,1,2,1,1,2,1,2025-05-05 01:29:00,2025-05-05 01:29:00,2025-05-05 01:29:00,12.8864,77.5694,"Reported incident of eve teasing at Near Memon Ganj, Bengaluru Urban."
307,104430024202600307,202600307,2024-08-25,1002,24,1,2,1,1,1,1,2024-08-25 19:54:00,2024-08-25 19:54:00,2024-08-25 19:54:00,13.2545,77.5415,"Reported incident of burglary at Near Mody Marg, Bengaluru Rural."
308,101020024202600308,202600308,2024-01-22,1003,24,1,2,1,1,1,3,2024-01-22 23:10:00,2024-01-22 23:10:00,2024-01-22 23:10:00,12.9655,74.8638,"Reported incident of drug offence at Near Mitra Marg, Mangaluru (Dakshina Kannada)."
309,101020024202600309,202600309,2024-08-11,1001,24,1,2,1,1,1,3,2024-08-11 09:20:00,2024-08-11 09:20:00,2024-08-11 09:20:00,13.384,77.0803,"Reported incident of vehicle theft at Near Salvi, Tumakuru. Suspect vehicle noticed with plate KA-44-KB-5080."
310,104430024202600310,202600310,2025-01-15,1001,24,1,2,1,1,1,1,2025-01-15 01:33:00,2025-01-15 01:33:00,2025-01-15 01:33:00,12.9794,77.5942,"Reported incident of vehicle theft at Near Mitra Chowk, Bengaluru Urban. Suspect vehicle noticed with plate KA-06-KA-3277."
311,101020024202600311,202600311,2024-07-12,1002,24,1,2,1,1,1,3,2024-07-12 07:27:00,2024-07-12 07:27:00,2024-07-12 07:27:00,12.3607,76.6771,"Reported incident of burglary at Near Jhaveri, Mysuru."
312,101020024202600312,202600312,2025-02-27,1001,24,1,2,1,1,1,3,2025-02-27 06:56:00,2025-02-27 06:56:00,2025-02-27 06:56:00,12.3559,76.5893,"Reported incident of drug offence at Near Bobal Ganj, Mysuru."
313,101020024202600313,202600313,2024-01-22,1003,24,1,2,1,1,1,3,2024-01-22 03:00:00,2024-01-22 03:00:00,2024-01-22 03:00:00,13.3951,74.6542,"Reported incident of cybercrime at Near Wason Nagar, Udupi."
314,101020024202600314,202600314,2024-02-06,1002,24,1,2,1,3,1,3,2024-02-06 04:45:00,2024-02-06 04:45:00,2024-02-06 04:45:00,16.7969,75.6646,"Reported incident of chain snatching at Near Kalla Street, Vijayapura. Suspect vehicle noticed with plate KA-44-A-9599."
315,101020024202600315,202600315,2024-01-10,1003,24,1,2,1,1,1,3,2024-01-10 03:15:00,2024-01-10 03:15:00,2024-01-10 03:15:00,13.326,75.8084,"Reported incident of fraud at Near Banerjee Street, Chikkamagaluru."
316,101020024202600316,202600316,2024-11-23,1002,24,1,2,1,1,1,3,2024-11-23 13:52:00,2024-11-23 13:52:00,2024-11-23 13:52:00,13.9177,75.6691,"Reported incident of hit and run at Near Ravi, Shivamogga."
317,101020024202600317,202600317,2025-05-02,1002,24,1,2,1,1,1,3,2025-05-02 02:25:00,2025-05-02 02:25:00,2025-05-02 02:25:00,13.9436,75.6187,"Reported incident of burglary at Near Dara Road, Shivamogga."
318,101020024202600318,202600318,2024-10-12,1004,24,1,2,1,1,1,3,2024-10-12 07:21:00,2024-10-12 07:21:00,2024-10-12 07:21:00,13.2225,78.0737,"Reported incident of burglary at Near Garde Marg, Kolar."
319,104430024202600319,202600319,2024-02-22,1003,24,1,2,1,3,1,1,2024-02-22 08:23:00,2024-02-22 08:23:00,2024-02-22 08:23:00,13.0064,77.5756,"Reported incident of chain snatching at Near Nadig Nagar, Bengaluru Urban. Suspect vehicle noticed with plate KA-36-P-8096."
320,104430024202600320,202600320,2025-05-19,1004,24,1,2,1,1,1,1,2025-05-19 18:02:00,2025-05-19 18:02:00,2025-05-19 18:02:00,12.9231,77.5544,"Reported incident of hit and run at Near Keer Zila, Bengaluru Urban."
321,101020024202600321,202600321,2024-02-28,1001,24,1,2,1,1,2,3,2024-02-28 07:01:00,2024-02-28 07:01:00,2024-02-28 07:01:00,13.3526,74.7047,"Reported incident of drug offence at Near Dyal Chowk, Udupi."
322,101020024202600322,202600322,2025-01-09,1001,24,1,2,1,1,1,3,2025-01-09 18:51:00,2025-01-09 18:51:00,2025-01-09 18:51:00,15.288,76.1118,"Reported incident of burglary at Near Khurana Zila, Koppal."
323,104430024202600323,202600323,2024-10-03,1003,24,1,2,1,1,1,1,2024-10-03 22:47:00,2024-10-03 22:47:00,2024-10-03 22:47:00,12.9998,77.5986,"Reported incident of vehicle theft at Near Bedi Ganj, Bengaluru Urban. Suspect vehicle noticed with plate KA-41-M-6914."
324,101020024202600324,202600324,2024-10-11,1004,24,1,2,1,3,1,3,2024-10-11 04:07:00,2024-10-11 04:07:00,2024-10-11 04:07:00,16.2313,77.3695,"Reported incident of chain snatching at Near Buch Nagar, Raichur. Suspect vehicle noticed with plate KA-43-M-8648."
325,104430024202600325,202600325,2024-10-05,1004,24,1,2,1,1,1,1,2024-10-05 18:52:00,2024-10-05 18:52:00,2024-10-05 18:52:00,12.9771,77.6521,"Reported incident of cybercrime at Near Dutt Ganj, Bengaluru Urban."
326,104430024202600326,202600326,2024-05-04,1004,24,1,2,1,1,1,1,2024-05-04 00:23:00,2024-05-04 00:23:00,2024-05-04 00:23:00,12.9897,77.5694,"Reported incident of cybercrime at Near Edwin Marg, Bengaluru Urban."
327,101020024202600327,202600327,2025-05-28,1001,24,1,2,1,3,1,3,2025-05-28 10:07:00,2025-05-28 10:07:00,2025-05-28 10:07:00,15.8053,74.5144,"Reported incident of chain snatching at Near Dar Street, Belagavi. Suspect vehicle noticed with plate KA-33-A-2879."
328,101020024202600328,202600328,2024-07-05,1002,24,1,2,1,1,1,3,2024-07-05 01:44:00,2024-07-05 01:44:00,2024-07-05 01:44:00,12.9638,74.8582,"Reported incident of property crime at Near Sarkar, Mangaluru (Dakshina Kannada)."
329,101020024202600329,202600329,2024-10-13,1004,24,1,2,1,1,1,3,2024-10-13 08:12:00,2024-10-13 08:12:00,2024-10-13 08:12:00,17.9827,77.4973,"Reported incident of murder at Near Bajwa Marg, Bidar."
330,101020024202600330,202600330,2025-06-01,1003,24,1,2,1,1,1,3,2025-06-01 13:09:00,2025-06-01 13:09:00,2025-06-01 13:09:00,17.2926,76.8235,"Reported incident of hit and run at Near Murty Circle, Kalaburagi."
331,104430024202600331,202600331,2024-12-24,1003,24,1,2,1,3,2,1,2024-12-24 07:59:00,2024-12-24 07:59:00,2024-12-24 07:59:00,12.9646,77.591,"Reported incident of chain snatching at Near Upadhyay Marg, Bengaluru Urban. Suspect vehicle noticed with plate KA-40-A-9534."
332,101020024202600332,202600332,2024-10-16,1002,24,1,2,1,1,1,3,2024-10-16 12:47:00,2024-10-16 12:47:00,2024-10-16 12:47:00,16.2098,77.3162,"Reported incident of burglary at Near Oommen, Raichur."
333,104430024202600333,202600333,2024-09-07,1002,24,1,2,1,1,1,1,2024-09-07 19:18:00,2024-09-07 19:18:00,2024-09-07 19:18:00,12.9849,77.5628,"Reported incident of burglary at Near Gara Chowk, Bengaluru Urban."
334,101020024202600334,202600334,2024-10-27,1004,24,1,2,1,1,1,3,2024-10-27 23:09:00,2024-10-27 23:09:00,2024-10-27 23:09:00,15.1632,76.8536,"Reported incident of fraud at Near Ranganathan Street, Ballari."
335,101020024202600335,202600335,2024-10-07,1003,24,1,2,1,1,3,3,2024-10-07 09:14:00,2024-10-07 09:14:00,2024-10-07 09:14:00,13.0495,76.0686,"Reported incident of burglary at Near Ramachandran Circle, Hassan."
336,104430024202600336,202600336,2025-02-10,1003,24,1,2,1,1,1,1,2025-02-10 19:44:00,2025-02-10 19:44:00,2025-02-10 19:44:00,13.0341,77.5193,"Reported incident of burglary at Near Gola Path, Bengaluru Urban."
337,101020024202600337,202600337,2025-03-03,1004,24,1,2,1,1,1,3,2025-03-03 17:07:00,2025-03-03 17:07:00,2025-03-03 17:07:00,16.2523,77.3406,"Reported incident of fraud at Near Chanda Ganj, Raichur."
338,104430024202600338,202600338,2025-01-22,1002,24,1,2,1,1,1,1,2025-01-22 05:47:00,2025-01-22 05:47:00,2025-01-22 05:47:00,12.9959,77.5725,"Reported incident of vehicle theft at Near Chopra Marg, Bengaluru Urban. Suspect vehicle noticed with plate KA-42-P-6725."
339,101020024202600339,202600339,2025-01-04,1002,24,1,2,1,1,1,3,2025-01-04 12:07:00,2025-01-04 12:07:00,2025-01-04 12:07:00,12.876,74.8699,"Reported incident of domestic violence at Near Viswanathan Marg, Mangaluru (Dakshina Kannada)."
340,101020024202600340,202600340,2024-04-14,1003,24,1,1,1,2,2,3,2024-04-14 16:14:00,2024-04-14 16:14:00,2024-04-14 16:14:00,12.2791,76.6158,"Reported incident of robbery at Near Khosla Zila, Mysuru. Suspect vehicle noticed with plate KA-20-P-1405."
341,104430024202600341,202600341,2024-10-21,1004,24,1,2,1,1,1,1,2024-10-21 18:29:00,2024-10-21 18:29:00,2024-10-21 18:29:00,12.968,77.5681,"Reported incident of vehicle theft at Near Misra Chowk, Bengaluru Urban. Suspect vehicle noticed with plate KA-01-M-4175."
342,104430024202600342,202600342,2024-03-11,1004,24,1,1,2,4,1,1,2024-03-11 23:41:00,2024-03-11 23:41:00,2024-03-11 23:41:00,12.9867,77.6478,"Reported incident of assault at Near Iyer Ganj, Bengaluru Urban."
343,101020024202600343,202600343,2024-12-23,1003,24,1,2,1,1,1,3,2024-12-23 00:21:00,2024-12-23 00:21:00,2024-12-23 00:21:00,12.5831,76.8894,"Reported incident of cybercrime at Near Babu, Mandya."
344,101020024202600344,202600344,2024-04-17,1003,24,1,2,1,1,1,3,2024-04-17 21:44:00,2024-04-17 21:44:00,2024-04-17 21:44:00,13.0114,74.8591,"Reported incident of eve teasing at Near Narang Path, Mangaluru (Dakshina Kannada)."
345,101020024202600345,202600345,2024-05-15,1004,24,1,2,1,1,1,3,2024-05-15 13:03:00,2024-05-15 13:03:00,2024-05-15 13:03:00,15.3049,76.1199,"Reported incident of murder at Near Modi Road, Koppal."
346,101020024202600346,202600346,2024-11-19,1004,24,1,1,2,4,1,3,2024-11-19 04:00:00,2024-11-19 04:00:00,2024-11-19 04:00:00,16.7931,75.7138,"Reported incident of assault at Near Bora Nagar, Vijayapura."
347,104430024202600347,202600347,2025-05-17,1004,24,1,2,1,1,1,1,2025-05-17 21:14:00,2025-05-17 21:14:00,2025-05-17 21:14:00,13.034,77.5649,"Reported incident of fraud at Near Anne Zila, Bengaluru Urban."
348,101020024202600348,202600348,2024-10-16,1004,24,1,2,1,1,1,3,2024-10-16 13:05:00,2024-10-16 13:05:00,2024-10-16 13:05:00,13.8907,75.5495,"Reported incident of drug offence at Near Mishra, Shivamogga."
349,101020024202600349,202600349,2024-10-17,1001,24,1,2,1,3,1,3,2024-10-17 20:31:00,2024-10-17 20:31:00,2024-10-17 20:31:00,13.101,76.1939,"Reported incident of chain snatching at Near Basak Chowk, Hassan. Suspect vehicle noticed with plate KA-53-B-9862."
350,104430024202600350,202600350,2024-10-27,1003,24,1,2,1,3,1,1,2024-10-27 16:56:00,2024-10-27 16:56:00,2024-10-27 16:56:00,12.9967,77.6123,"Reported incident of chain snatching at Near Deep, Bengaluru Urban. Suspect vehicle noticed with plate KA-07-KB-6820."
351,101020024202600351,202600351,2024-11-02,1004,24,1,2,1,3,1,3,2024-11-02 20:22:00,2024-11-02 20:22:00,2024-11-02 20:22:00,12.5692,76.8674,"Reported incident of chain snatching at Near Mohan Ganj, Mandya. Suspect vehicle noticed with plate KA-34-B-5625."
352,104430024202600352,202600352,2024-06-17,1002,24,1,2,1,1,1,1,2024-06-17 21:45:00,2024-06-17 21:45:00,2024-06-17 21:45:00,13.0278,77.5857,"Reported incident of cybercrime at Near Dua Road, Bengaluru Urban."
353,104430024202600353,202600353,2024-12-28,1002,24,1,2,1,1,3,1,2024-12-28 23:01:00,2024-12-28 23:01:00,2024-12-28 23:01:00,12.982,77.5418,"Reported incident of drug offence at Near Garde Circle, Bengaluru Urban."
354,104430024202600354,202600354,2024-10-19,1001,24,1,2,1,1,1,1,2024-10-19 23:16:00,2024-10-19 23:16:00,2024-10-19 23:16:00,13.0298,77.561,"Reported incident of cybercrime at Near Dhaliwal Chowk, Bengaluru Urban."
355,101020024202600355,202600355,2024-06-08,1004,24,1,2,1,3,1,3,2024-06-08 09:27:00,2024-06-08 09:27:00,2024-06-08 09:27:00,15.3221,75.0864,"Reported incident of chain snatching at Near Dara Nagar, Hubballi-Dharwad. Suspect vehicle noticed with plate KA-21-A-4423."
356,104430024202600356,202600356,2024-01-24,1004,24,1,2,1,1,1,1,2024-01-24 23:54:00,2024-01-24 23:54:00,2024-01-24 23:54:00,12.8966,77.5781,"Reported incident of eve teasing at Near Ganguly Road, Bengaluru Urban."
357,104430024202600357,202600357,2024-06-08,1001,24,1,2,1,1,1,1,2024-06-08 15:05:00,2024-06-08 15:05:00,2024-06-08 15:05:00,13.0242,77.5806,"Reported incident of cybercrime at Near Soni Chowk, Bengaluru Urban."
358,101020024202600358,202600358,2024-03-26,1002,24,1,1,2,4,1,3,2024-03-26 11:39:00,2024-03-26 11:39:00,2024-03-26 11:39:00,12.5343,76.9733,"Reported incident of assault at Near Khosla, Mandya."
359,101020024202600359,202600359,2024-10-31,1004,24,1,2,1,1,2,3,2024-10-31 16:44:00,2024-10-31 16:44:00,2024-10-31 16:44:00,12.4973,76.924,"Reported incident of burglary at Near Arya Circle, Mandya."
360,101020024202600360,202600360,2024-12-15,1003,24,1,2,1,3,1,3,2024-12-15 04:18:00,2024-12-15 04:18:00,2024-12-15 04:18:00,13.9596,75.6291,"Reported incident of chain snatching at Near Goda Chowk, Shivamogga. Suspect vehicle noticed with plate KA-30-KB-9118."
361,101020024202600361,202600361,2024-04-18,1002,24,1,1,1,2,1,3,2024-04-18 10:42:00,2024-04-18 10:42:00,2024-04-18 10:42:00,13.2731,74.7498,"Reported incident of robbery at Near Dass, Udupi. Suspect vehicle noticed with plate KA-40-B-5411."
362,104430024202600362,202600362,2024-09-19,1001,24,1,2,1,1,1,1,2024-09-19 00:13:00,2024-09-19 00:13:00,2024-09-19 00:13:00,13.0,77.577,"Reported incident of burglary at Near Ratta Street, Bengaluru Urban."
363,104430024202600363,202600363,2025-02-02,1001,24,1,2,1,1,1,1,2025-02-02 21:33:00,2025-02-02 21:33:00,2025-02-02 21:33:00,12.8725,77.5464,"Reported incident of burglary at Near Seth Zila, Bengaluru Urban."
364,104430024202600364,202600364,2024-11-23,1001,24,1,2,1,1,3,1,2024-11-23 05:50:00,2024-11-23 05:50:00,2024-11-23 05:50:00,13.0299,77.5753,"Reported incident of vehicle theft at Near Issac Marg, Bengaluru Urban. Suspect vehicle noticed with plate KA-53-A-3518."
365,104430024202600365,202600365,2024-10-30,1001,24,1,2,1,1,1,1,2024-10-30 06:02:00,2024-10-30 06:02:00,2024-10-30 06:02:00,13.0253,77.5588,"Reported incident of property crime at Near Parikh Road, Bengaluru Urban."
366,104430024202600366,202600366,2024-09-07,1001,24,1,2,1,3,1,1,2024-09-07 00:13:00,2024-09-07 00:13:00,2024-09-07 00:13:00,13.0316,77.556,"Reported incident of chain snatching at Near Zachariah Street, Bengaluru Urban. Suspect vehicle noticed with plate KA-05-A-9459."
367,101020024202600367,202600367,2025-05-20,1003,24,1,2,1,1,2,3,2025-05-20 19:59:00,2025-05-20 19:59:00,2025-05-20 19:59:00,13.1964,78.0415,"Reported incident of vehicle theft at Near Varma Road, Kolar. Suspect vehicle noticed with plate KA-13-P-6093."
368,101020024202600368,202600368,2024-10-10,1002,24,1,2,1,3,1,3,2024-10-10 01:39:00,2024-10-10 01:39:00,2024-10-10 01:39:00,12.8729,74.8626,"Reported incident of chain snatching at Near Dey Road, Mangaluru (Dakshina Kannada). Suspect vehicle noticed with plate KA-01-P-8983."
369,101020024202600369,202600369,2024-12-29,1002,24,1,2,1,1,1,3,2024-12-29 10:06:00,2024-12-29 10:06:00,2024-12-29 10:06:00,13.2578,74.7815,"Reported incident of cybercrime at Near Sur Path, Udupi."
370,104430024202600370,202600370,2025-01-03,1003,24,1,1,1,2,1,1,2025-01-03 06:17:00,2025-01-03 06:17:00,2025-01-03 06:17:00,12.9198,77.5472,"Reported incident of robbery at Near Magar Street, Bengaluru Urban. Suspect vehicle noticed with plate KA-33-P-3202."
371,104430024202600371,202600371,2024-03-06,1002,24,1,2,1,1,2,1,2024-03-06 23:36:00,2024-03-06 23:36:00,2024-03-06 23:36:00,13.0301,77.5634,"Reported incident of murder at Near Kala Street, Bengaluru Urban."
372,101020024202600372,202600372,2024-04-01,1001,24,1,2,1,1,1,3,2024-04-01 15:34:00,2024-04-01 15:34:00,2024-04-01 15:34:00,16.1613,77.3385,"Reported incident of eve teasing at Near Bose, Raichur."
373,101020024202600373,202600373,2024-01-06,1002,24,1,2,1,1,1,3,2024-01-06 02:46:00,2024-01-06 02:46:00,2024-01-06 02:46:00,13.3701,74.6719,"Reported incident of vehicle theft at Near Randhawa Road, Udupi. Suspect vehicle noticed with plate KA-40-N-4693."
374,101020024202600374,202600374,2024-10-11,1004,24,1,2,1,1,2,3,2024-10-11 16:18:00,2024-10-11 16:18:00,2024-10-11 16:18:00,16.2265,77.2881,"Reported incident of property crime at Near Karan Nagar, Raichur."
375,101020024202600375,202600375,2025-05-20,1002,24,1,2,1,1,1,3,2025-05-20 18:22:00,2025-05-20 18:22:00,2025-05-20 18:22:00,14.4894,75.9288,"Reported incident of fraud at Near Mane Path, Davangere."
376,101020024202600376,202600376,2024-09-18,1004,24,1,2,1,1,2,3,2024-09-18 10:30:00,2024-09-18 10:30:00,2024-09-18 10:30:00,15.4005,76.0805,"Reported incident of vehicle theft at Near Kuruvilla Zila, Koppal. Suspect vehicle noticed with plate KA-13-N-6205."
377,101020024202600377,202600377,2025-05-17,1004,24,1,2,1,3,1,3,2025-05-17 07:23:00,2025-05-17 07:23:00,2025-05-17 07:23:00,13.9941,75.6171,"Reported incident of chain snatching at Near Kata Road, Shivamogga. Suspect vehicle noticed with plate KA-03-A-6951."
378,101020024202600378,202600378,2024-01-07,1004,24,1,2,1,1,3,3,2024-01-07 11:25:00,2024-01-07 11:25:00,2024-01-07 11:25:00,13.3266,77.135,"Reported incident of domestic violence at Near Guha Road, Tumakuru."
379,101020024202600379,202600379,2024-10-27,1003,24,1,2,1,1,1,3,2024-10-27 23:23:00,2024-10-27 23:23:00,2024-10-27 23:23:00,17.9975,77.4335,"Reported incident of burglary at Near Behl Zila, Bidar."
380,104430024202600380,202600380,2024-10-25,1001,24,1,2,1,1,1,1,2024-10-25 16:18:00,2024-10-25 16:18:00,2024-10-25 16:18:00,12.9797,77.59,"Reported incident of vehicle theft at Near Wali Ganj, Bengaluru Urban. Suspect vehicle noticed with plate KA-04-KA-3132."
381,101020024202600381,202600381,2024-08-30,1003,24,1,2,1,3,2,3,2024-08-30 14:57:00,2024-08-30 14:57:00,2024-08-30 14:57:00,12.8671,74.8752,"Reported incident of chain snatching at Near Malhotra Nagar, Mangaluru (Dakshina Kannada). Suspect vehicle noticed with plate KA-47-N-9083."
382,101020024202600382,202600382,2024-07-13,1004,24,1,1,1,2,1,3,2024-07-13 08:17:00,2024-07-13 08:17:00,2024-07-13 08:17:00,13.1813,78.0873,"Reported incident of robbery at Near Handa Ganj, Kolar. Suspect vehicle noticed with plate KA-31-KB-8446."
383,101020024202600383,202600383,2025-02-28,1002,24,1,2,1,1,1,3,2025-02-28 21:44:00,2025-02-28 21:44:00,2025-02-28 21:44:00,13.3487,77.141,"Reported incident of hit and run at Near Khalsa Ganj, Tumakuru."
384,104430024202600384,202600384,2025-06-01,1002,24,1,1,2,4,1,1,2025-06-01 07:54:00,2025-06-01 07:54:00,2025-06-01 07:54:00,12.9007,77.5895,"Reported incident of assault at Near Padmanabhan Zila, Bengaluru Urban."
385,101020024202600385,202600385,2024-10-05,1003,24,1,1,2,4,1,3,2024-10-05 01:28:00,2024-10-05 01:28:00,2024-10-05 01:28:00,15.184,76.8712,"Reported incident of assault at Near Vig Circle, Ballari."
386,101020024202600386,202600386,2024-05-13,1002,24,1,2,1,1,1,3,2024-05-13 03:06:00,2024-05-13 03:06:00,2024-05-13 03:06:00,13.2313,78.0792,"Reported incident of fraud at Near Arora, Kolar."
387,101020024202600387,202600387,2024-11-28,1003,24,1,2,1,1,1,3,2024-11-28 21:57:00,2024-11-28 21:57:00,2024-11-28 21:57:00,13.9347,75.6484,"Reported incident of vehicle theft at Near Sani Circle, Shivamogga. Suspect vehicle noticed with plate KA-51-M-1002."
388,101020024202600388,202600388,2024-06-16,1003,24,1,2,1,1,1,3,2024-06-16 23:39:00,2024-06-16 23:39:00,2024-06-16 23:39:00,16.7947,75.6945,"Reported incident of eve teasing at Near Krishna Marg, Vijayapura."
389,104430024202600389,202600389,2024-10-30,1003,24,1,1,1,2,1,1,2024-10-30 03:13:00,2024-10-30 03:13:00,2024-10-30 03:13:00,12.9671,77.5686,"Reported incident of robbery at Near Merchant Ganj, Bengaluru Urban. Suspect vehicle noticed with plate KA-23-M-4590."
390,104430024202600390,202600390,2024-06-12,1001,24,1,2,1,1,1,1,2024-06-12 18:38:00,2024-06-12 18:38:00,2024-06-12 18:38:00,13.1573,77.5676,"Reported incident of burglary at Near Pradhan Nagar, Bengaluru Rural."
391,104430024202600391,202600391,2024-09-14,1002,24,1,2,1,1,1,1,2024-09-14 05:55:00,2024-09-14 05:55:00,2024-09-14 05:55:00,13.0328,77.5574,"Reported incident of drug offence at Near Talwar Marg, Bengaluru Urban."
392,101020024202600392,202600392,2024-01-15,1002,24,1,2,1,1,1,3,2024-01-15 09:51:00,2024-01-15 09:51:00,2024-01-15 09:51:00,16.7452,75.7861,"Reported incident of fraud at Near Suri Road, Vijayapura."
393,101020024202600393,202600393,2024-03-19,1004,24,1,2,1,1,3,3,2024-03-19 01:51:00,2024-03-19 01:51:00,2024-03-19 01:51:00,12.9878,74.892,"Reported incident of drug offence at Near Reddy, Mangaluru (Dakshina Kannada)."
394,101020024202600394,202600394,2024-05-11,1002,24,1,2,1,1,3,3,2024-05-11 02:57:00,2024-05-11 02:57:00,2024-05-11 02:57:00,13.9881,75.6317,"Reported incident of property crime at Near Sidhu Chowk, Shivamogga."
395,101020024202600395,202600395,2024-04-25,1001,24,1,2,1,1,1,3,2024-04-25 13:38:00,2024-04-25 13:38:00,2024-04-25 13:38:00,12.5007,76.9767,"Reported incident of burglary at Near Pandya Zila, Mandya."
396,104430024202600396,202600396,2025-02-17,1003,24,1,2,1,1,1,1,2025-02-17 09:46:00,2025-02-17 09:46:00,2025-02-17 09:46:00,13.0372,77.5627,"Reported incident of drug offence at Near Dhar Path, Bengaluru Urban."
397,101020024202600397,202600397,2024-08-07,1002,24,1,1,2,4,2,3,2024-08-07 11:40:00,2024-08-07 11:40:00,2024-08-07 11:40:00,12.4926,76.8874,"Reported incident of assault at Near Madan Path, Mandya."
398,104430024202600398,202600398,2024-06-24,1003,24,1,1,1,2,2,1,2024-06-24 08:03:00,2024-06-24 08:03:00,2024-06-24 08:03:00,13.1935,77.6118,"Reported incident of robbery at Near Nadig Zila, Bengaluru Rural. Suspect vehicle noticed with plate KA-30-KB-1160."
399,101020024202600399,202600399,2025-02-13,1002,24,1,2,1,1,1,3,2025-02-13 12:59:00,2025-02-13 12:59:00,2025-02-13 12:59:00,15.2813,75.1181,"Reported incident of murder at Near Dave Marg, Hubballi-Dharwad."
400,101020024202600400,202600400,2024-03-24,1003,24,1,1,2,4,2,3,2024-03-24 12:08:00,2024-03-24 12:08:00,2024-03-24 12:08:00,15.824,74.5047,"Reported incident of assault at Near Som, Belagavi."
401,101020024202600401,202600401,2024-12-22,1003,24,1,2,1,1,1,3,2024-12-22 06:23:00,2024-12-22 06:23:00,2024-12-22 06:23:00,13.9583,75.6216,"Reported incident of property crime at Near Bhatt Road, Shivamogga."
402,101020024202600402,202600402,2025-03-24,1003,24,1,2,1,1,1,3,2025-03-24 01:05:00,2025-03-24 01:05:00,2025-03-24 01:05:00,15.3159,75.1252,"Reported incident of burglary at Near Chada Ganj, Hubballi-Dharwad."
403,104430024202600403,202600403,2025-04-18,1002,24,1,2,1,1,1,1,2025-04-18 11:46:00,2025-04-18 11:46:00,2025-04-18 11:46:00,12.969,77.6321,"Reported incident of burglary at Near Ganesh Ganj, Bengaluru Urban."
404,101020024202600404,202600404,2024-06-11,1004,24,1,1,2,4,1,3,2024-06-11 02:44:00,2024-06-11 02:44:00,2024-06-11 02:44:00,15.3558,75.0779,"Reported incident of assault at Near Prashad Chowk, Hubballi-Dharwad."
405,101020024202600405,202600405,2024-04-28,1004,24,1,1,2,4,1,3,2024-04-28 03:56:00,2024-04-28 03:56:00,2024-04-28 03:56:00,15.8391,74.5066,"Reported incident of assault at Near Naidu Marg, Belagavi."
406,101020024202600406,202600406,2024-11-15,1001,24,1,2,1,1,1,3,2024-11-15 00:01:00,2024-11-15 00:01:00,2024-11-15 00:01:00,15.3195,75.1114,"Reported incident of vehicle theft at Near Bora Circle, Hubballi-Dharwad. Suspect vehicle noticed with plate KA-43-KA-1375."
407,101020024202600407,202600407,2024-12-31,1002,24,1,2,1,1,1,3,2024-12-31 16:51:00,2024-12-31 16:51:00,2024-12-31 16:51:00,15.3399,76.1933,"Reported incident of vehicle theft at Near Krishnamurthy Path, Koppal. Suspect vehicle noticed with plate KA-43-KA-1178."
408,104430024202600408,202600408,2024-01-12,1001,24,1,2,1,1,1,1,2024-01-12 13:01:00,2024-01-12 13:01:00,2024-01-12 13:01:00,13.0199,77.5639,"Reported incident of cybercrime at Near Srinivasan Zila, Bengaluru Urban."
409,104430024202600409,202600409,2024-04-18,1002,24,1,1,1,2,1,1,2024-04-18 11:41:00,2024-04-18 11:41:00,2024-04-18 11:41:00,13.0068,77.5505,"Reported incident of robbery at Near Nagar Circle, Bengaluru Urban. Suspect vehicle noticed with plate KA-52-KB-3922."
410,104430024202600410,202600410,2024-12-18,1002,24,1,2,1,1,2,1,2024-12-18 09:34:00,2024-12-18 09:34:00,2024-12-18 09:34:00,13.0132,77.5607,"Reported incident of vehicle theft at Near Sarin Marg, Bengaluru Urban. Suspect vehicle noticed with plate KA-12-A-9367."
411,101020024202600411,202600411,2024-04-20,1001,24,1,2,1,1,1,3,2024-04-20 18:16:00,2024-04-20 18:16:00,2024-04-20 18:16:00,12.5064,76.9114,"Reported incident of burglary at Near Ramaswamy Chowk, Mandya."
412,101020024202600412,202600412,2024-12-07,1003,24,1,2,1,1,2,3,2024-12-07 18:04:00,2024-12-07 18:04:00,2024-12-07 18:04:00,13.9837,75.5451,"Reported incident of vehicle theft at Near Dalal Ganj, Shivamogga. Suspect vehicle noticed with plate KA-25-KA-1406."
413,101020024202600413,202600413,2025-05-12,1004,24,1,1,2,4,1,3,2025-05-12 04:16:00,2025-05-12 04:16:00,2025-05-12 04:16:00,17.4074,76.857,"Reported incident of assault at Near Hayre Chowk, Kalaburagi."
414,101020024202600414,202600414,2024-12-22,1003,24,1,2,1,1,1,3,2024-12-22 04:45:00,2024-12-22 04:45:00,2024-12-22 04:45:00,17.8215,77.5707,"Reported incident of fraud at Near Sant Ganj, Bidar."
415,104430024202600415,202600415,2024-10-28,1004,24,1,2,1,1,1,1,2024-10-28 01:29:00,2024-10-28 01:29:00,2024-10-28 01:29:00,13.0174,77.5906,"Reported incident of vehicle theft at Near Pandit Chowk, Bengaluru Urban. Suspect vehicle noticed with plate KA-53-M-9711."
416,101020024202600416,202600416,2024-08-08,1004,24,1,2,1,1,1,3,2024-08-08 11:18:00,2024-08-08 11:18:00,2024-08-08 11:18:00,13.2816,74.7923,"Reported incident of cybercrime at Near Dyal Nagar, Udupi."
417,101020024202600417,202600417,2024-11-19,1001,24,1,2,1,3,1,3,2024-11-19 05:35:00,2024-11-19 05:35:00,2024-11-19 05:35:00,12.8686,74.8615,"Reported incident of chain snatching at Near Bhatnagar, Mangaluru (Dakshina Kannada). Suspect vehicle noticed with plate KA-03-M-4633."
418,101020024202600418,202600418,2025-03-23,1002,24,1,1,2,4,1,3,2025-03-23 12:13:00,2025-03-23 12:13:00,2025-03-23 12:13:00,17.3723,76.7704,"Reported incident of assault at Near Ghose Road, Kalaburagi."
419,101020024202600419,202600419,2024-12-24,1003,24,1,2,1,3,1,3,2024-12-24 08:14:00,2024-12-24 08:14:00,2024-12-24 08:14:00,13.304,77.0881,"Reported incident of chain snatching at Near Dyal Zila, Tumakuru. Suspect vehicle noticed with plate KA-18-A-1736."
420,104430024202600420,202600420,2025-03-22,1004,24,1,2,1,1,1,1,2025-03-22 01:22:00,2025-03-22 01:22:00,2025-03-22 01:22:00,13.0164,77.5159,"Reported incident of domestic violence at Near Lala Zila, Bengaluru Urban."
421,101020024202600421,202600421,2024-11-05,1002,24,1,2,1,1,1,3,2024-11-05 07:47:00,2024-11-05 07:47:00,2024-11-05 07:47:00,17.9457,77.4911,"Reported incident of vehicle theft at Near Vohra Chowk, Bidar. Suspect vehicle noticed with plate KA-11-P-5483."
422,104430024202600422,202600422,2024-04-03,1004,24,1,2,1,1,1,1,2024-04-03 12:05:00,2024-04-03 12:05:00,2024-04-03 12:05:00,12.9046,77.5401,"Reported incident of vehicle theft at Near Bhatnagar Street, Bengaluru Urban. Suspect vehicle noticed with plate KA-34-B-6947."
423,101020024202600423,202600423,2024-12-06,1001,24,1,1,2,4,1,3,2024-12-06 03:50:00,2024-12-06 03:50:00,2024-12-06 03:50:00,12.3036,76.6281,"Reported incident of assault at Near Madan Street, Mysuru."
424,101020024202600424,202600424,2025-02-22,1002,24,1,2,1,3,2,3,2025-02-22 17:16:00,2025-02-22 17:16:00,2025-02-22 17:16:00,13.0908,76.1788,"Reported incident of chain snatching at Near Tripathi Zila, Hassan. Suspect vehicle noticed with plate KA-06-N-2878."
425,104430024202600425,202600425,2024-02-19,1004,24,1,2,1,1,1,1,2024-02-19 18:14:00,2024-02-19 18:14:00,2024-02-19 18:14:00,12.973,77.6364,"Reported incident of fraud at Near Seshadri Nagar, Bengaluru Urban."
426,104430024202600426,202600426,2024-10-21,1001,24,1,2,1,1,1,1,2024-10-21 22:25:00,2024-10-21 22:25:00,2024-10-21 22:25:00,12.989,77.5915,"Reported incident of kidnapping at Near Ramesh Path, Bengaluru Urban."
427,101020024202600427,202600427,2024-04-27,1001,24,1,2,1,3,1,3,2024-04-27 07:59:00,2024-04-27 07:59:00,2024-04-27 07:59:00,13.0787,78.1842,"Reported incident of chain snatching at Near Luthra Street, Kolar. Suspect vehicle noticed with plate KA-34-KA-7874."
428,101020024202600428,202600428,2024-06-27,1002,24,1,2,1,1,2,3,2024-06-27 14:30:00,2024-06-27 14:30:00,2024-06-27 14:30:00,12.9884,74.8362,"Reported incident of eve teasing at Near Gole Street, Mangaluru (Dakshina Kannada)."
429,101020024202600429,202600429,2024-02-22,1004,24,1,2,1,3,1,3,2024-02-22 15:45:00,2024-02-22 15:45:00,2024-02-22 15:45:00,13.3106,74.7547,"Reported incident of chain snatching at Near Chaudry Marg, Udupi. Suspect vehicle noticed with plate KA-48-A-7232."
430,101020024202600430,202600430,2024-11-19,1004,24,1,2,1,1,1,3,2024-11-19 23:32:00,2024-11-19 23:32:00,2024-11-19 23:32:00,13.4015,74.6508,"Reported incident of fraud at Near Srinivasan Road, Udupi."
431,101020024202600431,202600431,2024-04-04,1003,24,1,2,1,1,1,3,2024-04-04 06:43:00,2024-04-04 06:43:00,2024-04-04 06:43:00,14.5339,75.8961,"Reported incident of vehicle theft at Near Natarajan Street, Davangere. Suspect vehicle noticed with plate KA-26-KA-6940."
432,101020024202600432,202600432,2025-04-17,1004,24,1,2,1,3,1,3,2025-04-17 18:23:00,2025-04-17 18:23:00,2025-04-17 18:23:00,12.9596,74.875,"Reported incident of chain snatching at Near Keer Nagar, Mangaluru (Dakshina Kannada). Suspect vehicle noticed with plate KA-36-KA-6169."
433,101020024202600433,202600433,2024-05-15,1002,24,1,2,1,1,1,3,2024-05-15 08:45:00,2024-05-15 08:45:00,2024-05-15 08:45:00,15.1763,76.8494,"Reported incident of murder at Near More Marg, Ballari."
434,101020024202600434,202600434,2024-01-09,1001,24,1,1,2,4,1,3,2024-01-09 12:44:00,2024-01-09 12:44:00,2024-01-09 12:44:00,16.2624,77.3342,"Reported incident of assault at Near Kala Ganj, Raichur."
435,101020024202600435,202600435,2025-01-10,1001,24,1,2,1,1,1,3,2025-01-10 08:56:00,2025-01-10 08:56:00,2025-01-10 08:56:00,13.3106,74.7142,"Reported incident of burglary at Near Madan Circle, Udupi."
436,104430024202600436,202600436,2024-08-10,1001,24,1,2,1,1,3,1,2024-08-10 13:05:00,2024-08-10 13:05:00,2024-08-10 13:05:00,12.9669,77.6191,"Reported incident of vehicle theft at Near Kanda Chowk, Bengaluru Urban. Suspect vehicle noticed with plate KA-38-N-6603."
437,101020024202600437,202600437,2024-03-04,1002,24,1,2,1,1,1,3,2024-03-04 14:52:00,2024-03-04 14:52:00,2024-03-04 14:52:00,13.2613,74.8017,"Reported incident of fraud at Near Khalsa Ganj, Udupi."
438,104430024202600438,202600438,2024-12-19,1002,24,1,2,1,3,1,1,2024-12-19 06:55:00,2024-12-19 06:55:00,2024-12-19 06:55:00,13.019,77.5869,"Reported incident of chain snatching at Near Patel Street, Bengaluru Urban. Suspect vehicle noticed with plate KA-38-N-5098."
439,104430024202600439,202600439,2024-10-01,1002,24,1,2,1,1,1,1,2024-10-01 09:39:00,2024-10-01 09:39:00,2024-10-01 09:39:00,13.1997,77.5014,"Reported incident of burglary at Near Ray Chowk, Bengaluru Rural."
440,101020024202600440,202600440,2024-01-29,1002,24,1,2,1,1,2,3,2024-01-29 04:12:00,2024-01-29 04:12:00,2024-01-29 04:12:00,15.8423,74.4834,"Reported incident of property crime at Near Tripathi Chowk, Belagavi."
441,101020024202600441,202600441,2024-12-07,1001,24,1,2,1,1,1,3,2024-12-07 02:00:00,2024-12-07 02:00:00,2024-12-07 02:00:00,16.7735,75.6329,"Reported incident of vehicle theft at Near Mody Marg, Vijayapura. Suspect vehicle noticed with plate KA-19-A-7838."
442,101020024202600442,202600442,2024-04-29,1003,24,1,2,1,1,1,3,2024-04-29 19:49:00,2024-04-29 19:49:00,2024-04-29 19:49:00,15.0735,76.862,"Reported incident of property crime at Near Narayan Road, Ballari."
443,104430024202600443,202600443,2024-08-29,1001,24,1,2,1,1,1,1,2024-08-29 07:11:00,2024-08-29 07:11:00,2024-08-29 07:11:00,12.998,77.5783,"Reported incident of domestic violence at Near Randhawa Street, Bengaluru Urban."
444,104430024202600444,202600444,2024-04-12,1003,24,1,1,1,2,1,1,2024-04-12 21:33:00,2024-04-12 21:33:00,2024-04-12 21:33:00,12.9041,77.5847,"Reported incident of robbery at Near Krish Street, Bengaluru Urban. Suspect vehicle noticed with plate KA-25-KB-8787."
445,101020024202600445,202600445,2024-07-12,1003,24,1,2,1,1,1,3,2024-07-12 16:08:00,2024-07-12 16:08:00,2024-07-12 16:08:00,17.3741,76.8928,"Reported incident of hit and run at Near Dhillon Path, Kalaburagi."
446,104430024202600446,202600446,2024-12-09,1002,24,1,2,1,1,1,1,2024-12-09 22:54:00,2024-12-09 22:54:00,2024-12-09 22:54:00,13.0032,77.6049,"Reported incident of vehicle theft at Near Patil Circle, Bengaluru Urban. Suspect vehicle noticed with plate KA-51-A-8830."
447,101020024202600447,202600447,2024-01-09,1003,24,1,2,1,3,1,3,2024-01-09 21:54:00,2024-01-09 21:54:00,2024-01-09 21:54:00,16.1531,77.3847,"Reported incident of chain snatching at Near Lad Path, Raichur. Suspect vehicle noticed with plate KA-54-M-5523."
448,104430024202600448,202600448,2025-01-31,1003,24,1,2,1,1,1,1,2025-01-31 14:24:00,2025-01-31 14:24:00,2025-01-31 14:24:00,12.9821,77.587,"Reported incident of domestic violence at Near Dubey Chowk, Bengaluru Urban."
449,101020024202600449,202600449,2024-09-04,1001,24,1,2,1,1,1,3,2024-09-04 10:53:00,2024-09-04 10:53:00,2024-09-04 10:53:00,13.0771,76.0051,"Reported incident of vehicle theft at Near Nagarajan Zila, Hassan. Suspect vehicle noticed with plate KA-26-KB-8514."
450,101020024202600450,202600450,2024-12-25,1001,24,1,2,1,3,1,3,2024-12-25 03:11:00,2024-12-25 03:11:00,2024-12-25 03:11:00,12.8267,74.8594,"Reported incident of chain snatching at Near Majumdar Ganj, Mangaluru (Dakshina Kannada). Suspect vehicle noticed with plate KA-54-KA-1537."
451,104430024202600451,202600451,2024-03-01,1001,24,1,2,1,1,2,1,2024-03-01 06:01:00,2024-03-01 06:01:00,2024-03-01 06:01:00,13.0176,77.5689,"Reported incident of hit and run at Near Pal Marg, Bengaluru Urban."
452,101020024202600452,202600452,2025-02-27,1004,24,1,2,1,1,1,3,2025-02-27 10:00:00,2025-02-27 10:00:00,2025-02-27 10:00:00,15.3404,75.0931,"Reported incident of cybercrime at Near Magar Chowk, Hubballi-Dharwad."
453,101020024202600453,202600453,2024-10-21,1002,24,1,1,2,4,1,3,2024-10-21 15:30:00,2024-10-21 15:30:00,2024-10-21 15:30:00,12.3281,76.5998,"Reported incident of assault at Near Talwar Zila, Mysuru."
454,104430024202600454,202600454,2024-09-11,1002,24,1,2,1,1,1,1,2024-09-11 04:01:00,2024-09-11 04:01:00,2024-09-11 04:01:00,13.0053,77.5597,"Reported incident of burglary at Near Rattan Marg, Bengaluru Urban."
455,101020024202600455,202600455,2024-07-19,1004,24,1,1,1,2,1,3,2024-07-19 15:41:00,2024-07-19 15:41:00,2024-07-19 15:41:00,12.5723,76.9188,"Reported incident of robbery at Near Samra Street, Mandya. Suspect vehicle noticed with plate KA-45-A-7820."
456,101020024202600456,202600456,2025-04-13,1004,24,1,2,1,1,1,3,2025-04-13 17:53:00,2025-04-13 17:53:00,2025-04-13 17:53:00,15.3724,76.1605,"Reported incident of cybercrime at Near Sura Nagar, Koppal."
457,101020024202600457,202600457,2024-05-17,1003,24,1,2,1,1,1,3,2024-05-17 08:25:00,2024-05-17 08:25:00,2024-05-17 08:25:00,17.9247,77.5256,"Reported incident of hit and run at Near Batra Path, Bidar."
458,101020024202600458,202600458,2025-05-15,1002,24,1,2,1,3,1,3,2025-05-15 18:21:00,2025-05-15 18:21:00,2025-05-15 18:21:00,13.3654,77.1412,"Reported incident of chain snatching at Near Mukherjee Marg, Tumakuru. Suspect vehicle noticed with plate KA-47-KA-1215."
459,101020024202600459,202600459,2024-11-01,1001,24,1,2,1,1,1,3,2024-11-01 00:59:00,2024-11-01 00:59:00,2024-11-01 00:59:00,13.1031,76.156,"Reported incident of vehicle theft at Near Char Circle, Hassan. Suspect vehicle noticed with plate KA-19-KA-8244."
460,101020024202600460,202600460,2024-07-14,1002,24,1,2,1,3,1,3,2024-07-14 19:55:00,2024-07-14 19:55:00,2024-07-14 19:55:00,13.3114,75.7226,"Reported incident of chain snatching at Near Tara Zila, Chikkamagaluru. Suspect vehicle noticed with plate KA-44-M-8270."
461,101020024202600461,202600461,2024-02-12,1004,24,1,2,1,1,1,3,2024-02-12 05:54:00,2024-02-12 05:54:00,2024-02-12 05:54:00,17.2504,76.8364,"Reported incident of property crime at Near Sachar Path, Kalaburagi."
462,104430024202600462,202600462,2024-02-20,1001,24,1,2,1,1,1,1,2024-02-20 01:46:00,2024-02-20 01:46:00,2024-02-20 01:46:00,13.0129,77.5598,"Reported incident of hit and run at Near Kamdar Chowk, Bengaluru Urban."
463,101020024202600463,202600463,2024-08-19,1002,24,1,1,2,4,2,3,2024-08-19 05:29:00,2024-08-19 05:29:00,2024-08-19 05:29:00,15.3922,76.1768,"Reported incident of assault at Near Nagi Ganj, Koppal."
464,101020024202600464,202600464,2024-05-30,1002,24,1,2,1,1,1,3,2024-05-30 16:11:00,2024-05-30 16:11:00,2024-05-30 16:11:00,13.9865,75.6028,"Reported incident of property crime at Near Lal Nagar, Shivamogga."
465,101020024202600465,202600465,2025-04-24,1001,24,1,2,1,3,1,3,2025-04-24 05:23:00,2025-04-24 05:23:00,2025-04-24 05:23:00,13.0445,76.0459,"Reported incident of chain snatching at Near Thaman Road, Hassan. Suspect vehicle noticed with plate KA-43-A-1931."
466,101020024202600466,202600466,2024-12-14,1003,24,1,2,1,1,2,3,2024-12-14 12:58:00,2024-12-14 12:58:00,2024-12-14 12:58:00,12.9136,76.0289,"Reported incident of vehicle theft at Near Sabharwal Circle, Hassan. Suspect vehicle noticed with plate KA-45-KA-6805."
467,104430024202600467,202600467,2024-12-16,1002,24,1,1,2,4,1,1,2024-12-16 18:51:00,2024-12-16 18:51:00,2024-12-16 18:51:00,12.9886,77.5984,"Reported incident of assault at Near Madan Zila, Bengaluru Urban."
468,101020024202600468,202600468,2024-07-05,1001,24,1,2,1,1,1,3,2024-07-05 10:14:00,2024-07-05 10:14:00,2024-07-05 10:14:00,13.0091,74.8791,"Reported incident of eve teasing at Near Bhalla, Mangaluru (Dakshina Kannada)."
469,101020024202600469,202600469,2024-08-24,1004,24,1,2,1,1,1,3,2024-08-24 12:17:00,2024-08-24 12:17:00,2024-08-24 12:17:00,13.3999,77.0833,"Reported incident of cybercrime at Near Merchant Path, Tumakuru."
470,101020024202600470,202600470,2024-04-04,1001,24,1,2,1,1,2,3,2024-04-04 14:08:00,2024-04-04 14:08:00,2024-04-04 14:08:00,16.133,77.399,"Reported incident of fraud at Near Bath Zila, Raichur."
471,101020024202600471,202600471,2025-01-02,1004,24,1,1,2,4,1,3,2025-01-02 01:57:00,2025-01-02 01:57:00,2025-01-02 01:57:00,17.9316,77.5197,"Reported incident of assault at Near Singh Path, Bidar."
472,101020024202600472,202600472,2024-04-17,1004,24,1,1,2,4,1,3,2024-04-17 12:14:00,2024-04-17 12:14:00,2024-04-17 12:14:00,13.2831,74.7653,"Reported incident of assault at Near Viswanathan Path, Udupi."
473,101020024202600473,202600473,2024-11-20,1003,24,1,2,1,1,1,3,2024-11-20 01:31:00,2024-11-20 01:31:00,2024-11-20 01:31:00,13.2013,78.0937,"Reported incident of vehicle theft at Near Pall Chowk, Kolar. Suspect vehicle noticed with plate KA-12-KA-5484."
474,104430024202600474,202600474,2024-10-24,1004,24,1,1,1,2,1,1,2024-10-24 04:12:00,2024-10-24 04:12:00,2024-10-24 04:12:00,12.9176,77.5601,"Reported incident of robbery at Near Kothari Street, Bengaluru Urban. Suspect vehicle noticed with plate KA-16-KA-4102."
475,104430024202600475,202600475,2024-05-11,1003,24,1,1,2,4,2,1,2024-05-11 05:02:00,2024-05-11 05:02:00,2024-05-11 05:02:00,12.9938,77.593,"Reported incident of assault at Near Dutt Street, Bengaluru Urban."
476,101020024202600476,202600476,2024-11-17,1003,24,1,2,1,1,2,3,2024-11-17 15:50:00,2024-11-17 15:50:00,2024-11-17 15:50:00,17.9189,77.5166,"Reported incident of vehicle theft at Near Boase Chowk, Bidar. Suspect vehicle noticed with plate KA-23-B-3415."
477,104430024202600477,202600477,2024-11-18,1003,24,1,2,1,1,1,1,2024-11-18 05:11:00,2024-11-18 05:11:00,2024-11-18 05:11:00,13.0193,77.6052,"Reported incident of vehicle theft at Near Mutti Road, Bengaluru Urban. Suspect vehicle noticed with plate KA-20-M-7594."
478,101020024202600478,202600478,2024-02-09,1001,24,1,2,1,1,1,3,2024-02-09 15:59:00,2024-02-09 15:59:00,2024-02-09 15:59:00,16.1927,77.2648,"Reported incident of burglary at Near Vora Circle, Raichur."
479,101020024202600479,202600479,2025-03-01,1004,24,1,2,1,1,1,3,2025-03-01 23:07:00,2025-03-01 23:07:00,2025-03-01 23:07:00,12.2712,76.6264,"Reported incident of domestic violence at Near Sidhu Chowk, Mysuru."
480,101020024202600480,202600480,2024-07-17,1001,24,1,2,1,1,1,3,2024-07-17 12:06:00,2024-07-17 12:06:00,2024-07-17 12:06:00,15.8557,74.5411,"Reported incident of burglary at Near Saha Path, Belagavi."
481,101020024202600481,202600481,2024-01-07,1004,24,1,2,1,1,1,3,2024-01-07 17:55:00,2024-01-07 17:55:00,2024-01-07 17:55:00,14.5308,75.9786,"Reported incident of burglary at Near Nayak Road, Davangere."
482,101020024202600482,202600482,2024-05-31,1004,24,1,2,1,1,1,3,2024-05-31 09:47:00,2024-05-31 09:47:00,2024-05-31 09:47:00,12.3933,76.6867,"Reported incident of cybercrime at Near Din Zila, Mysuru."
483,101020024202600483,202600483,2024-02-15,1003,24,1,1,1,2,1,3,2024-02-15 00:03:00,2024-02-15 00:03:00,2024-02-15 00:03:00,12.3349,76.5859,"Reported incident of robbery at Near Mukherjee Street, Mysuru. Suspect vehicle noticed with plate KA-45-N-1963."
484,101020024202600484,202600484,2024-03-26,1002,24,1,2,1,3,1,3,2024-03-26 20:07:00,2024-03-26 20:07:00,2024-03-26 20:07:00,12.5453,76.9013,"Reported incident of chain snatching at Near Natarajan Road, Mandya. Suspect vehicle noticed with plate KA-28-N-6150."
485,101020024202600485,202600485,2024-01-12,1002,24,1,2,1,1,2,3,2024-01-12 22:50:00,2024-01-12 22:50:00,2024-01-12 22:50:00,12.3232,76.5546,"Reported incident of hit and run at Near Maharaj Road, Mysuru."
486,104430024202600486,202600486,2024-08-17,1001,24,1,2,1,1,1,1,2024-08-17 14:36:00,2024-08-17 14:36:00,2024-08-17 14:36:00,12.9938,77.5554,"Reported incident of kidnapping at Near Deshmukh Marg, Bengaluru Urban."
487,101020024202600487,202600487,2024-03-19,1003,24,1,2,1,1,1,3,2024-03-19 22:42:00,2024-03-19 22:42:00,2024-03-19 22:42:00,15.1788,76.8591,"Reported incident of fraud at Near Dubey Zila, Ballari."
488,101020024202600488,202600488,2024-08-27,1002,24,1,2,1,1,1,3,2024-08-27 06:26:00,2024-08-27 06:26:00,2024-08-27 06:26:00,12.8694,74.8999,"Reported incident of property crime at Near Nagar, Mangaluru (Dakshina Kannada)."
489,101020024202600489,202600489,2024-11-13,1004,24,1,2,1,1,1,3,2024-11-13 08:33:00,2024-11-13 08:33:00,2024-11-13 08:33:00,12.5751,76.9338,"Reported incident of vehicle theft at Near Memon Circle, Mandya. Suspect vehicle noticed with plate KA-03-KA-3979."
490,101020024202600490,202600490,2024-03-26,1004,24,1,2,1,1,1,3,2024-03-26 15:32:00,2024-03-26 15:32:00,2024-03-26 15:32:00,16.7763,75.6754,"Reported incident of cybercrime at Near Keer Zila, Vijayapura."
491,101020024202600491,202600491,2024-02-07,1002,24,1,1,1,2,2,3,2024-02-07 19:18:00,2024-02-07 19:18:00,2024-02-07 19:18:00,13.1837,78.0357,"Reported incident of robbery at Near Luthra, Kolar. Suspect vehicle noticed with plate KA-06-B-4041."
492,104430024202600492,202600492,2024-11-13,1003,24,1,2,1,1,2,1,2024-11-13 05:50:00,2024-11-13 05:50:00,2024-11-13 05:50:00,12.913,77.5469,"Reported incident of vehicle theft at Near Chopra Ganj, Bengaluru Urban. Suspect vehicle noticed with plate KA-53-KB-4271."
493,101020024202600493,202600493,2025-03-26,1004,24,1,2,1,1,1,3,2025-03-26 05:01:00,2025-03-26 05:01:00,2025-03-26 05:01:00,13.0491,76.0216,"Reported incident of property crime at Near Sangha, Hassan."
494,104430024202600494,202600494,2025-01-04,1001,24,1,1,2,4,3,1,2025-01-04 09:10:00,2025-01-04 09:10:00,2025-01-04 09:10:00,13.0238,77.5276,"Reported incident of assault at Near Natt Nagar, Bengaluru Urban."
495,104430024202600495,202600495,2025-04-19,1003,24,1,1,2,4,1,1,2025-04-19 18:53:00,2025-04-19 18:53:00,2025-04-19 18:53:00,13.033,77.5879,"Reported incident of assault at Near Sem Nagar, Bengaluru Urban."
496,101020024202600496,202600496,2025-01-17,1001,24,1,2,1,1,1,3,2025-01-17 10:16:00,2025-01-17 10:16:00,2025-01-17 10:16:00,12.3574,76.7067,"Reported incident of cybercrime at Near Andra Circle, Mysuru."
497,101020024202600497,202600497,2024-03-29,1003,24,1,2,1,1,1,3,2024-03-29 11:30:00,2024-03-29 11:30:00,2024-03-29 11:30:00,13.3676,75.7471,"Reported incident of senior citizen crime at Near Vyas Marg, Chikkamagaluru."
498,104430024202600498,202600498,2025-01-01,1002,24,1,2,1,1,1,1,2025-01-01 22:40:00,2025-01-01 22:40:00,2025-01-01 22:40:00,13.0091,77.5762,"Reported incident of cybercrime at Near Warrior Ganj, Bengaluru Urban."
499,101020024202600499,202600499,2025-01-01,1001,24,1,2,1,1,2,3,2025-01-01 09:06:00,2025-01-01 09:06:00,2025-01-01 09:06:00,13.9677,75.5971,"Reported incident of cybercrime at Near Jhaveri Street, Shivamogga."
500,101020024202600500,202600500,2025-01-10,1001,24,1,2,1,1,1,3,2025-01-10 02:27:00,2025-01-10 02:27:00,2025-01-10 02:27:00,15.3264,76.2013,"Reported incident of vehicle theft at Near Nazareth Marg, Koppal. Suspect vehicle noticed with plate KA-41-A-3782."
501,101020024202600501,202600501,2024-04-13,1003,24,1,2,1,3,2,3,2024-04-13 01:02:00,2024-04-13 01:02:00,2024-04-13 01:02:00,12.5648,76.8915,"Reported incident of chain snatching at Near Barad Street, Mandya. Suspect vehicle noticed with plate KA-51-N-1735."
502,104430024202600502,202600502,2024-07-25,1001,24,1,2,1,1,1,1,2024-07-25 17:14:00,2024-07-25 17:14:00,2024-07-25 17:14:00,13.0379,77.5396,"Reported incident of vehicle theft at Near Brar, Bengaluru Urban. Suspect vehicle noticed with plate KA-34-KA-5209."
503,104430024202600503,202600503,2024-04-22,1002,24,1,2,1,1,1,1,2024-04-22 09:38:00,2024-04-22 09:38:00,2024-04-22 09:38:00,13.2673,77.573,"Reported incident of eve teasing at Near Dhaliwal Road, Bengaluru Rural."
504,104430024202600504,202600504,2024-11-01,1001,24,1,2,1,1,2,1,2024-11-01 03:15:00,2024-11-01 03:15:00,2024-11-01 03:15:00,13.0163,77.5453,"Reported incident of vehicle theft at Near Samra Zila, Bengaluru Urban. Suspect vehicle noticed with plate KA-52-KA-8365."
505,104430024202600505,202600505,2025-03-23,1002,24,1,2,1,1,2,1,2025-03-23 23:43:00,2025-03-23 23:43:00,2025-03-23 23:43:00,12.9673,77.6484,"Reported incident of cybercrime at Near Iyengar, Bengaluru Urban."
506,104430024202600506,202600506,2025-05-11,1002,24,1,2,1,1,1,1,2025-05-11 14:59:00,2025-05-11 14:59:00,2025-05-11 14:59:00,12.868,77.5984,"Reported incident of vehicle theft at Near Lata Circle, Bengaluru Urban. Suspect vehicle noticed with plate KA-50-M-6314."
507,104430024202600507,202600507,2024-08-19,1001,24,1,1,2,4,1,1,2024-08-19 07:27:00,2024-08-19 07:27:00,2024-08-19 07:27:00,12.9867,77.5659,"Reported incident of assault at Near Buch Path, Bengaluru Urban."
508,101020024202600508,202600508,2025-01-27,1003,24,1,2,1,1,2,3,2025-01-27 13:32:00,2025-01-27 13:32:00,2025-01-27 13:32:00,17.3745,76.8953,"Reported incident of burglary at Near Thaman Circle, Kalaburagi."
509,101020024202600509,202600509,2024-02-19,1001,24,1,2,1,1,1,3,2024-02-19 08:20:00,2024-02-19 08:20:00,2024-02-19 08:20:00,12.8274,74.8643,"Reported incident of domestic violence at Near Sarkar Marg, Mangaluru (Dakshina Kannada)."
510,104430024202600510,202600510,2024-07-31,1002,24,1,2,1,1,3,1,2024-07-31 07:05:00,2024-07-31 07:05:00,2024-07-31 07:05:00,12.9976,77.5546,"Reported incident of fraud at Near Sanghvi Circle, Bengaluru Urban."
511,101020024202600511,202600511,2024-08-25,1002,24,1,1,2,4,1,3,2024-08-25 04:54:00,2024-08-25 04:54:00,2024-08-25 04:54:00,17.3151,76.7778,"Reported incident of assault at Near Chanda Circle, Kalaburagi."
512,101020024202600512,202600512,2024-05-15,1002,24,1,2,1,1,1,3,2024-05-15 01:16:00,2024-05-15 01:16:00,2024-05-15 01:16:00,16.8257,75.704,"Reported incident of cybercrime at Near Yogi Zila, Vijayapura."
513,101020024202600513,202600513,2024-03-27,1004,24,1,2,1,1,1,3,2024-03-27 13:46:00,2024-03-27 13:46:00,2024-03-27 13:46:00,12.2653,76.7464,"Reported incident of hit and run at Near Brahmbhatt Street, Mysuru."
514,101020024202600514,202600514,2024-11-27,1002,24,1,2,1,1,1,3,2024-11-27 06:06:00,2024-11-27 06:06:00,2024-11-27 06:06:00,17.2638,76.9217,"Reported incident of vehicle theft at Near Zachariah Chowk, Kalaburagi. Suspect vehicle noticed with plate KA-28-M-9530."
515,101020024202600515,202600515,2024-11-11,1004,24,1,2,1,1,3,3,2024-11-11 05:40:00,2024-11-11 05:40:00,2024-11-11 05:40:00,16.2392,77.3093,"Reported incident of vehicle theft at Near Sood Nagar, Raichur. Suspect vehicle noticed with plate KA-37-A-1047."
516,101020024202600516,202600516,2024-02-09,1004,24,1,2,1,1,1,3,2024-02-09 18:28:00,2024-02-09 18:28:00,2024-02-09 18:28:00,17.3534,76.7555,"Reported incident of cybercrime at Near Dugar Road, Kalaburagi."
517,101020024202600517,202600517,2024-07-25,1003,24,1,2,1,3,1,3,2024-07-25 05:21:00,2024-07-25 05:21:00,2024-07-25 05:21:00,15.3392,76.193,"Reported incident of chain snatching at Near Ganesan Chowk, Koppal. Suspect vehicle noticed with plate KA-47-N-3508."
518,101020024202600518,202600518,2025-02-04,1001,24,1,1,1,2,2,3,2025-02-04 07:31:00,2025-02-04 07:31:00,2025-02-04 07:31:00,12.9458,76.1612,"Reported incident of robbery at Near Rajagopalan Road, Hassan. Suspect vehicle noticed with plate KA-13-N-7309."
519,101020024202600519,202600519,2024-11-12,1003,24,1,2,1,1,1,3,2024-11-12 14:50:00,2024-11-12 14:50:00,2024-11-12 14:50:00,14.0135,75.5996,"Reported incident of property crime at Near Ray Road, Shivamogga."
520,104430024202600520,202600520,2024-09-20,1003,24,1,2,1,3,3,1,2024-09-20 17:54:00,2024-09-20 17:54:00,2024-09-20 17:54:00,12.9941,77.5478,"Reported incident of chain snatching at Near Chandra Ganj, Bengaluru Urban. Suspect vehicle noticed with plate KA-17-P-3858."
521,101020024202600521,202600521,2024-02-06,1004,24,1,2,1,1,1,3,2024-02-06 07:22:00,2024-02-06 07:22:00,2024-02-06 07:22:00,15.2995,75.1803,"Reported incident of drug offence at Near Wadhwa Street, Hubballi-Dharwad."
522,104430024202600522,202600522,2025-04-11,1003,24,1,2,1,1,1,1,2025-04-11 16:51:00,2025-04-11 16:51:00,2025-04-11 16:51:00,12.8849,77.5853,"Reported incident of fraud at Near Krishnamurthy Chowk, Bengaluru Urban."
523,104430024202600523,202600523,2024-01-18,1002,24,1,2,1,1,1,1,2024-01-18 20:30:00,2024-01-18 20:30:00,2024-01-18 20:30:00,13.0353,77.5935,"Reported incident of vehicle theft at Near Savant Nagar, Bengaluru Urban. Suspect vehicle noticed with plate KA-06-KA-4942."
524,101020024202600524,202600524,2024-10-07,1004,24,1,2,1,1,2,3,2024-10-07 09:06:00,2024-10-07 09:06:00,2024-10-07 09:06:00,15.7908,74.4486,"Reported incident of vehicle theft at Near Rattan Road, Belagavi. Suspect vehicle noticed with plate KA-03-KA-1269."
525,104430024202600525,202600525,2024-12-10,1001,24,1,2,1,1,1,1,2024-12-10 17:28:00,2024-12-10 17:28:00,2024-12-10 17:28:00,13.0365,77.5623,"Reported incident of vehicle theft at Near Chakraborty Circle, Bengaluru Urban. Suspect vehicle noticed with plate KA-07-KB-3870."
526,104430024202600526,202600526,2025-01-11,1002,24,1,2,1,3,1,1,2025-01-11 02:42:00,2025-01-11 02:42:00,2025-01-11 02:42:00,13.0352,77.5745,"Reported incident of chain snatching at Near Suresh Marg, Bengaluru Urban. Suspect vehicle noticed with plate KA-12-N-4051."
527,104430024202600527,202600527,2024-11-26,1001,24,1,2,1,1,3,1,2024-11-26 05:02:00,2024-11-26 05:02:00,2024-11-26 05:02:00,12.997,77.5662,"Reported incident of vehicle theft at Near Konda Street, Bengaluru Urban. Suspect vehicle noticed with plate KA-02-B-1453."
528,104430024202600528,202600528,2024-05-15,1003,24,1,2,1,1,1,1,2024-05-15 10:45:00,2024-05-15 10:45:00,2024-05-15 10:45:00,13.0297,77.55,"Reported incident of cybercrime at Near Parekh Chowk, Bengaluru Urban."
529,104430024202600529,202600529,2024-10-25,1003,24,1,2,1,3,2,1,2024-10-25 07:26:00,2024-10-25 07:26:00,2024-10-25 07:26:00,12.9881,77.5529,"Reported incident of chain snatching at Near Peri Ganj, Bengaluru Urban. Suspect vehicle noticed with plate KA-13-KA-6635."
530,101020024202600530,202600530,2024-04-03,1004,24,1,2,1,3,1,3,2024-04-03 15:09:00,2024-04-03 15:09:00,2024-04-03 15:09:00,15.8011,74.545,"Reported incident of chain snatching at Near Sanghvi Circle, Belagavi. Suspect vehicle noticed with plate KA-43-B-1258."
531,104430024202600531,202600531,2024-02-25,1004,24,1,2,1,1,1,1,2024-02-25 16:04:00,2024-02-25 16:04:00,2024-02-25 16:04:00,12.9069,77.5957,"Reported incident of burglary at Near Agrawal Nagar, Bengaluru Urban."
532,101020024202600532,202600532,2024-04-15,1002,24,1,2,1,1,1,3,2024-04-15 17:00:00,2024-04-15 17:00:00,2024-04-15 17:00:00,13.4009,77.0171,"Reported incident of drug offence at Near Boase Nagar, Tumakuru."
533,101020024202600533,202600533,2024-11-15,1002,24,1,1,1,2,1,3,2024-11-15 17:42:00,2024-11-15 17:42:00,2024-11-15 17:42:00,13.2985,74.7483,"Reported incident of robbery at Near Pillai Road, Udupi. Suspect vehicle noticed with plate KA-01-KA-8088."
534,104430024202600534,202600534,2024-05-03,1003,24,1,1,1,2,1,1,2024-05-03 20:15:00,2024-05-03 20:15:00,2024-05-03 20:15:00,12.9862,77.5627,"Reported incident of robbery at Near Chad Chowk, Bengaluru Urban. Suspect vehicle noticed with plate KA-25-P-4015."
535,104430024202600535,202600535,2024-11-16,1004,24,1,2,1,1,2,1,2024-11-16 08:01:00,2024-11-16 08:01:00,2024-11-16 08:01:00,12.9916,77.5302,"Reported incident of vehicle theft at Near Bawa, Bengaluru Urban. Suspect vehicle noticed with plate KA-45-KB-6362."
536,101020024202600536,202600536,2024-11-11,1002,24,1,2,1,3,1,3,2024-11-11 11:47:00,2024-11-11 11:47:00,2024-11-11 11:47:00,13.3352,74.725,"Reported incident of chain snatching at Near Setty Nagar, Udupi. Suspect vehicle noticed with plate KA-33-M-5993."
537,104430024202600537,202600537,2024-12-27,1001,24,1,2,1,3,1,1,2024-12-27 18:40:00,2024-12-27 18:40:00,2024-12-27 18:40:00,12.9763,77.6477,"Reported incident of chain snatching at Near Talwar Chowk, Bengaluru Urban. Suspect vehicle noticed with plate KA-49-P-7557."
538,101020024202600538,202600538,2024-03-01,1001,24,1,2,1,1,1,3,2024-03-01 16:53:00,2024-03-01 16:53:00,2024-03-01 16:53:00,13.4073,77.0394,"Reported incident of cybercrime at Near Iyengar Zila, Tumakuru."
539,101020024202600539,202600539,2024-03-13,1003,24,1,2,1,1,1,3,2024-03-13 17:18:00,2024-03-13 17:18:00,2024-03-13 17:18:00,13.9408,75.6523,"Reported incident of burglary at Near Sarkar Road, Shivamogga."
540,101020024202600540,202600540,2025-03-07,1004,24,1,2,1,3,1,3,2025-03-07 21:34:00,2025-03-07 21:34:00,2025-03-07 21:34:00,13.3754,74.6442,"Reported incident of chain snatching at Near Varty Zila, Udupi. Suspect vehicle noticed with plate KA-46-A-1626."
541,101020024202600541,202600541,2025-02-14,1001,24,1,2,1,3,1,3,2025-02-14 02:36:00,2025-02-14 02:36:00,2025-02-14 02:36:00,12.8412,74.8614,"Reported incident of chain snatching at Near Soni Road, Mangaluru (Dakshina Kannada). Suspect vehicle noticed with plate KA-12-B-6445."
542,101020024202600542,202600542,2024-08-10,1001,24,1,2,1,1,1,3,2024-08-10 18:54:00,2024-08-10 18:54:00,2024-08-10 18:54:00,13.2911,75.7892,"Reported incident of burglary at Near Oak Circle, Chikkamagaluru."
543,101020024202600543,202600543,2024-02-05,1004,24,1,2,1,1,1,3,2024-02-05 17:28:00,2024-02-05 17:28:00,2024-02-05 17:28:00,17.9663,77.436,"Reported incident of vehicle theft at Near Mammen Marg, Bidar. Suspect vehicle noticed with plate KA-02-M-7064."
544,104430024202600544,202600544,2025-04-25,1001,24,1,2,1,1,1,1,2025-04-25 23:47:00,2025-04-25 23:47:00,2025-04-25 23:47:00,12.9798,77.5858,"Reported incident of fraud at Near Choudhary Ganj, Bengaluru Urban."
545,101020024202600545,202600545,2024-03-02,1004,24,1,2,1,1,2,3,2024-03-02 16:25:00,2024-03-02 16:25:00,2024-03-02 16:25:00,16.845,75.6487,"Reported incident of vehicle theft at Near Mandal Street, Vijayapura. Suspect vehicle noticed with plate KA-14-A-5292."
546,104430024202600546,202600546,2024-11-11,1003,24,1,2,1,3,1,1,2024-11-11 19:17:00,2024-11-11 19:17:00,2024-11-11 19:17:00,12.9758,77.5931,"Reported incident of chain snatching at Near Dash Nagar, Bengaluru Urban. Suspect vehicle noticed with plate KA-40-B-2939."
547,101020024202600547,202600547,2025-02-04,1004,24,1,2,1,1,1,3,2025-02-04 21:34:00,2025-02-04 21:34:00,2025-02-04 21:34:00,14.529,75.9297,"Reported incident of burglary at Near Sibal Ganj, Davangere."
548,101020024202600548,202600548,2024-09-09,1002,24,1,2,1,3,1,3,2024-09-09 07:18:00,2024-09-09 07:18:00,2024-09-09 07:18:00,15.8907,74.4173,"Reported incident of chain snatching at Near Boase Ganj, Belagavi. Suspect vehicle noticed with plate KA-44-KB-1057."
549,101020024202600549,202600549,2024-12-07,1004,24,1,2,1,3,2,3,2024-12-07 08:24:00,2024-12-07 08:24:00,2024-12-07 08:24:00,14.5684,75.9515,"Reported incident of chain snatching at Near Merchant Nagar, Davangere. Suspect vehicle noticed with plate KA-02-KB-7203."
550,101020024202600550,202600550,2024-12-03,1003,24,1,2,1,1,1,3,2024-12-03 09:42:00,2024-12-03 09:42:00,2024-12-03 09:42:00,13.092,78.1083,"Reported incident of hit and run at Near Dhawan Nagar, Kolar."
551,104430024202600551,202600551,2024-02-06,1002,24,1,2,1,1,1,1,2024-02-06 09:02:00,2024-02-06 09:02:00,2024-02-06 09:02:00,13.0265,77.5621,"Reported incident of cybercrime at Near Ramakrishnan Path, Bengaluru Urban."
552,101020024202600552,202600552,2025-04-19,1003,24,1,2,1,1,3,3,2025-04-19 10:59:00,2025-04-19 10:59:00,2025-04-19 10:59:00,13.3298,74.7964,"Reported incident of burglary at Near Vig, Udupi."
553,104430024202600553,202600553,2024-11-24,1002,24,1,2,1,1,1,1,2024-11-24 00:14:00,2024-11-24 00:14:00,2024-11-24 00:14:00,12.99,77.5643,"Reported incident of vehicle theft at Near Chandran Ganj, Bengaluru Urban. Suspect vehicle noticed with plate KA-33-KA-6222."
554,101020024202600554,202600554,2025-03-30,1002,24,1,1,2,4,1,3,2025-03-30 13:00:00,2025-03-30 13:00:00,2025-03-30 13:00:00,16.8396,75.655,"Reported incident of assault at Near Vala, Vijayapura."
555,101020024202600555,202600555,2025-01-25,1004,24,1,2,1,1,1,3,2025-01-25 04:23:00,2025-01-25 04:23:00,2025-01-25 04:23:00,13.1579,78.2065,"Reported incident of burglary at Near Nagar Nagar, Kolar."
556,101020024202600556,202600556,2024-11-05,1004,24,1,1,1,2,2,3,2024-11-05 08:13:00,2024-11-05 08:13:00,2024-11-05 08:13:00,13.2533,75.7306,"Reported incident of robbery at Near Misra Circle, Chikkamagaluru. Suspect vehicle noticed with plate KA-02-KA-7984."
557,104430024202600557,202600557,2024-08-23,1001,24,1,2,1,1,1,1,2024-08-23 19:17:00,2024-08-23 19:17:00,2024-08-23 19:17:00,12.877,77.5558,"Reported incident of burglary at Near Kapadia Street, Bengaluru Urban."
558,104430024202600558,202600558,2024-11-03,1002,24,1,2,1,1,1,1,2024-11-03 04:20:00,2024-11-03 04:20:00,2024-11-03 04:20:00,13.258,77.6327,"Reported incident of fraud at Near Basak Circle, Bengaluru Rural."
559,101020024202600559,202600559,2025-04-26,1004,24,1,2,1,1,1,3,2025-04-26 18:40:00,2025-04-26 18:40:00,2025-04-26 18:40:00,17.9562,77.5194,"Reported incident of eve teasing at Near Lad Zila, Bidar."
560,101020024202600560,202600560,2024-02-09,1002,24,1,1,2,4,1,3,2024-02-09 12:10:00,2024-02-09 12:10:00,2024-02-09 12:10:00,13.9883,75.6259,"Reported incident of assault at Near Singh Chowk, Shivamogga."
561,104430024202600561,202600561,2024-04-22,1001,24,1,2,1,1,1,1,2024-04-22 06:35:00,2024-04-22 06:35:00,2024-04-22 06:35:00,13.0138,77.5849,"Reported incident of vehicle theft at Near Kar Marg, Bengaluru Urban. Suspect vehicle noticed with plate KA-03-P-6770."
562,104430024202600562,202600562,2024-06-15,1004,24,1,2,1,1,1,1,2024-06-15 01:07:00,2024-06-15 01:07:00,2024-06-15 01:07:00,12.9742,77.5923,"Reported incident of fraud at Near Parsa Ganj, Bengaluru Urban."
563,101020024202600563,202600563,2024-06-07,1001,24,1,2,1,1,1,3,2024-06-07 12:31:00,2024-06-07 12:31:00,2024-06-07 12:31:00,15.2892,75.1754,"Reported incident of burglary at Near Narayan Marg, Hubballi-Dharwad."
564,101020024202600564,202600564,2024-08-13,1003,24,1,2,1,1,1,3,2024-08-13 10:30:00,2024-08-13 10:30:00,2024-08-13 10:30:00,13.298,77.0667,"Reported incident of cybercrime at Near Nazareth Ganj, Tumakuru."
565,104430024202600565,202600565,2024-08-08,1001,24,1,2,1,1,1,1,2024-08-08 05:00:00,2024-08-08 05:00:00,2024-08-08 05:00:00,13.0121,77.6512,"Reported incident of kidnapping at Near Agrawal Zila, Bengaluru Urban."
566,104430024202600566,202600566,2025-05-26,1002,24,1,1,1,2,1,1,2025-05-26 22:53:00,2025-05-26 22:53:00,2025-05-26 22:53:00,12.983,77.6048,"Reported incident of robbery at Near Loyal Ganj, Bengaluru Urban. Suspect vehicle noticed with plate KA-25-B-2781."
567,104430024202600567,202600567,2025-04-10,1001,24,1,2,1,1,1,1,2025-04-10 21:45:00,2025-04-10 21:45:00,2025-04-10 21:45:00,12.8696,77.5811,"Reported incident of fraud at Near Pillai Circle, Bengaluru Urban."
568,101020024202600568,202600568,2024-09-08,1004,24,1,2,1,1,1,3,2024-09-08 01:56:00,2024-09-08 01:56:00,2024-09-08 01:56:00,12.8291,74.8371,"Reported incident of vehicle theft at Near Bhat Circle, Mangaluru (Dakshina Kannada). Suspect vehicle noticed with plate KA-02-P-9667."
569,101020024202600569,202600569,2024-12-03,1001,24,1,2,1,1,2,3,2024-12-03 09:28:00,2024-12-03 09:28:00,2024-12-03 09:28:00,16.8428,75.6368,"Reported incident of vehicle theft at Near Kumar Path, Vijayapura. Suspect vehicle noticed with plate KA-37-M-8646."
570,101020024202600570,202600570,2024-04-18,1001,24,1,2,1,1,1,3,2024-04-18 10:13:00,2024-04-18 10:13:00,2024-04-18 10:13:00,13.3718,74.6924,"Reported incident of hit and run at Near Chowdhury Circle, Udupi."
571,101020024202600571,202600571,2024-06-09,1002,24,1,2,1,1,1,3,2024-06-09 07:08:00,2024-06-09 07:08:00,2024-06-09 07:08:00,16.2278,77.3187,"Reported incident of vehicle theft at Near Verma Nagar, Raichur. Suspect vehicle noticed with plate KA-43-B-1815."
572,104430024202600572,202600572,2024-11-07,1002,24,1,2,1,1,1,1,2024-11-07 10:04:00,2024-11-07 10:04:00,2024-11-07 10:04:00,13.0152,77.5576,"Reported incident of vehicle theft at Near Ratta, Bengaluru Urban. Suspect vehicle noticed with plate KA-32-KA-6599."
573,101020024202600573,202600573,2024-09-09,1001,24,1,2,1,1,1,3,2024-09-09 12:36:00,2024-09-09 12:36:00,2024-09-09 12:36:00,13.1172,78.1793,"Reported incident of eve teasing at Near Mitra Street, Kolar."
574,101020024202600574,202600574,2024-06-25,1004,24,1,2,1,3,1,3,2024-06-25 00:08:00,2024-06-25 00:08:00,2024-06-25 00:08:00,16.2158,77.3374,"Reported incident of chain snatching at Near Dora Path, Raichur. Suspect vehicle noticed with plate KA-30-P-7121."
575,104430024202600575,202600575,2024-02-23,1001,24,1,2,1,1,1,1,2024-02-23 19:53:00,2024-02-23 19:53:00,2024-02-23 19:53:00,13.2105,77.6108,"Reported incident of senior citizen crime at Near Soni Street, Bengaluru Rural."
576,104430024202600576,202600576,2024-05-09,1001,24,1,1,1,2,1,1,2024-05-09 08:29:00,2024-05-09 08:29:00,2024-05-09 08:29:00,12.9796,77.5615,"Reported incident of robbery at Near Krishna Nagar, Bengaluru Urban. Suspect vehicle noticed with plate KA-10-KA-9646."
577,104430024202600577,202600577,2024-06-20,1002,24,1,2,1,1,1,1,2024-06-20 10:48:00,2024-06-20 10:48:00,2024-06-20 10:48:00,13.2127,77.6194,"Reported incident of fraud at Near Buch Marg, Bengaluru Rural."
578,101020024202600578,202600578,2024-01-24,1003,24,1,2,1,1,2,3,2024-01-24 13:56:00,2024-01-24 13:56:00,2024-01-24 13:56:00,17.9275,77.5031,"Reported incident of vehicle theft at Near Luthra Street, Bidar. Suspect vehicle noticed with plate KA-38-KB-5537."
579,104430024202600579,202600579,2024-12-30,1003,24,1,2,1,1,2,1,2024-12-30 03:52:00,2024-12-30 03:52:00,2024-12-30 03:52:00,12.9805,77.553,"Reported incident of fraud at Near Soni, Bengaluru Urban."
580,104430024202600580,202600580,2025-05-12,1001,24,1,2,1,1,1,1,2025-05-12 16:05:00,2025-05-12 16:05:00,2025-05-12 16:05:00,12.9925,77.5625,"Reported incident of vehicle theft at Near Tata, Bengaluru Urban. Suspect vehicle noticed with plate KA-51-B-2888."
581,101020024202600581,202600581,2024-09-14,1004,24,1,2,1,1,1,3,2024-09-14 23:22:00,2024-09-14 23:22:00,2024-09-14 23:22:00,12.9786,74.8335,"Reported incident of fraud at Near Aggarwal Path, Mangaluru (Dakshina Kannada)."
582,101020024202600582,202600582,2024-05-28,1001,24,1,2,1,1,1,3,2024-05-28 12:06:00,2024-05-28 12:06:00,2024-05-28 12:06:00,16.8295,75.6208,"Reported incident of vehicle theft at Near Kanda Path, Vijayapura. Suspect vehicle noticed with plate KA-04-N-4453."
583,101020024202600583,202600583,2025-02-26,1003,24,1,2,1,1,1,3,2025-02-26 15:16:00,2025-02-26 15:16:00,2025-02-26 15:16:00,17.3424,76.7475,"Reported incident of kidnapping at Near Chandran Path, Kalaburagi."
584,101020024202600584,202600584,2024-11-19,1003,24,1,2,1,1,1,3,2024-11-19 02:48:00,2024-11-19 02:48:00,2024-11-19 02:48:00,13.9435,75.614,"Reported incident of vehicle theft at Near Merchant Road, Shivamogga. Suspect vehicle noticed with plate KA-52-KA-3654."
585,101020024202600585,202600585,2025-01-31,1004,24,1,2,1,3,1,3,2025-01-31 09:37:00,2025-01-31 09:37:00,2025-01-31 09:37:00,15.8305,74.5198,"Reported incident of chain snatching at Near Borah Nagar, Belagavi. Suspect vehicle noticed with plate KA-47-KB-9577."
586,101020024202600586,202600586,2025-01-11,1002,24,1,2,1,1,2,3,2025-01-11 06:13:00,2025-01-11 06:13:00,2025-01-11 06:13:00,16.234,77.3588,"Reported incident of vehicle theft at Near Bal Street, Raichur. Suspect vehicle noticed with plate KA-41-KB-5115."
587,101020024202600587,202600587,2024-12-10,1002,24,1,2,1,1,1,3,2024-12-10 21:19:00,2024-12-10 21:19:00,2024-12-10 21:19:00,15.8878,74.4685,"Reported incident of vehicle theft at Near Misra Marg, Belagavi. Suspect vehicle noticed with plate KA-07-M-8844."
588,101020024202600588,202600588,2025-05-21,1003,24,1,1,1,2,2,3,2025-05-21 11:55:00,2025-05-21 11:55:00,2025-05-21 11:55:00,13.2511,77.1633,"Reported incident of robbery at Near Borra Path, Tumakuru. Suspect vehicle noticed with plate KA-31-M-6123."
589,104430024202600589,202600589,2025-04-25,1001,24,1,1,1,2,1,1,2025-04-25 22:19:00,2025-04-25 22:19:00,2025-04-25 22:19:00,13.0374,77.6017,"Reported incident of robbery at Near Sarkar Path, Bengaluru Urban. Suspect vehicle noticed with plate KA-37-B-8304."
590,101020024202600590,202600590,2024-01-13,1002,24,1,2,1,1,1,3,2024-01-13 07:42:00,2024-01-13 07:42:00,2024-01-13 07:42:00,17.9221,77.5479,"Reported incident of burglary at Near Lanka Circle, Bidar."
591,101020024202600591,202600591,2024-12-10,1002,24,1,2,1,1,3,3,2024-12-10 21:20:00,2024-12-10 21:20:00,2024-12-10 21:20:00,13.337,75.6855,"Reported incident of vehicle theft at Near Gour Path, Chikkamagaluru. Suspect vehicle noticed with plate KA-25-M-6278."
592,104430024202600592,202600592,2024-07-24,1002,24,1,1,1,2,2,1,2024-07-24 17:52:00,2024-07-24 17:52:00,2024-07-24 17:52:00,13.2354,77.5325,"Reported incident of robbery at Near Chand Nagar, Bengaluru Rural. Suspect vehicle noticed with plate KA-35-KB-7106."
593,104430024202600593,202600593,2025-05-27,1002,24,1,1,2,4,1,1,2025-05-27 05:49:00,2025-05-27 05:49:00,2025-05-27 05:49:00,12.9955,77.613,"Reported incident of assault at Near Soni Zila, Bengaluru Urban."
594,101020024202600594,202600594,2025-04-17,1003,24,1,2,1,1,2,3,2025-04-17 20:47:00,2025-04-17 20:47:00,2025-04-17 20:47:00,13.2947,74.79,"Reported incident of cybercrime at Near Bhalla Zila, Udupi."
595,104430024202600595,202600595,2024-11-14,1001,24,1,2,1,1,1,1,2024-11-14 23:33:00,2024-11-14 23:33:00,2024-11-14 23:33:00,12.9789,77.604,"Reported incident of vehicle theft at Near Tella Marg, Bengaluru Urban. Suspect vehicle noticed with plate KA-19-P-5191."
596,101020024202600596,202600596,2024-10-11,1004,24,1,2,1,1,1,3,2024-10-11 03:54:00,2024-10-11 03:54:00,2024-10-11 03:54:00,13.2032,78.0589,"Reported incident of vehicle theft at Near Memon Zila, Kolar. Suspect vehicle noticed with plate KA-20-B-6263."
597,101020024202600597,202600597,2024-11-22,1004,24,1,2,1,1,1,3,2024-11-22 00:34:00,2024-11-22 00:34:00,2024-11-22 00:34:00,13.3523,74.6579,"Reported incident of cybercrime at Near Chatterjee Path, Udupi."
598,101020024202600598,202600598,2024-02-06,1003,24,1,2,1,1,1,3,2024-02-06 02:15:00,2024-02-06 02:15:00,2024-02-06 02:15:00,15.8005,74.5444,"Reported incident of burglary at Near Dube Path, Belagavi."
599,104430024202600599,202600599,2024-06-10,1003,24,1,2,1,1,1,1,2024-06-10 14:04:00,2024-06-10 14:04:00,2024-06-10 14:04:00,12.9979,77.6083,"Reported incident of fraud at Near Bhandari Ganj, Bengaluru Urban."
600,101020024202600600,202600600,2024-02-25,1002,24,1,1,1,2,1,3,2024-02-25 10:24:00,2024-02-25 10:24:00,2024-02-25 10:24:00,12.8347,74.8709,"Reported incident of robbery at Near Mani Nagar, Mangaluru (Dakshina Kannada). Suspect vehicle noticed with plate KA-12-B-8408."
601,101020024202600601,202600601,2024-04-28,1002,24,1,2,1,1,1,3,2024-04-28 10:06:00,2024-04-28 10:06:00,2024-04-28 10:06:00,12.5563,76.8887,"Reported incident of cybercrime at Near Bava Marg, Mandya."
602,101020024202600602,202600602,2024-09-18,1003,24,1,2,1,1,2,3,2024-09-18 17:26:00,2024-09-18 17:26:00,2024-09-18 17:26:00,16.8264,75.6548,"Reported incident of cybercrime at Near Jhaveri Ganj, Vijayapura."
603,101020024202600603,202600603,2024-05-05,1003,24,1,2,1,1,1,3,2024-05-05 16:43:00,2024-05-05 16:43:00,2024-05-05 16:43:00,13.0689,78.0634,"Reported incident of fraud at Near Puri Marg, Kolar."
604,101020024202600604,202600604,2024-08-23,1004,24,1,2,1,1,1,3,2024-08-23 23:50:00,2024-08-23 23:50:00,2024-08-23 23:50:00,15.8988,74.4684,"Reported incident of burglary at Near Kumar Path, Belagavi."
605,101020024202600605,202600605,2025-02-01,1002,24,1,2,1,1,1,3,2025-02-01 02:01:00,2025-02-01 02:01:00,2025-02-01 02:01:00,16.2382,77.3205,"Reported incident of burglary at Near Buch Ganj, Raichur."
606,101020024202600606,202600606,2025-04-27,1004,24,1,2,1,1,3,3,2025-04-27 04:53:00,2025-04-27 04:53:00,2025-04-27 04:53:00,12.2743,76.6249,"Reported incident of eve teasing at Near Sodhi Marg, Mysuru."
607,104430024202600607,202600607,2024-01-19,1001,24,1,2,1,1,1,1,2024-01-19 06:55:00,2024-01-19 06:55:00,2024-01-19 06:55:00,13.0128,77.588,"Reported incident of fraud at Near Datta Circle, Bengaluru Urban."
608,101020024202600608,202600608,2024-05-05,1001,24,1,2,1,1,2,3,2024-05-05 08:21:00,2024-05-05 08:21:00,2024-05-05 08:21:00,12.3153,76.6069,"Reported incident of cybercrime at Near Date Street, Mysuru."
609,101020024202600609,202600609,2025-01-28,1001,24,1,2,1,1,1,3,2025-01-28 02:05:00,2025-01-28 02:05:00,2025-01-28 02:05:00,12.9959,74.8613,"Reported incident of property crime at Near Baria Circle, Mangaluru (Dakshina Kannada)."
610,101020024202600610,202600610,2024-12-12,1001,24,1,2,1,1,1,3,2024-12-12 23:38:00,2024-12-12 23:38:00,2024-12-12 23:38:00,14.5124,75.9311,"Reported incident of murder at Near Aurora Ganj, Davangere."
611,101020024202600611,202600611,2024-06-16,1003,24,1,2,1,1,1,3,2024-06-16 21:36:00,2024-06-16 21:36:00,2024-06-16 21:36:00,13.9571,75.5464,"Reported incident of burglary at Near Tripathi Circle, Shivamogga."
612,101020024202600612,202600612,2024-05-25,1003,24,1,2,1,1,1,3,2024-05-25 03:47:00,2024-05-25 03:47:00,2024-05-25 03:47:00,13.8733,75.5385,"Reported incident of vehicle theft at Near Rattan Marg, Shivamogga. Suspect vehicle noticed with plate KA-39-N-1073."
613,104430024202600613,202600613,2025-04-27,1001,24,1,2,1,1,2,1,2025-04-27 23:43:00,2025-04-27 23:43:00,2025-04-27 23:43:00,13.0133,77.6457,"Reported incident of vehicle theft at Near Iyer Street, Bengaluru Urban. Suspect vehicle noticed with plate KA-17-N-2696."
614,104430024202600614,202600614,2025-01-08,1002,24,1,1,1,2,1,1,2025-01-08 20:41:00,2025-01-08 20:41:00,2025-01-08 20:41:00,12.9756,77.5837,"Reported incident of robbery at Near Sharma, Bengaluru Urban. Suspect vehicle noticed with plate KA-34-M-5584."
615,101020024202600615,202600615,2025-03-30,1002,24,1,2,1,3,1,3,2025-03-30 20:47:00,2025-03-30 20:47:00,2025-03-30 20:47:00,16.8577,75.6844,"Reported incident of chain snatching at Near Kade Street, Vijayapura. Suspect vehicle noticed with plate KA-16-P-9821."
616,101020024202600616,202600616,2024-03-01,1004,24,1,2,1,1,1,3,2024-03-01 22:11:00,2024-03-01 22:11:00,2024-03-01 22:11:00,15.8816,74.4745,"Reported incident of property crime at Near Oza Road, Belagavi."
617,101020024202600617,202600617,2024-04-02,1004,24,1,2,1,1,1,3,2024-04-02 19:34:00,2024-04-02 19:34:00,2024-04-02 19:34:00,13.066,78.1359,"Reported incident of fraud at Near Bains Zila, Kolar."
618,104430024202600618,202600618,2024-10-28,1003,24,1,2,1,1,1,1,2024-10-28 15:50:00,2024-10-28 15:50:00,2024-10-28 15:50:00,12.9767,77.5724,"Reported incident of cybercrime at Near Kade Chowk, Bengaluru Urban."
619,101020024202600619,202600619,2024-12-02,1002,24,1,2,1,3,1,3,2024-12-02 09:23:00,2024-12-02 09:23:00,2024-12-02 09:23:00,15.2191,76.8793,"Reported incident of chain snatching at Near Deep Nagar, Ballari. Suspect vehicle noticed with plate KA-51-KA-1429."
620,101020024202600620,202600620,2024-08-06,1001,24,1,1,1,2,2,3,2024-08-06 09:26:00,2024-08-06 09:26:00,2024-08-06 09:26:00,13.2747,74.757,"Reported incident of robbery at Near Sampath Path, Udupi. Suspect vehicle noticed with plate KA-25-KA-6502."
621,101020024202600621,202600621,2024-09-06,1003,24,1,2,1,1,1,3,2024-09-06 18:13:00,2024-09-06 18:13:00,2024-09-06 18:13:00,16.8132,75.6329,"Reported incident of burglary at Near Iyengar Street, Vijayapura."
622,104430024202600622,202600622,2025-03-28,1004,24,1,2,1,1,1,1,2025-03-28 00:28:00,2025-03-28 00:28:00,2025-03-28 00:28:00,12.9812,77.5756,"Reported incident of burglary at Near Rama Zila, Bengaluru Urban."
623,101020024202600623,202600623,2025-04-24,1002,24,1,2,1,1,1,3,2025-04-24 18:43:00,2025-04-24 18:43:00,2025-04-24 18:43:00,13.3461,74.7932,"Reported incident of eve teasing at Near Thaker Path, Udupi."
624,104430024202600624,202600624,2024-07-17,1002,24,1,2,1,1,1,1,2024-07-17 22:11:00,2024-07-17 22:11:00,2024-07-17 22:11:00,13.0053,77.5435,"Reported incident of vehicle theft at Near Contractor Ganj, Bengaluru Urban. Suspect vehicle noticed with plate KA-32-KA-5771."
625,101020024202600625,202600625,2024-10-08,1002,24,1,2,1,1,1,3,2024-10-08 07:09:00,2024-10-08 07:09:00,2024-10-08 07:09:00,16.2271,77.3445,"Reported incident of vehicle theft at Near Sami Marg, Raichur. Suspect vehicle noticed with plate KA-16-P-2461."
626,101020024202600626,202600626,2025-04-14,1001,24,1,2,1,1,1,3,2025-04-14 01:51:00,2025-04-14 01:51:00,2025-04-14 01:51:00,13.3095,77.0927,"Reported incident of senior citizen crime at Near Narasimhan Road, Tumakuru."
627,104430024202600627,202600627,2024-04-19,1002,24,1,2,1,3,1,1,2024-04-19 15:18:00,2024-04-19 15:18:00,2024-04-19 15:18:00,12.9759,77.6128,"Reported incident of chain snatching at Near Tank Path, Bengaluru Urban. Suspect vehicle noticed with plate KA-05-P-1862."
628,101020024202600628,202600628,2024-06-21,1003,24,1,2,1,1,1,3,2024-06-21 16:32:00,2024-06-21 16:32:00,2024-06-21 16:32:00,13.2536,75.7689,"Reported incident of vehicle theft at Near Sridhar Circle, Chikkamagaluru. Suspect vehicle noticed with plate KA-06-B-1407."
629,104430024202600629,202600629,2024-06-29,1003,24,1,1,1,2,3,1,2024-06-29 14:24:00,2024-06-29 14:24:00,2024-06-29 14:24:00,13.0162,77.645,"Reported incident of robbery at Near Goswami Chowk, Bengaluru Urban. Suspect vehicle noticed with plate KA-52-P-9687."
630,101020024202600630,202600630,2024-03-11,1001,24,1,2,1,1,2,3,2024-03-11 04:32:00,2024-03-11 04:32:00,2024-03-11 04:32:00,12.5112,76.9369,"Reported incident of eve teasing at Near Mallick Path, Mandya."
631,101020024202600631,202600631,2025-01-22,1004,24,1,2,1,3,1,3,2025-01-22 00:12:00,2025-01-22 00:12:00,2025-01-22 00:12:00,12.3472,76.5536,"Reported incident of chain snatching at Near Kanda, Mysuru. Suspect vehicle noticed with plate KA-32-N-3131."
632,101020024202600632,202600632,2025-01-15,1003,24,1,2,1,1,1,3,2025-01-15 14:23:00,2025-01-15 14:23:00,2025-01-15 14:23:00,15.1237,76.9671,"Reported incident of eve teasing at Near Dugal Road, Ballari."
633,104430024202600633,202600633,2024-08-07,1002,24,1,2,1,1,1,1,2024-08-07 22:30:00,2024-08-07 22:30:00,2024-08-07 22:30:00,13.0199,77.5308,"Reported incident of burglary at Near Iyengar Path, Bengaluru Urban."
634,101020024202600634,202600634,2025-04-05,1003,24,1,2,1,1,1,3,2025-04-05 19:23:00,2025-04-05 19:23:00,2025-04-05 19:23:00,17.9446,77.5407,"Reported incident of cybercrime at Near Sura Ganj, Bidar."
635,101020024202600635,202600635,2025-04-24,1004,24,1,2,1,1,1,3,2025-04-24 00:55:00,2025-04-24 00:55:00,2025-04-24 00:55:00,12.2803,76.6074,"Reported incident of cybercrime at Near Yogi Chowk, Mysuru."
636,101020024202600636,202600636,2025-02-23,1002,24,1,2,1,1,1,3,2025-02-23 19:50:00,2025-02-23 19:50:00,2025-02-23 19:50:00,15.3211,76.2301,"Reported incident of vehicle theft at Near Kanda Nagar, Koppal. Suspect vehicle noticed with plate KA-13-N-6209."
637,104430024202600637,202600637,2025-05-13,1002,24,1,2,1,1,1,1,2025-05-13 07:40:00,2025-05-13 07:40:00,2025-05-13 07:40:00,12.9993,77.516,"Reported incident of vehicle theft at Near Bose Circle, Bengaluru Urban. Suspect vehicle noticed with plate KA-30-N-5030."
638,101020024202600638,202600638,2025-04-19,1003,24,1,2,1,1,1,3,2025-04-19 07:13:00,2025-04-19 07:13:00,2025-04-19 07:13:00,14.5491,75.9575,"Reported incident of fraud at Near Sane Ganj, Davangere."
639,101020024202600639,202600639,2024-08-08,1001,24,1,2,1,1,2,3,2024-08-08 18:50:00,2024-08-08 18:50:00,2024-08-08 18:50:00,13.3861,77.0666,"Reported incident of vehicle theft at Near Koshy Path, Tumakuru. Suspect vehicle noticed with plate KA-54-A-2477."
640,101020024202600640,202600640,2024-10-15,1001,24,1,2,1,1,1,3,2024-10-15 13:33:00,2024-10-15 13:33:00,2024-10-15 13:33:00,12.2477,76.7074,"Reported incident of fraud at Near Dani Chowk, Mysuru."
641,101020024202600641,202600641,2024-10-27,1004,24,1,2,1,1,2,3,2024-10-27 07:18:00,2024-10-27 07:18:00,2024-10-27 07:18:00,15.2952,76.1796,"Reported incident of burglary at Near Pillay Nagar, Koppal."
642,101020024202600642,202600642,2024-08-12,1001,24,1,2,1,3,2,3,2024-08-12 06:56:00,2024-08-12 06:56:00,2024-08-12 06:56:00,17.9106,77.5344,"Reported incident of chain snatching at Near Tak Marg, Bidar. Suspect vehicle noticed with plate KA-12-B-9802."
643,104430024202600643,202600643,2025-01-02,1002,24,1,2,1,1,1,1,2025-01-02 22:30:00,2025-01-02 22:30:00,2025-01-02 22:30:00,12.963,77.6464,"Reported incident of drug offence at Near Bassi Marg, Bengaluru Urban."
644,101020024202600644,202600644,2024-10-29,1004,24,1,2,1,1,1,3,2024-10-29 11:15:00,2024-10-29 11:15:00,2024-10-29 11:15:00,15.3858,76.1097,"Reported incident of property crime at Near Raju Ganj, Koppal."
645,101020024202600645,202600645,2024-06-11,1002,24,1,2,1,1,3,3,2024-06-11 19:28:00,2024-06-11 19:28:00,2024-06-11 19:28:00,15.0992,76.9703,"Reported incident of fraud at Near Barman Chowk, Ballari."
646,104430024202600646,202600646,2024-07-10,1002,24,1,2,1,1,1,1,2024-07-10 06:53:00,2024-07-10 06:53:00,2024-07-10 06:53:00,13.0023,77.5414,"Reported incident of fraud at Near Dhingra, Bengaluru Urban."
647,101020024202600647,202600647,2024-07-14,1003,24,1,2,1,1,1,3,2024-07-14 19:16:00,2024-07-14 19:16:00,2024-07-14 19:16:00,13.9621,75.5398,"Reported incident of fraud at Near Kapadia Ganj, Shivamogga."
648,101020024202600648,202600648,2024-10-10,1001,24,1,1,2,4,1,3,2024-10-10 13:05:00,2024-10-10 13:05:00,2024-10-10 13:05:00,13.353,74.6995,"Reported incident of assault at Near Bedi Circle, Udupi."
649,101020024202600649,202600649,2024-09-28,1001,24,1,1,1,2,1,3,2024-09-28 18:26:00,2024-09-28 18:26:00,2024-09-28 18:26:00,13.3056,74.7189,"Reported incident of robbery at Near Misra Street, Udupi. Suspect vehicle noticed with plate KA-14-P-1819."
650,104430024202600650,202600650,2024-10-09,1001,24,1,2,1,1,1,1,2024-10-09 09:46:00,2024-10-09 09:46:00,2024-10-09 09:46:00,13.2668,77.6224,"Reported incident of vehicle theft at Near Bhat Nagar, Bengaluru Rural. Suspect vehicle noticed with plate KA-12-P-4468."
651,104430024202600651,202600651,2024-03-02,1003,24,1,2,1,1,1,1,2024-03-02 20:53:00,2024-03-02 20:53:00,2024-03-02 20:53:00,13.0205,77.638,"Reported incident of fraud at Near Jani Circle, Bengaluru Urban."
652,101020024202600652,202600652,2024-01-19,1003,24,1,2,1,1,2,3,2024-01-19 00:37:00,2024-01-19 00:37:00,2024-01-19 00:37:00,13.2105,78.1662,"Reported incident of burglary at Near Pingle Chowk, Kolar."
653,104430024202600653,202600653,2025-04-08,1002,24,1,2,1,1,1,1,2025-04-08 14:44:00,2025-04-08 14:44:00,2025-04-08 14:44:00,13.0141,77.6162,"Reported incident of vehicle theft at Near Shanker Marg, Bengaluru Urban. Suspect vehicle noticed with plate KA-47-A-4354."
654,101020024202600654,202600654,2024-11-02,1003,24,1,2,1,1,1,3,2024-11-02 21:10:00,2024-11-02 21:10:00,2024-11-02 21:10:00,12.3584,76.5828,"Reported incident of hit and run at Near Deep Circle, Mysuru."
655,104430024202600655,202600655,2024-05-16,1002,24,1,2,1,1,1,1,2024-05-16 21:25:00,2024-05-16 21:25:00,2024-05-16 21:25:00,12.999,77.5481,"Reported incident of property crime at Near Kannan Path, Bengaluru Urban."
656,101020024202600656,202600656,2024-12-03,1002,24,1,2,1,3,1,3,2024-12-03 09:08:00,2024-12-03 09:08:00,2024-12-03 09:08:00,13.1144,78.1666,"Reported incident of chain snatching at Near Vora Nagar, Kolar. Suspect vehicle noticed with plate KA-41-B-2018."
657,101020024202600657,202600657,2025-04-09,1004,24,1,2,1,1,1,3,2025-04-09 20:09:00,2025-04-09 20:09:00,2025-04-09 20:09:00,13.2685,74.7202,"Reported incident of fraud at Near Magar Zila, Udupi."
658,101020024202600658,202600658,2024-12-11,1001,24,1,2,1,3,2,3,2024-12-11 02:20:00,2024-12-11 02:20:00,2024-12-11 02:20:00,15.2714,76.155,"Reported incident of chain snatching at Near Raval Ganj, Koppal. Suspect vehicle noticed with plate KA-34-B-4023."
659,101020024202600659,202600659,2024-01-06,1002,24,1,2,1,1,1,3,2024-01-06 12:52:00,2024-01-06 12:52:00,2024-01-06 12:52:00,13.0443,76.0959,"Reported incident of vehicle theft at Near Basu Circle, Hassan. Suspect vehicle noticed with plate KA-49-A-1771."
660,104430024202600660,202600660,2024-11-25,1001,24,1,2,1,1,1,1,2024-11-25 15:42:00,2024-11-25 15:42:00,2024-11-25 15:42:00,12.9854,77.5805,"Reported incident of vehicle theft at Near Shroff Path, Bengaluru Urban. Suspect vehicle noticed with plate KA-28-M-2573."
661,101020024202600661,202600661,2024-12-08,1004,24,1,2,1,1,1,3,2024-12-08 08:42:00,2024-12-08 08:42:00,2024-12-08 08:42:00,12.4682,76.9304,"Reported incident of cybercrime at Near Menon Zila, Mandya."
662,101020024202600662,202600662,2024-01-01,1001,24,1,2,1,1,1,3,2024-01-01 23:28:00,2024-01-01 23:28:00,2024-01-01 23:28:00,12.5415,76.9551,"Reported incident of murder at Near Ganesan Ganj, Mandya."
663,104430024202600663,202600663,2025-05-24,1003,24,1,2,1,1,2,1,2025-05-24 04:43:00,2025-05-24 04:43:00,2025-05-24 04:43:00,12.9811,77.5686,"Reported incident of eve teasing at Near Mittal Zila, Bengaluru Urban."
664,104430024202600664,202600664,2025-01-12,1002,24,1,2,1,1,1,1,2025-01-12 19:39:00,2025-01-12 19:39:00,2025-01-12 19:39:00,12.9203,77.5739,"Reported incident of kidnapping at Near Dhillon, Bengaluru Urban."
665,101020024202600665,202600665,2024-12-19,1002,24,1,2,1,1,1,3,2024-12-19 14:28:00,2024-12-19 14:28:00,2024-12-19 14:28:00,12.5693,76.9122,"Reported incident of fraud at Near Lad Circle, Mandya."
666,101020024202600666,202600666,2024-03-12,1002,24,1,2,1,1,1,3,2024-03-12 01:16:00,2024-03-12 01:16:00,2024-03-12 01:16:00,13.4037,77.0457,"Reported incident of property crime at Near Karnik Zila, Tumakuru."
667,101020024202600667,202600667,2024-12-07,1003,24,1,1,1,2,2,3,2024-12-07 06:03:00,2024-12-07 06:03:00,2024-12-07 06:03:00,16.8125,75.6566,"Reported incident of robbery at Near Kamdar Zila, Vijayapura. Suspect vehicle noticed with plate KA-03-A-2366."
668,101020024202600668,202600668,2024-04-23,1003,24,1,2,1,1,1,3,2024-04-23 02:18:00,2024-04-23 02:18:00,2024-04-23 02:18:00,13.053,76.0078,"Reported incident of hit and run at Near Sani Chowk, Hassan."
669,101020024202600669,202600669,2024-12-12,1004,24,1,2,1,1,1,3,2024-12-12 02:02:00,2024-12-12 02:02:00,2024-12-12 02:02:00,14.508,75.9381,"Reported incident of vehicle theft at Near Sangha Marg, Davangere. Suspect vehicle noticed with plate KA-39-M-6923."
670,101020024202600670,202600670,2025-04-15,1001,24,1,2,1,1,1,3,2025-04-15 13:03:00,2025-04-15 13:03:00,2025-04-15 13:03:00,13.0563,76.0268,"Reported incident of fraud at Near Venkataraman Road, Hassan."
671,104430024202600671,202600671,2024-10-15,1001,24,1,2,1,1,1,1,2024-10-15 08:46:00,2024-10-15 08:46:00,2024-10-15 08:46:00,13.004,77.6233,"Reported incident of property crime at Near Doshi Road, Bengaluru Urban."
672,104430024202600672,202600672,2024-12-09,1001,24,1,2,1,3,2,1,2024-12-09 23:04:00,2024-12-09 23:04:00,2024-12-09 23:04:00,13.2657,77.6562,"Reported incident of chain snatching at Near Buch Marg, Bengaluru Rural. Suspect vehicle noticed with plate KA-51-B-2358."
673,101020024202600673,202600673,2024-01-28,1002,24,1,2,1,3,1,3,2024-01-28 14:45:00,2024-01-28 14:45:00,2024-01-28 14:45:00,14.4961,75.91,"Reported incident of chain snatching at Near Prakash Circle, Davangere. Suspect vehicle noticed with plate KA-10-KA-4518."
674,101020024202600674,202600674,2024-07-30,1002,24,1,2,1,1,1,3,2024-07-30 02:05:00,2024-07-30 02:05:00,2024-07-30 02:05:00,16.1761,77.3991,"Reported incident of cybercrime at Near Sarkar Street, Raichur."
675,101020024202600675,202600675,2024-12-30,1004,24,1,2,1,1,3,3,2024-12-30 23:10:00,2024-12-30 23:10:00,2024-12-30 23:10:00,15.3238,75.1228,"Reported incident of vehicle theft at Near Contractor Path, Hubballi-Dharwad. Suspect vehicle noticed with plate KA-40-B-3831."
676,101020024202600676,202600676,2024-01-14,1001,24,1,2,1,1,1,3,2024-01-14 23:31:00,2024-01-14 23:31:00,2024-01-14 23:31:00,12.9906,76.1989,"Reported incident of hit and run at Near Lalla Road, Hassan."
677,104430024202600677,202600677,2024-07-15,1004,24,1,2,1,1,1,1,2024-07-15 18:12:00,2024-07-15 18:12:00,2024-07-15 18:12:00,13.0065,77.6337,"Reported incident of cybercrime at Near Sathe Chowk, Bengaluru Urban."
678,101020024202600678,202600678,2025-01-16,1002,24,1,1,2,4,2,3,2025-01-16 18:00:00,2025-01-16 18:00:00,2025-01-16 18:00:00,15.3221,76.2024,"Reported incident of assault at Near Subramaniam Nagar, Koppal."
679,104430024202600679,202600679,2024-03-07,1001,24,1,2,1,1,1,1,2024-03-07 09:44:00,2024-03-07 09:44:00,2024-03-07 09:44:00,13.0113,77.5924,"Reported incident of fraud at Near Khanna Ganj, Bengaluru Urban."
680,101020024202600680,202600680,2024-03-22,1004,24,1,2,1,1,1,3,2024-03-22 17:08:00,2024-03-22 17:08:00,2024-03-22 17:08:00,13.2526,77.1343,"Reported incident of drug offence at Near Korpal Circle, Tumakuru."
681,101020024202600681,202600681,2024-05-10,1001,24,1,1,1,2,2,3,2024-05-10 21:39:00,2024-05-10 21:39:00,2024-05-10 21:39:00,15.3414,75.0745,"Reported incident of robbery at Near Doctor Nagar, Hubballi-Dharwad. Suspect vehicle noticed with plate KA-43-P-4926."
682,101020024202600682,202600682,2024-05-22,1003,24,1,2,1,1,1,3,2024-05-22 00:50:00,2024-05-22 00:50:00,2024-05-22 00:50:00,13.2778,75.7279,"Reported incident of cybercrime at Near Parikh Zila, Chikkamagaluru."
683,104430024202600683,202600683,2024-07-24,1004,24,1,2,1,3,3,1,2024-07-24 06:06:00,2024-07-24 06:06:00,2024-07-24 06:06:00,12.981,77.5503,"Reported incident of chain snatching at Near Radhakrishnan Ganj, Bengaluru Urban. Suspect vehicle noticed with plate KA-38-KA-9001."
684,101020024202600684,202600684,2024-05-25,1001,24,1,2,1,1,1,3,2024-05-25 02:02:00,2024-05-25 02:02:00,2024-05-25 02:02:00,13.2038,78.1174,"Reported incident of drug offence at Near Grover Path, Kolar."
685,101020024202600685,202600685,2025-02-20,1002,24,1,2,1,1,2,3,2025-02-20 20:26:00,2025-02-20 20:26:00,2025-02-20 20:26:00,13.2685,77.0915,"Reported incident of cybercrime at Near Hora Chowk, Tumakuru."
686,101020024202600686,202600686,2024-03-07,1002,24,1,2,1,3,1,3,2024-03-07 03:17:00,2024-03-07 03:17:00,2024-03-07 03:17:00,16.8635,75.639,"Reported incident of chain snatching at Near Wagle Chowk, Vijayapura. Suspect vehicle noticed with plate KA-23-A-5668."
687,101020024202600687,202600687,2024-01-16,1001,24,1,2,1,1,2,3,2024-01-16 13:49:00,2024-01-16 13:49:00,2024-01-16 13:49:00,12.5302,76.9358,"Reported incident of burglary at Near Chandra Circle, Mandya."
688,104430024202600688,202600688,2024-11-24,1003,24,1,2,1,1,3,1,2024-11-24 20:29:00,2024-11-24 20:29:00,2024-11-24 20:29:00,12.9986,77.5836,"Reported incident of vehicle theft at Near Sem Nagar, Bengaluru Urban. Suspect vehicle noticed with plate KA-51-KA-6446."
689,101020024202600689,202600689,2024-12-10,1003,24,1,2,1,1,1,3,2024-12-10 14:30:00,2024-12-10 14:30:00,2024-12-10 14:30:00,15.3589,76.1846,"Reported incident of vehicle theft at Near Misra Chowk, Koppal. Suspect vehicle noticed with plate KA-19-P-3589."
690,101020024202600690,202600690,2024-01-16,1003,24,1,2,1,3,3,3,2024-01-16 01:52:00,2024-01-16 01:52:00,2024-01-16 01:52:00,15.2666,76.116,"Reported incident of chain snatching at Near Kulkarni, Koppal. Suspect vehicle noticed with plate KA-38-M-7428."
691,101020024202600691,202600691,2024-05-20,1002,24,1,2,1,1,1,3,2024-05-20 22:07:00,2024-05-20 22:07:00,2024-05-20 22:07:00,12.2813,76.595,"Reported incident of fraud at Near Dey Road, Mysuru."
692,101020024202600692,202600692,2024-03-17,1004,24,1,2,1,1,1,3,2024-03-17 22:00:00,2024-03-17 22:00:00,2024-03-17 22:00:00,14.556,75.9414,"Reported incident of cybercrime at Near Sinha Zila, Davangere."
693,101020024202600693,202600693,2025-01-01,1001,24,1,1,1,2,1,3,2025-01-01 14:41:00,2025-01-01 14:41:00,2025-01-01 14:41:00,13.9007,75.4997,"Reported incident of robbery at Near Nanda Marg, Shivamogga. Suspect vehicle noticed with plate KA-30-N-3012."
694,104430024202600694,202600694,2025-03-02,1004,24,1,2,1,1,1,1,2025-03-02 19:51:00,2025-03-02 19:51:00,2025-03-02 19:51:00,13.005,77.6447,"Reported incident of burglary at Near Soni Ganj, Bengaluru Urban."
695,101020024202600695,202600695,2024-11-24,1002,24,1,2,1,1,2,3,2024-11-24 07:51:00,2024-11-24 07:51:00,2024-11-24 07:51:00,12.9078,76.035,"Reported incident of eve teasing at Near Bali Zila, Hassan."
696,104430024202600696,202600696,2024-05-04,1002,24,1,2,1,1,1,1,2024-05-04 08:10:00,2024-05-04 08:10:00,2024-05-04 08:10:00,13.016,77.5799,"Reported incident of domestic violence at Near Gokhale Zila, Bengaluru Urban."
697,104430024202600697,202600697,2024-01-19,1003,24,1,2,1,1,2,1,2024-01-19 14:38:00,2024-01-19 14:38:00,2024-01-19 14:38:00,12.9715,77.6324,"Reported incident of property crime at Near More Nagar, Bengaluru Urban."
698,101020024202600698,202600698,2024-11-12,1003,24,1,2,1,1,2,3,2024-11-12 08:51:00,2024-11-12 08:51:00,2024-11-12 08:51:00,13.0653,78.0958,"Reported incident of cybercrime at Near Mukherjee Marg, Kolar."
699,104430024202600699,202600699,2024-07-09,1003,24,1,2,1,1,1,1,2024-07-09 16:49:00,2024-07-09 16:49:00,2024-07-09 16:49:00,13.2838,77.5263,"Reported incident of vehicle theft at Near Jaggi Ganj, Bengaluru Rural. Suspect vehicle noticed with plate KA-28-KB-3168."
700,104430024202600700,202600700,2024-01-14,1003,24,1,2,1,1,1,1,2024-01-14 05:37:00,2024-01-14 05:37:00,2024-01-14 05:37:00,13.0248,77.5902,"Reported incident of vehicle theft at Near Chakraborty Chowk, Bengaluru Urban. Suspect vehicle noticed with plate KA-09-M-1135."
701,101020024202600701,202600701,2025-03-25,1004,24,1,2,1,1,1,3,2025-03-25 18:15:00,2025-03-25 18:15:00,2025-03-25 18:15:00,12.2665,76.7248,"Reported incident of domestic violence at Near Bhavsar Zila, Mysuru."
702,101020024202600702,202600702,2024-11-08,1001,24,1,2,1,1,1,3,2024-11-08 04:17:00,2024-11-08 04:17:00,2024-11-08 04:17:00,16.1413,77.3935,"Reported incident of vehicle theft at Near Mane Circle, Raichur. Suspect vehicle noticed with plate KA-07-M-6476."
703,101020024202600703,202600703,2025-05-21,1001,24,1,2,1,1,1,3,2025-05-21 04:52:00,2025-05-21 04:52:00,2025-05-21 04:52:00,12.3657,76.5844,"Reported incident of burglary at Near Golla Zila, Mysuru."
704,101020024202600704,202600704,2024-01-14,1004,24,1,2,1,1,1,3,2024-01-14 01:49:00,2024-01-14 01:49:00,2024-01-14 01:49:00,13.3343,75.6959,"Reported incident of senior citizen crime at Near Pant Chowk, Chikkamagaluru."
705,101020024202600705,202600705,2024-12-03,1003,24,1,2,1,3,1,3,2024-12-03 02:09:00,2024-12-03 02:09:00,2024-12-03 02:09:00,15.1711,76.8456,"Reported incident of chain snatching at Near Mitter Road, Ballari. Suspect vehicle noticed with plate KA-15-KA-8239."
706,101020024202600706,202600706,2025-02-26,1003,24,1,2,1,1,1,3,2025-02-26 03:33:00,2025-02-26 03:33:00,2025-02-26 03:33:00,12.3537,76.5815,"Reported incident of cybercrime at Near Kuruvilla Circle, Mysuru."
707,101020024202600707,202600707,2024-10-22,1004,24,1,2,1,1,1,3,2024-10-22 22:10:00,2024-10-22 22:10:00,2024-10-22 22:10:00,13.3375,74.6722,"Reported incident of vehicle theft at Near Majumdar Street, Udupi. Suspect vehicle noticed with plate KA-18-KA-2370."
708,104430024202600708,202600708,2024-10-27,1004,24,1,2,1,1,1,1,2024-10-27 13:35:00,2024-10-27 13:35:00,2024-10-27 13:35:00,12.9131,77.5784,"Reported incident of vehicle theft at Near Pillai Street, Bengaluru Urban. Suspect vehicle noticed with plate KA-04-KA-6025."
709,104430024202600709,202600709,2025-01-21,1001,24,1,2,1,1,1,1,2025-01-21 21:28:00,2025-01-21 21:28:00,2025-01-21 21:28:00,12.973,77.5834,"Reported incident of vehicle theft at Near Rana Nagar, Bengaluru Urban. Suspect vehicle noticed with plate KA-34-KA-1574."
710,101020024202600710,202600710,2024-09-05,1004,24,1,2,1,1,1,3,2024-09-05 11:46:00,2024-09-05 11:46:00,2024-09-05 11:46:00,17.3487,76.8945,"Reported incident of burglary at Near Bakshi Marg, Kalaburagi."
711,104430024202600711,202600711,2025-02-15,1002,24,1,1,1,2,1,1,2025-02-15 10:19:00,2025-02-15 10:19:00,2025-02-15 10:19:00,12.9017,77.593,"Reported incident of robbery at Near Sarraf Zila, Bengaluru Urban. Suspect vehicle noticed with plate KA-15-A-4267."
712,101020024202600712,202600712,2025-02-09,1001,24,1,1,2,4,1,3,2025-02-09 08:46:00,2025-02-09 08:46:00,2025-02-09 08:46:00,15.3007,76.086,"Reported incident of assault at Near Das Zila, Koppal."
713,101020024202600713,202600713,2024-07-09,1001,24,1,2,1,1,3,3,2024-07-09 10:59:00,2024-07-09 10:59:00,2024-07-09 10:59:00,13.1775,78.0414,"Reported incident of hit and run at Near Kant Street, Kolar."
714,104430024202600714,202600714,2024-03-11,1004,24,1,2,1,1,1,1,2024-03-11 19:43:00,2024-03-11 19:43:00,2024-03-11 19:43:00,13.0135,77.6522,"Reported incident of property crime at Near Pandey Ganj, Bengaluru Urban."
715,101020024202600715,202600715,2025-04-07,1001,24,1,2,1,1,1,3,2025-04-07 03:09:00,2025-04-07 03:09:00,2025-04-07 03:09:00,12.4819,76.9259,"Reported incident of burglary at Near Datta Ganj, Mandya."
716,104430024202600716,202600716,2024-04-05,1001,24,1,2,1,1,1,1,2024-04-05 15:15:00,2024-04-05 15:15:00,2024-04-05 15:15:00,12.9891,77.5718,"Reported incident of fraud at Near Sankar Ganj, Bengaluru Urban."
717,101020024202600717,202600717,2024-02-14,1004,24,1,2,1,1,1,3,2024-02-14 13:41:00,2024-02-14 13:41:00,2024-02-14 13:41:00,17.912,77.4907,"Reported incident of property crime at Near Lalla, Bidar."
718,101020024202600718,202600718,2024-07-16,1001,24,1,2,1,3,2,3,2024-07-16 12:37:00,2024-07-16 12:37:00,2024-07-16 12:37:00,15.3656,76.1037,"Reported incident of chain snatching at Near Master Ganj, Koppal. Suspect vehicle noticed with plate KA-15-KA-5962."
719,101020024202600719,202600719,2024-03-03,1001,24,1,2,1,3,1,3,2024-03-03 23:23:00,2024-03-03 23:23:00,2024-03-03 23:23:00,15.3425,76.1787,"Reported incident of chain snatching at Near Gala Marg, Koppal. Suspect vehicle noticed with plate KA-09-KA-2683."
720,101020024202600720,202600720,2025-04-18,1003,24,1,2,1,1,1,3,2025-04-18 10:40:00,2025-04-18 10:40:00,2025-04-18 10:40:00,16.8068,75.641,"Reported incident of eve teasing at Near Palan Street, Vijayapura."
721,104430024202600721,202600721,2024-04-08,1004,24,1,2,1,1,1,1,2024-04-08 01:38:00,2024-04-08 01:38:00,2024-04-08 01:38:00,12.8723,77.5839,"Reported incident of vehicle theft at Near Shah Street, Bengaluru Urban. Suspect vehicle noticed with plate KA-39-B-1590."
722,104430024202600722,202600722,2024-10-22,1002,24,1,2,1,1,1,1,2024-10-22 22:53:00,2024-10-22 22:53:00,2024-10-22 22:53:00,12.8891,77.5824,"Reported incident of eve teasing at Near Goyal Zila, Bengaluru Urban."
723,104430024202600723,202600723,2024-04-25,1002,24,1,2,1,1,1,1,2024-04-25 02:57:00,2024-04-25 02:57:00,2024-04-25 02:57:00,12.8883,77.5508,"Reported incident of vehicle theft at Near Kalita Path, Bengaluru Urban. Suspect vehicle noticed with plate KA-43-N-2478."
724,101020024202600724,202600724,2025-01-08,1003,24,1,2,1,3,1,3,2025-01-08 23:39:00,2025-01-08 23:39:00,2025-01-08 23:39:00,14.5344,75.9919,"Reported incident of chain snatching at Near Cheema Ganj, Davangere. Suspect vehicle noticed with plate KA-53-A-1594."
725,101020024202600725,202600725,2024-09-24,1004,24,1,1,1,2,1,3,2024-09-24 15:35:00,2024-09-24 15:35:00,2024-09-24 15:35:00,15.2946,75.1774,"Reported incident of robbery at Near Chaudry Street, Hubballi-Dharwad. Suspect vehicle noticed with plate KA-20-A-3463."
726,104430024202600726,202600726,2025-05-17,1001,24,1,2,1,1,1,1,2025-05-17 09:14:00,2025-05-17 09:14:00,2025-05-17 09:14:00,13.0252,77.5695,"Reported incident of kidnapping at Near Pau Road, Bengaluru Urban."
727,101020024202600727,202600727,2024-11-02,1001,24,1,2,1,3,1,3,2024-11-02 21:18:00,2024-11-02 21:18:00,2024-11-02 21:18:00,17.3459,76.7916,"Reported incident of chain snatching at Near Pradhan Chowk, Kalaburagi. Suspect vehicle noticed with plate KA-03-M-1632."
728,101020024202600728,202600728,2024-08-07,1001,24,1,2,1,3,1,3,2024-08-07 11:57:00,2024-08-07 11:57:00,2024-08-07 11:57:00,12.2673,76.6174,"Reported incident of chain snatching at Near Mittal Road, Mysuru. Suspect vehicle noticed with plate KA-23-KB-7781."
729,101020024202600729,202600729,2024-08-09,1004,24,1,2,1,1,1,3,2024-08-09 07:00:00,2024-08-09 07:00:00,2024-08-09 07:00:00,16.2297,77.2998,"Reported incident of drug offence at Near Sani Street, Raichur."
730,104430024202600730,202600730,2024-12-12,1004,24,1,1,2,4,2,1,2024-12-12 11:15:00,2024-12-12 11:15:00,2024-12-12 11:15:00,12.9847,77.6429,"Reported incident of assault at Near Saraf Chowk, Bengaluru Urban."
731,101020024202600731,202600731,2024-11-05,1003,24,1,2,1,1,1,3,2024-11-05 01:33:00,2024-11-05 01:33:00,2024-11-05 01:33:00,13.0675,78.1565,"Reported incident of vehicle theft at Near Andra Road, Kolar. Suspect vehicle noticed with plate KA-33-KB-5711."
732,104430024202600732,202600732,2025-01-29,1002,24,1,2,1,1,2,1,2025-01-29 05:07:00,2025-01-29 05:07:00,2025-01-29 05:07:00,12.9226,77.5715,"Reported incident of vehicle theft at Near Khare Marg, Bengaluru Urban. Suspect vehicle noticed with plate KA-20-N-4745."
733,101020024202600733,202600733,2024-11-04,1003,24,1,2,1,1,1,3,2024-11-04 10:45:00,2024-11-04 10:45:00,2024-11-04 10:45:00,15.8602,74.4751,"Reported incident of vehicle theft at Near Chopra Circle, Belagavi. Suspect vehicle noticed with plate KA-20-KA-1848."
734,104430024202600734,202600734,2025-01-13,1004,24,1,1,2,4,1,1,2025-01-13 15:36:00,2025-01-13 15:36:00,2025-01-13 15:36:00,12.9981,77.5631,"Reported incident of assault at Near Choudhury Street, Bengaluru Urban."
735,101020024202600735,202600735,2024-05-22,1001,24,1,2,1,1,1,3,2024-05-22 10:38:00,2024-05-22 10:38:00,2024-05-22 10:38:00,13.2898,74.803,"Reported incident of burglary at Near Chad Chowk, Udupi."
736,104430024202600736,202600736,2024-08-09,1003,24,1,2,1,1,1,1,2024-08-09 07:10:00,2024-08-09 07:10:00,2024-08-09 07:10:00,13.0028,77.611,"Reported incident of fraud at Near Dayal, Bengaluru Urban."
737,101020024202600737,202600737,2024-06-09,1003,24,1,2,1,1,1,3,2024-06-09 09:24:00,2024-06-09 09:24:00,2024-06-09 09:24:00,12.3472,76.5682,"Reported incident of vehicle theft at Near Luthra Road, Mysuru. Suspect vehicle noticed with plate KA-24-B-1338."
738,104430024202600738,202600738,2024-03-18,1001,24,1,2,1,1,1,1,2024-03-18 00:02:00,2024-03-18 00:02:00,2024-03-18 00:02:00,12.9883,77.5299,"Reported incident of burglary at Near Mishra Zila, Bengaluru Urban."
739,101020024202600739,202600739,2025-01-17,1003,24,1,2,1,1,2,3,2025-01-17 03:00:00,2025-01-17 03:00:00,2025-01-17 03:00:00,17.237,76.8443,"Reported incident of burglary at Near Mann Marg, Kalaburagi."
740,101020024202600740,202600740,2024-08-26,1003,24,1,2,1,1,1,3,2024-08-26 08:23:00,2024-08-26 08:23:00,2024-08-26 08:23:00,17.3908,76.7627,"Reported incident of fraud at Near Verma Marg, Kalaburagi."
741,104430024202600741,202600741,2024-01-28,1004,24,1,2,1,1,1,1,2024-01-28 20:07:00,2024-01-28 20:07:00,2024-01-28 20:07:00,13.1489,77.6136,"Reported incident of fraud at Near Devan Chowk, Bengaluru Rural."
742,104430024202600742,202600742,2025-05-25,1002,24,1,2,1,1,1,1,2025-05-25 10:57:00,2025-05-25 10:57:00,2025-05-25 10:57:00,13.0307,77.5631,"Reported incident of fraud at Near Borra Nagar, Bengaluru Urban."
743,104430024202600743,202600743,2024-11-21,1002,24,1,1,1,2,1,1,2024-11-21 18:37:00,2024-11-21 18:37:00,2024-11-21 18:37:00,12.9842,77.5448,"Reported incident of robbery at Near Jha Zila, Bengaluru Urban. Suspect vehicle noticed with plate KA-36-M-6085."
744,101020024202600744,202600744,2024-06-27,1002,24,1,2,1,1,1,3,2024-06-27 16:58:00,2024-06-27 16:58:00,2024-06-27 16:58:00,13.0836,78.1212,"Reported incident of fraud at Near Doctor Nagar, Kolar."
745,101020024202600745,202600745,2024-05-24,1001,24,1,1,2,4,1,3,2024-05-24 09:31:00,2024-05-24 09:31:00,2024-05-24 09:31:00,15.1092,76.9754,"Reported incident of assault at Near Chana Nagar, Ballari."
746,101020024202600746,202600746,2024-10-03,1004,24,1,2,1,3,1,3,2024-10-03 15:11:00,2024-10-03 15:11:00,2024-10-03 15:11:00,13.0928,78.1674,"Reported incident of chain snatching at Near Krish Street, Kolar. Suspect vehicle noticed with plate KA-04-A-4014."
747,101020024202600747,202600747,2025-02-23,1003,24,1,2,1,1,1,3,2025-02-23 03:26:00,2025-02-23 03:26:00,2025-02-23 03:26:00,15.3233,75.085,"Reported incident of cybercrime at Near Dhingra Zila, Hubballi-Dharwad."
748,104430024202600748,202600748,2024-02-25,1002,24,1,2,1,1,1,1,2024-02-25 20:15:00,2024-02-25 20:15:00,2024-02-25 20:15:00,12.871,77.5598,"Reported incident of vehicle theft at Near Raman Street, Bengaluru Urban. Suspect vehicle noticed with plate KA-22-B-6092."
749,101020024202600749,202600749,2025-04-20,1004,24,1,2,1,1,1,3,2025-04-20 19:53:00,2025-04-20 19:53:00,2025-04-20 19:53:00,12.5585,76.8841,"Reported incident of burglary at Near Kala Zila, Mandya."
750,101020024202600750,202600750,2024-12-02,1004,24,1,2,1,1,1,3,2024-12-02 07:50:00,2024-12-02 07:50:00,2024-12-02 07:50:00,13.9245,75.6322,"Reported incident of vehicle theft at Near Apte Circle, Shivamogga. Suspect vehicle noticed with plate KA-18-N-7662."
751,101020024202600751,202600751,2024-11-08,1002,24,1,2,1,1,1,3,2024-11-08 14:50:00,2024-11-08 14:50:00,2024-11-08 14:50:00,17.3843,76.8984,"Reported incident of burglary at Near Rajagopal Marg, Kalaburagi."
752,101020024202600752,202600752,2024-08-25,1001,24,1,2,1,1,1,3,2024-08-25 20:29:00,2024-08-25 20:29:00,2024-08-25 20:29:00,17.9193,77.4718,"Reported incident of fraud at Near Bail, Bidar."
753,101020024202600753,202600753,2024-11-23,1001,24,1,2,1,1,1,3,2024-11-23 06:54:00,2024-11-23 06:54:00,2024-11-23 06:54:00,12.5535,76.8901,"Reported incident of vehicle theft at Near Nagi Nagar, Mandya. Suspect vehicle noticed with plate KA-34-P-5613."
754,101020024202600754,202600754,2025-02-09,1004,24,1,2,1,1,1,3,2025-02-09 03:48:00,2025-02-09 03:48:00,2025-02-09 03:48:00,12.9409,74.867,"Reported incident of drug offence at Near Goda Marg, Mangaluru (Dakshina Kannada)."
755,104430024202600755,202600755,2024-05-07,1002,24,1,2,1,1,1,1,2024-05-07 04:35:00,2024-05-07 04:35:00,2024-05-07 04:35:00,13.0007,77.6075,"Reported incident of fraud at Near Kamdar Street, Bengaluru Urban."
756,104430024202600756,202600756,2024-08-11,1004,24,1,2,1,3,1,1,2024-08-11 21:27:00,2024-08-11 21:27:00,2024-08-11 21:27:00,13.1618,77.5865,"Reported incident of chain snatching at Near Nagi Road, Bengaluru Rural. Suspect vehicle noticed with plate KA-36-A-6275."
757,101020024202600757,202600757,2024-03-28,1003,24,1,1,2,4,1,3,2024-03-28 19:06:00,2024-03-28 19:06:00,2024-03-28 19:06:00,12.5881,76.8222,"Reported incident of assault at Near Salvi Path, Mandya."
758,101020024202600758,202600758,2024-02-06,1002,24,1,2,1,1,1,3,2024-02-06 06:30:00,2024-02-06 06:30:00,2024-02-06 06:30:00,12.3413,76.6629,"Reported incident of fraud at Near Chandra Nagar, Mysuru."
759,104430024202600759,202600759,2025-01-21,1002,24,1,2,1,1,1,1,2025-01-21 07:59:00,2025-01-21 07:59:00,2025-01-21 07:59:00,13.0358,77.6074,"Reported incident of vehicle theft at Near Devan Path, Bengaluru Urban. Suspect vehicle noticed with plate KA-36-M-1963."
760,104430024202600760,202600760,2024-11-22,1004,24,1,2,1,1,2,1,2024-11-22 09:47:00,2024-11-22 09:47:00,2024-11-22 09:47:00,13.0251,77.5447,"Reported incident of vehicle theft at Near Tara Marg, Bengaluru Urban. Suspect vehicle noticed with plate KA-35-B-8599."
761,101020024202600761,202600761,2024-11-14,1004,24,1,2,1,1,2,3,2024-11-14 03:19:00,2024-11-14 03:19:00,2024-11-14 03:19:00,15.3735,76.2311,"Reported incident of hit and run at Near Kadakia, Koppal."
762,101020024202600762,202600762,2024-03-02,1003,24,1,2,1,1,1,3,2024-03-02 01:14:00,2024-03-02 01:14:00,2024-03-02 01:14:00,13.2987,75.805,"Reported incident of fraud at Near Mani Circle, Chikkamagaluru."
763,101020024202600763,202600763,2024-11-14,1002,24,1,2,1,3,1,3,2024-11-14 05:38:00,2024-11-14 05:38:00,2024-11-14 05:38:00,13.0584,76.0573,"Reported incident of chain snatching at Near Deep Street, Hassan. Suspect vehicle noticed with plate KA-10-P-5630."
764,101020024202600764,202600764,2024-07-20,1002,24,1,2,1,1,1,3,2024-07-20 07:34:00,2024-07-20 07:34:00,2024-07-20 07:34:00,15.2823,76.1472,"Reported incident of burglary at Near Warrior Marg, Koppal."
765,101020024202600765,202600765,2024-04-25,1001,24,1,2,1,1,2,3,2024-04-25 17:54:00,2024-04-25 17:54:00,2024-04-25 17:54:00,12.8669,74.869,"Reported incident of cybercrime at Near Vaidya Circle, Mangaluru (Dakshina Kannada)."
766,104430024202600766,202600766,2024-07-20,1002,24,1,2,1,1,1,1,2024-07-20 10:05:00,2024-07-20 10:05:00,2024-07-20 10:05:00,12.998,77.5997,"Reported incident of vehicle theft at Near Buch Chowk, Bengaluru Urban. Suspect vehicle noticed with plate KA-45-P-5824."
767,101020024202600767,202600767,2024-10-06,1003,24,1,2,1,1,1,3,2024-10-06 09:58:00,2024-10-06 09:58:00,2024-10-06 09:58:00,15.1839,76.8365,"Reported incident of vehicle theft at Near Vasa Circle, Ballari. Suspect vehicle noticed with plate KA-42-P-2241."
768,101020024202600768,202600768,2025-02-20,1003,24,1,2,1,1,1,3,2025-02-20 02:19:00,2025-02-20 02:19:00,2025-02-20 02:19:00,15.3018,75.0896,"Reported incident of hit and run at Near Balasubramanian Marg, Hubballi-Dharwad."
769,104430024202600769,202600769,2025-03-15,1001,24,1,2,1,3,1,1,2025-03-15 03:19:00,2025-03-15 03:19:00,2025-03-15 03:19:00,13.0265,77.5366,"Reported incident of chain snatching at Near Sankaran Street, Bengaluru Urban. Suspect vehicle noticed with plate KA-16-KA-3115."
770,104430024202600770,202600770,2024-04-18,1003,24,1,2,1,1,1,1,2024-04-18 13:06:00,2024-04-18 13:06:00,2024-04-18 13:06:00,12.9851,77.5726,"Reported incident of drug offence at Near Amble Road, Bengaluru Urban."
771,101020024202600771,202600771,2024-07-11,1004,24,1,2,1,1,1,3,2024-07-11 23:28:00,2024-07-11 23:28:00,2024-07-11 23:28:00,16.7934,75.6306,"Reported incident of burglary at Near Yogi Road, Vijayapura."
772,101020024202600772,202600772,2024-01-29,1002,24,1,2,1,1,1,3,2024-01-29 18:00:00,2024-01-29 18:00:00,2024-01-29 18:00:00,15.3228,75.1202,"Reported incident of vehicle theft at Near Brahmbhatt Ganj, Hubballi-Dharwad. Suspect vehicle noticed with plate KA-10-N-6232."
773,101020024202600773,202600773,2024-07-10,1002,24,1,1,2,4,1,3,2024-07-10 17:15:00,2024-07-10 17:15:00,2024-07-10 17:15:00,13.9811,75.5256,"Reported incident of assault at Near Dhillon Marg, Shivamogga."
774,101020024202600774,202600774,2025-03-28,1003,24,1,2,1,1,1,3,2025-03-28 17:03:00,2025-03-28 17:03:00,2025-03-28 17:03:00,13.9711,75.6116,"Reported incident of burglary at Near Nagarajan, Shivamogga."
775,101020024202600775,202600775,2024-02-14,1004,24,1,2,1,1,1,3,2024-02-14 02:21:00,2024-02-14 02:21:00,2024-02-14 02:21:00,16.8029,75.6186,"Reported incident of burglary at Near Saxena Ganj, Vijayapura."
776,104430024202600776,202600776,2024-06-03,1002,24,1,1,1,2,3,1,2024-06-03 01:53:00,2024-06-03 01:53:00,2024-06-03 01:53:00,12.9671,77.6163,"Reported incident of robbery at Near Nazareth Street, Bengaluru Urban. Suspect vehicle noticed with plate KA-22-P-8787."
777,104430024202600777,202600777,2025-02-12,1001,24,1,2,1,1,2,1,2025-02-12 14:16:00,2025-02-12 14:16:00,2025-02-12 14:16:00,12.9686,77.6218,"Reported incident of vehicle theft at Near Viswanathan Ganj, Bengaluru Urban. Suspect vehicle noticed with plate KA-37-KA-3418."
778,101020024202600778,202600778,2024-06-04,1003,24,1,2,1,1,1,3,2024-06-04 18:31:00,2024-06-04 18:31:00,2024-06-04 18:31:00,15.8638,74.4601,"Reported incident of vehicle theft at Near Biswas Marg, Belagavi. Suspect vehicle noticed with plate KA-06-P-4696."
779,101020024202600779,202600779,2024-04-08,1004,24,1,2,1,1,2,3,2024-04-08 05:40:00,2024-04-08 05:40:00,2024-04-08 05:40:00,12.8695,74.8151,"Reported incident of fraud at Near Vasa Road, Mangaluru (Dakshina Kannada)."
780,101020024202600780,202600780,2025-03-09,1001,24,1,2,1,1,2,3,2025-03-09 08:06:00,2025-03-09 08:06:00,2025-03-09 08:06:00,17.8299,77.5843,"Reported incident of eve teasing at Near Brar Zila, Bidar."
781,104430024202600781,202600781,2025-05-07,1001,24,1,2,1,1,1,1,2025-05-07 05:59:00,2025-05-07 05:59:00,2025-05-07 05:59:00,12.9739,77.6053,"Reported incident of eve teasing at Near Sodhi, Bengaluru Urban."
782,101020024202600782,202600782,2024-06-15,1002,24,1,1,1,2,1,3,2024-06-15 18:03:00,2024-06-15 18:03:00,2024-06-15 18:03:00,17.9319,77.5107,"Reported incident of robbery at Near Toor Circle, Bidar. Suspect vehicle noticed with plate KA-35-A-7314."
783,104430024202600783,202600783,2025-02-14,1004,24,1,2,1,1,1,1,2025-02-14 18:11:00,2025-02-14 18:11:00,2025-02-14 18:11:00,13.0098,77.5632,"Reported incident of drug offence at Near Prashad Street, Bengaluru Urban."
784,104430024202600784,202600784,2024-11-30,1002,24,1,2,1,1,1,1,2024-11-30 10:24:00,2024-11-30 10:24:00,2024-11-30 10:24:00,13.0284,77.5703,"Reported incident of burglary at Near Bandi Marg, Bengaluru Urban."
785,104430024202600785,202600785,2024-04-05,1001,24,1,2,1,1,3,1,2024-04-05 12:46:00,2024-04-05 12:46:00,2024-04-05 12:46:00,13.0149,77.5661,"Reported incident of kidnapping at Near Chand Nagar, Bengaluru Urban."
786,104430024202600786,202600786,2025-05-19,1001,24,1,2,1,1,1,1,2025-05-19 08:58:00,2025-05-19 08:58:00,2025-05-19 08:58:00,12.9829,77.5749,"Reported incident of domestic violence at Near Sarraf Zila, Bengaluru Urban."
787,101020024202600787,202600787,2025-04-03,1003,24,1,2,1,1,1,3,2025-04-03 04:07:00,2025-04-03 04:07:00,2025-04-03 04:07:00,12.277,76.5964,"Reported incident of domestic violence at Near Balasubramanian Marg, Mysuru."
788,101020024202600788,202600788,2024-05-30,1001,24,1,2,1,1,1,3,2024-05-30 23:28:00,2024-05-30 23:28:00,2024-05-30 23:28:00,13.3116,77.0776,"Reported incident of fraud at Near Minhas Street, Tumakuru."
789,101020024202600789,202600789,2025-05-17,1002,24,1,2,1,1,1,3,2025-05-17 12:33:00,2025-05-17 12:33:00,2025-05-17 12:33:00,16.233,77.4104,"Reported incident of hit and run at Near Samra Street, Raichur."
790,104430024202600790,202600790,2024-01-22,1001,24,1,1,1,2,1,1,2024-01-22 09:44:00,2024-01-22 09:44:00,2024-01-22 09:44:00,13.0322,77.5821,"Reported incident of robbery at Near Bora Ganj, Bengaluru Urban. Suspect vehicle noticed with plate KA-30-KB-6456."
791,104430024202600791,202600791,2025-02-23,1002,24,1,1,1,2,1,1,2025-02-23 08:53:00,2025-02-23 08:53:00,2025-02-23 08:53:00,12.9722,77.6497,"Reported incident of robbery at Near Kannan Marg, Bengaluru Urban. Suspect vehicle noticed with plate KA-17-B-2041."
792,101020024202600792,202600792,2025-03-17,1004,24,1,2,1,1,1,3,2025-03-17 09:07:00,2025-03-17 09:07:00,2025-03-17 09:07:00,12.9622,74.8463,"Reported incident of fraud at Near Kurian, Mangaluru (Dakshina Kannada)."
793,104430024202600793,202600793,2024-10-11,1002,24,1,1,2,4,1,1,2024-10-11 14:15:00,2024-10-11 14:15:00,2024-10-11 14:15:00,12.9767,77.6552,"Reported incident of assault at Near Choudhury Ganj, Bengaluru Urban."
794,101020024202600794,202600794,2024-01-25,1003,24,1,2,1,1,3,3,2024-01-25 05:44:00,2024-01-25 05:44:00,2024-01-25 05:44:00,15.366,75.1171,"Reported incident of hit and run at Near Muni Zila, Hubballi-Dharwad."
795,104430024202600795,202600795,2024-06-24,1003,24,1,1,1,2,1,1,2024-06-24 01:38:00,2024-06-24 01:38:00,2024-06-24 01:38:00,13.2952,77.5542,"Reported incident of robbery at Near Nadkarni Marg, Bengaluru Rural. Suspect vehicle noticed with plate KA-14-KA-5273."
796,101020024202600796,202600796,2024-12-18,1003,24,1,2,1,1,2,3,2024-12-18 19:57:00,2024-12-18 19:57:00,2024-12-18 19:57:00,12.8655,74.8368,"Reported incident of vehicle theft at Near Roy Circle, Mangaluru (Dakshina Kannada). Suspect vehicle noticed with plate KA-11-M-4557."
797,101020024202600797,202600797,2025-03-01,1003,24,1,2,1,1,1,3,2025-03-01 03:42:00,2025-03-01 03:42:00,2025-03-01 03:42:00,13.059,76.0679,"Reported incident of property crime at Near Parekh Path, Hassan."
798,101020024202600798,202600798,2024-12-12,1001,24,1,2,1,1,1,3,2024-12-12 00:53:00,2024-12-12 00:53:00,2024-12-12 00:53:00,12.4702,76.9231,"Reported incident of vehicle theft at Near Dhillon Marg, Mandya. Suspect vehicle noticed with plate KA-35-B-1071."
799,101020024202600799,202600799,2025-01-18,1002,24,1,2,1,1,1,3,2025-01-18 23:37:00,2025-01-18 23:37:00,2025-01-18 23:37:00,13.3565,74.6909,"Reported incident of burglary at Near Kakar Marg, Udupi."
800,104430024202600800,202600800,2025-02-22,1003,24,1,2,1,1,1,1,2025-02-22 22:49:00,2025-02-22 22:49:00,2025-02-22 22:49:00,13.0083,77.5544,"Reported incident of eve teasing at Near Kumar Circle, Bengaluru Urban."
801,104430024202600801,202600801,2024-05-19,1003,24,1,2,1,1,2,1,2024-05-19 18:31:00,2024-05-19 18:31:00,2024-05-19 18:31:00,13.0007,77.663,"Reported incident of fraud at Near Sabharwal Chowk, Bengaluru Urban."
802,104430024202600802,202600802,2024-11-19,1001,24,1,2,1,1,1,1,2024-11-19 20:47:00,2024-11-19 20:47:00,2024-11-19 20:47:00,12.9153,77.5691,"Reported incident of eve teasing at Near Walia Chowk, Bengaluru Urban."
803,101020024202600803,202600803,2024-10-26,1002,24,1,2,1,3,1,3,2024-10-26 05:25:00,2024-10-26 05:25:00,2024-10-26 05:25:00,13.8646,75.4982,"Reported incident of chain snatching at Near Mander Nagar, Shivamogga. Suspect vehicle noticed with plate KA-34-N-1500."
804,104430024202600804,202600804,2024-09-14,1001,24,1,2,1,1,1,1,2024-09-14 04:42:00,2024-09-14 04:42:00,2024-09-14 04:42:00,12.9718,77.6591,"Reported incident of burglary at Near Dar Path, Bengaluru Urban."
805,101020024202600805,202600805,2024-07-07,1002,24,1,2,1,3,3,3,2024-07-07 03:05:00,2024-07-07 03:05:00,2024-07-07 03:05:00,15.3626,76.0964,"Reported incident of chain snatching at Near Kota Nagar, Koppal. Suspect vehicle noticed with plate KA-41-M-8537."
806,101020024202600806,202600806,2025-04-21,1003,24,1,2,1,1,1,3,2025-04-21 17:34:00,2025-04-21 17:34:00,2025-04-21 17:34:00,13.1886,78.2149,"Reported incident of senior citizen crime at Near Bali, Kolar."
807,104430024202600807,202600807,2024-12-04,1002,24,1,2,1,1,1,1,2024-12-04 12:43:00,2024-12-04 12:43:00,2024-12-04 12:43:00,13.0039,77.5673,"Reported incident of vehicle theft at Near Sachdev Road, Bengaluru Urban. Suspect vehicle noticed with plate KA-12-A-9675."
808,101020024202600808,202600808,2024-09-06,1001,24,1,2,1,1,3,3,2024-09-06 05:10:00,2024-09-06 05:10:00,2024-09-06 05:10:00,13.316,74.7329,"Reported incident of burglary at Near Issac Nagar, Udupi."
809,101020024202600809,202600809,2025-05-15,1003,24,1,2,1,1,1,3,2025-05-15 11:46:00,2025-05-15 11:46:00,2025-05-15 11:46:00,13.0813,76.1658,"Reported incident of property crime at Near Varma Nagar, Hassan."
810,101020024202600810,202600810,2024-03-17,1003,24,1,2,1,1,1,3,2024-03-17 13:07:00,2024-03-17 13:07:00,2024-03-17 13:07:00,16.7988,75.657,"Reported incident of property crime at Near Dhar Ganj, Vijayapura."
811,101020024202600811,202600811,2024-10-19,1001,24,1,2,1,1,1,3,2024-10-19 10:38:00,2024-10-19 10:38:00,2024-10-19 10:38:00,15.7916,74.5767,"Reported incident of vehicle theft at Near Soni Circle, Belagavi. Suspect vehicle noticed with plate KA-12-B-4553."
812,101020024202600812,202600812,2024-11-25,1002,24,1,2,1,1,1,3,2024-11-25 09:16:00,2024-11-25 09:16:00,2024-11-25 09:16:00,17.8949,77.542,"Reported incident of kidnapping at Near Narain Nagar, Bidar."
813,104430024202600813,202600813,2024-08-13,1001,24,1,1,1,2,1,1,2024-08-13 04:48:00,2024-08-13 04:48:00,2024-08-13 04:48:00,12.9038,77.5564,"Reported incident of robbery at Near Nanda Road, Bengaluru Urban. Suspect vehicle noticed with plate KA-40-KB-4963."
814,101020024202600814,202600814,2024-12-09,1004,24,1,2,1,3,1,3,2024-12-09 01:07:00,2024-12-09 01:07:00,2024-12-09 01:07:00,13.1895,78.1308,"Reported incident of chain snatching at Near Sur, Kolar. Suspect vehicle noticed with plate KA-15-KA-1476."
815,101020024202600815,202600815,2024-10-03,1002,24,1,2,1,1,3,3,2024-10-03 21:47:00,2024-10-03 21:47:00,2024-10-03 21:47:00,13.8612,75.5352,"Reported incident of vehicle theft at Near Chatterjee Marg, Shivamogga. Suspect vehicle noticed with plate KA-13-A-3494."
816,101020024202600816,202600816,2024-12-09,1002,24,1,2,1,3,1,3,2024-12-09 01:08:00,2024-12-09 01:08:00,2024-12-09 01:08:00,12.3936,76.7022,"Reported incident of chain snatching at Near Goswami Nagar, Mysuru. Suspect vehicle noticed with plate KA-15-KB-9118."
817,101020024202600817,202600817,2024-01-13,1001,24,1,2,1,1,1,3,2024-01-13 11:17:00,2024-01-13 11:17:00,2024-01-13 11:17:00,13.2037,78.0647,"Reported incident of vehicle theft at Near Dani Chowk, Kolar. Suspect vehicle noticed with plate KA-27-A-1981."
818,101020024202600818,202600818,2024-03-06,1003,24,1,2,1,1,2,3,2024-03-06 09:02:00,2024-03-06 09:02:00,2024-03-06 09:02:00,17.3913,76.7575,"Reported incident of eve teasing at Near Puri Ganj, Kalaburagi."
819,101020024202600819,202600819,2024-11-10,1003,24,1,2,1,1,1,3,2024-11-10 11:11:00,2024-11-10 11:11:00,2024-11-10 11:11:00,13.0474,76.1472,"Reported incident of vehicle theft at Near Palan Nagar, Hassan. Suspect vehicle noticed with plate KA-42-KA-9514."
820,104430024202600820,202600820,2024-12-26,1003,24,1,2,1,1,1,1,2024-12-26 08:18:00,2024-12-26 08:18:00,2024-12-26 08:18:00,13.2187,77.5204,"Reported incident of cybercrime at Near Dutta, Bengaluru Rural."
821,104430024202600821,202600821,2024-11-11,1002,24,1,2,1,3,1,1,2024-11-11 06:57:00,2024-11-11 06:57:00,2024-11-11 06:57:00,13.2565,77.565,"Reported incident of chain snatching at Near Subramanian Zila, Bengaluru Rural. Suspect vehicle noticed with plate KA-38-N-3041."
822,104430024202600822,202600822,2024-08-17,1003,24,1,2,1,1,1,1,2024-08-17 02:00:00,2024-08-17 02:00:00,2024-08-17 02:00:00,13.0025,77.5688,"Reported incident of murder at Near Chada Circle, Bengaluru Urban."
823,101020024202600823,202600823,2025-01-28,1004,24,1,2,1,1,1,3,2025-01-28 19:24:00,2025-01-28 19:24:00,2025-01-28 19:24:00,15.3046,75.0944,"Reported incident of burglary at Near Garde Circle, Hubballi-Dharwad."
824,101020024202600824,202600824,2024-08-11,1003,24,1,1,2,4,2,3,2024-08-11 11:40:00,2024-08-11 11:40:00,2024-08-11 11:40:00,16.7768,75.7009,"Reported incident of assault at Near Gade Path, Vijayapura."
825,101020024202600825,202600825,2025-02-22,1002,24,1,1,1,2,1,3,2025-02-22 06:33:00,2025-02-22 06:33:00,2025-02-22 06:33:00,14.5153,75.8977,"Reported incident of robbery at Near Thakkar, Davangere. Suspect vehicle noticed with plate KA-29-N-2331."
826,101020024202600826,202600826,2025-03-16,1001,24,1,2,1,1,2,3,2025-03-16 07:46:00,2025-03-16 07:46:00,2025-03-16 07:46:00,12.3278,76.5522,"Reported incident of kidnapping at Near Tailor, Mysuru."
827,104430024202600827,202600827,2024-09-21,1004,24,1,2,1,1,1,1,2024-09-21 21:20:00,2024-09-21 21:20:00,2024-09-21 21:20:00,13.0311,77.595,"Reported incident of vehicle theft at Near Merchant Path, Bengaluru Urban. Suspect vehicle noticed with plate KA-08-M-8489."
828,104430024202600828,202600828,2025-01-21,1004,24,1,2,1,1,1,1,2025-01-21 02:56:00,2025-01-21 02:56:00,2025-01-21 02:56:00,13.0007,77.5732,"Reported incident of domestic violence at Near Parsa Circle, Bengaluru Urban."
829,104430024202600829,202600829,2024-03-03,1004,24,1,2,1,1,1,1,2024-03-03 01:47:00,2024-03-03 01:47:00,2024-03-03 01:47:00,13.0365,77.5575,"Reported incident of eve teasing at Near Toor Path, Bengaluru Urban."
830,101020024202600830,202600830,2024-01-16,1004,24,1,1,1,2,1,3,2024-01-16 15:43:00,2024-01-16 15:43:00,2024-01-16 15:43:00,13.2875,75.6974,"Reported incident of robbery at Near Mangat Chowk, Chikkamagaluru. Suspect vehicle noticed with plate KA-42-P-6036."
831,101020024202600831,202600831,2024-02-17,1004,24,1,2,1,1,2,3,2024-02-17 09:27:00,2024-02-17 09:27:00,2024-02-17 09:27:00,13.2858,74.7229,"Reported incident of vehicle theft at Near Varughese, Udupi. Suspect vehicle noticed with plate KA-22-KA-8403."
832,104430024202600832,202600832,2024-01-05,1004,24,1,2,1,1,1,1,2024-01-05 03:58:00,2024-01-05 03:58:00,2024-01-05 03:58:00,13.0185,77.5686,"Reported incident of fraud at Near Lalla Path, Bengaluru Urban."
833,104430024202600833,202600833,2025-01-11,1004,24,1,2,1,1,1,1,2025-01-11 17:06:00,2025-01-11 17:06:00,2025-01-11 17:06:00,13.0134,77.6312,"Reported incident of fraud at Near Ravel Street, Bengaluru Urban."
834,104430024202600834,202600834,2024-01-25,1001,24,1,2,1,1,1,1,2024-01-25 03:30:00,2024-01-25 03:30:00,2024-01-25 03:30:00,13.0169,77.5817,"Reported incident of fraud at Near Nadkarni Road, Bengaluru Urban."
835,101020024202600835,202600835,2024-10-28,1001,24,1,2,1,1,2,3,2024-10-28 04:16:00,2024-10-28 04:16:00,2024-10-28 04:16:00,13.3112,75.7686,"Reported incident of cybercrime at Near De Circle, Chikkamagaluru."
836,101020024202600836,202600836,2024-10-20,1003,24,1,2,1,1,1,3,2024-10-20 21:56:00,2024-10-20 21:56:00,2024-10-20 21:56:00,13.3628,74.6593,"Reported incident of vehicle theft at Near Mutti, Udupi. Suspect vehicle noticed with plate KA-29-KA-4549."
837,104430024202600837,202600837,2024-10-03,1002,24,1,2,1,3,1,1,2024-10-03 16:39:00,2024-10-03 16:39:00,2024-10-03 16:39:00,13.0259,77.5694,"Reported incident of chain snatching at Near Kara Chowk, Bengaluru Urban. Suspect vehicle noticed with plate KA-22-B-3789."
838,101020024202600838,202600838,2024-02-04,1004,24,1,2,1,1,1,3,2024-02-04 07:37:00,2024-02-04 07:37:00,2024-02-04 07:37:00,13.0799,78.1557,"Reported incident of senior citizen crime at Near Batta Ganj, Kolar."
839,101020024202600839,202600839,2024-10-25,1001,24,1,2,1,1,1,3,2024-10-25 08:21:00,2024-10-25 08:21:00,2024-10-25 08:21:00,15.3409,75.1054,"Reported incident of fraud at Near Om Path, Hubballi-Dharwad."
840,101020024202600840,202600840,2024-01-27,1004,24,1,2,1,3,2,3,2024-01-27 11:01:00,2024-01-27 11:01:00,2024-01-27 11:01:00,13.3252,75.8012,"Reported incident of chain snatching at Near Balasubramanian Circle, Chikkamagaluru. Suspect vehicle noticed with plate KA-05-N-1753."
841,101020024202600841,202600841,2025-02-18,1003,24,1,2,1,1,1,3,2025-02-18 22:21:00,2025-02-18 22:21:00,2025-02-18 22:21:00,13.3811,74.6854,"Reported incident of property crime at Near Sankaran Zila, Udupi."
842,101020024202600842,202600842,2024-08-25,1003,24,1,2,1,1,1,3,2024-08-25 18:48:00,2024-08-25 18:48:00,2024-08-25 18:48:00,12.9437,76.165,"Reported incident of cybercrime at Near Chakrabarti Chowk, Hassan."
843,101020024202600843,202600843,2024-10-23,1002,24,1,2,1,3,1,3,2024-10-23 18:30:00,2024-10-23 18:30:00,2024-10-23 18:30:00,12.838,74.8549,"Reported incident of chain snatching at Near Trivedi Road, Mangaluru (Dakshina Kannada). Suspect vehicle noticed with plate KA-16-P-4935."
844,104430024202600844,202600844,2024-12-09,1004,24,1,2,1,3,1,1,2024-12-09 16:41:00,2024-12-09 16:41:00,2024-12-09 16:41:00,13.0168,77.624,"Reported incident of chain snatching at Near Ramesh Chowk, Bengaluru Urban. Suspect vehicle noticed with plate KA-33-B-9456."
845,101020024202600845,202600845,2024-08-10,1003,24,1,2,1,1,1,3,2024-08-10 20:58:00,2024-08-10 20:58:00,2024-08-10 20:58:00,13.2968,77.0838,"Reported incident of fraud at Near Bhardwaj, Tumakuru."
846,101020024202600846,202600846,2024-09-23,1003,24,1,1,1,2,1,3,2024-09-23 18:08:00,2024-09-23 18:08:00,2024-09-23 18:08:00,13.3272,75.7111,"Reported incident of robbery at Near Narula Path, Chikkamagaluru. Suspect vehicle noticed with plate KA-17-P-4272."
847,104430024202600847,202600847,2024-08-23,1003,24,1,2,1,1,1,1,2024-08-23 22:45:00,2024-08-23 22:45:00,2024-08-23 22:45:00,12.9998,77.5328,"Reported incident of property crime at Near Chakrabarti Road, Bengaluru Urban."
848,101020024202600848,202600848,2024-03-03,1003,24,1,1,2,4,2,3,2024-03-03 18:25:00,2024-03-03 18:25:00,2024-03-03 18:25:00,12.3568,76.5799,"Reported incident of assault at Near Sen Street, Mysuru."
849,104430024202600849,202600849,2024-11-28,1001,24,1,2,1,1,1,1,2024-11-28 16:46:00,2024-11-28 16:46:00,2024-11-28 16:46:00,13.0338,77.5739,"Reported incident of vehicle theft at Near Bhatia Zila, Bengaluru Urban. Suspect vehicle noticed with plate KA-30-KA-1053."
850,101020024202600850,202600850,2024-10-26,1002,24,1,2,1,1,1,3,2024-10-26 17:30:00,2024-10-26 17:30:00,2024-10-26 17:30:00,15.371,76.1119,"Reported incident of vehicle theft at Near Devan Chowk, Koppal. Suspect vehicle noticed with plate KA-24-KB-6746."
851,101020024202600851,202600851,2024-01-12,1001,24,1,2,1,1,1,3,2024-01-12 06:11:00,2024-01-12 06:11:00,2024-01-12 06:11:00,13.3766,75.7384,"Reported incident of kidnapping at Near Khalsa Ganj, Chikkamagaluru."
852,101020024202600852,202600852,2025-02-14,1002,24,1,2,1,1,1,3,2025-02-14 06:16:00,2025-02-14 06:16:00,2025-02-14 06:16:00,15.3531,75.1072,"Reported incident of fraud at Near Nazareth Ganj, Hubballi-Dharwad."
853,101020024202600853,202600853,2024-12-16,1004,24,1,2,1,1,1,3,2024-12-16 19:46:00,2024-12-16 19:46:00,2024-12-16 19:46:00,15.3177,75.116,"Reported incident of drug offence at Near Mane Nagar, Hubballi-Dharwad."
854,104430024202600854,202600854,2024-08-19,1004,24,1,2,1,1,1,1,2024-08-19 22:49:00,2024-08-19 22:49:00,2024-08-19 22:49:00,12.9905,77.5801,"Reported incident of cybercrime at Near Dugar Street, Bengaluru Urban."
855,104430024202600855,202600855,2024-03-06,1004,24,1,2,1,1,1,1,2024-03-06 05:32:00,2024-03-06 05:32:00,2024-03-06 05:32:00,12.9846,77.6122,"Reported incident of drug offence at Near Khosla Road, Bengaluru Urban."
856,101020024202600856,202600856,2024-11-01,1002,24,1,2,1,1,1,3,2024-11-01 13:34:00,2024-11-01 13:34:00,2024-11-01 13:34:00,15.8908,74.4189,"Reported incident of vehicle theft at Near Virk Road, Belagavi. Suspect vehicle noticed with plate KA-40-P-8350."
857,101020024202600857,202600857,2024-03-12,1003,24,1,2,1,3,2,3,2024-03-12 10:05:00,2024-03-12 10:05:00,2024-03-12 10:05:00,12.3459,76.6776,"Reported incident of chain snatching at Near Kunda Nagar, Mysuru. Suspect vehicle noticed with plate KA-49-KA-2873."
858,104430024202600858,202600858,2024-07-19,1001,24,1,2,1,1,1,1,2024-07-19 09:55:00,2024-07-19 09:55:00,2024-07-19 09:55:00,12.8981,77.5774,"Reported incident of cybercrime at Near Sood Zila, Bengaluru Urban."
859,101020024202600859,202600859,2024-01-01,1001,24,1,2,1,1,1,3,2024-01-01 09:39:00,2024-01-01 09:39:00,2024-01-01 09:39:00,12.37,76.5632,"Reported incident of burglary at Near Vig Road, Mysuru."
860,101020024202600860,202600860,2024-01-30,1001,24,1,2,1,1,1,3,2024-01-30 01:56:00,2024-01-30 01:56:00,2024-01-30 01:56:00,12.3491,76.604,"Reported incident of cybercrime at Near Kapur Marg, Mysuru."
861,101020024202600861,202600861,2025-04-17,1002,24,1,2,1,1,1,3,2025-04-17 20:37:00,2025-04-17 20:37:00,2025-04-17 20:37:00,17.372,76.8335,"Reported incident of burglary at Near Warrior Marg, Kalaburagi."
862,101020024202600862,202600862,2024-10-01,1002,24,1,2,1,3,1,3,2024-10-01 19:38:00,2024-10-01 19:38:00,2024-10-01 19:38:00,17.8969,77.5318,"Reported incident of chain snatching at Near Bains Street, Bidar. Suspect vehicle noticed with plate KA-35-A-2075."
863,101020024202600863,202600863,2025-03-20,1002,24,1,1,1,2,1,3,2025-03-20 11:04:00,2025-03-20 11:04:00,2025-03-20 11:04:00,13.2888,75.7211,"Reported incident of robbery at Near Sood Ganj, Chikkamagaluru. Suspect vehicle noticed with plate KA-11-N-7043."
864,104430024202600864,202600864,2025-04-29,1001,24,1,2,1,1,1,1,2025-04-29 13:24:00,2025-04-29 13:24:00,2025-04-29 13:24:00,12.9645,77.6589,"Reported incident of vehicle theft at Near Sarma, Bengaluru Urban. Suspect vehicle noticed with plate KA-10-KA-9807."
865,101020024202600865,202600865,2024-10-26,1003,24,1,2,1,3,1,3,2024-10-26 08:30:00,2024-10-26 08:30:00,2024-10-26 08:30:00,13.9997,75.5168,"Reported incident of chain snatching at Near Bakshi Circle, Shivamogga. Suspect vehicle noticed with plate KA-01-KA-5218."
866,101020024202600866,202600866,2024-05-04,1003,24,1,2,1,1,1,3,2024-05-04 15:47:00,2024-05-04 15:47:00,2024-05-04 15:47:00,15.2144,76.8443,"Reported incident of senior citizen crime at Near Malhotra Chowk, Ballari."
867,101020024202600867,202600867,2024-11-03,1004,24,1,2,1,3,1,3,2024-11-03 18:39:00,2024-11-03 18:39:00,2024-11-03 18:39:00,16.2034,77.3676,"Reported incident of chain snatching at Near Bawa Path, Raichur. Suspect vehicle noticed with plate KA-10-A-2999."
868,101020024202600868,202600868,2024-11-07,1001,24,1,2,1,3,3,3,2024-11-07 12:45:00,2024-11-07 12:45:00,2024-11-07 12:45:00,12.5986,76.8133,"Reported incident of chain snatching at Near Patel Zila, Mandya. Suspect vehicle noticed with plate KA-30-KA-2242."
869,104430024202600869,202600869,2024-05-27,1002,24,1,2,1,1,1,1,2024-05-27 14:23:00,2024-05-27 14:23:00,2024-05-27 14:23:00,12.9946,77.6058,"Reported incident of vehicle theft at Near Lad Path, Bengaluru Urban. Suspect vehicle noticed with plate KA-35-A-8749."
870,101020024202600870,202600870,2024-12-16,1003,24,1,2,1,1,1,3,2024-12-16 08:26:00,2024-12-16 08:26:00,2024-12-16 08:26:00,13.9913,75.6025,"Reported incident of fraud at Near Mand Street, Shivamogga."
871,104430024202600871,202600871,2024-07-17,1004,24,1,2,1,1,1,1,2024-07-17 18:51:00,2024-07-17 18:51:00,2024-07-17 18:51:00,13.1576,77.6105,"Reported incident of fraud at Near Yadav Street, Bengaluru Rural."
872,101020024202600872,202600872,2024-03-29,1001,24,1,1,2,4,1,3,2024-03-29 04:16:00,2024-03-29 04:16:00,2024-03-29 04:16:00,12.3696,76.6623,"Reported incident of assault at Near Zacharia Zila, Mysuru."
873,101020024202600873,202600873,2025-03-03,1004,24,1,2,1,1,1,3,2025-03-03 23:38:00,2025-03-03 23:38:00,2025-03-03 23:38:00,13.3768,75.7412,"Reported incident of burglary at Near Borde Road, Chikkamagaluru."
874,101020024202600874,202600874,2024-12-16,1003,24,1,2,1,1,1,3,2024-12-16 14:03:00,2024-12-16 14:03:00,2024-12-16 14:03:00,13.9821,75.6198,"Reported incident of vehicle theft at Near Sathe, Shivamogga. Suspect vehicle noticed with plate KA-33-KB-1320."
875,101020024202600875,202600875,2025-02-11,1002,24,1,2,1,1,1,3,2025-02-11 11:19:00,2025-02-11 11:19:00,2025-02-11 11:19:00,12.9737,74.8751,"Reported incident of vehicle theft at Near Lad Circle, Mangaluru (Dakshina Kannada). Suspect vehicle noticed with plate KA-38-KB-5365."
876,101020024202600876,202600876,2024-02-14,1001,24,1,1,2,4,1,3,2024-02-14 05:34:00,2024-02-14 05:34:00,2024-02-14 05:34:00,15.3794,76.076,"Reported incident of assault at Near Narang, Koppal."
877,104430024202600877,202600877,2024-12-19,1001,24,1,2,1,1,2,1,2024-12-19 19:00:00,2024-12-19 19:00:00,2024-12-19 19:00:00,13.0028,77.5641,"Reported incident of vehicle theft at Near Choudhary Path, Bengaluru Urban. Suspect vehicle noticed with plate KA-01-P-7666."
878,101020024202600878,202600878,2024-08-15,1002,24,1,2,1,1,1,3,2024-08-15 08:49:00,2024-08-15 08:49:00,2024-08-15 08:49:00,15.3686,76.2103,"Reported incident of cybercrime at Near Amble Path, Koppal."
879,104430024202600879,202600879,2024-08-03,1002,24,1,2,1,1,1,1,2024-08-03 14:05:00,2024-08-03 14:05:00,2024-08-03 14:05:00,12.8741,77.5662,"Reported incident of drug offence at Near Deshpande Circle, Bengaluru Urban."
880,101020024202600880,202600880,2025-01-17,1003,24,1,2,1,1,1,3,2025-01-17 04:58:00,2025-01-17 04:58:00,2025-01-17 04:58:00,13.0939,78.1278,"Reported incident of fraud at Near Narayanan Nagar, Kolar."
881,101020024202600881,202600881,2025-05-17,1002,24,1,1,1,2,1,3,2025-05-17 10:05:00,2025-05-17 10:05:00,2025-05-17 10:05:00,12.9038,76.0336,"Reported incident of robbery at Near Prashad Circle, Hassan. Suspect vehicle noticed with plate KA-09-N-7188."
882,101020024202600882,202600882,2024-06-30,1003,24,1,2,1,1,1,3,2024-06-30 20:45:00,2024-06-30 20:45:00,2024-06-30 20:45:00,17.9194,77.5583,"Reported incident of hit and run at Near Sane Zila, Bidar."
883,104430024202600883,202600883,2024-08-06,1004,24,1,2,1,1,1,1,2024-08-06 12:25:00,2024-08-06 12:25:00,2024-08-06 12:25:00,12.8891,77.5404,"Reported incident of property crime at Near Chowdhury Chowk, Bengaluru Urban."
884,104430024202600884,202600884,2024-04-25,1002,24,1,1,1,2,1,1,2024-04-25 18:14:00,2024-04-25 18:14:00,2024-04-25 18:14:00,13.0047,77.5648,"Reported incident of robbery at Near Morar Circle, Bengaluru Urban. Suspect vehicle noticed with plate KA-38-KA-2932."
885,101020024202600885,202600885,2024-03-03,1003,24,1,2,1,1,1,3,2024-03-03 15:59:00,2024-03-03 15:59:00,2024-03-03 15:59:00,12.9233,74.8532,"Reported incident of burglary at Near Batra Chowk, Mangaluru (Dakshina Kannada)."
886,101020024202600886,202600886,2025-02-14,1003,24,1,1,2,4,1,3,2025-02-14 19:32:00,2025-02-14 19:32:00,2025-02-14 19:32:00,13.3422,77.0629,"Reported incident of assault at Near Nagi Zila, Tumakuru."
887,104430024202600887,202600887,2024-10-26,1003,24,1,2,1,1,1,1,2024-10-26 03:07:00,2024-10-26 03:07:00,2024-10-26 03:07:00,12.9794,77.5415,"Reported incident of vehicle theft at Near Sen Circle, Bengaluru Urban. Suspect vehicle noticed with plate KA-01-M-2600."
888,101020024202600888,202600888,2024-04-23,1004,24,1,2,1,1,1,3,2024-04-23 00:18:00,2024-04-23 00:18:00,2024-04-23 00:18:00,14.5105,75.9298,"Reported incident of hit and run at Near Bhardwaj Nagar, Davangere."
889,101020024202600889,202600889,2025-03-20,1003,24,1,2,1,1,1,3,2025-03-20 02:41:00,2025-03-20 02:41:00,2025-03-20 02:41:00,12.9456,74.8801,"Reported incident of burglary at Near Ratti Ganj, Mangaluru (Dakshina Kannada)."
890,104430024202600890,202600890,2024-12-08,1003,24,1,2,1,1,1,1,2024-12-08 01:08:00,2024-12-08 01:08:00,2024-12-08 01:08:00,13.027,77.6127,"Reported incident of vehicle theft at Near Tripathi Marg, Bengaluru Urban. Suspect vehicle noticed with plate KA-08-N-3619."
891,104430024202600891,202600891,2024-01-27,1002,24,1,2,1,1,1,1,2024-01-27 05:32:00,2024-01-27 05:32:00,2024-01-27 05:32:00,12.9993,77.5206,"Reported incident of burglary at Near Rana Ganj, Bengaluru Urban."
892,101020024202600892,202600892,2024-09-30,1001,24,1,2,1,1,1,3,2024-09-30 19:02:00,2024-09-30 19:02:00,2024-09-30 19:02:00,13.1045,78.1535,"Reported incident of fraud at Near Parekh Chowk, Kolar."
893,101020024202600893,202600893,2025-03-07,1001,24,1,2,1,1,1,3,2025-03-07 07:34:00,2025-03-07 07:34:00,2025-03-07 07:34:00,13.3253,74.7358,"Reported incident of cybercrime at Near Badami Road, Udupi."
894,101020024202600894,202600894,2024-11-18,1002,24,1,2,1,1,1,3,2024-11-18 13:04:00,2024-11-18 13:04:00,2024-11-18 13:04:00,16.7814,75.7111,"Reported incident of eve teasing at Near Gole, Vijayapura."
895,101020024202600895,202600895,2025-01-12,1004,24,1,2,1,1,2,3,2025-01-12 01:25:00,2025-01-12 01:25:00,2025-01-12 01:25:00,13.0363,76.0036,"Reported incident of property crime at Near Chahal Chowk, Hassan."
896,101020024202600896,202600896,2024-11-08,1002,24,1,2,1,1,1,3,2024-11-08 04:36:00,2024-11-08 04:36:00,2024-11-08 04:36:00,12.9097,76.0439,"Reported incident of fraud at Near Mistry Circle, Hassan."
897,104430024202600897,202600897,2025-03-11,1001,24,1,1,1,2,1,1,2025-03-11 15:35:00,2025-03-11 15:35:00,2025-03-11 15:35:00,12.9831,77.6039,"Reported incident of robbery at Near Chadha Path, Bengaluru Urban. Suspect vehicle noticed with plate KA-08-KA-8219."
898,101020024202600898,202600898,2024-11-26,1003,24,1,2,1,1,2,3,2024-11-26 07:08:00,2024-11-26 07:08:00,2024-11-26 07:08:00,15.3021,76.1223,"Reported incident of vehicle theft at Near Goyal, Koppal. Suspect vehicle noticed with plate KA-32-M-1815."
899,101020024202600899,202600899,2024-11-05,1004,24,1,2,1,1,1,3,2024-11-05 16:29:00,2024-11-05 16:29:00,2024-11-05 16:29:00,13.9487,75.6267,"Reported incident of cybercrime at Near Soman Street, Shivamogga."
900,101020024202600900,202600900,2024-10-31,1002,24,1,2,1,1,1,3,2024-10-31 10:26:00,2024-10-31 10:26:00,2024-10-31 10:26:00,14.4966,75.8746,"Reported incident of vehicle theft at Near Banik Nagar, Davangere. Suspect vehicle noticed with plate KA-04-B-9088."
901,101020024202600901,202600901,2025-06-01,1002,24,1,2,1,1,1,3,2025-06-01 23:36:00,2025-06-01 23:36:00,2025-06-01 23:36:00,13.3346,75.6998,"Reported incident of burglary at Near Ganesh Marg, Chikkamagaluru."
902,101020024202600902,202600902,2024-10-26,1003,24,1,2,1,1,1,3,2024-10-26 20:51:00,2024-10-26 20:51:00,2024-10-26 20:51:00,16.1733,77.3419,"Reported incident of eve teasing at Near Gour Zila, Raichur."
903,101020024202600903,202600903,2024-08-07,1001,24,1,2,1,1,1,3,2024-08-07 04:12:00,2024-08-07 04:12:00,2024-08-07 04:12:00,13.988,75.6052,"Reported incident of fraud at Near Char Circle, Shivamogga."
904,101020024202600904,202600904,2024-08-04,1001,24,1,2,1,1,1,3,2024-08-04 21:19:00,2024-08-04 21:19:00,2024-08-04 21:19:00,14.4488,75.8364,"Reported incident of domestic violence at Near Bhargava Nagar, Davangere."
905,101020024202600905,202600905,2024-09-06,1004,24,1,2,1,1,1,3,2024-09-06 00:55:00,2024-09-06 00:55:00,2024-09-06 00:55:00,15.0847,76.9788,"Reported incident of burglary at Near Sanghvi Circle, Ballari."
906,104430024202600906,202600906,2024-11-27,1002,24,1,1,2,4,1,1,2024-11-27 02:57:00,2024-11-27 02:57:00,2024-11-27 02:57:00,12.9912,77.597,"Reported incident of assault at Near Khare Chowk, Bengaluru Urban."
907,101020024202600907,202600907,2024-08-20,1004,24,1,2,1,1,2,3,2024-08-20 19:08:00,2024-08-20 19:08:00,2024-08-20 19:08:00,13.3516,74.6659,"Reported incident of burglary at Near Jani Zila, Udupi."
908,101020024202600908,202600908,2025-05-26,1002,24,1,2,1,1,1,3,2025-05-26 10:10:00,2025-05-26 10:10:00,2025-05-26 10:10:00,15.1025,76.9731,"Reported incident of drug offence at Near Pall, Ballari."
909,104430024202600909,202600909,2024-06-08,1001,24,1,1,2,4,1,1,2024-06-08 19:44:00,2024-06-08 19:44:00,2024-06-08 19:44:00,13.0162,77.5308,"Reported incident of assault at Near Nigam Chowk, Bengaluru Urban."
910,104430024202600910,202600910,2025-03-16,1004,24,1,1,1,2,2,1,2025-03-16 20:34:00,2025-03-16 20:34:00,2025-03-16 20:34:00,13.0003,77.5412,"Reported incident of robbery at Near Rai Road, Bengaluru Urban. Suspect vehicle noticed with plate KA-48-M-3172."
911,104430024202600911,202600911,2025-05-25,1003,24,1,2,1,1,1,1,2025-05-25 23:51:00,2025-05-25 23:51:00,2025-05-25 23:51:00,13.27,77.5689,"Reported incident of domestic violence at Near Biswas Street, Bengaluru Rural."
912,101020024202600912,202600912,2024-10-31,1004,24,1,2,1,1,1,3,2024-10-31 03:11:00,2024-10-31 03:11:00,2024-10-31 03:11:00,12.3571,76.5923,"Reported incident of domestic violence at Near Sekhon Marg, Mysuru."
913,104430024202600913,202600913,2024-12-21,1002,24,1,2,1,1,2,1,2024-12-21 19:23:00,2024-12-21 19:23:00,2024-12-21 19:23:00,12.97,77.5644,"Reported incident of vehicle theft at Near Mammen Path, Bengaluru Urban. Suspect vehicle noticed with plate KA-46-KB-1485."
914,101020024202600914,202600914,2024-08-24,1004,24,1,1,1,2,1,3,2024-08-24 01:32:00,2024-08-24 01:32:00,2024-08-24 01:32:00,13.0285,76.0184,"Reported incident of robbery at Near Narayan Road, Hassan. Suspect vehicle noticed with plate KA-21-KB-1463."
915,101020024202600915,202600915,2024-01-03,1004,24,1,2,1,1,1,3,2024-01-03 16:18:00,2024-01-03 16:18:00,2024-01-03 16:18:00,16.2424,77.361,"Reported incident of murder at Near Amble Street, Raichur."
916,104430024202600916,202600916,2024-08-18,1004,24,1,2,1,1,1,1,2024-08-18 11:16:00,2024-08-18 11:16:00,2024-08-18 11:16:00,12.9776,77.6189,"Reported incident of kidnapping at Near Roy Chowk, Bengaluru Urban."
917,104430024202600917,202600917,2024-11-25,1002,24,1,2,1,1,1,1,2024-11-25 22:42:00,2024-11-25 22:42:00,2024-11-25 22:42:00,13.0105,77.6029,"Reported incident of fraud at Near Vasa Circle, Bengaluru Urban."
918,101020024202600918,202600918,2024-09-16,1004,24,1,2,1,1,3,3,2024-09-16 21:44:00,2024-09-16 21:44:00,2024-09-16 21:44:00,15.3295,75.1052,"Reported incident of eve teasing at Near Pau Circle, Hubballi-Dharwad."
919,101020024202600919,202600919,2025-04-14,1002,24,1,1,1,2,1,3,2025-04-14 21:36:00,2025-04-14 21:36:00,2025-04-14 21:36:00,15.3338,75.1504,"Reported incident of robbery at Near Borde Nagar, Hubballi-Dharwad. Suspect vehicle noticed with plate KA-31-A-5985."
920,101020024202600920,202600920,2024-10-05,1003,24,1,2,1,3,1,3,2024-10-05 13:29:00,2024-10-05 13:29:00,2024-10-05 13:29:00,15.8074,74.508,"Reported incident of chain snatching at Near Pau Marg, Belagavi. Suspect vehicle noticed with plate KA-09-N-1217."
921,101020024202600921,202600921,2025-04-18,1003,24,1,2,1,1,1,3,2025-04-18 22:10:00,2025-04-18 22:10:00,2025-04-18 22:10:00,15.3637,75.131,"Reported incident of drug offence at Near Mahajan Ganj, Hubballi-Dharwad."
922,101020024202600922,202600922,2024-02-19,1002,24,1,2,1,1,1,3,2024-02-19 07:52:00,2024-02-19 07:52:00,2024-02-19 07:52:00,12.3221,76.5887,"Reported incident of hit and run at Near Kapur Circle, Mysuru."
923,101020024202600923,202600923,2024-11-06,1004,24,1,2,1,1,1,3,2024-11-06 15:27:00,2024-11-06 15:27:00,2024-11-06 15:27:00,15.3871,76.2077,"Reported incident of vehicle theft at Near Bawa, Koppal. Suspect vehicle noticed with plate KA-17-KA-9367."
924,101020024202600924,202600924,2024-02-08,1004,24,1,2,1,3,1,3,2024-02-08 09:03:00,2024-02-08 09:03:00,2024-02-08 09:03:00,16.758,75.6873,"Reported incident of chain snatching at Near Pal Path, Vijayapura. Suspect vehicle noticed with plate KA-55-A-1655."
925,101020024202600925,202600925,2024-10-06,1001,24,1,2,1,1,1,3,2024-10-06 20:47:00,2024-10-06 20:47:00,2024-10-06 20:47:00,15.3236,76.216,"Reported incident of vehicle theft at Near Shukla Ganj, Koppal. Suspect vehicle noticed with plate KA-26-N-4539."
926,104430024202600926,202600926,2024-03-25,1003,24,1,2,1,1,1,1,2024-03-25 08:55:00,2024-03-25 08:55:00,2024-03-25 08:55:00,12.8988,77.5818,"Reported incident of burglary at Near Basu Chowk, Bengaluru Urban."
927,101020024202600927,202600927,2024-12-27,1001,24,1,2,1,1,1,3,2024-12-27 04:08:00,2024-12-27 04:08:00,2024-12-27 04:08:00,13.3276,75.7146,"Reported incident of vehicle theft at Near Balay Marg, Chikkamagaluru. Suspect vehicle noticed with plate KA-43-KA-4207."
928,104430024202600928,202600928,2024-06-06,1003,24,1,2,1,1,1,1,2024-06-06 17:50:00,2024-06-06 17:50:00,2024-06-06 17:50:00,12.9984,77.5298,"Reported incident of hit and run at Near Agate Road, Bengaluru Urban."
929,104430024202600929,202600929,2024-02-25,1003,24,1,2,1,1,1,1,2024-02-25 14:33:00,2024-02-25 14:33:00,2024-02-25 14:33:00,12.9857,77.588,"Reported incident of fraud at Near Ramanathan Road, Bengaluru Urban."
930,104430024202600930,202600930,2024-07-01,1002,24,1,2,1,1,1,1,2024-07-01 14:04:00,2024-07-01 14:04:00,2024-07-01 14:04:00,12.9921,77.5451,"Reported incident of kidnapping at Near Dyal Path, Bengaluru Urban."
931,101020024202600931,202600931,2024-05-05,1001,24,1,1,1,2,1,3,2024-05-05 19:48:00,2024-05-05 19:48:00,2024-05-05 19:48:00,17.906,77.523,"Reported incident of robbery at Near Batta Path, Bidar. Suspect vehicle noticed with plate KA-21-B-8345."
932,104430024202600932,202600932,2024-06-27,1004,24,1,1,1,2,1,1,2024-06-27 01:48:00,2024-06-27 01:48:00,2024-06-27 01:48:00,13.0215,77.5526,"Reported incident of robbery at Near Chaudry Circle, Bengaluru Urban. Suspect vehicle noticed with plate KA-33-A-8747."
933,101020024202600933,202600933,2025-04-26,1001,24,1,2,1,1,1,3,2025-04-26 01:36:00,2025-04-26 01:36:00,2025-04-26 01:36:00,15.0737,76.8673,"Reported incident of burglary at Near Rao Chowk, Ballari."
934,101020024202600934,202600934,2025-05-11,1002,24,1,2,1,1,1,3,2025-05-11 08:12:00,2025-05-11 08:12:00,2025-05-11 08:12:00,15.8559,74.4814,"Reported incident of vehicle theft at Near Tank Ganj, Belagavi. Suspect vehicle noticed with plate KA-30-M-4629."
935,104430024202600935,202600935,2024-12-24,1002,24,1,2,1,1,1,1,2024-12-24 19:07:00,2024-12-24 19:07:00,2024-12-24 19:07:00,13.0284,77.5244,"Reported incident of vehicle theft at Near Iyengar Path, Bengaluru Urban. Suspect vehicle noticed with plate KA-34-P-1070."
936,101020024202600936,202600936,2024-12-31,1002,24,1,2,1,1,1,3,2024-12-31 22:55:00,2024-12-31 22:55:00,2024-12-31 22:55:00,13.3278,74.7404,"Reported incident of vehicle theft at Near Barad Marg, Udupi. Suspect vehicle noticed with plate KA-38-P-7378."
937,101020024202600937,202600937,2024-11-28,1001,24,1,2,1,1,1,3,2024-11-28 00:11:00,2024-11-28 00:11:00,2024-11-28 00:11:00,15.7716,74.4322,"Reported incident of vehicle theft at Near Dubey Ganj, Belagavi. Suspect vehicle noticed with plate KA-16-KA-9703."
938,104430024202600938,202600938,2024-11-13,1002,24,1,2,1,3,1,1,2024-11-13 01:06:00,2024-11-13 01:06:00,2024-11-13 01:06:00,13.0181,77.5765,"Reported incident of chain snatching at Near Biswas Chowk, Bengaluru Urban. Suspect vehicle noticed with plate KA-38-P-6641."
939,101020024202600939,202600939,2024-08-11,1004,24,1,2,1,1,1,3,2024-08-11 13:42:00,2024-08-11 13:42:00,2024-08-11 13:42:00,12.3508,76.5968,"Reported incident of property crime at Near Kata Circle, Mysuru."
940,101020024202600940,202600940,2024-05-14,1004,24,1,2,1,1,1,3,2024-05-14 14:48:00,2024-05-14 14:48:00,2024-05-14 14:48:00,15.32,75.0987,"Reported incident of vehicle theft at Near Divan Ganj, Hubballi-Dharwad. Suspect vehicle noticed with plate KA-53-KA-3728."
941,101020024202600941,202600941,2024-10-20,1001,24,1,2,1,1,1,3,2024-10-20 05:11:00,2024-10-20 05:11:00,2024-10-20 05:11:00,17.8289,77.5834,"Reported incident of vehicle theft at Near Modi Zila, Bidar. Suspect vehicle noticed with plate KA-51-KA-4918."
942,104430024202600942,202600942,2024-10-23,1002,24,1,2,1,1,2,1,2024-10-23 03:48:00,2024-10-23 03:48:00,2024-10-23 03:48:00,12.9863,77.5347,"Reported incident of vehicle theft at Near Kurian Road, Bengaluru Urban. Suspect vehicle noticed with plate KA-21-P-2875."
943,104430024202600943,202600943,2024-08-15,1002,24,1,2,1,3,1,1,2024-08-15 19:50:00,2024-08-15 19:50:00,2024-08-15 19:50:00,13.2611,77.6728,"Reported incident of chain snatching at Near Sekhon Road, Bengaluru Rural. Suspect vehicle noticed with plate KA-23-M-1708."
944,104430024202600944,202600944,2024-03-04,1003,24,1,2,1,1,2,1,2024-03-04 12:06:00,2024-03-04 12:06:00,2024-03-04 12:06:00,12.9893,77.5403,"Reported incident of burglary at Near Upadhyay Ganj, Bengaluru Urban."
945,104430024202600945,202600945,2024-12-23,1001,24,1,2,1,1,3,1,2024-12-23 19:50:00,2024-12-23 19:50:00,2024-12-23 19:50:00,13.1888,77.6253,"Reported incident of cybercrime at Near Upadhyay Marg, Bengaluru Rural."
946,101020024202600946,202600946,2025-03-24,1003,24,1,2,1,1,3,3,2025-03-24 10:50:00,2025-03-24 10:50:00,2025-03-24 10:50:00,12.3481,76.6051,"Reported incident of fraud at Near Mall Zila, Mysuru."
947,104430024202600947,202600947,2024-10-13,1003,24,1,2,1,1,1,1,2024-10-13 20:26:00,2024-10-13 20:26:00,2024-10-13 20:26:00,12.9105,77.5885,"Reported incident of burglary at Near Vohra Path, Bengaluru Urban."
948,104430024202600948,202600948,2024-04-19,1003,24,1,2,1,3,3,1,2024-04-19 02:52:00,2024-04-19 02:52:00,2024-04-19 02:52:00,13.0358,77.5633,"Reported incident of chain snatching at Near Chanda, Bengaluru Urban. Suspect vehicle noticed with plate KA-33-A-9584."
949,104430024202600949,202600949,2024-10-19,1002,24,1,2,1,1,1,1,2024-10-19 16:34:00,2024-10-19 16:34:00,2024-10-19 16:34:00,13.0068,77.6091,"Reported incident of vehicle theft at Near Biswas Street, Bengaluru Urban. Suspect vehicle noticed with plate KA-44-A-5294."
950,104430024202600950,202600950,2024-12-18,1003,24,1,2,1,1,1,1,2024-12-18 02:55:00,2024-12-18 02:55:00,2024-12-18 02:55:00,13.0278,77.5561,"Reported incident of hit and run at Near Chakrabarti Nagar, Bengaluru Urban."
951,101020024202600951,202600951,2024-08-26,1004,24,1,2,1,1,1,3,2024-08-26 08:21:00,2024-08-26 08:21:00,2024-08-26 08:21:00,16.2353,77.3792,"Reported incident of property crime at Near Dixit Marg, Raichur."
952,104430024202600952,202600952,2024-01-01,1004,24,1,2,1,1,1,1,2024-01-01 00:29:00,2024-01-01 00:29:00,2024-01-01 00:29:00,12.8958,77.5801,"Reported incident of cybercrime at Near Parmar Circle, Bengaluru Urban."
953,101020024202600953,202600953,2025-03-24,1003,24,1,2,1,1,1,3,2025-03-24 14:41:00,2025-03-24 14:41:00,2025-03-24 14:41:00,15.8904,74.4567,"Reported incident of burglary at Near Mane Ganj, Belagavi."
954,101020024202600954,202600954,2024-01-03,1002,24,1,1,2,4,1,3,2024-01-03 11:10:00,2024-01-03 11:10:00,2024-01-03 11:10:00,14.5069,75.9789,"Reported incident of assault at Near Jhaveri Marg, Davangere."
955,101020024202600955,202600955,2024-02-16,1003,24,1,2,1,3,1,3,2024-02-16 08:32:00,2024-02-16 08:32:00,2024-02-16 08:32:00,13.0787,78.0523,"Reported incident of chain snatching at Near More Circle, Kolar. Suspect vehicle noticed with plate KA-23-N-6739."
956,101020024202600956,202600956,2024-02-28,1004,24,1,1,1,2,1,3,2024-02-28 11:01:00,2024-02-28 11:01:00,2024-02-28 11:01:00,14.5629,75.9231,"Reported incident of robbery at Near Chaudry Circle, Davangere. Suspect vehicle noticed with plate KA-10-B-4360."
957,104430024202600957,202600957,2025-01-10,1004,24,1,1,1,2,1,1,2025-01-10 14:04:00,2025-01-10 14:04:00,2025-01-10 14:04:00,12.9926,77.5276,"Reported incident of robbery at Near Kaur Path, Bengaluru Urban. Suspect vehicle noticed with plate KA-07-B-8171."
958,104430024202600958,202600958,2024-02-25,1002,24,1,2,1,1,2,1,2024-02-25 17:20:00,2024-02-25 17:20:00,2024-02-25 17:20:00,12.9246,77.5869,"Reported incident of hit and run at Near Morar, Bengaluru Urban."
959,101020024202600959,202600959,2024-12-19,1002,24,1,2,1,3,2,3,2024-12-19 23:57:00,2024-12-19 23:57:00,2024-12-19 23:57:00,15.1055,76.9259,"Reported incident of chain snatching at Near Raval Circle, Ballari. Suspect vehicle noticed with plate KA-43-KA-8831."
960,101020024202600960,202600960,2024-01-20,1003,24,1,2,1,1,2,3,2024-01-20 07:17:00,2024-01-20 07:17:00,2024-01-20 07:17:00,13.2719,77.0628,"Reported incident of vehicle theft at Near Raman Street, Tumakuru. Suspect vehicle noticed with plate KA-18-KB-4226."
961,104430024202600961,202600961,2024-11-26,1001,24,1,2,1,1,1,1,2024-11-26 01:47:00,2024-11-26 01:47:00,2024-11-26 01:47:00,13.0195,77.6227,"Reported incident of vehicle theft at Near Suresh Marg, Bengaluru Urban. Suspect vehicle noticed with plate KA-55-N-5075."
962,101020024202600962,202600962,2025-02-01,1003,24,1,1,2,4,1,3,2025-02-01 11:29:00,2025-02-01 11:29:00,2025-02-01 11:29:00,14.007,75.6078,"Reported incident of assault at Near Memon Street, Shivamogga."
963,101020024202600963,202600963,2025-03-17,1004,24,1,1,1,2,1,3,2025-03-17 13:35:00,2025-03-17 13:35:00,2025-03-17 13:35:00,17.9369,77.4934,"Reported incident of robbery at Near Shan Path, Bidar. Suspect vehicle noticed with plate KA-53-B-2962."
964,101020024202600964,202600964,2024-10-11,1001,24,1,1,2,4,1,3,2024-10-11 18:15:00,2024-10-11 18:15:00,2024-10-11 18:15:00,17.9547,77.471,"Reported incident of assault at Near Kadakia Ganj, Bidar."
965,104430024202600965,202600965,2024-06-07,1004,24,1,2,1,1,1,1,2024-06-07 10:49:00,2024-06-07 10:49:00,2024-06-07 10:49:00,13.2519,77.5148,"Reported incident of fraud at Near Anne Marg, Bengaluru Rural."
966,101020024202600966,202600966,2025-02-20,1002,24,1,2,1,1,1,3,2025-02-20 17:21:00,2025-02-20 17:21:00,2025-02-20 17:21:00,16.2188,77.3384,"Reported incident of vehicle theft at Near Goswami Circle, Raichur. Suspect vehicle noticed with plate KA-25-KA-8050."
967,101020024202600967,202600967,2024-03-14,1004,24,1,2,1,3,1,3,2024-03-14 03:38:00,2024-03-14 03:38:00,2024-03-14 03:38:00,16.7754,75.6362,"Reported incident of chain snatching at Near Munshi Street, Vijayapura. Suspect vehicle noticed with plate KA-53-B-2764."
968,101020024202600968,202600968,2025-05-25,1001,24,1,2,1,3,1,3,2025-05-25 23:44:00,2025-05-25 23:44:00,2025-05-25 23:44:00,13.0808,78.1699,"Reported incident of chain snatching at Near Wagle Nagar, Kolar. Suspect vehicle noticed with plate KA-33-N-1523."
969,104430024202600969,202600969,2024-06-30,1003,24,1,2,1,1,1,1,2024-06-30 20:14:00,2024-06-30 20:14:00,2024-06-30 20:14:00,12.9925,77.5222,"Reported incident of burglary at Near Mukherjee Nagar, Bengaluru Urban."
970,101020024202600970,202600970,2024-02-26,1002,24,1,2,1,1,1,3,2024-02-26 13:53:00,2024-02-26 13:53:00,2024-02-26 13:53:00,16.8099,75.6404,"Reported incident of fraud at Near Bhakta Chowk, Vijayapura."
971,101020024202600971,202600971,2024-08-05,1004,24,1,1,1,2,2,3,2024-08-05 07:12:00,2024-08-05 07:12:00,2024-08-05 07:12:00,13.3055,77.0472,"Reported incident of robbery at Near Dutta Circle, Tumakuru. Suspect vehicle noticed with plate KA-55-B-7435."
972,104430024202600972,202600972,2024-10-05,1002,24,1,2,1,1,1,1,2024-10-05 06:15:00,2024-10-05 06:15:00,2024-10-05 06:15:00,13.0183,77.5382,"Reported incident of vehicle theft at Near More, Bengaluru Urban. Suspect vehicle noticed with plate KA-15-P-1813."
973,104430024202600973,202600973,2024-08-31,1001,24,1,2,1,1,1,1,2024-08-31 23:51:00,2024-08-31 23:51:00,2024-08-31 23:51:00,12.8935,77.5468,"Reported incident of hit and run at Near Kumer Circle, Bengaluru Urban."
974,104430024202600974,202600974,2024-04-05,1003,24,1,2,1,1,1,1,2024-04-05 17:47:00,2024-04-05 17:47:00,2024-04-05 17:47:00,13.0289,77.5842,"Reported incident of fraud at Near Kamdar Street, Bengaluru Urban."
975,104430024202600975,202600975,2024-09-23,1003,24,1,2,1,1,1,1,2024-09-23 06:18:00,2024-09-23 06:18:00,2024-09-23 06:18:00,12.9726,77.6526,"Reported incident of vehicle theft at Near Tripathi Road, Bengaluru Urban. Suspect vehicle noticed with plate KA-03-P-2801."
976,101020024202600976,202600976,2025-01-30,1004,24,1,2,1,1,1,3,2025-01-30 17:58:00,2025-01-30 17:58:00,2025-01-30 17:58:00,13.9181,75.5211,"Reported incident of hit and run at Near Kari Street, Shivamogga."
977,101020024202600977,202600977,2024-10-21,1002,24,1,2,1,1,1,3,2024-10-21 11:18:00,2024-10-21 11:18:00,2024-10-21 11:18:00,15.8284,74.5274,"Reported incident of fraud at Near Setty Street, Belagavi."
978,101020024202600978,202600978,2024-12-07,1002,24,1,2,1,1,1,3,2024-12-07 05:46:00,2024-12-07 05:46:00,2024-12-07 05:46:00,13.04,76.0353,"Reported incident of vehicle theft at Near Chakraborty Marg, Hassan. Suspect vehicle noticed with plate KA-33-A-6644."
979,101020024202600979,202600979,2024-07-27,1003,24,1,2,1,1,1,3,2024-07-27 11:18:00,2024-07-27 11:18:00,2024-07-27 11:18:00,15.8921,74.4676,"Reported incident of burglary at Near Dhaliwal Road, Belagavi."
980,104430024202600980,202600980,2024-11-13,1004,24,1,2,1,3,1,1,2024-11-13 06:00:00,2024-11-13 06:00:00,2024-11-13 06:00:00,12.9943,77.5552,"Reported incident of chain snatching at Near Shah Ganj, Bengaluru Urban. Suspect vehicle noticed with plate KA-38-P-7085."
981,104430024202600981,202600981,2024-01-28,1001,24,1,2,1,1,1,1,2024-01-28 15:46:00,2024-01-28 15:46:00,2024-01-28 15:46:00,12.9865,77.5503,"Reported incident of drug offence at Near Halder Marg, Bengaluru Urban."
982,104430024202600982,202600982,2025-02-25,1003,24,1,1,1,2,1,1,2025-02-25 19:35:00,2025-02-25 19:35:00,2025-02-25 19:35:00,12.9818,77.5542,"Reported incident of robbery at Near Hari, Bengaluru Urban. Suspect vehicle noticed with plate KA-09-KB-3467."
983,101020024202600983,202600983,2024-01-03,1003,24,1,2,1,1,1,3,2024-01-03 01:20:00,2024-01-03 01:20:00,2024-01-03 01:20:00,12.6194,76.8407,"Reported incident of burglary at Near Warrior Nagar, Mandya."
984,101020024202600984,202600984,2024-05-10,1004,24,1,2,1,1,1,3,2024-05-10 15:18:00,2024-05-10 15:18:00,2024-05-10 15:18:00,15.3329,76.219,"Reported incident of hit and run at Near Varughese Nagar, Koppal."
985,104430024202600985,202600985,2024-11-24,1003,24,1,2,1,1,1,1,2024-11-24 20:36:00,2024-11-24 20:36:00,2024-11-24 20:36:00,12.8699,77.5909,"Reported incident of vehicle theft at Near Rege Nagar, Bengaluru Urban. Suspect vehicle noticed with plate KA-14-KB-2439."
986,104430024202600986,202600986,2024-07-19,1002,24,1,2,1,1,1,1,2024-07-19 18:06:00,2024-07-19 18:06:00,2024-07-19 18:06:00,13.0115,77.5586,"Reported incident of vehicle theft at Near Behl Road, Bengaluru Urban. Suspect vehicle noticed with plate KA-17-KB-7212."
987,104430024202600987,202600987,2024-05-14,1004,24,1,1,2,4,1,1,2024-05-14 10:20:00,2024-05-14 10:20:00,2024-05-14 10:20:00,12.9935,77.5901,"Reported incident of assault at Near Kari Zila, Bengaluru Urban."
988,104430024202600988,202600988,2025-01-17,1002,24,1,2,1,1,1,1,2025-01-17 07:20:00,2025-01-17 07:20:00,2025-01-17 07:20:00,12.991,77.5447,"Reported incident of fraud at Near Bora Street, Bengaluru Urban."
989,104430024202600989,202600989,2025-03-19,1002,24,1,2,1,1,1,1,2025-03-19 19:00:00,2025-03-19 19:00:00,2025-03-19 19:00:00,13.0113,77.6437,"Reported incident of burglary at Near Solanki Nagar, Bengaluru Urban."
990,101020024202600990,202600990,2024-11-21,1001,24,1,2,1,1,1,3,2024-11-21 06:18:00,2024-11-21 06:18:00,2024-11-21 06:18:00,15.1172,76.9533,"Reported incident of cybercrime at Near Bala Ganj, Ballari."
991,104430024202600991,202600991,2024-08-16,1002,24,1,2,1,1,1,1,2024-08-16 17:44:00,2024-08-16 17:44:00,2024-08-16 17:44:00,12.9785,77.588,"Reported incident of vehicle theft at Near Grewal Path, Bengaluru Urban. Suspect vehicle noticed with plate KA-27-KA-8567."
992,104430024202600992,202600992,2024-03-21,1001,24,1,2,1,1,1,1,2024-03-21 23:07:00,2024-03-21 23:07:00,2024-03-21 23:07:00,12.996,77.6054,"Reported incident of cybercrime at Near Bhardwaj Chowk, Bengaluru Urban."
993,101020024202600993,202600993,2024-10-13,1003,24,1,2,1,1,1,3,2024-10-13 22:25:00,2024-10-13 22:25:00,2024-10-13 22:25:00,14.5066,75.8873,"Reported incident of vehicle theft at Near Pingle Zila, Davangere. Suspect vehicle noticed with plate KA-18-N-8569."
994,104430024202600994,202600994,2024-10-14,1002,24,1,2,1,1,1,1,2024-10-14 09:23:00,2024-10-14 09:23:00,2024-10-14 09:23:00,13.0124,77.5912,"Reported incident of vehicle theft at Near Kuruvilla Road, Bengaluru Urban. Suspect vehicle noticed with plate KA-52-B-4433."
995,104430024202600995,202600995,2025-02-23,1001,24,1,2,1,3,1,1,2025-02-23 22:32:00,2025-02-23 22:32:00,2025-02-23 22:32:00,13.0319,77.5545,"Reported incident of chain snatching at Near Bawa Zila, Bengaluru Urban. Suspect vehicle noticed with plate KA-44-A-4685."
996,104430024202600996,202600996,2024-02-13,1002,24,1,2,1,1,1,1,2024-02-13 07:47:00,2024-02-13 07:47:00,2024-02-13 07:47:00,13.0383,77.5203,"Reported incident of burglary at Near Modi Street, Bengaluru Urban."
997,104430024202600997,202600997,2025-01-23,1002,24,1,2,1,1,3,1,2025-01-23 18:48:00,2025-01-23 18:48:00,2025-01-23 18:48:00,13.0262,77.5809,"Reported incident of burglary at Near Rao Marg, Bengaluru Urban."
998,101020024202600998,202600998,2025-01-15,1002,24,1,2,1,1,1,3,2025-01-15 05:42:00,2025-01-15 05:42:00,2025-01-15 05:42:00,15.2229,76.8546,"Reported incident of cybercrime at Near Sahni Chowk, Ballari."
999,101020024202600999,202600999,2024-10-15,1002,24,1,2,1,1,1,3,2024-10-15 14:49:00,2024-10-15 14:49:00,2024-10-15 14:49:00,13.2905,77.0997,"Reported incident of burglary at Near Deol Path, Tumakuru."
1000,101020024202601000,202601000,2024-02-25,1002,24,1,2,1,1,1,3,2024-02-25 19:51:00,2024-02-25 19:51:00,2024-02-25 19:51:00,17.3623,76.8969,"Reported incident of burglary at Near Halder Road, Kalaburagi."
1001,104430024202601001,202601001,2024-07-04,1001,24,1,1,2,4,1,1,2024-07-04 06:55:00,2024-07-04 06:55:00,2024-07-04 06:55:00,12.9691,77.5657,"Reported incident of assault at Near Balan Street, Bengaluru Urban."
1002,101020024202601002,202601002,2025-05-21,1004,24,1,1,1,2,1,3,2025-05-21 16:39:00,2025-05-21 16:39:00,2025-05-21 16:39:00,14.5071,75.8977,"Reported incident of robbery at Near Mital Zila, Davangere. Suspect vehicle noticed with plate KA-26-A-7404."
1003,101020024202601003,202601003,2024-07-19,1002,24,1,1,2,4,1,3,2024-07-19 11:23:00,2024-07-19 11:23:00,2024-07-19 11:23:00,13.2816,74.7462,"Reported incident of assault at Near Mani Circle, Udupi."
1004,101020024202601004,202601004,2024-10-12,1004,24,1,1,1,2,1,3,2024-10-12 08:34:00,2024-10-12 08:34:00,2024-10-12 08:34:00,14.5322,75.9154,"Reported incident of robbery at Near Dalal Street, Davangere. Suspect vehicle noticed with plate KA-27-N-4179."
1005,101020024202601005,202601005,2024-11-05,1003,24,1,2,1,1,1,3,2024-11-05 23:39:00,2024-11-05 23:39:00,2024-11-05 23:39:00,13.9367,75.5371,"Reported incident of cybercrime at Near Goyal Marg, Shivamogga."
1006,101020024202601006,202601006,2025-02-12,1001,24,1,2,1,1,1,3,2025-02-12 18:08:00,2025-02-12 18:08:00,2025-02-12 18:08:00,12.9039,76.0727,"Reported incident of drug offence at Near Seshadri Street, Hassan."
1007,101020024202601007,202601007,2025-01-28,1003,24,1,2,1,1,1,3,2025-01-28 20:19:00,2025-01-28 20:19:00,2025-01-28 20:19:00,17.3278,76.7554,"Reported incident of property crime at Near Johal Path, Kalaburagi."
1008,104430024202601008,202601008,2024-06-13,1002,24,1,2,1,1,1,1,2024-06-13 01:20:00,2024-06-13 01:20:00,2024-06-13 01:20:00,13.015,77.5448,"Reported incident of fraud at Near Andra Street, Bengaluru Urban."
1009,101020024202601009,202601009,2024-12-18,1004,24,1,2,1,3,1,3,2024-12-18 02:02:00,2024-12-18 02:02:00,2024-12-18 02:02:00,12.877,74.8989,"Reported incident of chain snatching at Near Saxena Circle, Mangaluru (Dakshina Kannada). Suspect vehicle noticed with plate KA-02-N-3474."
1010,101020024202601010,202601010,2024-12-24,1004,24,1,2,1,3,1,3,2024-12-24 03:08:00,2024-12-24 03:08:00,2024-12-24 03:08:00,16.7864,75.7549,"Reported incident of chain snatching at Near Baria Street, Vijayapura. Suspect vehicle noticed with plate KA-07-A-4735."
1011,104430024202601011,202601011,2024-01-30,1003,24,1,2,1,1,1,1,2024-01-30 04:41:00,2024-01-30 04:41:00,2024-01-30 04:41:00,13.0149,77.5281,"Reported incident of vehicle theft at Near Tara Road, Bengaluru Urban. Suspect vehicle noticed with plate KA-53-P-2445."
1012,101020024202601012,202601012,2024-11-07,1003,24,1,1,2,4,1,3,2024-11-07 19:30:00,2024-11-07 19:30:00,2024-11-07 19:30:00,17.3877,76.801,"Reported incident of assault at Near Goswami Chowk, Kalaburagi."
1013,101020024202601013,202601013,2024-12-04,1001,24,1,2,1,3,1,3,2024-12-04 12:23:00,2024-12-04 12:23:00,2024-12-04 12:23:00,14.552,75.9102,"Reported incident of chain snatching at Near Mitter Chowk, Davangere. Suspect vehicle noticed with plate KA-15-B-4495."
1014,104430024202601014,202601014,2025-01-08,1001,24,1,2,1,1,1,1,2025-01-08 02:26:00,2025-01-08 02:26:00,2025-01-08 02:26:00,13.0112,77.5481,"Reported incident of vehicle theft at Near Dhawan Zila, Bengaluru Urban. Suspect vehicle noticed with plate KA-48-M-9686."
1015,101020024202601015,202601015,2024-01-09,1001,24,1,2,1,1,1,3,2024-01-09 01:30:00,2024-01-09 01:30:00,2024-01-09 01:30:00,15.3412,76.1909,"Reported incident of cybercrime at Near Sachdev Nagar, Koppal."
1016,104430024202601016,202601016,2024-10-26,1003,24,1,2,1,1,1,1,2024-10-26 03:50:00,2024-10-26 03:50:00,2024-10-26 03:50:00,13.0282,77.5621,"Reported incident of vehicle theft at Near Kibe Marg, Bengaluru Urban. Suspect vehicle noticed with plate KA-25-N-7061."
1017,101020024202601017,202601017,2024-08-17,1001,24,1,1,1,2,1,3,2024-08-17 03:48:00,2024-08-17 03:48:00,2024-08-17 03:48:00,12.3285,76.5621,"Reported incident of robbery at Near Kashyap, Mysuru. Suspect vehicle noticed with plate KA-25-P-1833."
1018,101020024202601018,202601018,2024-06-24,1001,24,1,1,1,2,1,3,2024-06-24 00:32:00,2024-06-24 00:32:00,2024-06-24 00:32:00,15.8276,74.5226,"Reported incident of robbery at Near Baria Chowk, Belagavi. Suspect vehicle noticed with plate KA-54-P-6369."
1019,104430024202601019,202601019,2024-01-24,1002,24,1,1,2,4,1,1,2024-01-24 06:37:00,2024-01-24 06:37:00,2024-01-24 06:37:00,13.0009,77.6394,"Reported incident of assault at Near Bassi, Bengaluru Urban."
1020,104430024202601020,202601020,2025-05-21,1004,24,1,1,2,4,3,1,2025-05-21 09:39:00,2025-05-21 09:39:00,2025-05-21 09:39:00,13.2824,77.5765,"Reported incident of assault at Near Keer Nagar, Bengaluru Rural."
1021,104430024202601021,202601021,2024-12-13,1001,24,1,1,1,2,1,1,2024-12-13 12:01:00,2024-12-13 12:01:00,2024-12-13 12:01:00,12.9944,77.6132,"Reported incident of robbery at Near Korpal Nagar, Bengaluru Urban. Suspect vehicle noticed with plate KA-36-A-8016."
1022,104430024202601022,202601022,2024-01-26,1001,24,1,2,1,1,1,1,2024-01-26 15:31:00,2024-01-26 15:31:00,2024-01-26 15:31:00,13.0219,77.5965,"Reported incident of hit and run at Near Kaur Ganj, Bengaluru Urban."
1023,101020024202601023,202601023,2025-01-17,1004,24,1,2,1,1,1,3,2025-01-17 07:06:00,2025-01-17 07:06:00,2025-01-17 07:06:00,13.3728,77.0586,"Reported incident of vehicle theft at Near Sachar Road, Tumakuru. Suspect vehicle noticed with plate KA-05-A-7231."
1024,104430024202601024,202601024,2024-08-21,1003,24,1,2,1,1,1,1,2024-08-21 05:07:00,2024-08-21 05:07:00,2024-08-21 05:07:00,13.0154,77.6086,"Reported incident of murder at Near Mitra Path, Bengaluru Urban."
1025,101020024202601025,202601025,2024-08-03,1004,24,1,2,1,1,1,3,2024-08-03 19:08:00,2024-08-03 19:08:00,2024-08-03 19:08:00,12.273,76.7467,"Reported incident of cybercrime at Near Purohit Path, Mysuru."
1026,104430024202601026,202601026,2025-03-14,1004,24,1,2,1,1,2,1,2025-03-14 05:31:00,2025-03-14 05:31:00,2025-03-14 05:31:00,13.0366,77.5523,"Reported incident of hit and run at Near Tailor Nagar, Bengaluru Urban."
1027,101020024202601027,202601027,2024-12-06,1001,24,1,2,1,3,1,3,2024-12-06 11:06:00,2024-12-06 11:06:00,2024-12-06 11:06:00,12.9929,74.8499,"Reported incident of chain snatching at Near Dutta Nagar, Mangaluru (Dakshina Kannada). Suspect vehicle noticed with plate KA-31-KA-7779."
1028,104430024202601028,202601028,2024-11-17,1002,24,1,2,1,1,2,1,2024-11-17 15:37:00,2024-11-17 15:37:00,2024-11-17 15:37:00,12.9863,77.594,"Reported incident of burglary at Near Balan Circle, Bengaluru Urban."
1029,101020024202601029,202601029,2024-05-29,1002,24,1,2,1,1,1,3,2024-05-29 14:00:00,2024-05-29 14:00:00,2024-05-29 14:00:00,12.5804,76.9051,"Reported incident of fraud at Near Bhatti Ganj, Mandya."
1030,101020024202601030,202601030,2024-09-02,1004,24,1,2,1,1,1,3,2024-09-02 17:14:00,2024-09-02 17:14:00,2024-09-02 17:14:00,13.1035,78.166,"Reported incident of vehicle theft at Near Taneja Road, Kolar. Suspect vehicle noticed with plate KA-06-KB-7084."
1031,101020024202601031,202601031,2024-04-26,1002,24,1,1,1,2,1,3,2024-04-26 09:42:00,2024-04-26 09:42:00,2024-04-26 09:42:00,13.2489,75.8112,"Reported incident of robbery at Near Bhat Ganj, Chikkamagaluru. Suspect vehicle noticed with plate KA-01-M-4319."
1032,104430024202601032,202601032,2024-05-07,1001,24,1,2,1,1,1,1,2024-05-07 21:20:00,2024-05-07 21:20:00,2024-05-07 21:20:00,12.9197,77.5555,"Reported incident of hit and run at Near Koshy Circle, Bengaluru Urban."
1033,101020024202601033,202601033,2024-05-30,1004,24,1,2,1,1,2,3,2024-05-30 01:42:00,2024-05-30 01:42:00,2024-05-30 01:42:00,14.5057,75.9687,"Reported incident of vehicle theft at Near Guha Street, Davangere. Suspect vehicle noticed with plate KA-55-M-1380."
1034,101020024202601034,202601034,2025-04-08,1004,24,1,2,1,1,1,3,2025-04-08 10:48:00,2025-04-08 10:48:00,2025-04-08 10:48:00,12.228,76.7033,"Reported incident of fraud at Near Dar Nagar, Mysuru."
1035,104430024202601035,202601035,2025-01-26,1001,24,1,2,1,1,1,1,2025-01-26 08:43:00,2025-01-26 08:43:00,2025-01-26 08:43:00,12.9991,77.5414,"Reported incident of vehicle theft at Near Sodhi Circle, Bengaluru Urban. Suspect vehicle noticed with plate KA-50-A-8248."
1036,101020024202601036,202601036,2024-05-21,1003,24,1,2,1,1,2,3,2024-05-21 10:17:00,2024-05-21 10:17:00,2024-05-21 10:17:00,15.8506,74.5027,"Reported incident of burglary at Near Kaul Chowk, Belagavi."
1037,101020024202601037,202601037,2024-11-22,1003,24,1,2,1,3,1,3,2024-11-22 20:17:00,2024-11-22 20:17:00,2024-11-22 20:17:00,13.9775,75.6412,"Reported incident of chain snatching at Near Savant Circle, Shivamogga. Suspect vehicle noticed with plate KA-43-N-9065."
1038,101020024202601038,202601038,2024-01-01,1004,24,1,2,1,1,1,3,2024-01-01 17:25:00,2024-01-01 17:25:00,2024-01-01 17:25:00,12.9262,74.836,"Reported incident of burglary at Near Chaudhuri Road, Mangaluru (Dakshina Kannada)."
1039,101020024202601039,202601039,2024-01-25,1001,24,1,2,1,1,1,3,2024-01-25 13:41:00,2024-01-25 13:41:00,2024-01-25 13:41:00,15.276,75.2249,"Reported incident of hit and run at Near Saran Road, Hubballi-Dharwad."
1040,101020024202601040,202601040,2024-12-15,1002,24,1,2,1,1,1,3,2024-12-15 07:45:00,2024-12-15 07:45:00,2024-12-15 07:45:00,13.3837,74.6512,"Reported incident of vehicle theft at Near Cheema Street, Udupi. Suspect vehicle noticed with plate KA-15-P-5453."
1041,101020024202601041,202601041,2025-04-18,1001,24,1,2,1,1,2,3,2025-04-18 10:34:00,2025-04-18 10:34:00,2025-04-18 10:34:00,17.8649,77.6112,"Reported incident of vehicle theft at Near Lad Zila, Bidar. Suspect vehicle noticed with plate KA-16-M-1094."
1042,101020024202601042,202601042,2024-05-09,1001,24,1,2,1,1,1,3,2024-05-09 21:42:00,2024-05-09 21:42:00,2024-05-09 21:42:00,15.1604,76.8612,"Reported incident of vehicle theft at Near Srivastava Ganj, Ballari. Suspect vehicle noticed with plate KA-02-A-1016."
1043,101020024202601043,202601043,2024-09-04,1003,24,1,2,1,1,1,3,2024-09-04 20:50:00,2024-09-04 20:50:00,2024-09-04 20:50:00,14.5411,75.9103,"Reported incident of drug offence at Near Sachar Path, Davangere."
1044,101020024202601044,202601044,2024-12-20,1004,24,1,1,1,2,1,3,2024-12-20 06:47:00,2024-12-20 06:47:00,2024-12-20 06:47:00,12.5299,76.9395,"Reported incident of robbery at Near Apte Ganj, Mandya. Suspect vehicle noticed with plate KA-48-M-2814."
1045,101020024202601045,202601045,2024-05-31,1002,24,1,2,1,1,2,3,2024-05-31 18:30:00,2024-05-31 18:30:00,2024-05-31 18:30:00,16.8492,75.6723,"Reported incident of kidnapping at Near Choudhry Marg, Vijayapura."
1046,104430024202601046,202601046,2024-03-29,1001,24,1,2,1,1,3,1,2024-03-29 17:25:00,2024-03-29 17:25:00,2024-03-29 17:25:00,13.0022,77.5391,"Reported incident of murder at Near Cherian Street, Bengaluru Urban."
1047,104430024202601047,202601047,2024-05-31,1003,24,1,2,1,1,1,1,2024-05-31 03:44:00,2024-05-31 03:44:00,2024-05-31 03:44:00,13.0165,77.6292,"Reported incident of fraud at Near Chaudhary Marg, Bengaluru Urban."
1048,101020024202601048,202601048,2024-07-18,1001,24,1,2,1,1,1,3,2024-07-18 19:43:00,2024-07-18 19:43:00,2024-07-18 19:43:00,12.3247,76.5994,"Reported incident of burglary at Near Cherian, Mysuru."
1049,101020024202601049,202601049,2024-02-09,1002,24,1,2,1,1,1,3,2024-02-09 10:18:00,2024-02-09 10:18:00,2024-02-09 10:18:00,13.3218,77.0892,"Reported incident of fraud at Near Madan Road, Tumakuru."
1050,101020024202601050,202601050,2025-01-08,1002,24,1,2,1,1,1,3,2025-01-08 05:26:00,2025-01-08 05:26:00,2025-01-08 05:26:00,15.3347,76.2243,"Reported incident of vehicle theft at Near Kumar Street, Koppal. Suspect vehicle noticed with plate KA-22-B-9063."
1051,101020024202601051,202601051,2024-04-21,1001,24,1,1,1,2,1,3,2024-04-21 23:21:00,2024-04-21 23:21:00,2024-04-21 23:21:00,13.187,78.066,"Reported incident of robbery at Near Mitter, Kolar. Suspect vehicle noticed with plate KA-55-M-7810."
1052,101020024202601052,202601052,2025-02-18,1001,24,1,2,1,1,1,3,2025-02-18 12:18:00,2025-02-18 12:18:00,2025-02-18 12:18:00,14.4883,75.9217,"Reported incident of drug offence at Near Mangal Marg, Davangere."
1053,101020024202601053,202601053,2025-02-19,1004,24,1,1,2,4,1,3,2025-02-19 23:11:00,2025-02-19 23:11:00,2025-02-19 23:11:00,13.1563,78.1996,"Reported incident of assault at Near Goswami Circle, Kolar."
1054,104430024202601054,202601054,2024-07-16,1001,24,1,1,1,2,1,1,2024-07-16 15:37:00,2024-07-16 15:37:00,2024-07-16 15:37:00,13.016,77.5561,"Reported incident of robbery at Near Rajagopalan Nagar, Bengaluru Urban. Suspect vehicle noticed with plate KA-30-M-9122."
1055,104430024202601055,202601055,2024-09-07,1002,24,1,2,1,1,1,1,2024-09-07 19:53:00,2024-09-07 19:53:00,2024-09-07 19:53:00,12.9799,77.6547,"Reported incident of cybercrime at Near Karnik Zila, Bengaluru Urban."
1056,101020024202601056,202601056,2024-05-07,1002,24,1,2,1,1,1,3,2024-05-07 14:00:00,2024-05-07 14:00:00,2024-05-07 14:00:00,15.2887,75.1612,"Reported incident of cybercrime at Near Konda Nagar, Hubballi-Dharwad."
1057,104430024202601057,202601057,2024-09-22,1004,24,1,2,1,1,1,1,2024-09-22 20:23:00,2024-09-22 20:23:00,2024-09-22 20:23:00,13.0195,77.5618,"Reported incident of fraud at Near Mallick Zila, Bengaluru Urban."
1058,104430024202601058,202601058,2024-01-31,1001,24,1,2,1,1,3,1,2024-01-31 13:42:00,2024-01-31 13:42:00,2024-01-31 13:42:00,13.0052,77.6256,"Reported incident of vehicle theft at Near Kara Zila, Bengaluru Urban. Suspect vehicle noticed with plate KA-36-N-9344."
1059,104430024202601059,202601059,2024-06-16,1001,24,1,2,1,1,3,1,2024-06-16 02:12:00,2024-06-16 02:12:00,2024-06-16 02:12:00,13.0019,77.599,"Reported incident of eve teasing at Near Bansal Circle, Bengaluru Urban."
1060,104430024202601060,202601060,2025-04-18,1003,24,1,2,1,1,1,1,2025-04-18 06:10:00,2025-04-18 06:10:00,2025-04-18 06:10:00,13.0302,77.5905,"Reported incident of eve teasing at Near Biswas Chowk, Bengaluru Urban."
1061,101020024202601061,202601061,2025-05-27,1004,24,1,2,1,3,1,3,2025-05-27 19:42:00,2025-05-27 19:42:00,2025-05-27 19:42:00,16.8232,75.7164,"Reported incident of chain snatching at Near Sharma Ganj, Vijayapura. Suspect vehicle noticed with plate KA-16-B-3190."
1062,101020024202601062,202601062,2025-05-16,1002,24,1,2,1,1,2,3,2025-05-16 22:57:00,2025-05-16 22:57:00,2025-05-16 22:57:00,13.2479,75.8215,"Reported incident of drug offence at Near Mangal, Chikkamagaluru."
1063,101020024202601063,202601063,2024-08-23,1001,24,1,2,1,1,1,3,2024-08-23 03:47:00,2024-08-23 03:47:00,2024-08-23 03:47:00,13.3055,77.0767,"Reported incident of cybercrime at Near Sane Chowk, Tumakuru."
1064,101020024202601064,202601064,2024-12-25,1003,24,1,2,1,3,1,3,2024-12-25 04:40:00,2024-12-25 04:40:00,2024-12-25 04:40:00,13.0342,76.1342,"Reported incident of chain snatching at Near Sami Chowk, Hassan. Suspect vehicle noticed with plate KA-44-M-8217."
1065,104430024202601065,202601065,2024-08-24,1003,24,1,2,1,3,2,1,2024-08-24 07:29:00,2024-08-24 07:29:00,2024-08-24 07:29:00,12.995,77.5433,"Reported incident of chain snatching at Near Magar Path, Bengaluru Urban. Suspect vehicle noticed with plate KA-55-P-3064."
1066,101020024202601066,202601066,2024-12-09,1004,24,1,2,1,1,1,3,2024-12-09 03:47:00,2024-12-09 03:47:00,2024-12-09 03:47:00,12.5305,76.928,"Reported incident of domestic violence at Near Bhagat Path, Mandya."
1067,101020024202601067,202601067,2024-03-13,1001,24,1,2,1,1,1,3,2024-03-13 18:44:00,2024-03-13 18:44:00,2024-03-13 18:44:00,14.5255,75.9162,"Reported incident of eve teasing at Near Buch Circle, Davangere."
1068,104430024202601068,202601068,2025-01-27,1001,24,1,2,1,1,1,1,2025-01-27 15:34:00,2025-01-27 15:34:00,2025-01-27 15:34:00,12.9638,77.6012,"Reported incident of vehicle theft at Near Varughese Marg, Bengaluru Urban. Suspect vehicle noticed with plate KA-35-N-3347."
1069,101020024202601069,202601069,2024-08-31,1003,24,1,2,1,1,1,3,2024-08-31 07:26:00,2024-08-31 07:26:00,2024-08-31 07:26:00,12.8546,74.8704,"Reported incident of eve teasing at Near Reddy Circle, Mangaluru (Dakshina Kannada)."
1070,104430024202601070,202601070,2024-11-27,1003,24,1,2,1,1,1,1,2024-11-27 05:44:00,2024-11-27 05:44:00,2024-11-27 05:44:00,12.964,77.6001,"Reported incident of vehicle theft at Near Karpe, Bengaluru Urban. Suspect vehicle noticed with plate KA-33-N-5894."
1071,101020024202601071,202601071,2024-09-03,1001,24,1,2,1,1,1,3,2024-09-03 01:38:00,2024-09-03 01:38:00,2024-09-03 01:38:00,13.0941,76.1772,"Reported incident of kidnapping at Near Shukla Ganj, Hassan."
1072,101020024202601072,202601072,2025-04-15,1003,24,1,2,1,1,1,3,2025-04-15 13:46:00,2025-04-15 13:46:00,2025-04-15 13:46:00,15.2281,76.8253,"Reported incident of cybercrime at Near Sastry Circle, Ballari."
1073,101020024202601073,202601073,2024-05-04,1002,24,1,2,1,1,1,3,2024-05-04 05:38:00,2024-05-04 05:38:00,2024-05-04 05:38:00,13.9654,75.6373,"Reported incident of fraud at Near Mitter Circle, Shivamogga."
1074,101020024202601074,202601074,2024-04-15,1003,24,1,2,1,1,2,3,2024-04-15 16:37:00,2024-04-15 16:37:00,2024-04-15 16:37:00,13.1109,78.1951,"Reported incident of vehicle theft at Near Chacko Circle, Kolar. Suspect vehicle noticed with plate KA-53-KB-6994."
1075,101020024202601075,202601075,2024-12-23,1004,24,1,2,1,1,1,3,2024-12-23 00:02:00,2024-12-23 00:02:00,2024-12-23 00:02:00,13.3336,75.7543,"Reported incident of fraud at Near Hayre Marg, Chikkamagaluru."
1076,101020024202601076,202601076,2024-01-21,1001,24,1,2,1,1,2,3,2024-01-21 15:24:00,2024-01-21 15:24:00,2024-01-21 15:24:00,17.9137,77.4866,"Reported incident of burglary at Near Dave Road, Bidar."
1077,101020024202601077,202601077,2024-12-21,1003,24,1,2,1,1,1,3,2024-12-21 11:30:00,2024-12-21 11:30:00,2024-12-21 11:30:00,17.9675,77.4525,"Reported incident of burglary at Near Chandran Circle, Bidar."
1078,104430024202601078,202601078,2025-05-27,1001,24,1,1,1,2,1,1,2025-05-27 16:43:00,2025-05-27 16:43:00,2025-05-27 16:43:00,12.9705,77.5594,"Reported incident of robbery at Near Rege Street, Bengaluru Urban. Suspect vehicle noticed with plate KA-23-KA-8451."
1079,101020024202601079,202601079,2024-07-02,1003,24,1,2,1,1,2,3,2024-07-02 08:30:00,2024-07-02 08:30:00,2024-07-02 08:30:00,15.3346,76.0759,"Reported incident of drug offence at Near Savant Road, Koppal."
1080,101020024202601080,202601080,2024-10-21,1002,24,1,2,1,3,2,3,2024-10-21 01:36:00,2024-10-21 01:36:00,2024-10-21 01:36:00,17.9376,77.5338,"Reported incident of chain snatching at Near Kota Marg, Bidar. Suspect vehicle noticed with plate KA-51-N-2365."
1081,104430024202601081,202601081,2024-01-29,1003,24,1,2,1,1,3,1,2024-01-29 19:16:00,2024-01-29 19:16:00,2024-01-29 19:16:00,13.0044,77.5895,"Reported incident of drug offence at Near Gokhale Street, Bengaluru Urban."
1082,101020024202601082,202601082,2024-02-15,1002,24,1,2,1,3,1,3,2024-02-15 15:49:00,2024-02-15 15:49:00,2024-02-15 15:49:00,13.0004,74.8485,"Reported incident of chain snatching at Near Karpe, Mangaluru (Dakshina Kannada). Suspect vehicle noticed with plate KA-31-A-9412."
1083,101020024202601083,202601083,2024-10-26,1004,24,1,1,1,2,1,3,2024-10-26 21:12:00,2024-10-26 21:12:00,2024-10-26 21:12:00,16.8326,75.6186,"Reported incident of robbery at Near Soni Circle, Vijayapura. Suspect vehicle noticed with plate KA-17-M-5306."
1084,101020024202601084,202601084,2024-11-27,1003,24,1,2,1,1,1,3,2024-11-27 00:07:00,2024-11-27 00:07:00,2024-11-27 00:07:00,13.2737,75.7251,"Reported incident of vehicle theft at Near Pau Path, Chikkamagaluru. Suspect vehicle noticed with plate KA-18-M-3707."
1085,104430024202601085,202601085,2024-08-26,1001,24,1,2,1,1,1,1,2024-08-26 04:48:00,2024-08-26 04:48:00,2024-08-26 04:48:00,12.985,77.5854,"Reported incident of hit and run at Near Trivedi Road, Bengaluru Urban."
1086,101020024202601086,202601086,2024-10-04,1003,24,1,2,1,3,1,3,2024-10-04 11:25:00,2024-10-04 11:25:00,2024-10-04 11:25:00,14.4511,75.8548,"Reported incident of chain snatching at Near Om Nagar, Davangere. Suspect vehicle noticed with plate KA-41-B-2468."
1087,104430024202601087,202601087,2024-05-24,1002,24,1,2,1,1,1,1,2024-05-24 23:05:00,2024-05-24 23:05:00,2024-05-24 23:05:00,13.0134,77.556,"Reported incident of fraud at Near Mand, Bengaluru Urban."
1088,104430024202601088,202601088,2024-05-31,1004,24,1,2,1,1,1,1,2024-05-31 08:50:00,2024-05-31 08:50:00,2024-05-31 08:50:00,12.8839,77.5952,"Reported incident of hit and run at Near Yohannan Road, Bengaluru Urban."
1089,101020024202601089,202601089,2025-04-25,1004,24,1,2,1,1,1,3,2025-04-25 08:52:00,2025-04-25 08:52:00,2025-04-25 08:52:00,13.0496,76.1794,"Reported incident of fraud at Near Acharya Circle, Hassan."
1090,104430024202601090,202601090,2024-02-18,1002,24,1,1,1,2,2,1,2024-02-18 04:40:00,2024-02-18 04:40:00,2024-02-18 04:40:00,12.8914,77.5844,"Reported incident of robbery at Near Ramaswamy Path, Bengaluru Urban. Suspect vehicle noticed with plate KA-17-B-9252."
1091,104430024202601091,202601091,2025-03-18,1003,24,1,1,2,4,1,1,2025-03-18 08:12:00,2025-03-18 08:12:00,2025-03-18 08:12:00,12.9978,77.5814,"Reported incident of assault at Near Mukhopadhyay Ganj, Bengaluru Urban."
1092,101020024202601092,202601092,2025-01-02,1002,24,1,2,1,1,1,3,2025-01-02 16:20:00,2025-01-02 16:20:00,2025-01-02 16:20:00,15.0843,76.891,"Reported incident of kidnapping at Near Kothari Road, Ballari."
1093,104430024202601093,202601093,2025-02-15,1002,24,1,2,1,3,2,1,2025-02-15 12:47:00,2025-02-15 12:47:00,2025-02-15 12:47:00,12.8736,77.5746,"Reported incident of chain snatching at Near Goyal Path, Bengaluru Urban. Suspect vehicle noticed with plate KA-28-A-5640."
1094,101020024202601094,202601094,2024-03-28,1003,24,1,1,2,4,1,3,2024-03-28 01:04:00,2024-03-28 01:04:00,2024-03-28 01:04:00,13.3571,74.6715,"Reported incident of assault at Near Aurora Path, Udupi."
1095,104430024202601095,202601095,2024-11-22,1001,24,1,2,1,1,2,1,2024-11-22 07:10:00,2024-11-22 07:10:00,2024-11-22 07:10:00,12.9835,77.5564,"Reported incident of vehicle theft at Near Rajagopal Nagar, Bengaluru Urban. Suspect vehicle noticed with plate KA-51-KB-3310."
1096,101020024202601096,202601096,2024-12-28,1002,24,1,2,1,1,1,3,2024-12-28 23:56:00,2024-12-28 23:56:00,2024-12-28 23:56:00,17.395,76.8749,"Reported incident of murder at Near Shenoy Path, Kalaburagi."
1097,101020024202601097,202601097,2025-04-29,1004,24,1,2,1,3,1,3,2025-04-29 12:57:00,2025-04-29 12:57:00,2025-04-29 12:57:00,13.074,78.1481,"Reported incident of chain snatching at Near Pau Ganj, Kolar. Suspect vehicle noticed with plate KA-22-N-4535."
1098,104430024202601098,202601098,2025-03-27,1003,24,1,1,1,2,1,1,2025-03-27 17:44:00,2025-03-27 17:44:00,2025-03-27 17:44:00,12.9673,77.5434,"Reported incident of robbery at Near Jayaraman Chowk, Bengaluru Urban. Suspect vehicle noticed with plate KA-23-A-3878."
1099,101020024202601099,202601099,2025-04-03,1003,24,1,2,1,1,1,3,2025-04-03 20:26:00,2025-04-03 20:26:00,2025-04-03 20:26:00,13.3018,75.8128,"Reported incident of burglary at Near Bedi Circle, Chikkamagaluru."
1100,101020024202601100,202601100,2024-12-10,1003,24,1,2,1,1,1,3,2024-12-10 00:16:00,2024-12-10 00:16:00,2024-12-10 00:16:00,12.346,76.5571,"Reported incident of vehicle theft at Near Baral Zila, Mysuru. Suspect vehicle noticed with plate KA-32-M-4137."
1101,101020024202601101,202601101,2024-07-30,1001,24,1,2,1,1,1,3,2024-07-30 02:27:00,2024-07-30 02:27:00,2024-07-30 02:27:00,16.8119,75.6984,"Reported incident of vehicle theft at Near Thaker Street, Vijayapura. Suspect vehicle noticed with plate KA-22-KB-6545."
1102,101020024202601102,202601102,2024-07-20,1001,24,1,2,1,1,1,3,2024-07-20 15:39:00,2024-07-20 15:39:00,2024-07-20 15:39:00,12.8522,74.8357,"Reported incident of drug offence at Near Bhatt Street, Mangaluru (Dakshina Kannada)."
1103,101020024202601103,202601103,2024-09-23,1002,24,1,2,1,1,1,3,2024-09-23 10:58:00,2024-09-23 10:58:00,2024-09-23 10:58:00,12.4998,76.9603,"Reported incident of eve teasing at Near Dutta Chowk, Mandya."
1104,104430024202601104,202601104,2025-01-18,1004,24,1,2,1,1,1,1,2025-01-18 11:36:00,2025-01-18 11:36:00,2025-01-18 11:36:00,12.9988,77.6338,"Reported incident of vehicle theft at Near Mandal Marg, Bengaluru Urban. Suspect vehicle noticed with plate KA-13-P-8243."
1105,101020024202601105,202601105,2024-04-02,1003,24,1,2,1,1,1,3,2024-04-02 09:01:00,2024-04-02 09:01:00,2024-04-02 09:01:00,16.2102,77.2622,"Reported incident of vehicle theft at Near Gole Circle, Raichur. Suspect vehicle noticed with plate KA-02-A-7849."
1106,104430024202601106,202601106,2024-02-07,1002,24,1,2,1,3,1,1,2024-02-07 21:06:00,2024-02-07 21:06:00,2024-02-07 21:06:00,12.9951,77.5587,"Reported incident of chain snatching at Near Batra Path, Bengaluru Urban. Suspect vehicle noticed with plate KA-09-KB-8851."
1107,104430024202601107,202601107,2024-08-22,1002,24,1,2,1,3,2,1,2024-08-22 09:47:00,2024-08-22 09:47:00,2024-08-22 09:47:00,12.9738,77.6437,"Reported incident of chain snatching at Near Munshi Ganj, Bengaluru Urban. Suspect vehicle noticed with plate KA-04-N-1143."
1108,101020024202601108,202601108,2024-10-13,1004,24,1,2,1,3,1,3,2024-10-13 15:50:00,2024-10-13 15:50:00,2024-10-13 15:50:00,16.795,75.6775,"Reported incident of chain snatching at Near Ganesan Marg, Vijayapura. Suspect vehicle noticed with plate KA-42-A-1295."
1109,101020024202601109,202601109,2024-12-31,1001,24,1,2,1,1,1,3,2024-12-31 13:24:00,2024-12-31 13:24:00,2024-12-31 13:24:00,13.3667,77.1278,"Reported incident of cybercrime at Near Dyal Zila, Tumakuru."
1110,101020024202601110,202601110,2024-02-20,1002,24,1,2,1,1,2,3,2024-02-20 07:21:00,2024-02-20 07:21:00,2024-02-20 07:21:00,15.3011,76.2199,"Reported incident of cybercrime at Near Srinivas Circle, Koppal."
1111,101020024202601111,202601111,2024-12-20,1004,24,1,2,1,1,2,3,2024-12-20 11:30:00,2024-12-20 11:30:00,2024-12-20 11:30:00,12.32,76.5835,"Reported incident of vehicle theft at Near Loke Circle, Mysuru. Suspect vehicle noticed with plate KA-41-B-4300."
1112,101020024202601112,202601112,2024-01-09,1003,24,1,2,1,1,1,3,2024-01-09 12:31:00,2024-01-09 12:31:00,2024-01-09 12:31:00,13.0334,76.0464,"Reported incident of domestic violence at Near Chahal Circle, Hassan."
1113,104430024202601113,202601113,2025-01-27,1003,24,1,2,1,1,2,1,2025-01-27 16:43:00,2025-01-27 16:43:00,2025-01-27 16:43:00,13.2534,77.5495,"Reported incident of hit and run at Near Wason Circle, Bengaluru Rural."
1114,101020024202601114,202601114,2024-03-09,1002,24,1,2,1,1,1,3,2024-03-09 12:58:00,2024-03-09 12:58:00,2024-03-09 12:58:00,12.553,76.897,"Reported incident of property crime at Near Shenoy Street, Mandya."
1115,101020024202601115,202601115,2024-11-13,1004,24,1,2,1,3,2,3,2024-11-13 23:36:00,2024-11-13 23:36:00,2024-11-13 23:36:00,15.2854,76.1206,"Reported incident of chain snatching at Near Anne Nagar, Koppal. Suspect vehicle noticed with plate KA-23-M-7412."
1116,104430024202601116,202601116,2025-05-13,1004,24,1,1,1,2,2,1,2025-05-13 07:13:00,2025-05-13 07:13:00,2025-05-13 07:13:00,12.9794,77.5849,"Reported incident of robbery at Near Vala Street, Bengaluru Urban. Suspect vehicle noticed with plate KA-30-B-1072."
1117,101020024202601117,202601117,2024-02-28,1003,24,1,2,1,3,2,3,2024-02-28 06:26:00,2024-02-28 06:26:00,2024-02-28 06:26:00,17.3378,76.865,"Reported incident of chain snatching at Near Bail Marg, Kalaburagi. Suspect vehicle noticed with plate KA-26-N-7745."
1118,101020024202601118,202601118,2025-02-05,1003,24,1,2,1,3,1,3,2025-02-05 12:02:00,2025-02-05 12:02:00,2025-02-05 12:02:00,12.5963,76.9234,"Reported incident of chain snatching at Near Oak Street, Mandya. Suspect vehicle noticed with plate KA-52-KA-9711."
1119,101020024202601119,202601119,2024-06-28,1002,24,1,2,1,1,1,3,2024-06-28 00:50:00,2024-06-28 00:50:00,2024-06-28 00:50:00,12.3174,76.6176,"Reported incident of property crime at Near Devi Street, Mysuru."
1120,104430024202601120,202601120,2025-02-15,1001,24,1,2,1,1,2,1,2025-02-15 18:35:00,2025-02-15 18:35:00,2025-02-15 18:35:00,13.0101,77.5482,"Reported incident of drug offence at Near Naik Marg, Bengaluru Urban."
1121,101020024202601121,202601121,2025-05-10,1004,24,1,2,1,1,1,3,2025-05-10 19:58:00,2025-05-10 19:58:00,2025-05-10 19:58:00,13.9528,75.5214,"Reported incident of burglary at Near Anand Ganj, Shivamogga."
1122,104430024202601122,202601122,2025-04-11,1003,24,1,2,1,1,1,1,2025-04-11 05:33:00,2025-04-11 05:33:00,2025-04-11 05:33:00,12.8795,77.5654,"Reported incident of burglary at Near Narasimhan Zila, Bengaluru Urban."
1123,101020024202601123,202601123,2025-03-04,1001,24,1,2,1,1,1,3,2025-03-04 10:20:00,2025-03-04 10:20:00,2025-03-04 10:20:00,17.9034,77.4276,"Reported incident of property crime at Near Wable Ganj, Bidar."
1124,104430024202601124,202601124,2024-05-31,1004,24,1,1,1,2,1,1,2024-05-31 10:48:00,2024-05-31 10:48:00,2024-05-31 10:48:00,12.9654,77.6539,"Reported incident of robbery at Near Bahl Circle, Bengaluru Urban. Suspect vehicle noticed with plate KA-42-B-3324."
1125,101020024202601125,202601125,2024-09-07,1004,24,1,2,1,1,1,3,2024-09-07 21:49:00,2024-09-07 21:49:00,2024-09-07 21:49:00,12.5085,76.9728,"Reported incident of hit and run at Near Balay Chowk, Mandya."
1126,101020024202601126,202601126,2024-04-27,1001,24,1,1,2,4,1,3,2024-04-27 08:17:00,2024-04-27 08:17:00,2024-04-27 08:17:00,16.7952,75.6771,"Reported incident of assault at Near Banik Street, Vijayapura."
1127,104430024202601127,202601127,2025-02-03,1001,24,1,2,1,3,2,1,2025-02-03 20:34:00,2025-02-03 20:34:00,2025-02-03 20:34:00,12.9785,77.547,"Reported incident of chain snatching at Near Goswami, Bengaluru Urban. Suspect vehicle noticed with plate KA-41-N-9121."
1128,104430024202601128,202601128,2024-11-06,1002,24,1,2,1,1,1,1,2024-11-06 06:03:00,2024-11-06 06:03:00,2024-11-06 06:03:00,12.986,77.5713,"Reported incident of property crime at Near Sharaf Road, Bengaluru Urban."
1129,104430024202601129,202601129,2024-05-20,1003,24,1,2,1,1,1,1,2024-05-20 12:49:00,2024-05-20 12:49:00,2024-05-20 12:49:00,12.981,77.5748,"Reported incident of vehicle theft at Near Som Nagar, Bengaluru Urban. Suspect vehicle noticed with plate KA-34-N-2382."
1130,101020024202601130,202601130,2024-01-11,1003,24,1,1,2,4,2,3,2024-01-11 22:34:00,2024-01-11 22:34:00,2024-01-11 22:34:00,15.8456,74.4877,"Reported incident of assault at Near Kala Chowk, Belagavi."
1131,104430024202601131,202601131,2025-03-16,1003,24,1,2,1,1,1,1,2025-03-16 12:57:00,2025-03-16 12:57:00,2025-03-16 12:57:00,12.9857,77.5383,"Reported incident of vehicle theft at Near Golla Path, Bengaluru Urban. Suspect vehicle noticed with plate KA-47-B-5577."
1132,101020024202601132,202601132,2024-11-23,1002,24,1,2,1,3,1,3,2024-11-23 14:16:00,2024-11-23 14:16:00,2024-11-23 14:16:00,15.8744,74.4477,"Reported incident of chain snatching at Near Peri Path, Belagavi. Suspect vehicle noticed with plate KA-29-M-8473."
1133,104430024202601133,202601133,2024-05-25,1002,24,1,1,2,4,1,1,2024-05-25 06:38:00,2024-05-25 06:38:00,2024-05-25 06:38:00,12.9645,77.6586,"Reported incident of assault at Near Badal Circle, Bengaluru Urban."
1134,104430024202601134,202601134,2025-05-19,1002,24,1,2,1,1,1,1,2025-05-19 12:20:00,2025-05-19 12:20:00,2025-05-19 12:20:00,13.0168,77.6399,"Reported incident of fraud at Near Lad Chowk, Bengaluru Urban."
1135,101020024202601135,202601135,2024-10-02,1001,24,1,2,1,1,2,3,2024-10-02 10:42:00,2024-10-02 10:42:00,2024-10-02 10:42:00,15.3726,75.1322,"Reported incident of fraud at Near Dua, Hubballi-Dharwad."
1136,104430024202601136,202601136,2024-12-17,1004,24,1,1,1,2,3,1,2024-12-17 06:08:00,2024-12-17 06:08:00,2024-12-17 06:08:00,12.8799,77.559,"Reported incident of robbery at Near Nagi Circle, Bengaluru Urban. Suspect vehicle noticed with plate KA-47-P-4217."
1137,101020024202601137,202601137,2024-10-09,1001,24,1,2,1,1,1,3,2024-10-09 09:14:00,2024-10-09 09:14:00,2024-10-09 09:14:00,13.4003,77.0834,"Reported incident of vehicle theft at Near Bakshi Ganj, Tumakuru. Suspect vehicle noticed with plate KA-10-KB-6190."
1138,104430024202601138,202601138,2025-01-16,1003,24,1,1,2,4,1,1,2025-01-16 18:45:00,2025-01-16 18:45:00,2025-01-16 18:45:00,12.9863,77.5514,"Reported incident of assault at Near Golla Path, Bengaluru Urban."
1139,101020024202601139,202601139,2024-05-08,1001,24,1,1,1,2,1,3,2024-05-08 03:27:00,2024-05-08 03:27:00,2024-05-08 03:27:00,14.5223,75.8852,"Reported incident of robbery at Near Naik Path, Davangere. Suspect vehicle noticed with plate KA-20-M-7268."
1140,101020024202601140,202601140,2024-08-25,1001,24,1,1,1,2,2,3,2024-08-25 23:58:00,2024-08-25 23:58:00,2024-08-25 23:58:00,14.4921,75.8663,"Reported incident of robbery at Near Taneja, Davangere. Suspect vehicle noticed with plate KA-19-M-2628."
1141,101020024202601141,202601141,2024-08-13,1002,24,1,1,1,2,1,3,2024-08-13 09:47:00,2024-08-13 09:47:00,2024-08-13 09:47:00,16.1321,77.4257,"Reported incident of robbery at Near Bhattacharyya Zila, Raichur. Suspect vehicle noticed with plate KA-25-M-6333."
1142,101020024202601142,202601142,2024-09-22,1002,24,1,2,1,1,1,3,2024-09-22 13:19:00,2024-09-22 13:19:00,2024-09-22 13:19:00,15.8539,74.5328,"Reported incident of fraud at Near Johal Nagar, Belagavi."
1143,101020024202601143,202601143,2024-04-14,1003,24,1,2,1,1,1,3,2024-04-14 22:02:00,2024-04-14 22:02:00,2024-04-14 22:02:00,13.3731,74.6988,"Reported incident of property crime at Near Gill Marg, Udupi."
1144,101020024202601144,202601144,2025-04-01,1001,24,1,2,1,1,2,3,2025-04-01 13:19:00,2025-04-01 13:19:00,2025-04-01 13:19:00,13.2805,77.0677,"Reported incident of vehicle theft at Near Thaman Street, Tumakuru. Suspect vehicle noticed with plate KA-24-KB-9491."
1145,104430024202601145,202601145,2024-09-06,1004,24,1,2,1,1,1,1,2024-09-06 09:07:00,2024-09-06 09:07:00,2024-09-06 09:07:00,12.999,77.5534,"Reported incident of hit and run at Near Gour Chowk, Bengaluru Urban."
1146,104430024202601146,202601146,2025-03-17,1003,24,1,2,1,1,1,1,2025-03-17 12:22:00,2025-03-17 12:22:00,2025-03-17 12:22:00,12.8725,77.5443,"Reported incident of vehicle theft at Near Bora Ganj, Bengaluru Urban. Suspect vehicle noticed with plate KA-15-N-7728."
1147,104430024202601147,202601147,2024-02-23,1003,24,1,2,1,1,1,1,2024-02-23 14:09:00,2024-02-23 14:09:00,2024-02-23 14:09:00,12.9654,77.5508,"Reported incident of cybercrime at Near Kibe Nagar, Bengaluru Urban."
1148,101020024202601148,202601148,2025-03-07,1003,24,1,1,2,4,1,3,2025-03-07 14:17:00,2025-03-07 14:17:00,2025-03-07 14:17:00,14.5,75.9284,"Reported incident of assault at Near Parekh Road, Davangere."
1149,104430024202601149,202601149,2025-04-18,1003,24,1,2,1,1,1,1,2025-04-18 05:55:00,2025-04-18 05:55:00,2025-04-18 05:55:00,13.0061,77.6196,"Reported incident of drug offence at Near Khare Circle, Bengaluru Urban."
1150,101020024202601150,202601150,2024-10-12,1002,24,1,2,1,1,2,3,2024-10-12 20:55:00,2024-10-12 20:55:00,2024-10-12 20:55:00,13.9091,75.5399,"Reported incident of vehicle theft at Near Kadakia Circle, Shivamogga. Suspect vehicle noticed with plate KA-40-M-1172."
1151,101020024202601151,202601151,2024-10-09,1003,24,1,2,1,1,2,3,2024-10-09 02:32:00,2024-10-09 02:32:00,2024-10-09 02:32:00,17.268,76.8128,"Reported incident of vehicle theft at Near More Path, Kalaburagi. Suspect vehicle noticed with plate KA-48-M-9837."
1152,101020024202601152,202601152,2024-10-25,1001,24,1,2,1,1,2,3,2024-10-25 07:46:00,2024-10-25 07:46:00,2024-10-25 07:46:00,17.9309,77.5492,"Reported incident of hit and run at Near Bhargava Path, Bidar."
1153,101020024202601153,202601153,2024-11-13,1003,24,1,2,1,1,1,3,2024-11-13 08:13:00,2024-11-13 08:13:00,2024-11-13 08:13:00,13.9406,75.5384,"Reported incident of cybercrime at Near Date Road, Shivamogga."
1154,101020024202601154,202601154,2024-01-31,1003,24,1,2,1,3,1,3,2024-01-31 20:36:00,2024-01-31 20:36:00,2024-01-31 20:36:00,13.293,75.7773,"Reported incident of chain snatching at Near Bajwa Circle, Chikkamagaluru. Suspect vehicle noticed with plate KA-01-N-7658."
1155,104430024202601155,202601155,2024-06-18,1002,24,1,2,1,1,1,1,2024-06-18 07:22:00,2024-06-18 07:22:00,2024-06-18 07:22:00,12.9123,77.5869,"Reported incident of drug offence at Near Lala, Bengaluru Urban."
1156,104430024202601156,202601156,2024-03-24,1004,24,1,2,1,1,3,1,2024-03-24 02:30:00,2024-03-24 02:30:00,2024-03-24 02:30:00,12.9658,77.626,"Reported incident of burglary at Near Kar Ganj, Bengaluru Urban."
1157,104430024202601157,202601157,2024-01-22,1004,24,1,2,1,3,1,1,2024-01-22 23:06:00,2024-01-22 23:06:00,2024-01-22 23:06:00,12.9642,77.6569,"Reported incident of chain snatching at Near Sarraf Nagar, Bengaluru Urban. Suspect vehicle noticed with plate KA-01-KB-6691."
1158,101020024202601158,202601158,2024-12-06,1002,24,1,2,1,1,1,3,2024-12-06 13:02:00,2024-12-06 13:02:00,2024-12-06 13:02:00,13.3091,75.6933,"Reported incident of vehicle theft at Near Nazareth Road, Chikkamagaluru. Suspect vehicle noticed with plate KA-20-KA-9974."
1159,104430024202601159,202601159,2024-11-25,1002,24,1,2,1,1,2,1,2024-11-25 12:37:00,2024-11-25 12:37:00,2024-11-25 12:37:00,13.0197,77.5644,"Reported incident of eve teasing at Near Dixit Ganj, Bengaluru Urban."
1160,101020024202601160,202601160,2024-08-15,1001,24,1,2,1,1,1,3,2024-08-15 15:18:00,2024-08-15 15:18:00,2024-08-15 15:18:00,13.3594,74.7463,"Reported incident of property crime at Near Yohannan Marg, Udupi."
1161,101020024202601161,202601161,2025-05-23,1003,24,1,2,1,1,1,3,2025-05-23 07:20:00,2025-05-23 07:20:00,2025-05-23 07:20:00,16.7998,75.616,"Reported incident of vehicle theft at Near Kothari Nagar, Vijayapura. Suspect vehicle noticed with plate KA-45-A-3585."
1162,101020024202601162,202601162,2024-06-29,1003,24,1,2,1,1,1,3,2024-06-29 17:29:00,2024-06-29 17:29:00,2024-06-29 17:29:00,13.0671,76.1661,"Reported incident of murder at Near Chacko Path, Hassan."
1163,104430024202601163,202601163,2024-01-09,1003,24,1,2,1,1,2,1,2024-01-09 02:25:00,2024-01-09 02:25:00,2024-01-09 02:25:00,12.904,77.5857,"Reported incident of vehicle theft at Near Dara Marg, Bengaluru Urban. Suspect vehicle noticed with plate KA-37-KA-8993."
1164,104430024202601164,202601164,2024-04-17,1001,24,1,2,1,1,1,1,2024-04-17 02:35:00,2024-04-17 02:35:00,2024-04-17 02:35:00,12.9939,77.5542,"Reported incident of vehicle theft at Near Rajagopal Ganj, Bengaluru Urban. Suspect vehicle noticed with plate KA-38-KA-1913."
1165,104430024202601165,202601165,2024-09-26,1003,24,1,2,1,1,2,1,2024-09-26 08:26:00,2024-09-26 08:26:00,2024-09-26 08:26:00,12.9893,77.6272,"Reported incident of vehicle theft at Near Singh Road, Bengaluru Urban. Suspect vehicle noticed with plate KA-55-N-1275."
1166,101020024202601166,202601166,2024-12-25,1002,24,1,2,1,1,1,3,2024-12-25 19:22:00,2024-12-25 19:22:00,2024-12-25 19:22:00,12.9927,74.8411,"Reported incident of vehicle theft at Near Joshi Street, Mangaluru (Dakshina Kannada). Suspect vehicle noticed with plate KA-30-P-5322."
1167,101020024202601167,202601167,2024-06-11,1002,24,1,2,1,1,1,3,2024-06-11 22:19:00,2024-06-11 22:19:00,2024-06-11 22:19:00,12.3366,76.5464,"Reported incident of senior citizen crime at Near Tiwari Road, Mysuru."
1168,101020024202601168,202601168,2025-03-29,1002,24,1,2,1,1,1,3,2025-03-29 12:03:00,2025-03-29 12:03:00,2025-03-29 12:03:00,15.3027,76.2236,"Reported incident of eve teasing at Near Krish Zila, Koppal."
1169,104430024202601169,202601169,2025-03-20,1001,24,1,2,1,1,1,1,2025-03-20 02:19:00,2025-03-20 02:19:00,2025-03-20 02:19:00,12.9923,77.5419,"Reported incident of cybercrime at Near Deo Ganj, Bengaluru Urban."
1170,104430024202601170,202601170,2024-09-24,1002,24,1,2,1,1,1,1,2024-09-24 17:36:00,2024-09-24 17:36:00,2024-09-24 17:36:00,12.9852,77.5536,"Reported incident of cybercrime at Near Rana Chowk, Bengaluru Urban."
1171,101020024202601171,202601171,2025-01-18,1003,24,1,2,1,1,1,3,2025-01-18 06:50:00,2025-01-18 06:50:00,2025-01-18 06:50:00,13.9358,75.6255,"Reported incident of vehicle theft at Near Nayak Ganj, Shivamogga. Suspect vehicle noticed with plate KA-07-N-6005."
1172,101020024202601172,202601172,2025-02-14,1001,24,1,2,1,1,1,3,2025-02-14 12:11:00,2025-02-14 12:11:00,2025-02-14 12:11:00,15.3293,75.1862,"Reported incident of burglary at Near Mannan Ganj, Hubballi-Dharwad."
1173,104430024202601173,202601173,2024-03-04,1003,24,1,2,1,1,1,1,2024-03-04 18:21:00,2024-03-04 18:21:00,2024-03-04 18:21:00,12.9896,77.6167,"Reported incident of burglary at Near Anne, Bengaluru Urban."
1174,104430024202601174,202601174,2024-03-01,1003,24,1,2,1,1,1,1,2024-03-01 16:40:00,2024-03-01 16:40:00,2024-03-01 16:40:00,12.9742,77.6003,"Reported incident of fraud at Near Ravi Street, Bengaluru Urban."
1175,101020024202601175,202601175,2024-02-19,1003,24,1,2,1,3,1,3,2024-02-19 18:51:00,2024-02-19 18:51:00,2024-02-19 18:51:00,13.0548,76.0264,"Reported incident of chain snatching at Near Ramachandran Ganj, Hassan. Suspect vehicle noticed with plate KA-08-P-7805."
1176,101020024202601176,202601176,2024-12-22,1003,24,1,2,1,1,2,3,2024-12-22 06:07:00,2024-12-22 06:07:00,2024-12-22 06:07:00,16.2323,77.3719,"Reported incident of cybercrime at Near Deshmukh Path, Raichur."
1177,104430024202601177,202601177,2024-12-30,1003,24,1,2,1,1,1,1,2024-12-30 09:41:00,2024-12-30 09:41:00,2024-12-30 09:41:00,13.293,77.6778,"Reported incident of fraud at Near Gade Chowk, Bengaluru Rural."
1178,101020024202601178,202601178,2025-05-12,1003,24,1,2,1,1,1,3,2025-05-12 23:57:00,2025-05-12 23:57:00,2025-05-12 23:57:00,16.8843,75.6844,"Reported incident of fraud at Near Varma Nagar, Vijayapura."
1179,101020024202601179,202601179,2025-01-19,1001,24,1,2,1,1,1,3,2025-01-19 11:06:00,2025-01-19 11:06:00,2025-01-19 11:06:00,13.3883,77.0688,"Reported incident of eve teasing at Near Gandhi Nagar, Tumakuru."
1180,101020024202601180,202601180,2025-04-27,1003,24,1,2,1,1,1,3,2025-04-27 04:47:00,2025-04-27 04:47:00,2025-04-27 04:47:00,16.7902,75.6689,"Reported incident of vehicle theft at Near Verma, Vijayapura. Suspect vehicle noticed with plate KA-07-KA-4509."
1181,104430024202601181,202601181,2024-11-01,1001,24,1,1,1,2,1,1,2024-11-01 20:13:00,2024-11-01 20:13:00,2024-11-01 20:13:00,12.9851,77.5877,"Reported incident of robbery at Near Zachariah Circle, Bengaluru Urban. Suspect vehicle noticed with plate KA-29-KA-3236."
1182,104430024202601182,202601182,2024-10-05,1004,24,1,2,1,1,1,1,2024-10-05 13:20:00,2024-10-05 13:20:00,2024-10-05 13:20:00,13.0258,77.564,"Reported incident of burglary at Near Tata Circle, Bengaluru Urban."
1183,101020024202601183,202601183,2024-02-22,1004,24,1,2,1,3,2,3,2024-02-22 23:50:00,2024-02-22 23:50:00,2024-02-22 23:50:00,15.2102,76.8829,"Reported incident of chain snatching at Near D’Alia Zila, Ballari. Suspect vehicle noticed with plate KA-03-M-1402."
1184,101020024202601184,202601184,2024-11-06,1001,24,1,2,1,3,1,3,2024-11-06 17:15:00,2024-11-06 17:15:00,2024-11-06 17:15:00,17.9335,77.4763,"Reported incident of chain snatching at Near Parsa Ganj, Bidar. Suspect vehicle noticed with plate KA-48-KB-6397."
1185,101020024202601185,202601185,2025-02-16,1001,24,1,1,1,2,1,3,2025-02-16 06:35:00,2025-02-16 06:35:00,2025-02-16 06:35:00,13.2721,74.7708,"Reported incident of robbery at Near Dugar Ganj, Udupi. Suspect vehicle noticed with plate KA-40-KA-3847."
1186,104430024202601186,202601186,2024-12-28,1001,24,1,2,1,1,1,1,2024-12-28 16:44:00,2024-12-28 16:44:00,2024-12-28 16:44:00,12.9908,77.5288,"Reported incident of vehicle theft at Near Sama Marg, Bengaluru Urban. Suspect vehicle noticed with plate KA-35-KB-7646."
1187,101020024202601187,202601187,2024-01-17,1002,24,1,2,1,1,2,3,2024-01-17 22:47:00,2024-01-17 22:47:00,2024-01-17 22:47:00,13.0043,76.0954,"Reported incident of eve teasing at Near Tata Marg, Hassan."
1188,104430024202601188,202601188,2024-11-24,1001,24,1,1,1,2,1,1,2024-11-24 20:52:00,2024-11-24 20:52:00,2024-11-24 20:52:00,13.0322,77.5578,"Reported incident of robbery at Near Nigam Marg, Bengaluru Urban. Suspect vehicle noticed with plate KA-51-KA-6697."
1189,104430024202601189,202601189,2025-03-03,1003,24,1,1,1,2,1,1,2025-03-03 19:15:00,2025-03-03 19:15:00,2025-03-03 19:15:00,12.959,77.5916,"Reported incident of robbery at Near Pai Road, Bengaluru Urban. Suspect vehicle noticed with plate KA-23-P-6386."
1190,104430024202601190,202601190,2024-10-03,1004,24,1,2,1,3,1,1,2024-10-03 13:18:00,2024-10-03 13:18:00,2024-10-03 13:18:00,13.0172,77.5559,"Reported incident of chain snatching at Near Prabhakar Path, Bengaluru Urban. Suspect vehicle noticed with plate KA-36-N-7990."
1191,101020024202601191,202601191,2024-12-27,1001,24,1,2,1,3,1,3,2024-12-27 16:09:00,2024-12-27 16:09:00,2024-12-27 16:09:00,13.3172,75.7543,"Reported incident of chain snatching at Near Vora Circle, Chikkamagaluru. Suspect vehicle noticed with plate KA-05-M-1355."
1192,104430024202601192,202601192,2024-11-24,1004,24,1,2,1,1,1,1,2024-11-24 10:46:00,2024-11-24 10:46:00,2024-11-24 10:46:00,13.0114,77.5914,"Reported incident of vehicle theft at Near Sood Ganj, Bengaluru Urban. Suspect vehicle noticed with plate KA-41-P-4674."
1193,101020024202601193,202601193,2024-10-11,1003,24,1,2,1,3,1,3,2024-10-11 03:55:00,2024-10-11 03:55:00,2024-10-11 03:55:00,14.5,75.8807,"Reported incident of chain snatching at Near Bedi Nagar, Davangere. Suspect vehicle noticed with plate KA-46-M-6141."
1194,101020024202601194,202601194,2025-04-24,1004,24,1,2,1,1,1,3,2025-04-24 09:45:00,2025-04-24 09:45:00,2025-04-24 09:45:00,17.385,76.9014,"Reported incident of vehicle theft at Near Lad Circle, Kalaburagi. Suspect vehicle noticed with plate KA-37-KB-6170."
1195,101020024202601195,202601195,2025-03-19,1004,24,1,2,1,3,1,3,2025-03-19 09:59:00,2025-03-19 09:59:00,2025-03-19 09:59:00,13.3834,74.6806,"Reported incident of chain snatching at Near Raman Circle, Udupi. Suspect vehicle noticed with plate KA-16-KB-3786."
1196,101020024202601196,202601196,2024-10-04,1001,24,1,2,1,3,1,3,2024-10-04 08:01:00,2024-10-04 08:01:00,2024-10-04 08:01:00,16.2516,77.3553,"Reported incident of chain snatching at Near Palan, Raichur. Suspect vehicle noticed with plate KA-40-M-9660."
1197,101020024202601197,202601197,2024-06-26,1004,24,1,2,1,1,2,3,2024-06-26 04:26:00,2024-06-26 04:26:00,2024-06-26 04:26:00,12.5846,76.8935,"Reported incident of vehicle theft at Near Saran Street, Mandya. Suspect vehicle noticed with plate KA-13-B-1311."
1198,101020024202601198,202601198,2024-10-24,1004,24,1,2,1,1,1,3,2024-10-24 04:53:00,2024-10-24 04:53:00,2024-10-24 04:53:00,14.5025,75.9002,"Reported incident of vehicle theft at Near Balakrishnan Circle, Davangere. Suspect vehicle noticed with plate KA-12-M-2565."
1199,104430024202601199,202601199,2025-03-13,1002,24,1,2,1,1,1,1,2025-03-13 07:48:00,2025-03-13 07:48:00,2025-03-13 07:48:00,13.025,77.5532,"Reported incident of hit and run at Near Wadhwa Street, Bengaluru Urban."
1200,104430024202601200,202601200,2025-02-08,1003,24,1,2,1,1,1,1,2025-02-08 14:57:00,2025-02-08 14:57:00,2025-02-08 14:57:00,13.301,77.6581,"Reported incident of burglary at Near Acharya Street, Bengaluru Rural."
1201,101020024202601201,202601201,2024-11-03,1002,24,1,1,1,2,1,3,2024-11-03 01:13:00,2024-11-03 01:13:00,2024-11-03 01:13:00,12.4817,76.9239,"Reported incident of robbery at Near Mohan Marg, Mandya. Suspect vehicle noticed with plate KA-27-A-9266."
1202,101020024202601202,202601202,2024-03-24,1003,24,1,1,2,4,3,3,2024-03-24 18:57:00,2024-03-24 18:57:00,2024-03-24 18:57:00,15.8179,74.5254,"Reported incident of assault at Near Wadhwa Zila, Belagavi."
1203,101020024202601203,202601203,2025-04-08,1003,24,1,2,1,1,1,3,2025-04-08 05:22:00,2025-04-08 05:22:00,2025-04-08 05:22:00,15.288,76.1378,"Reported incident of property crime at Near Sane Ganj, Koppal."
1204,104430024202601204,202601204,2025-05-27,1001,24,1,2,1,1,1,1,2025-05-27 13:06:00,2025-05-27 13:06:00,2025-05-27 13:06:00,13.0093,77.5715,"Reported incident of vehicle theft at Near Reddy, Bengaluru Urban. Suspect vehicle noticed with plate KA-19-N-4202."
1205,104430024202601205,202601205,2025-02-19,1004,24,1,2,1,1,1,1,2025-02-19 14:48:00,2025-02-19 14:48:00,2025-02-19 14:48:00,13.2769,77.6342,"Reported incident of vehicle theft at Near Rau Circle, Bengaluru Rural. Suspect vehicle noticed with plate KA-35-B-9847."
1206,104430024202601206,202601206,2025-04-21,1001,24,1,2,1,1,1,1,2025-04-21 14:22:00,2025-04-21 14:22:00,2025-04-21 14:22:00,12.9141,77.5723,"Reported incident of drug offence at Near Ghosh Ganj, Bengaluru Urban."
1207,101020024202601207,202601207,2024-12-19,1001,24,1,2,1,1,1,3,2024-12-19 18:26:00,2024-12-19 18:26:00,2024-12-19 18:26:00,16.7988,75.6617,"Reported incident of vehicle theft at Near Krish Street, Vijayapura. Suspect vehicle noticed with plate KA-13-B-6987."
1208,101020024202601208,202601208,2025-04-01,1004,24,1,2,1,1,1,3,2025-04-01 14:33:00,2025-04-01 14:33:00,2025-04-01 14:33:00,15.2859,76.1086,"Reported incident of burglary at Near Pillai Street, Koppal."
1209,104430024202601209,202601209,2024-01-12,1002,24,1,2,1,1,1,1,2024-01-12 06:30:00,2024-01-12 06:30:00,2024-01-12 06:30:00,13.2944,77.5534,"Reported incident of fraud at Near Dass Nagar, Bengaluru Rural."
1210,101020024202601210,202601210,2024-12-19,1001,24,1,2,1,1,2,3,2024-12-19 09:25:00,2024-12-19 09:25:00,2024-12-19 09:25:00,14.4903,75.9591,"Reported incident of fraud at Near Barad Circle, Davangere."
1211,101020024202601211,202601211,2025-02-14,1003,24,1,2,1,3,2,3,2025-02-14 00:38:00,2025-02-14 00:38:00,2025-02-14 00:38:00,17.9645,77.4705,"Reported incident of chain snatching at Near Bobal Ganj, Bidar. Suspect vehicle noticed with plate KA-37-B-3449."
1212,101020024202601212,202601212,2024-02-16,1003,24,1,2,1,1,2,3,2024-02-16 00:39:00,2024-02-16 00:39:00,2024-02-16 00:39:00,16.1623,77.427,"Reported incident of senior citizen crime at Near Dora Ganj, Raichur."
1213,101020024202601213,202601213,2024-10-26,1004,24,1,2,1,1,1,3,2024-10-26 16:41:00,2024-10-26 16:41:00,2024-10-26 16:41:00,13.0766,78.0632,"Reported incident of vehicle theft at Near Kohli Street, Kolar. Suspect vehicle noticed with plate KA-01-M-7174."
1214,104430024202601214,202601214,2024-03-09,1004,24,1,2,1,1,1,1,2024-03-09 00:44:00,2024-03-09 00:44:00,2024-03-09 00:44:00,12.8889,77.5836,"Reported incident of burglary at Near Bali Zila, Bengaluru Urban."
1215,101020024202601215,202601215,2024-12-13,1002,24,1,2,1,3,2,3,2024-12-13 21:24:00,2024-12-13 21:24:00,2024-12-13 21:24:00,13.0737,76.0343,"Reported incident of chain snatching at Near Ramaswamy Road, Hassan. Suspect vehicle noticed with plate KA-44-A-7085."
1216,101020024202601216,202601216,2024-05-24,1002,24,1,2,1,3,3,3,2024-05-24 16:40:00,2024-05-24 16:40:00,2024-05-24 16:40:00,13.0629,76.0652,"Reported incident of chain snatching at Near Sundaram Zila, Hassan. Suspect vehicle noticed with plate KA-50-B-5585."
1217,104430024202601217,202601217,2025-02-16,1002,24,1,1,1,2,2,1,2025-02-16 07:39:00,2025-02-16 07:39:00,2025-02-16 07:39:00,13.1866,77.6132,"Reported incident of robbery at Near Dixit Street, Bengaluru Rural. Suspect vehicle noticed with plate KA-46-B-8660."
1218,104430024202601218,202601218,2024-05-12,1001,24,1,2,1,1,1,1,2024-05-12 06:09:00,2024-05-12 06:09:00,2024-05-12 06:09:00,13.0295,77.5526,"Reported incident of burglary at Near Ahuja Nagar, Bengaluru Urban."
1219,104430024202601219,202601219,2024-01-12,1004,24,1,2,1,1,3,1,2024-01-12 06:07:00,2024-01-12 06:07:00,2024-01-12 06:07:00,12.8794,77.5937,"Reported incident of cybercrime at Near Choudhury Zila, Bengaluru Urban."
1220,101020024202601220,202601220,2025-01-24,1002,24,1,2,1,1,1,3,2025-01-24 22:56:00,2025-01-24 22:56:00,2025-01-24 22:56:00,13.1972,78.0395,"Reported incident of hit and run at Near Nair Road, Kolar."
1221,101020024202601221,202601221,2024-07-28,1003,24,1,2,1,1,1,3,2024-07-28 02:02:00,2024-07-28 02:02:00,2024-07-28 02:02:00,13.3024,75.7398,"Reported incident of hit and run at Near Gill Nagar, Chikkamagaluru."
1222,101020024202601222,202601222,2024-06-22,1002,24,1,2,1,1,1,3,2024-06-22 00:18:00,2024-06-22 00:18:00,2024-06-22 00:18:00,15.092,76.8815,"Reported incident of fraud at Near Butala Marg, Ballari."
1223,101020024202601223,202601223,2025-02-20,1004,24,1,2,1,1,3,3,2025-02-20 13:32:00,2025-02-20 13:32:00,2025-02-20 13:32:00,15.3071,75.0601,"Reported incident of kidnapping at Near Gara Marg, Hubballi-Dharwad."
1224,104430024202601224,202601224,2024-03-16,1004,24,1,2,1,1,1,1,2024-03-16 04:43:00,2024-03-16 04:43:00,2024-03-16 04:43:00,12.9854,77.5982,"Reported incident of hit and run at Near Balakrishnan Path, Bengaluru Urban."
1225,101020024202601225,202601225,2025-03-04,1003,24,1,2,1,1,1,3,2025-03-04 02:05:00,2025-03-04 02:05:00,2025-03-04 02:05:00,12.8647,74.8667,"Reported incident of fraud at Near Sarma Street, Mangaluru (Dakshina Kannada)."
1226,104430024202601226,202601226,2024-11-15,1004,24,1,2,1,1,1,1,2024-11-15 18:32:00,2024-11-15 18:32:00,2024-11-15 18:32:00,12.9171,77.5545,"Reported incident of murder at Near Mannan Street, Bengaluru Urban."
1227,104430024202601227,202601227,2025-04-07,1001,24,1,2,1,1,1,1,2025-04-07 12:05:00,2025-04-07 12:05:00,2025-04-07 12:05:00,12.9603,77.5704,"Reported incident of fraud at Near Master Chowk, Bengaluru Urban."
1228,101020024202601228,202601228,2025-04-06,1004,24,1,2,1,1,1,3,2025-04-06 09:29:00,2025-04-06 09:29:00,2025-04-06 09:29:00,13.2953,75.6833,"Reported incident of cybercrime at Near Kannan Marg, Chikkamagaluru."
1229,101020024202601229,202601229,2025-01-30,1004,24,1,2,1,1,1,3,2025-01-30 10:41:00,2025-01-30 10:41:00,2025-01-30 10:41:00,15.2047,76.8888,"Reported incident of drug offence at Near Sankaran Path, Ballari."
1230,101020024202601230,202601230,2024-07-31,1004,24,1,1,2,4,1,3,2024-07-31 19:45:00,2024-07-31 19:45:00,2024-07-31 19:45:00,15.2606,76.1197,"Reported incident of assault at Near Cherian Circle, Koppal."
1231,104430024202601231,202601231,2025-02-10,1002,24,1,2,1,1,2,1,2025-02-10 21:11:00,2025-02-10 21:11:00,2025-02-10 21:11:00,13.0218,77.53,"Reported incident of eve teasing at Near Brar Road, Bengaluru Urban."
1232,101020024202601232,202601232,2024-04-10,1004,24,1,2,1,1,2,3,2024-04-10 01:34:00,2024-04-10 01:34:00,2024-04-10 01:34:00,13.0785,76.0276,"Reported incident of drug offence at Near Ranganathan Circle, Hassan."
1233,104430024202601233,202601233,2024-11-18,1002,24,1,2,1,1,1,1,2024-11-18 09:33:00,2024-11-18 09:33:00,2024-11-18 09:33:00,12.9851,77.5641,"Reported incident of eve teasing at Near Nigam Ganj, Bengaluru Urban."
1234,101020024202601234,202601234,2024-09-18,1004,24,1,2,1,1,1,3,2024-09-18 08:05:00,2024-09-18 08:05:00,2024-09-18 08:05:00,15.2961,75.1841,"Reported incident of senior citizen crime at Near Bhargava Chowk, Hubballi-Dharwad."
1235,104430024202601235,202601235,2024-09-27,1002,24,1,2,1,1,1,1,2024-09-27 06:11:00,2024-09-27 06:11:00,2024-09-27 06:11:00,13.2287,77.5284,"Reported incident of hit and run at Near Menon Circle, Bengaluru Rural."
1236,101020024202601236,202601236,2025-04-06,1002,24,1,2,1,1,3,3,2025-04-06 01:57:00,2025-04-06 01:57:00,2025-04-06 01:57:00,12.486,76.9337,"Reported incident of fraud at Near Bhakta Zila, Mandya."
1237,101020024202601237,202601237,2025-03-22,1002,24,1,2,1,1,3,3,2025-03-22 10:14:00,2025-03-22 10:14:00,2025-03-22 10:14:00,12.4904,76.9453,"Reported incident of domestic violence at Near Dayal Road, Mandya."
1238,104430024202601238,202601238,2024-10-04,1004,24,1,2,1,1,1,1,2024-10-04 11:36:00,2024-10-04 11:36:00,2024-10-04 11:36:00,12.8824,77.5543,"Reported incident of vehicle theft at Near Reddy Circle, Bengaluru Urban. Suspect vehicle noticed with plate KA-26-A-3055."
1239,104430024202601239,202601239,2024-08-07,1002,24,1,2,1,1,1,1,2024-08-07 17:29:00,2024-08-07 17:29:00,2024-08-07 17:29:00,12.9742,77.5975,"Reported incident of fraud at Near Jayaraman Circle, Bengaluru Urban."
1240,101020024202601240,202601240,2024-03-09,1004,24,1,2,1,1,1,3,2024-03-09 09:49:00,2024-03-09 09:49:00,2024-03-09 09:49:00,13.2911,75.7534,"Reported incident of cybercrime at Near Prasad Path, Chikkamagaluru."
1241,104430024202601241,202601241,2025-01-13,1004,24,1,2,1,1,1,1,2025-01-13 10:13:00,2025-01-13 10:13:00,2025-01-13 10:13:00,13.0282,77.5962,"Reported incident of vehicle theft at Near Butala Circle, Bengaluru Urban. Suspect vehicle noticed with plate KA-30-KA-9475."
1242,101020024202601242,202601242,2024-02-06,1004,24,1,2,1,1,1,3,2024-02-06 17:51:00,2024-02-06 17:51:00,2024-02-06 17:51:00,15.2714,75.1798,"Reported incident of fraud at Near Sehgal Ganj, Hubballi-Dharwad."
1243,101020024202601243,202601243,2024-06-25,1002,24,1,2,1,1,1,3,2024-06-25 14:37:00,2024-06-25 14:37:00,2024-06-25 14:37:00,15.2171,76.8921,"Reported incident of fraud at Near Banerjee Marg, Ballari."
1244,104430024202601244,202601244,2024-11-16,1002,24,1,2,1,1,3,1,2024-11-16 03:09:00,2024-11-16 03:09:00,2024-11-16 03:09:00,13.0226,77.5693,"Reported incident of domestic violence at Near Behl Chowk, Bengaluru Urban."
1245,101020024202601245,202601245,2024-12-17,1004,24,1,2,1,1,1,3,2024-12-17 22:37:00,2024-12-17 22:37:00,2024-12-17 22:37:00,17.8864,77.553,"Reported incident of hit and run at Near Comar Road, Bidar."
1246,104430024202601246,202601246,2024-09-12,1004,24,1,2,1,3,2,1,2024-09-12 16:51:00,2024-09-12 16:51:00,2024-09-12 16:51:00,13.025,77.5712,"Reported incident of chain snatching at Near Sridhar Chowk, Bengaluru Urban. Suspect vehicle noticed with plate KA-30-M-6952."
1247,101020024202601247,202601247,2025-03-15,1004,24,1,2,1,1,1,3,2025-03-15 00:19:00,2025-03-15 00:19:00,2025-03-15 00:19:00,17.3454,76.7785,"Reported incident of vehicle theft at Near Chaudhry Nagar, Kalaburagi. Suspect vehicle noticed with plate KA-47-B-2192."
1248,101020024202601248,202601248,2024-09-20,1002,24,1,2,1,1,1,3,2024-09-20 00:32:00,2024-09-20 00:32:00,2024-09-20 00:32:00,15.1811,76.8871,"Reported incident of fraud at Near Natarajan Zila, Ballari."
1249,104430024202601249,202601249,2024-06-22,1001,24,1,1,2,4,2,1,2024-06-22 00:18:00,2024-06-22 00:18:00,2024-06-22 00:18:00,13.0121,77.5428,"Reported incident of assault at Near Balan Path, Bengaluru Urban."
1250,104430024202601250,202601250,2024-11-09,1002,24,1,2,1,1,1,1,2024-11-09 02:18:00,2024-11-09 02:18:00,2024-11-09 02:18:00,13.0053,77.5287,"Reported incident of fraud at Near Wagle Road, Bengaluru Urban."
1251,101020024202601251,202601251,2024-06-28,1004,24,1,1,2,4,1,3,2024-06-28 19:45:00,2024-06-28 19:45:00,2024-06-28 19:45:00,14.4976,75.9433,"Reported incident of assault at Near Bhavsar Ganj, Davangere."
1252,104430024202601252,202601252,2024-07-02,1001,24,1,2,1,1,1,1,2024-07-02 17:53:00,2024-07-02 17:53:00,2024-07-02 17:53:00,13.0006,77.6257,"Reported incident of burglary at Near Mittal Marg, Bengaluru Urban."
1253,101020024202601253,202601253,2025-01-12,1003,24,1,1,1,2,1,3,2025-01-12 04:43:00,2025-01-12 04:43:00,2025-01-12 04:43:00,15.3172,75.104,"Reported incident of robbery at Near Khosla Zila, Hubballi-Dharwad. Suspect vehicle noticed with plate KA-40-P-8796."
1254,104430024202601254,202601254,2025-01-29,1001,24,1,2,1,1,2,1,2025-01-29 19:37:00,2025-01-29 19:37:00,2025-01-29 19:37:00,12.9846,77.5338,"Reported incident of property crime at Near Ramaswamy Path, Bengaluru Urban."
1255,101020024202601255,202601255,2024-05-13,1004,24,1,2,1,1,1,3,2024-05-13 08:48:00,2024-05-13 08:48:00,2024-05-13 08:48:00,13.3914,77.0843,"Reported incident of fraud at Near Dhawan, Tumakuru."
1256,101020024202601256,202601256,2024-02-05,1002,24,1,1,2,4,1,3,2024-02-05 23:18:00,2024-02-05 23:18:00,2024-02-05 23:18:00,15.3604,75.0717,"Reported incident of assault at Near Chakraborty Nagar, Hubballi-Dharwad."
1257,104430024202601257,202601257,2024-10-15,1001,24,1,2,1,1,2,1,2024-10-15 21:42:00,2024-10-15 21:42:00,2024-10-15 21:42:00,12.9865,77.5191,"Reported incident of vehicle theft at Near Pau Circle, Bengaluru Urban. Suspect vehicle noticed with plate KA-49-B-7124."
1258,101020024202601258,202601258,2024-01-06,1003,24,1,1,2,4,1,3,2024-01-06 03:42:00,2024-01-06 03:42:00,2024-01-06 03:42:00,17.3871,76.776,"Reported incident of assault at Near Datta Road, Kalaburagi."
1259,101020024202601259,202601259,2024-02-27,1001,24,1,1,1,2,1,3,2024-02-27 22:17:00,2024-02-27 22:17:00,2024-02-27 22:17:00,12.8823,74.8426,"Reported incident of robbery at Near Varty Road, Mangaluru (Dakshina Kannada). Suspect vehicle noticed with plate KA-15-N-3853."
1260,101020024202601260,202601260,2024-04-06,1003,24,1,1,1,2,3,3,2024-04-06 01:22:00,2024-04-06 01:22:00,2024-04-06 01:22:00,12.8647,74.8385,"Reported incident of robbery at Near Jhaveri Circle, Mangaluru (Dakshina Kannada). Suspect vehicle noticed with plate KA-34-KA-2828."
1261,101020024202601261,202601261,2024-05-07,1001,24,1,2,1,1,1,3,2024-05-07 01:02:00,2024-05-07 01:02:00,2024-05-07 01:02:00,17.3817,76.8723,"Reported incident of burglary at Near Sangha Path, Kalaburagi."
1262,101020024202601262,202601262,2024-08-08,1003,24,1,1,2,4,1,3,2024-08-08 14:37:00,2024-08-08 14:37:00,2024-08-08 14:37:00,13.3262,75.6936,"Reported incident of assault at Near Trivedi Circle, Chikkamagaluru."
1263,101020024202601263,202601263,2024-05-15,1004,24,1,1,1,2,1,3,2024-05-15 12:17:00,2024-05-15 12:17:00,2024-05-15 12:17:00,12.9491,76.1724,"Reported incident of robbery at Near Mahal Street, Hassan. Suspect vehicle noticed with plate KA-09-M-9312."
1264,101020024202601264,202601264,2024-10-11,1002,24,1,2,1,1,2,3,2024-10-11 06:49:00,2024-10-11 06:49:00,2024-10-11 06:49:00,13.0382,76.0553,"Reported incident of eve teasing at Near Banik Path, Hassan."
1265,101020024202601265,202601265,2024-05-24,1004,24,1,2,1,1,1,3,2024-05-24 05:02:00,2024-05-24 05:02:00,2024-05-24 05:02:00,13.9925,75.6527,"Reported incident of vehicle theft at Near Loyal Nagar, Shivamogga. Suspect vehicle noticed with plate KA-39-M-3634."
1266,101020024202601266,202601266,2024-09-15,1003,24,1,2,1,1,3,3,2024-09-15 18:57:00,2024-09-15 18:57:00,2024-09-15 18:57:00,17.9034,77.4576,"Reported incident of cybercrime at Near Sarma Zila, Bidar."
1267,101020024202601267,202601267,2025-04-29,1002,24,1,2,1,1,1,3,2025-04-29 21:47:00,2025-04-29 21:47:00,2025-04-29 21:47:00,14.4749,75.8309,"Reported incident of property crime at Near Sule Marg, Davangere."
1268,101020024202601268,202601268,2025-04-29,1004,24,1,1,2,4,1,3,2025-04-29 22:13:00,2025-04-29 22:13:00,2025-04-29 22:13:00,12.8607,74.8577,"Reported incident of assault at Near Anne Circle, Mangaluru (Dakshina Kannada)."
1269,101020024202601269,202601269,2024-11-11,1001,24,1,2,1,1,1,3,2024-11-11 08:41:00,2024-11-11 08:41:00,2024-11-11 08:41:00,14.5363,75.9287,"Reported incident of vehicle theft at Near Varty Ganj, Davangere. Suspect vehicle noticed with plate KA-31-KA-8123."
1270,104430024202601270,202601270,2024-05-21,1004,24,1,2,1,1,1,1,2024-05-21 11:03:00,2024-05-21 11:03:00,2024-05-21 11:03:00,13.0055,77.6215,"Reported incident of domestic violence at Near Sama, Bengaluru Urban."
1271,101020024202601271,202601271,2025-04-01,1002,24,1,2,1,1,1,3,2025-04-01 12:09:00,2025-04-01 12:09:00,2025-04-01 12:09:00,15.1972,76.8492,"Reported incident of burglary at Near Varghese Chowk, Ballari."
1272,104430024202601272,202601272,2025-04-02,1001,24,1,1,1,2,1,1,2025-04-02 01:06:00,2025-04-02 01:06:00,2025-04-02 01:06:00,12.9757,77.6268,"Reported incident of robbery at Near Nayar Street, Bengaluru Urban. Suspect vehicle noticed with plate KA-45-M-8246."
1273,104430024202601273,202601273,2024-01-21,1001,24,1,2,1,1,1,1,2024-01-21 08:00:00,2024-01-21 08:00:00,2024-01-21 08:00:00,13.0367,77.5486,"Reported incident of burglary at Near Mannan Zila, Bengaluru Urban."
1274,101020024202601274,202601274,2024-08-27,1004,24,1,2,1,1,1,3,2024-08-27 16:17:00,2024-08-27 16:17:00,2024-08-27 16:17:00,15.3143,75.1911,"Reported incident of fraud at Near Devi Circle, Hubballi-Dharwad."
1275,104430024202601275,202601275,2024-10-06,1004,24,1,2,1,1,1,1,2024-10-06 06:27:00,2024-10-06 06:27:00,2024-10-06 06:27:00,13.0195,77.6066,"Reported incident of vehicle theft at Near Mital Street, Bengaluru Urban. Suspect vehicle noticed with plate KA-18-B-1138."
1276,101020024202601276,202601276,2024-06-10,1004,24,1,1,2,4,2,3,2024-06-10 15:56:00,2024-06-10 15:56:00,2024-06-10 15:56:00,13.9481,75.6653,"Reported incident of assault at Near Bajaj Circle, Shivamogga."
1277,104430024202601277,202601277,2025-03-25,1001,24,1,2,1,3,1,1,2025-03-25 17:49:00,2025-03-25 17:49:00,2025-03-25 17:49:00,12.9197,77.5671,"Reported incident of chain snatching at Near Dewan, Bengaluru Urban. Suspect vehicle noticed with plate KA-18-KB-3452."
1278,101020024202601278,202601278,2024-06-19,1002,24,1,2,1,1,1,3,2024-06-19 15:59:00,2024-06-19 15:59:00,2024-06-19 15:59:00,16.7734,75.6875,"Reported incident of drug offence at Near Kanda Nagar, Vijayapura."
1279,104430024202601279,202601279,2024-02-10,1003,24,1,2,1,1,1,1,2024-02-10 12:55:00,2024-02-10 12:55:00,2024-02-10 12:55:00,12.8668,77.5792,"Reported incident of vehicle theft at Near Shankar Street, Bengaluru Urban. Suspect vehicle noticed with plate KA-29-M-3870."
1280,104430024202601280,202601280,2024-10-24,1004,24,1,2,1,1,1,1,2024-10-24 09:37:00,2024-10-24 09:37:00,2024-10-24 09:37:00,12.979,77.6434,"Reported incident of burglary at Near Lala Ganj, Bengaluru Urban."
1281,101020024202601281,202601281,2025-04-14,1003,24,1,2,1,1,1,3,2025-04-14 18:41:00,2025-04-14 18:41:00,2025-04-14 18:41:00,16.8119,75.6658,"Reported incident of hit and run at Near Ramesh Marg, Vijayapura."
1282,104430024202601282,202601282,2025-05-25,1004,24,1,2,1,1,1,1,2025-05-25 16:43:00,2025-05-25 16:43:00,2025-05-25 16:43:00,12.9702,77.5928,"Reported incident of property crime at Near Warrior Chowk, Bengaluru Urban."
1283,101020024202601283,202601283,2024-12-18,1002,24,1,2,1,1,2,3,2024-12-18 15:53:00,2024-12-18 15:53:00,2024-12-18 15:53:00,15.748,74.4694,"Reported incident of cybercrime at Near Rastogi Marg, Belagavi."
1284,101020024202601284,202601284,2024-04-27,1001,24,1,2,1,1,1,3,2024-04-27 04:58:00,2024-04-27 04:58:00,2024-04-27 04:58:00,15.8019,74.5333,"Reported incident of drug offence at Near Parmer Circle, Belagavi."
1285,104430024202601285,202601285,2024-04-06,1004,24,1,1,1,2,1,1,2024-04-06 03:57:00,2024-04-06 03:57:00,2024-04-06 03:57:00,12.9959,77.6161,"Reported incident of robbery at Near Raman Nagar, Bengaluru Urban. Suspect vehicle noticed with plate KA-39-B-5287."
1286,104430024202601286,202601286,2025-01-19,1001,24,1,2,1,1,2,1,2025-01-19 01:59:00,2025-01-19 01:59:00,2025-01-19 01:59:00,13.0263,77.5664,"Reported incident of cybercrime at Near Sandal Nagar, Bengaluru Urban."
1287,101020024202601287,202601287,2024-12-03,1004,24,1,1,1,2,1,3,2024-12-03 04:07:00,2024-12-03 04:07:00,2024-12-03 04:07:00,15.8788,74.4319,"Reported incident of robbery at Near Lalla Ganj, Belagavi. Suspect vehicle noticed with plate KA-23-A-9173."
1288,101020024202601288,202601288,2025-03-22,1003,24,1,2,1,1,1,3,2025-03-22 09:06:00,2025-03-22 09:06:00,2025-03-22 09:06:00,12.2816,76.6213,"Reported incident of burglary at Near Banik Marg, Mysuru."
1289,101020024202601289,202601289,2024-11-16,1003,24,1,2,1,3,1,3,2024-11-16 06:56:00,2024-11-16 06:56:00,2024-11-16 06:56:00,15.0712,76.93,"Reported incident of chain snatching at Near Tripathi Circle, Ballari. Suspect vehicle noticed with plate KA-38-B-2250."
1290,101020024202601290,202601290,2025-02-07,1003,24,1,1,1,2,1,3,2025-02-07 13:58:00,2025-02-07 13:58:00,2025-02-07 13:58:00,13.0042,76.1358,"Reported incident of robbery at Near Nagarajan Marg, Hassan. Suspect vehicle noticed with plate KA-30-A-7115."
1291,104430024202601291,202601291,2024-12-16,1003,24,1,2,1,3,1,1,2024-12-16 16:43:00,2024-12-16 16:43:00,2024-12-16 16:43:00,13.2835,77.5225,"Reported incident of chain snatching at Near Kar Zila, Bengaluru Rural. Suspect vehicle noticed with plate KA-38-KA-8064."
1292,101020024202601292,202601292,2024-11-02,1004,24,1,1,1,2,1,3,2024-11-02 12:06:00,2024-11-02 12:06:00,2024-11-02 12:06:00,15.8435,74.5107,"Reported incident of robbery at Near Maharaj Nagar, Belagavi. Suspect vehicle noticed with plate KA-14-A-2876."
1293,101020024202601293,202601293,2025-01-06,1004,24,1,1,2,4,1,3,2025-01-06 19:05:00,2025-01-06 19:05:00,2025-01-06 19:05:00,15.8559,74.4559,"Reported incident of assault at Near Kashyap Path, Belagavi."
1294,104430024202601294,202601294,2024-06-17,1002,24,1,2,1,1,2,1,2024-06-17 02:09:00,2024-06-17 02:09:00,2024-06-17 02:09:00,13.0356,77.5724,"Reported incident of drug offence at Near Prabhu Ganj, Bengaluru Urban."
1295,101020024202601295,202601295,2025-01-04,1003,24,1,1,2,4,1,3,2025-01-04 10:18:00,2025-01-04 10:18:00,2025-01-04 10:18:00,15.8526,74.5285,"Reported incident of assault at Near Bajaj Circle, Belagavi."
1296,104430024202601296,202601296,2024-11-18,1001,24,1,2,1,3,1,1,2024-11-18 18:54:00,2024-11-18 18:54:00,2024-11-18 18:54:00,13.0071,77.6355,"Reported incident of chain snatching at Near Panchal Marg, Bengaluru Urban. Suspect vehicle noticed with plate KA-18-M-4886."
1297,101020024202601297,202601297,2024-11-19,1002,24,1,2,1,1,1,3,2024-11-19 21:09:00,2024-11-19 21:09:00,2024-11-19 21:09:00,17.2357,76.835,"Reported incident of hit and run at Near Savant Marg, Kalaburagi."
1298,101020024202601298,202601298,2024-08-04,1003,24,1,1,1,2,2,3,2024-08-04 03:42:00,2024-08-04 03:42:00,2024-08-04 03:42:00,16.7813,75.651,"Reported incident of robbery at Near Krishnan Road, Vijayapura. Suspect vehicle noticed with plate KA-17-N-9813."
1299,101020024202601299,202601299,2024-03-25,1002,24,1,2,1,3,1,3,2024-03-25 23:53:00,2024-03-25 23:53:00,2024-03-25 23:53:00,15.3103,76.1569,"Reported incident of chain snatching at Near Kamdar Path, Koppal. Suspect vehicle noticed with plate KA-23-A-4331."
1300,101020024202601300,202601300,2024-11-08,1002,24,1,2,1,1,2,3,2024-11-08 09:07:00,2024-11-08 09:07:00,2024-11-08 09:07:00,15.8374,74.5066,"Reported incident of fraud at Near Barad, Belagavi."
1301,104430024202601301,202601301,2024-06-20,1002,24,1,2,1,1,2,1,2024-06-20 05:57:00,2024-06-20 05:57:00,2024-06-20 05:57:00,12.9904,77.5742,"Reported incident of burglary at Near Oak Ganj, Bengaluru Urban."
1302,104430024202601302,202601302,2025-04-17,1003,24,1,2,1,1,2,1,2025-04-17 09:56:00,2025-04-17 09:56:00,2025-04-17 09:56:00,12.9995,77.5576,"Reported incident of vehicle theft at Near Ben Nagar, Bengaluru Urban. Suspect vehicle noticed with plate KA-44-B-4485."
1303,101020024202601303,202601303,2024-01-09,1004,24,1,2,1,1,1,3,2024-01-09 07:06:00,2024-01-09 07:06:00,2024-01-09 07:06:00,17.2918,76.8401,"Reported incident of vehicle theft at Near Swaminathan Path, Kalaburagi. Suspect vehicle noticed with plate KA-24-B-2931."
1304,104430024202601304,202601304,2024-12-24,1002,24,1,2,1,3,3,1,2024-12-24 16:11:00,2024-12-24 16:11:00,2024-12-24 16:11:00,12.9234,77.5476,"Reported incident of chain snatching at Near Shetty Chowk, Bengaluru Urban. Suspect vehicle noticed with plate KA-16-A-1716."
1305,101020024202601305,202601305,2024-10-21,1004,24,1,2,1,1,1,3,2024-10-21 05:27:00,2024-10-21 05:27:00,2024-10-21 05:27:00,15.3217,76.1203,"Reported incident of vehicle theft at Near Basak Chowk, Koppal. Suspect vehicle noticed with plate KA-41-A-7506."
1306,101020024202601306,202601306,2024-10-01,1001,24,1,2,1,1,1,3,2024-10-01 17:57:00,2024-10-01 17:57:00,2024-10-01 17:57:00,13.8503,75.5251,"Reported incident of vehicle theft at Near Varty, Shivamogga. Suspect vehicle noticed with plate KA-04-B-1080."
1307,104430024202601307,202601307,2025-05-17,1003,24,1,2,1,3,1,1,2025-05-17 12:09:00,2025-05-17 12:09:00,2025-05-17 12:09:00,12.9647,77.6487,"Reported incident of chain snatching at Near Murty Circle, Bengaluru Urban. Suspect vehicle noticed with plate KA-14-KB-3783."
1308,101020024202601308,202601308,2024-02-28,1002,24,1,2,1,1,1,3,2024-02-28 12:30:00,2024-02-28 12:30:00,2024-02-28 12:30:00,13.1935,78.0731,"Reported incident of fraud at Near Pandit Street, Kolar."
1309,101020024202601309,202601309,2024-04-12,1002,24,1,2,1,1,1,3,2024-04-12 20:46:00,2024-04-12 20:46:00,2024-04-12 20:46:00,16.2068,77.3639,"Reported incident of vehicle theft at Near Nazareth Zila, Raichur. Suspect vehicle noticed with plate KA-45-M-6158."
1310,104430024202601310,202601310,2024-01-19,1004,24,1,2,1,1,1,1,2024-01-19 11:43:00,2024-01-19 11:43:00,2024-01-19 11:43:00,13.2506,77.532,"Reported incident of burglary at Near Sengupta Path, Bengaluru Rural."
1311,104430024202601311,202601311,2024-06-15,1001,24,1,2,1,1,1,1,2024-06-15 08:53:00,2024-06-15 08:53:00,2024-06-15 08:53:00,13.254,77.5518,"Reported incident of eve teasing at Near Basu Nagar, Bengaluru Rural."
1312,104430024202601312,202601312,2024-10-13,1003,24,1,2,1,1,2,1,2024-10-13 17:18:00,2024-10-13 17:18:00,2024-10-13 17:18:00,12.9206,77.5606,"Reported incident of vehicle theft at Near Sankaran Zila, Bengaluru Urban. Suspect vehicle noticed with plate KA-29-M-6133."
1313,104430024202601313,202601313,2024-04-28,1004,24,1,1,1,2,1,1,2024-04-28 06:40:00,2024-04-28 06:40:00,2024-04-28 06:40:00,13.0138,77.5183,"Reported incident of robbery at Near Kala Nagar, Bengaluru Urban. Suspect vehicle noticed with plate KA-24-N-8113."
1314,101020024202601314,202601314,2024-11-13,1004,24,1,2,1,1,2,3,2024-11-13 02:03:00,2024-11-13 02:03:00,2024-11-13 02:03:00,12.877,74.8789,"Reported incident of hit and run at Near Natt Nagar, Mangaluru (Dakshina Kannada)."
1315,101020024202601315,202601315,2025-03-11,1004,24,1,2,1,1,3,3,2025-03-11 23:02:00,2025-03-11 23:02:00,2025-03-11 23:02:00,16.2167,77.3753,"Reported incident of cybercrime at Near Bhakta Circle, Raichur."
1316,101020024202601316,202601316,2024-12-21,1004,24,1,2,1,3,1,3,2024-12-21 16:08:00,2024-12-21 16:08:00,2024-12-21 16:08:00,13.2809,75.733,"Reported incident of chain snatching at Near Purohit Street, Chikkamagaluru. Suspect vehicle noticed with plate KA-25-KA-1383."
1317,104430024202601317,202601317,2024-08-07,1002,24,1,2,1,3,1,1,2024-08-07 02:04:00,2024-08-07 02:04:00,2024-08-07 02:04:00,13.005,77.5585,"Reported incident of chain snatching at Near Kari, Bengaluru Urban. Suspect vehicle noticed with plate KA-21-KA-5340."
1318,101020024202601318,202601318,2024-12-01,1001,24,1,2,1,1,1,3,2024-12-01 21:46:00,2024-12-01 21:46:00,2024-12-01 21:46:00,16.7809,75.6983,"Reported incident of fraud at Near Mane Circle, Vijayapura."
1319,101020024202601319,202601319,2025-02-23,1003,24,1,1,2,4,1,3,2025-02-23 20:04:00,2025-02-23 20:04:00,2025-02-23 20:04:00,14.5283,75.9337,"Reported incident of assault at Near Dubey Chowk, Davangere."
1320,101020024202601320,202601320,2024-10-09,1003,24,1,2,1,1,2,3,2024-10-09 15:40:00,2024-10-09 15:40:00,2024-10-09 15:40:00,16.8243,75.7031,"Reported incident of vehicle theft at Near Parekh Chowk, Vijayapura. Suspect vehicle noticed with plate KA-26-KA-2385."
1321,101020024202601321,202601321,2024-11-06,1003,24,1,2,1,1,1,3,2024-11-06 11:24:00,2024-11-06 11:24:00,2024-11-06 11:24:00,18.0103,77.4584,"Reported incident of vehicle theft at Near Randhawa Marg, Bidar. Suspect vehicle noticed with plate KA-26-B-4775."
1322,101020024202601322,202601322,2024-01-06,1002,24,1,2,1,3,2,3,2024-01-06 15:27:00,2024-01-06 15:27:00,2024-01-06 15:27:00,13.974,75.6079,"Reported incident of chain snatching at Near Nagi Circle, Shivamogga. Suspect vehicle noticed with plate KA-27-KB-5469."
1323,104430024202601323,202601323,2025-04-15,1002,24,1,1,2,4,2,1,2025-04-15 13:32:00,2025-04-15 13:32:00,2025-04-15 13:32:00,13.0307,77.5806,"Reported incident of assault at Near Narula Circle, Bengaluru Urban."
1324,104430024202601324,202601324,2024-11-21,1004,24,1,2,1,1,1,1,2024-11-21 07:01:00,2024-11-21 07:01:00,2024-11-21 07:01:00,13.028,77.5394,"Reported incident of burglary at Near Raj Ganj, Bengaluru Urban."
1325,101020024202601325,202601325,2024-04-29,1004,24,1,2,1,1,1,3,2024-04-29 05:40:00,2024-04-29 05:40:00,2024-04-29 05:40:00,15.7847,74.5362,"Reported incident of vehicle theft at Near Parekh Chowk, Belagavi. Suspect vehicle noticed with plate KA-36-A-3205."
1326,104430024202601326,202601326,2025-03-30,1004,24,1,2,1,1,1,1,2025-03-30 17:48:00,2025-03-30 17:48:00,2025-03-30 17:48:00,13.0171,77.5242,"Reported incident of drug offence at Near Bhakta Path, Bengaluru Urban."
1327,104430024202601327,202601327,2025-03-22,1004,24,1,2,1,1,1,1,2025-03-22 18:41:00,2025-03-22 18:41:00,2025-03-22 18:41:00,13.2985,77.6382,"Reported incident of drug offence at Near Atwal Zila, Bengaluru Rural."
1328,101020024202601328,202601328,2024-10-09,1004,24,1,2,1,1,1,3,2024-10-09 11:19:00,2024-10-09 11:19:00,2024-10-09 11:19:00,13.2781,77.1017,"Reported incident of vehicle theft at Near Dalal Path, Tumakuru. Suspect vehicle noticed with plate KA-34-P-1826."
1329,101020024202601329,202601329,2024-11-15,1001,24,1,2,1,1,3,3,2024-11-15 06:43:00,2024-11-15 06:43:00,2024-11-15 06:43:00,17.9954,77.4844,"Reported incident of vehicle theft at Near Narayanan, Bidar. Suspect vehicle noticed with plate KA-21-KA-5864."
1330,101020024202601330,202601330,2024-03-17,1001,24,1,2,1,1,2,3,2024-03-17 12:13:00,2024-03-17 12:13:00,2024-03-17 12:13:00,17.3457,76.786,"Reported incident of fraud at Near Vaidya Chowk, Kalaburagi."
1331,101020024202601331,202601331,2024-03-03,1002,24,1,1,2,4,1,3,2024-03-03 17:17:00,2024-03-03 17:17:00,2024-03-03 17:17:00,15.811,74.5317,"Reported incident of assault at Near Johal Zila, Belagavi."
1332,104430024202601332,202601332,2025-03-14,1001,24,1,1,2,4,1,1,2025-03-14 07:27:00,2025-03-14 07:27:00,2025-03-14 07:27:00,12.9825,77.5448,"Reported incident of assault at Near Viswanathan Street, Bengaluru Urban."
1333,101020024202601333,202601333,2024-11-26,1001,24,1,2,1,1,1,3,2024-11-26 14:25:00,2024-11-26 14:25:00,2024-11-26 14:25:00,12.3216,76.5997,"Reported incident of fraud at Near Kata Street, Mysuru."
1334,101020024202601334,202601334,2024-11-13,1002,24,1,2,1,3,2,3,2024-11-13 19:13:00,2024-11-13 19:13:00,2024-11-13 19:13:00,13.9341,75.5328,"Reported incident of chain snatching at Near Modi Street, Shivamogga. Suspect vehicle noticed with plate KA-55-KA-2051."
1335,104430024202601335,202601335,2024-05-23,1001,24,1,2,1,1,1,1,2024-05-23 09:12:00,2024-05-23 09:12:00,2024-05-23 09:12:00,12.9748,77.5503,"Reported incident of hit and run at Near Chaudhary Nagar, Bengaluru Urban."
1336,101020024202601336,202601336,2024-09-03,1004,24,1,1,1,2,1,3,2024-09-03 15:41:00,2024-09-03 15:41:00,2024-09-03 15:41:00,12.9283,74.8362,"Reported incident of robbery at Near Varma Marg, Mangaluru (Dakshina Kannada). Suspect vehicle noticed with plate KA-14-P-1446."
1337,104430024202601337,202601337,2025-02-10,1003,24,1,2,1,1,1,1,2025-02-10 18:36:00,2025-02-10 18:36:00,2025-02-10 18:36:00,12.991,77.5875,"Reported incident of fraud at Near Atwal Circle, Bengaluru Urban."
1338,101020024202601338,202601338,2025-01-22,1004,24,1,2,1,3,1,3,2025-01-22 15:19:00,2025-01-22 15:19:00,2025-01-22 15:19:00,16.2546,77.3638,"Reported incident of chain snatching at Near Chadha Path, Raichur. Suspect vehicle noticed with plate KA-07-P-5549."
1339,104430024202601339,202601339,2024-01-06,1001,24,1,2,1,1,1,1,2024-01-06 00:47:00,2024-01-06 00:47:00,2024-01-06 00:47:00,12.9228,77.5809,"Reported incident of drug offence at Near Mander Nagar, Bengaluru Urban."
1340,104430024202601340,202601340,2024-10-25,1003,24,1,2,1,3,1,1,2024-10-25 00:30:00,2024-10-25 00:30:00,2024-10-25 00:30:00,13.0001,77.6493,"Reported incident of chain snatching at Near Cheema Street, Bengaluru Urban. Suspect vehicle noticed with plate KA-13-M-7911."
1341,101020024202601341,202601341,2024-11-23,1001,24,1,2,1,3,1,3,2024-11-23 05:25:00,2024-11-23 05:25:00,2024-11-23 05:25:00,13.098,76.1728,"Reported incident of chain snatching at Near Vaidya, Hassan. Suspect vehicle noticed with plate KA-27-P-1259."
1342,101020024202601342,202601342,2025-02-28,1001,24,1,2,1,1,1,3,2025-02-28 15:00:00,2025-02-28 15:00:00,2025-02-28 15:00:00,13.2901,74.7663,"Reported incident of cybercrime at Near Bal Street, Udupi."
1343,101020024202601343,202601343,2024-12-25,1002,24,1,2,1,1,1,3,2024-12-25 10:54:00,2024-12-25 10:54:00,2024-12-25 10:54:00,13.8719,75.5058,"Reported incident of vehicle theft at Near Vohra Marg, Shivamogga. Suspect vehicle noticed with plate KA-47-M-2808."
1344,101020024202601344,202601344,2024-12-22,1002,24,1,1,2,4,3,3,2024-12-22 14:16:00,2024-12-22 14:16:00,2024-12-22 14:16:00,13.212,78.0398,"Reported incident of assault at Near Narang Road, Kolar."
1345,104430024202601345,202601345,2024-04-03,1001,24,1,2,1,1,2,1,2024-04-03 19:59:00,2024-04-03 19:59:00,2024-04-03 19:59:00,13.0343,77.5421,"Reported incident of fraud at Near Chaudhry, Bengaluru Urban."
1346,101020024202601346,202601346,2024-11-09,1004,24,1,2,1,1,1,3,2024-11-09 22:46:00,2024-11-09 22:46:00,2024-11-09 22:46:00,12.859,74.8554,"Reported incident of drug offence at Near Sandal Road, Mangaluru (Dakshina Kannada)."
1347,104430024202601347,202601347,2024-07-14,1004,24,1,2,1,1,1,1,2024-07-14 15:32:00,2024-07-14 15:32:00,2024-07-14 15:32:00,13.0069,77.5962,"Reported incident of cybercrime at Near Mistry Path, Bengaluru Urban."
1348,104430024202601348,202601348,2024-10-04,1002,24,1,2,1,1,2,1,2024-10-04 10:23:00,2024-10-04 10:23:00,2024-10-04 10:23:00,13.016,77.5476,"Reported incident of kidnapping at Near Kari Path, Bengaluru Urban."
1349,104430024202601349,202601349,2024-09-28,1001,24,1,2,1,1,1,1,2024-09-28 06:57:00,2024-09-28 06:57:00,2024-09-28 06:57:00,12.9972,77.5799,"Reported incident of hit and run at Near Saxena Street, Bengaluru Urban."
1350,101020024202601350,202601350,2025-04-11,1003,24,1,1,2,4,1,3,2025-04-11 16:50:00,2025-04-11 16:50:00,2025-04-11 16:50:00,17.891,77.4818,"Reported incident of assault at Near Lal Ganj, Bidar."
1351,101020024202601351,202601351,2024-05-13,1001,24,1,2,1,1,1,3,2024-05-13 21:10:00,2024-05-13 21:10:00,2024-05-13 21:10:00,13.3825,74.6694,"Reported incident of eve teasing at Near Ramesh Path, Udupi."
1352,104430024202601352,202601352,2025-03-02,1002,24,1,2,1,1,1,1,2025-03-02 11:09:00,2025-03-02 11:09:00,2025-03-02 11:09:00,13.007,77.5891,"Reported incident of fraud at Near Sachdev Road, Bengaluru Urban."
1353,101020024202601353,202601353,2024-12-21,1003,24,1,2,1,1,1,3,2024-12-21 22:46:00,2024-12-21 22:46:00,2024-12-21 22:46:00,13.2528,75.776,"Reported incident of burglary at Near Sachdev Path, Chikkamagaluru."
1354,101020024202601354,202601354,2024-03-11,1003,24,1,2,1,1,2,3,2024-03-11 11:55:00,2024-03-11 11:55:00,2024-03-11 11:55:00,15.3622,76.1976,"Reported incident of vehicle theft at Near Ratti, Koppal. Suspect vehicle noticed with plate KA-45-KB-2565."
1355,101020024202601355,202601355,2024-11-26,1003,24,1,2,1,1,1,3,2024-11-26 20:23:00,2024-11-26 20:23:00,2024-11-26 20:23:00,16.7775,75.7636,"Reported incident of fraud at Near Agrawal Circle, Vijayapura."
1356,101020024202601356,202601356,2024-12-05,1001,24,1,1,1,2,1,3,2024-12-05 15:26:00,2024-12-05 15:26:00,2024-12-05 15:26:00,12.3558,76.7103,"Reported incident of robbery at Near Sharma Nagar, Mysuru. Suspect vehicle noticed with plate KA-29-KA-1190."
1357,101020024202601357,202601357,2024-03-12,1002,24,1,1,2,4,1,3,2024-03-12 08:14:00,2024-03-12 08:14:00,2024-03-12 08:14:00,15.3096,75.1221,"Reported incident of assault at Near Shetty Marg, Hubballi-Dharwad."
1358,104430024202601358,202601358,2024-07-09,1003,24,1,2,1,1,1,1,2024-07-09 15:10:00,2024-07-09 15:10:00,2024-07-09 15:10:00,12.9892,77.5945,"Reported incident of burglary at Near Pau Street, Bengaluru Urban."
1359,101020024202601359,202601359,2024-11-12,1003,24,1,2,1,1,2,3,2024-11-12 05:45:00,2024-11-12 05:45:00,2024-11-12 05:45:00,17.3729,76.8051,"Reported incident of cybercrime at Near Subramaniam Chowk, Kalaburagi."
1360,101020024202601360,202601360,2024-12-07,1002,24,1,2,1,1,1,3,2024-12-07 10:26:00,2024-12-07 10:26:00,2024-12-07 10:26:00,16.8811,75.6681,"Reported incident of vehicle theft at Near Minhas Ganj, Vijayapura. Suspect vehicle noticed with plate KA-31-P-9712."
1361,104430024202601361,202601361,2024-04-11,1004,24,1,1,1,2,1,1,2024-04-11 05:28:00,2024-04-11 05:28:00,2024-04-11 05:28:00,13.0058,77.5895,"Reported incident of robbery at Near Date Nagar, Bengaluru Urban. Suspect vehicle noticed with plate KA-53-KA-5112."
1362,104430024202601362,202601362,2024-08-16,1003,24,1,1,2,4,1,1,2024-08-16 03:47:00,2024-08-16 03:47:00,2024-08-16 03:47:00,12.9781,77.5652,"Reported incident of assault at Near Majumdar Chowk, Bengaluru Urban."
1363,101020024202601363,202601363,2024-07-29,1004,24,1,2,1,1,1,3,2024-07-29 13:02:00,2024-07-29 13:02:00,2024-07-29 13:02:00,15.0906,76.9481,"Reported incident of hit and run at Near Raja Chowk, Ballari."
1364,101020024202601364,202601364,2024-03-14,1001,24,1,2,1,1,1,3,2024-03-14 21:16:00,2024-03-14 21:16:00,2024-03-14 21:16:00,15.1155,76.9416,"Reported incident of fraud at Near Cherian Street, Ballari."
1365,104430024202601365,202601365,2024-04-21,1004,24,1,2,1,1,1,1,2024-04-21 21:31:00,2024-04-21 21:31:00,2024-04-21 21:31:00,12.9793,77.5687,"Reported incident of vehicle theft at Near Iyer Circle, Bengaluru Urban. Suspect vehicle noticed with plate KA-39-B-9771."
1366,104430024202601366,202601366,2025-03-12,1001,24,1,1,2,4,1,1,2025-03-12 18:53:00,2025-03-12 18:53:00,2025-03-12 18:53:00,13.0132,77.578,"Reported incident of assault at Near Singh Road, Bengaluru Urban."
1367,101020024202601367,202601367,2024-12-21,1003,24,1,2,1,1,1,3,2024-12-21 02:38:00,2024-12-21 02:38:00,2024-12-21 02:38:00,13.0331,75.999,"Reported incident of burglary at Near Narula Path, Hassan."
1368,101020024202601368,202601368,2024-11-21,1001,24,1,2,1,1,1,3,2024-11-21 06:57:00,2024-11-21 06:57:00,2024-11-21 06:57:00,12.8762,74.8652,"Reported incident of vehicle theft at Near Khosla Zila, Mangaluru (Dakshina Kannada). Suspect vehicle noticed with plate KA-42-KA-2912."
1369,101020024202601369,202601369,2024-04-18,1002,24,1,2,1,1,1,3,2024-04-18 05:45:00,2024-04-18 05:45:00,2024-04-18 05:45:00,13.0018,76.1082,"Reported incident of burglary at Near Krishnamurthy Path, Hassan."
1370,101020024202601370,202601370,2024-07-16,1001,24,1,1,1,2,1,3,2024-07-16 04:10:00,2024-07-16 04:10:00,2024-07-16 04:10:00,17.3619,76.7589,"Reported incident of robbery at Near Kunda Ganj, Kalaburagi. Suspect vehicle noticed with plate KA-39-P-7886."
1371,104430024202601371,202601371,2025-05-06,1003,24,1,2,1,1,1,1,2025-05-06 08:56:00,2025-05-06 08:56:00,2025-05-06 08:56:00,12.9936,77.5196,"Reported incident of vehicle theft at Near Naidu Chowk, Bengaluru Urban. Suspect vehicle noticed with plate KA-21-KA-9370."
1372,104430024202601372,202601372,2024-11-27,1004,24,1,2,1,3,2,1,2024-11-27 13:46:00,2024-11-27 13:46:00,2024-11-27 13:46:00,12.9951,77.6544,"Reported incident of chain snatching at Near Arora Street, Bengaluru Urban. Suspect vehicle noticed with plate KA-06-A-7944."
1373,101020024202601373,202601373,2024-02-12,1001,24,1,2,1,1,1,3,2024-02-12 07:39:00,2024-02-12 07:39:00,2024-02-12 07:39:00,13.1066,76.1856,"Reported incident of fraud at Near Rau Zila, Hassan."
1374,104430024202601374,202601374,2024-04-30,1002,24,1,2,1,1,1,1,2024-04-30 04:46:00,2024-04-30 04:46:00,2024-04-30 04:46:00,13.0048,77.5593,"Reported incident of vehicle theft at Near Sachdev Ganj, Bengaluru Urban. Suspect vehicle noticed with plate KA-46-KA-2579."
1375,104430024202601375,202601375,2024-11-21,1002,24,1,2,1,1,1,1,2024-11-21 00:56:00,2024-11-21 00:56:00,2024-11-21 00:56:00,12.9685,77.5689,"Reported incident of vehicle theft at Near Naik Road, Bengaluru Urban. Suspect vehicle noticed with plate KA-11-M-7347."
1376,104430024202601376,202601376,2024-08-18,1003,24,1,2,1,3,1,1,2024-08-18 00:55:00,2024-08-18 00:55:00,2024-08-18 00:55:00,13.0059,77.6089,"Reported incident of chain snatching at Near Subramanian Street, Bengaluru Urban. Suspect vehicle noticed with plate KA-04-P-3750."
1377,104430024202601377,202601377,2024-11-21,1002,24,1,2,1,1,1,1,2024-11-21 09:17:00,2024-11-21 09:17:00,2024-11-21 09:17:00,12.9918,77.5917,"Reported incident of cybercrime at Near Bora Path, Bengaluru Urban."
1378,104430024202601378,202601378,2024-08-06,1003,24,1,2,1,1,2,1,2024-08-06 22:46:00,2024-08-06 22:46:00,2024-08-06 22:46:00,12.9034,77.5564,"Reported incident of hit and run at Near Lad, Bengaluru Urban."
1379,104430024202601379,202601379,2024-07-11,1002,24,1,2,1,1,1,1,2024-07-11 23:14:00,2024-07-11 23:14:00,2024-07-11 23:14:00,13.0005,77.6125,"Reported incident of kidnapping at Near Chaudhuri Zila, Bengaluru Urban."
1380,101020024202601380,202601380,2025-05-23,1004,24,1,2,1,1,1,3,2025-05-23 13:05:00,2025-05-23 13:05:00,2025-05-23 13:05:00,13.2469,75.7446,"Reported incident of cybercrime at Near Agarwal Marg, Chikkamagaluru."
1381,101020024202601381,202601381,2024-11-16,1004,24,1,2,1,3,1,3,2024-11-16 20:10:00,2024-11-16 20:10:00,2024-11-16 20:10:00,17.9823,77.4746,"Reported incident of chain snatching at Near Biswas Chowk, Bidar. Suspect vehicle noticed with plate KA-47-N-3401."
1382,104430024202601382,202601382,2024-11-16,1002,24,1,2,1,1,1,1,2024-11-16 00:26:00,2024-11-16 00:26:00,2024-11-16 00:26:00,12.9856,77.5971,"Reported incident of vehicle theft at Near Acharya Road, Bengaluru Urban. Suspect vehicle noticed with plate KA-01-KA-2431."
1383,101020024202601383,202601383,2024-08-16,1002,24,1,2,1,1,1,3,2024-08-16 18:37:00,2024-08-16 18:37:00,2024-08-16 18:37:00,16.1396,77.384,"Reported incident of burglary at Near Edwin Marg, Raichur."
1384,101020024202601384,202601384,2025-05-29,1004,24,1,1,2,4,3,3,2025-05-29 15:20:00,2025-05-29 15:20:00,2025-05-29 15:20:00,14.5343,75.8901,"Reported incident of assault at Near Pingle Ganj, Davangere."
1385,101020024202601385,202601385,2024-10-23,1004,24,1,2,1,1,1,3,2024-10-23 01:34:00,2024-10-23 01:34:00,2024-10-23 01:34:00,15.3551,75.0932,"Reported incident of cybercrime at Near Pall Street, Hubballi-Dharwad."
1386,104430024202601386,202601386,2024-11-04,1002,24,1,2,1,3,1,1,2024-11-04 20:11:00,2024-11-04 20:11:00,2024-11-04 20:11:00,13.0179,77.6369,"Reported incident of chain snatching at Near Bail Marg, Bengaluru Urban. Suspect vehicle noticed with plate KA-17-M-7987."
1387,104430024202601387,202601387,2025-03-16,1002,24,1,2,1,1,1,1,2025-03-16 16:41:00,2025-03-16 16:41:00,2025-03-16 16:41:00,12.9795,77.6513,"Reported incident of cybercrime at Near Bhatti Nagar, Bengaluru Urban."
1388,101020024202601388,202601388,2024-05-28,1003,24,1,2,1,1,1,3,2024-05-28 14:53:00,2024-05-28 14:53:00,2024-05-28 14:53:00,15.8281,74.5341,"Reported incident of vehicle theft at Near Dixit Road, Belagavi. Suspect vehicle noticed with plate KA-26-A-6469."
1389,101020024202601389,202601389,2024-12-14,1004,24,1,2,1,1,1,3,2024-12-14 02:05:00,2024-12-14 02:05:00,2024-12-14 02:05:00,16.8057,75.6687,"Reported incident of fraud at Near Sandal Chowk, Vijayapura."
1390,104430024202601390,202601390,2025-01-02,1002,24,1,1,2,4,2,1,2025-01-02 23:43:00,2025-01-02 23:43:00,2025-01-02 23:43:00,13.0055,77.5427,"Reported incident of assault at Near Kumer Path, Bengaluru Urban."
1391,101020024202601391,202601391,2024-09-06,1003,24,1,2,1,1,1,3,2024-09-06 11:12:00,2024-09-06 11:12:00,2024-09-06 11:12:00,13.3799,74.6905,"Reported incident of burglary at Near Ganesan Chowk, Udupi."
1392,104430024202601392,202601392,2025-02-09,1002,24,1,2,1,1,1,1,2025-02-09 02:48:00,2025-02-09 02:48:00,2025-02-09 02:48:00,12.9773,77.6267,"Reported incident of hit and run at Near Raj Path, Bengaluru Urban."
1393,101020024202601393,202601393,2024-03-15,1001,24,1,2,1,1,2,3,2024-03-15 00:02:00,2024-03-15 00:02:00,2024-03-15 00:02:00,14.5192,75.9018,"Reported incident of burglary at Near Rattan Road, Davangere."
1394,101020024202601394,202601394,2024-10-21,1001,24,1,2,1,1,1,3,2024-10-21 05:10:00,2024-10-21 05:10:00,2024-10-21 05:10:00,12.3506,76.5751,"Reported incident of burglary at Near Chakrabarti Circle, Mysuru."
1395,101020024202601395,202601395,2024-04-26,1001,24,1,1,2,4,1,3,2024-04-26 09:02:00,2024-04-26 09:02:00,2024-04-26 09:02:00,17.9713,77.4666,"Reported incident of assault at Near Hora, Bidar."
1396,101020024202601396,202601396,2024-10-20,1003,24,1,1,1,2,2,3,2024-10-20 14:55:00,2024-10-20 14:55:00,2024-10-20 14:55:00,13.3259,77.0969,"Reported incident of robbery at Near Sathe Zila, Tumakuru. Suspect vehicle noticed with plate KA-16-N-9609."
1397,104430024202601397,202601397,2024-08-19,1003,24,1,2,1,3,1,1,2024-08-19 14:03:00,2024-08-19 14:03:00,2024-08-19 14:03:00,13.0094,77.5437,"Reported incident of chain snatching at Near Kapadia Street, Bengaluru Urban. Suspect vehicle noticed with plate KA-14-N-7189."
1398,101020024202601398,202601398,2024-04-02,1001,24,1,2,1,3,3,3,2024-04-02 07:11:00,2024-04-02 07:11:00,2024-04-02 07:11:00,15.1259,76.9768,"Reported incident of chain snatching at Near Wadhwa, Ballari. Suspect vehicle noticed with plate KA-48-KB-7456."
1399,104430024202601399,202601399,2025-04-11,1003,24,1,2,1,1,2,1,2025-04-11 14:03:00,2025-04-11 14:03:00,2025-04-11 14:03:00,12.9211,77.5729,"Reported incident of fraud at Near Dara Marg, Bengaluru Urban."
1400,101020024202601400,202601400,2025-04-04,1001,24,1,2,1,1,1,3,2025-04-04 15:44:00,2025-04-04 15:44:00,2025-04-04 15:44:00,13.4012,77.0392,"Reported incident of vehicle theft at Near Yadav Road, Tumakuru. Suspect vehicle noticed with plate KA-17-P-5590."
1401,104430024202601401,202601401,2024-12-05,1003,24,1,1,1,2,1,1,2024-12-05 02:06:00,2024-12-05 02:06:00,2024-12-05 02:06:00,13.0015,77.57,"Reported incident of robbery at Near Kaul Marg, Bengaluru Urban. Suspect vehicle noticed with plate KA-23-N-6397."
1402,104430024202601402,202601402,2024-11-18,1003,24,1,2,1,1,1,1,2024-11-18 12:40:00,2024-11-18 12:40:00,2024-11-18 12:40:00,12.9868,77.5304,"Reported incident of burglary at Near Kibe Zila, Bengaluru Urban."
1403,104430024202601403,202601403,2024-12-10,1004,24,1,2,1,1,1,1,2024-12-10 03:44:00,2024-12-10 03:44:00,2024-12-10 03:44:00,13.0237,77.5916,"Reported incident of eve teasing at Near Biswas Chowk, Bengaluru Urban."
1404,101020024202601404,202601404,2024-05-17,1001,24,1,2,1,1,1,3,2024-05-17 22:53:00,2024-05-17 22:53:00,2024-05-17 22:53:00,15.8632,74.4247,"Reported incident of eve teasing at Near Sama Marg, Belagavi."
1405,101020024202601405,202601405,2024-02-20,1001,24,1,2,1,1,1,3,2024-02-20 19:10:00,2024-02-20 19:10:00,2024-02-20 19:10:00,12.8577,74.8234,"Reported incident of fraud at Near Mannan Road, Mangaluru (Dakshina Kannada)."
1406,101020024202601406,202601406,2024-09-29,1001,24,1,2,1,1,1,3,2024-09-29 05:17:00,2024-09-29 05:17:00,2024-09-29 05:17:00,12.3412,76.5971,"Reported incident of burglary at Near Lala Marg, Mysuru."
1407,101020024202601407,202601407,2025-02-09,1001,24,1,2,1,1,1,3,2025-02-09 19:32:00,2025-02-09 19:32:00,2025-02-09 19:32:00,14.5138,75.9386,"Reported incident of fraud at Near Sani Nagar, Davangere."
1408,104430024202601408,202601408,2024-07-02,1003,24,1,2,1,1,3,1,2024-07-02 11:52:00,2024-07-02 11:52:00,2024-07-02 11:52:00,12.8752,77.5771,"Reported incident of burglary at Near Sanghvi Zila, Bengaluru Urban."
1409,101020024202601409,202601409,2024-04-11,1002,24,1,1,2,4,1,3,2024-04-11 23:43:00,2024-04-11 23:43:00,2024-04-11 23:43:00,12.4746,76.8884,"Reported incident of assault at Near Basu Chowk, Mandya."
1410,101020024202601410,202601410,2024-05-19,1003,24,1,1,2,4,1,3,2024-05-19 07:58:00,2024-05-19 07:58:00,2024-05-19 07:58:00,13.0773,76.0397,"Reported incident of assault at Near Sandal Marg, Hassan."
1411,101020024202601411,202601411,2025-01-08,1002,24,1,2,1,1,1,3,2025-01-08 09:45:00,2025-01-08 09:45:00,2025-01-08 09:45:00,15.7995,74.5371,"Reported incident of burglary at Near Barman Chowk, Belagavi."
1412,101020024202601412,202601412,2024-09-04,1002,24,1,2,1,1,1,3,2024-09-04 13:51:00,2024-09-04 13:51:00,2024-09-04 13:51:00,12.5666,76.896,"Reported incident of burglary at Near Kamdar Street, Mandya."
1413,101020024202601413,202601413,2024-09-16,1001,24,1,2,1,1,1,3,2024-09-16 16:30:00,2024-09-16 16:30:00,2024-09-16 16:30:00,12.5774,76.897,"Reported incident of burglary at Near Dhar Path, Mandya."
1414,104430024202601414,202601414,2024-01-30,1001,24,1,2,1,1,1,1,2024-01-30 15:17:00,2024-01-30 15:17:00,2024-01-30 15:17:00,12.9087,77.556,"Reported incident of murder at Near Dara Circle, Bengaluru Urban."
1415,101020024202601415,202601415,2025-05-03,1002,24,1,2,1,3,2,3,2025-05-03 15:20:00,2025-05-03 15:20:00,2025-05-03 15:20:00,14.5369,75.9526,"Reported incident of chain snatching at Near Sachdev Marg, Davangere. Suspect vehicle noticed with plate KA-21-P-6533."
1416,101020024202601416,202601416,2024-07-18,1001,24,1,2,1,1,1,3,2024-07-18 23:46:00,2024-07-18 23:46:00,2024-07-18 23:46:00,15.1003,76.9464,"Reported incident of senior citizen crime at Near Chatterjee Ganj, Ballari."
1417,101020024202601417,202601417,2024-10-06,1002,24,1,2,1,1,1,3,2024-10-06 20:56:00,2024-10-06 20:56:00,2024-10-06 20:56:00,12.2822,76.7213,"Reported incident of vehicle theft at Near Keer Marg, Mysuru. Suspect vehicle noticed with plate KA-26-B-7340."
1418,104430024202601418,202601418,2024-03-24,1003,24,1,2,1,1,2,1,2024-03-24 14:46:00,2024-03-24 14:46:00,2024-03-24 14:46:00,12.9879,77.5613,"Reported incident of hit and run at Near Sahota Chowk, Bengaluru Urban."
1419,101020024202601419,202601419,2024-10-08,1001,24,1,2,1,1,1,3,2024-10-08 13:22:00,2024-10-08 13:22:00,2024-10-08 13:22:00,17.3822,76.8907,"Reported incident of eve teasing at Near Balakrishnan Path, Kalaburagi."
1420,104430024202601420,202601420,2024-12-22,1001,24,1,2,1,1,1,1,2024-12-22 22:43:00,2024-12-22 22:43:00,2024-12-22 22:43:00,12.9582,77.5959,"Reported incident of fraud at Near Raju Road, Bengaluru Urban."
1421,104430024202601421,202601421,2024-01-07,1003,24,1,2,1,3,2,1,2024-01-07 12:53:00,2024-01-07 12:53:00,2024-01-07 12:53:00,12.9729,77.5552,"Reported incident of chain snatching at Near Bora Circle, Bengaluru Urban. Suspect vehicle noticed with plate KA-11-B-9093."
1422,101020024202601422,202601422,2024-09-17,1004,24,1,2,1,1,3,3,2024-09-17 08:21:00,2024-09-17 08:21:00,2024-09-17 08:21:00,15.3603,76.1737,"Reported incident of kidnapping at Near Dora Nagar, Koppal."
1423,104430024202601423,202601423,2024-05-26,1001,24,1,2,1,1,1,1,2024-05-26 16:36:00,2024-05-26 16:36:00,2024-05-26 16:36:00,12.991,77.5646,"Reported incident of vehicle theft at Near Suresh Path, Bengaluru Urban. Suspect vehicle noticed with plate KA-28-P-5584."
1424,104430024202601424,202601424,2024-11-06,1003,24,1,2,1,1,1,1,2024-11-06 23:48:00,2024-11-06 23:48:00,2024-11-06 23:48:00,13.0092,77.5565,"Reported incident of vehicle theft at Near Chana Circle, Bengaluru Urban. Suspect vehicle noticed with plate KA-14-A-8088."
1425,104430024202601425,202601425,2025-01-30,1003,24,1,1,1,2,1,1,2025-01-30 19:42:00,2025-01-30 19:42:00,2025-01-30 19:42:00,13.0251,77.5882,"Reported incident of robbery at Near Ratta Ganj, Bengaluru Urban. Suspect vehicle noticed with plate KA-55-P-3608."
1426,101020024202601426,202601426,2024-09-06,1003,24,1,2,1,1,1,3,2024-09-06 01:35:00,2024-09-06 01:35:00,2024-09-06 01:35:00,12.3205,76.5949,"Reported incident of vehicle theft at Near Banik, Mysuru. Suspect vehicle noticed with plate KA-33-P-6903."
1427,101020024202601427,202601427,2024-11-01,1004,24,1,2,1,1,1,3,2024-11-01 21:16:00,2024-11-01 21:16:00,2024-11-01 21:16:00,15.2749,76.1402,"Reported incident of vehicle theft at Near Gulati Chowk, Koppal. Suspect vehicle noticed with plate KA-55-KB-3062."
1428,101020024202601428,202601428,2024-02-11,1002,24,1,2,1,3,1,3,2024-02-11 09:57:00,2024-02-11 09:57:00,2024-02-11 09:57:00,17.9211,77.4413,"Reported incident of chain snatching at Near Chacko Ganj, Bidar. Suspect vehicle noticed with plate KA-36-A-6677."
1429,104430024202601429,202601429,2024-05-27,1004,24,1,2,1,1,1,1,2024-05-27 06:28:00,2024-05-27 06:28:00,2024-05-27 06:28:00,13.0131,77.5992,"Reported incident of cybercrime at Near Kale Nagar, Bengaluru Urban."
1430,101020024202601430,202601430,2024-02-08,1002,24,1,2,1,1,1,3,2024-02-08 13:54:00,2024-02-08 13:54:00,2024-02-08 13:54:00,15.1767,76.8398,"Reported incident of eve teasing at Near Sehgal Path, Ballari."
1431,104430024202601431,202601431,2024-01-30,1004,24,1,2,1,1,1,1,2024-01-30 10:31:00,2024-01-30 10:31:00,2024-01-30 10:31:00,13.0267,77.5727,"Reported incident of domestic violence at Near Raval Street, Bengaluru Urban."
1432,101020024202601432,202601432,2024-10-08,1002,24,1,2,1,1,1,3,2024-10-08 05:47:00,2024-10-08 05:47:00,2024-10-08 05:47:00,17.4278,76.8533,"Reported incident of vehicle theft at Near Sarkar Marg, Kalaburagi. Suspect vehicle noticed with plate KA-36-N-9992."
1433,101020024202601433,202601433,2024-11-20,1003,24,1,2,1,1,1,3,2024-11-20 15:31:00,2024-11-20 15:31:00,2024-11-20 15:31:00,16.2336,77.3286,"Reported incident of vehicle theft at Near Banik Path, Raichur. Suspect vehicle noticed with plate KA-18-P-1429."
1434,101020024202601434,202601434,2024-08-29,1001,24,1,1,1,2,3,3,2024-08-29 22:50:00,2024-08-29 22:50:00,2024-08-29 22:50:00,15.3092,76.0839,"Reported incident of robbery at Near Deo Zila, Koppal. Suspect vehicle noticed with plate KA-17-N-6358."
1435,101020024202601435,202601435,2024-03-01,1004,24,1,2,1,1,1,3,2024-03-01 19:45:00,2024-03-01 19:45:00,2024-03-01 19:45:00,17.3954,76.8518,"Reported incident of senior citizen crime at Near Swaminathan Ganj, Kalaburagi."
1436,104430024202601436,202601436,2024-04-09,1003,24,1,2,1,1,2,1,2024-04-09 09:17:00,2024-04-09 09:17:00,2024-04-09 09:17:00,13.0138,77.5961,"Reported incident of fraud at Near Brar Chowk, Bengaluru Urban."
1437,104430024202601437,202601437,2024-12-23,1002,24,1,1,1,2,1,1,2024-12-23 15:48:00,2024-12-23 15:48:00,2024-12-23 15:48:00,12.9873,77.6284,"Reported incident of robbery at Near Iyer Path, Bengaluru Urban. Suspect vehicle noticed with plate KA-36-N-6759."
1438,101020024202601438,202601438,2024-04-05,1002,24,1,2,1,1,1,3,2024-04-05 00:42:00,2024-04-05 00:42:00,2024-04-05 00:42:00,12.4666,76.9106,"Reported incident of hit and run at Near Thakur Circle, Mandya."
1439,104430024202601439,202601439,2024-08-28,1001,24,1,2,1,1,1,1,2024-08-28 08:39:00,2024-08-28 08:39:00,2024-08-28 08:39:00,13.2115,77.536,"Reported incident of property crime at Near Jayaraman, Bengaluru Rural."
1440,101020024202601440,202601440,2024-12-31,1001,24,1,2,1,1,1,3,2024-12-31 01:10:00,2024-12-31 01:10:00,2024-12-31 01:10:00,12.3675,76.5915,"Reported incident of drug offence at Near Borra Road, Mysuru."
1441,104430024202601441,202601441,2024-02-12,1004,24,1,2,1,1,1,1,2024-02-12 01:07:00,2024-02-12 01:07:00,2024-02-12 01:07:00,13.036,77.5834,"Reported incident of cybercrime at Near Balakrishnan Street, Bengaluru Urban."
1442,104430024202601442,202601442,2025-05-24,1004,24,1,2,1,1,2,1,2025-05-24 20:39:00,2025-05-24 20:39:00,2025-05-24 20:39:00,12.993,77.6127,"Reported incident of fraud at Near Shroff Circle, Bengaluru Urban."
1443,101020024202601443,202601443,2024-03-29,1003,24,1,2,1,1,1,3,2024-03-29 09:24:00,2024-03-29 09:24:00,2024-03-29 09:24:00,15.8384,74.489,"Reported incident of property crime at Near Chhabra Circle, Belagavi."
1444,104430024202601444,202601444,2024-06-24,1003,24,1,2,1,1,1,1,2024-06-24 11:30:00,2024-06-24 11:30:00,2024-06-24 11:30:00,13.0094,77.5517,"Reported incident of fraud at Near Bedi Circle, Bengaluru Urban."
1445,101020024202601445,202601445,2025-05-26,1004,24,1,2,1,1,1,3,2025-05-26 00:21:00,2025-05-26 00:21:00,2025-05-26 00:21:00,13.8868,75.5229,"Reported incident of burglary at Near Pant Road, Shivamogga."
1446,101020024202601446,202601446,2024-06-06,1002,24,1,2,1,1,1,3,2024-06-06 18:36:00,2024-06-06 18:36:00,2024-06-06 18:36:00,16.8275,75.6469,"Reported incident of fraud at Near Pathak Nagar, Vijayapura."
1447,101020024202601447,202601447,2025-04-09,1004,24,1,2,1,3,1,3,2025-04-09 04:18:00,2025-04-09 04:18:00,2025-04-09 04:18:00,14.5449,75.9617,"Reported incident of chain snatching at Near Pau Path, Davangere. Suspect vehicle noticed with plate KA-33-KA-3790."
1448,104430024202601448,202601448,2024-06-29,1003,24,1,1,1,2,1,1,2024-06-29 02:41:00,2024-06-29 02:41:00,2024-06-29 02:41:00,13.0374,77.5168,"Reported incident of robbery at Near Kapur Zila, Bengaluru Urban. Suspect vehicle noticed with plate KA-50-A-4190."
1449,101020024202601449,202601449,2025-03-17,1002,24,1,2,1,1,3,3,2025-03-17 00:14:00,2025-03-17 00:14:00,2025-03-17 00:14:00,16.7814,75.6667,"Reported incident of fraud at Near Kota Street, Vijayapura."
1450,104430024202601450,202601450,2024-06-16,1001,24,1,2,1,1,1,1,2024-06-16 05:03:00,2024-06-16 05:03:00,2024-06-16 05:03:00,12.9661,77.6064,"Reported incident of cybercrime at Near Dugar Circle, Bengaluru Urban."
1451,101020024202601451,202601451,2025-04-07,1003,24,1,2,1,1,1,3,2025-04-07 23:38:00,2025-04-07 23:38:00,2025-04-07 23:38:00,13.224,78.0266,"Reported incident of vehicle theft at Near Majumdar Zila, Kolar. Suspect vehicle noticed with plate KA-06-P-8430."
1452,104430024202601452,202601452,2024-10-22,1001,24,1,2,1,1,1,1,2024-10-22 02:38:00,2024-10-22 02:38:00,2024-10-22 02:38:00,12.9741,77.5549,"Reported incident of burglary at Near Ratta Ganj, Bengaluru Urban."
1453,104430024202601453,202601453,2024-11-02,1003,24,1,2,1,1,1,1,2024-11-02 19:40:00,2024-11-02 19:40:00,2024-11-02 19:40:00,12.9966,77.6154,"Reported incident of vehicle theft at Near Varghese Ganj, Bengaluru Urban. Suspect vehicle noticed with plate KA-08-B-8731."
1454,101020024202601454,202601454,2025-02-25,1002,24,1,2,1,1,3,3,2025-02-25 13:35:00,2025-02-25 13:35:00,2025-02-25 13:35:00,16.146,77.3851,"Reported incident of kidnapping at Near Shah Path, Raichur."
1455,104430024202601455,202601455,2024-11-14,1004,24,1,2,1,1,1,1,2024-11-14 23:14:00,2024-11-14 23:14:00,2024-11-14 23:14:00,13.0216,77.5367,"Reported incident of cybercrime at Near Gulati Marg, Bengaluru Urban."
1456,104430024202601456,202601456,2024-05-17,1004,24,1,2,1,1,1,1,2024-05-17 12:26:00,2024-05-17 12:26:00,2024-05-17 12:26:00,12.9912,77.6174,"Reported incident of drug offence at Near Dash, Bengaluru Urban."
1457,101020024202601457,202601457,2024-03-19,1002,24,1,2,1,1,1,3,2024-03-19 07:19:00,2024-03-19 07:19:00,2024-03-19 07:19:00,14.4813,75.8927,"Reported incident of senior citizen crime at Near Rao Circle, Davangere."
1458,101020024202601458,202601458,2025-01-07,1004,24,1,1,2,4,1,3,2025-01-07 10:40:00,2025-01-07 10:40:00,2025-01-07 10:40:00,13.3133,77.0837,"Reported incident of assault at Near Reddy Zila, Tumakuru."
1459,104430024202601459,202601459,2025-04-14,1001,24,1,2,1,1,1,1,2025-04-14 14:46:00,2025-04-14 14:46:00,2025-04-14 14:46:00,12.8874,77.5778,"Reported incident of vehicle theft at Near Patil Nagar, Bengaluru Urban. Suspect vehicle noticed with plate KA-01-B-4118."
1460,101020024202601460,202601460,2024-12-23,1003,24,1,2,1,1,1,3,2024-12-23 17:52:00,2024-12-23 17:52:00,2024-12-23 17:52:00,16.7879,75.6613,"Reported incident of cybercrime at Near Grover Zila, Vijayapura."
1461,101020024202601461,202601461,2024-07-10,1002,24,1,2,1,1,1,3,2024-07-10 04:38:00,2024-07-10 04:38:00,2024-07-10 04:38:00,13.1079,78.1499,"Reported incident of murder at Near More Road, Kolar."
1462,104430024202601462,202601462,2024-12-09,1004,24,1,2,1,3,2,1,2024-12-09 23:01:00,2024-12-09 23:01:00,2024-12-09 23:01:00,12.9765,77.5522,"Reported incident of chain snatching at Near Cherian Circle, Bengaluru Urban. Suspect vehicle noticed with plate KA-54-P-9300."
1463,101020024202601463,202601463,2025-01-28,1002,24,1,2,1,1,1,3,2025-01-28 01:36:00,2025-01-28 01:36:00,2025-01-28 01:36:00,15.266,76.1441,"Reported incident of cybercrime at Near Bora Road, Koppal."
1464,101020024202601464,202601464,2024-02-25,1004,24,1,2,1,1,1,3,2024-02-25 11:52:00,2024-02-25 11:52:00,2024-02-25 11:52:00,12.3041,76.5853,"Reported incident of eve teasing at Near Pandey Path, Mysuru."
1465,101020024202601465,202601465,2024-12-19,1003,24,1,2,1,1,1,3,2024-12-19 23:20:00,2024-12-19 23:20:00,2024-12-19 23:20:00,13.9165,75.55,"Reported incident of vehicle theft at Near Bedi Circle, Shivamogga. Suspect vehicle noticed with plate KA-29-A-4383."
1466,104430024202601466,202601466,2024-08-12,1002,24,1,2,1,1,3,1,2024-08-12 16:39:00,2024-08-12 16:39:00,2024-08-12 16:39:00,12.9945,77.5806,"Reported incident of eve teasing at Near Sehgal Marg, Bengaluru Urban."
1467,104430024202601467,202601467,2024-06-27,1003,24,1,1,2,4,1,1,2024-06-27 16:21:00,2024-06-27 16:21:00,2024-06-27 16:21:00,12.9237,77.5827,"Reported incident of assault at Near Rau Nagar, Bengaluru Urban."
1468,101020024202601468,202601468,2025-01-22,1004,24,1,2,1,1,1,3,2025-01-22 19:29:00,2025-01-22 19:29:00,2025-01-22 19:29:00,15.3492,75.1107,"Reported incident of burglary at Near Banerjee Road, Hubballi-Dharwad."
1469,104430024202601469,202601469,2024-10-08,1001,24,1,2,1,1,1,1,2024-10-08 00:25:00,2024-10-08 00:25:00,2024-10-08 00:25:00,12.9796,77.5836,"Reported incident of vehicle theft at Near Char Chowk, Bengaluru Urban. Suspect vehicle noticed with plate KA-26-A-8466."
1470,101020024202601470,202601470,2024-07-11,1003,24,1,2,1,1,1,3,2024-07-11 12:38:00,2024-07-11 12:38:00,2024-07-11 12:38:00,12.9442,76.0853,"Reported incident of fraud at Near Som Nagar, Hassan."
1471,101020024202601471,202601471,2024-04-19,1002,24,1,2,1,1,2,3,2024-04-19 19:34:00,2024-04-19 19:34:00,2024-04-19 19:34:00,13.878,75.5094,"Reported incident of vehicle theft at Near Chana Circle, Shivamogga. Suspect vehicle noticed with plate KA-55-B-2857."
1472,101020024202601472,202601472,2024-05-01,1002,24,1,2,1,1,1,3,2024-05-01 22:19:00,2024-05-01 22:19:00,2024-05-01 22:19:00,12.5053,76.8865,"Reported incident of burglary at Near Ramachandran Path, Mandya."
1473,101020024202601473,202601473,2024-10-22,1001,24,1,2,1,3,1,3,2024-10-22 17:35:00,2024-10-22 17:35:00,2024-10-22 17:35:00,13.3782,77.0523,"Reported incident of chain snatching at Near Kakar Zila, Tumakuru. Suspect vehicle noticed with plate KA-38-P-5258."
1474,104430024202601474,202601474,2025-05-11,1003,24,1,2,1,1,1,1,2025-05-11 03:54:00,2025-05-11 03:54:00,2025-05-11 03:54:00,12.8988,77.5861,"Reported incident of domestic violence at Near Gopal Nagar, Bengaluru Urban."
1475,101020024202601475,202601475,2024-01-08,1001,24,1,2,1,1,1,3,2024-01-08 11:04:00,2024-01-08 11:04:00,2024-01-08 11:04:00,16.7554,75.7511,"Reported incident of eve teasing at Near Grover Zila, Vijayapura."
1476,101020024202601476,202601476,2024-12-04,1003,24,1,2,1,1,1,3,2024-12-04 14:58:00,2024-12-04 14:58:00,2024-12-04 14:58:00,15.3642,76.1541,"Reported incident of senior citizen crime at Near Keer Road, Koppal."
1477,101020024202601477,202601477,2024-12-19,1003,24,1,2,1,1,1,3,2024-12-19 02:30:00,2024-12-19 02:30:00,2024-12-19 02:30:00,15.7616,74.5369,"Reported incident of murder at Near Sheth Circle, Belagavi."
1478,101020024202601478,202601478,2024-10-14,1002,24,1,2,1,1,1,3,2024-10-14 06:01:00,2024-10-14 06:01:00,2024-10-14 06:01:00,15.8974,74.4647,"Reported incident of vehicle theft at Near Anne Path, Belagavi. Suspect vehicle noticed with plate KA-25-N-7028."
1479,101020024202601479,202601479,2024-03-02,1003,24,1,2,1,1,2,3,2024-03-02 14:10:00,2024-03-02 14:10:00,2024-03-02 14:10:00,15.369,76.1051,"Reported incident of domestic violence at Near Banerjee Road, Koppal."
1480,104430024202601480,202601480,2024-01-15,1003,24,1,1,1,2,1,1,2024-01-15 09:49:00,2024-01-15 09:49:00,2024-01-15 09:49:00,12.8663,77.5711,"Reported incident of robbery at Near Sachar Road, Bengaluru Urban. Suspect vehicle noticed with plate KA-28-KA-2992."
1481,101020024202601481,202601481,2024-10-28,1002,24,1,2,1,3,3,3,2024-10-28 17:34:00,2024-10-28 17:34:00,2024-10-28 17:34:00,12.5565,76.9244,"Reported incident of chain snatching at Near Mannan Zila, Mandya. Suspect vehicle noticed with plate KA-13-N-1437."
1482,104430024202601482,202601482,2024-03-08,1001,24,1,1,2,4,1,1,2024-03-08 07:02:00,2024-03-08 07:02:00,2024-03-08 07:02:00,13.0086,77.5647,"Reported incident of assault at Near Dubey Zila, Bengaluru Urban."
1483,104430024202601483,202601483,2024-12-15,1003,24,1,2,1,1,1,1,2024-12-15 12:30:00,2024-12-15 12:30:00,2024-12-15 12:30:00,12.87,77.5687,"Reported incident of vehicle theft at Near Mall Street, Bengaluru Urban. Suspect vehicle noticed with plate KA-13-M-9169."
1484,101020024202601484,202601484,2024-09-18,1002,24,1,2,1,1,1,3,2024-09-18 04:23:00,2024-09-18 04:23:00,2024-09-18 04:23:00,13.0724,76.1736,"Reported incident of hit and run at Near Ben Street, Hassan."
1485,101020024202601485,202601485,2024-12-15,1001,24,1,2,1,1,1,3,2024-12-15 12:04:00,2024-12-15 12:04:00,2024-12-15 12:04:00,13.3317,74.6913,"Reported incident of vehicle theft at Near Choudhury Street, Udupi. Suspect vehicle noticed with plate KA-48-P-1361."
1486,104430024202601486,202601486,2025-05-06,1002,24,1,2,1,1,1,1,2025-05-06 19:00:00,2025-05-06 19:00:00,2025-05-06 19:00:00,12.987,77.6632,"Reported incident of cybercrime at Near Dubey Marg, Bengaluru Urban."
1487,101020024202601487,202601487,2024-06-18,1004,24,1,2,1,1,1,3,2024-06-18 20:47:00,2024-06-18 20:47:00,2024-06-18 20:47:00,12.5302,76.8884,"Reported incident of fraud at Near Halder Ganj, Mandya."
1488,101020024202601488,202601488,2024-04-11,1001,24,1,1,2,4,1,3,2024-04-11 01:51:00,2024-04-11 01:51:00,2024-04-11 01:51:00,16.2541,77.326,"Reported incident of assault at Near Sood Chowk, Raichur."
1489,104430024202601489,202601489,2025-01-03,1004,24,1,2,1,1,1,1,2025-01-03 18:23:00,2025-01-03 18:23:00,2025-01-03 18:23:00,13.2322,77.4876,"Reported incident of cybercrime at Near Date Circle, Bengaluru Rural."
1490,104430024202601490,202601490,2024-02-08,1001,24,1,1,2,4,2,1,2024-02-08 23:30:00,2024-02-08 23:30:00,2024-02-08 23:30:00,13.002,77.5976,"Reported incident of assault at Near Handa Chowk, Bengaluru Urban."
1491,104430024202601491,202601491,2024-06-10,1002,24,1,1,2,4,1,1,2024-06-10 16:59:00,2024-06-10 16:59:00,2024-06-10 16:59:00,12.9103,77.5896,"Reported incident of assault at Near Dube, Bengaluru Urban."
1492,101020024202601492,202601492,2024-07-12,1003,24,1,2,1,1,1,3,2024-07-12 22:16:00,2024-07-12 22:16:00,2024-07-12 22:16:00,13.049,76.1859,"Reported incident of cybercrime at Near Balasubramanian Street, Hassan."
1493,101020024202601493,202601493,2024-10-22,1001,24,1,2,1,3,1,3,2024-10-22 22:13:00,2024-10-22 22:13:00,2024-10-22 22:13:00,15.3535,75.0591,"Reported incident of chain snatching at Near Ganesh Nagar, Hubballi-Dharwad. Suspect vehicle noticed with plate KA-43-KB-8854."
1494,101020024202601494,202601494,2025-05-24,1004,24,1,2,1,1,1,3,2025-05-24 09:19:00,2025-05-24 09:19:00,2025-05-24 09:19:00,13.3084,75.7989,"Reported incident of vehicle theft at Near Varty Ganj, Chikkamagaluru. Suspect vehicle noticed with plate KA-28-N-8652."
1495,101020024202601495,202601495,2024-09-18,1001,24,1,2,1,1,1,3,2024-09-18 12:10:00,2024-09-18 12:10:00,2024-09-18 12:10:00,13.2649,75.8028,"Reported incident of hit and run at Near Kade Chowk, Chikkamagaluru."
1496,104430024202601496,202601496,2024-12-26,1004,24,1,2,1,1,1,1,2024-12-26 12:12:00,2024-12-26 12:12:00,2024-12-26 12:12:00,13.0075,77.5705,"Reported incident of vehicle theft at Near Manda Ganj, Bengaluru Urban. Suspect vehicle noticed with plate KA-13-A-6996."
1497,101020024202601497,202601497,2024-01-02,1001,24,1,2,1,1,1,3,2024-01-02 18:20:00,2024-01-02 18:20:00,2024-01-02 18:20:00,13.9871,75.635,"Reported incident of vehicle theft at Near Mandal Chowk, Shivamogga. Suspect vehicle noticed with plate KA-55-M-2143."
1498,101020024202601498,202601498,2024-03-17,1003,24,1,1,1,2,1,3,2024-03-17 14:34:00,2024-03-17 14:34:00,2024-03-17 14:34:00,13.1308,78.1835,"Reported incident of robbery at Near Narayanan Ganj, Kolar. Suspect vehicle noticed with plate KA-41-KA-9928."
1499,101020024202601499,202601499,2024-07-16,1003,24,1,2,1,1,2,3,2024-07-16 03:28:00,2024-07-16 03:28:00,2024-07-16 03:28:00,15.0996,76.9011,"Reported incident of drug offence at Near Agate Marg, Ballari."
1500,104430024202601500,202601500,2025-01-24,1004,24,1,2,1,1,1,1,2025-01-24 01:32:00,2025-01-24 01:32:00,2025-01-24 01:32:00,13.0043,77.6458,"Reported incident of burglary at Near Nayak Marg, Bengaluru Urban."
1501,104430024202601501,202601501,2024-01-11,1002,24,1,1,1,2,1,1,2024-01-11 07:27:00,2024-01-11 07:27:00,2024-01-11 07:27:00,12.8977,77.5769,"Reported incident of robbery at Near Kumer Road, Bengaluru Urban. Suspect vehicle noticed with plate KA-17-KA-7288."
1502,101020024202601502,202601502,2024-11-19,1001,24,1,2,1,1,1,3,2024-11-19 09:14:00,2024-11-19 09:14:00,2024-11-19 09:14:00,16.7903,75.6795,"Reported incident of vehicle theft at Near Guha Nagar, Vijayapura. Suspect vehicle noticed with plate KA-53-A-5123."
1503,104430024202601503,202601503,2024-04-09,1004,24,1,2,1,1,1,1,2024-04-09 22:44:00,2024-04-09 22:44:00,2024-04-09 22:44:00,13.012,77.5958,"Reported incident of fraud at Near Doshi Chowk, Bengaluru Urban."
1504,104430024202601504,202601504,2024-07-15,1004,24,1,2,1,3,2,1,2024-07-15 11:18:00,2024-07-15 11:18:00,2024-07-15 11:18:00,13.0014,77.58,"Reported incident of chain snatching at Near Sethi Marg, Bengaluru Urban. Suspect vehicle noticed with plate KA-31-M-8063."
1505,101020024202601505,202601505,2024-04-29,1003,24,1,1,1,2,1,3,2024-04-29 19:52:00,2024-04-29 19:52:00,2024-04-29 19:52:00,13.2734,75.6903,"Reported incident of robbery at Near Chahal, Chikkamagaluru. Suspect vehicle noticed with plate KA-50-M-6066."
1506,101020024202601506,202601506,2024-02-24,1002,24,1,2,1,1,1,3,2024-02-24 13:29:00,2024-02-24 13:29:00,2024-02-24 13:29:00,16.8182,75.7115,"Reported incident of drug offence at Near Singh Street, Vijayapura."
1507,104430024202601507,202601507,2024-11-11,1002,24,1,2,1,1,1,1,2024-11-11 12:45:00,2024-11-11 12:45:00,2024-11-11 12:45:00,13.1726,77.5805,"Reported incident of vehicle theft at Near Rattan Ganj, Bengaluru Rural. Suspect vehicle noticed with plate KA-19-KB-7144."
1508,101020024202601508,202601508,2024-08-13,1002,24,1,2,1,1,1,3,2024-08-13 13:43:00,2024-08-13 13:43:00,2024-08-13 13:43:00,13.0543,76.0565,"Reported incident of fraud at Near Keer Street, Hassan."
1509,101020024202601509,202601509,2025-02-12,1002,24,1,2,1,1,1,3,2025-02-12 03:37:00,2025-02-12 03:37:00,2025-02-12 03:37:00,15.3304,76.2346,"Reported incident of fraud at Near Pathak Chowk, Koppal."
1510,104430024202601510,202601510,2024-07-24,1001,24,1,2,1,1,1,1,2024-07-24 12:15:00,2024-07-24 12:15:00,2024-07-24 12:15:00,12.9126,77.5896,"Reported incident of burglary at Near Vohra Nagar, Bengaluru Urban."
1511,104430024202601511,202601511,2024-12-10,1003,24,1,2,1,3,1,1,2024-12-10 05:42:00,2024-12-10 05:42:00,2024-12-10 05:42:00,12.8995,77.5798,"Reported incident of chain snatching at Near Bhatnagar Chowk, Bengaluru Urban. Suspect vehicle noticed with plate KA-15-P-6413."
1512,101020024202601512,202601512,2025-03-01,1001,24,1,2,1,3,3,3,2025-03-01 18:29:00,2025-03-01 18:29:00,2025-03-01 18:29:00,13.3068,77.127,"Reported incident of chain snatching at Near Ben Path, Tumakuru. Suspect vehicle noticed with plate KA-26-N-6962."
1513,101020024202601513,202601513,2025-01-18,1003,24,1,1,2,4,1,3,2025-01-18 00:08:00,2025-01-18 00:08:00,2025-01-18 00:08:00,12.9819,76.1572,"Reported incident of assault at Near Panchal, Hassan."
1514,101020024202601514,202601514,2025-04-19,1002,24,1,2,1,1,1,3,2025-04-19 03:55:00,2025-04-19 03:55:00,2025-04-19 03:55:00,12.5755,76.913,"Reported incident of vehicle theft at Near Lal Chowk, Mandya. Suspect vehicle noticed with plate KA-25-A-5492."
1515,101020024202601515,202601515,2024-12-02,1004,24,1,1,1,2,2,3,2024-12-02 02:31:00,2024-12-02 02:31:00,2024-12-02 02:31:00,13.3552,74.6567,"Reported incident of robbery at Near Nayak Circle, Udupi. Suspect vehicle noticed with plate KA-02-P-7960."
1516,101020024202601516,202601516,2024-07-21,1001,24,1,2,1,1,1,3,2024-07-21 08:40:00,2024-07-21 08:40:00,2024-07-21 08:40:00,12.8629,74.8604,"Reported incident of vehicle theft at Near Halder Nagar, Mangaluru (Dakshina Kannada). Suspect vehicle noticed with plate KA-12-M-2256."
1517,104430024202601517,202601517,2025-04-28,1003,24,1,1,2,4,1,1,2025-04-28 15:42:00,2025-04-28 15:42:00,2025-04-28 15:42:00,12.9872,77.5815,"Reported incident of assault at Near Sekhon Marg, Bengaluru Urban."
1518,101020024202601518,202601518,2024-06-23,1002,24,1,1,1,2,1,3,2024-06-23 03:34:00,2024-06-23 03:34:00,2024-06-23 03:34:00,13.0507,78.0539,"Reported incident of robbery at Near Johal Road, Kolar. Suspect vehicle noticed with plate KA-54-M-6767."
1519,101020024202601519,202601519,2024-10-23,1003,24,1,2,1,1,1,3,2024-10-23 11:46:00,2024-10-23 11:46:00,2024-10-23 11:46:00,13.2837,74.7159,"Reported incident of kidnapping at Near Deo Road, Udupi."
1520,101020024202601520,202601520,2024-06-17,1002,24,1,1,2,4,1,3,2024-06-17 06:58:00,2024-06-17 06:58:00,2024-06-17 06:58:00,16.2121,77.3256,"Reported incident of assault at Near Swamy Chowk, Raichur."
1521,104430024202601521,202601521,2024-06-23,1003,24,1,2,1,3,1,1,2024-06-23 06:59:00,2024-06-23 06:59:00,2024-06-23 06:59:00,12.872,77.5738,"Reported incident of chain snatching at Near Deshpande Road, Bengaluru Urban. Suspect vehicle noticed with plate KA-08-M-2449."
1522,101020024202601522,202601522,2024-06-01,1003,24,1,2,1,1,1,3,2024-06-01 12:26:00,2024-06-01 12:26:00,2024-06-01 12:26:00,14.532,75.9124,"Reported incident of drug offence at Near Bhalla Chowk, Davangere."
1523,101020024202601523,202601523,2024-05-23,1004,24,1,2,1,1,1,3,2024-05-23 07:40:00,2024-05-23 07:40:00,2024-05-23 07:40:00,17.9332,77.4461,"Reported incident of burglary at Near Seth Path, Bidar."
1524,101020024202601524,202601524,2024-04-11,1002,24,1,2,1,1,1,3,2024-04-11 04:25:00,2024-04-11 04:25:00,2024-04-11 04:25:00,12.5697,76.8755,"Reported incident of fraud at Near Kurian Ganj, Mandya."
1525,104430024202601525,202601525,2025-05-04,1004,24,1,2,1,1,1,1,2025-05-04 05:45:00,2025-05-04 05:45:00,2025-05-04 05:45:00,12.9887,77.52,"Reported incident of cybercrime at Near Saraf Street, Bengaluru Urban."
1526,101020024202601526,202601526,2024-05-19,1002,24,1,2,1,3,1,3,2024-05-19 05:59:00,2024-05-19 05:59:00,2024-05-19 05:59:00,13.1129,78.111,"Reported incident of chain snatching at Near Bhat Nagar, Kolar. Suspect vehicle noticed with plate KA-16-B-1615."
1527,101020024202601527,202601527,2024-04-21,1002,24,1,2,1,1,1,3,2024-04-21 00:19:00,2024-04-21 00:19:00,2024-04-21 00:19:00,15.2981,76.0901,"Reported incident of fraud at Near Goswami Ganj, Koppal."
1528,101020024202601528,202601528,2024-05-28,1001,24,1,2,1,1,1,3,2024-05-28 00:49:00,2024-05-28 00:49:00,2024-05-28 00:49:00,13.0923,76.1706,"Reported incident of vehicle theft at Near Balan Chowk, Hassan. Suspect vehicle noticed with plate KA-14-P-9626."
1529,104430024202601529,202601529,2024-06-14,1004,24,1,2,1,1,1,1,2024-06-14 23:22:00,2024-06-14 23:22:00,2024-06-14 23:22:00,13.0342,77.5491,"Reported incident of property crime at Near Kar, Bengaluru Urban."
1530,101020024202601530,202601530,2024-09-13,1003,24,1,2,1,1,1,3,2024-09-13 20:28:00,2024-09-13 20:28:00,2024-09-13 20:28:00,15.2075,76.8747,"Reported incident of vehicle theft at Near Biswas Circle, Ballari. Suspect vehicle noticed with plate KA-08-A-4714."
1531,104430024202601531,202601531,2024-12-16,1004,24,1,2,1,3,1,1,2024-12-16 10:55:00,2024-12-16 10:55:00,2024-12-16 10:55:00,12.9068,77.5946,"Reported incident of chain snatching at Near Mittal Zila, Bengaluru Urban. Suspect vehicle noticed with plate KA-14-KB-1805."
1532,101020024202601532,202601532,2025-04-26,1004,24,1,1,1,2,1,3,2025-04-26 04:26:00,2025-04-26 04:26:00,2025-04-26 04:26:00,13.1237,78.1898,"Reported incident of robbery at Near Hari Zila, Kolar. Suspect vehicle noticed with plate KA-33-P-9481."
1533,101020024202601533,202601533,2024-05-22,1003,24,1,2,1,1,1,3,2024-05-22 01:02:00,2024-05-22 01:02:00,2024-05-22 01:02:00,14.507,75.9016,"Reported incident of property crime at Near Dube, Davangere."
1534,104430024202601534,202601534,2025-03-26,1004,24,1,2,1,1,1,1,2025-03-26 01:46:00,2025-03-26 01:46:00,2025-03-26 01:46:00,13.0099,77.6195,"Reported incident of hit and run at Near Gola Circle, Bengaluru Urban."
1535,104430024202601535,202601535,2024-05-13,1003,24,1,2,1,1,1,1,2024-05-13 13:38:00,2024-05-13 13:38:00,2024-05-13 13:38:00,12.9627,77.6411,"Reported incident of property crime at Near Mitter Zila, Bengaluru Urban."
1536,104430024202601536,202601536,2024-04-25,1002,24,1,2,1,1,1,1,2024-04-25 13:25:00,2024-04-25 13:25:00,2024-04-25 13:25:00,13.017,77.5981,"Reported incident of eve teasing at Near Chakrabarti Street, Bengaluru Urban."
1537,104430024202601537,202601537,2024-05-03,1003,24,1,1,2,4,1,1,2024-05-03 01:24:00,2024-05-03 01:24:00,2024-05-03 01:24:00,12.9839,77.5869,"Reported incident of assault at Near Vasa Zila, Bengaluru Urban."
1538,101020024202601538,202601538,2024-10-15,1002,24,1,2,1,1,1,3,2024-10-15 00:14:00,2024-10-15 00:14:00,2024-10-15 00:14:00,17.2763,76.9273,"Reported incident of vehicle theft at Near Shukla Road, Kalaburagi. Suspect vehicle noticed with plate KA-38-B-3316."
1539,104430024202601539,202601539,2024-06-26,1004,24,1,2,1,1,1,1,2024-06-26 18:58:00,2024-06-26 18:58:00,2024-06-26 18:58:00,13.0115,77.624,"Reported incident of vehicle theft at Near Batra Circle, Bengaluru Urban. Suspect vehicle noticed with plate KA-45-KA-2393."
1540,101020024202601540,202601540,2025-01-20,1004,24,1,2,1,1,1,3,2025-01-20 15:26:00,2025-01-20 15:26:00,2025-01-20 15:26:00,17.2336,76.9144,"Reported incident of eve teasing at Near Kara Ganj, Kalaburagi."
1541,101020024202601541,202601541,2024-11-03,1004,24,1,2,1,1,3,3,2024-11-03 00:27:00,2024-11-03 00:27:00,2024-11-03 00:27:00,17.3376,76.7935,"Reported incident of property crime at Near Khalsa Zila, Kalaburagi."
1542,101020024202601542,202601542,2024-02-20,1003,24,1,2,1,1,1,3,2024-02-20 16:27:00,2024-02-20 16:27:00,2024-02-20 16:27:00,15.3671,75.1531,"Reported incident of cybercrime at Near Bandi Ganj, Hubballi-Dharwad."
1543,101020024202601543,202601543,2024-09-27,1004,24,1,2,1,1,1,3,2024-09-27 12:33:00,2024-09-27 12:33:00,2024-09-27 12:33:00,16.165,77.4079,"Reported incident of burglary at Near Khare Marg, Raichur."
1544,101020024202601544,202601544,2024-01-06,1002,24,1,2,1,1,1,3,2024-01-06 02:21:00,2024-01-06 02:21:00,2024-01-06 02:21:00,13.3007,77.1266,"Reported incident of burglary at Near Rattan, Tumakuru."
1545,104430024202601545,202601545,2025-03-13,1002,24,1,1,2,4,1,1,2025-03-13 09:22:00,2025-03-13 09:22:00,2025-03-13 09:22:00,12.8825,77.57,"Reported incident of assault at Near Vyas Ganj, Bengaluru Urban."
1546,101020024202601546,202601546,2024-04-24,1004,24,1,2,1,1,3,3,2024-04-24 04:15:00,2024-04-24 04:15:00,2024-04-24 04:15:00,16.7839,75.6895,"Reported incident of hit and run at Near Garg, Vijayapura."
1547,101020024202601547,202601547,2024-10-30,1002,24,1,1,1,2,1,3,2024-10-30 17:13:00,2024-10-30 17:13:00,2024-10-30 17:13:00,12.5385,76.9667,"Reported incident of robbery at Near Sawhney Zila, Mandya. Suspect vehicle noticed with plate KA-13-B-4228."
1548,101020024202601548,202601548,2024-02-15,1004,24,1,2,1,1,2,3,2024-02-15 10:57:00,2024-02-15 10:57:00,2024-02-15 10:57:00,13.3838,75.7578,"Reported incident of vehicle theft at Near Chander Chowk, Chikkamagaluru. Suspect vehicle noticed with plate KA-16-KB-6445."
1549,101020024202601549,202601549,2024-04-19,1003,24,1,1,2,4,1,3,2024-04-19 05:34:00,2024-04-19 05:34:00,2024-04-19 05:34:00,13.0634,76.0406,"Reported incident of assault at Near Bansal Nagar, Hassan."
1550,101020024202601550,202601550,2024-03-01,1002,24,1,1,2,4,1,3,2024-03-01 18:57:00,2024-03-01 18:57:00,2024-03-01 18:57:00,12.3356,76.665,"Reported incident of assault at Near Garde, Mysuru."
1551,104430024202601551,202601551,2025-01-29,1003,24,1,2,1,1,1,1,2025-01-29 03:51:00,2025-01-29 03:51:00,2025-01-29 03:51:00,13.0095,77.657,"Reported incident of fraud at Near Sunder, Bengaluru Urban."
1552,104430024202601552,202601552,2025-03-29,1004,24,1,2,1,1,1,1,2025-03-29 08:33:00,2025-03-29 08:33:00,2025-03-29 08:33:00,13.0028,77.6005,"Reported incident of senior citizen crime at Near Talwar, Bengaluru Urban."
1553,101020024202601553,202601553,2025-04-18,1001,24,1,2,1,1,1,3,2025-04-18 21:10:00,2025-04-18 21:10:00,2025-04-18 21:10:00,17.9127,77.5583,"Reported incident of property crime at Near Som Circle, Bidar."
1554,101020024202601554,202601554,2024-07-08,1004,24,1,2,1,1,1,3,2024-07-08 15:19:00,2024-07-08 15:19:00,2024-07-08 15:19:00,12.8267,74.878,"Reported incident of fraud at Near Balan Path, Mangaluru (Dakshina Kannada)."
1555,104430024202601555,202601555,2024-08-29,1004,24,1,2,1,3,1,1,2024-08-29 09:22:00,2024-08-29 09:22:00,2024-08-29 09:22:00,13.01,77.5713,"Reported incident of chain snatching at Near Nadig Street, Bengaluru Urban. Suspect vehicle noticed with plate KA-16-B-8241."
1556,101020024202601556,202601556,2024-03-02,1001,24,1,2,1,1,1,3,2024-03-02 08:43:00,2024-03-02 08:43:00,2024-03-02 08:43:00,13.9485,75.5508,"Reported incident of property crime at Near Dua Zila, Shivamogga."
1557,104430024202601557,202601557,2025-04-21,1001,24,1,1,2,4,1,1,2025-04-21 03:47:00,2025-04-21 03:47:00,2025-04-21 03:47:00,12.9657,77.609,"Reported incident of assault at Near Saran Circle, Bengaluru Urban."
1558,101020024202601558,202601558,2024-06-19,1003,24,1,2,1,1,2,3,2024-06-19 18:41:00,2024-06-19 18:41:00,2024-06-19 18:41:00,15.0876,76.955,"Reported incident of drug offence at Near Sarkar Nagar, Ballari."
1559,101020024202601559,202601559,2025-05-27,1003,24,1,2,1,1,2,3,2025-05-27 14:39:00,2025-05-27 14:39:00,2025-05-27 14:39:00,12.3482,76.5815,"Reported incident of fraud at Near Pandya Marg, Mysuru."
1560,101020024202601560,202601560,2024-07-31,1001,24,1,2,1,1,1,3,2024-07-31 18:45:00,2024-07-31 18:45:00,2024-07-31 18:45:00,13.2792,74.7468,"Reported incident of fraud at Near Tara Zila, Udupi."
1561,101020024202601561,202601561,2024-06-10,1001,24,1,2,1,1,2,3,2024-06-10 11:42:00,2024-06-10 11:42:00,2024-06-10 11:42:00,12.2723,76.7105,"Reported incident of property crime at Near Mohanty Street, Mysuru."
1562,101020024202601562,202601562,2024-05-02,1003,24,1,2,1,1,1,3,2024-05-02 19:44:00,2024-05-02 19:44:00,2024-05-02 19:44:00,13.2508,75.7265,"Reported incident of fraud at Near Mishra, Chikkamagaluru."
1563,104430024202601563,202601563,2024-11-05,1001,24,1,2,1,3,1,1,2024-11-05 21:19:00,2024-11-05 21:19:00,2024-11-05 21:19:00,13.008,77.5987,"Reported incident of chain snatching at Near Balasubramanian Chowk, Bengaluru Urban. Suspect vehicle noticed with plate KA-52-KA-9827."
1564,101020024202601564,202601564,2024-07-14,1003,24,1,1,2,4,1,3,2024-07-14 19:11:00,2024-07-14 19:11:00,2024-07-14 19:11:00,14.0216,75.6086,"Reported incident of assault at Near Sahota Path, Shivamogga."
1565,101020024202601565,202601565,2025-03-25,1004,24,1,2,1,1,1,3,2025-03-25 07:37:00,2025-03-25 07:37:00,2025-03-25 07:37:00,13.0915,78.1672,"Reported incident of murder at Near Nagar, Kolar."
1566,101020024202601566,202601566,2024-04-07,1002,24,1,2,1,1,1,3,2024-04-07 02:04:00,2024-04-07 02:04:00,2024-04-07 02:04:00,12.5962,76.9081,"Reported incident of vehicle theft at Near Pandya Circle, Mandya. Suspect vehicle noticed with plate KA-53-KB-9170."
1567,101020024202601567,202601567,2024-07-20,1003,24,1,2,1,1,1,3,2024-07-20 01:40:00,2024-07-20 01:40:00,2024-07-20 01:40:00,13.2073,78.0385,"Reported incident of vehicle theft at Near Parmar Marg, Kolar. Suspect vehicle noticed with plate KA-08-M-4701."
1568,101020024202601568,202601568,2024-07-28,1002,24,1,1,2,4,1,3,2024-07-28 18:23:00,2024-07-28 18:23:00,2024-07-28 18:23:00,17.3473,76.8724,"Reported incident of assault at Near Master Zila, Kalaburagi."
1569,104430024202601569,202601569,2025-04-28,1004,24,1,2,1,1,1,1,2025-04-28 00:57:00,2025-04-28 00:57:00,2025-04-28 00:57:00,12.9664,77.5716,"Reported incident of cybercrime at Near Dara Circle, Bengaluru Urban."
1570,104430024202601570,202601570,2024-05-24,1001,24,1,2,1,1,1,1,2024-05-24 09:00:00,2024-05-24 09:00:00,2024-05-24 09:00:00,13.0111,77.5605,"Reported incident of fraud at Near Soni Nagar, Bengaluru Urban."
1571,101020024202601571,202601571,2025-04-25,1004,24,1,2,1,1,1,3,2025-04-25 01:07:00,2025-04-25 01:07:00,2025-04-25 01:07:00,14.0013,75.5121,"Reported incident of burglary at Near Dugal, Shivamogga."
1572,104430024202601572,202601572,2024-02-04,1004,24,1,2,1,1,1,1,2024-02-04 17:59:00,2024-02-04 17:59:00,2024-02-04 17:59:00,13.0019,77.641,"Reported incident of murder at Near Baral, Bengaluru Urban."
1573,101020024202601573,202601573,2025-05-02,1002,24,1,2,1,1,2,3,2025-05-02 08:59:00,2025-05-02 08:59:00,2025-05-02 08:59:00,13.3048,77.0902,"Reported incident of eve teasing at Near Balay Ganj, Tumakuru."
1574,101020024202601574,202601574,2024-10-03,1003,24,1,1,2,4,1,3,2024-10-03 08:44:00,2024-10-03 08:44:00,2024-10-03 08:44:00,15.0724,76.989,"Reported incident of assault at Near Sarna Chowk, Ballari."
1575,104430024202601575,202601575,2024-03-07,1002,24,1,2,1,1,1,1,2024-03-07 08:46:00,2024-03-07 08:46:00,2024-03-07 08:46:00,13.0268,77.5492,"Reported incident of domestic violence at Near Oommen Road, Bengaluru Urban."
1576,101020024202601576,202601576,2024-08-18,1003,24,1,2,1,1,1,3,2024-08-18 14:41:00,2024-08-18 14:41:00,2024-08-18 14:41:00,16.2372,77.3071,"Reported incident of eve teasing at Near Borra Circle, Raichur."
1577,101020024202601577,202601577,2025-03-09,1004,24,1,2,1,1,1,3,2025-03-09 02:46:00,2025-03-09 02:46:00,2025-03-09 02:46:00,13.9937,75.6088,"Reported incident of cybercrime at Near Ramanathan Chowk, Shivamogga."
1578,101020024202601578,202601578,2024-11-27,1004,24,1,2,1,1,2,3,2024-11-27 15:50:00,2024-11-27 15:50:00,2024-11-27 15:50:00,14.5125,75.91,"Reported incident of vehicle theft at Near Desai Chowk, Davangere. Suspect vehicle noticed with plate KA-23-A-2946."
1579,101020024202601579,202601579,2025-02-22,1004,24,1,1,1,2,1,3,2025-02-22 02:20:00,2025-02-22 02:20:00,2025-02-22 02:20:00,15.2987,75.0793,"Reported incident of robbery at Near Garg Marg, Hubballi-Dharwad. Suspect vehicle noticed with plate KA-22-M-2667."
1580,101020024202601580,202601580,2024-10-21,1001,24,1,2,1,1,1,3,2024-10-21 16:18:00,2024-10-21 16:18:00,2024-10-21 16:18:00,15.0824,76.931,"Reported incident of hit and run at Near Yogi Zila, Ballari."
1581,104430024202601581,202601581,2024-09-27,1001,24,1,2,1,1,1,1,2024-09-27 21:32:00,2024-09-27 21:32:00,2024-09-27 21:32:00,13.286,77.6628,"Reported incident of burglary at Near Dani Path, Bengaluru Rural."
1582,104430024202601582,202601582,2025-02-22,1001,24,1,1,2,4,1,1,2025-02-22 23:39:00,2025-02-22 23:39:00,2025-02-22 23:39:00,12.9854,77.5502,"Reported incident of assault at Near Srinivas Street, Bengaluru Urban."
1583,101020024202601583,202601583,2024-02-09,1002,24,1,2,1,1,1,3,2024-02-09 07:12:00,2024-02-09 07:12:00,2024-02-09 07:12:00,15.3439,76.2335,"Reported incident of burglary at Near Kashyap Chowk, Koppal."
1584,101020024202601584,202601584,2024-11-27,1001,24,1,2,1,3,1,3,2024-11-27 06:40:00,2024-11-27 06:40:00,2024-11-27 06:40:00,13.1174,78.1268,"Reported incident of chain snatching at Near Nadkarni Street, Kolar. Suspect vehicle noticed with plate KA-51-M-6898."
1585,101020024202601585,202601585,2024-05-15,1001,24,1,2,1,1,1,3,2024-05-15 17:15:00,2024-05-15 17:15:00,2024-05-15 17:15:00,15.326,75.1602,"Reported incident of burglary at Near Srivastava Ganj, Hubballi-Dharwad."
1586,101020024202601586,202601586,2025-03-24,1002,24,1,2,1,1,2,3,2025-03-24 09:21:00,2025-03-24 09:21:00,2025-03-24 09:21:00,14.0207,75.5908,"Reported incident of fraud at Near Dada Zila, Shivamogga."
1587,104430024202601587,202601587,2025-04-19,1003,24,1,2,1,1,1,1,2025-04-19 09:58:00,2025-04-19 09:58:00,2025-04-19 09:58:00,12.9953,77.5671,"Reported incident of eve teasing at Near Bhasin Chowk, Bengaluru Urban."
1588,101020024202601588,202601588,2024-10-17,1004,24,1,2,1,3,1,3,2024-10-17 20:36:00,2024-10-17 20:36:00,2024-10-17 20:36:00,16.2098,77.3274,"Reported incident of chain snatching at Near Kade Ganj, Raichur. Suspect vehicle noticed with plate KA-26-KB-9515."
1589,104430024202601589,202601589,2024-12-14,1004,24,1,2,1,3,1,1,2024-12-14 14:38:00,2024-12-14 14:38:00,2024-12-14 14:38:00,13.0156,77.5659,"Reported incident of chain snatching at Near Sibal Ganj, Bengaluru Urban. Suspect vehicle noticed with plate KA-22-A-2998."
1590,101020024202601590,202601590,2024-06-24,1002,24,1,2,1,1,1,3,2024-06-24 07:27:00,2024-06-24 07:27:00,2024-06-24 07:27:00,15.2081,76.8633,"Reported incident of vehicle theft at Near Som Path, Ballari. Suspect vehicle noticed with plate KA-20-KB-2406."
1591,101020024202601591,202601591,2024-10-21,1001,24,1,2,1,1,2,3,2024-10-21 05:17:00,2024-10-21 05:17:00,2024-10-21 05:17:00,13.3099,74.7506,"Reported incident of vehicle theft at Near Rao Marg, Udupi. Suspect vehicle noticed with plate KA-36-KB-2634."
1592,104430024202601592,202601592,2024-09-08,1003,24,1,2,1,1,1,1,2024-09-08 05:47:00,2024-09-08 05:47:00,2024-09-08 05:47:00,13.0156,77.6246,"Reported incident of kidnapping at Near Kala Chowk, Bengaluru Urban."
1593,104430024202601593,202601593,2024-09-28,1001,24,1,2,1,1,1,1,2024-09-28 20:35:00,2024-09-28 20:35:00,2024-09-28 20:35:00,13.0006,77.5759,"Reported incident of eve teasing at Near Sodhi Marg, Bengaluru Urban."
1594,104430024202601594,202601594,2024-08-24,1002,24,1,2,1,1,1,1,2024-08-24 08:15:00,2024-08-24 08:15:00,2024-08-24 08:15:00,13.021,77.5607,"Reported incident of vehicle theft at Near Thakkar Path, Bengaluru Urban. Suspect vehicle noticed with plate KA-53-A-8417."
1595,101020024202601595,202601595,2024-02-25,1001,24,1,2,1,1,1,3,2024-02-25 18:01:00,2024-02-25 18:01:00,2024-02-25 18:01:00,15.8274,74.5277,"Reported incident of vehicle theft at Near Kashyap Street, Belagavi. Suspect vehicle noticed with plate KA-16-KB-5735."
1596,101020024202601596,202601596,2024-10-10,1003,24,1,1,1,2,1,3,2024-10-10 04:19:00,2024-10-10 04:19:00,2024-10-10 04:19:00,16.8648,75.6352,"Reported incident of robbery at Near Barad Ganj, Vijayapura. Suspect vehicle noticed with plate KA-32-KA-9540."
1597,101020024202601597,202601597,2024-12-26,1002,24,1,2,1,3,1,3,2024-12-26 12:50:00,2024-12-26 12:50:00,2024-12-26 12:50:00,15.3955,76.0931,"Reported incident of chain snatching at Near Deshmukh Zila, Koppal. Suspect vehicle noticed with plate KA-38-A-6579."
1598,101020024202601598,202601598,2024-02-27,1004,24,1,2,1,1,1,3,2024-02-27 19:31:00,2024-02-27 19:31:00,2024-02-27 19:31:00,13.2962,75.7796,"Reported incident of senior citizen crime at Near Dugal, Chikkamagaluru."
1599,101020024202601599,202601599,2024-07-28,1004,24,1,2,1,1,1,3,2024-07-28 22:56:00,2024-07-28 22:56:00,2024-07-28 22:56:00,12.3495,76.5777,"Reported incident of drug offence at Near Chaudhari, Mysuru."
1600,104430024202601600,202601600,2024-05-24,1001,24,1,2,1,1,1,1,2024-05-24 07:52:00,2024-05-24 07:52:00,2024-05-24 07:52:00,12.9649,77.6195,"Reported incident of murder at Near Dass Ganj, Bengaluru Urban."
1601,104430024202601601,202601601,2024-06-07,1001,24,1,2,1,1,1,1,2024-06-07 12:35:00,2024-06-07 12:35:00,2024-06-07 12:35:00,12.996,77.5861,"Reported incident of vehicle theft at Near Banik Street, Bengaluru Urban. Suspect vehicle noticed with plate KA-06-M-9555."
1602,101020024202601602,202601602,2025-01-27,1001,24,1,2,1,1,2,3,2025-01-27 21:29:00,2025-01-27 21:29:00,2025-01-27 21:29:00,13.3015,75.7304,"Reported incident of burglary at Near Deshmukh Circle, Chikkamagaluru."
1603,101020024202601603,202601603,2025-01-28,1003,24,1,2,1,1,1,3,2025-01-28 10:23:00,2025-01-28 10:23:00,2025-01-28 10:23:00,15.3065,75.0965,"Reported incident of fraud at Near Prabhu Nagar, Hubballi-Dharwad."
1604,104430024202601604,202601604,2024-10-25,1001,24,1,2,1,1,1,1,2024-10-25 19:03:00,2024-10-25 19:03:00,2024-10-25 19:03:00,13.0107,77.6401,"Reported incident of vehicle theft at Near Gopal, Bengaluru Urban. Suspect vehicle noticed with plate KA-11-N-2293."
1605,101020024202601605,202601605,2024-10-28,1001,24,1,2,1,1,1,3,2024-10-28 01:22:00,2024-10-28 01:22:00,2024-10-28 01:22:00,13.3105,75.6995,"Reported incident of vehicle theft at Near Kumar Zila, Chikkamagaluru. Suspect vehicle noticed with plate KA-03-KA-7714."
1606,101020024202601606,202601606,2024-02-18,1003,24,1,2,1,1,1,3,2024-02-18 06:20:00,2024-02-18 06:20:00,2024-02-18 06:20:00,16.2575,77.3415,"Reported incident of burglary at Near Nazareth Ganj, Raichur."
1607,104430024202601607,202601607,2025-01-13,1001,24,1,1,2,4,1,1,2025-01-13 16:14:00,2025-01-13 16:14:00,2025-01-13 16:14:00,12.8698,77.5603,"Reported incident of assault at Near Dara Street, Bengaluru Urban."
1608,101020024202601608,202601608,2024-03-20,1001,24,1,1,1,2,1,3,2024-03-20 00:43:00,2024-03-20 00:43:00,2024-03-20 00:43:00,14.0189,75.5811,"Reported incident of robbery at Near Nagy, Shivamogga. Suspect vehicle noticed with plate KA-10-KB-6072."
1609,101020024202601609,202601609,2025-03-12,1004,24,1,2,1,1,1,3,2025-03-12 10:26:00,2025-03-12 10:26:00,2025-03-12 10:26:00,13.9527,75.4926,"Reported incident of cybercrime at Near Jain Chowk, Shivamogga."
1610,101020024202601610,202601610,2024-01-05,1003,24,1,2,1,1,1,3,2024-01-05 15:24:00,2024-01-05 15:24:00,2024-01-05 15:24:00,15.0882,76.9664,"Reported incident of murder at Near Dhaliwal, Ballari."
1611,101020024202601611,202601611,2025-03-14,1001,24,1,2,1,3,1,3,2025-03-14 20:08:00,2025-03-14 20:08:00,2025-03-14 20:08:00,15.8785,74.4208,"Reported incident of chain snatching at Near Borah Marg, Belagavi. Suspect vehicle noticed with plate KA-49-N-9759."
1612,104430024202601612,202601612,2024-11-26,1003,24,1,2,1,1,2,1,2024-11-26 20:56:00,2024-11-26 20:56:00,2024-11-26 20:56:00,12.9631,77.6055,"Reported incident of property crime at Near Master Path, Bengaluru Urban."
1613,101020024202601613,202601613,2024-10-02,1003,24,1,2,1,1,1,3,2024-10-02 11:39:00,2024-10-02 11:39:00,2024-10-02 11:39:00,13.1571,78.1799,"Reported incident of vehicle theft at Near Seshadri Road, Kolar. Suspect vehicle noticed with plate KA-20-N-9833."
1614,101020024202601614,202601614,2024-10-14,1002,24,1,2,1,3,1,3,2024-10-14 15:55:00,2024-10-14 15:55:00,2024-10-14 15:55:00,12.3332,76.5821,"Reported incident of chain snatching at Near Pal Path, Mysuru. Suspect vehicle noticed with plate KA-14-KB-9638."
1615,101020024202601615,202601615,2024-07-12,1002,24,1,1,2,4,1,3,2024-07-12 09:53:00,2024-07-12 09:53:00,2024-07-12 09:53:00,13.3213,74.6934,"Reported incident of assault at Near Toor, Udupi."
1616,101020024202601616,202601616,2025-03-31,1004,24,1,2,1,1,1,3,2025-03-31 08:24:00,2025-03-31 08:24:00,2025-03-31 08:24:00,15.3102,76.1009,"Reported incident of cybercrime at Near Char Path, Koppal."
1617,101020024202601617,202601617,2024-02-26,1002,24,1,2,1,3,2,3,2024-02-26 07:25:00,2024-02-26 07:25:00,2024-02-26 07:25:00,17.3399,76.9015,"Reported incident of chain snatching at Near Desai Ganj, Kalaburagi. Suspect vehicle noticed with plate KA-18-B-7631."
1618,104430024202601618,202601618,2025-02-19,1002,24,1,2,1,1,1,1,2025-02-19 07:08:00,2025-02-19 07:08:00,2025-02-19 07:08:00,12.9823,77.5662,"Reported incident of drug offence at Near Nagy Chowk, Bengaluru Urban."
1619,101020024202601619,202601619,2025-03-17,1001,24,1,2,1,1,1,3,2025-03-17 04:44:00,2025-03-17 04:44:00,2025-03-17 04:44:00,12.5057,76.9714,"Reported incident of eve teasing at Near Sinha, Mandya."
1620,104430024202601620,202601620,2025-05-03,1004,24,1,2,1,1,1,1,2025-05-03 08:06:00,2025-05-03 08:06:00,2025-05-03 08:06:00,13.0157,77.6556,"Reported incident of burglary at Near Rai Path, Bengaluru Urban."
1621,104430024202601621,202601621,2024-08-25,1004,24,1,2,1,1,1,1,2024-08-25 01:40:00,2024-08-25 01:40:00,2024-08-25 01:40:00,12.9821,77.5474,"Reported incident of vehicle theft at Near Varghese Path, Bengaluru Urban. Suspect vehicle noticed with plate KA-16-A-3971."
1622,101020024202601622,202601622,2024-07-21,1004,24,1,2,1,1,1,3,2024-07-21 18:28:00,2024-07-21 18:28:00,2024-07-21 18:28:00,12.8652,74.8581,"Reported incident of vehicle theft at Near Bumb Marg, Mangaluru (Dakshina Kannada). Suspect vehicle noticed with plate KA-18-A-7904."
1623,104430024202601623,202601623,2025-03-09,1003,24,1,2,1,1,1,1,2025-03-09 14:37:00,2025-03-09 14:37:00,2025-03-09 14:37:00,12.994,77.6334,"Reported incident of vehicle theft at Near Dixit Ganj, Bengaluru Urban. Suspect vehicle noticed with plate KA-03-KB-7069."
1624,101020024202601624,202601624,2024-09-25,1002,24,1,1,2,4,1,3,2024-09-25 00:32:00,2024-09-25 00:32:00,2024-09-25 00:32:00,13.0531,78.0564,"Reported incident of assault at Near Chopra Nagar, Kolar."
1625,101020024202601625,202601625,2024-12-28,1003,24,1,2,1,1,1,3,2024-12-28 13:29:00,2024-12-28 13:29:00,2024-12-28 13:29:00,12.9784,76.2028,"Reported incident of hit and run at Near Vyas Ganj, Hassan."
1626,101020024202601626,202601626,2024-12-28,1001,24,1,2,1,1,3,3,2024-12-28 18:58:00,2024-12-28 18:58:00,2024-12-28 18:58:00,13.042,76.0018,"Reported incident of vehicle theft at Near Chana Ganj, Hassan. Suspect vehicle noticed with plate KA-32-B-9931."
1627,101020024202601627,202601627,2024-04-30,1001,24,1,2,1,1,1,3,2024-04-30 13:56:00,2024-04-30 13:56:00,2024-04-30 13:56:00,15.3485,75.0907,"Reported incident of burglary at Near Roy, Hubballi-Dharwad."
1628,104430024202601628,202601628,2024-01-09,1001,24,1,2,1,1,3,1,2024-01-09 08:16:00,2024-01-09 08:16:00,2024-01-09 08:16:00,12.9848,77.5537,"Reported incident of vehicle theft at Near Kant Nagar, Bengaluru Urban. Suspect vehicle noticed with plate KA-03-KB-7246."
1629,101020024202601629,202601629,2025-05-22,1004,24,1,2,1,1,1,3,2025-05-22 10:55:00,2025-05-22 10:55:00,2025-05-22 10:55:00,16.2084,77.3773,"Reported incident of hit and run at Near Palla Circle, Raichur."
1630,104430024202601630,202601630,2024-11-27,1002,24,1,2,1,1,1,1,2024-11-27 01:14:00,2024-11-27 01:14:00,2024-11-27 01:14:00,12.9017,77.5754,"Reported incident of vehicle theft at Near Sabharwal Chowk, Bengaluru Urban. Suspect vehicle noticed with plate KA-24-KB-9950."
1631,101020024202601631,202601631,2024-08-20,1003,24,1,1,2,4,1,3,2024-08-20 00:42:00,2024-08-20 00:42:00,2024-08-20 00:42:00,16.7638,75.7903,"Reported incident of assault at Near Sen Path, Vijayapura."
1632,101020024202601632,202601632,2024-08-08,1001,24,1,2,1,1,1,3,2024-08-08 21:43:00,2024-08-08 21:43:00,2024-08-08 21:43:00,16.7789,75.7393,"Reported incident of cybercrime at Near Bhakta Circle, Vijayapura."
1633,101020024202601633,202601633,2025-04-24,1001,24,1,2,1,1,1,3,2025-04-24 02:03:00,2025-04-24 02:03:00,2025-04-24 02:03:00,15.3172,75.1284,"Reported incident of cybercrime at Near Chaudhari Ganj, Hubballi-Dharwad."
1634,104430024202601634,202601634,2025-05-17,1002,24,1,2,1,1,2,1,2025-05-17 00:12:00,2025-05-17 00:12:00,2025-05-17 00:12:00,12.9909,77.5731,"Reported incident of drug offence at Near Modi Road, Bengaluru Urban."
1635,104430024202601635,202601635,2024-10-24,1002,24,1,2,1,1,1,1,2024-10-24 14:12:00,2024-10-24 14:12:00,2024-10-24 14:12:00,12.8888,77.5406,"Reported incident of vehicle theft at Near Kota Path, Bengaluru Urban. Suspect vehicle noticed with plate KA-03-KA-7322."
1636,104430024202601636,202601636,2024-10-05,1004,24,1,2,1,3,1,1,2024-10-05 21:49:00,2024-10-05 21:49:00,2024-10-05 21:49:00,12.8667,77.5841,"Reported incident of chain snatching at Near Gokhale Circle, Bengaluru Urban. Suspect vehicle noticed with plate KA-40-A-2509."
1637,101020024202601637,202601637,2025-04-24,1004,24,1,2,1,1,3,3,2025-04-24 19:58:00,2025-04-24 19:58:00,2025-04-24 19:58:00,16.8593,75.6638,"Reported incident of fraud at Near Tella Ganj, Vijayapura."
1638,101020024202601638,202601638,2024-11-21,1003,24,1,2,1,3,1,3,2024-11-21 10:46:00,2024-11-21 10:46:00,2024-11-21 10:46:00,13.0758,76.0369,"Reported incident of chain snatching at Near Bora Ganj, Hassan. Suspect vehicle noticed with plate KA-54-KA-1865."
1639,101020024202601639,202601639,2024-12-13,1003,24,1,2,1,1,1,3,2024-12-13 17:35:00,2024-12-13 17:35:00,2024-12-13 17:35:00,13.952,75.637,"Reported incident of vehicle theft at Near Varughese Zila, Shivamogga. Suspect vehicle noticed with plate KA-09-N-8115."
1640,104430024202601640,202601640,2024-04-01,1001,24,1,2,1,1,1,1,2024-04-01 14:08:00,2024-04-01 14:08:00,2024-04-01 14:08:00,13.0032,77.6273,"Reported incident of vehicle theft at Near Bose Circle, Bengaluru Urban. Suspect vehicle noticed with plate KA-46-A-9241."
1641,101020024202601641,202601641,2024-10-21,1001,24,1,2,1,1,1,3,2024-10-21 22:40:00,2024-10-21 22:40:00,2024-10-21 22:40:00,12.5521,76.8845,"Reported incident of murder at Near Shetty Circle, Mandya."
1642,101020024202601642,202601642,2024-10-15,1002,24,1,2,1,1,1,3,2024-10-15 18:27:00,2024-10-15 18:27:00,2024-10-15 18:27:00,15.3844,76.1921,"Reported incident of fraud at Near Vala Ganj, Koppal."
1643,101020024202601643,202601643,2024-08-30,1001,24,1,2,1,1,1,3,2024-08-30 12:54:00,2024-08-30 12:54:00,2024-08-30 12:54:00,13.3364,75.6955,"Reported incident of cybercrime at Near Dar Circle, Chikkamagaluru."
1644,101020024202601644,202601644,2024-04-01,1002,24,1,2,1,1,2,3,2024-04-01 11:04:00,2024-04-01 11:04:00,2024-04-01 11:04:00,12.5924,76.8877,"Reported incident of vehicle theft at Near Golla Chowk, Mandya. Suspect vehicle noticed with plate KA-44-B-5052."
1645,101020024202601645,202601645,2024-07-22,1002,24,1,2,1,1,1,3,2024-07-22 17:30:00,2024-07-22 17:30:00,2024-07-22 17:30:00,12.6133,76.8072,"Reported incident of fraud at Near Sarkar Zila, Mandya."
1646,101020024202601646,202601646,2025-04-22,1003,24,1,2,1,1,2,3,2025-04-22 01:51:00,2025-04-22 01:51:00,2025-04-22 01:51:00,13.0652,76.1759,"Reported incident of vehicle theft at Near Bajaj Ganj, Hassan. Suspect vehicle noticed with plate KA-49-B-8794."
1647,104430024202601647,202601647,2025-02-08,1004,24,1,2,1,1,1,1,2025-02-08 11:43:00,2025-02-08 11:43:00,2025-02-08 11:43:00,13.0244,77.5629,"Reported incident of eve teasing at Near Lad Chowk, Bengaluru Urban."
1648,101020024202601648,202601648,2025-04-14,1002,24,1,1,1,2,1,3,2025-04-14 10:16:00,2025-04-14 10:16:00,2025-04-14 10:16:00,13.3172,74.7346,"Reported incident of robbery at Near Kalla Zila, Udupi. Suspect vehicle noticed with plate KA-10-KB-4354."
1649,101020024202601649,202601649,2025-05-25,1004,24,1,2,1,1,1,3,2025-05-25 19:11:00,2025-05-25 19:11:00,2025-05-25 19:11:00,16.7799,75.6399,"Reported incident of burglary at Near Baria Street, Vijayapura."
1650,101020024202601650,202601650,2025-05-24,1004,24,1,2,1,1,1,3,2025-05-24 08:21:00,2025-05-24 08:21:00,2025-05-24 08:21:00,16.1267,77.4364,"Reported incident of vehicle theft at Near Gokhale Street, Raichur. Suspect vehicle noticed with plate KA-10-KA-5983."
1651,101020024202601651,202601651,2025-02-24,1003,24,1,2,1,1,1,3,2025-02-24 21:51:00,2025-02-24 21:51:00,2025-02-24 21:51:00,13.2864,77.0855,"Reported incident of fraud at Near Dass Path, Tumakuru."
1652,101020024202601652,202601652,2024-01-14,1004,24,1,2,1,1,1,3,2024-01-14 06:58:00,2024-01-14 06:58:00,2024-01-14 06:58:00,14.5414,75.9172,"Reported incident of burglary at Near Kari, Davangere."
1653,101020024202601653,202601653,2024-02-23,1004,24,1,2,1,1,2,3,2024-02-23 10:03:00,2024-02-23 10:03:00,2024-02-23 10:03:00,12.4947,76.8853,"Reported incident of vehicle theft at Near Dubey Zila, Mandya. Suspect vehicle noticed with plate KA-30-KB-9689."
1654,104430024202601654,202601654,2024-10-16,1004,24,1,2,1,1,1,1,2024-10-16 01:46:00,2024-10-16 01:46:00,2024-10-16 01:46:00,12.9902,77.5621,"Reported incident of vehicle theft at Near Kata Path, Bengaluru Urban. Suspect vehicle noticed with plate KA-10-KB-3369."
1655,101020024202601655,202601655,2025-01-03,1003,24,1,2,1,1,1,3,2025-01-03 19:11:00,2025-01-03 19:11:00,2025-01-03 19:11:00,13.2768,74.7368,"Reported incident of cybercrime at Near Muni Street, Udupi."
1656,104430024202601656,202601656,2024-05-14,1003,24,1,1,2,4,1,1,2024-05-14 12:55:00,2024-05-14 12:55:00,2024-05-14 12:55:00,13.263,77.6521,"Reported incident of assault at Near Goda Nagar, Bengaluru Rural."
1657,104430024202601657,202601657,2024-09-08,1002,24,1,2,1,3,1,1,2024-09-08 13:31:00,2024-09-08 13:31:00,2024-09-08 13:31:00,13.3014,77.6526,"Reported incident of chain snatching at Near Murty Road, Bengaluru Rural. Suspect vehicle noticed with plate KA-15-B-1914."
1658,104430024202601658,202601658,2024-02-01,1004,24,1,2,1,1,1,1,2024-02-01 15:43:00,2024-02-01 15:43:00,2024-02-01 15:43:00,13.2842,77.543,"Reported incident of cybercrime at Near Gokhale Marg, Bengaluru Rural."
1659,101020024202601659,202601659,2024-03-27,1004,24,1,2,1,1,1,3,2024-03-27 14:27:00,2024-03-27 14:27:00,2024-03-27 14:27:00,15.3967,76.1866,"Reported incident of murder at Near D’Alia Chowk, Koppal."
1660,101020024202601660,202601660,2024-11-02,1003,24,1,1,1,2,1,3,2024-11-02 02:47:00,2024-11-02 02:47:00,2024-11-02 02:47:00,13.3436,75.7344,"Reported incident of robbery at Near Mital Path, Chikkamagaluru. Suspect vehicle noticed with plate KA-48-KB-8929."
1661,104430024202601661,202601661,2024-12-19,1003,24,1,2,1,1,1,1,2024-12-19 12:08:00,2024-12-19 12:08:00,2024-12-19 12:08:00,12.9915,77.6518,"Reported incident of fraud at Near Vyas Street, Bengaluru Urban."
1662,101020024202601662,202601662,2024-10-31,1002,24,1,1,1,2,1,3,2024-10-31 12:04:00,2024-10-31 12:04:00,2024-10-31 12:04:00,17.3767,76.8347,"Reported incident of robbery at Near Gola Marg, Kalaburagi. Suspect vehicle noticed with plate KA-28-M-1657."
1663,104430024202601663,202601663,2024-03-18,1003,24,1,1,2,4,1,1,2024-03-18 13:44:00,2024-03-18 13:44:00,2024-03-18 13:44:00,12.9975,77.5212,"Reported incident of assault at Near Dugar Path, Bengaluru Urban."
1664,101020024202601664,202601664,2025-05-25,1001,24,1,2,1,3,1,3,2025-05-25 16:56:00,2025-05-25 16:56:00,2025-05-25 16:56:00,15.0528,76.9184,"Reported incident of chain snatching at Near Sampath Nagar, Ballari. Suspect vehicle noticed with plate KA-25-B-7042."
1665,101020024202601665,202601665,2024-02-22,1001,24,1,2,1,1,1,3,2024-02-22 03:01:00,2024-02-22 03:01:00,2024-02-22 03:01:00,13.3492,74.7176,"Reported incident of fraud at Near Sankar Ganj, Udupi."
1666,104430024202601666,202601666,2024-11-16,1004,24,1,2,1,1,1,1,2024-11-16 02:32:00,2024-11-16 02:32:00,2024-11-16 02:32:00,12.9715,77.5576,"Reported incident of eve teasing at Near Palla Chowk, Bengaluru Urban."
1667,101020024202601667,202601667,2024-10-01,1002,24,1,2,1,1,1,3,2024-10-01 11:17:00,2024-10-01 11:17:00,2024-10-01 11:17:00,16.1402,77.426,"Reported incident of vehicle theft at Near Rajagopal, Raichur. Suspect vehicle noticed with plate KA-11-A-5165."
1668,101020024202601668,202601668,2024-12-07,1002,24,1,2,1,1,1,3,2024-12-07 00:58:00,2024-12-07 00:58:00,2024-12-07 00:58:00,12.4672,76.923,"Reported incident of vehicle theft at Near Sarin Zila, Mandya. Suspect vehicle noticed with plate KA-48-A-7844."
1669,101020024202601669,202601669,2024-11-10,1001,24,1,2,1,1,1,3,2024-11-10 07:30:00,2024-11-10 07:30:00,2024-11-10 07:30:00,13.2797,77.0965,"Reported incident of vehicle theft at Near Bassi, Tumakuru. Suspect vehicle noticed with plate KA-07-KB-2578."
1670,104430024202601670,202601670,2024-05-16,1004,24,1,2,1,1,1,1,2024-05-16 16:26:00,2024-05-16 16:26:00,2024-05-16 16:26:00,12.9856,77.5676,"Reported incident of burglary at Near Sharaf Circle, Bengaluru Urban."
1671,101020024202601671,202601671,2024-01-28,1001,24,1,2,1,3,1,3,2024-01-28 17:38:00,2024-01-28 17:38:00,2024-01-28 17:38:00,12.5762,76.832,"Reported incident of chain snatching at Near Bora Chowk, Mandya. Suspect vehicle noticed with plate KA-06-KB-5583."
1672,101020024202601672,202601672,2024-06-13,1002,24,1,2,1,1,1,3,2024-06-13 19:48:00,2024-06-13 19:48:00,2024-06-13 19:48:00,12.5301,76.9518,"Reported incident of fraud at Near Kalla Chowk, Mandya."
1673,101020024202601673,202601673,2024-09-13,1003,24,1,2,1,3,1,3,2024-09-13 05:41:00,2024-09-13 05:41:00,2024-09-13 05:41:00,13.2768,77.0731,"Reported incident of chain snatching at Near Karan Nagar, Tumakuru. Suspect vehicle noticed with plate KA-12-B-6016."
1674,101020024202601674,202601674,2024-12-23,1002,24,1,2,1,1,1,3,2024-12-23 01:41:00,2024-12-23 01:41:00,2024-12-23 01:41:00,15.2802,75.2084,"Reported incident of property crime at Near De Marg, Hubballi-Dharwad."
1675,104430024202601675,202601675,2024-05-21,1003,24,1,2,1,1,1,1,2024-05-21 21:36:00,2024-05-21 21:36:00,2024-05-21 21:36:00,12.9891,77.6617,"Reported incident of vehicle theft at Near Barad Path, Bengaluru Urban. Suspect vehicle noticed with plate KA-52-A-9112."
1676,101020024202601676,202601676,2024-04-15,1002,24,1,2,1,1,3,3,2024-04-15 08:46:00,2024-04-15 08:46:00,2024-04-15 08:46:00,12.9328,76.0801,"Reported incident of vehicle theft at Near Mane Zila, Hassan. Suspect vehicle noticed with plate KA-25-KB-7118."
1677,104430024202601677,202601677,2025-05-05,1002,24,1,2,1,1,1,1,2025-05-05 19:37:00,2025-05-05 19:37:00,2025-05-05 19:37:00,13.0367,77.5436,"Reported incident of fraud at Near Toor Circle, Bengaluru Urban."
1678,101020024202601678,202601678,2024-07-07,1001,24,1,2,1,1,2,3,2024-07-07 08:06:00,2024-07-07 08:06:00,2024-07-07 08:06:00,17.2789,76.8131,"Reported incident of vehicle theft at Near Mittal Ganj, Kalaburagi. Suspect vehicle noticed with plate KA-05-KB-3839."
1679,101020024202601679,202601679,2024-12-22,1002,24,1,2,1,1,1,3,2024-12-22 18:57:00,2024-12-22 18:57:00,2024-12-22 18:57:00,13.4074,77.079,"Reported incident of vehicle theft at Near Anand Chowk, Tumakuru. Suspect vehicle noticed with plate KA-08-A-3982."
1680,104430024202601680,202601680,2025-02-24,1002,24,1,2,1,1,1,1,2025-02-24 06:26:00,2025-02-24 06:26:00,2025-02-24 06:26:00,13.006,77.58,"Reported incident of burglary at Near Thaman Chowk, Bengaluru Urban."
1681,104430024202601681,202601681,2025-05-02,1003,24,1,2,1,1,1,1,2025-05-02 13:08:00,2025-05-02 13:08:00,2025-05-02 13:08:00,12.9904,77.5451,"Reported incident of property crime at Near Raju Nagar, Bengaluru Urban."
1682,101020024202601682,202601682,2024-12-06,1003,24,1,2,1,1,1,3,2024-12-06 17:58:00,2024-12-06 17:58:00,2024-12-06 17:58:00,16.2117,77.3532,"Reported incident of domestic violence at Near Lala Road, Raichur."
1683,101020024202601683,202601683,2024-03-18,1004,24,1,1,2,4,2,3,2024-03-18 13:09:00,2024-03-18 13:09:00,2024-03-18 13:09:00,16.2116,77.3628,"Reported incident of assault at Near Kannan Ganj, Raichur."
1684,104430024202601684,202601684,2025-04-30,1003,24,1,2,1,1,1,1,2025-04-30 13:07:00,2025-04-30 13:07:00,2025-04-30 13:07:00,13.0088,77.6384,"Reported incident of fraud at Near Venkatesh Nagar, Bengaluru Urban."
1685,101020024202601685,202601685,2024-10-09,1003,24,1,2,1,1,2,3,2024-10-09 14:54:00,2024-10-09 14:54:00,2024-10-09 14:54:00,15.8845,74.42,"Reported incident of vehicle theft at Near Dua Ganj, Belagavi. Suspect vehicle noticed with plate KA-17-N-1364."
1686,101020024202601686,202601686,2025-01-13,1003,24,1,1,2,4,1,3,2025-01-13 15:49:00,2025-01-13 15:49:00,2025-01-13 15:49:00,16.2492,77.3171,"Reported incident of assault at Near Kaur Circle, Raichur."
1687,104430024202601687,202601687,2025-01-07,1004,24,1,2,1,1,1,1,2025-01-07 01:50:00,2025-01-07 01:50:00,2025-01-07 01:50:00,13.0193,77.5968,"Reported incident of cybercrime at Near Dugar Chowk, Bengaluru Urban."
1688,104430024202601688,202601688,2024-10-10,1003,24,1,2,1,1,2,1,2024-10-10 18:07:00,2024-10-10 18:07:00,2024-10-10 18:07:00,13.0137,77.623,"Reported incident of vehicle theft at Near Bir Circle, Bengaluru Urban. Suspect vehicle noticed with plate KA-35-KA-2143."
1689,101020024202601689,202601689,2024-06-15,1004,24,1,2,1,1,2,3,2024-06-15 20:03:00,2024-06-15 20:03:00,2024-06-15 20:03:00,13.061,78.0672,"Reported incident of burglary at Near Dhar Nagar, Kolar."
1690,101020024202601690,202601690,2024-07-24,1004,24,1,2,1,1,1,3,2024-07-24 11:15:00,2024-07-24 11:15:00,2024-07-24 11:15:00,16.7777,75.6762,"Reported incident of burglary at Near Kota Zila, Vijayapura."
1691,101020024202601691,202601691,2025-02-02,1003,24,1,2,1,1,1,3,2025-02-02 20:55:00,2025-02-02 20:55:00,2025-02-02 20:55:00,12.6071,76.8131,"Reported incident of vehicle theft at Near Khanna Path, Mandya. Suspect vehicle noticed with plate KA-42-B-7991."
1692,101020024202601692,202601692,2024-01-16,1003,24,1,2,1,1,1,3,2024-01-16 07:18:00,2024-01-16 07:18:00,2024-01-16 07:18:00,17.9032,77.479,"Reported incident of cybercrime at Near Sekhon Chowk, Bidar."
1693,101020024202601693,202601693,2025-01-19,1001,24,1,2,1,1,1,3,2025-01-19 14:53:00,2025-01-19 14:53:00,2025-01-19 14:53:00,16.7708,75.7004,"Reported incident of drug offence at Near Chhabra Path, Vijayapura."
1694,101020024202601694,202601694,2024-04-22,1001,24,1,2,1,1,1,3,2024-04-22 06:19:00,2024-04-22 06:19:00,2024-04-22 06:19:00,16.7767,75.6644,"Reported incident of burglary at Near Barman Street, Vijayapura."
1695,101020024202601695,202601695,2024-07-20,1002,24,1,2,1,1,1,3,2024-07-20 09:36:00,2024-07-20 09:36:00,2024-07-20 09:36:00,12.8599,74.8604,"Reported incident of fraud at Near Patla Ganj, Mangaluru (Dakshina Kannada)."
1696,101020024202601696,202601696,2024-09-11,1003,24,1,2,1,1,1,3,2024-09-11 10:21:00,2024-09-11 10:21:00,2024-09-11 10:21:00,13.2831,74.7143,"Reported incident of fraud at Near Subramaniam Circle, Udupi."
1697,104430024202601697,202601697,2024-11-07,1003,24,1,2,1,1,1,1,2024-11-07 01:22:00,2024-11-07 01:22:00,2024-11-07 01:22:00,12.9945,77.5703,"Reported incident of vehicle theft at Near Dey, Bengaluru Urban. Suspect vehicle noticed with plate KA-09-B-7409."
1698,104430024202601698,202601698,2025-04-21,1002,24,1,2,1,1,1,1,2025-04-21 00:44:00,2025-04-21 00:44:00,2025-04-21 00:44:00,13.0147,77.6181,"Reported incident of fraud at Near Sani Marg, Bengaluru Urban."
1699,101020024202601699,202601699,2024-12-02,1001,24,1,2,1,1,3,3,2024-12-02 12:56:00,2024-12-02 12:56:00,2024-12-02 12:56:00,13.0616,76.0269,"Reported incident of vehicle theft at Near Sahni Chowk, Hassan. Suspect vehicle noticed with plate KA-33-N-6930."
1700,101020024202601700,202601700,2024-12-19,1001,24,1,2,1,1,1,3,2024-12-19 07:21:00,2024-12-19 07:21:00,2024-12-19 07:21:00,13.3744,77.0678,"Reported incident of vehicle theft at Near Nadkarni Street, Tumakuru. Suspect vehicle noticed with plate KA-05-M-5104."
1701,101020024202601701,202601701,2025-05-15,1004,24,1,2,1,1,2,3,2025-05-15 13:41:00,2025-05-15 13:41:00,2025-05-15 13:41:00,17.9851,77.5087,"Reported incident of hit and run at Near Mangal Chowk, Bidar."
1702,104430024202601702,202601702,2024-11-09,1004,24,1,2,1,1,1,1,2024-11-09 19:38:00,2024-11-09 19:38:00,2024-11-09 19:38:00,13.0375,77.5714,"Reported incident of vehicle theft at Near Balay Circle, Bengaluru Urban. Suspect vehicle noticed with plate KA-51-KB-2139."
1703,101020024202601703,202601703,2025-04-17,1003,24,1,2,1,1,1,3,2025-04-17 03:47:00,2025-04-17 03:47:00,2025-04-17 03:47:00,15.8076,74.5134,"Reported incident of fraud at Near Dass Nagar, Belagavi."
1704,104430024202601704,202601704,2024-06-07,1003,24,1,2,1,1,1,1,2024-06-07 13:08:00,2024-06-07 13:08:00,2024-06-07 13:08:00,12.9931,77.5723,"Reported incident of fraud at Near Golla Road, Bengaluru Urban."
1705,104430024202601705,202601705,2024-11-30,1001,24,1,1,1,2,1,1,2024-11-30 08:57:00,2024-11-30 08:57:00,2024-11-30 08:57:00,12.9703,77.5753,"Reported incident of robbery at Near Sani Chowk, Bengaluru Urban. Suspect vehicle noticed with plate KA-40-M-4510."
1706,104430024202601706,202601706,2024-12-23,1004,24,1,2,1,1,1,1,2024-12-23 20:57:00,2024-12-23 20:57:00,2024-12-23 20:57:00,12.8938,77.591,"Reported incident of vehicle theft at Near Mander Zila, Bengaluru Urban. Suspect vehicle noticed with plate KA-51-N-9742."
1707,104430024202601707,202601707,2024-09-05,1004,24,1,2,1,1,2,1,2024-09-05 18:23:00,2024-09-05 18:23:00,2024-09-05 18:23:00,12.9808,77.5418,"Reported incident of vehicle theft at Near Sunder Path, Bengaluru Urban. Suspect vehicle noticed with plate KA-29-A-8300."
1708,101020024202601708,202601708,2024-05-05,1001,24,1,1,1,2,2,3,2024-05-05 14:41:00,2024-05-05 14:41:00,2024-05-05 14:41:00,14.5356,75.9394,"Reported incident of robbery at Near Chand Chowk, Davangere. Suspect vehicle noticed with plate KA-42-M-2756."
1709,101020024202601709,202601709,2024-11-04,1002,24,1,2,1,1,1,3,2024-11-04 18:26:00,2024-11-04 18:26:00,2024-11-04 18:26:00,13.216,78.1635,"Reported incident of hit and run at Near Seth Zila, Kolar."
1710,101020024202601710,202601710,2024-03-10,1003,24,1,1,1,2,1,3,2024-03-10 14:06:00,2024-03-10 14:06:00,2024-03-10 14:06:00,16.2279,77.4301,"Reported incident of robbery at Near Rattan Nagar, Raichur. Suspect vehicle noticed with plate KA-47-B-2246."
1711,104430024202601711,202601711,2024-02-17,1001,24,1,2,1,1,1,1,2024-02-17 01:46:00,2024-02-17 01:46:00,2024-02-17 01:46:00,12.9986,77.5983,"Reported incident of fraud at Near Bhavsar Zila, Bengaluru Urban."
1712,104430024202601712,202601712,2024-07-12,1004,24,1,2,1,1,1,1,2024-07-12 04:08:00,2024-07-12 04:08:00,2024-07-12 04:08:00,13.0371,77.522,"Reported incident of vehicle theft at Near Bhardwaj Nagar, Bengaluru Urban. Suspect vehicle noticed with plate KA-01-P-6578."
1713,101020024202601713,202601713,2024-10-16,1002,24,1,2,1,1,1,3,2024-10-16 09:54:00,2024-10-16 09:54:00,2024-10-16 09:54:00,14.4687,75.9482,"Reported incident of vehicle theft at Near Bhakta Marg, Davangere. Suspect vehicle noticed with plate KA-15-A-8250."
1714,101020024202601714,202601714,2024-06-25,1004,24,1,2,1,1,1,3,2024-06-25 14:17:00,2024-06-25 14:17:00,2024-06-25 14:17:00,16.212,77.4216,"Reported incident of fraud at Near Agarwal Circle, Raichur."
1715,104430024202601715,202601715,2024-08-11,1004,24,1,2,1,1,2,1,2024-08-11 21:15:00,2024-08-11 21:15:00,2024-08-11 21:15:00,13.0024,77.5995,"Reported incident of fraud at Near Mandal Chowk, Bengaluru Urban."
1716,104430024202601716,202601716,2025-02-19,1003,24,1,1,2,4,1,1,2025-02-19 20:18:00,2025-02-19 20:18:00,2025-02-19 20:18:00,13.015,77.5255,"Reported incident of assault at Near Rastogi Path, Bengaluru Urban."
1717,104430024202601717,202601717,2024-11-20,1001,24,1,2,1,1,1,1,2024-11-20 00:53:00,2024-11-20 00:53:00,2024-11-20 00:53:00,12.92,77.5803,"Reported incident of vehicle theft at Near Dada, Bengaluru Urban. Suspect vehicle noticed with plate KA-36-N-5329."
1718,101020024202601718,202601718,2024-11-26,1001,24,1,2,1,1,1,3,2024-11-26 19:40:00,2024-11-26 19:40:00,2024-11-26 19:40:00,15.3188,76.2322,"Reported incident of vehicle theft at Near Kalita Road, Koppal. Suspect vehicle noticed with plate KA-09-A-9421."
1719,101020024202601719,202601719,2024-10-02,1001,24,1,2,1,1,1,3,2024-10-02 04:32:00,2024-10-02 04:32:00,2024-10-02 04:32:00,12.5124,76.9276,"Reported incident of vehicle theft at Near Koshy Marg, Mandya. Suspect vehicle noticed with plate KA-21-N-2842."
1720,104430024202601720,202601720,2024-06-21,1002,24,1,2,1,1,1,1,2024-06-21 23:21:00,2024-06-21 23:21:00,2024-06-21 23:21:00,13.1734,77.5904,"Reported incident of burglary at Near Kara Chowk, Bengaluru Rural."
1721,101020024202601721,202601721,2024-03-10,1003,24,1,2,1,1,1,3,2024-03-10 11:36:00,2024-03-10 11:36:00,2024-03-10 11:36:00,13.1765,78.114,"Reported incident of vehicle theft at Near Ahluwalia Circle, Kolar. Suspect vehicle noticed with plate KA-24-KA-3557."
1722,101020024202601722,202601722,2024-09-25,1003,24,1,1,1,2,2,3,2024-09-25 08:22:00,2024-09-25 08:22:00,2024-09-25 08:22:00,15.8616,74.4514,"Reported incident of robbery at Near Nori Marg, Belagavi. Suspect vehicle noticed with plate KA-07-B-8665."
1723,101020024202601723,202601723,2024-04-03,1001,24,1,2,1,1,1,3,2024-04-03 08:52:00,2024-04-03 08:52:00,2024-04-03 08:52:00,15.7809,74.4559,"Reported incident of fraud at Near Barman Road, Belagavi."
1724,104430024202601724,202601724,2024-11-27,1002,24,1,2,1,1,1,1,2024-11-27 12:51:00,2024-11-27 12:51:00,2024-11-27 12:51:00,13.0309,77.5261,"Reported incident of vehicle theft at Near Tak, Bengaluru Urban. Suspect vehicle noticed with plate KA-06-P-4345."
1725,101020024202601725,202601725,2025-02-23,1004,24,1,2,1,3,2,3,2025-02-23 07:59:00,2025-02-23 07:59:00,2025-02-23 07:59:00,12.5631,76.9271,"Reported incident of chain snatching at Near Keer Chowk, Mandya. Suspect vehicle noticed with plate KA-44-A-7371."
1726,104430024202601726,202601726,2025-06-01,1004,24,1,2,1,1,2,1,2025-06-01 22:52:00,2025-06-01 22:52:00,2025-06-01 22:52:00,13.0141,77.5264,"Reported incident of drug offence at Near Wadhwa, Bengaluru Urban."
1727,101020024202601727,202601727,2025-02-01,1003,24,1,2,1,1,2,3,2025-02-01 07:47:00,2025-02-01 07:47:00,2025-02-01 07:47:00,13.9064,75.5223,"Reported incident of vehicle theft at Near Lala, Shivamogga. Suspect vehicle noticed with plate KA-50-P-8803."
1728,101020024202601728,202601728,2024-06-24,1002,24,1,1,2,4,1,3,2024-06-24 03:29:00,2024-06-24 03:29:00,2024-06-24 03:29:00,13.9792,75.6298,"Reported incident of assault at Near Pingle Zila, Shivamogga."
1729,101020024202601729,202601729,2024-09-21,1003,24,1,2,1,1,1,3,2024-09-21 22:05:00,2024-09-21 22:05:00,2024-09-21 22:05:00,12.3428,76.5963,"Reported incident of kidnapping at Near Sahni Marg, Mysuru."
1730,101020024202601730,202601730,2025-01-04,1001,24,1,2,1,1,1,3,2025-01-04 17:47:00,2025-01-04 17:47:00,2025-01-04 17:47:00,17.8994,77.5342,"Reported incident of burglary at Near Narang Ganj, Bidar."
1731,101020024202601731,202601731,2024-03-01,1002,24,1,1,1,2,1,3,2024-03-01 15:45:00,2024-03-01 15:45:00,2024-03-01 15:45:00,14.4903,75.9613,"Reported incident of robbery at Near Ramanathan Road, Davangere. Suspect vehicle noticed with plate KA-15-P-8766."
1732,101020024202601732,202601732,2024-11-14,1002,24,1,2,1,1,1,3,2024-11-14 06:02:00,2024-11-14 06:02:00,2024-11-14 06:02:00,13.424,77.0545,"Reported incident of fraud at Near Chatterjee Road, Tumakuru."
1733,104430024202601733,202601733,2025-02-03,1002,24,1,2,1,1,3,1,2025-02-03 10:14:00,2025-02-03 10:14:00,2025-02-03 10:14:00,12.9909,77.6031,"Reported incident of property crime at Near Parekh Nagar, Bengaluru Urban."
1734,104430024202601734,202601734,2024-05-28,1004,24,1,2,1,3,2,1,2024-05-28 03:44:00,2024-05-28 03:44:00,2024-05-28 03:44:00,12.9874,77.5604,"Reported incident of chain snatching at Near Trivedi Street, Bengaluru Urban. Suspect vehicle noticed with plate KA-06-A-5580."
1735,101020024202601735,202601735,2024-11-15,1002,24,1,2,1,1,1,3,2024-11-15 16:42:00,2024-11-15 16:42:00,2024-11-15 16:42:00,15.3417,76.2213,"Reported incident of vehicle theft at Near Kata, Koppal. Suspect vehicle noticed with plate KA-34-M-5271."
1736,101020024202601736,202601736,2025-04-08,1004,24,1,2,1,1,3,3,2025-04-08 21:41:00,2025-04-08 21:41:00,2025-04-08 21:41:00,13.2933,75.716,"Reported incident of drug offence at Near Wagle Chowk, Chikkamagaluru."
1737,101020024202601737,202601737,2024-02-10,1003,24,1,2,1,1,2,3,2024-02-10 00:39:00,2024-02-10 00:39:00,2024-02-10 00:39:00,15.3006,76.1137,"Reported incident of fraud at Near Pall Zila, Koppal."
1738,104430024202601738,202601738,2024-02-26,1004,24,1,2,1,1,1,1,2024-02-26 08:11:00,2024-02-26 08:11:00,2024-02-26 08:11:00,12.8986,77.5427,"Reported incident of fraud at Near Iyer Marg, Bengaluru Urban."
1739,104430024202601739,202601739,2024-09-08,1002,24,1,1,2,4,1,1,2024-09-08 22:52:00,2024-09-08 22:52:00,2024-09-08 22:52:00,12.9792,77.6031,"Reported incident of assault at Near Peri Zila, Bengaluru Urban."
1740,101020024202601740,202601740,2024-07-04,1003,24,1,2,1,1,1,3,2024-07-04 06:08:00,2024-07-04 06:08:00,2024-07-04 06:08:00,17.9314,77.5219,"Reported incident of vehicle theft at Near Batta Nagar, Bidar. Suspect vehicle noticed with plate KA-30-P-4668."
1741,101020024202601741,202601741,2024-10-13,1004,24,1,2,1,1,1,3,2024-10-13 05:49:00,2024-10-13 05:49:00,2024-10-13 05:49:00,13.0658,76.041,"Reported incident of vehicle theft at Near Setty Zila, Hassan. Suspect vehicle noticed with plate KA-09-A-3420."
1742,101020024202601742,202601742,2024-10-06,1003,24,1,2,1,1,1,3,2024-10-06 17:25:00,2024-10-06 17:25:00,2024-10-06 17:25:00,17.3798,76.918,"Reported incident of cybercrime at Near Aurora Street, Kalaburagi."
1743,101020024202601743,202601743,2024-10-19,1003,24,1,2,1,1,1,3,2024-10-19 08:44:00,2024-10-19 08:44:00,2024-10-19 08:44:00,13.3171,75.7441,"Reported incident of vehicle theft at Near Murty Circle, Chikkamagaluru. Suspect vehicle noticed with plate KA-10-M-8099."
1744,104430024202601744,202601744,2024-09-23,1001,24,1,2,1,1,1,1,2024-09-23 14:12:00,2024-09-23 14:12:00,2024-09-23 14:12:00,12.9821,77.5726,"Reported incident of vehicle theft at Near Barad Nagar, Bengaluru Urban. Suspect vehicle noticed with plate KA-11-M-7365."
1745,104430024202601745,202601745,2024-05-01,1004,24,1,2,1,1,1,1,2024-05-01 18:49:00,2024-05-01 18:49:00,2024-05-01 18:49:00,12.9606,77.5999,"Reported incident of burglary at Near Chadha Circle, Bengaluru Urban."
1746,101020024202601746,202601746,2024-03-10,1002,24,1,1,2,4,1,3,2024-03-10 07:11:00,2024-03-10 07:11:00,2024-03-10 07:11:00,13.0957,76.189,"Reported incident of assault at Near Prashad Zila, Hassan."
1747,104430024202601747,202601747,2024-02-25,1001,24,1,2,1,1,2,1,2024-02-25 16:52:00,2024-02-25 16:52:00,2024-02-25 16:52:00,13.0122,77.56,"Reported incident of hit and run at Near Sridhar Marg, Bengaluru Urban."
1748,101020024202601748,202601748,2024-06-16,1002,24,1,2,1,1,1,3,2024-06-16 02:39:00,2024-06-16 02:39:00,2024-06-16 02:39:00,17.9702,77.4813,"Reported incident of burglary at Near Chanda Nagar, Bidar."
1749,101020024202601749,202601749,2024-12-16,1001,24,1,2,1,1,3,3,2024-12-16 19:47:00,2024-12-16 19:47:00,2024-12-16 19:47:00,15.3613,76.2255,"Reported incident of drug offence at Near Basak Road, Koppal."
1750,101020024202601750,202601750,2024-07-08,1002,24,1,2,1,1,1,3,2024-07-08 15:17:00,2024-07-08 15:17:00,2024-07-08 15:17:00,15.3218,76.0692,"Reported incident of cybercrime at Near Chakrabarti Circle, Koppal."
1751,101020024202601751,202601751,2024-12-24,1004,24,1,2,1,1,2,3,2024-12-24 09:43:00,2024-12-24 09:43:00,2024-12-24 09:43:00,12.5136,76.9635,"Reported incident of vehicle theft at Near Bhavsar Path, Mandya. Suspect vehicle noticed with plate KA-46-KA-4916."
1752,104430024202601752,202601752,2024-04-23,1003,24,1,2,1,3,1,1,2024-04-23 12:54:00,2024-04-23 12:54:00,2024-04-23 12:54:00,13.2245,77.5296,"Reported incident of chain snatching at Near Hora Nagar, Bengaluru Rural. Suspect vehicle noticed with plate KA-35-P-5080."
1753,101020024202601753,202601753,2024-10-29,1002,24,1,2,1,1,1,3,2024-10-29 06:37:00,2024-10-29 06:37:00,2024-10-29 06:37:00,12.5928,76.8254,"Reported incident of fraud at Near Sabharwal Road, Mandya."
1754,104430024202601754,202601754,2025-02-14,1001,24,1,2,1,1,1,1,2025-02-14 08:32:00,2025-02-14 08:32:00,2025-02-14 08:32:00,13.0036,77.5219,"Reported incident of burglary at Near Rana Nagar, Bengaluru Urban."
1755,101020024202601755,202601755,2024-05-13,1002,24,1,1,2,4,1,3,2024-05-13 21:07:00,2024-05-13 21:07:00,2024-05-13 21:07:00,15.383,76.1872,"Reported incident of assault at Near Thakur Nagar, Koppal."
1756,101020024202601756,202601756,2025-01-07,1001,24,1,1,2,4,1,3,2025-01-07 04:41:00,2025-01-07 04:41:00,2025-01-07 04:41:00,13.0073,76.1471,"Reported incident of assault at Near Ravel Circle, Hassan."
1757,101020024202601757,202601757,2024-12-21,1001,24,1,2,1,1,1,3,2024-12-21 03:57:00,2024-12-21 03:57:00,2024-12-21 03:57:00,12.5319,76.9481,"Reported incident of vehicle theft at Near Shanker Street, Mandya. Suspect vehicle noticed with plate KA-36-M-7582."
1758,104430024202601758,202601758,2024-05-23,1002,24,1,2,1,1,1,1,2024-05-23 01:17:00,2024-05-23 01:17:00,2024-05-23 01:17:00,12.8985,77.5864,"Reported incident of cybercrime at Near Buch Street, Bengaluru Urban."
1759,101020024202601759,202601759,2024-03-31,1001,24,1,2,1,1,1,3,2024-03-31 09:44:00,2024-03-31 09:44:00,2024-03-31 09:44:00,16.2336,77.394,"Reported incident of hit and run at Near Chand Nagar, Raichur."
1760,101020024202601760,202601760,2025-03-12,1002,24,1,2,1,1,1,3,2025-03-12 02:18:00,2025-03-12 02:18:00,2025-03-12 02:18:00,12.8512,74.8516,"Reported incident of burglary at Near Gera Path, Mangaluru (Dakshina Kannada)."
1761,101020024202601761,202601761,2024-11-19,1004,24,1,2,1,3,1,3,2024-11-19 08:48:00,2024-11-19 08:48:00,2024-11-19 08:48:00,15.3451,75.1351,"Reported incident of chain snatching at Near Kanda Street, Hubballi-Dharwad. Suspect vehicle noticed with plate KA-17-P-4847."
1762,101020024202601762,202601762,2024-09-19,1003,24,1,2,1,3,1,3,2024-09-19 06:54:00,2024-09-19 06:54:00,2024-09-19 06:54:00,12.3411,76.5718,"Reported incident of chain snatching at Near Deol, Mysuru. Suspect vehicle noticed with plate KA-42-N-5527."
1763,101020024202601763,202601763,2025-01-06,1004,24,1,2,1,1,1,3,2025-01-06 05:05:00,2025-01-06 05:05:00,2025-01-06 05:05:00,12.3577,76.6623,"Reported incident of kidnapping at Near Dubey Nagar, Mysuru."
1764,101020024202601764,202601764,2024-09-18,1002,24,1,2,1,1,1,3,2024-09-18 07:37:00,2024-09-18 07:37:00,2024-09-18 07:37:00,13.9618,75.5988,"Reported incident of burglary at Near Suri Marg, Shivamogga."
1765,101020024202601765,202601765,2024-11-10,1002,24,1,2,1,1,2,3,2024-11-10 07:11:00,2024-11-10 07:11:00,2024-11-10 07:11:00,17.9081,77.5136,"Reported incident of drug offence at Near Narula Road, Bidar."
1766,101020024202601766,202601766,2024-09-24,1003,24,1,2,1,1,1,3,2024-09-24 06:42:00,2024-09-24 06:42:00,2024-09-24 06:42:00,13.3458,74.6787,"Reported incident of eve teasing at Near Gera Circle, Udupi."
1767,101020024202601767,202601767,2025-05-07,1001,24,1,2,1,1,3,3,2025-05-07 22:25:00,2025-05-07 22:25:00,2025-05-07 22:25:00,16.1693,77.359,"Reported incident of burglary at Near Batra Zila, Raichur."
1768,104430024202601768,202601768,2024-06-26,1001,24,1,2,1,1,1,1,2024-06-26 13:32:00,2024-06-26 13:32:00,2024-06-26 13:32:00,13.036,77.5668,"Reported incident of vehicle theft at Near Pandit Road, Bengaluru Urban. Suspect vehicle noticed with plate KA-01-N-7152."
1769,104430024202601769,202601769,2025-01-21,1003,24,1,2,1,1,1,1,2025-01-21 07:03:00,2025-01-21 07:03:00,2025-01-21 07:03:00,12.9971,77.5774,"Reported incident of murder at Near Mohan Ganj, Bengaluru Urban."
1770,101020024202601770,202601770,2024-06-06,1004,24,1,2,1,1,1,3,2024-06-06 16:54:00,2024-06-06 16:54:00,2024-06-06 16:54:00,15.0897,76.9323,"Reported incident of fraud at Near Sahni Nagar, Ballari."
1771,101020024202601771,202601771,2024-10-12,1002,24,1,2,1,1,1,3,2024-10-12 14:39:00,2024-10-12 14:39:00,2024-10-12 14:39:00,12.3558,76.5715,"Reported incident of vehicle theft at Near Gill Marg, Mysuru. Suspect vehicle noticed with plate KA-13-KA-5518."
1772,101020024202601772,202601772,2025-03-10,1001,24,1,2,1,1,1,3,2025-03-10 20:41:00,2025-03-10 20:41:00,2025-03-10 20:41:00,16.2028,77.3537,"Reported incident of cybercrime at Near Jain Road, Raichur."
1773,101020024202601773,202601773,2024-07-23,1002,24,1,2,1,1,1,3,2024-07-23 20:34:00,2024-07-23 20:34:00,2024-07-23 20:34:00,15.2124,76.8504,"Reported incident of cybercrime at Near Patla Road, Ballari."
1774,104430024202601774,202601774,2024-11-01,1002,24,1,2,1,1,3,1,2024-11-01 02:30:00,2024-11-01 02:30:00,2024-11-01 02:30:00,12.9853,77.5667,"Reported incident of vehicle theft at Near Mital Road, Bengaluru Urban. Suspect vehicle noticed with plate KA-33-KB-9351."
1775,101020024202601775,202601775,2024-08-10,1004,24,1,1,2,4,3,3,2024-08-10 22:16:00,2024-08-10 22:16:00,2024-08-10 22:16:00,15.2811,76.1031,"Reported incident of assault at Near Dyal Nagar, Koppal."
1776,101020024202601776,202601776,2025-04-02,1003,24,1,2,1,1,2,3,2025-04-02 01:42:00,2025-04-02 01:42:00,2025-04-02 01:42:00,13.3993,77.0495,"Reported incident of vehicle theft at Near Deep Zila, Tumakuru. Suspect vehicle noticed with plate KA-50-B-3946."
1777,101020024202601777,202601777,2024-08-10,1004,24,1,2,1,1,1,3,2024-08-10 20:42:00,2024-08-10 20:42:00,2024-08-10 20:42:00,15.339,76.1937,"Reported incident of cybercrime at Near Rajagopalan Marg, Koppal."
1778,101020024202601778,202601778,2025-05-06,1004,24,1,2,1,1,1,3,2025-05-06 18:42:00,2025-05-06 18:42:00,2025-05-06 18:42:00,13.3874,74.6426,"Reported incident of cybercrime at Near Bal Ganj, Udupi."
1779,104430024202601779,202601779,2024-01-28,1003,24,1,1,2,4,1,1,2024-01-28 15:22:00,2024-01-28 15:22:00,2024-01-28 15:22:00,13.0172,77.5466,"Reported incident of assault at Near Ramanathan Nagar, Bengaluru Urban."
1780,104430024202601780,202601780,2024-12-31,1002,24,1,2,1,1,1,1,2024-12-31 04:39:00,2024-12-31 04:39:00,2024-12-31 04:39:00,12.8761,77.5552,"Reported incident of burglary at Near Lad Ganj, Bengaluru Urban."
1781,101020024202601781,202601781,2024-06-23,1001,24,1,2,1,3,2,3,2024-06-23 17:01:00,2024-06-23 17:01:00,2024-06-23 17:01:00,16.2464,77.2971,"Reported incident of chain snatching at Near Karan, Raichur. Suspect vehicle noticed with plate KA-32-N-7898."
1782,104430024202601782,202601782,2024-04-29,1003,24,1,1,1,2,1,1,2024-04-29 13:04:00,2024-04-29 13:04:00,2024-04-29 13:04:00,12.9837,77.5539,"Reported incident of robbery at Near Jaggi Road, Bengaluru Urban. Suspect vehicle noticed with plate KA-20-A-6294."
1783,101020024202601783,202601783,2024-09-04,1004,24,1,2,1,1,1,3,2024-09-04 01:37:00,2024-09-04 01:37:00,2024-09-04 01:37:00,12.5408,76.8894,"Reported incident of domestic violence at Near Badal Zila, Mandya."
1784,101020024202601784,202601784,2025-04-23,1003,24,1,1,1,2,2,3,2025-04-23 13:22:00,2025-04-23 13:22:00,2025-04-23 13:22:00,17.9342,77.4373,"Reported incident of robbery at Near Hans Circle, Bidar. Suspect vehicle noticed with plate KA-39-KB-5244."
1785,104430024202601785,202601785,2024-07-26,1003,24,1,2,1,3,1,1,2024-07-26 07:56:00,2024-07-26 07:56:00,2024-07-26 07:56:00,13.0072,77.6426,"Reported incident of chain snatching at Near Singhal Zila, Bengaluru Urban. Suspect vehicle noticed with plate KA-30-KA-8035."
1786,104430024202601786,202601786,2025-04-18,1002,24,1,2,1,1,2,1,2025-04-18 17:26:00,2025-04-18 17:26:00,2025-04-18 17:26:00,12.9919,77.546,"Reported incident of drug offence at Near Sami Zila, Bengaluru Urban."
1787,101020024202601787,202601787,2024-09-01,1002,24,1,2,1,1,1,3,2024-09-01 15:48:00,2024-09-01 15:48:00,2024-09-01 15:48:00,13.9371,75.6686,"Reported incident of kidnapping at Near Palla Road, Shivamogga."
1788,101020024202601788,202601788,2024-05-18,1003,24,1,2,1,1,1,3,2024-05-18 17:38:00,2024-05-18 17:38:00,2024-05-18 17:38:00,12.5428,76.9058,"Reported incident of property crime at Near Ganguly Path, Mandya."
1789,104430024202601789,202601789,2024-11-06,1002,24,1,2,1,1,1,1,2024-11-06 02:57:00,2024-11-06 02:57:00,2024-11-06 02:57:00,13.0261,77.553,"Reported incident of vehicle theft at Near Chakraborty Marg, Bengaluru Urban. Suspect vehicle noticed with plate KA-02-A-1793."
1790,101020024202601790,202601790,2025-02-12,1002,24,1,2,1,1,1,3,2025-02-12 11:46:00,2025-02-12 11:46:00,2025-02-12 11:46:00,12.9835,76.16,"Reported incident of burglary at Near Madan, Hassan."
1791,104430024202601791,202601791,2024-12-06,1003,24,1,2,1,1,1,1,2024-12-06 08:33:00,2024-12-06 08:33:00,2024-12-06 08:33:00,13.0058,77.5717,"Reported incident of burglary at Near Kala Street, Bengaluru Urban."
1792,101020024202601792,202601792,2024-06-22,1003,24,1,1,1,2,1,3,2024-06-22 20:45:00,2024-06-22 20:45:00,2024-06-22 20:45:00,12.9384,74.8656,"Reported incident of robbery at Near Jani Ganj, Mangaluru (Dakshina Kannada). Suspect vehicle noticed with plate KA-46-KA-1690."
1793,101020024202601793,202601793,2024-05-22,1002,24,1,2,1,1,1,3,2024-05-22 08:58:00,2024-05-22 08:58:00,2024-05-22 08:58:00,13.1633,78.1713,"Reported incident of eve teasing at Near Bhalla Ganj, Kolar."
1794,101020024202601794,202601794,2024-01-13,1001,24,1,2,1,1,3,3,2024-01-13 03:41:00,2024-01-13 03:41:00,2024-01-13 03:41:00,12.8406,74.8933,"Reported incident of eve teasing at Near Shere Zila, Mangaluru (Dakshina Kannada)."
1795,104430024202601795,202601795,2024-09-23,1004,24,1,2,1,1,1,1,2024-09-23 08:05:00,2024-09-23 08:05:00,2024-09-23 08:05:00,12.9868,77.5601,"Reported incident of fraud at Near Palla Ganj, Bengaluru Urban."
1796,104430024202601796,202601796,2024-09-29,1003,24,1,1,1,2,1,1,2024-09-29 11:29:00,2024-09-29 11:29:00,2024-09-29 11:29:00,13.0051,77.5802,"Reported incident of robbery at Near Hayre Marg, Bengaluru Urban. Suspect vehicle noticed with plate KA-30-KA-5346."
1797,101020024202601797,202601797,2024-12-25,1002,24,1,2,1,1,2,3,2024-12-25 20:07:00,2024-12-25 20:07:00,2024-12-25 20:07:00,12.4794,76.883,"Reported incident of cybercrime at Near Anne Nagar, Mandya."
1798,104430024202601798,202601798,2025-02-22,1003,24,1,2,1,1,1,1,2025-02-22 12:21:00,2025-02-22 12:21:00,2025-02-22 12:21:00,12.906,77.5406,"Reported incident of property crime at Near Khanna Circle, Bengaluru Urban."
1799,101020024202601799,202601799,2024-01-29,1002,24,1,2,1,1,1,3,2024-01-29 18:55:00,2024-01-29 18:55:00,2024-01-29 18:55:00,13.0853,76.1509,"Reported incident of fraud at Near Grewal Path, Hassan."
1800,101020024202601800,202601800,2024-12-08,1001,24,1,1,2,4,1,3,2024-12-08 05:28:00,2024-12-08 05:28:00,2024-12-08 05:28:00,13.3512,74.7557,"Reported incident of assault at Near Rau Ganj, Udupi."
1801,101020024202601801,202601801,2024-04-17,1001,24,1,1,2,4,2,3,2024-04-17 02:57:00,2024-04-17 02:57:00,2024-04-17 02:57:00,14.5437,75.9421,"Reported incident of assault at Near Barad Marg, Davangere."
1802,104430024202601802,202601802,2024-05-15,1004,24,1,2,1,1,2,1,2024-05-15 06:21:00,2024-05-15 06:21:00,2024-05-15 06:21:00,13.0072,77.5566,"Reported incident of cybercrime at Near Srinivas Zila, Bengaluru Urban."
1803,101020024202601803,202601803,2024-05-30,1003,24,1,1,2,4,1,3,2024-05-30 18:24:00,2024-05-30 18:24:00,2024-05-30 18:24:00,15.2631,76.1084,"Reported incident of assault at Near Tella Road, Koppal."
1804,101020024202601804,202601804,2024-09-08,1002,24,1,1,1,2,1,3,2024-09-08 21:57:00,2024-09-08 21:57:00,2024-09-08 21:57:00,13.9916,75.6065,"Reported incident of robbery at Near Swaminathan Circle, Shivamogga. Suspect vehicle noticed with plate KA-45-N-3107."
1805,101020024202601805,202601805,2024-05-17,1001,24,1,2,1,1,2,3,2024-05-17 12:00:00,2024-05-17 12:00:00,2024-05-17 12:00:00,13.4197,77.0748,"Reported incident of vehicle theft at Near Arora, Tumakuru. Suspect vehicle noticed with plate KA-44-M-9223."
1806,101020024202601806,202601806,2024-07-10,1001,24,1,1,1,2,1,3,2024-07-10 20:14:00,2024-07-10 20:14:00,2024-07-10 20:14:00,13.3532,74.673,"Reported incident of robbery at Near Chowdhury Ganj, Udupi. Suspect vehicle noticed with plate KA-10-P-3878."
1807,104430024202601807,202601807,2024-09-17,1001,24,1,2,1,1,2,1,2024-09-17 22:59:00,2024-09-17 22:59:00,2024-09-17 22:59:00,13.0278,77.6065,"Reported incident of cybercrime at Near Jaggi Marg, Bengaluru Urban."
1808,101020024202601808,202601808,2024-02-17,1002,24,1,2,1,1,1,3,2024-02-17 12:59:00,2024-02-17 12:59:00,2024-02-17 12:59:00,13.3989,74.6905,"Reported incident of fraud at Near Bajwa Marg, Udupi."
1809,101020024202601809,202601809,2024-11-06,1003,24,1,2,1,1,1,3,2024-11-06 12:41:00,2024-11-06 12:41:00,2024-11-06 12:41:00,15.8853,74.4244,"Reported incident of vehicle theft at Near Kari, Belagavi. Suspect vehicle noticed with plate KA-41-B-4835."
1810,104430024202601810,202601810,2024-05-25,1003,24,1,2,1,1,1,1,2024-05-25 09:49:00,2024-05-25 09:49:00,2024-05-25 09:49:00,13.017,77.5549,"Reported incident of drug offence at Near Bhattacharyya Ganj, Bengaluru Urban."
1811,104430024202601811,202601811,2024-10-18,1003,24,1,2,1,1,1,1,2024-10-18 03:06:00,2024-10-18 03:06:00,2024-10-18 03:06:00,12.9804,77.5916,"Reported incident of eve teasing at Near Loyal Zila, Bengaluru Urban."
1812,104430024202601812,202601812,2025-02-04,1004,24,1,2,1,1,1,1,2025-02-04 03:06:00,2025-02-04 03:06:00,2025-02-04 03:06:00,13.0026,77.5807,"Reported incident of fraud at Near Chahal Chowk, Bengaluru Urban."
1813,101020024202601813,202601813,2024-05-16,1004,24,1,2,1,1,1,3,2024-05-16 03:04:00,2024-05-16 03:04:00,2024-05-16 03:04:00,12.3721,76.6918,"Reported incident of burglary at Near Sathe Ganj, Mysuru."
1814,101020024202601814,202601814,2024-02-14,1002,24,1,2,1,1,1,3,2024-02-14 20:44:00,2024-02-14 20:44:00,2024-02-14 20:44:00,12.9017,74.8394,"Reported incident of eve teasing at Near Raval Road, Mangaluru (Dakshina Kannada)."
1815,104430024202601815,202601815,2024-10-19,1003,24,1,2,1,1,1,1,2024-10-19 07:52:00,2024-10-19 07:52:00,2024-10-19 07:52:00,12.9969,77.6131,"Reported incident of murder at Near Walla Road, Bengaluru Urban."
1816,101020024202601816,202601816,2025-05-12,1004,24,1,2,1,1,1,3,2025-05-12 05:37:00,2025-05-12 05:37:00,2025-05-12 05:37:00,17.9586,77.4838,"Reported incident of vehicle theft at Near Dayal, Bidar. Suspect vehicle noticed with plate KA-28-P-8151."
1817,104430024202601817,202601817,2024-04-16,1004,24,1,2,1,1,1,1,2024-04-16 10:40:00,2024-04-16 10:40:00,2024-04-16 10:40:00,12.9902,77.5724,"Reported incident of kidnapping at Near Viswanathan Chowk, Bengaluru Urban."
1818,104430024202601818,202601818,2024-09-02,1002,24,1,2,1,1,1,1,2024-09-02 03:46:00,2024-09-02 03:46:00,2024-09-02 03:46:00,12.8932,77.5828,"Reported incident of fraud at Near Handa Zila, Bengaluru Urban."
1819,101020024202601819,202601819,2024-11-25,1004,24,1,2,1,1,1,3,2024-11-25 19:28:00,2024-11-25 19:28:00,2024-11-25 19:28:00,15.7508,74.5553,"Reported incident of cybercrime at Near Narain, Belagavi."
1820,101020024202601820,202601820,2024-07-29,1003,24,1,2,1,1,1,3,2024-07-29 06:51:00,2024-07-29 06:51:00,2024-07-29 06:51:00,15.3338,76.2185,"Reported incident of murder at Near Gera, Koppal."
1821,101020024202601821,202601821,2025-05-13,1003,24,1,2,1,1,1,3,2025-05-13 11:11:00,2025-05-13 11:11:00,2025-05-13 11:11:00,12.8445,74.8709,"Reported incident of burglary at Near Iyengar Path, Mangaluru (Dakshina Kannada)."
1822,104430024202601822,202601822,2024-01-30,1001,24,1,2,1,1,1,1,2024-01-30 22:31:00,2024-01-30 22:31:00,2024-01-30 22:31:00,13.0199,77.5383,"Reported incident of burglary at Near Issac Chowk, Bengaluru Urban."
1823,101020024202601823,202601823,2024-10-08,1002,24,1,2,1,1,1,3,2024-10-08 03:48:00,2024-10-08 03:48:00,2024-10-08 03:48:00,13.3787,77.0486,"Reported incident of vehicle theft at Near Uppal Road, Tumakuru. Suspect vehicle noticed with plate KA-01-B-4412."
1824,101020024202601824,202601824,2025-03-30,1001,24,1,1,1,2,1,3,2025-03-30 21:24:00,2025-03-30 21:24:00,2025-03-30 21:24:00,12.9707,76.1942,"Reported incident of robbery at Near Chowdhury Nagar, Hassan. Suspect vehicle noticed with plate KA-55-KB-6950."
1825,104430024202601825,202601825,2025-02-09,1001,24,1,2,1,1,1,1,2025-02-09 03:15:00,2025-02-09 03:15:00,2025-02-09 03:15:00,12.8959,77.5544,"Reported incident of eve teasing at Near Wason Street, Bengaluru Urban."
1826,104430024202601826,202601826,2025-01-02,1004,24,1,2,1,1,1,1,2025-01-02 01:49:00,2025-01-02 01:49:00,2025-01-02 01:49:00,12.987,77.5162,"Reported incident of fraud at Near Saini Ganj, Bengaluru Urban."
1827,101020024202601827,202601827,2024-11-05,1002,24,1,1,2,4,1,3,2024-11-05 16:53:00,2024-11-05 16:53:00,2024-11-05 16:53:00,17.8774,77.6124,"Reported incident of assault at Near Tara Ganj, Bidar."
1828,104430024202601828,202601828,2024-12-19,1003,24,1,2,1,1,3,1,2024-12-19 14:47:00,2024-12-19 14:47:00,2024-12-19 14:47:00,13.0064,77.5641,"Reported incident of hit and run at Near Ghose Chowk, Bengaluru Urban."
1829,101020024202601829,202601829,2025-04-18,1004,24,1,2,1,1,2,3,2025-04-18 22:09:00,2025-04-18 22:09:00,2025-04-18 22:09:00,14.482,75.9072,"Reported incident of burglary at Near Bhattacharyya Ganj, Davangere."
1830,101020024202601830,202601830,2024-10-03,1002,24,1,2,1,3,1,3,2024-10-03 07:25:00,2024-10-03 07:25:00,2024-10-03 07:25:00,13.2997,75.7653,"Reported incident of chain snatching at Near Kota Path, Chikkamagaluru. Suspect vehicle noticed with plate KA-13-M-9687."
1831,101020024202601831,202601831,2024-08-03,1001,24,1,1,2,4,1,3,2024-08-03 14:16:00,2024-08-03 14:16:00,2024-08-03 14:16:00,16.2123,77.3156,"Reported incident of assault at Near Kumer, Raichur."
1832,101020024202601832,202601832,2025-05-29,1003,24,1,2,1,1,1,3,2025-05-29 12:44:00,2025-05-29 12:44:00,2025-05-29 12:44:00,15.0448,76.8653,"Reported incident of fraud at Near Parmar, Ballari."
1833,101020024202601833,202601833,2025-03-20,1002,24,1,1,1,2,3,3,2025-03-20 01:16:00,2025-03-20 01:16:00,2025-03-20 01:16:00,16.2311,77.2993,"Reported incident of robbery at Near Dhaliwal Street, Raichur. Suspect vehicle noticed with plate KA-54-P-2935."
1834,104430024202601834,202601834,2024-09-11,1002,24,1,2,1,1,1,1,2024-09-11 17:01:00,2024-09-11 17:01:00,2024-09-11 17:01:00,13.0167,77.5904,"Reported incident of murder at Near Sachdev Road, Bengaluru Urban."
1835,101020024202601835,202601835,2024-02-04,1003,24,1,2,1,1,1,3,2024-02-04 17:16:00,2024-02-04 17:16:00,2024-02-04 17:16:00,17.2677,76.8378,"Reported incident of cybercrime at Near Chaudhari Circle, Kalaburagi."
1836,104430024202601836,202601836,2024-10-16,1001,24,1,2,1,1,1,1,2024-10-16 14:22:00,2024-10-16 14:22:00,2024-10-16 14:22:00,13.0017,77.5435,"Reported incident of vehicle theft at Near Bhasin Marg, Bengaluru Urban. Suspect vehicle noticed with plate KA-51-M-1016."
1837,101020024202601837,202601837,2024-05-26,1004,24,1,1,1,2,1,3,2024-05-26 19:19:00,2024-05-26 19:19:00,2024-05-26 19:19:00,15.7897,74.5755,"Reported incident of robbery at Near Malhotra Marg, Belagavi. Suspect vehicle noticed with plate KA-45-P-4783."
1838,101020024202601838,202601838,2025-01-30,1004,24,1,1,1,2,1,3,2025-01-30 12:15:00,2025-01-30 12:15:00,2025-01-30 12:15:00,15.7585,74.5404,"Reported incident of robbery at Near Shenoy Ganj, Belagavi. Suspect vehicle noticed with plate KA-02-P-9627."
1839,101020024202601839,202601839,2024-12-31,1002,24,1,2,1,1,1,3,2024-12-31 03:57:00,2024-12-31 03:57:00,2024-12-31 03:57:00,12.5183,76.9324,"Reported incident of burglary at Near Gokhale Path, Mandya."
1840,104430024202601840,202601840,2024-12-10,1002,24,1,2,1,1,1,1,2024-12-10 08:55:00,2024-12-10 08:55:00,2024-12-10 08:55:00,13.0173,77.6,"Reported incident of cybercrime at Near Patil Marg, Bengaluru Urban."
1841,104430024202601841,202601841,2025-03-29,1001,24,1,2,1,1,2,1,2025-03-29 17:35:00,2025-03-29 17:35:00,2025-03-29 17:35:00,12.9801,77.549,"Reported incident of burglary at Near Pathak Ganj, Bengaluru Urban."
1842,104430024202601842,202601842,2024-05-29,1004,24,1,2,1,1,1,1,2024-05-29 19:30:00,2024-05-29 19:30:00,2024-05-29 19:30:00,13.0055,77.5919,"Reported incident of domestic violence at Near Mistry Nagar, Bengaluru Urban."
1843,101020024202601843,202601843,2024-12-11,1004,24,1,2,1,3,1,3,2024-12-11 17:34:00,2024-12-11 17:34:00,2024-12-11 17:34:00,12.9805,74.877,"Reported incident of chain snatching at Near Sandal Street, Mangaluru (Dakshina Kannada). Suspect vehicle noticed with plate KA-26-N-2207."
1844,101020024202601844,202601844,2024-02-08,1002,24,1,2,1,1,1,3,2024-02-08 22:04:00,2024-02-08 22:04:00,2024-02-08 22:04:00,14.4931,75.9603,"Reported incident of burglary at Near Ramaswamy Road, Davangere."
1845,101020024202601845,202601845,2025-01-07,1001,24,1,2,1,1,1,3,2025-01-07 10:21:00,2025-01-07 10:21:00,2025-01-07 10:21:00,15.3476,76.2052,"Reported incident of vehicle theft at Near Chandra Chowk, Koppal. Suspect vehicle noticed with plate KA-42-B-9024."
1846,104430024202601846,202601846,2024-12-26,1003,24,1,2,1,1,1,1,2024-12-26 18:23:00,2024-12-26 18:23:00,2024-12-26 18:23:00,12.8914,77.5405,"Reported incident of property crime at Near Srinivas Nagar, Bengaluru Urban."
1847,101020024202601847,202601847,2024-04-20,1004,24,1,2,1,1,2,3,2024-04-20 07:42:00,2024-04-20 07:42:00,2024-04-20 07:42:00,14.4826,75.9171,"Reported incident of fraud at Near De Road, Davangere."
1848,101020024202601848,202601848,2025-02-04,1001,24,1,2,1,1,1,3,2025-02-04 15:28:00,2025-02-04 15:28:00,2025-02-04 15:28:00,12.3756,76.5922,"Reported incident of cybercrime at Near Contractor Chowk, Mysuru."
1849,101020024202601849,202601849,2024-05-29,1003,24,1,2,1,1,1,3,2024-05-29 21:44:00,2024-05-29 21:44:00,2024-05-29 21:44:00,14.5153,75.9203,"Reported incident of eve teasing at Near Aggarwal Marg, Davangere."
1850,104430024202601850,202601850,2025-05-05,1004,24,1,2,1,1,1,1,2025-05-05 13:16:00,2025-05-05 13:16:00,2025-05-05 13:16:00,13.1727,77.5964,"Reported incident of eve teasing at Near Patla Road, Bengaluru Rural."
1851,101020024202601851,202601851,2024-10-06,1003,24,1,2,1,3,1,3,2024-10-06 22:09:00,2024-10-06 22:09:00,2024-10-06 22:09:00,13.3114,74.7511,"Reported incident of chain snatching at Near Varughese Road, Udupi. Suspect vehicle noticed with plate KA-35-KB-3958."
1852,101020024202601852,202601852,2024-03-24,1003,24,1,2,1,1,1,3,2024-03-24 21:56:00,2024-03-24 21:56:00,2024-03-24 21:56:00,13.0686,76.0353,"Reported incident of hit and run at Near Pillay, Hassan."
1853,104430024202601853,202601853,2024-07-06,1004,24,1,2,1,1,2,1,2024-07-06 09:58:00,2024-07-06 09:58:00,2024-07-06 09:58:00,13.0022,77.6112,"Reported incident of fraud at Near Chaudhuri Marg, Bengaluru Urban."
1854,101020024202601854,202601854,2024-04-17,1003,24,1,1,2,4,1,3,2024-04-17 12:40:00,2024-04-17 12:40:00,2024-04-17 12:40:00,12.8497,74.8459,"Reported incident of assault at Near Char, Mangaluru (Dakshina Kannada)."
1855,104430024202601855,202601855,2025-04-08,1001,24,1,2,1,1,1,1,2025-04-08 19:12:00,2025-04-08 19:12:00,2025-04-08 19:12:00,12.9969,77.5977,"Reported incident of eve teasing at Near Hegde Chowk, Bengaluru Urban."
1856,101020024202601856,202601856,2025-03-31,1004,24,1,2,1,1,1,3,2025-03-31 01:14:00,2025-03-31 01:14:00,2025-03-31 01:14:00,13.2825,75.7259,"Reported incident of kidnapping at Near Lad Nagar, Chikkamagaluru."
1857,101020024202601857,202601857,2024-08-28,1004,24,1,1,2,4,1,3,2024-08-28 08:33:00,2024-08-28 08:33:00,2024-08-28 08:33:00,15.3846,75.1439,"Reported incident of assault at Near Guha Circle, Hubballi-Dharwad."
1858,101020024202601858,202601858,2024-12-13,1001,24,1,2,1,3,1,3,2024-12-13 23:34:00,2024-12-13 23:34:00,2024-12-13 23:34:00,16.209,77.3302,"Reported incident of chain snatching at Near Sengupta, Raichur. Suspect vehicle noticed with plate KA-42-N-7526."
1859,101020024202601859,202601859,2024-02-09,1002,24,1,1,1,2,1,3,2024-02-09 21:40:00,2024-02-09 21:40:00,2024-02-09 21:40:00,13.3548,75.7476,"Reported incident of robbery at Near Gulati Road, Chikkamagaluru. Suspect vehicle noticed with plate KA-16-N-2035."
1860,101020024202601860,202601860,2024-09-09,1004,24,1,2,1,1,1,3,2024-09-09 03:06:00,2024-09-09 03:06:00,2024-09-09 03:06:00,15.1016,77.0048,"Reported incident of eve teasing at Near Garg Circle, Ballari."
1861,101020024202601861,202601861,2024-01-14,1002,24,1,2,1,1,2,3,2024-01-14 08:16:00,2024-01-14 08:16:00,2024-01-14 08:16:00,13.9075,75.6311,"Reported incident of cybercrime at Near Ganesh Circle, Shivamogga."
1862,104430024202601862,202601862,2025-01-30,1004,24,1,2,1,3,1,1,2025-01-30 21:29:00,2025-01-30 21:29:00,2025-01-30 21:29:00,13.0377,77.5175,"Reported incident of chain snatching at Near Kibe Street, Bengaluru Urban. Suspect vehicle noticed with plate KA-54-M-5506."
1863,104430024202601863,202601863,2024-07-10,1004,24,1,1,2,4,1,1,2024-07-10 08:14:00,2024-07-10 08:14:00,2024-07-10 08:14:00,13.0103,77.5905,"Reported incident of assault at Near Parsa Circle, Bengaluru Urban."
1864,104430024202601864,202601864,2025-01-27,1004,24,1,2,1,1,1,1,2025-01-27 01:54:00,2025-01-27 01:54:00,2025-01-27 01:54:00,12.9841,77.5743,"Reported incident of cybercrime at Near Deol Zila, Bengaluru Urban."
1865,101020024202601865,202601865,2025-01-26,1001,24,1,2,1,1,1,3,2025-01-26 17:59:00,2025-01-26 17:59:00,2025-01-26 17:59:00,12.8271,74.8498,"Reported incident of drug offence at Near Rana Ganj, Mangaluru (Dakshina Kannada)."
1866,104430024202601866,202601866,2024-08-11,1001,24,1,2,1,1,1,1,2024-08-11 10:13:00,2024-08-11 10:13:00,2024-08-11 10:13:00,12.9811,77.5849,"Reported incident of fraud at Near Deep Zila, Bengaluru Urban."
1867,101020024202601867,202601867,2024-06-02,1001,24,1,2,1,3,1,3,2024-06-02 19:45:00,2024-06-02 19:45:00,2024-06-02 19:45:00,13.3674,74.7456,"Reported incident of chain snatching at Near Bhattacharyya Road, Udupi. Suspect vehicle noticed with plate KA-34-P-7334."
1868,101020024202601868,202601868,2025-02-20,1002,24,1,2,1,1,3,3,2025-02-20 21:09:00,2025-02-20 21:09:00,2025-02-20 21:09:00,13.1346,78.1473,"Reported incident of domestic violence at Near Dey Street, Kolar."
1869,101020024202601869,202601869,2024-09-19,1001,24,1,2,1,1,1,3,2024-09-19 17:07:00,2024-09-19 17:07:00,2024-09-19 17:07:00,15.1724,76.88,"Reported incident of burglary at Near Narayanan Street, Ballari."
1870,104430024202601870,202601870,2025-02-11,1002,24,1,2,1,1,1,1,2025-02-11 18:54:00,2025-02-11 18:54:00,2025-02-11 18:54:00,12.9982,77.6112,"Reported incident of fraud at Near Warrior Path, Bengaluru Urban."
1871,104430024202601871,202601871,2024-07-12,1003,24,1,2,1,1,1,1,2024-07-12 19:15:00,2024-07-12 19:15:00,2024-07-12 19:15:00,13.0046,77.591,"Reported incident of fraud at Near Tandon, Bengaluru Urban."
1872,104430024202601872,202601872,2024-02-17,1004,24,1,2,1,1,1,1,2024-02-17 01:14:00,2024-02-17 01:14:00,2024-02-17 01:14:00,12.9921,77.5438,"Reported incident of vehicle theft at Near Raghavan Chowk, Bengaluru Urban. Suspect vehicle noticed with plate KA-18-KB-1941."
1873,104430024202601873,202601873,2024-04-04,1002,24,1,2,1,1,1,1,2024-04-04 00:45:00,2024-04-04 00:45:00,2024-04-04 00:45:00,13.0077,77.5811,"Reported incident of hit and run at Near Amble Nagar, Bengaluru Urban."
1874,101020024202601874,202601874,2024-07-27,1004,24,1,2,1,1,2,3,2024-07-27 07:45:00,2024-07-27 07:45:00,2024-07-27 07:45:00,13.8974,75.5287,"Reported incident of murder at Near Aggarwal, Shivamogga."
1875,104430024202601875,202601875,2024-05-28,1004,24,1,1,2,4,1,1,2024-05-28 23:56:00,2024-05-28 23:56:00,2024-05-28 23:56:00,12.9853,77.5558,"Reported incident of assault at Near Rattan, Bengaluru Urban."
1876,101020024202601876,202601876,2024-08-27,1002,24,1,1,2,4,1,3,2024-08-27 17:10:00,2024-08-27 17:10:00,2024-08-27 17:10:00,15.1773,76.8502,"Reported incident of assault at Near Agate Circle, Ballari."
1877,101020024202601877,202601877,2024-05-13,1004,24,1,2,1,1,1,3,2024-05-13 06:35:00,2024-05-13 06:35:00,2024-05-13 06:35:00,14.5617,75.9152,"Reported incident of fraud at Near Guha Road, Davangere."
1878,101020024202601878,202601878,2024-01-23,1002,24,1,2,1,1,1,3,2024-01-23 04:48:00,2024-01-23 04:48:00,2024-01-23 04:48:00,15.3176,75.12,"Reported incident of cybercrime at Near Sarraf, Hubballi-Dharwad."
1879,101020024202601879,202601879,2024-02-12,1004,24,1,2,1,1,1,3,2024-02-12 05:34:00,2024-02-12 05:34:00,2024-02-12 05:34:00,13.3668,75.7484,"Reported incident of vehicle theft at Near Ghose Chowk, Chikkamagaluru. Suspect vehicle noticed with plate KA-46-N-6820."
1880,101020024202601880,202601880,2024-08-20,1001,24,1,2,1,1,1,3,2024-08-20 15:27:00,2024-08-20 15:27:00,2024-08-20 15:27:00,12.8475,74.8513,"Reported incident of vehicle theft at Near Loke Street, Mangaluru (Dakshina Kannada). Suspect vehicle noticed with plate KA-18-B-7902."
1881,104430024202601881,202601881,2024-12-21,1003,24,1,2,1,1,1,1,2024-12-21 09:33:00,2024-12-21 09:33:00,2024-12-21 09:33:00,13.0143,77.6379,"Reported incident of vehicle theft at Near Mahal Circle, Bengaluru Urban. Suspect vehicle noticed with plate KA-10-KA-4753."
1882,101020024202601882,202601882,2025-03-25,1001,24,1,2,1,1,1,3,2025-03-25 07:02:00,2025-03-25 07:02:00,2025-03-25 07:02:00,12.6209,76.8425,"Reported incident of fraud at Near Bahri Nagar, Mandya."
1883,104430024202601883,202601883,2024-01-22,1001,24,1,2,1,1,1,1,2024-01-22 07:03:00,2024-01-22 07:03:00,2024-01-22 07:03:00,12.9631,77.5827,"Reported incident of drug offence at Near Varkey Nagar, Bengaluru Urban."
1884,104430024202601884,202601884,2025-02-07,1003,24,1,1,2,4,1,1,2025-02-07 13:28:00,2025-02-07 13:28:00,2025-02-07 13:28:00,12.8926,77.5837,"Reported incident of assault at Near Upadhyay Ganj, Bengaluru Urban."
1885,101020024202601885,202601885,2024-12-06,1003,24,1,2,1,1,1,3,2024-12-06 11:41:00,2024-12-06 11:41:00,2024-12-06 11:41:00,12.8265,74.8586,"Reported incident of cybercrime at Near Panchal Nagar, Mangaluru (Dakshina Kannada)."
1886,101020024202601886,202601886,2024-03-02,1003,24,1,1,2,4,1,3,2024-03-02 03:11:00,2024-03-02 03:11:00,2024-03-02 03:11:00,16.8026,75.6873,"Reported incident of assault at Near Sagar Zila, Vijayapura."
1887,101020024202601887,202601887,2024-01-09,1001,24,1,2,1,1,1,3,2024-01-09 14:56:00,2024-01-09 14:56:00,2024-01-09 14:56:00,13.9436,75.5328,"Reported incident of fraud at Near Natarajan, Shivamogga."
1888,101020024202601888,202601888,2024-08-29,1004,24,1,2,1,1,1,3,2024-08-29 19:22:00,2024-08-29 19:22:00,2024-08-29 19:22:00,13.2792,74.7917,"Reported incident of drug offence at Near Morar Road, Udupi."
1889,104430024202601889,202601889,2025-03-14,1001,24,1,1,1,2,2,1,2025-03-14 09:59:00,2025-03-14 09:59:00,2025-03-14 09:59:00,12.8839,77.5487,"Reported incident of robbery at Near Chawla Chowk, Bengaluru Urban. Suspect vehicle noticed with plate KA-17-N-1871."
1890,104430024202601890,202601890,2024-02-02,1001,24,1,1,1,2,1,1,2024-02-02 00:30:00,2024-02-02 00:30:00,2024-02-02 00:30:00,12.9251,77.5963,"Reported incident of robbery at Near Gill Nagar, Bengaluru Urban. Suspect vehicle noticed with plate KA-30-M-9225."
1891,101020024202601891,202601891,2024-12-25,1003,24,1,2,1,3,2,3,2024-12-25 07:43:00,2024-12-25 07:43:00,2024-12-25 07:43:00,13.3609,74.6476,"Reported incident of chain snatching at Near Manne Road, Udupi. Suspect vehicle noticed with plate KA-47-A-3485."
1892,104430024202601892,202601892,2025-04-04,1001,24,1,2,1,1,3,1,2025-04-04 14:45:00,2025-04-04 14:45:00,2025-04-04 14:45:00,12.9816,77.633,"Reported incident of cybercrime at Near Basu Ganj, Bengaluru Urban."
1893,104430024202601893,202601893,2025-02-04,1002,24,1,2,1,1,1,1,2025-02-04 10:49:00,2025-02-04 10:49:00,2025-02-04 10:49:00,12.9875,77.5799,"Reported incident of burglary at Near Raman Chowk, Bengaluru Urban."
1894,104430024202601894,202601894,2024-04-20,1003,24,1,2,1,1,1,1,2024-04-20 05:03:00,2024-04-20 05:03:00,2024-04-20 05:03:00,13.0175,77.5666,"Reported incident of property crime at Near Dubey Circle, Bengaluru Urban."
1895,101020024202601895,202601895,2024-05-27,1001,24,1,2,1,1,1,3,2024-05-27 03:53:00,2024-05-27 03:53:00,2024-05-27 03:53:00,13.3793,75.7893,"Reported incident of fraud at Near Shah Road, Chikkamagaluru."
1896,101020024202601896,202601896,2024-06-08,1003,24,1,2,1,1,1,3,2024-06-08 08:12:00,2024-06-08 08:12:00,2024-06-08 08:12:00,13.0824,76.0683,"Reported incident of burglary at Near Banik Zila, Hassan."
1897,104430024202601897,202601897,2024-01-27,1001,24,1,2,1,1,1,1,2024-01-27 12:22:00,2024-01-27 12:22:00,2024-01-27 12:22:00,13.0392,77.5349,"Reported incident of vehicle theft at Near Chahal, Bengaluru Urban. Suspect vehicle noticed with plate KA-26-KB-5165."
1898,104430024202601898,202601898,2024-11-07,1003,24,1,2,1,1,1,1,2024-11-07 22:42:00,2024-11-07 22:42:00,2024-11-07 22:42:00,12.8989,77.5509,"Reported incident of vehicle theft at Near Yohannan Path, Bengaluru Urban. Suspect vehicle noticed with plate KA-21-B-1918."
1899,101020024202601899,202601899,2024-10-03,1001,24,1,2,1,1,1,3,2024-10-03 10:17:00,2024-10-03 10:17:00,2024-10-03 10:17:00,15.3867,76.1992,"Reported incident of hit and run at Near Wason Road, Koppal."
1900,104430024202601900,202601900,2024-03-21,1002,24,1,2,1,3,1,1,2024-03-21 02:45:00,2024-03-21 02:45:00,2024-03-21 02:45:00,13.0225,77.5994,"Reported incident of chain snatching at Near Bhavsar Zila, Bengaluru Urban. Suspect vehicle noticed with plate KA-33-M-5368."
1901,104430024202601901,202601901,2024-01-05,1004,24,1,2,1,1,1,1,2024-01-05 01:33:00,2024-01-05 01:33:00,2024-01-05 01:33:00,13.288,77.5543,"Reported incident of vehicle theft at Near Reddy Circle, Bengaluru Rural. Suspect vehicle noticed with plate KA-16-B-5497."
1902,104430024202601902,202601902,2025-03-21,1002,24,1,2,1,1,1,1,2025-03-21 13:59:00,2025-03-21 13:59:00,2025-03-21 13:59:00,12.9882,77.5571,"Reported incident of burglary at Near Chadha Ganj, Bengaluru Urban."
1903,101020024202601903,202601903,2024-02-11,1001,24,1,2,1,3,1,3,2024-02-11 15:34:00,2024-02-11 15:34:00,2024-02-11 15:34:00,12.9934,74.8691,"Reported incident of chain snatching at Near Mohan Street, Mangaluru (Dakshina Kannada). Suspect vehicle noticed with plate KA-34-B-5268."
1904,101020024202601904,202601904,2024-10-16,1004,24,1,2,1,3,1,3,2024-10-16 03:15:00,2024-10-16 03:15:00,2024-10-16 03:15:00,13.37,74.6574,"Reported incident of chain snatching at Near Vohra Zila, Udupi. Suspect vehicle noticed with plate KA-52-KA-9089."
1905,104430024202601905,202601905,2024-10-11,1001,24,1,2,1,1,1,1,2024-10-11 07:46:00,2024-10-11 07:46:00,2024-10-11 07:46:00,13.0319,77.5746,"Reported incident of vehicle theft at Near Narasimhan Street, Bengaluru Urban. Suspect vehicle noticed with plate KA-33-N-5996."
1906,101020024202601906,202601906,2024-09-15,1003,24,1,2,1,1,1,3,2024-09-15 01:01:00,2024-09-15 01:01:00,2024-09-15 01:01:00,16.2081,77.2971,"Reported incident of fraud at Near Doctor Circle, Raichur."
1907,104430024202601907,202601907,2024-11-22,1002,24,1,1,1,2,1,1,2024-11-22 21:05:00,2024-11-22 21:05:00,2024-11-22 21:05:00,13.0268,77.5287,"Reported incident of robbery at Near Sule Zila, Bengaluru Urban. Suspect vehicle noticed with plate KA-21-KA-9704."
1908,101020024202601908,202601908,2024-10-14,1002,24,1,2,1,1,1,3,2024-10-14 22:59:00,2024-10-14 22:59:00,2024-10-14 22:59:00,15.309,75.0806,"Reported incident of cybercrime at Near Misra Ganj, Hubballi-Dharwad."
1909,104430024202601909,202601909,2024-05-04,1002,24,1,2,1,1,1,1,2024-05-04 07:59:00,2024-05-04 07:59:00,2024-05-04 07:59:00,12.9934,77.586,"Reported incident of senior citizen crime at Near Ben Nagar, Bengaluru Urban."
1910,104430024202601910,202601910,2024-10-11,1004,24,1,2,1,1,1,1,2024-10-11 07:53:00,2024-10-11 07:53:00,2024-10-11 07:53:00,13.0179,77.5518,"Reported incident of vehicle theft at Near Arya, Bengaluru Urban. Suspect vehicle noticed with plate KA-50-P-2587."
1911,101020024202601911,202601911,2024-09-13,1003,24,1,2,1,1,1,3,2024-09-13 02:45:00,2024-09-13 02:45:00,2024-09-13 02:45:00,13.2504,75.8149,"Reported incident of hit and run at Near Nanda Marg, Chikkamagaluru."
1912,101020024202601912,202601912,2024-10-17,1003,24,1,2,1,1,1,3,2024-10-17 19:03:00,2024-10-17 19:03:00,2024-10-17 19:03:00,15.2984,76.1122,"Reported incident of vehicle theft at Near Raj Road, Koppal. Suspect vehicle noticed with plate KA-47-N-1619."
1913,101020024202601913,202601913,2024-11-24,1004,24,1,2,1,1,1,3,2024-11-24 23:06:00,2024-11-24 23:06:00,2024-11-24 23:06:00,15.8692,74.4408,"Reported incident of vehicle theft at Near Bala Ganj, Belagavi. Suspect vehicle noticed with plate KA-16-KA-8150."
1914,101020024202601914,202601914,2024-06-13,1001,24,1,2,1,1,2,3,2024-06-13 18:31:00,2024-06-13 18:31:00,2024-06-13 18:31:00,15.0959,76.939,"Reported incident of cybercrime at Near Ghose Zila, Ballari."
1915,101020024202601915,202601915,2024-03-04,1003,24,1,2,1,1,1,3,2024-03-04 06:23:00,2024-03-04 06:23:00,2024-03-04 06:23:00,12.5873,76.8872,"Reported incident of fraud at Near Ahluwalia, Mandya."
1916,104430024202601916,202601916,2024-12-26,1002,24,1,2,1,1,3,1,2024-12-26 12:47:00,2024-12-26 12:47:00,2024-12-26 12:47:00,12.8798,77.5836,"Reported incident of vehicle theft at Near Nagy Street, Bengaluru Urban. Suspect vehicle noticed with plate KA-17-KA-8107."
1917,101020024202601917,202601917,2025-05-05,1001,24,1,2,1,1,1,3,2025-05-05 17:33:00,2025-05-05 17:33:00,2025-05-05 17:33:00,15.1648,76.8404,"Reported incident of burglary at Near Chowdhury Ganj, Ballari."
1918,101020024202601918,202601918,2024-12-19,1003,24,1,2,1,1,1,3,2024-12-19 16:47:00,2024-12-19 16:47:00,2024-12-19 16:47:00,12.4825,76.9235,"Reported incident of vehicle theft at Near Buch Circle, Mandya. Suspect vehicle noticed with plate KA-40-N-8499."
1919,101020024202601919,202601919,2024-08-15,1004,24,1,2,1,1,1,3,2024-08-15 11:26:00,2024-08-15 11:26:00,2024-08-15 11:26:00,16.2145,77.3424,"Reported incident of vehicle theft at Near Grover Path, Raichur. Suspect vehicle noticed with plate KA-24-N-6844."
1920,101020024202601920,202601920,2024-03-21,1002,24,1,2,1,1,3,3,2024-03-21 02:39:00,2024-03-21 02:39:00,2024-03-21 02:39:00,17.3637,76.7783,"Reported incident of vehicle theft at Near Raman Marg, Kalaburagi. Suspect vehicle noticed with plate KA-15-KB-9582."
1921,101020024202601921,202601921,2025-02-11,1003,24,1,2,1,1,1,3,2025-02-11 07:20:00,2025-02-11 07:20:00,2025-02-11 07:20:00,15.2972,76.096,"Reported incident of burglary at Near Sachdeva Ganj, Koppal."
1922,101020024202601922,202601922,2024-12-28,1003,24,1,2,1,1,1,3,2024-12-28 23:25:00,2024-12-28 23:25:00,2024-12-28 23:25:00,13.1219,78.1097,"Reported incident of vehicle theft at Near Sha Ganj, Kolar. Suspect vehicle noticed with plate KA-04-A-4327."
1923,101020024202601923,202601923,2024-12-06,1003,24,1,2,1,3,3,3,2024-12-06 06:48:00,2024-12-06 06:48:00,2024-12-06 06:48:00,15.2939,76.1461,"Reported incident of chain snatching at Near Chaudhry Path, Koppal. Suspect vehicle noticed with plate KA-35-M-7358."
1924,101020024202601924,202601924,2024-05-16,1002,24,1,2,1,1,3,3,2024-05-16 12:16:00,2024-05-16 12:16:00,2024-05-16 12:16:00,13.0109,76.1259,"Reported incident of hit and run at Near Palan Path, Hassan."
1925,101020024202601925,202601925,2024-07-22,1004,24,1,1,1,2,1,3,2024-07-22 12:29:00,2024-07-22 12:29:00,2024-07-22 12:29:00,15.0618,76.8889,"Reported incident of robbery at Near Rattan Zila, Ballari. Suspect vehicle noticed with plate KA-01-M-5145."
1926,101020024202601926,202601926,2025-05-09,1004,24,1,1,1,2,1,3,2025-05-09 13:11:00,2025-05-09 13:11:00,2025-05-09 13:11:00,15.1823,76.8618,"Reported incident of robbery at Near Babu Marg, Ballari. Suspect vehicle noticed with plate KA-24-M-2171."
1927,104430024202601927,202601927,2024-11-22,1002,24,1,2,1,1,1,1,2024-11-22 22:45:00,2024-11-22 22:45:00,2024-11-22 22:45:00,13.0196,77.5634,"Reported incident of vehicle theft at Near Ramakrishnan Chowk, Bengaluru Urban. Suspect vehicle noticed with plate KA-32-M-7230."
1928,101020024202601928,202601928,2024-11-08,1004,24,1,1,1,2,2,3,2024-11-08 20:39:00,2024-11-08 20:39:00,2024-11-08 20:39:00,12.8707,74.8543,"Reported incident of robbery at Near Mitter Chowk, Mangaluru (Dakshina Kannada). Suspect vehicle noticed with plate KA-14-M-5480."
1929,101020024202601929,202601929,2025-02-16,1003,24,1,2,1,1,1,3,2025-02-16 05:41:00,2025-02-16 05:41:00,2025-02-16 05:41:00,16.2379,77.3142,"Reported incident of drug offence at Near Krish Street, Raichur."
1930,101020024202601930,202601930,2024-03-15,1002,24,1,2,1,3,1,3,2024-03-15 07:52:00,2024-03-15 07:52:00,2024-03-15 07:52:00,13.0503,76.0489,"Reported incident of chain snatching at Near Pau Road, Hassan. Suspect vehicle noticed with plate KA-45-M-4077."
1931,101020024202601931,202601931,2025-05-19,1004,24,1,2,1,1,1,3,2025-05-19 19:48:00,2025-05-19 19:48:00,2025-05-19 19:48:00,12.8671,74.9062,"Reported incident of burglary at Near Barad Zila, Mangaluru (Dakshina Kannada)."
1932,101020024202601932,202601932,2025-01-05,1004,24,1,2,1,1,2,3,2025-01-05 06:36:00,2025-01-05 06:36:00,2025-01-05 06:36:00,12.8592,74.8905,"Reported incident of burglary at Near Bala Road, Mangaluru (Dakshina Kannada)."
1933,101020024202601933,202601933,2024-08-10,1002,24,1,1,2,4,1,3,2024-08-10 20:47:00,2024-08-10 20:47:00,2024-08-10 20:47:00,15.3238,76.232,"Reported incident of assault at Near Kar Ganj, Koppal."
1934,101020024202601934,202601934,2024-08-18,1003,24,1,2,1,1,1,3,2024-08-18 14:51:00,2024-08-18 14:51:00,2024-08-18 14:51:00,15.8536,74.5112,"Reported incident of kidnapping at Near Bajaj Nagar, Belagavi."
1935,104430024202601935,202601935,2024-03-14,1001,24,1,2,1,1,1,1,2024-03-14 11:42:00,2024-03-14 11:42:00,2024-03-14 11:42:00,13.0112,77.616,"Reported incident of hit and run at Near Sachdev, Bengaluru Urban."
1936,101020024202601936,202601936,2024-12-16,1001,24,1,2,1,1,1,3,2024-12-16 20:11:00,2024-12-16 20:11:00,2024-12-16 20:11:00,17.9555,77.5202,"Reported incident of vehicle theft at Near Lad, Bidar. Suspect vehicle noticed with plate KA-27-KA-3778."
1937,101020024202601937,202601937,2025-01-26,1002,24,1,2,1,1,1,3,2025-01-26 22:08:00,2025-01-26 22:08:00,2025-01-26 22:08:00,13.2842,77.0666,"Reported incident of vehicle theft at Near Venkataraman Zila, Tumakuru. Suspect vehicle noticed with plate KA-22-M-6074."
1938,101020024202601938,202601938,2024-11-23,1004,24,1,2,1,1,1,3,2024-11-23 03:02:00,2024-11-23 03:02:00,2024-11-23 03:02:00,16.1777,77.4021,"Reported incident of property crime at Near Contractor Path, Raichur."
1939,101020024202601939,202601939,2024-08-12,1003,24,1,2,1,1,1,3,2024-08-12 18:15:00,2024-08-12 18:15:00,2024-08-12 18:15:00,12.3491,76.5892,"Reported incident of fraud at Near Chandra Road, Mysuru."
1940,101020024202601940,202601940,2025-03-26,1001,24,1,2,1,1,1,3,2025-03-26 17:03:00,2025-03-26 17:03:00,2025-03-26 17:03:00,13.1177,78.1581,"Reported incident of fraud at Near Dutta Marg, Kolar."
1941,104430024202601941,202601941,2025-02-18,1001,24,1,2,1,1,1,1,2025-02-18 11:35:00,2025-02-18 11:35:00,2025-02-18 11:35:00,12.9874,77.5774,"Reported incident of vehicle theft at Near Chand, Bengaluru Urban. Suspect vehicle noticed with plate KA-39-B-1334."
1942,101020024202601942,202601942,2025-01-05,1002,24,1,2,1,1,1,3,2025-01-05 13:18:00,2025-01-05 13:18:00,2025-01-05 13:18:00,13.9166,75.5595,"Reported incident of eve teasing at Near Rout Nagar, Shivamogga."
1943,104430024202601943,202601943,2024-02-16,1004,24,1,2,1,1,1,1,2024-02-16 08:30:00,2024-02-16 08:30:00,2024-02-16 08:30:00,13.0125,77.5775,"Reported incident of hit and run at Near Varkey Circle, Bengaluru Urban."
1944,101020024202601944,202601944,2024-12-12,1003,24,1,2,1,1,1,3,2024-12-12 05:19:00,2024-12-12 05:19:00,2024-12-12 05:19:00,16.8546,75.6757,"Reported incident of fraud at Near Johal, Vijayapura."
1945,104430024202601945,202601945,2024-03-28,1001,24,1,2,1,1,1,1,2024-03-28 00:39:00,2024-03-28 00:39:00,2024-03-28 00:39:00,12.9974,77.5603,"Reported incident of drug offence at Near Boase Path, Bengaluru Urban."
1946,101020024202601946,202601946,2024-08-06,1003,24,1,2,1,1,1,3,2024-08-06 09:45:00,2024-08-06 09:45:00,2024-08-06 09:45:00,15.0806,76.9613,"Reported incident of fraud at Near Pal Chowk, Ballari."
1947,101020024202601947,202601947,2025-01-05,1003,24,1,1,1,2,1,3,2025-01-05 21:50:00,2025-01-05 21:50:00,2025-01-05 21:50:00,13.2333,78.1319,"Reported incident of robbery at Near Dutt Ganj, Kolar. Suspect vehicle noticed with plate KA-28-B-7558."
1948,101020024202601948,202601948,2024-12-25,1003,24,1,2,1,1,1,3,2024-12-25 23:57:00,2024-12-25 23:57:00,2024-12-25 23:57:00,16.2269,77.3677,"Reported incident of burglary at Near Gera Circle, Raichur."
1949,101020024202601949,202601949,2024-04-07,1002,24,1,2,1,1,1,3,2024-04-07 09:51:00,2024-04-07 09:51:00,2024-04-07 09:51:00,12.6035,76.855,"Reported incident of burglary at Near Bhandari Nagar, Mandya."
1950,101020024202601950,202601950,2024-12-18,1004,24,1,2,1,1,1,3,2024-12-18 04:37:00,2024-12-18 04:37:00,2024-12-18 04:37:00,17.8953,77.5325,"Reported incident of domestic violence at Near Ratti, Bidar."
1951,101020024202601951,202601951,2025-01-29,1003,24,1,2,1,1,1,3,2025-01-29 09:43:00,2025-01-29 09:43:00,2025-01-29 09:43:00,14.5117,75.9373,"Reported incident of vehicle theft at Near Keer Road, Davangere. Suspect vehicle noticed with plate KA-39-A-4018."
1952,104430024202601952,202601952,2024-03-17,1004,24,1,2,1,1,1,1,2024-03-17 22:02:00,2024-03-17 22:02:00,2024-03-17 22:02:00,13.0336,77.5774,"Reported incident of fraud at Near Dhar Chowk, Bengaluru Urban."
1953,104430024202601953,202601953,2025-04-07,1002,24,1,2,1,1,1,1,2025-04-07 21:21:00,2025-04-07 21:21:00,2025-04-07 21:21:00,13.0045,77.5853,"Reported incident of vehicle theft at Near Comar Zila, Bengaluru Urban. Suspect vehicle noticed with plate KA-11-KA-3545."
1954,104430024202601954,202601954,2024-11-09,1001,24,1,2,1,1,1,1,2024-11-09 20:12:00,2024-11-09 20:12:00,2024-11-09 20:12:00,12.9639,77.6369,"Reported incident of fraud at Near Dave Street, Bengaluru Urban."
1955,104430024202601955,202601955,2024-07-30,1004,24,1,2,1,1,1,1,2024-07-30 13:07:00,2024-07-30 13:07:00,2024-07-30 13:07:00,12.9801,77.6488,"Reported incident of eve teasing at Near Swaminathan Marg, Bengaluru Urban."
1956,101020024202601956,202601956,2025-05-05,1001,24,1,2,1,1,2,3,2025-05-05 23:23:00,2025-05-05 23:23:00,2025-05-05 23:23:00,15.3067,75.1238,"Reported incident of fraud at Near Deep Nagar, Hubballi-Dharwad."
1957,104430024202601957,202601957,2025-04-16,1002,24,1,2,1,1,1,1,2025-04-16 22:32:00,2025-04-16 22:32:00,2025-04-16 22:32:00,13.0092,77.5717,"Reported incident of vehicle theft at Near Tata Street, Bengaluru Urban. Suspect vehicle noticed with plate KA-01-KA-5450."
1958,101020024202601958,202601958,2024-07-03,1001,24,1,2,1,1,2,3,2024-07-03 08:41:00,2024-07-03 08:41:00,2024-07-03 08:41:00,14.0054,75.6249,"Reported incident of fraud at Near Brar Nagar, Shivamogga."
1959,101020024202601959,202601959,2024-11-13,1004,24,1,2,1,1,2,3,2024-11-13 17:58:00,2024-11-13 17:58:00,2024-11-13 17:58:00,16.2396,77.3127,"Reported incident of vehicle theft at Near Konda Chowk, Raichur. Suspect vehicle noticed with plate KA-26-N-1198."
1960,101020024202601960,202601960,2024-03-13,1003,24,1,1,1,2,2,3,2024-03-13 11:59:00,2024-03-13 11:59:00,2024-03-13 11:59:00,14.4991,75.9172,"Reported incident of robbery at Near Parekh Zila, Davangere. Suspect vehicle noticed with plate KA-43-B-1379."
1961,104430024202601961,202601961,2024-12-13,1001,24,1,2,1,1,2,1,2024-12-13 18:02:00,2024-12-13 18:02:00,2024-12-13 18:02:00,13.0311,77.5599,"Reported incident of vehicle theft at Near Doctor Chowk, Bengaluru Urban. Suspect vehicle noticed with plate KA-05-KB-5319."
1962,101020024202601962,202601962,2024-04-09,1001,24,1,2,1,1,2,3,2024-04-09 04:44:00,2024-04-09 04:44:00,2024-04-09 04:44:00,17.3735,76.7591,"Reported incident of property crime at Near Dugar Zila, Kalaburagi."
1963,104430024202601963,202601963,2024-10-11,1002,24,1,2,1,1,1,1,2024-10-11 00:20:00,2024-10-11 00:20:00,2024-10-11 00:20:00,12.9239,77.565,"Reported incident of fraud at Near Sangha Nagar, Bengaluru Urban."
1964,101020024202601964,202601964,2024-03-20,1003,24,1,2,1,1,1,3,2024-03-20 09:00:00,2024-03-20 09:00:00,2024-03-20 09:00:00,13.2088,78.1584,"Reported incident of fraud at Near Chanda Chowk, Kolar."
1965,104430024202601965,202601965,2025-03-22,1001,24,1,2,1,3,1,1,2025-03-22 20:01:00,2025-03-22 20:01:00,2025-03-22 20:01:00,12.9826,77.5699,"Reported incident of chain snatching at Near Bhatti Nagar, Bengaluru Urban. Suspect vehicle noticed with plate KA-09-KA-8730."
1966,101020024202601966,202601966,2024-12-13,1003,24,1,2,1,1,2,3,2024-12-13 08:49:00,2024-12-13 08:49:00,2024-12-13 08:49:00,16.8205,75.6695,"Reported incident of cybercrime at Near Lal Road, Vijayapura."
1967,104430024202601967,202601967,2024-06-20,1001,24,1,2,1,1,1,1,2024-06-20 02:35:00,2024-06-20 02:35:00,2024-06-20 02:35:00,13.2574,77.6801,"Reported incident of burglary at Near Kale Nagar, Bengaluru Rural."
1968,101020024202601968,202601968,2025-04-05,1004,24,1,2,1,1,2,3,2025-04-05 18:38:00,2025-04-05 18:38:00,2025-04-05 18:38:00,13.3308,75.7724,"Reported incident of drug offence at Near Chadha, Chikkamagaluru."
1969,101020024202601969,202601969,2024-04-23,1004,24,1,2,1,1,2,3,2024-04-23 06:51:00,2024-04-23 06:51:00,2024-04-23 06:51:00,14.4666,75.8463,"Reported incident of burglary at Near Som Chowk, Davangere."
1970,101020024202601970,202601970,2024-11-01,1004,24,1,2,1,1,1,3,2024-11-01 18:26:00,2024-11-01 18:26:00,2024-11-01 18:26:00,12.5504,76.9262,"Reported incident of vehicle theft at Near Sengupta Nagar, Mandya. Suspect vehicle noticed with plate KA-04-M-5294."
1971,101020024202601971,202601971,2025-03-23,1004,24,1,2,1,1,1,3,2025-03-23 06:32:00,2025-03-23 06:32:00,2025-03-23 06:32:00,13.9223,75.5527,"Reported incident of vehicle theft at Near Pingle Nagar, Shivamogga. Suspect vehicle noticed with plate KA-08-P-4605."
1972,101020024202601972,202601972,2024-07-14,1001,24,1,2,1,1,1,3,2024-07-14 04:57:00,2024-07-14 04:57:00,2024-07-14 04:57:00,17.8981,77.5192,"Reported incident of cybercrime at Near Dugar Nagar, Bidar."
1973,101020024202601973,202601973,2024-05-24,1001,24,1,2,1,1,1,3,2024-05-24 13:03:00,2024-05-24 13:03:00,2024-05-24 13:03:00,15.7425,74.5482,"Reported incident of property crime at Near Dhaliwal Ganj, Belagavi."
1974,101020024202601974,202601974,2025-04-21,1003,24,1,1,1,2,2,3,2025-04-21 16:38:00,2025-04-21 16:38:00,2025-04-21 16:38:00,13.3658,77.0386,"Reported incident of robbery at Near Dass Chowk, Tumakuru. Suspect vehicle noticed with plate KA-44-A-7064."
1975,101020024202601975,202601975,2025-05-22,1002,24,1,2,1,1,3,3,2025-05-22 15:12:00,2025-05-22 15:12:00,2025-05-22 15:12:00,15.8031,74.4275,"Reported incident of fraud at Near Jani Circle, Belagavi."
1976,104430024202601976,202601976,2024-12-09,1002,24,1,2,1,1,1,1,2024-12-09 07:01:00,2024-12-09 07:01:00,2024-12-09 07:01:00,12.999,77.5853,"Reported incident of murder at Near Guha Zila, Bengaluru Urban."
1977,104430024202601977,202601977,2024-12-14,1003,24,1,2,1,1,1,1,2024-12-14 12:00:00,2024-12-14 12:00:00,2024-12-14 12:00:00,12.9657,77.5928,"Reported incident of domestic violence at Near Bera Ganj, Bengaluru Urban."
1978,104430024202601978,202601978,2025-02-01,1002,24,1,1,1,2,1,1,2025-02-01 18:55:00,2025-02-01 18:55:00,2025-02-01 18:55:00,13.0196,77.5665,"Reported incident of robbery at Near Sabharwal Circle, Bengaluru Urban. Suspect vehicle noticed with plate KA-05-N-8050."
1979,101020024202601979,202601979,2025-01-19,1003,24,1,2,1,3,1,3,2025-01-19 13:41:00,2025-01-19 13:41:00,2025-01-19 13:41:00,13.2724,77.1684,"Reported incident of chain snatching at Near Chakrabarti Marg, Tumakuru. Suspect vehicle noticed with plate KA-44-B-3701."
1980,101020024202601980,202601980,2025-02-13,1004,24,1,2,1,1,1,3,2025-02-13 05:29:00,2025-02-13 05:29:00,2025-02-13 05:29:00,12.4726,76.905,"Reported incident of eve teasing at Near More Ganj, Mandya."
1981,101020024202601981,202601981,2024-04-14,1002,24,1,2,1,1,1,3,2024-04-14 04:54:00,2024-04-14 04:54:00,2024-04-14 04:54:00,15.3416,75.1296,"Reported incident of senior citizen crime at Near Bahl Street, Hubballi-Dharwad."
1982,104430024202601982,202601982,2025-03-23,1004,24,1,2,1,3,1,1,2025-03-23 13:48:00,2025-03-23 13:48:00,2025-03-23 13:48:00,13.0109,77.5561,"Reported incident of chain snatching at Near Pingle Ganj, Bengaluru Urban. Suspect vehicle noticed with plate KA-38-KB-5808."
1983,104430024202601983,202601983,2024-12-26,1002,24,1,2,1,1,1,1,2024-12-26 15:58:00,2024-12-26 15:58:00,2024-12-26 15:58:00,12.9175,77.5644,"Reported incident of vehicle theft at Near Gera Nagar, Bengaluru Urban. Suspect vehicle noticed with plate KA-25-A-3150."
1984,101020024202601984,202601984,2025-04-30,1003,24,1,2,1,1,2,3,2025-04-30 21:53:00,2025-04-30 21:53:00,2025-04-30 21:53:00,17.4044,76.7624,"Reported incident of cybercrime at Near Subramaniam Marg, Kalaburagi."
1985,101020024202601985,202601985,2024-02-08,1001,24,1,2,1,1,1,3,2024-02-08 02:45:00,2024-02-08 02:45:00,2024-02-08 02:45:00,16.2007,77.2636,"Reported incident of domestic violence at Near Barad Path, Raichur."
1986,101020024202601986,202601986,2024-10-21,1001,24,1,1,1,2,1,3,2024-10-21 22:36:00,2024-10-21 22:36:00,2024-10-21 22:36:00,12.8387,74.869,"Reported incident of robbery at Near Korpal, Mangaluru (Dakshina Kannada). Suspect vehicle noticed with plate KA-13-P-7551."
1987,101020024202601987,202601987,2024-02-10,1001,24,1,1,2,4,2,3,2024-02-10 05:40:00,2024-02-10 05:40:00,2024-02-10 05:40:00,17.3508,76.7857,"Reported incident of assault at Near Varkey Street, Kalaburagi."
1988,101020024202601988,202601988,2024-08-29,1002,24,1,2,1,1,1,3,2024-08-29 02:51:00,2024-08-29 02:51:00,2024-08-29 02:51:00,13.3086,77.1064,"Reported incident of cybercrime at Near Sampath Circle, Tumakuru."
1989,101020024202601989,202601989,2024-10-31,1001,24,1,1,1,2,2,3,2024-10-31 08:16:00,2024-10-31 08:16:00,2024-10-31 08:16:00,12.9084,74.8133,"Reported incident of robbery at Near Das Nagar, Mangaluru (Dakshina Kannada). Suspect vehicle noticed with plate KA-04-A-8318."
1990,101020024202601990,202601990,2024-10-14,1004,24,1,2,1,1,2,3,2024-10-14 11:50:00,2024-10-14 11:50:00,2024-10-14 11:50:00,15.1092,76.982,"Reported incident of burglary at Near Bhatia Ganj, Ballari."
1991,101020024202601991,202601991,2024-04-15,1002,24,1,2,1,1,3,3,2024-04-15 02:10:00,2024-04-15 02:10:00,2024-04-15 02:10:00,15.1053,76.9503,"Reported incident of fraud at Near Ratti Zila, Ballari."
1992,104430024202601992,202601992,2024-09-15,1003,24,1,2,1,1,1,1,2024-09-15 14:20:00,2024-09-15 14:20:00,2024-09-15 14:20:00,12.9649,77.6461,"Reported incident of fraud at Near Murthy Chowk, Bengaluru Urban."
1993,101020024202601993,202601993,2024-05-23,1004,24,1,2,1,3,2,3,2024-05-23 14:18:00,2024-05-23 14:18:00,2024-05-23 14:18:00,16.8245,75.6751,"Reported incident of chain snatching at Near Shenoy Nagar, Vijayapura. Suspect vehicle noticed with plate KA-01-B-3185."
1994,104430024202601994,202601994,2025-02-15,1001,24,1,2,1,1,1,1,2025-02-15 04:03:00,2025-02-15 04:03:00,2025-02-15 04:03:00,12.9888,77.5393,"Reported incident of fraud at Near Khatri Nagar, Bengaluru Urban."
1995,101020024202601995,202601995,2025-02-21,1004,24,1,2,1,1,1,3,2025-02-21 09:42:00,2025-02-21 09:42:00,2025-02-21 09:42:00,13.2936,74.7623,"Reported incident of property crime at Near Din Chowk, Udupi."
1996,101020024202601996,202601996,2024-05-22,1003,24,1,2,1,1,1,3,2024-05-22 21:50:00,2024-05-22 21:50:00,2024-05-22 21:50:00,13.2921,74.7925,"Reported incident of cybercrime at Near Prasad Zila, Udupi."
1997,101020024202601997,202601997,2025-01-04,1003,24,1,2,1,1,1,3,2025-01-04 10:58:00,2025-01-04 10:58:00,2025-01-04 10:58:00,16.185,77.3847,"Reported incident of cybercrime at Near Seth Circle, Raichur."
1998,104430024202601998,202601998,2024-12-25,1002,24,1,2,1,3,3,1,2024-12-25 03:56:00,2024-12-25 03:56:00,2024-12-25 03:56:00,13.3101,77.6572,"Reported incident of chain snatching at Near Bala Circle, Bengaluru Rural. Suspect vehicle noticed with plate KA-38-KB-8158."
1999,104430024202601999,202601999,2024-05-21,1002,24,1,2,1,1,1,1,2024-05-21 05:25:00,2024-05-21 05:25:00,2024-05-21 05:25:00,12.9804,77.5352,"Reported incident of fraud at Near Deshpande Path, Bengaluru Urban."
2000,101020024202602000,202602000,2024-09-06,1001,24,1,1,1,2,1,3,2024-09-06 19:13:00,2024-09-06 19:13:00,2024-09-06 19:13:00,15.2825,76.1297,"Reported incident of robbery at Near Srinivas Ganj, Koppal. Suspect vehicle noticed with plate KA-18-B-3771."
2001,104430024202602001,202602001,2024-10-12,1003,24,1,2,1,1,1,1,2024-10-12 05:29:00,2024-10-12 05:29:00,2024-10-12 05:29:00,13.0194,77.584,"Reported incident of cybercrime at Near Doctor Nagar, Bengaluru Urban."
2002,101020024202602002,202602002,2025-03-24,1004,24,1,2,1,1,1,3,2025-03-24 01:39:00,2025-03-24 01:39:00,2025-03-24 01:39:00,15.1699,76.8695,"Reported incident of burglary at Near Upadhyay Circle, Ballari."
2003,104430024202602003,202602003,2024-01-29,1001,24,1,1,2,4,1,1,2024-01-29 03:50:00,2024-01-29 03:50:00,2024-01-29 03:50:00,12.9957,77.5267,"Reported incident of assault at Near Hari Nagar, Bengaluru Urban."
2004,101020024202602004,202602004,2024-09-25,1004,24,1,2,1,1,1,3,2024-09-25 14:18:00,2024-09-25 14:18:00,2024-09-25 14:18:00,13.9543,75.5313,"Reported incident of vehicle theft at Near Chaudry Circle, Shivamogga. Suspect vehicle noticed with plate KA-28-P-3068."
2005,101020024202602005,202602005,2024-09-18,1002,24,1,2,1,1,1,3,2024-09-18 13:29:00,2024-09-18 13:29:00,2024-09-18 13:29:00,12.6082,76.8319,"Reported incident of hit and run at Near Vig, Mandya."
2006,104430024202602006,202602006,2024-10-04,1003,24,1,2,1,1,1,1,2024-10-04 09:04:00,2024-10-04 09:04:00,2024-10-04 09:04:00,13.0053,77.5616,"Reported incident of vehicle theft at Near Rege, Bengaluru Urban. Suspect vehicle noticed with plate KA-17-P-7323."
2007,101020024202602007,202602007,2024-02-04,1003,24,1,1,1,2,1,3,2024-02-04 06:28:00,2024-02-04 06:28:00,2024-02-04 06:28:00,12.3933,76.6771,"Reported incident of robbery at Near Dash Ganj, Mysuru. Suspect vehicle noticed with plate KA-07-KA-6799."
2008,104430024202602008,202602008,2025-02-07,1001,24,1,2,1,1,1,1,2025-02-07 21:54:00,2025-02-07 21:54:00,2025-02-07 21:54:00,13.0296,77.5774,"Reported incident of vehicle theft at Near Contractor Road, Bengaluru Urban. Suspect vehicle noticed with plate KA-28-P-6540."
2009,101020024202602009,202602009,2025-05-02,1003,24,1,2,1,1,2,3,2025-05-02 15:43:00,2025-05-02 15:43:00,2025-05-02 15:43:00,13.37,77.1175,"Reported incident of burglary at Near Jha Ganj, Tumakuru."
2010,101020024202602010,202602010,2025-02-19,1004,24,1,2,1,1,1,3,2025-02-19 02:21:00,2025-02-19 02:21:00,2025-02-19 02:21:00,15.1851,76.8606,"Reported incident of burglary at Near Lall Ganj, Ballari."
2011,104430024202602011,202602011,2025-05-07,1002,24,1,2,1,1,1,1,2025-05-07 10:53:00,2025-05-07 10:53:00,2025-05-07 10:53:00,12.9731,77.6202,"Reported incident of vehicle theft at Near Sani Marg, Bengaluru Urban. Suspect vehicle noticed with plate KA-46-N-1653."
2012,101020024202602012,202602012,2024-10-05,1004,24,1,2,1,1,2,3,2024-10-05 15:43:00,2024-10-05 15:43:00,2024-10-05 15:43:00,17.9519,77.5112,"Reported incident of vehicle theft at Near Badami Path, Bidar. Suspect vehicle noticed with plate KA-25-B-7119."
2013,101020024202602013,202602013,2024-05-29,1004,24,1,2,1,1,1,3,2024-05-29 15:21:00,2024-05-29 15:21:00,2024-05-29 15:21:00,12.8863,74.8269,"Reported incident of vehicle theft at Near Pau Ganj, Mangaluru (Dakshina Kannada). Suspect vehicle noticed with plate KA-23-M-6701."
2014,101020024202602014,202602014,2024-10-22,1001,24,1,2,1,3,1,3,2024-10-22 02:59:00,2024-10-22 02:59:00,2024-10-22 02:59:00,15.3462,76.2282,"Reported incident of chain snatching at Near Natt Street, Koppal. Suspect vehicle noticed with plate KA-40-B-3525."
2015,101020024202602015,202602015,2024-05-13,1004,24,1,1,1,2,1,3,2024-05-13 00:55:00,2024-05-13 00:55:00,2024-05-13 00:55:00,13.2612,75.7708,"Reported incident of robbery at Near Dixit Nagar, Chikkamagaluru. Suspect vehicle noticed with plate KA-14-P-5322."
2016,101020024202602016,202602016,2024-11-03,1004,24,1,2,1,1,2,3,2024-11-03 03:07:00,2024-11-03 03:07:00,2024-11-03 03:07:00,16.8057,75.6636,"Reported incident of hit and run at Near Behl Zila, Vijayapura."
2017,101020024202602017,202602017,2025-05-25,1004,24,1,2,1,1,1,3,2025-05-25 16:17:00,2025-05-25 16:17:00,2025-05-25 16:17:00,17.3913,76.8741,"Reported incident of burglary at Near Tara, Kalaburagi."
2018,104430024202602018,202602018,2025-05-12,1002,24,1,2,1,1,1,1,2025-05-12 00:51:00,2025-05-12 00:51:00,2025-05-12 00:51:00,12.9652,77.6521,"Reported incident of vehicle theft at Near Wable Path, Bengaluru Urban. Suspect vehicle noticed with plate KA-04-A-6630."
2019,101020024202602019,202602019,2024-06-17,1004,24,1,2,1,1,2,3,2024-06-17 12:53:00,2024-06-17 12:53:00,2024-06-17 12:53:00,17.8834,77.4784,"Reported incident of drug offence at Near Panchal Ganj, Bidar."
2020,101020024202602020,202602020,2025-05-16,1004,24,1,1,1,2,1,3,2025-05-16 00:24:00,2025-05-16 00:24:00,2025-05-16 00:24:00,12.4822,76.9554,"Reported incident of robbery at Near Reddy Road, Mandya. Suspect vehicle noticed with plate KA-40-N-4796."
2021,101020024202602021,202602021,2025-01-04,1002,24,1,2,1,1,1,3,2025-01-04 08:03:00,2025-01-04 08:03:00,2025-01-04 08:03:00,15.7525,74.4482,"Reported incident of drug offence at Near Bahri Nagar, Belagavi."
2022,101020024202602022,202602022,2025-05-26,1001,24,1,2,1,3,1,3,2025-05-26 18:23:00,2025-05-26 18:23:00,2025-05-26 18:23:00,13.361,75.7599,"Reported incident of chain snatching at Near Manne Road, Chikkamagaluru. Suspect vehicle noticed with plate KA-05-P-5290."
2023,101020024202602023,202602023,2024-09-21,1002,24,1,1,2,4,1,3,2024-09-21 01:24:00,2024-09-21 01:24:00,2024-09-21 01:24:00,13.1626,78.1582,"Reported incident of assault at Near Shanker Circle, Kolar."
2024,101020024202602024,202602024,2024-07-22,1004,24,1,2,1,3,1,3,2024-07-22 16:23:00,2024-07-22 16:23:00,2024-07-22 16:23:00,13.9504,75.6301,"Reported incident of chain snatching at Near Hans Path, Shivamogga. Suspect vehicle noticed with plate KA-28-KB-2188."
2025,101020024202602025,202602025,2025-04-12,1002,24,1,2,1,1,1,3,2025-04-12 04:43:00,2025-04-12 04:43:00,2025-04-12 04:43:00,13.921,75.5681,"Reported incident of drug offence at Near Wagle Path, Shivamogga."
2026,101020024202602026,202602026,2025-02-11,1001,24,1,1,2,4,1,3,2025-02-11 23:57:00,2025-02-11 23:57:00,2025-02-11 23:57:00,13.4204,77.0761,"Reported incident of assault at Near Mukherjee, Tumakuru."
2027,104430024202602027,202602027,2025-05-08,1004,24,1,2,1,1,1,1,2025-05-08 17:08:00,2025-05-08 17:08:00,2025-05-08 17:08:00,12.9791,77.6299,"Reported incident of fraud at Near Kala Circle, Bengaluru Urban."
2028,104430024202602028,202602028,2025-02-18,1004,24,1,2,1,1,1,1,2025-02-18 03:41:00,2025-02-18 03:41:00,2025-02-18 03:41:00,13.1516,77.5989,"Reported incident of fraud at Near Jha, Bengaluru Rural."
2029,101020024202602029,202602029,2024-06-30,1003,24,1,2,1,1,1,3,2024-06-30 22:51:00,2024-06-30 22:51:00,2024-06-30 22:51:00,15.7898,74.4456,"Reported incident of property crime at Near Babu Path, Belagavi."
2030,101020024202602030,202602030,2024-04-28,1002,24,1,2,1,1,1,3,2024-04-28 06:27:00,2024-04-28 06:27:00,2024-04-28 06:27:00,15.8921,74.4229,"Reported incident of drug offence at Near Deol Path, Belagavi."
2031,101020024202602031,202602031,2024-08-19,1001,24,1,2,1,1,1,3,2024-08-19 00:06:00,2024-08-19 00:06:00,2024-08-19 00:06:00,13.0784,78.1689,"Reported incident of drug offence at Near Iyer Path, Kolar."
2032,101020024202602032,202602032,2024-03-22,1003,24,1,2,1,1,1,3,2024-03-22 03:37:00,2024-03-22 03:37:00,2024-03-22 03:37:00,15.8688,74.4098,"Reported incident of fraud at Near Mallick Path, Belagavi."
2033,101020024202602033,202602033,2024-12-06,1004,24,1,2,1,1,1,3,2024-12-06 17:15:00,2024-12-06 17:15:00,2024-12-06 17:15:00,12.8406,74.8914,"Reported incident of kidnapping at Near Banik Street, Mangaluru (Dakshina Kannada)."
2034,101020024202602034,202602034,2024-07-22,1001,24,1,2,1,3,2,3,2024-07-22 11:47:00,2024-07-22 11:47:00,2024-07-22 11:47:00,16.2244,77.3847,"Reported incident of chain snatching at Near Kari Circle, Raichur. Suspect vehicle noticed with plate KA-24-P-4057."
2035,104430024202602035,202602035,2024-03-18,1003,24,1,2,1,1,1,1,2024-03-18 22:41:00,2024-03-18 22:41:00,2024-03-18 22:41:00,12.8705,77.5788,"Reported incident of hit and run at Near Sani Zila, Bengaluru Urban."
2036,104430024202602036,202602036,2024-03-27,1001,24,1,2,1,3,1,1,2024-03-27 08:43:00,2024-03-27 08:43:00,2024-03-27 08:43:00,12.9739,77.6489,"Reported incident of chain snatching at Near Srinivas, Bengaluru Urban. Suspect vehicle noticed with plate KA-41-A-7502."
2037,101020024202602037,202602037,2024-11-03,1003,24,1,2,1,1,1,3,2024-11-03 06:35:00,2024-11-03 06:35:00,2024-11-03 06:35:00,16.2322,77.3736,"Reported incident of vehicle theft at Near Balasubramanian, Raichur. Suspect vehicle noticed with plate KA-36-A-4180."
2038,101020024202602038,202602038,2024-09-29,1001,24,1,1,2,4,1,3,2024-09-29 18:46:00,2024-09-29 18:46:00,2024-09-29 18:46:00,15.3595,75.1494,"Reported incident of assault at Near Murty Street, Hubballi-Dharwad."
2039,101020024202602039,202602039,2025-02-20,1003,24,1,2,1,1,1,3,2025-02-20 22:23:00,2025-02-20 22:23:00,2025-02-20 22:23:00,13.3408,74.8013,"Reported incident of fraud at Near Joshi Zila, Udupi."
2040,104430024202602040,202602040,2025-05-03,1003,24,1,2,1,1,1,1,2025-05-03 10:20:00,2025-05-03 10:20:00,2025-05-03 10:20:00,12.9855,77.5563,"Reported incident of burglary at Near Choudhry Chowk, Bengaluru Urban."
2041,104430024202602041,202602041,2025-03-15,1004,24,1,2,1,1,1,1,2025-03-15 00:27:00,2025-03-15 00:27:00,2025-03-15 00:27:00,13.0308,77.5836,"Reported incident of cybercrime at Near Gill, Bengaluru Urban."
2042,101020024202602042,202602042,2024-04-04,1001,24,1,2,1,3,1,3,2024-04-04 20:36:00,2024-04-04 20:36:00,2024-04-04 20:36:00,13.3815,75.7729,"Reported incident of chain snatching at Near Chaudry Street, Chikkamagaluru. Suspect vehicle noticed with plate KA-01-B-5301."
2043,101020024202602043,202602043,2025-05-06,1002,24,1,2,1,1,1,3,2025-05-06 06:56:00,2025-05-06 06:56:00,2025-05-06 06:56:00,13.0477,76.1324,"Reported incident of hit and run at Near Sani Zila, Hassan."
2044,104430024202602044,202602044,2024-05-17,1003,24,1,2,1,1,1,1,2024-05-17 13:52:00,2024-05-17 13:52:00,2024-05-17 13:52:00,12.912,77.571,"Reported incident of burglary at Near Thakur Zila, Bengaluru Urban."
2045,101020024202602045,202602045,2024-04-04,1002,24,1,2,1,1,1,3,2024-04-04 07:24:00,2024-04-04 07:24:00,2024-04-04 07:24:00,15.3009,76.1014,"Reported incident of hit and run at Near Dhar Street, Koppal."
2046,104430024202602046,202602046,2024-01-15,1001,24,1,2,1,1,3,1,2024-01-15 18:37:00,2024-01-15 18:37:00,2024-01-15 18:37:00,12.8922,77.5954,"Reported incident of cybercrime at Near Vasa Marg, Bengaluru Urban."
2047,104430024202602047,202602047,2024-12-27,1002,24,1,2,1,1,1,1,2024-12-27 16:43:00,2024-12-27 16:43:00,2024-12-27 16:43:00,13.0162,77.5522,"Reported incident of cybercrime at Near Dua Chowk, Bengaluru Urban."
2048,101020024202602048,202602048,2024-10-03,1003,24,1,2,1,3,1,3,2024-10-03 00:31:00,2024-10-03 00:31:00,2024-10-03 00:31:00,17.3698,76.7516,"Reported incident of chain snatching at Near Raja, Kalaburagi. Suspect vehicle noticed with plate KA-52-P-1321."
2049,101020024202602049,202602049,2024-08-02,1002,24,1,2,1,1,1,3,2024-08-02 07:56:00,2024-08-02 07:56:00,2024-08-02 07:56:00,12.2865,76.582,"Reported incident of senior citizen crime at Near Balay Road, Mysuru."
2050,104430024202602050,202602050,2024-12-15,1003,24,1,2,1,1,1,1,2024-12-15 14:47:00,2024-12-15 14:47:00,2024-12-15 14:47:00,13.0294,77.5802,"Reported incident of eve teasing at Near Sabharwal, Bengaluru Urban."
2051,104430024202602051,202602051,2024-08-11,1001,24,1,2,1,1,1,1,2024-08-11 09:26:00,2024-08-11 09:26:00,2024-08-11 09:26:00,13.0111,77.5757,"Reported incident of vehicle theft at Near Biswas Marg, Bengaluru Urban. Suspect vehicle noticed with plate KA-09-A-2179."
2052,104430024202602052,202602052,2024-11-18,1001,24,1,2,1,1,1,1,2024-11-18 23:59:00,2024-11-18 23:59:00,2024-11-18 23:59:00,13.0118,77.5549,"Reported incident of fraud at Near Zachariah Road, Bengaluru Urban."
2053,101020024202602053,202602053,2024-10-15,1004,24,1,2,1,1,1,3,2024-10-15 04:42:00,2024-10-15 04:42:00,2024-10-15 04:42:00,12.8624,74.8312,"Reported incident of vehicle theft at Near Jhaveri Street, Mangaluru (Dakshina Kannada). Suspect vehicle noticed with plate KA-28-KB-9678."
2054,104430024202602054,202602054,2025-03-21,1002,24,1,2,1,1,1,1,2025-03-21 06:01:00,2025-03-21 06:01:00,2025-03-21 06:01:00,13.0003,77.6068,"Reported incident of hit and run at Near Patla Nagar, Bengaluru Urban."
2055,104430024202602055,202602055,2025-04-21,1001,24,1,2,1,1,1,1,2025-04-21 10:01:00,2025-04-21 10:01:00,2025-04-21 10:01:00,12.9927,77.55,"Reported incident of burglary at Near Srivastava, Bengaluru Urban."
2056,104430024202602056,202602056,2024-09-10,1004,24,1,2,1,1,1,1,2024-09-10 01:50:00,2024-09-10 01:50:00,2024-09-10 01:50:00,13.0087,77.5939,"Reported incident of vehicle theft at Near Mukhopadhyay Path, Bengaluru Urban. Suspect vehicle noticed with plate KA-45-KB-6145."
2057,101020024202602057,202602057,2024-04-05,1002,24,1,2,1,1,3,3,2024-04-05 22:18:00,2024-04-05 22:18:00,2024-04-05 22:18:00,13.351,74.6907,"Reported incident of cybercrime at Near Jain Chowk, Udupi."
2058,101020024202602058,202602058,2024-11-05,1003,24,1,2,1,3,1,3,2024-11-05 01:50:00,2024-11-05 01:50:00,2024-11-05 01:50:00,15.3003,76.1328,"Reported incident of chain snatching at Near Lata Circle, Koppal. Suspect vehicle noticed with plate KA-08-M-1766."
2059,101020024202602059,202602059,2024-01-14,1003,24,1,2,1,1,2,3,2024-01-14 16:04:00,2024-01-14 16:04:00,2024-01-14 16:04:00,13.2023,78.0808,"Reported incident of burglary at Near Sha Marg, Kolar."
2060,101020024202602060,202602060,2024-05-14,1002,24,1,2,1,1,1,3,2024-05-14 10:34:00,2024-05-14 10:34:00,2024-05-14 10:34:00,13.1613,78.1986,"Reported incident of cybercrime at Near Tiwari Path, Kolar."
2061,101020024202602061,202602061,2025-05-31,1002,24,1,2,1,1,1,3,2025-05-31 10:37:00,2025-05-31 10:37:00,2025-05-31 10:37:00,13.2911,75.7276,"Reported incident of cybercrime at Near Prasad Path, Chikkamagaluru."
2062,104430024202602062,202602062,2024-06-16,1001,24,1,2,1,1,1,1,2024-06-16 20:07:00,2024-06-16 20:07:00,2024-06-16 20:07:00,12.9224,77.5569,"Reported incident of murder at Near Varughese Ganj, Bengaluru Urban."
2063,104430024202602063,202602063,2025-04-26,1004,24,1,1,2,4,1,1,2025-04-26 09:02:00,2025-04-26 09:02:00,2025-04-26 09:02:00,12.867,77.5949,"Reported incident of assault at Near Gole Path, Bengaluru Urban."
2064,104430024202602064,202602064,2024-01-11,1001,24,1,2,1,1,1,1,2024-01-11 22:57:00,2024-01-11 22:57:00,2024-01-11 22:57:00,13.0145,77.5544,"Reported incident of fraud at Near Setty Circle, Bengaluru Urban."
2065,104430024202602065,202602065,2024-12-09,1004,24,1,2,1,3,1,1,2024-12-09 23:22:00,2024-12-09 23:22:00,2024-12-09 23:22:00,12.9726,77.5698,"Reported incident of chain snatching at Near Chokshi Zila, Bengaluru Urban. Suspect vehicle noticed with plate KA-47-KB-3748."
2066,101020024202602066,202602066,2024-01-28,1003,24,1,2,1,1,1,3,2024-01-28 20:54:00,2024-01-28 20:54:00,2024-01-28 20:54:00,13.917,75.6148,"Reported incident of property crime at Near Virk Street, Shivamogga."
2067,101020024202602067,202602067,2024-10-07,1004,24,1,2,1,1,1,3,2024-10-07 15:28:00,2024-10-07 15:28:00,2024-10-07 15:28:00,13.3782,75.7368,"Reported incident of cybercrime at Near Subramanian Chowk, Chikkamagaluru."
2068,104430024202602068,202602068,2025-04-21,1002,24,1,1,2,4,2,1,2025-04-21 11:22:00,2025-04-21 11:22:00,2025-04-21 11:22:00,12.979,77.6499,"Reported incident of assault at Near Dube Road, Bengaluru Urban."
2069,101020024202602069,202602069,2024-06-09,1002,24,1,2,1,1,1,3,2024-06-09 14:03:00,2024-06-09 14:03:00,2024-06-09 14:03:00,15.8635,74.4193,"Reported incident of cybercrime at Near Sabharwal Zila, Belagavi."
2070,101020024202602070,202602070,2024-06-21,1002,24,1,2,1,3,2,3,2024-06-21 10:33:00,2024-06-21 10:33:00,2024-06-21 10:33:00,17.9351,77.4705,"Reported incident of chain snatching at Near Rout Zila, Bidar. Suspect vehicle noticed with plate KA-53-KB-2332."
2071,104430024202602071,202602071,2024-10-06,1004,24,1,2,1,1,3,1,2024-10-06 19:36:00,2024-10-06 19:36:00,2024-10-06 19:36:00,12.9923,77.5713,"Reported incident of cybercrime at Near Mangat Street, Bengaluru Urban."
2072,101020024202602072,202602072,2025-02-03,1002,24,1,1,2,4,1,3,2025-02-03 10:05:00,2025-02-03 10:05:00,2025-02-03 10:05:00,15.3634,75.1478,"Reported incident of assault at Near Balan Street, Hubballi-Dharwad."
2073,101020024202602073,202602073,2024-06-05,1001,24,1,2,1,1,1,3,2024-06-05 22:33:00,2024-06-05 22:33:00,2024-06-05 22:33:00,12.5408,76.9278,"Reported incident of burglary at Near Kar Street, Mandya."
2074,101020024202602074,202602074,2024-02-28,1004,24,1,2,1,1,1,3,2024-02-28 23:11:00,2024-02-28 23:11:00,2024-02-28 23:11:00,17.362,76.882,"Reported incident of vehicle theft at Near Wali Street, Kalaburagi. Suspect vehicle noticed with plate KA-10-KB-5235."
2075,104430024202602075,202602075,2024-01-11,1001,24,1,2,1,1,1,1,2024-01-11 16:49:00,2024-01-11 16:49:00,2024-01-11 16:49:00,13.0041,77.6107,"Reported incident of burglary at Near Mane Street, Bengaluru Urban."
2076,101020024202602076,202602076,2024-10-07,1004,24,1,2,1,1,1,3,2024-10-07 23:53:00,2024-10-07 23:53:00,2024-10-07 23:53:00,12.3321,76.5963,"Reported incident of vehicle theft at Near Goswami Nagar, Mysuru. Suspect vehicle noticed with plate KA-52-KA-3541."
2077,101020024202602077,202602077,2024-03-16,1002,24,1,2,1,1,1,3,2024-03-16 21:00:00,2024-03-16 21:00:00,2024-03-16 21:00:00,12.5856,76.825,"Reported incident of vehicle theft at Near Prasad Circle, Mandya. Suspect vehicle noticed with plate KA-16-P-6394."
2078,101020024202602078,202602078,2024-10-09,1002,24,1,2,1,1,1,3,2024-10-09 19:00:00,2024-10-09 19:00:00,2024-10-09 19:00:00,13.3014,77.1382,"Reported incident of eve teasing at Near Sankaran Marg, Tumakuru."
2079,101020024202602079,202602079,2024-07-21,1002,24,1,2,1,1,1,3,2024-07-21 14:56:00,2024-07-21 14:56:00,2024-07-21 14:56:00,15.2026,76.8449,"Reported incident of burglary at Near Dugar Road, Ballari."
2080,101020024202602080,202602080,2024-04-30,1002,24,1,1,2,4,1,3,2024-04-30 01:08:00,2024-04-30 01:08:00,2024-04-30 01:08:00,12.2896,76.6008,"Reported incident of assault at Near Mani Nagar, Mysuru."
2081,101020024202602081,202602081,2024-03-12,1003,24,1,2,1,1,1,3,2024-03-12 20:42:00,2024-03-12 20:42:00,2024-03-12 20:42:00,12.2305,76.7118,"Reported incident of eve teasing at Near Dave, Mysuru."
2082,101020024202602082,202602082,2025-01-23,1002,24,1,2,1,1,1,3,2025-01-23 21:06:00,2025-01-23 21:06:00,2025-01-23 21:06:00,14.4942,75.883,"Reported incident of vehicle theft at Near Buch Nagar, Davangere. Suspect vehicle noticed with plate KA-25-B-5806."
2083,104430024202602083,202602083,2024-04-14,1001,24,1,2,1,1,1,1,2024-04-14 14:13:00,2024-04-14 14:13:00,2024-04-14 14:13:00,12.8712,77.5557,"Reported incident of burglary at Near Varkey Path, Bengaluru Urban."
2084,104430024202602084,202602084,2025-05-06,1003,24,1,2,1,1,1,1,2025-05-06 08:10:00,2025-05-06 08:10:00,2025-05-06 08:10:00,12.9747,77.6167,"Reported incident of fraud at Near Baria Street, Bengaluru Urban."
2085,101020024202602085,202602085,2024-08-16,1002,24,1,2,1,3,1,3,2024-08-16 18:01:00,2024-08-16 18:01:00,2024-08-16 18:01:00,12.375,76.7027,"Reported incident of chain snatching at Near Sood Path, Mysuru. Suspect vehicle noticed with plate KA-27-KB-4470."
2086,101020024202602086,202602086,2024-06-30,1002,24,1,2,1,1,2,3,2024-06-30 00:27:00,2024-06-30 00:27:00,2024-06-30 00:27:00,13.0242,76.052,"Reported incident of fraud at Near Bora Road, Hassan."
2087,104430024202602087,202602087,2024-10-14,1002,24,1,2,1,1,1,1,2024-10-14 17:57:00,2024-10-14 17:57:00,2024-10-14 17:57:00,12.9954,77.5254,"Reported incident of fraud at Near Nayar Circle, Bengaluru Urban."
2088,101020024202602088,202602088,2024-08-15,1002,24,1,2,1,1,1,3,2024-08-15 12:40:00,2024-08-15 12:40:00,2024-08-15 12:40:00,13.3088,77.0758,"Reported incident of fraud at Near Kumar, Tumakuru."
2089,104430024202602089,202602089,2025-04-15,1001,24,1,2,1,1,1,1,2025-04-15 12:46:00,2025-04-15 12:46:00,2025-04-15 12:46:00,12.8862,77.572,"Reported incident of burglary at Near Kashyap Road, Bengaluru Urban."
2090,101020024202602090,202602090,2024-09-18,1002,24,1,2,1,1,2,3,2024-09-18 15:47:00,2024-09-18 15:47:00,2024-09-18 15:47:00,13.3723,77.0354,"Reported incident of fraud at Near Zachariah Nagar, Tumakuru."
2091,101020024202602091,202602091,2024-12-08,1004,24,1,2,1,1,1,3,2024-12-08 11:33:00,2024-12-08 11:33:00,2024-12-08 11:33:00,17.3805,76.7897,"Reported incident of hit and run at Near Deep Circle, Kalaburagi."
2092,104430024202602092,202602092,2024-12-29,1002,24,1,2,1,1,1,1,2024-12-29 10:31:00,2024-12-29 10:31:00,2024-12-29 10:31:00,13.0226,77.5625,"Reported incident of cybercrime at Near Nagy Ganj, Bengaluru Urban."
2093,101020024202602093,202602093,2024-11-23,1002,24,1,2,1,1,1,3,2024-11-23 19:42:00,2024-11-23 19:42:00,2024-11-23 19:42:00,15.7588,74.4401,"Reported incident of vehicle theft at Near Keer Zila, Belagavi. Suspect vehicle noticed with plate KA-03-KB-7224."
2094,101020024202602094,202602094,2024-12-15,1001,24,1,2,1,1,1,3,2024-12-15 00:56:00,2024-12-15 00:56:00,2024-12-15 00:56:00,17.9185,77.5423,"Reported incident of domestic violence at Near Malhotra Path, Bidar."
2095,101020024202602095,202602095,2024-04-03,1004,24,1,1,1,2,1,3,2024-04-03 06:18:00,2024-04-03 06:18:00,2024-04-03 06:18:00,16.2383,77.3638,"Reported incident of robbery at Near Warrior Marg, Raichur. Suspect vehicle noticed with plate KA-31-KA-9929."
2096,101020024202602096,202602096,2024-11-24,1003,24,1,2,1,1,1,3,2024-11-24 19:14:00,2024-11-24 19:14:00,2024-11-24 19:14:00,12.992,76.1478,"Reported incident of fraud at Near Ram Ganj, Hassan."
2097,101020024202602097,202602097,2025-03-29,1004,24,1,2,1,1,1,3,2025-03-29 06:14:00,2025-03-29 06:14:00,2025-03-29 06:14:00,13.1796,78.0551,"Reported incident of burglary at Near Misra Road, Kolar."
2098,101020024202602098,202602098,2024-10-02,1001,24,1,2,1,1,1,3,2024-10-02 02:34:00,2024-10-02 02:34:00,2024-10-02 02:34:00,16.1514,77.3831,"Reported incident of vehicle theft at Near Butala Road, Raichur. Suspect vehicle noticed with plate KA-04-B-9689."
2099,101020024202602099,202602099,2024-06-12,1003,24,1,1,2,4,2,3,2024-06-12 00:03:00,2024-06-12 00:03:00,2024-06-12 00:03:00,15.312,75.0736,"Reported incident of assault at Near Lata Ganj, Hubballi-Dharwad."
2100,101020024202602100,202602100,2024-09-06,1001,24,1,2,1,3,1,3,2024-09-06 11:33:00,2024-09-06 11:33:00,2024-09-06 11:33:00,15.3753,76.2079,"Reported incident of chain snatching at Near Khatri Ganj, Koppal. Suspect vehicle noticed with plate KA-29-P-3111."
2101,101020024202602101,202602101,2024-11-04,1001,24,1,2,1,1,1,3,2024-11-04 14:04:00,2024-11-04 14:04:00,2024-11-04 14:04:00,14.4917,75.9487,"Reported incident of burglary at Near Jaggi Zila, Davangere."
2102,101020024202602102,202602102,2024-09-25,1001,24,1,2,1,1,1,3,2024-09-25 16:01:00,2024-09-25 16:01:00,2024-09-25 16:01:00,17.8948,77.5053,"Reported incident of burglary at Near Shroff Ganj, Bidar."
2103,101020024202602103,202602103,2024-07-30,1002,24,1,2,1,1,1,3,2024-07-30 17:48:00,2024-07-30 17:48:00,2024-07-30 17:48:00,16.2216,77.3041,"Reported incident of property crime at Near Chana Street, Raichur."
2104,101020024202602104,202602104,2024-10-21,1002,24,1,2,1,3,1,3,2024-10-21 14:11:00,2024-10-21 14:11:00,2024-10-21 14:11:00,17.2862,76.8121,"Reported incident of chain snatching at Near Wagle Road, Kalaburagi. Suspect vehicle noticed with plate KA-39-P-1210."
2105,101020024202602105,202602105,2024-11-02,1001,24,1,2,1,1,1,3,2024-11-02 07:38:00,2024-11-02 07:38:00,2024-11-02 07:38:00,13.938,75.6154,"Reported incident of vehicle theft at Near Gokhale Path, Shivamogga. Suspect vehicle noticed with plate KA-30-N-8739."
2106,101020024202602106,202602106,2025-03-05,1003,24,1,2,1,1,1,3,2025-03-05 06:48:00,2025-03-05 06:48:00,2025-03-05 06:48:00,15.0644,76.882,"Reported incident of eve teasing at Near Sanghvi Circle, Ballari."
2107,101020024202602107,202602107,2024-02-18,1001,24,1,1,2,4,2,3,2024-02-18 21:06:00,2024-02-18 21:06:00,2024-02-18 21:06:00,13.2944,75.8131,"Reported incident of assault at Near Mani Path, Chikkamagaluru."
2108,101020024202602108,202602108,2024-03-11,1003,24,1,2,1,1,1,3,2024-03-11 20:09:00,2024-03-11 20:09:00,2024-03-11 20:09:00,17.3866,76.8782,"Reported incident of domestic violence at Near Chaudhari Marg, Kalaburagi."
2109,101020024202602109,202602109,2025-05-06,1004,24,1,2,1,1,1,3,2025-05-06 11:51:00,2025-05-06 11:51:00,2025-05-06 11:51:00,13.0437,78.0842,"Reported incident of vehicle theft at Near Munshi, Kolar. Suspect vehicle noticed with plate KA-36-KB-1020."
2110,101020024202602110,202602110,2024-06-02,1002,24,1,1,1,2,2,3,2024-06-02 00:04:00,2024-06-02 00:04:00,2024-06-02 00:04:00,13.0665,78.1057,"Reported incident of robbery at Near Randhawa Ganj, Kolar. Suspect vehicle noticed with plate KA-23-N-3606."
2111,101020024202602111,202602111,2025-05-30,1002,24,1,2,1,1,2,3,2025-05-30 06:35:00,2025-05-30 06:35:00,2025-05-30 06:35:00,14.5076,75.8941,"Reported incident of hit and run at Near Sahota Ganj, Davangere."
2112,104430024202602112,202602112,2024-06-09,1002,24,1,2,1,1,1,1,2024-06-09 16:57:00,2024-06-09 16:57:00,2024-06-09 16:57:00,12.8933,77.5835,"Reported incident of vehicle theft at Near Mann Zila, Bengaluru Urban. Suspect vehicle noticed with plate KA-28-B-4234."
2113,104430024202602113,202602113,2024-06-30,1003,24,1,2,1,1,1,1,2024-06-30 03:08:00,2024-06-30 03:08:00,2024-06-30 03:08:00,13.0158,77.527,"Reported incident of fraud at Near Ramachandran Street, Bengaluru Urban."
2114,104430024202602114,202602114,2024-01-22,1003,24,1,2,1,1,1,1,2024-01-22 09:43:00,2024-01-22 09:43:00,2024-01-22 09:43:00,13.2784,77.5411,"Reported incident of fraud at Near Khalsa Nagar, Bengaluru Rural."
2115,101020024202602115,202602115,2024-09-21,1001,24,1,2,1,1,1,3,2024-09-21 15:08:00,2024-09-21 15:08:00,2024-09-21 15:08:00,17.3956,76.8528,"Reported incident of fraud at Near Palan Chowk, Kalaburagi."
2116,101020024202602116,202602116,2024-12-04,1001,24,1,2,1,1,1,3,2024-12-04 12:22:00,2024-12-04 12:22:00,2024-12-04 12:22:00,12.5034,76.9204,"Reported incident of cybercrime at Near Dixit Path, Mandya."
2117,104430024202602117,202602117,2024-03-18,1003,24,1,2,1,1,1,1,2024-03-18 21:35:00,2024-03-18 21:35:00,2024-03-18 21:35:00,13.0087,77.6559,"Reported incident of domestic violence at Near Patla Marg, Bengaluru Urban."
2118,101020024202602118,202602118,2024-05-20,1004,24,1,2,1,1,1,3,2024-05-20 07:02:00,2024-05-20 07:02:00,2024-05-20 07:02:00,14.4893,75.9332,"Reported incident of drug offence at Near Sridhar Zila, Davangere."
2119,101020024202602119,202602119,2024-10-31,1004,24,1,2,1,1,1,3,2024-10-31 23:08:00,2024-10-31 23:08:00,2024-10-31 23:08:00,16.228,77.2952,"Reported incident of cybercrime at Near Chaudhry Nagar, Raichur."
2120,101020024202602120,202602120,2024-04-08,1001,24,1,2,1,1,1,3,2024-04-08 03:17:00,2024-04-08 03:17:00,2024-04-08 03:17:00,15.3345,76.1887,"Reported incident of fraud at Near Saini Street, Koppal."
2121,104430024202602121,202602121,2024-04-18,1002,24,1,2,1,1,1,1,2024-04-18 13:47:00,2024-04-18 13:47:00,2024-04-18 13:47:00,13.0086,77.578,"Reported incident of cybercrime at Near Gokhale Road, Bengaluru Urban."
2122,101020024202602122,202602122,2024-03-05,1003,24,1,2,1,1,1,3,2024-03-05 05:35:00,2024-03-05 05:35:00,2024-03-05 05:35:00,16.1831,77.3831,"Reported incident of drug offence at Near Jani Street, Raichur."
2123,101020024202602123,202602123,2025-04-12,1002,24,1,2,1,1,1,3,2025-04-12 21:26:00,2025-04-12 21:26:00,2025-04-12 21:26:00,15.8644,74.4489,"Reported incident of vehicle theft at Near Mangat Path, Belagavi. Suspect vehicle noticed with plate KA-38-B-5826."
2124,101020024202602124,202602124,2024-06-10,1001,24,1,2,1,1,1,3,2024-06-10 20:23:00,2024-06-10 20:23:00,2024-06-10 20:23:00,13.9165,75.6369,"Reported incident of vehicle theft at Near Vasa Ganj, Shivamogga. Suspect vehicle noticed with plate KA-31-KA-1863."
2125,101020024202602125,202602125,2024-09-06,1003,24,1,2,1,1,1,3,2024-09-06 00:17:00,2024-09-06 00:17:00,2024-09-06 00:17:00,16.8319,75.6595,"Reported incident of property crime at Near Grewal, Vijayapura."
2126,101020024202602126,202602126,2024-12-22,1003,24,1,2,1,1,1,3,2024-12-22 20:35:00,2024-12-22 20:35:00,2024-12-22 20:35:00,17.9855,77.4334,"Reported incident of vehicle theft at Near Nadkarni Marg, Bidar. Suspect vehicle noticed with plate KA-53-B-9779."
2127,101020024202602127,202602127,2024-12-27,1003,24,1,2,1,1,3,3,2024-12-27 17:12:00,2024-12-27 17:12:00,2024-12-27 17:12:00,12.9692,74.8887,"Reported incident of vehicle theft at Near Chaudry Ganj, Mangaluru (Dakshina Kannada). Suspect vehicle noticed with plate KA-55-A-9174."
2128,101020024202602128,202602128,2024-12-27,1002,24,1,1,2,4,1,3,2024-12-27 07:41:00,2024-12-27 07:41:00,2024-12-27 07:41:00,15.8138,74.5315,"Reported incident of assault at Near Arya, Belagavi."
2129,101020024202602129,202602129,2024-06-09,1001,24,1,2,1,1,2,3,2024-06-09 04:45:00,2024-06-09 04:45:00,2024-06-09 04:45:00,12.3633,76.6949,"Reported incident of fraud at Near Jain Ganj, Mysuru."
2130,101020024202602130,202602130,2024-10-04,1002,24,1,1,2,4,2,3,2024-10-04 12:20:00,2024-10-04 12:20:00,2024-10-04 12:20:00,15.104,76.9122,"Reported incident of assault at Near Chokshi Nagar, Ballari."
2131,101020024202602131,202602131,2025-01-26,1004,24,1,2,1,3,1,3,2025-01-26 04:48:00,2025-01-26 04:48:00,2025-01-26 04:48:00,16.7928,75.6793,"Reported incident of chain snatching at Near Khurana Road, Vijayapura. Suspect vehicle noticed with plate KA-08-KA-7164."
2132,101020024202602132,202602132,2024-12-16,1001,24,1,1,2,4,1,3,2024-12-16 22:30:00,2024-12-16 22:30:00,2024-12-16 22:30:00,16.2521,77.3472,"Reported incident of assault at Near Shukla Road, Raichur."
2133,104430024202602133,202602133,2024-02-05,1002,24,1,2,1,1,2,1,2024-02-05 13:22:00,2024-02-05 13:22:00,2024-02-05 13:22:00,12.9876,77.6059,"Reported incident of fraud at Near Gara Zila, Bengaluru Urban."
2134,104430024202602134,202602134,2024-11-24,1004,24,1,2,1,1,1,1,2024-11-24 04:00:00,2024-11-24 04:00:00,2024-11-24 04:00:00,12.9869,77.6192,"Reported incident of vehicle theft at Near Suri Zila, Bengaluru Urban. Suspect vehicle noticed with plate KA-16-KA-8585."
2135,104430024202602135,202602135,2024-10-07,1002,24,1,2,1,1,1,1,2024-10-07 16:39:00,2024-10-07 16:39:00,2024-10-07 16:39:00,13.0125,77.6322,"Reported incident of fraud at Near Gole Nagar, Bengaluru Urban."
2136,101020024202602136,202602136,2024-11-10,1001,24,1,2,1,1,1,3,2024-11-10 15:11:00,2024-11-10 15:11:00,2024-11-10 15:11:00,13.1081,78.1511,"Reported incident of vehicle theft at Near Sangha Marg, Kolar. Suspect vehicle noticed with plate KA-06-B-9036."
2137,101020024202602137,202602137,2024-03-26,1001,24,1,2,1,1,2,3,2024-03-26 05:28:00,2024-03-26 05:28:00,2024-03-26 05:28:00,13.2457,75.8102,"Reported incident of fraud at Near Palla Marg, Chikkamagaluru."
2138,101020024202602138,202602138,2024-04-13,1002,24,1,1,2,4,3,3,2024-04-13 23:36:00,2024-04-13 23:36:00,2024-04-13 23:36:00,15.3719,76.1257,"Reported incident of assault at Near Kala Marg, Koppal."
2139,104430024202602139,202602139,2024-01-19,1003,24,1,2,1,1,1,1,2024-01-19 19:14:00,2024-01-19 19:14:00,2024-01-19 19:14:00,12.9101,77.582,"Reported incident of fraud at Near Bir Street, Bengaluru Urban."
2140,104430024202602140,202602140,2025-03-08,1002,24,1,1,1,2,1,1,2025-03-08 13:22:00,2025-03-08 13:22:00,2025-03-08 13:22:00,12.9893,77.5962,"Reported incident of robbery at Near Jaggi Marg, Bengaluru Urban. Suspect vehicle noticed with plate KA-45-KA-7946."
2141,104430024202602141,202602141,2024-04-08,1004,24,1,2,1,1,1,1,2024-04-08 21:42:00,2024-04-08 21:42:00,2024-04-08 21:42:00,13.0176,77.6521,"Reported incident of property crime at Near Manda Zila, Bengaluru Urban."
2142,101020024202602142,202602142,2024-02-09,1001,24,1,2,1,1,1,3,2024-02-09 17:51:00,2024-02-09 17:51:00,2024-02-09 17:51:00,15.3056,75.1552,"Reported incident of property crime at Near Buch Path, Hubballi-Dharwad."
2143,104430024202602143,202602143,2024-08-17,1001,24,1,2,1,1,1,1,2024-08-17 11:03:00,2024-08-17 11:03:00,2024-08-17 11:03:00,13.2978,77.5659,"Reported incident of cybercrime at Near Gala Marg, Bengaluru Rural."
2144,104430024202602144,202602144,2025-01-19,1002,24,1,2,1,1,1,1,2025-01-19 18:33:00,2025-01-19 18:33:00,2025-01-19 18:33:00,12.9846,77.5836,"Reported incident of domestic violence at Near Karnik Road, Bengaluru Urban."
2145,101020024202602145,202602145,2024-12-28,1002,24,1,2,1,1,1,3,2024-12-28 02:58:00,2024-12-28 02:58:00,2024-12-28 02:58:00,17.9085,77.4751,"Reported incident of vehicle theft at Near Dhingra Zila, Bidar. Suspect vehicle noticed with plate KA-08-A-2553."
2146,101020024202602146,202602146,2025-02-14,1001,24,1,1,2,4,1,3,2025-02-14 16:49:00,2025-02-14 16:49:00,2025-02-14 16:49:00,16.8179,75.6925,"Reported incident of assault at Near Bahri Marg, Vijayapura."
2147,104430024202602147,202602147,2024-03-13,1003,24,1,2,1,1,1,1,2024-03-13 07:33:00,2024-03-13 07:33:00,2024-03-13 07:33:00,12.9719,77.5651,"Reported incident of vehicle theft at Near Chahal Road, Bengaluru Urban. Suspect vehicle noticed with plate KA-02-M-6673."
2148,101020024202602148,202602148,2024-12-21,1004,24,1,2,1,1,2,3,2024-12-21 05:01:00,2024-12-21 05:01:00,2024-12-21 05:01:00,15.774,74.572,"Reported incident of cybercrime at Near Mahal Road, Belagavi."
2149,101020024202602149,202602149,2025-04-02,1002,24,1,2,1,1,1,3,2025-04-02 02:33:00,2025-04-02 02:33:00,2025-04-02 02:33:00,12.4824,76.9141,"Reported incident of drug offence at Near Kala Marg, Mandya."
2150,101020024202602150,202602150,2025-01-13,1004,24,1,1,1,2,1,3,2025-01-13 17:59:00,2025-01-13 17:59:00,2025-01-13 17:59:00,15.8727,74.4408,"Reported incident of robbery at Near Kapur Marg, Belagavi. Suspect vehicle noticed with plate KA-52-A-3151."
2151,101020024202602151,202602151,2024-02-08,1001,24,1,2,1,1,1,3,2024-02-08 04:36:00,2024-02-08 04:36:00,2024-02-08 04:36:00,17.8336,77.6197,"Reported incident of vehicle theft at Near Gokhale Marg, Bidar. Suspect vehicle noticed with plate KA-14-N-7061."
2152,104430024202602152,202602152,2025-01-06,1004,24,1,1,1,2,1,1,2025-01-06 10:24:00,2025-01-06 10:24:00,2025-01-06 10:24:00,12.9825,77.5491,"Reported incident of robbery at Near Shetty Chowk, Bengaluru Urban. Suspect vehicle noticed with plate KA-19-A-2971."
2153,101020024202602153,202602153,2024-02-05,1002,24,1,1,1,2,1,3,2024-02-05 21:46:00,2024-02-05 21:46:00,2024-02-05 21:46:00,17.4006,76.8303,"Reported incident of robbery at Near Sangha, Kalaburagi. Suspect vehicle noticed with plate KA-02-M-4411."
2154,101020024202602154,202602154,2024-03-22,1001,24,1,2,1,1,1,3,2024-03-22 04:27:00,2024-03-22 04:27:00,2024-03-22 04:27:00,13.9759,75.5966,"Reported incident of cybercrime at Near Sundaram Marg, Shivamogga."
2155,104430024202602155,202602155,2024-11-07,1003,24,1,2,1,1,2,1,2024-11-07 02:52:00,2024-11-07 02:52:00,2024-11-07 02:52:00,13.0081,77.5502,"Reported incident of vehicle theft at Near Iyer Marg, Bengaluru Urban. Suspect vehicle noticed with plate KA-55-N-7155."
2156,101020024202602156,202602156,2025-02-18,1004,24,1,1,2,4,1,3,2025-02-18 16:14:00,2025-02-18 16:14:00,2025-02-18 16:14:00,13.0067,76.1367,"Reported incident of assault at Near Khatri Road, Hassan."
2157,101020024202602157,202602157,2024-05-13,1002,24,1,2,1,1,1,3,2024-05-13 19:28:00,2024-05-13 19:28:00,2024-05-13 19:28:00,15.2859,75.1678,"Reported incident of drug offence at Near Ramesh Ganj, Hubballi-Dharwad."
2158,101020024202602158,202602158,2024-03-01,1001,24,1,2,1,1,1,3,2024-03-01 22:40:00,2024-03-01 22:40:00,2024-03-01 22:40:00,13.2657,77.1267,"Reported incident of vehicle theft at Near Arya Street, Tumakuru. Suspect vehicle noticed with plate KA-16-A-6838."
2159,101020024202602159,202602159,2024-10-12,1003,24,1,2,1,1,1,3,2024-10-12 06:23:00,2024-10-12 06:23:00,2024-10-12 06:23:00,13.0553,76.0031,"Reported incident of vehicle theft at Near Mahajan Chowk, Hassan. Suspect vehicle noticed with plate KA-23-A-3293."
2160,101020024202602160,202602160,2024-07-31,1003,24,1,2,1,1,2,3,2024-07-31 04:07:00,2024-07-31 04:07:00,2024-07-31 04:07:00,13.2787,75.7473,"Reported incident of fraud at Near Shetty Street, Chikkamagaluru."
2161,101020024202602161,202602161,2024-11-12,1003,24,1,1,1,2,1,3,2024-11-12 19:17:00,2024-11-12 19:17:00,2024-11-12 19:17:00,13.9401,75.6456,"Reported incident of robbery at Near Sachar Nagar, Shivamogga. Suspect vehicle noticed with plate KA-31-N-7661."
2162,101020024202602162,202602162,2024-05-14,1004,24,1,2,1,1,1,3,2024-05-14 13:41:00,2024-05-14 13:41:00,2024-05-14 13:41:00,15.3201,76.1206,"Reported incident of vehicle theft at Near Bhattacharyya Marg, Koppal. Suspect vehicle noticed with plate KA-54-KA-1300."
2163,104430024202602163,202602163,2025-02-22,1001,24,1,2,1,3,1,1,2025-02-22 09:24:00,2025-02-22 09:24:00,2025-02-22 09:24:00,13.008,77.581,"Reported incident of chain snatching at Near Gade Ganj, Bengaluru Urban. Suspect vehicle noticed with plate KA-38-KA-1143."
2164,104430024202602164,202602164,2025-02-27,1001,24,1,1,2,4,1,1,2025-02-27 21:04:00,2025-02-27 21:04:00,2025-02-27 21:04:00,13.0082,77.5661,"Reported incident of assault at Near Savant Nagar, Bengaluru Urban."
2165,101020024202602165,202602165,2024-07-13,1004,24,1,1,2,4,1,3,2024-07-13 12:29:00,2024-07-13 12:29:00,2024-07-13 12:29:00,13.3204,77.0844,"Reported incident of assault at Near Kaur Path, Tumakuru."
2166,101020024202602166,202602166,2024-05-03,1001,24,1,2,1,1,1,3,2024-05-03 18:47:00,2024-05-03 18:47:00,2024-05-03 18:47:00,17.3615,76.8899,"Reported incident of hit and run at Near Kulkarni Street, Kalaburagi."
2167,104430024202602167,202602167,2024-09-21,1004,24,1,2,1,1,1,1,2024-09-21 23:03:00,2024-09-21 23:03:00,2024-09-21 23:03:00,13.1728,77.5876,"Reported incident of kidnapping at Near Dasgupta Chowk, Bengaluru Rural."
2168,104430024202602168,202602168,2025-05-23,1003,24,1,2,1,1,1,1,2025-05-23 09:12:00,2025-05-23 09:12:00,2025-05-23 09:12:00,13.1855,77.5767,"Reported incident of fraud at Near Shan Circle, Bengaluru Rural."
2169,104430024202602169,202602169,2024-07-20,1004,24,1,2,1,1,1,1,2024-07-20 01:15:00,2024-07-20 01:15:00,2024-07-20 01:15:00,13.0113,77.5724,"Reported incident of eve teasing at Near Sarma Chowk, Bengaluru Urban."
2170,101020024202602170,202602170,2024-04-16,1002,24,1,2,1,1,1,3,2024-04-16 19:32:00,2024-04-16 19:32:00,2024-04-16 19:32:00,12.8417,74.8608,"Reported incident of vehicle theft at Near Dutta Circle, Mangaluru (Dakshina Kannada). Suspect vehicle noticed with plate KA-30-B-6010."
2171,104430024202602171,202602171,2024-11-01,1001,24,1,2,1,1,1,1,2024-11-01 19:00:00,2024-11-01 19:00:00,2024-11-01 19:00:00,13.0039,77.5217,"Reported incident of vehicle theft at Near Bajaj Circle, Bengaluru Urban. Suspect vehicle noticed with plate KA-19-KB-3393."
2172,101020024202602172,202602172,2025-03-05,1003,24,1,1,1,2,2,3,2025-03-05 20:06:00,2025-03-05 20:06:00,2025-03-05 20:06:00,15.3792,75.1041,"Reported incident of robbery at Near Sidhu Path, Hubballi-Dharwad. Suspect vehicle noticed with plate KA-02-B-8317."
2173,104430024202602173,202602173,2025-04-11,1003,24,1,2,1,1,1,1,2025-04-11 18:13:00,2025-04-11 18:13:00,2025-04-11 18:13:00,12.9936,77.6375,"Reported incident of cybercrime at Near Sura Path, Bengaluru Urban."
2174,101020024202602174,202602174,2024-11-29,1002,24,1,1,1,2,1,3,2024-11-29 14:48:00,2024-11-29 14:48:00,2024-11-29 14:48:00,15.3289,75.0793,"Reported incident of robbery at Near Madan Street, Hubballi-Dharwad. Suspect vehicle noticed with plate KA-08-KA-9937."
2175,101020024202602175,202602175,2024-03-01,1003,24,1,2,1,1,1,3,2024-03-01 10:57:00,2024-03-01 10:57:00,2024-03-01 10:57:00,13.973,75.6318,"Reported incident of cybercrime at Near Dhillon Nagar, Shivamogga."
2176,104430024202602176,202602176,2025-04-26,1002,24,1,2,1,1,1,1,2025-04-26 01:09:00,2025-04-26 01:09:00,2025-04-26 01:09:00,12.981,77.6463,"Reported incident of drug offence at Near Madan Street, Bengaluru Urban."
2177,101020024202602177,202602177,2025-01-01,1004,24,1,2,1,1,1,3,2025-01-01 17:56:00,2025-01-01 17:56:00,2025-01-01 17:56:00,13.3953,77.0459,"Reported incident of burglary at Near Apte Circle, Tumakuru."
2178,104430024202602178,202602178,2024-01-05,1004,24,1,2,1,1,1,1,2024-01-05 16:07:00,2024-01-05 16:07:00,2024-01-05 16:07:00,13.0158,77.5217,"Reported incident of burglary at Near Taneja Street, Bengaluru Urban."
2179,101020024202602179,202602179,2024-03-20,1004,24,1,2,1,1,1,3,2024-03-20 22:40:00,2024-03-20 22:40:00,2024-03-20 22:40:00,13.9547,75.6233,"Reported incident of fraud at Near Deshpande Circle, Shivamogga."
2180,101020024202602180,202602180,2025-05-17,1003,24,1,1,2,4,2,3,2025-05-17 01:48:00,2025-05-17 01:48:00,2025-05-17 01:48:00,13.288,74.747,"Reported incident of assault at Near Barman Circle, Udupi."
2181,101020024202602181,202602181,2025-03-12,1002,24,1,2,1,1,2,3,2025-03-12 14:48:00,2025-03-12 14:48:00,2025-03-12 14:48:00,16.1626,77.3251,"Reported incident of fraud at Near Biswas Road, Raichur."
2182,101020024202602182,202602182,2024-12-31,1002,24,1,2,1,1,1,3,2024-12-31 18:28:00,2024-12-31 18:28:00,2024-12-31 18:28:00,13.3584,74.6738,"Reported incident of hit and run at Near Agarwal Street, Udupi."
2183,104430024202602183,202602183,2024-06-14,1003,24,1,2,1,1,2,1,2024-06-14 03:56:00,2024-06-14 03:56:00,2024-06-14 03:56:00,12.9866,77.5851,"Reported incident of kidnapping at Near Biswas Zila, Bengaluru Urban."
2184,104430024202602184,202602184,2024-07-22,1003,24,1,2,1,1,2,1,2024-07-22 16:19:00,2024-07-22 16:19:00,2024-07-22 16:19:00,12.8719,77.593,"Reported incident of fraud at Near Aurora Street, Bengaluru Urban."
2185,101020024202602185,202602185,2024-04-05,1002,24,1,2,1,3,1,3,2024-04-05 13:51:00,2024-04-05 13:51:00,2024-04-05 13:51:00,12.8252,74.8488,"Reported incident of chain snatching at Near Ravi Street, Mangaluru (Dakshina Kannada). Suspect vehicle noticed with plate KA-11-M-1595."
2186,101020024202602186,202602186,2024-09-21,1004,24,1,2,1,1,1,3,2024-09-21 06:52:00,2024-09-21 06:52:00,2024-09-21 06:52:00,15.0725,77.0078,"Reported incident of burglary at Near Chadha Chowk, Ballari."
2187,101020024202602187,202602187,2025-01-20,1001,24,1,2,1,1,1,3,2025-01-20 01:54:00,2025-01-20 01:54:00,2025-01-20 01:54:00,14.5667,75.9929,"Reported incident of fraud at Near Batta Ganj, Davangere."
2188,101020024202602188,202602188,2024-08-27,1001,24,1,2,1,1,1,3,2024-08-27 03:31:00,2024-08-27 03:31:00,2024-08-27 03:31:00,15.2683,75.2304,"Reported incident of kidnapping at Near Mistry Ganj, Hubballi-Dharwad."
2189,101020024202602189,202602189,2024-06-17,1003,24,1,2,1,1,1,3,2024-06-17 12:55:00,2024-06-17 12:55:00,2024-06-17 12:55:00,13.1349,78.1613,"Reported incident of vehicle theft at Near Behl, Kolar. Suspect vehicle noticed with plate KA-26-KB-7764."
2190,101020024202602190,202602190,2025-01-21,1002,24,1,1,1,2,2,3,2025-01-21 09:39:00,2025-01-21 09:39:00,2025-01-21 09:39:00,15.8504,74.474,"Reported incident of robbery at Near Agarwal, Belagavi. Suspect vehicle noticed with plate KA-05-N-3605."
2191,104430024202602191,202602191,2024-10-25,1004,24,1,2,1,1,1,1,2024-10-25 18:06:00,2024-10-25 18:06:00,2024-10-25 18:06:00,13.0005,77.5832,"Reported incident of vehicle theft at Near Mane Street, Bengaluru Urban. Suspect vehicle noticed with plate KA-01-N-3321."
2192,101020024202602192,202602192,2024-05-16,1001,24,1,2,1,1,1,3,2024-05-16 06:45:00,2024-05-16 06:45:00,2024-05-16 06:45:00,16.1931,77.3784,"Reported incident of vehicle theft at Near Bhatnagar Zila, Raichur. Suspect vehicle noticed with plate KA-32-KA-2475."
2193,101020024202602193,202602193,2025-04-07,1004,24,1,2,1,3,2,3,2025-04-07 23:36:00,2025-04-07 23:36:00,2025-04-07 23:36:00,13.9504,75.5523,"Reported incident of chain snatching at Near Narang, Shivamogga. Suspect vehicle noticed with plate KA-10-B-8444."
2194,101020024202602194,202602194,2024-03-29,1004,24,1,1,1,2,2,3,2024-03-29 14:09:00,2024-03-29 14:09:00,2024-03-29 14:09:00,13.9595,75.5656,"Reported incident of robbery at Near Deshpande Road, Shivamogga. Suspect vehicle noticed with plate KA-52-B-8297."
2195,101020024202602195,202602195,2024-11-07,1004,24,1,2,1,1,2,3,2024-11-07 03:49:00,2024-11-07 03:49:00,2024-11-07 03:49:00,17.352,76.7924,"Reported incident of vehicle theft at Near Swaminathan, Kalaburagi. Suspect vehicle noticed with plate KA-48-N-6171."
2196,101020024202602196,202602196,2024-09-14,1003,24,1,2,1,1,1,3,2024-09-14 12:31:00,2024-09-14 12:31:00,2024-09-14 12:31:00,13.2724,74.7215,"Reported incident of burglary at Near Patel Path, Udupi."
2197,104430024202602197,202602197,2024-07-25,1001,24,1,2,1,1,1,1,2024-07-25 03:45:00,2024-07-25 03:45:00,2024-07-25 03:45:00,12.9827,77.528,"Reported incident of cybercrime at Near Ram Ganj, Bengaluru Urban."
2198,104430024202602198,202602198,2024-12-04,1003,24,1,2,1,1,1,1,2024-12-04 15:18:00,2024-12-04 15:18:00,2024-12-04 15:18:00,13.2577,77.5779,"Reported incident of hit and run at Near Deshpande Ganj, Bengaluru Rural."
2199,101020024202602199,202602199,2025-03-14,1002,24,1,2,1,1,1,3,2025-03-14 13:06:00,2025-03-14 13:06:00,2025-03-14 13:06:00,16.8357,75.6382,"Reported incident of cybercrime at Near Dugar Street, Vijayapura."
2200,104430024202602200,202602200,2024-09-19,1002,24,1,2,1,3,1,1,2024-09-19 02:08:00,2024-09-19 02:08:00,2024-09-19 02:08:00,13.0127,77.5479,"Reported incident of chain snatching at Near Bumb Chowk, Bengaluru Urban. Suspect vehicle noticed with plate KA-10-M-6306."
2201,101020024202602201,202602201,2024-09-14,1003,24,1,2,1,1,1,3,2024-09-14 10:51:00,2024-09-14 10:51:00,2024-09-14 10:51:00,13.2871,75.774,"Reported incident of fraud at Near Mohanty Nagar, Chikkamagaluru."
2202,104430024202602202,202602202,2024-09-09,1003,24,1,2,1,1,2,1,2024-09-09 15:34:00,2024-09-09 15:34:00,2024-09-09 15:34:00,12.8856,77.5921,"Reported incident of drug offence at Near Mand Ganj, Bengaluru Urban."
2203,101020024202602203,202602203,2024-12-11,1003,24,1,2,1,1,1,3,2024-12-11 16:57:00,2024-12-11 16:57:00,2024-12-11 16:57:00,15.8587,74.46,"Reported incident of vehicle theft at Near Viswanathan Ganj, Belagavi. Suspect vehicle noticed with plate KA-13-P-1920."
2204,101020024202602204,202602204,2024-08-19,1002,24,1,2,1,3,1,3,2024-08-19 07:58:00,2024-08-19 07:58:00,2024-08-19 07:58:00,15.344,75.064,"Reported incident of chain snatching at Near Hora Chowk, Hubballi-Dharwad. Suspect vehicle noticed with plate KA-26-B-3438."
2205,101020024202602205,202602205,2025-05-30,1002,24,1,1,2,4,1,3,2025-05-30 05:47:00,2025-05-30 05:47:00,2025-05-30 05:47:00,16.143,77.429,"Reported incident of assault at Near Minhas Nagar, Raichur."
2206,101020024202602206,202602206,2025-03-15,1003,24,1,2,1,1,2,3,2025-03-15 06:15:00,2025-03-15 06:15:00,2025-03-15 06:15:00,16.8285,75.6875,"Reported incident of fraud at Near Kurian Road, Vijayapura."
2207,101020024202602207,202602207,2024-10-22,1003,24,1,2,1,1,1,3,2024-10-22 13:52:00,2024-10-22 13:52:00,2024-10-22 13:52:00,15.8194,74.5416,"Reported incident of vehicle theft at Near Sarkar Street, Belagavi. Suspect vehicle noticed with plate KA-47-KB-9178."
2208,101020024202602208,202602208,2024-05-30,1001,24,1,1,2,4,2,3,2024-05-30 20:28:00,2024-05-30 20:28:00,2024-05-30 20:28:00,13.2516,75.7956,"Reported incident of assault at Near Mangal Circle, Chikkamagaluru."
2209,104430024202602209,202602209,2024-02-29,1001,24,1,1,1,2,1,1,2024-02-29 09:14:00,2024-02-29 09:14:00,2024-02-29 09:14:00,13.0317,77.5756,"Reported incident of robbery at Near Naik Nagar, Bengaluru Urban. Suspect vehicle noticed with plate KA-16-KA-4649."
2210,101020024202602210,202602210,2024-11-19,1003,24,1,2,1,1,1,3,2024-11-19 05:49:00,2024-11-19 05:49:00,2024-11-19 05:49:00,13.2947,77.1696,"Reported incident of cybercrime at Near Cherian Path, Tumakuru."
2211,101020024202602211,202602211,2025-05-09,1003,24,1,2,1,1,2,3,2025-05-09 17:30:00,2025-05-09 17:30:00,2025-05-09 17:30:00,14.5077,75.9409,"Reported incident of senior citizen crime at Near Choudhury Street, Davangere."
2212,101020024202602212,202602212,2024-03-11,1003,24,1,2,1,1,1,3,2024-03-11 04:40:00,2024-03-11 04:40:00,2024-03-11 04:40:00,12.3536,76.5605,"Reported incident of fraud at Near Hayre Ganj, Mysuru."
2213,101020024202602213,202602213,2025-04-27,1001,24,1,2,1,3,1,3,2025-04-27 18:18:00,2025-04-27 18:18:00,2025-04-27 18:18:00,12.3578,76.6894,"Reported incident of chain snatching at Near Acharya Street, Mysuru. Suspect vehicle noticed with plate KA-49-A-4288."
2214,101020024202602214,202602214,2024-03-06,1003,24,1,1,1,2,1,3,2024-03-06 15:59:00,2024-03-06 15:59:00,2024-03-06 15:59:00,15.3158,75.1902,"Reported incident of robbery at Near Kale, Hubballi-Dharwad. Suspect vehicle noticed with plate KA-17-N-1702."
2215,101020024202602215,202602215,2025-04-30,1002,24,1,2,1,1,1,3,2025-04-30 01:18:00,2025-04-30 01:18:00,2025-04-30 01:18:00,13.4231,77.0514,"Reported incident of cybercrime at Near Vala Street, Tumakuru."
2216,104430024202602216,202602216,2024-10-03,1003,24,1,2,1,1,1,1,2024-10-03 21:17:00,2024-10-03 21:17:00,2024-10-03 21:17:00,13.0023,77.5893,"Reported incident of vehicle theft at Near Saini Marg, Bengaluru Urban. Suspect vehicle noticed with plate KA-38-KA-1978."
2217,104430024202602217,202602217,2024-05-03,1003,24,1,2,1,1,1,1,2024-05-03 22:19:00,2024-05-03 22:19:00,2024-05-03 22:19:00,12.9849,77.5568,"Reported incident of vehicle theft at Near Brar Chowk, Bengaluru Urban. Suspect vehicle noticed with plate KA-47-KB-1766."
2218,104430024202602218,202602218,2024-06-25,1004,24,1,2,1,3,1,1,2024-06-25 09:46:00,2024-06-25 09:46:00,2024-06-25 09:46:00,12.995,77.5806,"Reported incident of chain snatching at Near Swamy Street, Bengaluru Urban. Suspect vehicle noticed with plate KA-54-P-5398."
2219,104430024202602219,202602219,2024-08-01,1002,24,1,1,2,4,1,1,2024-08-01 20:54:00,2024-08-01 20:54:00,2024-08-01 20:54:00,12.9831,77.5916,"Reported incident of assault at Near Agrawal Circle, Bengaluru Urban."
2220,101020024202602220,202602220,2025-03-18,1004,24,1,1,1,2,1,3,2025-03-18 16:30:00,2025-03-18 16:30:00,2025-03-18 16:30:00,15.7496,74.5613,"Reported incident of robbery at Near Bandi Street, Belagavi. Suspect vehicle noticed with plate KA-53-A-7640."
2221,101020024202602221,202602221,2024-10-17,1001,24,1,2,1,1,1,3,2024-10-17 17:54:00,2024-10-17 17:54:00,2024-10-17 17:54:00,17.381,76.8339,"Reported incident of property crime at Near Mallick, Kalaburagi."
2222,104430024202602222,202602222,2025-01-27,1004,24,1,2,1,1,1,1,2025-01-27 14:32:00,2025-01-27 14:32:00,2025-01-27 14:32:00,12.9879,77.6065,"Reported incident of fraud at Near Talwar Nagar, Bengaluru Urban."
2223,101020024202602223,202602223,2024-02-14,1004,24,1,2,1,1,1,3,2024-02-14 11:43:00,2024-02-14 11:43:00,2024-02-14 11:43:00,13.2818,75.7183,"Reported incident of burglary at Near Reddy Circle, Chikkamagaluru."
2224,101020024202602224,202602224,2024-08-19,1001,24,1,2,1,1,1,3,2024-08-19 00:46:00,2024-08-19 00:46:00,2024-08-19 00:46:00,17.2867,76.8479,"Reported incident of fraud at Near Sankaran Nagar, Kalaburagi."
2225,104430024202602225,202602225,2024-01-10,1004,24,1,2,1,1,2,1,2024-01-10 11:10:00,2024-01-10 11:10:00,2024-01-10 11:10:00,13.0086,77.5673,"Reported incident of burglary at Near Kala Road, Bengaluru Urban."
2226,101020024202602226,202602226,2024-09-19,1001,24,1,1,1,2,2,3,2024-09-19 04:48:00,2024-09-19 04:48:00,2024-09-19 04:48:00,15.3131,76.1847,"Reported incident of robbery at Near Iyer Chowk, Koppal. Suspect vehicle noticed with plate KA-14-N-2185."
2227,101020024202602227,202602227,2024-10-10,1004,24,1,2,1,1,1,3,2024-10-10 12:06:00,2024-10-10 12:06:00,2024-10-10 12:06:00,14.5651,75.9573,"Reported incident of vehicle theft at Near Sawhney Path, Davangere. Suspect vehicle noticed with plate KA-15-KB-9694."
2228,104430024202602228,202602228,2024-07-04,1004,24,1,2,1,1,1,1,2024-07-04 13:23:00,2024-07-04 13:23:00,2024-07-04 13:23:00,12.989,77.589,"Reported incident of hit and run at Near Verma Nagar, Bengaluru Urban."
2229,101020024202602229,202602229,2024-07-28,1001,24,1,2,1,1,1,3,2024-07-28 09:17:00,2024-07-28 09:17:00,2024-07-28 09:17:00,13.3478,77.1104,"Reported incident of burglary at Near Munshi Path, Tumakuru."
2230,101020024202602230,202602230,2024-05-13,1002,24,1,2,1,1,1,3,2024-05-13 00:28:00,2024-05-13 00:28:00,2024-05-13 00:28:00,15.3575,75.089,"Reported incident of eve teasing at Near Kulkarni Marg, Hubballi-Dharwad."
2231,101020024202602231,202602231,2025-01-13,1004,24,1,2,1,1,1,3,2025-01-13 18:15:00,2025-01-13 18:15:00,2025-01-13 18:15:00,16.813,75.6173,"Reported incident of vehicle theft at Near Kadakia Street, Vijayapura. Suspect vehicle noticed with plate KA-42-M-8933."
2232,101020024202602232,202602232,2024-10-23,1001,24,1,2,1,1,1,3,2024-10-23 00:52:00,2024-10-23 00:52:00,2024-10-23 00:52:00,12.3671,76.5551,"Reported incident of vehicle theft at Near Dar Road, Mysuru. Suspect vehicle noticed with plate KA-38-A-9398."
2233,101020024202602233,202602233,2024-11-12,1004,24,1,2,1,3,1,3,2024-11-12 21:18:00,2024-11-12 21:18:00,2024-11-12 21:18:00,14.4761,75.9286,"Reported incident of chain snatching at Near Barad Chowk, Davangere. Suspect vehicle noticed with plate KA-41-P-9464."
2234,101020024202602234,202602234,2025-05-20,1001,24,1,2,1,1,1,3,2025-05-20 23:19:00,2025-05-20 23:19:00,2025-05-20 23:19:00,13.2879,75.7327,"Reported incident of burglary at Near Dhillon Street, Chikkamagaluru."
2235,101020024202602235,202602235,2025-05-24,1001,24,1,2,1,1,3,3,2025-05-24 11:49:00,2025-05-24 11:49:00,2025-05-24 11:49:00,16.7515,75.7778,"Reported incident of fraud at Near Bhattacharyya Marg, Vijayapura."
2236,101020024202602236,202602236,2024-01-16,1002,24,1,1,2,4,1,3,2024-01-16 17:49:00,2024-01-16 17:49:00,2024-01-16 17:49:00,14.4883,75.9669,"Reported incident of assault at Near Sen Street, Davangere."
2237,101020024202602237,202602237,2024-06-21,1002,24,1,2,1,1,1,3,2024-06-21 21:21:00,2024-06-21 21:21:00,2024-06-21 21:21:00,17.8791,77.5697,"Reported incident of fraud at Near Muni Zila, Bidar."
2238,101020024202602238,202602238,2024-08-30,1003,24,1,2,1,1,1,3,2024-08-30 10:48:00,2024-08-30 10:48:00,2024-08-30 10:48:00,12.8703,74.8685,"Reported incident of eve teasing at Near Sandal Ganj, Mangaluru (Dakshina Kannada)."
2239,101020024202602239,202602239,2025-05-15,1004,24,1,2,1,1,1,3,2025-05-15 23:44:00,2025-05-15 23:44:00,2025-05-15 23:44:00,13.1799,78.0965,"Reported incident of vehicle theft at Near Parmer, Kolar. Suspect vehicle noticed with plate KA-36-KA-8092."
2240,104430024202602240,202602240,2024-03-13,1002,24,1,2,1,1,1,1,2024-03-13 08:27:00,2024-03-13 08:27:00,2024-03-13 08:27:00,13.0166,77.6226,"Reported incident of cybercrime at Near Bhattacharyya Road, Bengaluru Urban."
2241,101020024202602241,202602241,2025-01-24,1004,24,1,2,1,1,2,3,2025-01-24 08:03:00,2025-01-24 08:03:00,2025-01-24 08:03:00,15.3376,76.204,"Reported incident of cybercrime at Near Mallick Street, Koppal."
2242,101020024202602242,202602242,2024-03-15,1002,24,1,2,1,1,2,3,2024-03-15 11:13:00,2024-03-15 11:13:00,2024-03-15 11:13:00,13.0795,76.0439,"Reported incident of property crime at Near Shetty, Hassan."
2243,104430024202602243,202602243,2024-01-30,1001,24,1,1,1,2,2,1,2024-01-30 22:16:00,2024-01-30 22:16:00,2024-01-30 22:16:00,12.8666,77.5512,"Reported incident of robbery at Near Rau Marg, Bengaluru Urban. Suspect vehicle noticed with plate KA-04-A-4218."
2244,101020024202602244,202602244,2025-02-11,1003,24,1,2,1,3,1,3,2025-02-11 01:01:00,2025-02-11 01:01:00,2025-02-11 01:01:00,15.8582,74.4677,"Reported incident of chain snatching at Near Raval Circle, Belagavi. Suspect vehicle noticed with plate KA-22-M-8560."
2245,101020024202602245,202602245,2025-03-28,1004,24,1,1,1,2,2,3,2025-03-28 05:49:00,2025-03-28 05:49:00,2025-03-28 05:49:00,18.0088,77.4747,"Reported incident of robbery at Near Acharya Street, Bidar. Suspect vehicle noticed with plate KA-25-KA-8711."
2246,101020024202602246,202602246,2024-12-21,1004,24,1,2,1,3,1,3,2024-12-21 12:13:00,2024-12-21 12:13:00,2024-12-21 12:13:00,13.1168,78.1601,"Reported incident of chain snatching at Near Halder Road, Kolar. Suspect vehicle noticed with plate KA-55-A-1138."
2247,101020024202602247,202602247,2024-03-29,1002,24,1,1,1,2,1,3,2024-03-29 13:55:00,2024-03-29 13:55:00,2024-03-29 13:55:00,13.2937,74.7148,"Reported incident of robbery at Near Sood Marg, Udupi. Suspect vehicle noticed with plate KA-55-M-3689."
2248,104430024202602248,202602248,2025-05-29,1004,24,1,2,1,1,1,1,2025-05-29 11:36:00,2025-05-29 11:36:00,2025-05-29 11:36:00,12.9826,77.5624,"Reported incident of eve teasing at Near Prasad Circle, Bengaluru Urban."
2249,101020024202602249,202602249,2024-01-11,1003,24,1,1,1,2,1,3,2024-01-11 16:29:00,2024-01-11 16:29:00,2024-01-11 16:29:00,17.2279,76.9313,"Reported incident of robbery at Near Chaudhari Street, Kalaburagi. Suspect vehicle noticed with plate KA-30-A-9004."
2250,104430024202602250,202602250,2025-05-30,1002,24,1,1,1,2,1,1,2025-05-30 20:49:00,2025-05-30 20:49:00,2025-05-30 20:49:00,13.0224,77.5613,"Reported incident of robbery at Near Saini, Bengaluru Urban. Suspect vehicle noticed with plate KA-32-KB-9861."
2251,104430024202602251,202602251,2024-03-05,1003,24,1,2,1,1,1,1,2024-03-05 08:27:00,2024-03-05 08:27:00,2024-03-05 08:27:00,12.9958,77.5469,"Reported incident of burglary at Near Dhar Chowk, Bengaluru Urban."
2252,101020024202602252,202602252,2024-01-04,1003,24,1,2,1,1,2,3,2024-01-04 16:04:00,2024-01-04 16:04:00,2024-01-04 16:04:00,13.0602,76.0596,"Reported incident of fraud at Near Deshpande Ganj, Hassan."
2253,101020024202602253,202602253,2025-05-06,1003,24,1,2,1,1,1,3,2025-05-06 14:21:00,2025-05-06 14:21:00,2025-05-06 14:21:00,12.3381,76.5846,"Reported incident of eve teasing at Near Hegde Path, Mysuru."
2254,104430024202602254,202602254,2025-03-20,1001,24,1,2,1,3,1,1,2025-03-20 17:26:00,2025-03-20 17:26:00,2025-03-20 17:26:00,12.9857,77.5854,"Reported incident of chain snatching at Near Hayre Street, Bengaluru Urban. Suspect vehicle noticed with plate KA-25-B-5510."
2255,101020024202602255,202602255,2024-10-27,1004,24,1,2,1,1,1,3,2024-10-27 03:34:00,2024-10-27 03:34:00,2024-10-27 03:34:00,13.2952,77.0536,"Reported incident of murder at Near Kalita Path, Tumakuru."
2256,101020024202602256,202602256,2024-06-13,1002,24,1,2,1,1,1,3,2024-06-13 10:51:00,2024-06-13 10:51:00,2024-06-13 10:51:00,14.5058,75.915,"Reported incident of vehicle theft at Near Bhargava Marg, Davangere. Suspect vehicle noticed with plate KA-36-B-3203."
2257,104430024202602257,202602257,2024-10-23,1001,24,1,1,2,4,1,1,2024-10-23 21:11:00,2024-10-23 21:11:00,2024-10-23 21:11:00,12.9999,77.6292,"Reported incident of assault at Near Nadig Ganj, Bengaluru Urban."
2258,104430024202602258,202602258,2024-07-21,1003,24,1,2,1,1,1,1,2024-07-21 16:22:00,2024-07-21 16:22:00,2024-07-21 16:22:00,12.9841,77.6017,"Reported incident of burglary at Near Ramaswamy Circle, Bengaluru Urban."
2259,101020024202602259,202602259,2024-10-21,1002,24,1,1,2,4,2,3,2024-10-21 04:52:00,2024-10-21 04:52:00,2024-10-21 04:52:00,16.8111,75.6708,"Reported incident of assault at Near Merchant Path, Vijayapura."
2260,104430024202602260,202602260,2025-01-02,1002,24,1,2,1,1,1,1,2025-01-02 17:04:00,2025-01-02 17:04:00,2025-01-02 17:04:00,13.0009,77.5588,"Reported incident of burglary at Near Din Road, Bengaluru Urban."
2261,104430024202602261,202602261,2025-04-25,1002,24,1,2,1,1,1,1,2025-04-25 22:55:00,2025-04-25 22:55:00,2025-04-25 22:55:00,12.8891,77.5732,"Reported incident of burglary at Near Wagle Road, Bengaluru Urban."
2262,101020024202602262,202602262,2024-07-21,1003,24,1,2,1,1,1,3,2024-07-21 03:59:00,2024-07-21 03:59:00,2024-07-21 03:59:00,16.1358,77.4134,"Reported incident of cybercrime at Near Shukla Ganj, Raichur."
2263,101020024202602263,202602263,2024-04-24,1004,24,1,2,1,1,1,3,2024-04-24 07:43:00,2024-04-24 07:43:00,2024-04-24 07:43:00,13.4043,77.0613,"Reported incident of fraud at Near Bobal Zila, Tumakuru."
2264,101020024202602264,202602264,2024-12-30,1003,24,1,2,1,1,1,3,2024-12-30 22:20:00,2024-12-30 22:20:00,2024-12-30 22:20:00,12.9713,76.1567,"Reported incident of cybercrime at Near Ganesan Nagar, Hassan."
2265,104430024202602265,202602265,2024-02-27,1003,24,1,1,2,4,2,1,2024-02-27 18:58:00,2024-02-27 18:58:00,2024-02-27 18:58:00,13.0081,77.5566,"Reported incident of assault at Near Baria Nagar, Bengaluru Urban."
2266,101020024202602266,202602266,2024-06-15,1002,24,1,2,1,1,1,3,2024-06-15 13:58:00,2024-06-15 13:58:00,2024-06-15 13:58:00,15.2958,76.2069,"Reported incident of drug offence at Near Bera Chowk, Koppal."
2267,101020024202602267,202602267,2024-11-22,1002,24,1,2,1,1,1,3,2024-11-22 17:04:00,2024-11-22 17:04:00,2024-11-22 17:04:00,15.0935,76.9048,"Reported incident of hit and run at Near Pandya Nagar, Ballari."
2268,104430024202602268,202602268,2024-06-19,1004,24,1,2,1,1,1,1,2024-06-19 15:11:00,2024-06-19 15:11:00,2024-06-19 15:11:00,12.9796,77.5898,"Reported incident of hit and run at Near Sahota Circle, Bengaluru Urban."
2269,101020024202602269,202602269,2024-02-13,1001,24,1,2,1,1,1,3,2024-02-13 15:14:00,2024-02-13 15:14:00,2024-02-13 15:14:00,14.53,75.8986,"Reported incident of eve teasing at Near Sahni Marg, Davangere."
2270,104430024202602270,202602270,2024-01-18,1001,24,1,2,1,1,1,1,2024-01-18 07:37:00,2024-01-18 07:37:00,2024-01-18 07:37:00,12.997,77.5786,"Reported incident of burglary at Near Minhas Ganj, Bengaluru Urban."
2271,104430024202602271,202602271,2025-01-20,1003,24,1,2,1,1,1,1,2025-01-20 08:13:00,2025-01-20 08:13:00,2025-01-20 08:13:00,13.2454,77.4789,"Reported incident of fraud at Near Contractor Zila, Bengaluru Rural."
2272,101020024202602272,202602272,2025-04-08,1003,24,1,1,2,4,1,3,2025-04-08 01:43:00,2025-04-08 01:43:00,2025-04-08 01:43:00,16.7893,75.7473,"Reported incident of assault at Near Chaudhary Circle, Vijayapura."
2273,101020024202602273,202602273,2024-01-16,1002,24,1,2,1,3,1,3,2024-01-16 20:19:00,2024-01-16 20:19:00,2024-01-16 20:19:00,13.2676,77.1296,"Reported incident of chain snatching at Near Rajagopalan Street, Tumakuru. Suspect vehicle noticed with plate KA-46-P-8852."
2274,101020024202602274,202602274,2024-12-18,1001,24,1,1,1,2,3,3,2024-12-18 23:13:00,2024-12-18 23:13:00,2024-12-18 23:13:00,13.0626,76.0448,"Reported incident of robbery at Near Prabhakar Ganj, Hassan. Suspect vehicle noticed with plate KA-24-N-8966."
2275,101020024202602275,202602275,2024-11-17,1003,24,1,2,1,1,1,3,2024-11-17 10:41:00,2024-11-17 10:41:00,2024-11-17 10:41:00,16.1753,77.3679,"Reported incident of vehicle theft at Near Agate Nagar, Raichur. Suspect vehicle noticed with plate KA-32-M-7085."
2276,101020024202602276,202602276,2024-03-12,1004,24,1,1,1,2,1,3,2024-03-12 17:35:00,2024-03-12 17:35:00,2024-03-12 17:35:00,13.0807,78.0856,"Reported incident of robbery at Near Raja Road, Kolar. Suspect vehicle noticed with plate KA-09-KA-4431."
2277,101020024202602277,202602277,2024-09-22,1002,24,1,2,1,1,1,3,2024-09-22 02:29:00,2024-09-22 02:29:00,2024-09-22 02:29:00,12.2469,76.7064,"Reported incident of vehicle theft at Near Dhingra Circle, Mysuru. Suspect vehicle noticed with plate KA-52-P-8584."
2278,101020024202602278,202602278,2024-09-19,1003,24,1,1,1,2,1,3,2024-09-19 16:54:00,2024-09-19 16:54:00,2024-09-19 16:54:00,17.8798,77.5247,"Reported incident of robbery at Near Barad, Bidar. Suspect vehicle noticed with plate KA-47-B-4981."
2279,104430024202602279,202602279,2024-08-09,1001,24,1,1,2,4,1,1,2024-08-09 03:39:00,2024-08-09 03:39:00,2024-08-09 03:39:00,13.2714,77.6733,"Reported incident of assault at Near Nair Ganj, Bengaluru Rural."
2280,101020024202602280,202602280,2024-01-21,1003,24,1,2,1,1,1,3,2024-01-21 18:54:00,2024-01-21 18:54:00,2024-01-21 18:54:00,15.0981,77.0055,"Reported incident of hit and run at Near Nayak Ganj, Ballari."
2281,101020024202602281,202602281,2025-05-15,1002,24,1,2,1,1,2,3,2025-05-15 13:28:00,2025-05-15 13:28:00,2025-05-15 13:28:00,13.3444,74.7926,"Reported incident of burglary at Near Dhar Road, Udupi."
2282,101020024202602282,202602282,2024-11-22,1003,24,1,2,1,1,3,3,2024-11-22 19:19:00,2024-11-22 19:19:00,2024-11-22 19:19:00,14.5068,75.8991,"Reported incident of vehicle theft at Near Chaudhuri Ganj, Davangere. Suspect vehicle noticed with plate KA-05-KB-7741."
2283,104430024202602283,202602283,2024-06-11,1001,24,1,1,2,4,1,1,2024-06-11 16:14:00,2024-06-11 16:14:00,2024-06-11 16:14:00,12.9025,77.5724,"Reported incident of assault at Near Hayre Chowk, Bengaluru Urban."
2284,104430024202602284,202602284,2024-07-24,1001,24,1,2,1,3,1,1,2024-07-24 20:03:00,2024-07-24 20:03:00,2024-07-24 20:03:00,13.0178,77.578,"Reported incident of chain snatching at Near Suresh Road, Bengaluru Urban. Suspect vehicle noticed with plate KA-31-A-4846."
2285,101020024202602285,202602285,2025-04-01,1001,24,1,2,1,1,1,3,2025-04-01 16:34:00,2025-04-01 16:34:00,2025-04-01 16:34:00,13.0337,76.0123,"Reported incident of burglary at Near Aurora, Hassan."
2286,104430024202602286,202602286,2024-01-01,1003,24,1,2,1,1,1,1,2024-01-01 09:10:00,2024-01-01 09:10:00,2024-01-01 09:10:00,12.8698,77.5727,"Reported incident of cybercrime at Near Merchant Street, Bengaluru Urban."
2287,101020024202602287,202602287,2024-07-22,1002,24,1,1,2,4,3,3,2024-07-22 02:35:00,2024-07-22 02:35:00,2024-07-22 02:35:00,15.3168,75.1549,"Reported incident of assault at Near Dhar Nagar, Hubballi-Dharwad."
2288,101020024202602288,202602288,2024-09-28,1003,24,1,2,1,1,2,3,2024-09-28 14:54:00,2024-09-28 14:54:00,2024-09-28 14:54:00,14.5427,75.9621,"Reported incident of hit and run at Near Babu Path, Davangere."
2289,101020024202602289,202602289,2024-11-04,1001,24,1,2,1,1,2,3,2024-11-04 23:56:00,2024-11-04 23:56:00,2024-11-04 23:56:00,13.8768,75.5113,"Reported incident of vehicle theft at Near Chaudry Street, Shivamogga. Suspect vehicle noticed with plate KA-13-A-7230."
2290,101020024202602290,202602290,2024-06-04,1004,24,1,1,1,2,1,3,2024-06-04 13:57:00,2024-06-04 13:57:00,2024-06-04 13:57:00,15.311,75.1017,"Reported incident of robbery at Near Kar Marg, Hubballi-Dharwad. Suspect vehicle noticed with plate KA-02-M-5186."
2291,101020024202602291,202602291,2024-11-25,1002,24,1,2,1,3,1,3,2024-11-25 10:56:00,2024-11-25 10:56:00,2024-11-25 10:56:00,15.3738,76.2118,"Reported incident of chain snatching at Near Sampath Road, Koppal. Suspect vehicle noticed with plate KA-48-B-2546."
2292,104430024202602292,202602292,2024-04-29,1003,24,1,1,1,2,1,1,2024-04-29 09:22:00,2024-04-29 09:22:00,2024-04-29 09:22:00,13.0058,77.6466,"Reported incident of robbery at Near Chatterjee Path, Bengaluru Urban. Suspect vehicle noticed with plate KA-25-M-9634."
2293,104430024202602293,202602293,2025-01-20,1001,24,1,2,1,1,1,1,2025-01-20 01:17:00,2025-01-20 01:17:00,2025-01-20 01:17:00,13.0077,77.5948,"Reported incident of property crime at Near Krishnan Street, Bengaluru Urban."
2294,101020024202602294,202602294,2024-01-19,1002,24,1,2,1,1,3,3,2024-01-19 06:13:00,2024-01-19 06:13:00,2024-01-19 06:13:00,13.1163,78.1564,"Reported incident of fraud at Near Chaudhuri Road, Kolar."
2295,104430024202602295,202602295,2024-11-30,1002,24,1,2,1,1,1,1,2024-11-30 05:38:00,2024-11-30 05:38:00,2024-11-30 05:38:00,12.9755,77.6463,"Reported incident of vehicle theft at Near Mukherjee Circle, Bengaluru Urban. Suspect vehicle noticed with plate KA-42-B-4981."
2296,104430024202602296,202602296,2025-04-08,1001,24,1,2,1,1,1,1,2025-04-08 21:41:00,2025-04-08 21:41:00,2025-04-08 21:41:00,12.9982,77.5514,"Reported incident of hit and run at Near Nagarajan Chowk, Bengaluru Urban."
2297,104430024202602297,202602297,2024-01-17,1002,24,1,2,1,1,1,1,2024-01-17 21:41:00,2024-01-17 21:41:00,2024-01-17 21:41:00,13.0366,77.5959,"Reported incident of cybercrime at Near Kale Path, Bengaluru Urban."
2298,104430024202602298,202602298,2024-10-01,1001,24,1,2,1,3,3,1,2024-10-01 17:01:00,2024-10-01 17:01:00,2024-10-01 17:01:00,13.0182,77.6077,"Reported incident of chain snatching at Near Setty Chowk, Bengaluru Urban. Suspect vehicle noticed with plate KA-14-M-1528."
2299,101020024202602299,202602299,2024-04-10,1001,24,1,1,2,4,1,3,2024-04-10 20:41:00,2024-04-10 20:41:00,2024-04-10 20:41:00,12.3599,76.5657,"Reported incident of assault at Near Edwin Ganj, Mysuru."
2300,101020024202602300,202602300,2024-08-29,1001,24,1,2,1,1,2,3,2024-08-29 07:43:00,2024-08-29 07:43:00,2024-08-29 07:43:00,15.3086,76.1169,"Reported incident of vehicle theft at Near Manda Road, Koppal. Suspect vehicle noticed with plate KA-07-N-6903."
2301,101020024202602301,202602301,2025-05-08,1002,24,1,2,1,1,1,3,2025-05-08 04:46:00,2025-05-08 04:46:00,2025-05-08 04:46:00,13.0664,78.0967,"Reported incident of fraud at Near Hari Chowk, Kolar."
2302,101020024202602302,202602302,2024-09-08,1003,24,1,1,1,2,2,3,2024-09-08 12:46:00,2024-09-08 12:46:00,2024-09-08 12:46:00,13.3309,77.0509,"Reported incident of robbery at Near Handa Ganj, Tumakuru. Suspect vehicle noticed with plate KA-43-B-2402."
2303,104430024202602303,202602303,2024-12-14,1004,24,1,1,1,2,1,1,2024-12-14 06:43:00,2024-12-14 06:43:00,2024-12-14 06:43:00,13.0005,77.5522,"Reported incident of robbery at Near Saini Circle, Bengaluru Urban. Suspect vehicle noticed with plate KA-38-KA-5453."
2304,101020024202602304,202602304,2024-01-12,1001,24,1,2,1,1,1,3,2024-01-12 20:17:00,2024-01-12 20:17:00,2024-01-12 20:17:00,15.3682,76.2069,"Reported incident of vehicle theft at Near Comar Path, Koppal. Suspect vehicle noticed with plate KA-10-M-2903."
2305,104430024202602305,202602305,2025-01-05,1001,24,1,2,1,1,2,1,2025-01-05 23:56:00,2025-01-05 23:56:00,2025-01-05 23:56:00,12.9895,77.5888,"Reported incident of murder at Near Bawa Road, Bengaluru Urban."
2306,104430024202602306,202602306,2024-12-15,1004,24,1,2,1,1,1,1,2024-12-15 08:45:00,2024-12-15 08:45:00,2024-12-15 08:45:00,12.9722,77.6016,"Reported incident of vehicle theft at Near Tak Marg, Bengaluru Urban. Suspect vehicle noticed with plate KA-38-N-1054."
2307,101020024202602307,202602307,2024-05-31,1002,24,1,1,2,4,1,3,2024-05-31 06:36:00,2024-05-31 06:36:00,2024-05-31 06:36:00,15.2708,75.2123,"Reported incident of assault at Near Sarma, Hubballi-Dharwad."
2308,101020024202602308,202602308,2024-09-09,1004,24,1,2,1,1,2,3,2024-09-09 11:24:00,2024-09-09 11:24:00,2024-09-09 11:24:00,16.7906,75.6941,"Reported incident of domestic violence at Near Sahni Path, Vijayapura."
2309,101020024202602309,202602309,2024-10-30,1002,24,1,2,1,1,1,3,2024-10-30 04:04:00,2024-10-30 04:04:00,2024-10-30 04:04:00,14.5022,75.8674,"Reported incident of eve teasing at Near Pandey, Davangere."
2310,101020024202602310,202602310,2024-06-27,1001,24,1,2,1,1,3,3,2024-06-27 18:23:00,2024-06-27 18:23:00,2024-06-27 18:23:00,15.329,75.0968,"Reported incident of eve teasing at Near Nazareth Road, Hubballi-Dharwad."
2311,104430024202602311,202602311,2025-05-06,1004,24,1,2,1,1,1,1,2025-05-06 01:58:00,2025-05-06 01:58:00,2025-05-06 01:58:00,12.9874,77.5806,"Reported incident of fraud at Near Radhakrishnan Circle, Bengaluru Urban."
2312,101020024202602312,202602312,2024-10-07,1001,24,1,2,1,3,1,3,2024-10-07 02:04:00,2024-10-07 02:04:00,2024-10-07 02:04:00,15.3292,76.0784,"Reported incident of chain snatching at Near Goyal Path, Koppal. Suspect vehicle noticed with plate KA-16-M-3334."
2313,101020024202602313,202602313,2024-04-21,1002,24,1,1,2,4,1,3,2024-04-21 16:43:00,2024-04-21 16:43:00,2024-04-21 16:43:00,12.5886,76.8185,"Reported incident of assault at Near Ganesh, Mandya."
2314,104430024202602314,202602314,2024-06-15,1003,24,1,2,1,1,1,1,2024-06-15 15:04:00,2024-06-15 15:04:00,2024-06-15 15:04:00,13.0191,77.5244,"Reported incident of property crime at Near Rastogi Circle, Bengaluru Urban."
2315,101020024202602315,202602315,2024-04-15,1004,24,1,2,1,3,2,3,2024-04-15 02:21:00,2024-04-15 02:21:00,2024-04-15 02:21:00,16.7852,75.7632,"Reported incident of chain snatching at Near Sem Circle, Vijayapura. Suspect vehicle noticed with plate KA-15-KA-5580."
2316,101020024202602316,202602316,2024-05-11,1004,24,1,2,1,1,2,3,2024-05-11 15:17:00,2024-05-11 15:17:00,2024-05-11 15:17:00,12.338,76.5881,"Reported incident of fraud at Near Singh Circle, Mysuru."
2317,101020024202602317,202602317,2024-10-12,1003,24,1,2,1,3,1,3,2024-10-12 10:03:00,2024-10-12 10:03:00,2024-10-12 10:03:00,14.4966,75.9347,"Reported incident of chain snatching at Near Dhingra Road, Davangere. Suspect vehicle noticed with plate KA-12-KA-2734."
2318,101020024202602318,202602318,2024-11-10,1001,24,1,2,1,1,1,3,2024-11-10 11:10:00,2024-11-10 11:10:00,2024-11-10 11:10:00,17.389,76.8357,"Reported incident of domestic violence at Near Saxena Circle, Kalaburagi."
2319,104430024202602319,202602319,2024-09-03,1002,24,1,2,1,1,1,1,2024-09-03 10:00:00,2024-09-03 10:00:00,2024-09-03 10:00:00,12.9829,77.5487,"Reported incident of fraud at Near Patla Circle, Bengaluru Urban."
2320,101020024202602320,202602320,2025-05-26,1003,24,1,2,1,1,1,3,2025-05-26 13:10:00,2025-05-26 13:10:00,2025-05-26 13:10:00,15.3523,76.1799,"Reported incident of property crime at Near Sahota Ganj, Koppal."
2321,101020024202602321,202602321,2024-01-26,1001,24,1,2,1,1,1,3,2024-01-26 01:43:00,2024-01-26 01:43:00,2024-01-26 01:43:00,12.2437,76.7434,"Reported incident of drug offence at Near Pant, Mysuru."
2322,101020024202602322,202602322,2024-10-14,1004,24,1,2,1,1,1,3,2024-10-14 01:13:00,2024-10-14 01:13:00,2024-10-14 01:13:00,15.1799,76.8338,"Reported incident of vehicle theft at Near Sen Circle, Ballari. Suspect vehicle noticed with plate KA-24-A-7381."
2323,101020024202602323,202602323,2024-12-29,1001,24,1,1,1,2,1,3,2024-12-29 01:31:00,2024-12-29 01:31:00,2024-12-29 01:31:00,12.2846,76.7117,"Reported incident of robbery at Near Buch Path, Mysuru. Suspect vehicle noticed with plate KA-42-M-2254."
2324,104430024202602324,202602324,2024-01-07,1002,24,1,2,1,1,1,1,2024-01-07 05:28:00,2024-01-07 05:28:00,2024-01-07 05:28:00,13.0252,77.5673,"Reported incident of drug offence at Near Lad Street, Bengaluru Urban."
2325,101020024202602325,202602325,2025-02-26,1003,24,1,2,1,1,1,3,2025-02-26 06:44:00,2025-02-26 06:44:00,2025-02-26 06:44:00,13.3135,75.7717,"Reported incident of fraud at Near Shan Street, Chikkamagaluru."
2326,101020024202602326,202602326,2024-09-21,1003,24,1,2,1,1,1,3,2024-09-21 23:57:00,2024-09-21 23:57:00,2024-09-21 23:57:00,13.3177,77.0637,"Reported incident of drug offence at Near Dora Zila, Tumakuru."
2327,101020024202602327,202602327,2025-03-18,1002,24,1,1,2,4,1,3,2025-03-18 00:58:00,2025-03-18 00:58:00,2025-03-18 00:58:00,15.8168,74.5349,"Reported incident of assault at Near Raman Circle, Belagavi."
2328,101020024202602328,202602328,2025-03-29,1001,24,1,2,1,1,1,3,2025-03-29 22:30:00,2025-03-29 22:30:00,2025-03-29 22:30:00,16.2591,77.3434,"Reported incident of hit and run at Near Trivedi Chowk, Raichur."
2329,101020024202602329,202602329,2025-02-23,1002,24,1,2,1,1,1,3,2025-02-23 15:17:00,2025-02-23 15:17:00,2025-02-23 15:17:00,16.2235,77.3285,"Reported incident of property crime at Near Deshmukh Path, Raichur."
2330,104430024202602330,202602330,2025-03-04,1003,24,1,2,1,1,1,1,2025-03-04 10:33:00,2025-03-04 10:33:00,2025-03-04 10:33:00,12.9861,77.5653,"Reported incident of eve teasing at Near Nanda Road, Bengaluru Urban."
2331,101020024202602331,202602331,2025-03-23,1002,24,1,2,1,1,1,3,2025-03-23 02:30:00,2025-03-23 02:30:00,2025-03-23 02:30:00,12.8571,74.8524,"Reported incident of burglary at Near Sandal Street, Mangaluru (Dakshina Kannada)."
2332,101020024202602332,202602332,2024-05-22,1001,24,1,2,1,3,1,3,2024-05-22 11:54:00,2024-05-22 11:54:00,2024-05-22 11:54:00,13.2988,77.1203,"Reported incident of chain snatching at Near Loyal Nagar, Tumakuru. Suspect vehicle noticed with plate KA-17-P-8753."
2333,104430024202602333,202602333,2024-09-28,1002,24,1,2,1,1,2,1,2024-09-28 17:54:00,2024-09-28 17:54:00,2024-09-28 17:54:00,13.0117,77.593,"Reported incident of fraud at Near Mangal, Bengaluru Urban."
2334,101020024202602334,202602334,2025-04-16,1004,24,1,2,1,1,2,3,2025-04-16 23:15:00,2025-04-16 23:15:00,2025-04-16 23:15:00,15.1844,76.8643,"Reported incident of burglary at Near Vohra Circle, Ballari."
2335,101020024202602335,202602335,2025-03-13,1004,24,1,2,1,1,1,3,2025-03-13 19:18:00,2025-03-13 19:18:00,2025-03-13 19:18:00,12.3397,76.5844,"Reported incident of eve teasing at Near Jain Circle, Mysuru."
2336,104430024202602336,202602336,2024-10-07,1003,24,1,2,1,1,3,1,2024-10-07 19:58:00,2024-10-07 19:58:00,2024-10-07 19:58:00,13.0305,77.5823,"Reported incident of property crime at Near Chahal Zila, Bengaluru Urban."
2337,104430024202602337,202602337,2024-03-11,1004,24,1,1,2,4,1,1,2024-03-11 06:57:00,2024-03-11 06:57:00,2024-03-11 06:57:00,13.0166,77.6238,"Reported incident of assault at Near Shukla Street, Bengaluru Urban."
2338,101020024202602338,202602338,2025-05-13,1001,24,1,2,1,1,2,3,2025-05-13 17:47:00,2025-05-13 17:47:00,2025-05-13 17:47:00,15.8887,74.4247,"Reported incident of cybercrime at Near Thakur Zila, Belagavi."
2339,101020024202602339,202602339,2025-03-12,1004,24,1,1,2,4,1,3,2025-03-12 06:10:00,2025-03-12 06:10:00,2025-03-12 06:10:00,13.9225,75.5443,"Reported incident of assault at Near Gera Circle, Shivamogga."
2340,104430024202602340,202602340,2025-01-31,1004,24,1,1,1,2,1,1,2025-01-31 05:46:00,2025-01-31 05:46:00,2025-01-31 05:46:00,13.0243,77.5494,"Reported incident of robbery at Near Desai Circle, Bengaluru Urban. Suspect vehicle noticed with plate KA-17-A-6951."
2341,104430024202602341,202602341,2024-08-14,1004,24,1,2,1,1,2,1,2024-08-14 05:00:00,2024-08-14 05:00:00,2024-08-14 05:00:00,13.0126,77.558,"Reported incident of murder at Near Bumb Road, Bengaluru Urban."
2342,104430024202602342,202602342,2024-07-11,1001,24,1,2,1,1,1,1,2024-07-11 21:16:00,2024-07-11 21:16:00,2024-07-11 21:16:00,12.9728,77.65,"Reported incident of property crime at Near Rajan, Bengaluru Urban."
2343,104430024202602343,202602343,2024-06-21,1002,24,1,2,1,1,1,1,2024-06-21 20:02:00,2024-06-21 20:02:00,2024-06-21 20:02:00,12.9905,77.5837,"Reported incident of murder at Near Bhandari Marg, Bengaluru Urban."
2344,104430024202602344,202602344,2024-10-28,1001,24,1,2,1,1,1,1,2024-10-28 03:57:00,2024-10-28 03:57:00,2024-10-28 03:57:00,12.9958,77.5876,"Reported incident of fraud at Near Sawhney Zila, Bengaluru Urban."
2345,101020024202602345,202602345,2024-08-13,1002,24,1,2,1,1,1,3,2024-08-13 10:25:00,2024-08-13 10:25:00,2024-08-13 10:25:00,13.0405,76.0379,"Reported incident of cybercrime at Near Om Road, Hassan."
2346,101020024202602346,202602346,2024-04-08,1003,24,1,2,1,1,1,3,2024-04-08 02:57:00,2024-04-08 02:57:00,2024-04-08 02:57:00,17.9938,77.4549,"Reported incident of vehicle theft at Near Dave Chowk, Bidar. Suspect vehicle noticed with plate KA-38-N-2097."
2347,104430024202602347,202602347,2024-02-13,1001,24,1,2,1,1,1,1,2024-02-13 21:18:00,2024-02-13 21:18:00,2024-02-13 21:18:00,13.0279,77.5212,"Reported incident of burglary at Near Kamdar Road, Bengaluru Urban."
2348,104430024202602348,202602348,2025-04-11,1002,24,1,2,1,1,1,1,2025-04-11 19:15:00,2025-04-11 19:15:00,2025-04-11 19:15:00,12.8805,77.5898,"Reported incident of fraud at Near Murthy Road, Bengaluru Urban."
2349,104430024202602349,202602349,2024-06-28,1002,24,1,1,1,2,1,1,2024-06-28 17:15:00,2024-06-28 17:15:00,2024-06-28 17:15:00,13.0089,77.5522,"Reported incident of robbery at Near Seth, Bengaluru Urban. Suspect vehicle noticed with plate KA-12-KA-8738."
2350,101020024202602350,202602350,2024-10-18,1004,24,1,2,1,3,2,3,2024-10-18 11:16:00,2024-10-18 11:16:00,2024-10-18 11:16:00,14.5414,75.989,"Reported incident of chain snatching at Near Sur Zila, Davangere. Suspect vehicle noticed with plate KA-17-KB-4129."
2351,104430024202602351,202602351,2025-05-06,1001,24,1,2,1,3,1,1,2025-05-06 02:07:00,2025-05-06 02:07:00,2025-05-06 02:07:00,12.9974,77.5984,"Reported incident of chain snatching at Near Ravel Road, Bengaluru Urban. Suspect vehicle noticed with plate KA-24-N-2643."
2352,101020024202602352,202602352,2024-01-20,1002,24,1,2,1,1,1,3,2024-01-20 12:10:00,2024-01-20 12:10:00,2024-01-20 12:10:00,17.3848,76.8858,"Reported incident of burglary at Near Joshi Street, Kalaburagi."
2353,104430024202602353,202602353,2025-02-01,1001,24,1,2,1,1,1,1,2025-02-01 19:31:00,2025-02-01 19:31:00,2025-02-01 19:31:00,13.2552,77.525,"Reported incident of burglary at Near Gala Ganj, Bengaluru Rural."
2354,101020024202602354,202602354,2024-11-26,1004,24,1,2,1,1,1,3,2024-11-26 01:36:00,2024-11-26 01:36:00,2024-11-26 01:36:00,14.5128,75.8862,"Reported incident of murder at Near Iyengar Street, Davangere."
2355,101020024202602355,202602355,2025-03-01,1003,24,1,2,1,1,1,3,2025-03-01 23:59:00,2025-03-01 23:59:00,2025-03-01 23:59:00,16.8052,75.6692,"Reported incident of eve teasing at Near Gulati Road, Vijayapura."
2356,101020024202602356,202602356,2024-07-30,1004,24,1,2,1,1,1,3,2024-07-30 14:13:00,2024-07-30 14:13:00,2024-07-30 14:13:00,13.0839,76.1647,"Reported incident of burglary at Near Magar Ganj, Hassan."
2357,101020024202602357,202602357,2024-11-14,1001,24,1,2,1,1,1,3,2024-11-14 01:13:00,2024-11-14 01:13:00,2024-11-14 01:13:00,13.0284,76.1375,"Reported incident of vehicle theft at Near Bava Nagar, Hassan. Suspect vehicle noticed with plate KA-54-KA-8600."
2358,104430024202602358,202602358,2025-01-10,1003,24,1,2,1,1,1,1,2025-01-10 12:58:00,2025-01-10 12:58:00,2025-01-10 12:58:00,13.009,77.6578,"Reported incident of drug offence at Near Chaudhry Chowk, Bengaluru Urban."
2359,101020024202602359,202602359,2024-07-18,1003,24,1,2,1,3,1,3,2024-07-18 10:22:00,2024-07-18 10:22:00,2024-07-18 10:22:00,13.3714,74.7009,"Reported incident of chain snatching at Near Goyal Street, Udupi. Suspect vehicle noticed with plate KA-09-P-3828."
2360,101020024202602360,202602360,2024-08-22,1003,24,1,2,1,1,3,3,2024-08-22 10:20:00,2024-08-22 10:20:00,2024-08-22 10:20:00,13.3926,75.785,"Reported incident of hit and run at Near Chander Marg, Chikkamagaluru."
2361,101020024202602361,202602361,2024-10-15,1004,24,1,2,1,1,1,3,2024-10-15 14:17:00,2024-10-15 14:17:00,2024-10-15 14:17:00,12.2509,76.7061,"Reported incident of vehicle theft at Near Raghavan Marg, Mysuru. Suspect vehicle noticed with plate KA-29-B-5638."
2362,101020024202602362,202602362,2024-11-21,1001,24,1,2,1,1,2,3,2024-11-21 05:01:00,2024-11-21 05:01:00,2024-11-21 05:01:00,15.0487,76.9068,"Reported incident of vehicle theft at Near Krish Road, Ballari. Suspect vehicle noticed with plate KA-44-KB-3368."
2363,104430024202602363,202602363,2024-12-24,1004,24,1,2,1,3,1,1,2024-12-24 02:08:00,2024-12-24 02:08:00,2024-12-24 02:08:00,13.3017,77.5695,"Reported incident of chain snatching at Near Oommen, Bengaluru Rural. Suspect vehicle noticed with plate KA-13-B-1865."
2364,101020024202602364,202602364,2025-03-30,1001,24,1,2,1,1,1,3,2025-03-30 21:10:00,2025-03-30 21:10:00,2025-03-30 21:10:00,13.0463,76.0072,"Reported incident of drug offence at Near Om Road, Hassan."
2365,101020024202602365,202602365,2024-11-16,1004,24,1,2,1,1,2,3,2024-11-16 12:03:00,2024-11-16 12:03:00,2024-11-16 12:03:00,15.0533,76.9116,"Reported incident of fraud at Near Sahota Nagar, Ballari."
2366,101020024202602366,202602366,2024-01-13,1001,24,1,1,1,2,1,3,2024-01-13 08:18:00,2024-01-13 08:18:00,2024-01-13 08:18:00,13.3002,74.7114,"Reported incident of robbery at Near Varughese Zila, Udupi. Suspect vehicle noticed with plate KA-07-P-7840."
2367,101020024202602367,202602367,2024-02-17,1002,24,1,2,1,1,1,3,2024-02-17 15:28:00,2024-02-17 15:28:00,2024-02-17 15:28:00,16.2448,77.325,"Reported incident of drug offence at Near Venkataraman Road, Raichur."
2368,101020024202602368,202602368,2024-05-17,1002,24,1,2,1,1,1,3,2024-05-17 11:29:00,2024-05-17 11:29:00,2024-05-17 11:29:00,14.4791,75.9498,"Reported incident of property crime at Near Gandhi Marg, Davangere."
2369,101020024202602369,202602369,2025-01-07,1004,24,1,2,1,1,1,3,2025-01-07 14:46:00,2025-01-07 14:46:00,2025-01-07 14:46:00,16.8225,75.635,"Reported incident of fraud at Near Chowdhury Chowk, Vijayapura."
2370,104430024202602370,202602370,2024-04-29,1003,24,1,2,1,1,1,1,2024-04-29 00:32:00,2024-04-29 00:32:00,2024-04-29 00:32:00,12.8731,77.5817,"Reported incident of fraud at Near Aurora Ganj, Bengaluru Urban."
2371,104430024202602371,202602371,2024-08-04,1002,24,1,2,1,1,1,1,2024-08-04 08:50:00,2024-08-04 08:50:00,2024-08-04 08:50:00,12.9976,77.5752,"Reported incident of hit and run at Near Singh Street, Bengaluru Urban."
2372,101020024202602372,202602372,2025-01-01,1004,24,1,2,1,1,1,3,2025-01-01 07:12:00,2025-01-01 07:12:00,2025-01-01 07:12:00,13.119,78.1528,"Reported incident of fraud at Near Sama Chowk, Kolar."
2373,101020024202602373,202602373,2025-03-20,1004,24,1,1,2,4,2,3,2025-03-20 11:18:00,2025-03-20 11:18:00,2025-03-20 11:18:00,13.9491,75.6317,"Reported incident of assault at Near Mallick Zila, Shivamogga."
2374,101020024202602374,202602374,2025-04-13,1002,24,1,1,2,4,1,3,2025-04-13 14:32:00,2025-04-13 14:32:00,2025-04-13 14:32:00,15.1838,76.8428,"Reported incident of assault at Near Khare Street, Ballari."
2375,104430024202602375,202602375,2024-10-15,1004,24,1,2,1,1,1,1,2024-10-15 06:29:00,2024-10-15 06:29:00,2024-10-15 06:29:00,13.0315,77.5517,"Reported incident of vehicle theft at Near Chokshi Path, Bengaluru Urban. Suspect vehicle noticed with plate KA-20-KA-4913."
2376,104430024202602376,202602376,2024-11-23,1001,24,1,2,1,1,1,1,2024-11-23 16:10:00,2024-11-23 16:10:00,2024-11-23 16:10:00,13.2771,77.5713,"Reported incident of cybercrime at Near Ganesh Chowk, Bengaluru Rural."
2377,101020024202602377,202602377,2024-07-09,1002,24,1,2,1,1,1,3,2024-07-09 22:48:00,2024-07-09 22:48:00,2024-07-09 22:48:00,16.7688,75.7846,"Reported incident of fraud at Near Karnik Zila, Vijayapura."
2378,101020024202602378,202602378,2024-11-30,1001,24,1,2,1,1,1,3,2024-11-30 08:35:00,2024-11-30 08:35:00,2024-11-30 08:35:00,16.8232,75.6994,"Reported incident of fraud at Near Mahajan Street, Vijayapura."
2379,104430024202602379,202602379,2024-06-14,1002,24,1,2,1,1,1,1,2024-06-14 13:05:00,2024-06-14 13:05:00,2024-06-14 13:05:00,13.0134,77.5886,"Reported incident of cybercrime at Near Sami Path, Bengaluru Urban."
2380,101020024202602380,202602380,2024-11-22,1003,24,1,2,1,1,1,3,2024-11-22 11:17:00,2024-11-22 11:17:00,2024-11-22 11:17:00,17.2251,76.925,"Reported incident of vehicle theft at Near Kala Zila, Kalaburagi. Suspect vehicle noticed with plate KA-43-B-5545."
2381,104430024202602381,202602381,2024-10-24,1003,24,1,2,1,1,1,1,2024-10-24 12:47:00,2024-10-24 12:47:00,2024-10-24 12:47:00,12.9826,77.5582,"Reported incident of domestic violence at Near Nadig Path, Bengaluru Urban."
2382,101020024202602382,202602382,2024-04-15,1003,24,1,2,1,3,1,3,2024-04-15 08:39:00,2024-04-15 08:39:00,2024-04-15 08:39:00,15.3224,76.0714,"Reported incident of chain snatching at Near Mani Ganj, Koppal. Suspect vehicle noticed with plate KA-20-N-6827."
2383,101020024202602383,202602383,2025-05-22,1003,24,1,2,1,1,1,3,2025-05-22 06:12:00,2025-05-22 06:12:00,2025-05-22 06:12:00,12.3357,76.5488,"Reported incident of drug offence at Near Rege Ganj, Mysuru."
2384,101020024202602384,202602384,2025-01-23,1004,24,1,2,1,1,2,3,2025-01-23 18:12:00,2025-01-23 18:12:00,2025-01-23 18:12:00,15.3526,75.0801,"Reported incident of vehicle theft at Near Bhatti Street, Hubballi-Dharwad. Suspect vehicle noticed with plate KA-36-KA-5734."
2385,104430024202602385,202602385,2025-01-09,1003,24,1,2,1,1,1,1,2025-01-09 04:03:00,2025-01-09 04:03:00,2025-01-09 04:03:00,13.0176,77.5639,"Reported incident of fraud at Near Deshpande Road, Bengaluru Urban."
2386,101020024202602386,202602386,2024-07-13,1002,24,1,2,1,1,2,3,2024-07-13 06:55:00,2024-07-13 06:55:00,2024-07-13 06:55:00,15.1968,76.8254,"Reported incident of eve teasing at Near Kala, Ballari."
2387,101020024202602387,202602387,2025-03-26,1004,24,1,2,1,1,1,3,2025-03-26 13:38:00,2025-03-26 13:38:00,2025-03-26 13:38:00,13.3893,74.6613,"Reported incident of cybercrime at Near Vasa Ganj, Udupi."
2388,101020024202602388,202602388,2025-02-20,1002,24,1,1,1,2,2,3,2025-02-20 22:27:00,2025-02-20 22:27:00,2025-02-20 22:27:00,13.3556,75.7557,"Reported incident of robbery at Near Viswanathan Street, Chikkamagaluru. Suspect vehicle noticed with plate KA-23-KA-2562."
2389,104430024202602389,202602389,2025-01-17,1002,24,1,1,2,4,1,1,2025-01-17 02:13:00,2025-01-17 02:13:00,2025-01-17 02:13:00,13.0236,77.5641,"Reported incident of assault at Near Verma Circle, Bengaluru Urban."
2390,104430024202602390,202602390,2024-09-30,1003,24,1,2,1,1,1,1,2024-09-30 23:57:00,2024-09-30 23:57:00,2024-09-30 23:57:00,12.9985,77.589,"Reported incident of vehicle theft at Near Subramanian Chowk, Bengaluru Urban. Suspect vehicle noticed with plate KA-31-A-4035."
2391,101020024202602391,202602391,2024-09-20,1004,24,1,1,2,4,1,3,2024-09-20 02:51:00,2024-09-20 02:51:00,2024-09-20 02:51:00,17.9435,77.4241,"Reported incident of assault at Near Prasad Street, Bidar."
2392,101020024202602392,202602392,2025-02-13,1003,24,1,2,1,3,1,3,2025-02-13 03:19:00,2025-02-13 03:19:00,2025-02-13 03:19:00,13.8881,75.5453,"Reported incident of chain snatching at Near Sengupta Ganj, Shivamogga. Suspect vehicle noticed with plate KA-11-N-8623."
2393,104430024202602393,202602393,2024-10-27,1001,24,1,2,1,1,2,1,2024-10-27 04:02:00,2024-10-27 04:02:00,2024-10-27 04:02:00,12.9893,77.6405,"Reported incident of vehicle theft at Near Kibe Zila, Bengaluru Urban. Suspect vehicle noticed with plate KA-04-KA-3230."
2394,104430024202602394,202602394,2025-04-21,1001,24,1,2,1,1,1,1,2025-04-21 20:36:00,2025-04-21 20:36:00,2025-04-21 20:36:00,13.0104,77.6128,"Reported incident of burglary at Near Gandhi Circle, Bengaluru Urban."
2395,101020024202602395,202602395,2024-11-03,1003,24,1,2,1,3,1,3,2024-11-03 06:16:00,2024-11-03 06:16:00,2024-11-03 06:16:00,12.8524,74.8727,"Reported incident of chain snatching at Near Kara Road, Mangaluru (Dakshina Kannada). Suspect vehicle noticed with plate KA-12-P-4675."
2396,101020024202602396,202602396,2025-02-13,1003,24,1,2,1,1,1,3,2025-02-13 05:45:00,2025-02-13 05:45:00,2025-02-13 05:45:00,13.0926,78.1029,"Reported incident of cybercrime at Near Sekhon Ganj, Kolar."
2397,104430024202602397,202602397,2025-03-11,1002,24,1,2,1,1,2,1,2025-03-11 16:05:00,2025-03-11 16:05:00,2025-03-11 16:05:00,13.0174,77.5615,"Reported incident of drug offence at Near Chander Street, Bengaluru Urban."
2398,101020024202602398,202602398,2025-03-23,1001,24,1,2,1,1,1,3,2025-03-23 07:47:00,2025-03-23 07:47:00,2025-03-23 07:47:00,16.2193,77.3546,"Reported incident of murder at Near Chaudhary Chowk, Raichur."
2399,101020024202602399,202602399,2024-08-03,1002,24,1,2,1,1,1,3,2024-08-03 15:49:00,2024-08-03 15:49:00,2024-08-03 15:49:00,17.3708,76.7556,"Reported incident of hit and run at Near Jayaraman Circle, Kalaburagi."
2400,104430024202602400,202602400,2024-03-26,1004,24,1,1,1,2,1,1,2024-03-26 19:16:00,2024-03-26 19:16:00,2024-03-26 19:16:00,13.0141,77.531,"Reported incident of robbery at Near Chaudry Street, Bengaluru Urban. Suspect vehicle noticed with plate KA-07-A-9573."
2401,104430024202602401,202602401,2025-02-22,1004,24,1,2,1,1,1,1,2025-02-22 06:47:00,2025-02-22 06:47:00,2025-02-22 06:47:00,12.8803,77.5704,"Reported incident of vehicle theft at Near Tak Chowk, Bengaluru Urban. Suspect vehicle noticed with plate KA-28-N-6440."
2402,104430024202602402,202602402,2024-02-18,1004,24,1,2,1,1,2,1,2024-02-18 06:36:00,2024-02-18 06:36:00,2024-02-18 06:36:00,13.0272,77.5551,"Reported incident of cybercrime at Near Ramesh Road, Bengaluru Urban."
2403,101020024202602403,202602403,2024-03-01,1004,24,1,1,2,4,1,3,2024-03-01 07:22:00,2024-03-01 07:22:00,2024-03-01 07:22:00,15.0803,76.9023,"Reported incident of assault at Near Bandi Street, Ballari."
2404,101020024202602404,202602404,2024-09-20,1004,24,1,2,1,1,1,3,2024-09-20 01:17:00,2024-09-20 01:17:00,2024-09-20 01:17:00,16.1729,77.423,"Reported incident of cybercrime at Near Pathak Street, Raichur."
2405,104430024202602405,202602405,2024-03-13,1004,24,1,2,1,1,1,1,2024-03-13 22:24:00,2024-03-13 22:24:00,2024-03-13 22:24:00,12.9746,77.591,"Reported incident of vehicle theft at Near More Chowk, Bengaluru Urban. Suspect vehicle noticed with plate KA-09-A-8221."
2406,101020024202602406,202602406,2025-03-07,1004,24,1,1,2,4,1,3,2025-03-07 02:40:00,2025-03-07 02:40:00,2025-03-07 02:40:00,15.8858,74.4302,"Reported incident of assault at Near Banik Ganj, Belagavi."
2407,104430024202602407,202602407,2025-05-15,1004,24,1,2,1,1,1,1,2025-05-15 16:18:00,2025-05-15 16:18:00,2025-05-15 16:18:00,12.9894,77.6129,"Reported incident of murder at Near Sengupta Road, Bengaluru Urban."
2408,101020024202602408,202602408,2024-01-21,1002,24,1,2,1,1,1,3,2024-01-21 17:34:00,2024-01-21 17:34:00,2024-01-21 17:34:00,16.2208,77.3228,"Reported incident of fraud at Near Mannan Circle, Raichur."
2409,104430024202602409,202602409,2024-02-11,1002,24,1,2,1,1,1,1,2024-02-11 11:39:00,2024-02-11 11:39:00,2024-02-11 11:39:00,13.0204,77.5717,"Reported incident of fraud at Near Dhar Ganj, Bengaluru Urban."
2410,101020024202602410,202602410,2024-11-08,1001,24,1,2,1,3,1,3,2024-11-08 06:30:00,2024-11-08 06:30:00,2024-11-08 06:30:00,16.8231,75.6582,"Reported incident of chain snatching at Near Kala Ganj, Vijayapura. Suspect vehicle noticed with plate KA-30-KB-3762."
2411,104430024202602411,202602411,2024-09-26,1003,24,1,2,1,1,1,1,2024-09-26 21:51:00,2024-09-26 21:51:00,2024-09-26 21:51:00,12.8918,77.5432,"Reported incident of fraud at Near Hans Road, Bengaluru Urban."
2412,101020024202602412,202602412,2024-10-16,1004,24,1,2,1,3,1,3,2024-10-16 02:32:00,2024-10-16 02:32:00,2024-10-16 02:32:00,13.3661,77.0393,"Reported incident of chain snatching at Near Vohra Street, Tumakuru. Suspect vehicle noticed with plate KA-38-M-3600."
2413,104430024202602413,202602413,2025-01-26,1004,24,1,2,1,1,1,1,2025-01-26 06:10:00,2025-01-26 06:10:00,2025-01-26 06:10:00,13.1756,77.6114,"Reported incident of cybercrime at Near Swaminathan Nagar, Bengaluru Rural."
2414,101020024202602414,202602414,2024-10-20,1003,24,1,2,1,1,1,3,2024-10-20 18:51:00,2024-10-20 18:51:00,2024-10-20 18:51:00,13.201,78.173,"Reported incident of vehicle theft at Near Datta Marg, Kolar. Suspect vehicle noticed with plate KA-12-N-5059."
2415,104430024202602415,202602415,2024-12-09,1003,24,1,1,2,4,1,1,2024-12-09 13:38:00,2024-12-09 13:38:00,2024-12-09 13:38:00,12.877,77.5495,"Reported incident of assault at Near Maharaj Street, Bengaluru Urban."
2416,101020024202602416,202602416,2024-03-30,1001,24,1,2,1,1,3,3,2024-03-30 03:43:00,2024-03-30 03:43:00,2024-03-30 03:43:00,13.3275,74.6779,"Reported incident of fraud at Near Barman Path, Udupi."
2417,101020024202602417,202602417,2024-11-18,1003,24,1,2,1,1,1,3,2024-11-18 16:27:00,2024-11-18 16:27:00,2024-11-18 16:27:00,13.2741,77.1078,"Reported incident of vehicle theft at Near Lalla Ganj, Tumakuru. Suspect vehicle noticed with plate KA-39-B-8969."
2418,101020024202602418,202602418,2024-11-20,1004,24,1,1,1,2,1,3,2024-11-20 04:05:00,2024-11-20 04:05:00,2024-11-20 04:05:00,13.067,78.1283,"Reported incident of robbery at Near Parmar Road, Kolar. Suspect vehicle noticed with plate KA-24-A-3379."
2419,101020024202602419,202602419,2024-09-23,1002,24,1,2,1,1,2,3,2024-09-23 04:13:00,2024-09-23 04:13:00,2024-09-23 04:13:00,16.766,75.7406,"Reported incident of hit and run at Near Dubey Circle, Vijayapura."
2420,104430024202602420,202602420,2025-04-20,1004,24,1,1,2,4,1,1,2025-04-20 08:17:00,2025-04-20 08:17:00,2025-04-20 08:17:00,12.9137,77.5477,"Reported incident of assault at Near Sandhu Zila, Bengaluru Urban."
2421,104430024202602421,202602421,2024-07-15,1003,24,1,2,1,1,1,1,2024-07-15 13:20:00,2024-07-15 13:20:00,2024-07-15 13:20:00,12.9922,77.5543,"Reported incident of domestic violence at Near Kulkarni Path, Bengaluru Urban."
2422,104430024202602422,202602422,2024-12-16,1001,24,1,2,1,1,1,1,2024-12-16 18:20:00,2024-12-16 18:20:00,2024-12-16 18:20:00,13.1649,77.6046,"Reported incident of fraud at Near Banik Path, Bengaluru Rural."
2423,101020024202602423,202602423,2025-01-08,1004,24,1,2,1,1,1,3,2025-01-08 00:48:00,2025-01-08 00:48:00,2025-01-08 00:48:00,13.0048,74.8747,"Reported incident of vehicle theft at Near Dugar Zila, Mangaluru (Dakshina Kannada). Suspect vehicle noticed with plate KA-09-KA-7171."
2424,104430024202602424,202602424,2024-07-15,1001,24,1,2,1,1,2,1,2024-07-15 09:17:00,2024-07-15 09:17:00,2024-07-15 09:17:00,13.2127,77.6284,"Reported incident of fraud at Near Kakar Ganj, Bengaluru Rural."
2425,101020024202602425,202602425,2025-05-30,1003,24,1,2,1,1,2,3,2025-05-30 09:24:00,2025-05-30 09:24:00,2025-05-30 09:24:00,17.8979,77.4994,"Reported incident of vehicle theft at Near Kalita Path, Bidar. Suspect vehicle noticed with plate KA-35-KA-8305."
2426,101020024202602426,202602426,2024-10-19,1004,24,1,2,1,1,1,3,2024-10-19 19:15:00,2024-10-19 19:15:00,2024-10-19 19:15:00,13.2137,78.1781,"Reported incident of vehicle theft at Near Mahal Marg, Kolar. Suspect vehicle noticed with plate KA-49-KB-4489."
2427,101020024202602427,202602427,2024-08-08,1001,24,1,1,2,4,1,3,2024-08-08 16:04:00,2024-08-08 16:04:00,2024-08-08 16:04:00,15.1723,76.8484,"Reported incident of assault at Near Balasubramanian Zila, Ballari."
2428,101020024202602428,202602428,2024-07-08,1002,24,1,1,2,4,3,3,2024-07-08 11:48:00,2024-07-08 11:48:00,2024-07-08 11:48:00,12.5566,76.8836,"Reported incident of assault at Near Bedi Circle, Mandya."
2429,104430024202602429,202602429,2025-04-22,1004,24,1,2,1,1,1,1,2025-04-22 23:17:00,2025-04-22 23:17:00,2025-04-22 23:17:00,12.9933,77.5473,"Reported incident of property crime at Near Majumdar Marg, Bengaluru Urban."
2430,104430024202602430,202602430,2024-10-04,1003,24,1,2,1,1,1,1,2024-10-04 05:08:00,2024-10-04 05:08:00,2024-10-04 05:08:00,13.0123,77.5746,"Reported incident of vehicle theft at Near Dara Street, Bengaluru Urban. Suspect vehicle noticed with plate KA-23-N-5523."
2431,104430024202602431,202602431,2024-07-29,1004,24,1,2,1,1,2,1,2024-07-29 12:35:00,2024-07-29 12:35:00,2024-07-29 12:35:00,13.0088,77.5337,"Reported incident of hit and run at Near Lanka Chowk, Bengaluru Urban."
2432,101020024202602432,202602432,2024-03-21,1003,24,1,2,1,1,1,3,2024-03-21 12:44:00,2024-03-21 12:44:00,2024-03-21 12:44:00,12.9046,76.039,"Reported incident of drug offence at Near Bakshi Path, Hassan."
2433,104430024202602433,202602433,2025-01-02,1004,24,1,1,1,2,2,1,2025-01-02 01:13:00,2025-01-02 01:13:00,2025-01-02 01:13:00,13.0136,77.5257,"Reported incident of robbery at Near Dugar Chowk, Bengaluru Urban. Suspect vehicle noticed with plate KA-43-M-2934."
2434,101020024202602434,202602434,2025-04-22,1002,24,1,2,1,1,1,3,2025-04-22 18:02:00,2025-04-22 18:02:00,2025-04-22 18:02:00,15.2014,76.8718,"Reported incident of senior citizen crime at Near Bhatia Marg, Ballari."
2435,104430024202602435,202602435,2024-10-26,1003,24,1,2,1,1,2,1,2024-10-26 13:13:00,2024-10-26 13:13:00,2024-10-26 13:13:00,12.8899,77.5875,"Reported incident of vehicle theft at Near Saran Ganj, Bengaluru Urban. Suspect vehicle noticed with plate KA-28-B-1434."
2436,101020024202602436,202602436,2024-01-17,1004,24,1,2,1,1,1,3,2024-01-17 03:11:00,2024-01-17 03:11:00,2024-01-17 03:11:00,12.2814,76.6119,"Reported incident of fraud at Near Ghose Chowk, Mysuru."
2437,104430024202602437,202602437,2024-08-30,1004,24,1,2,1,1,2,1,2024-08-30 01:34:00,2024-08-30 01:34:00,2024-08-30 01:34:00,12.8691,77.5858,"Reported incident of hit and run at Near Dada Path, Bengaluru Urban."
2438,101020024202602438,202602438,2025-02-02,1003,24,1,2,1,1,1,3,2025-02-02 05:59:00,2025-02-02 05:59:00,2025-02-02 05:59:00,13.9667,75.5124,"Reported incident of kidnapping at Near Sood Marg, Shivamogga."
2439,101020024202602439,202602439,2024-11-02,1003,24,1,2,1,1,1,3,2024-11-02 11:28:00,2024-11-02 11:28:00,2024-11-02 11:28:00,16.2129,77.3779,"Reported incident of fraud at Near Mishra Street, Raichur."
2440,101020024202602440,202602440,2025-02-01,1004,24,1,2,1,1,1,3,2025-02-01 18:31:00,2025-02-01 18:31:00,2025-02-01 18:31:00,14.5066,75.9024,"Reported incident of murder at Near Wali Ganj, Davangere."
2441,101020024202602441,202602441,2024-02-06,1001,24,1,1,2,4,1,3,2024-02-06 15:38:00,2024-02-06 15:38:00,2024-02-06 15:38:00,13.3535,77.1378,"Reported incident of assault at Near Kapoor Ganj, Tumakuru."
2442,104430024202602442,202602442,2025-03-06,1002,24,1,2,1,1,1,1,2025-03-06 03:09:00,2025-03-06 03:09:00,2025-03-06 03:09:00,12.9204,77.5705,"Reported incident of murder at Near Rajagopalan, Bengaluru Urban."
2443,104430024202602443,202602443,2025-05-17,1004,24,1,2,1,1,1,1,2025-05-17 20:30:00,2025-05-17 20:30:00,2025-05-17 20:30:00,13.0292,77.5866,"Reported incident of vehicle theft at Near Kumer Ganj, Bengaluru Urban. Suspect vehicle noticed with plate KA-12-M-3356."
2444,104430024202602444,202602444,2024-06-06,1003,24,1,2,1,1,1,1,2024-06-06 17:15:00,2024-06-06 17:15:00,2024-06-06 17:15:00,12.9964,77.5437,"Reported incident of senior citizen crime at Near Palla Circle, Bengaluru Urban."
2445,104430024202602445,202602445,2024-10-15,1001,24,1,2,1,1,1,1,2024-10-15 15:36:00,2024-10-15 15:36:00,2024-10-15 15:36:00,12.9836,77.5734,"Reported incident of eve teasing at Near Lal, Bengaluru Urban."
2446,101020024202602446,202602446,2024-11-07,1002,24,1,2,1,1,1,3,2024-11-07 06:18:00,2024-11-07 06:18:00,2024-11-07 06:18:00,13.9381,75.5264,"Reported incident of fraud at Near Rau Zila, Shivamogga."
2447,101020024202602447,202602447,2024-04-29,1004,24,1,1,1,2,1,3,2024-04-29 13:55:00,2024-04-29 13:55:00,2024-04-29 13:55:00,12.3308,76.5874,"Reported incident of robbery at Near Mutti Zila, Mysuru. Suspect vehicle noticed with plate KA-48-N-5601."
2448,104430024202602448,202602448,2024-02-11,1001,24,1,2,1,1,1,1,2024-02-11 08:11:00,2024-02-11 08:11:00,2024-02-11 08:11:00,13.017,77.5604,"Reported incident of murder at Near Gokhale Marg, Bengaluru Urban."
2449,104430024202602449,202602449,2024-11-05,1003,24,1,2,1,3,1,1,2024-11-05 01:33:00,2024-11-05 01:33:00,2024-11-05 01:33:00,13.0035,77.5643,"Reported incident of chain snatching at Near Manda Zila, Bengaluru Urban. Suspect vehicle noticed with plate KA-20-P-8072."
2450,101020024202602450,202602450,2024-03-10,1004,24,1,2,1,1,1,3,2024-03-10 17:22:00,2024-03-10 17:22:00,2024-03-10 17:22:00,12.9943,76.1938,"Reported incident of drug offence at Near Parmer Nagar, Hassan."
2451,101020024202602451,202602451,2024-03-24,1001,24,1,2,1,1,1,3,2024-03-24 05:48:00,2024-03-24 05:48:00,2024-03-24 05:48:00,14.5087,75.9639,"Reported incident of fraud at Near Chakrabarti Marg, Davangere."
2452,104430024202602452,202602452,2025-04-18,1002,24,1,2,1,1,1,1,2025-04-18 18:18:00,2025-04-18 18:18:00,2025-04-18 18:18:00,13.0062,77.6054,"Reported incident of eve teasing at Near Shukla Nagar, Bengaluru Urban."
2453,101020024202602453,202602453,2024-03-02,1003,24,1,2,1,1,1,3,2024-03-02 12:28:00,2024-03-02 12:28:00,2024-03-02 12:28:00,17.912,77.5079,"Reported incident of domestic violence at Near Mallick, Bidar."
2454,101020024202602454,202602454,2025-03-07,1001,24,1,2,1,1,2,3,2025-03-07 10:13:00,2025-03-07 10:13:00,2025-03-07 10:13:00,13.3329,74.7827,"Reported incident of fraud at Near Bal Zila, Udupi."
2455,101020024202602455,202602455,2024-12-23,1003,24,1,2,1,1,1,3,2024-12-23 10:38:00,2024-12-23 10:38:00,2024-12-23 10:38:00,15.307,75.2261,"Reported incident of vehicle theft at Near Sankaran Chowk, Hubballi-Dharwad. Suspect vehicle noticed with plate KA-10-P-4932."
2456,101020024202602456,202602456,2025-02-21,1001,24,1,1,2,4,1,3,2025-02-21 08:58:00,2025-02-21 08:58:00,2025-02-21 08:58:00,14.0002,75.5177,"Reported incident of assault at Near Deol Chowk, Shivamogga."
2457,101020024202602457,202602457,2024-06-03,1004,24,1,2,1,3,1,3,2024-06-03 02:32:00,2024-06-03 02:32:00,2024-06-03 02:32:00,16.8198,75.6757,"Reported incident of chain snatching at Near Patil Marg, Vijayapura. Suspect vehicle noticed with plate KA-35-KB-3724."
2458,101020024202602458,202602458,2025-01-24,1003,24,1,1,2,4,1,3,2025-01-24 11:42:00,2025-01-24 11:42:00,2025-01-24 11:42:00,12.9806,76.1626,"Reported incident of assault at Near Anand Road, Hassan."
2459,101020024202602459,202602459,2024-10-17,1002,24,1,2,1,3,1,3,2024-10-17 22:24:00,2024-10-17 22:24:00,2024-10-17 22:24:00,15.1009,76.8963,"Reported incident of chain snatching at Near Pau Road, Ballari. Suspect vehicle noticed with plate KA-46-N-3587."
2460,101020024202602460,202602460,2024-09-08,1001,24,1,1,1,2,1,3,2024-09-08 05:00:00,2024-09-08 05:00:00,2024-09-08 05:00:00,12.8649,74.8371,"Reported incident of robbery at Near Arya Nagar, Mangaluru (Dakshina Kannada). Suspect vehicle noticed with plate KA-28-P-7986."
2461,101020024202602461,202602461,2024-11-08,1004,24,1,2,1,3,1,3,2024-11-08 18:56:00,2024-11-08 18:56:00,2024-11-08 18:56:00,16.82,75.611,"Reported incident of chain snatching at Near Chahal Ganj, Vijayapura. Suspect vehicle noticed with plate KA-42-KB-6176."
2462,104430024202602462,202602462,2024-12-04,1003,24,1,2,1,3,1,1,2024-12-04 09:40:00,2024-12-04 09:40:00,2024-12-04 09:40:00,12.8669,77.581,"Reported incident of chain snatching at Near Korpal Marg, Bengaluru Urban. Suspect vehicle noticed with plate KA-12-N-2875."
2463,101020024202602463,202602463,2024-09-20,1002,24,1,2,1,1,1,3,2024-09-20 03:57:00,2024-09-20 03:57:00,2024-09-20 03:57:00,17.365,76.7811,"Reported incident of cybercrime at Near Kashyap Ganj, Kalaburagi."
2464,101020024202602464,202602464,2024-05-17,1004,24,1,2,1,1,2,3,2024-05-17 02:01:00,2024-05-17 02:01:00,2024-05-17 02:01:00,15.3194,76.0615,"Reported incident of drug offence at Near Krishna Circle, Koppal."
2465,101020024202602465,202602465,2024-06-15,1002,24,1,2,1,1,1,3,2024-06-15 16:09:00,2024-06-15 16:09:00,2024-06-15 16:09:00,14.5511,75.9067,"Reported incident of drug offence at Near Sharma Marg, Davangere."
2466,104430024202602466,202602466,2024-04-03,1002,24,1,2,1,1,1,1,2024-04-03 12:04:00,2024-04-03 12:04:00,2024-04-03 12:04:00,12.98,77.5947,"Reported incident of domestic violence at Near Baral Chowk, Bengaluru Urban."
2467,101020024202602467,202602467,2025-04-28,1002,24,1,2,1,1,1,3,2025-04-28 10:22:00,2025-04-28 10:22:00,2025-04-28 10:22:00,13.2791,77.1006,"Reported incident of fraud at Near Jain Street, Tumakuru."
2468,101020024202602468,202602468,2024-02-10,1004,24,1,2,1,1,1,3,2024-02-10 17:34:00,2024-02-10 17:34:00,2024-02-10 17:34:00,13.2899,77.1607,"Reported incident of fraud at Near Subramaniam Nagar, Tumakuru."
2469,101020024202602469,202602469,2024-10-02,1002,24,1,2,1,1,1,3,2024-10-02 13:25:00,2024-10-02 13:25:00,2024-10-02 13:25:00,16.1841,77.3531,"Reported incident of vehicle theft at Near Dora Chowk, Raichur. Suspect vehicle noticed with plate KA-09-B-7053."
2470,101020024202602470,202602470,2024-04-27,1001,24,1,1,2,4,3,3,2024-04-27 16:30:00,2024-04-27 16:30:00,2024-04-27 16:30:00,12.4826,76.9766,"Reported incident of assault at Near Mander Street, Mandya."
2471,101020024202602471,202602471,2024-07-06,1002,24,1,1,2,4,1,3,2024-07-06 02:34:00,2024-07-06 02:34:00,2024-07-06 02:34:00,15.8707,74.4483,"Reported incident of assault at Near Mukhopadhyay Zila, Belagavi."
2472,104430024202602472,202602472,2024-01-24,1002,24,1,1,1,2,1,1,2024-01-24 07:16:00,2024-01-24 07:16:00,2024-01-24 07:16:00,12.8729,77.5853,"Reported incident of robbery at Near Agate Nagar, Bengaluru Urban. Suspect vehicle noticed with plate KA-19-A-2719."
2473,104430024202602473,202602473,2024-03-21,1002,24,1,2,1,1,1,1,2024-03-21 14:50:00,2024-03-21 14:50:00,2024-03-21 14:50:00,13.0274,77.5594,"Reported incident of fraud at Near Shere, Bengaluru Urban."
2474,104430024202602474,202602474,2024-11-10,1001,24,1,2,1,1,1,1,2024-11-10 20:28:00,2024-11-10 20:28:00,2024-11-10 20:28:00,12.9863,77.5285,"Reported incident of burglary at Near Chandran Zila, Bengaluru Urban."
2475,101020024202602475,202602475,2024-10-17,1002,24,1,2,1,1,1,3,2024-10-17 14:15:00,2024-10-17 14:15:00,2024-10-17 14:15:00,12.5066,76.9341,"Reported incident of cybercrime at Near Shukla Chowk, Mandya."
2476,101020024202602476,202602476,2024-07-28,1001,24,1,2,1,1,1,3,2024-07-28 08:34:00,2024-07-28 08:34:00,2024-07-28 08:34:00,12.3557,76.5788,"Reported incident of vehicle theft at Near Ahuja Nagar, Mysuru. Suspect vehicle noticed with plate KA-24-P-3857."
2477,104430024202602477,202602477,2024-03-02,1004,24,1,2,1,1,1,1,2024-03-02 03:50:00,2024-03-02 03:50:00,2024-03-02 03:50:00,13.0072,77.6579,"Reported incident of drug offence at Near Mitra Circle, Bengaluru Urban."
2478,104430024202602478,202602478,2024-01-14,1002,24,1,2,1,1,1,1,2024-01-14 21:04:00,2024-01-14 21:04:00,2024-01-14 21:04:00,12.9974,77.6225,"Reported incident of cybercrime at Near Pall Marg, Bengaluru Urban."
2479,104430024202602479,202602479,2024-01-17,1003,24,1,2,1,1,1,1,2024-01-17 08:24:00,2024-01-17 08:24:00,2024-01-17 08:24:00,13.0037,77.6594,"Reported incident of kidnapping at Near Taneja Path, Bengaluru Urban."
2480,104430024202602480,202602480,2024-11-02,1002,24,1,2,1,1,1,1,2024-11-02 13:43:00,2024-11-02 13:43:00,2024-11-02 13:43:00,13.0291,77.5286,"Reported incident of burglary at Near Oza Nagar, Bengaluru Urban."
2481,104430024202602481,202602481,2024-08-27,1002,24,1,2,1,1,2,1,2024-08-27 11:26:00,2024-08-27 11:26:00,2024-08-27 11:26:00,13.0357,77.5417,"Reported incident of fraud at Near Prakash, Bengaluru Urban."
2482,104430024202602482,202602482,2024-07-14,1003,24,1,2,1,1,1,1,2024-07-14 09:38:00,2024-07-14 09:38:00,2024-07-14 09:38:00,12.9979,77.5731,"Reported incident of domestic violence at Near Bava Path, Bengaluru Urban."
2483,101020024202602483,202602483,2024-04-08,1002,24,1,1,2,4,1,3,2024-04-08 08:54:00,2024-04-08 08:54:00,2024-04-08 08:54:00,13.0652,76.0268,"Reported incident of assault at Near Wable Zila, Hassan."
2484,101020024202602484,202602484,2025-02-10,1001,24,1,2,1,1,1,3,2025-02-10 11:21:00,2025-02-10 11:21:00,2025-02-10 11:21:00,13.9604,75.6565,"Reported incident of burglary at Near Sachar, Shivamogga."
2485,101020024202602485,202602485,2024-05-20,1002,24,1,2,1,1,1,3,2024-05-20 23:26:00,2024-05-20 23:26:00,2024-05-20 23:26:00,15.1166,76.9675,"Reported incident of murder at Near Setty Road, Ballari."
2486,104430024202602486,202602486,2024-08-19,1001,24,1,2,1,1,1,1,2024-08-19 23:21:00,2024-08-19 23:21:00,2024-08-19 23:21:00,13.0145,77.6219,"Reported incident of vehicle theft at Near Misra Ganj, Bengaluru Urban. Suspect vehicle noticed with plate KA-09-KA-4052."
2487,101020024202602487,202602487,2024-01-30,1001,24,1,2,1,1,1,3,2024-01-30 16:14:00,2024-01-30 16:14:00,2024-01-30 16:14:00,13.0769,78.1353,"Reported incident of fraud at Near Dasgupta Street, Kolar."
2488,101020024202602488,202602488,2024-11-22,1001,24,1,2,1,1,1,3,2024-11-22 01:22:00,2024-11-22 01:22:00,2024-11-22 01:22:00,15.316,75.2144,"Reported incident of vehicle theft at Near Mohanty Road, Hubballi-Dharwad. Suspect vehicle noticed with plate KA-12-A-9593."
2489,104430024202602489,202602489,2024-01-03,1003,24,1,1,2,4,1,1,2024-01-03 17:06:00,2024-01-03 17:06:00,2024-01-03 17:06:00,12.8856,77.5731,"Reported incident of assault at Near Thakkar Zila, Bengaluru Urban."
2490,101020024202602490,202602490,2024-10-25,1002,24,1,2,1,1,1,3,2024-10-25 00:20:00,2024-10-25 00:20:00,2024-10-25 00:20:00,13.3549,74.6626,"Reported incident of eve teasing at Near Bhatt Circle, Udupi."
2491,101020024202602491,202602491,2025-05-24,1001,24,1,2,1,1,1,3,2025-05-24 18:16:00,2025-05-24 18:16:00,2025-05-24 18:16:00,12.8275,74.8995,"Reported incident of vehicle theft at Near Mangat Street, Mangaluru (Dakshina Kannada). Suspect vehicle noticed with plate KA-45-KB-5879."
2492,101020024202602492,202602492,2025-05-24,1001,24,1,2,1,1,1,3,2025-05-24 21:53:00,2025-05-24 21:53:00,2025-05-24 21:53:00,13.2018,78.0726,"Reported incident of fraud at Near Magar Marg, Kolar."
2493,101020024202602493,202602493,2024-04-15,1001,24,1,2,1,1,1,3,2024-04-15 01:08:00,2024-04-15 01:08:00,2024-04-15 01:08:00,16.2423,77.3188,"Reported incident of hit and run at Near Sachar Chowk, Raichur."
2494,101020024202602494,202602494,2024-01-07,1003,24,1,1,2,4,1,3,2024-01-07 21:42:00,2024-01-07 21:42:00,2024-01-07 21:42:00,16.238,77.3349,"Reported incident of assault at Near Bhatt Street, Raichur."
2495,101020024202602495,202602495,2024-05-22,1002,24,1,1,1,2,2,3,2024-05-22 11:44:00,2024-05-22 11:44:00,2024-05-22 11:44:00,16.883,75.6829,"Reported incident of robbery at Near Pant Road, Vijayapura. Suspect vehicle noticed with plate KA-21-KB-3807."
2496,101020024202602496,202602496,2024-10-21,1003,24,1,2,1,1,1,3,2024-10-21 04:54:00,2024-10-21 04:54:00,2024-10-21 04:54:00,16.7528,75.7809,"Reported incident of vehicle theft at Near Loyal Circle, Vijayapura. Suspect vehicle noticed with plate KA-08-KA-3943."
2497,101020024202602497,202602497,2024-12-18,1003,24,1,2,1,1,1,3,2024-12-18 22:29:00,2024-12-18 22:29:00,2024-12-18 22:29:00,15.8475,74.4525,"Reported incident of vehicle theft at Near Oza Zila, Belagavi. Suspect vehicle noticed with plate KA-23-B-8959."
2498,101020024202602498,202602498,2024-05-23,1001,24,1,1,1,2,1,3,2024-05-23 05:31:00,2024-05-23 05:31:00,2024-05-23 05:31:00,13.3671,74.6839,"Reported incident of robbery at Near Salvi Zila, Udupi. Suspect vehicle noticed with plate KA-48-N-9363."
2499,104430024202602499,202602499,2025-01-29,1002,24,1,2,1,1,1,1,2025-01-29 11:41:00,2025-01-29 11:41:00,2025-01-29 11:41:00,13.0298,77.5647,"Reported incident of fraud at Near Mand Circle, Bengaluru Urban."
2500,104430024202602500,202602500,2024-07-23,1002,24,1,2,1,1,1,1,2024-07-23 23:46:00,2024-07-23 23:46:00,2024-07-23 23:46:00,12.9997,77.5571,"Reported incident of cybercrime at Near Randhawa Marg, Bengaluru Urban."
