ComplainantID,CaseMasterID,ComplainantName,AgeYear,OccupationID,ReligionID,CasteID,GenderID
1,1,Citizen Informant #1,38,8,1,1,1
2,2,Citizen Informant #2,28,9,1,1,1
3,3,Citizen Informant #3,53,9,1,1,2
4,4,Citizen Informant #4,36,5,1,1,1
5,5,Citizen Informant #5,42,8,1,1,1
6,6,Citizen Informant #6,41,9,1,1,2
7,7,Citizen Informant #7,55,1,1,1,1
8,8,Citizen Informant #8,41,7,1,1,1
9,9,Citizen Informant #9,46,8,1,1,2
10,10,Citizen Informant #10,34,6,1,1,1
11,11,Citizen Informant #11,41,1,1,1,1
12,12,Citizen Informant #12,48,9,1,1,1
13,13,Citizen Informant #13,44,3,1,1,2
14,14,Citizen Informant #14,36,6,1,1,2
15,15,Citizen Informant #15,52,1,1,1,1
16,16,Citizen Informant #16,29,5,1,1,1
17,17,Citizen Informant #17,31,2,1,1,2
18,18,Citizen Informant #18,44,7,1,1,1
19,19,Citizen Informant #19,41,6,1,1,2
20,20,Citizen Informant #20,31,2,1,1,1
21,21,Citizen Informant #21,49,5,1,1,2
22,22,Citizen Informant #22,33,7,1,1,1
23,23,Citizen Informant #23,25,7,1,1,1
24,24,Citizen Informant #24,33,9,1,1,1
25,25,Citizen Informant #25,37,7,1,1,2
26,26,Citizen Informant #26,30,1,1,1,2
27,27,Citizen Informant #27,54,6,1,1,1
28,28,Citizen Informant #28,27,2,1,1,1
29,29,Citizen Informant #29,25,4,1,1,2
30,30,Citizen Informant #30,42,5,1,1,2
31,31,Citizen Informant #31,45,2,1,1,1
32,32,Citizen Informant #32,50,9,1,1,2
33,33,Citizen Informant #33,45,4,1,1,1
34,34,Citizen Informant #34,57,9,1,1,2
35,35,Citizen Informant #35,54,4,1,1,2
36,36,Citizen Informant #36,43,8,1,1,2
37,37,Citizen Informant #37,32,3,1,1,2
38,38,Citizen Informant #38,55,7,1,1,1
39,39,Citizen Informant #39,36,2,1,1,1
40,40,Citizen Informant #40,36,10,1,1,1
41,41,Citizen Informant #41,26,3,1,1,2
42,42,Citizen Informant #42,56,6,1,1,1
43,43,Citizen Informant #43,28,3,1,1,1
44,44,Citizen Informant #44,38,7,1,1,2
45,45,Citizen Informant #45,31,6,1,1,2
46,46,Citizen Informant #46,49,10,1,1,2
47,47,Citizen Informant #47,52,8,1,1,1
48,48,Citizen Informant #48,48,8,1,1,1
49,49,Citizen Informant #49,44,8,1,1,1
50,50,Citizen Informant #50,43,5,1,1,2
51,51,Citizen Informant #51,40,6,1,1,1
52,52,Citizen Informant #52,58,3,1,1,1
53,53,Citizen Informant #53,27,2,1,1,1
54,54,Citizen Informant #54,45,7,1,1,2
55,55,Citizen Informant #55,53,7,1,1,2
56,56,Citizen Informant #56,39,10,1,1,1
57,57,Citizen Informant #57,55,8,1,1,2
58,58,Citizen Informant #58,58,9,1,1,2
59,59,Citizen Informant #59,59,10,1,1,2
60,60,Citizen Informant #60,58,5,1,1,1
61,61,Citizen Informant #61,43,5,1,1,1
62,62,Citizen Informant #62,36,5,1,1,2
63,63,Citizen Informant #63,39,7,1,1,1
64,64,Citizen Informant #64,58,2,1,1,1
65,65,Citizen Informant #65,44,4,1,1,2
66,66,Citizen Informant #66,33,6,1,1,1
67,67,Citizen Informant #67,47,8,1,1,2
68,68,Citizen Informant #68,29,9,1,1,1
69,69,Citizen Informant #69,30,6,1,1,1
70,70,Citizen Informant #70,51,1,1,1,1
71,71,Citizen Informant #71,44,5,1,1,1
72,72,Citizen Informant #72,26,8,1,1,2
73,73,Citizen Informant #73,46,6,1,1,2
74,74,Citizen Informant #74,33,7,1,1,2
75,75,Citizen Informant #75,48,1,1,1,2
76,76,Citizen Informant #76,49,8,1,1,2
77,77,Citizen Informant #77,48,5,1,1,1
78,78,Citizen Informant #78,26,7,1,1,1
79,79,Citizen Informant #79,50,6,1,1,2
80,80,Citizen Informant #80,56,2,1,1,2
81,81,Citizen Informant #81,36,2,1,1,2
82,82,Citizen Informant #82,55,4,1,1,1
83,83,Citizen Informant #83,55,4,1,1,2
84,84,Citizen Informant #84,25,5,1,1,1
85,85,Citizen Informant #85,43,8,1,1,2
86,86,Citizen Informant #86,38,9,1,1,1
87,87,Citizen Informant #87,43,6,1,1,1
88,88,Citizen Informant #88,45,4,1,1,1
89,89,Citizen Informant #89,45,1,1,1,1
90,90,Citizen Informant #90,31,5,1,1,1
91,91,Citizen Informant #91,60,3,1,1,2
92,92,Citizen Informant #92,55,8,1,1,1
93,93,Citizen Informant #93,48,6,1,1,1
94,94,Citizen Informant #94,53,7,1,1,2
95,95,Citizen Informant #95,43,7,1,1,1
96,96,Citizen Informant #96,30,4,1,1,1
97,97,Citizen Informant #97,27,9,1,1,1
98,98,Citizen Informant #98,25,8,1,1,1
99,99,Citizen Informant #99,52,10,1,1,2
100,100,Citizen Informant #100,48,7,1,1,2
101,101,Citizen Informant #101,36,9,1,1,2
102,102,Citizen Informant #102,55,10,1,1,1
103,103,Citizen Informant #103,49,3,1,1,1
104,104,Citizen Informant #104,59,9,1,1,1
105,105,Citizen Informant #105,32,7,1,1,2
106,106,Citizen Informant #106,25,1,1,1,2
107,107,Citizen Informant #107,35,3,1,1,2
108,108,Citizen Informant #108,40,4,1,1,1
109,109,Citizen Informant #109,44,2,1,1,1
110,110,Citizen Informant #110,55,1,1,1,1
111,111,Citizen Informant #111,48,9,1,1,1
112,112,Citizen Informant #112,40,10,1,1,1
113,113,Citizen Informant #113,47,2,1,1,1
114,114,Citizen Informant #114,51,6,1,1,1
115,115,Citizen Informant #115,30,9,1,1,1
116,116,Citizen Informant #116,60,1,1,1,2
117,117,Citizen Informant #117,57,4,1,1,1
118,118,Citizen Informant #118,46,4,1,1,2
119,119,Citizen Informant #119,60,3,1,1,1
120,120,Citizen Informant #120,57,8,1,1,1
121,121,Citizen Informant #121,37,8,1,1,2
122,122,Citizen Informant #122,27,8,1,1,2
123,123,Citizen Informant #123,43,9,1,1,2
124,124,Citizen Informant #124,32,2,1,1,1
125,125,Citizen Informant #125,59,1,1,1,1
126,126,Citizen Informant #126,50,10,1,1,2
127,127,Citizen Informant #127,42,4,1,1,2
128,128,Citizen Informant #128,25,1,1,1,2
129,129,Citizen Informant #129,50,5,1,1,2
130,130,Citizen Informant #130,50,1,1,1,1
131,131,Citizen Informant #131,54,5,1,1,2
132,132,Citizen Informant #132,57,6,1,1,1
133,133,Citizen Informant #133,48,5,1,1,2
134,134,Citizen Informant #134,26,5,1,1,2
135,135,Citizen Informant #135,37,10,1,1,2
136,136,Citizen Informant #136,51,3,1,1,2
137,137,Citizen Informant #137,31,1,1,1,2
138,138,Citizen Informant #138,40,4,1,1,2
139,139,Citizen Informant #139,34,3,1,1,1
140,140,Citizen Informant #140,44,10,1,1,2
141,141,Citizen Informant #141,48,4,1,1,1
142,142,Citizen Informant #142,27,5,1,1,1
143,143,Citizen Informant #143,34,8,1,1,1
144,144,Citizen Informant #144,45,6,1,1,2
145,145,Citizen Informant #145,39,5,1,1,1
146,146,Citizen Informant #146,60,3,1,1,2
147,147,Citizen Informant #147,59,2,1,1,1
148,148,Citizen Informant #148,60,4,1,1,1
149,149,Citizen Informant #149,29,4,1,1,1
150,150,Citizen Informant #150,52,9,1,1,1
151,151,Citizen Informant #151,37,7,1,1,2
152,152,Citizen Informant #152,30,10,1,1,2
153,153,Citizen Informant #153,29,1,1,1,1
154,154,Citizen Informant #154,54,1,1,1,2
155,155,Citizen Informant #155,38,3,1,1,1
156,156,Citizen Informant #156,39,10,1,1,2
157,157,Citizen Informant #157,54,5,1,1,2
158,158,Citizen Informant #158,29,10,1,1,2
159,159,Citizen Informant #159,57,7,1,1,1
160,160,Citizen Informant #160,29,2,1,1,1
161,161,Citizen Informant #161,28,3,1,1,1
162,162,Citizen Informant #162,47,5,1,1,1
163,163,Citizen Informant #163,55,6,1,1,1
164,164,Citizen Informant #164,50,7,1,1,2
165,165,Citizen Informant #165,51,1,1,1,1
166,166,Citizen Informant #166,36,4,1,1,2
167,167,Citizen Informant #167,50,6,1,1,2
168,168,Citizen Informant #168,28,10,1,1,1
169,169,Citizen Informant #169,32,8,1,1,2
170,170,Citizen Informant #170,52,4,1,1,1
171,171,Citizen Informant #171,53,9,1,1,2
172,172,Citizen Informant #172,45,10,1,1,2
173,173,Citizen Informant #173,29,2,1,1,2
174,174,Citizen Informant #174,29,2,1,1,1
175,175,Citizen Informant #175,36,1,1,1,1
176,176,Citizen Informant #176,37,3,1,1,2
177,177,Citizen Informant #177,54,2,1,1,2
178,178,Citizen Informant #178,53,7,1,1,1
179,179,Citizen Informant #179,34,2,1,1,1
180,180,Citizen Informant #180,53,7,1,1,2
181,181,Citizen Informant #181,25,5,1,1,1
182,182,Citizen Informant #182,53,7,1,1,2
183,183,Citizen Informant #183,59,5,1,1,1
184,184,Citizen Informant #184,57,6,1,1,1
185,185,Citizen Informant #185,35,1,1,1,2
186,186,Citizen Informant #186,58,9,1,1,1
187,187,Citizen Informant #187,33,1,1,1,2
188,188,Citizen Informant #188,44,5,1,1,2
189,189,Citizen Informant #189,32,10,1,1,2
190,190,Citizen Informant #190,34,2,1,1,1
191,191,Citizen Informant #191,60,10,1,1,2
192,192,Citizen Informant #192,41,2,1,1,1
193,193,Citizen Informant #193,50,1,1,1,2
194,194,Citizen Informant #194,46,3,1,1,2
195,195,Citizen Informant #195,33,4,1,1,1
196,196,Citizen Informant #196,55,10,1,1,1
197,197,Citizen Informant #197,51,9,1,1,2
198,198,Citizen Informant #198,40,10,1,1,1
199,199,Citizen Informant #199,51,10,1,1,2
200,200,Citizen Informant #200,40,3,1,1,1
201,201,Citizen Informant #201,46,10,1,1,2
202,202,Citizen Informant #202,44,10,1,1,2
203,203,Citizen Informant #203,41,4,1,1,1
204,204,Citizen Informant #204,43,6,1,1,1
205,205,Citizen Informant #205,55,8,1,1,1
206,206,Citizen Informant #206,58,9,1,1,2
207,207,Citizen Informant #207,55,1,1,1,2
208,208,Citizen Informant #208,50,2,1,1,2
209,209,Citizen Informant #209,29,1,1,1,1
210,210,Citizen Informant #210,26,8,1,1,1
211,211,Citizen Informant #211,34,2,1,1,1
212,212,Citizen Informant #212,38,6,1,1,2
213,213,Citizen Informant #213,55,7,1,1,1
214,214,Citizen Informant #214,28,1,1,1,1
215,215,Citizen Informant #215,39,3,1,1,2
216,216,Citizen Informant #216,29,9,1,1,1
217,217,Citizen Informant #217,52,2,1,1,2
218,218,Citizen Informant #218,41,1,1,1,2
219,219,Citizen Informant #219,29,2,1,1,2
220,220,Citizen Informant #220,58,7,1,1,1
221,221,Citizen Informant #221,50,7,1,1,1
222,222,Citizen Informant #222,52,4,1,1,1
223,223,Citizen Informant #223,51,6,1,1,1
224,224,Citizen Informant #224,42,7,1,1,1
225,225,Citizen Informant #225,33,6,1,1,1
226,226,Citizen Informant #226,34,8,1,1,1
227,227,Citizen Informant #227,51,1,1,1,2
228,228,Citizen Informant #228,36,10,1,1,2
229,229,Citizen Informant #229,35,4,1,1,2
230,230,Citizen Informant #230,25,10,1,1,1
231,231,Citizen Informant #231,52,4,1,1,2
232,232,Citizen Informant #232,34,3,1,1,2
233,233,Citizen Informant #233,59,5,1,1,2
234,234,Citizen Informant #234,59,8,1,1,1
235,235,Citizen Informant #235,57,7,1,1,2
236,236,Citizen Informant #236,44,7,1,1,1
237,237,Citizen Informant #237,38,1,1,1,2
238,238,Citizen Informant #238,28,1,1,1,1
239,239,Citizen Informant #239,50,7,1,1,1
240,240,Citizen Informant #240,27,6,1,1,1
241,241,Citizen Informant #241,36,1,1,1,1
242,242,Citizen Informant #242,28,7,1,1,2
243,243,Citizen Informant #243,26,7,1,1,1
244,244,Citizen Informant #244,35,6,1,1,2
245,245,Citizen Informant #245,36,10,1,1,1
246,246,Citizen Informant #246,48,9,1,1,2
247,247,Citizen Informant #247,37,2,1,1,2
248,248,Citizen Informant #248,45,6,1,1,2
249,249,Citizen Informant #249,39,2,1,1,2
250,250,Citizen Informant #250,34,2,1,1,2
251,251,Citizen Informant #251,53,9,1,1,2
252,252,Citizen Informant #252,43,7,1,1,1
253,253,Citizen Informant #253,49,1,1,1,1
254,254,Citizen Informant #254,25,9,1,1,2
255,255,Citizen Informant #255,50,8,1,1,2
256,256,Citizen Informant #256,39,10,1,1,2
257,257,Citizen Informant #257,32,10,1,1,1
258,258,Citizen Informant #258,40,3,1,1,1
259,259,Citizen Informant #259,52,9,1,1,2
260,260,Citizen Informant #260,30,7,1,1,2
261,261,Citizen Informant #261,55,6,1,1,2
262,262,Citizen Informant #262,54,3,1,1,2
263,263,Citizen Informant #263,36,2,1,1,2
264,264,Citizen Informant #264,53,9,1,1,1
265,265,Citizen Informant #265,45,1,1,1,2
266,266,Citizen Informant #266,34,5,1,1,1
267,267,Citizen Informant #267,56,6,1,1,2
268,268,Citizen Informant #268,55,7,1,1,2
269,269,Citizen Informant #269,34,8,1,1,1
270,270,Citizen Informant #270,34,7,1,1,2
271,271,Citizen Informant #271,29,4,1,1,2
272,272,Citizen Informant #272,29,7,1,1,2
273,273,Citizen Informant #273,26,9,1,1,1
274,274,Citizen Informant #274,34,6,1,1,2
275,275,Citizen Informant #275,39,1,1,1,1
276,276,Citizen Informant #276,39,2,1,1,1
277,277,Citizen Informant #277,34,8,1,1,1
278,278,Citizen Informant #278,38,7,1,1,2
279,279,Citizen Informant #279,49,1,1,1,2
280,280,Citizen Informant #280,45,4,1,1,1
281,281,Citizen Informant #281,44,5,1,1,2
282,282,Citizen Informant #282,55,6,1,1,1
283,283,Citizen Informant #283,39,1,1,1,2
284,284,Citizen Informant #284,39,9,1,1,1
285,285,Citizen Informant #285,46,7,1,1,1
286,286,Citizen Informant #286,38,8,1,1,1
287,287,Citizen Informant #287,41,8,1,1,1
288,288,Citizen Informant #288,50,3,1,1,2
289,289,Citizen Informant #289,37,7,1,1,1
290,290,Citizen Informant #290,59,4,1,1,2
291,291,Citizen Informant #291,54,8,1,1,2
292,292,Citizen Informant #292,35,3,1,1,1
293,293,Citizen Informant #293,50,3,1,1,2
294,294,Citizen Informant #294,53,2,1,1,2
295,295,Citizen Informant #295,25,7,1,1,1
296,296,Citizen Informant #296,58,3,1,1,2
297,297,Citizen Informant #297,43,7,1,1,1
298,298,Citizen Informant #298,44,10,1,1,2
299,299,Citizen Informant #299,51,7,1,1,1
300,300,Citizen Informant #300,45,3,1,1,2
301,301,Citizen Informant #301,27,3,1,1,1
302,302,Citizen Informant #302,33,5,1,1,1
303,303,Citizen Informant #303,52,2,1,1,1
304,304,Citizen Informant #304,41,7,1,1,1
305,305,Citizen Informant #305,34,7,1,1,2
306,306,Citizen Informant #306,49,1,1,1,2
307,307,Citizen Informant #307,56,4,1,1,1
308,308,Citizen Informant #308,56,5,1,1,1
309,309,Citizen Informant #309,45,1,1,1,1
310,310,Citizen Informant #310,54,8,1,1,1
311,311,Citizen Informant #311,50,10,1,1,1
312,312,Citizen Informant #312,44,3,1,1,2
313,313,Citizen Informant #313,43,9,1,1,2
314,314,Citizen Informant #314,32,7,1,1,2
315,315,Citizen Informant #315,40,10,1,1,2
316,316,Citizen Informant #316,42,2,1,1,2
317,317,Citizen Informant #317,49,2,1,1,2
318,318,Citizen Informant #318,35,5,1,1,2
319,319,Citizen Informant #319,58,7,1,1,2
320,320,Citizen Informant #320,47,7,1,1,1
321,321,Citizen Informant #321,50,1,1,1,1
322,322,Citizen Informant #322,49,2,1,1,2
323,323,Citizen Informant #323,52,2,1,1,2
324,324,Citizen Informant #324,42,3,1,1,2
325,325,Citizen Informant #325,45,4,1,1,2
326,326,Citizen Informant #326,59,8,1,1,1
327,327,Citizen Informant #327,29,2,1,1,1
328,328,Citizen Informant #328,48,1,1,1,1
329,329,Citizen Informant #329,25,3,1,1,1
330,330,Citizen Informant #330,51,1,1,1,1
331,331,Citizen Informant #331,47,5,1,1,2
332,332,Citizen Informant #332,39,2,1,1,1
333,333,Citizen Informant #333,37,8,1,1,2
334,334,Citizen Informant #334,41,2,1,1,1
335,335,Citizen Informant #335,42,9,1,1,1
336,336,Citizen Informant #336,28,5,1,1,2
337,337,Citizen Informant #337,26,7,1,1,2
338,338,Citizen Informant #338,52,1,1,1,1
339,339,Citizen Informant #339,38,8,1,1,2
340,340,Citizen Informant #340,54,9,1,1,2
341,341,Citizen Informant #341,29,10,1,1,1
342,342,Citizen Informant #342,33,10,1,1,1
343,343,Citizen Informant #343,43,8,1,1,2
344,344,Citizen Informant #344,32,5,1,1,2
345,345,Citizen Informant #345,54,7,1,1,1
346,346,Citizen Informant #346,51,1,1,1,1
347,347,Citizen Informant #347,26,10,1,1,2
348,348,Citizen Informant #348,32,5,1,1,1
349,349,Citizen Informant #349,45,10,1,1,1
350,350,Citizen Informant #350,27,7,1,1,2
351,351,Citizen Informant #351,32,1,1,1,1
352,352,Citizen Informant #352,36,4,1,1,1
353,353,Citizen Informant #353,31,5,1,1,1
354,354,Citizen Informant #354,29,3,1,1,2
355,355,Citizen Informant #355,35,4,1,1,1
356,356,Citizen Informant #356,55,5,1,1,1
357,357,Citizen Informant #357,37,3,1,1,1
358,358,Citizen Informant #358,56,5,1,1,1
359,359,Citizen Informant #359,51,4,1,1,1
360,360,Citizen Informant #360,48,6,1,1,2
361,361,Citizen Informant #361,60,6,1,1,1
362,362,Citizen Informant #362,47,5,1,1,1
363,363,Citizen Informant #363,42,5,1,1,1
364,364,Citizen Informant #364,30,9,1,1,1
365,365,Citizen Informant #365,42,4,1,1,2
366,366,Citizen Informant #366,60,2,1,1,1
367,367,Citizen Informant #367,48,3,1,1,1
368,368,Citizen Informant #368,58,10,1,1,2
369,369,Citizen Informant #369,52,5,1,1,2
370,370,Citizen Informant #370,25,2,1,1,2
371,371,Citizen Informant #371,58,7,1,1,2
372,372,Citizen Informant #372,46,4,1,1,1
373,373,Citizen Informant #373,32,1,1,1,2
374,374,Citizen Informant #374,26,10,1,1,2
375,375,Citizen Informant #375,45,2,1,1,1
376,376,Citizen Informant #376,35,7,1,1,2
377,377,Citizen Informant #377,30,1,1,1,2
378,378,Citizen Informant #378,43,1,1,1,2
379,379,Citizen Informant #379,40,8,1,1,1
380,380,Citizen Informant #380,41,8,1,1,2
381,381,Citizen Informant #381,38,10,1,1,2
382,382,Citizen Informant #382,27,8,1,1,2
383,383,Citizen Informant #383,54,3,1,1,2
384,384,Citizen Informant #384,34,9,1,1,2
385,385,Citizen Informant #385,26,2,1,1,1
386,386,Citizen Informant #386,54,5,1,1,2
387,387,Citizen Informant #387,26,6,1,1,2
388,388,Citizen Informant #388,28,9,1,1,2
389,389,Citizen Informant #389,30,9,1,1,2
390,390,Citizen Informant #390,54,6,1,1,2
391,391,Citizen Informant #391,34,3,1,1,1
392,392,Citizen Informant #392,57,10,1,1,2
393,393,Citizen Informant #393,58,5,1,1,1
394,394,Citizen Informant #394,57,9,1,1,1
395,395,Citizen Informant #395,58,5,1,1,1
396,396,Citizen Informant #396,40,10,1,1,2
397,397,Citizen Informant #397,32,8,1,1,1
398,398,Citizen Informant #398,25,3,1,1,1
399,399,Citizen Informant #399,60,8,1,1,1
400,400,Citizen Informant #400,44,3,1,1,1
401,401,Citizen Informant #401,60,4,1,1,2
402,402,Citizen Informant #402,38,10,1,1,1
403,403,Citizen Informant #403,60,4,1,1,2
404,404,Citizen Informant #404,26,4,1,1,1
405,405,Citizen Informant #405,55,5,1,1,1
406,406,Citizen Informant #406,58,3,1,1,1
407,407,Citizen Informant #407,48,7,1,1,1
408,408,Citizen Informant #408,33,5,1,1,2
409,409,Citizen Informant #409,46,3,1,1,2
410,410,Citizen Informant #410,44,5,1,1,2
411,411,Citizen Informant #411,31,6,1,1,2
412,412,Citizen Informant #412,47,9,1,1,1
413,413,Citizen Informant #413,28,8,1,1,1
414,414,Citizen Informant #414,40,4,1,1,2
415,415,Citizen Informant #415,29,8,1,1,2
416,416,Citizen Informant #416,43,4,1,1,1
417,417,Citizen Informant #417,57,9,1,1,1
418,418,Citizen Informant #418,34,7,1,1,2
419,419,Citizen Informant #419,58,2,1,1,1
420,420,Citizen Informant #420,31,7,1,1,2
421,421,Citizen Informant #421,35,6,1,1,2
422,422,Citizen Informant #422,29,7,1,1,2
423,423,Citizen Informant #423,57,6,1,1,1
424,424,Citizen Informant #424,56,6,1,1,1
425,425,Citizen Informant #425,34,5,1,1,1
426,426,Citizen Informant #426,28,4,1,1,1
427,427,Citizen Informant #427,58,4,1,1,2
428,428,Citizen Informant #428,45,2,1,1,2
429,429,Citizen Informant #429,31,2,1,1,1
430,430,Citizen Informant #430,48,3,1,1,1
431,431,Citizen Informant #431,53,8,1,1,1
432,432,Citizen Informant #432,48,1,1,1,1
433,433,Citizen Informant #433,37,1,1,1,2
434,434,Citizen Informant #434,40,5,1,1,1
435,435,Citizen Informant #435,39,2,1,1,1
436,436,Citizen Informant #436,35,8,1,1,2
437,437,Citizen Informant #437,40,2,1,1,2
438,438,Citizen Informant #438,31,1,1,1,2
439,439,Citizen Informant #439,33,1,1,1,1
440,440,Citizen Informant #440,26,7,1,1,1
441,441,Citizen Informant #441,59,1,1,1,2
442,442,Citizen Informant #442,50,3,1,1,2
443,443,Citizen Informant #443,37,7,1,1,1
444,444,Citizen Informant #444,37,8,1,1,2
445,445,Citizen Informant #445,58,3,1,1,2
446,446,Citizen Informant #446,54,10,1,1,1
447,447,Citizen Informant #447,37,8,1,1,2
448,448,Citizen Informant #448,40,2,1,1,1
449,449,Citizen Informant #449,50,4,1,1,1
450,450,Citizen Informant #450,43,8,1,1,1
451,451,Citizen Informant #451,25,5,1,1,1
452,452,Citizen Informant #452,48,5,1,1,1
453,453,Citizen Informant #453,55,3,1,1,2
454,454,Citizen Informant #454,54,1,1,1,1
455,455,Citizen Informant #455,26,7,1,1,2
456,456,Citizen Informant #456,45,3,1,1,1
457,457,Citizen Informant #457,50,5,1,1,2
458,458,Citizen Informant #458,37,7,1,1,1
459,459,Citizen Informant #459,54,1,1,1,2
460,460,Citizen Informant #460,47,6,1,1,1
461,461,Citizen Informant #461,49,3,1,1,2
462,462,Citizen Informant #462,34,2,1,1,2
463,463,Citizen Informant #463,48,9,1,1,1
464,464,Citizen Informant #464,36,6,1,1,2
465,465,Citizen Informant #465,58,8,1,1,2
466,466,Citizen Informant #466,53,7,1,1,1
467,467,Citizen Informant #467,45,2,1,1,1
468,468,Citizen Informant #468,39,5,1,1,2
469,469,Citizen Informant #469,34,8,1,1,1
470,470,Citizen Informant #470,55,10,1,1,2
471,471,Citizen Informant #471,36,10,1,1,1
472,472,Citizen Informant #472,28,3,1,1,2
473,473,Citizen Informant #473,48,2,1,1,2
474,474,Citizen Informant #474,33,10,1,1,2
475,475,Citizen Informant #475,39,4,1,1,1
476,476,Citizen Informant #476,36,3,1,1,1
477,477,Citizen Informant #477,51,6,1,1,2
478,478,Citizen Informant #478,54,2,1,1,2
479,479,Citizen Informant #479,46,1,1,1,1
480,480,Citizen Informant #480,28,5,1,1,2
481,481,Citizen Informant #481,42,1,1,1,2
482,482,Citizen Informant #482,55,5,1,1,1
483,483,Citizen Informant #483,26,7,1,1,1
484,484,Citizen Informant #484,44,7,1,1,2
485,485,Citizen Informant #485,58,2,1,1,1
486,486,Citizen Informant #486,42,3,1,1,2
487,487,Citizen Informant #487,37,3,1,1,2
488,488,Citizen Informant #488,53,6,1,1,1
489,489,Citizen Informant #489,39,8,1,1,2
490,490,Citizen Informant #490,58,3,1,1,2
491,491,Citizen Informant #491,34,7,1,1,1
492,492,Citizen Informant #492,56,1,1,1,1
493,493,Citizen Informant #493,50,2,1,1,2
494,494,Citizen Informant #494,56,8,1,1,2
495,495,Citizen Informant #495,36,4,1,1,2
496,496,Citizen Informant #496,52,10,1,1,2
497,497,Citizen Informant #497,44,9,1,1,2
498,498,Citizen Informant #498,40,7,1,1,1
499,499,Citizen Informant #499,34,1,1,1,1
500,500,Citizen Informant #500,50,8,1,1,1
501,501,Citizen Informant #501,30,4,1,1,1
502,502,Citizen Informant #502,39,9,1,1,1
503,503,Citizen Informant #503,35,7,1,1,2
504,504,Citizen Informant #504,35,2,1,1,1
505,505,Citizen Informant #505,40,7,1,1,2
506,506,Citizen Informant #506,37,9,1,1,1
507,507,Citizen Informant #507,48,4,1,1,1
508,508,Citizen Informant #508,25,5,1,1,2
509,509,Citizen Informant #509,59,1,1,1,1
510,510,Citizen Informant #510,50,7,1,1,1
511,511,Citizen Informant #511,58,5,1,1,1
512,512,Citizen Informant #512,41,1,1,1,2
513,513,Citizen Informant #513,50,6,1,1,1
514,514,Citizen Informant #514,58,1,1,1,1
515,515,Citizen Informant #515,36,6,1,1,2
516,516,Citizen Informant #516,37,2,1,1,2
517,517,Citizen Informant #517,30,4,1,1,1
518,518,Citizen Informant #518,27,8,1,1,2
519,519,Citizen Informant #519,54,5,1,1,1
520,520,Citizen Informant #520,28,6,1,1,1
521,521,Citizen Informant #521,25,1,1,1,1
522,522,Citizen Informant #522,34,1,1,1,1
523,523,Citizen Informant #523,43,2,1,1,2
524,524,Citizen Informant #524,28,7,1,1,2
525,525,Citizen Informant #525,52,1,1,1,1
526,526,Citizen Informant #526,39,10,1,1,1
527,527,Citizen Informant #527,34,10,1,1,1
528,528,Citizen Informant #528,28,4,1,1,2
529,529,Citizen Informant #529,54,3,1,1,2
530,530,Citizen Informant #530,26,8,1,1,1
531,531,Citizen Informant #531,42,3,1,1,2
532,532,Citizen Informant #532,48,4,1,1,1
533,533,Citizen Informant #533,29,5,1,1,2
534,534,Citizen Informant #534,45,2,1,1,2
535,535,Citizen Informant #535,33,6,1,1,2
536,536,Citizen Informant #536,45,1,1,1,2
537,537,Citizen Informant #537,53,7,1,1,1
538,538,Citizen Informant #538,52,3,1,1,2
539,539,Citizen Informant #539,35,5,1,1,2
540,540,Citizen Informant #540,34,1,1,1,2
541,541,Citizen Informant #541,55,1,1,1,1
542,542,Citizen Informant #542,33,5,1,1,2
543,543,Citizen Informant #543,48,1,1,1,2
544,544,Citizen Informant #544,56,9,1,1,1
545,545,Citizen Informant #545,43,8,1,1,2
546,546,Citizen Informant #546,45,3,1,1,1
547,547,Citizen Informant #547,56,4,1,1,2
548,548,Citizen Informant #548,58,4,1,1,2
549,549,Citizen Informant #549,36,1,1,1,2
550,550,Citizen Informant #550,59,5,1,1,1
551,551,Citizen Informant #551,52,2,1,1,1
552,552,Citizen Informant #552,49,9,1,1,1
553,553,Citizen Informant #553,58,2,1,1,2
554,554,Citizen Informant #554,57,8,1,1,2
555,555,Citizen Informant #555,54,6,1,1,1
556,556,Citizen Informant #556,48,8,1,1,1
557,557,Citizen Informant #557,60,7,1,1,2
558,558,Citizen Informant #558,49,7,1,1,1
559,559,Citizen Informant #559,57,4,1,1,1
560,560,Citizen Informant #560,39,4,1,1,2
561,561,Citizen Informant #561,53,9,1,1,1
562,562,Citizen Informant #562,59,10,1,1,2
563,563,Citizen Informant #563,54,7,1,1,1
564,564,Citizen Informant #564,27,6,1,1,2
565,565,Citizen Informant #565,38,8,1,1,1
566,566,Citizen Informant #566,47,1,1,1,1
567,567,Citizen Informant #567,30,2,1,1,1
568,568,Citizen Informant #568,49,5,1,1,1
569,569,Citizen Informant #569,55,3,1,1,1
570,570,Citizen Informant #570,33,5,1,1,1
571,571,Citizen Informant #571,58,7,1,1,1
572,572,Citizen Informant #572,36,8,1,1,1
573,573,Citizen Informant #573,27,4,1,1,2
574,574,Citizen Informant #574,54,10,1,1,2
575,575,Citizen Informant #575,55,5,1,1,2
576,576,Citizen Informant #576,49,6,1,1,1
577,577,Citizen Informant #577,59,6,1,1,2
578,578,Citizen Informant #578,46,9,1,1,1
579,579,Citizen Informant #579,56,1,1,1,1
580,580,Citizen Informant #580,53,2,1,1,1
581,581,Citizen Informant #581,30,10,1,1,2
582,582,Citizen Informant #582,48,10,1,1,1
583,583,Citizen Informant #583,58,8,1,1,1
584,584,Citizen Informant #584,28,2,1,1,2
585,585,Citizen Informant #585,27,3,1,1,1
586,586,Citizen Informant #586,60,7,1,1,1
587,587,Citizen Informant #587,37,6,1,1,1
588,588,Citizen Informant #588,46,6,1,1,2
589,589,Citizen Informant #589,25,9,1,1,1
590,590,Citizen Informant #590,29,8,1,1,1
591,591,Citizen Informant #591,58,5,1,1,1
592,592,Citizen Informant #592,52,7,1,1,1
593,593,Citizen Informant #593,34,1,1,1,1
594,594,Citizen Informant #594,50,9,1,1,2
595,595,Citizen Informant #595,57,8,1,1,2
596,596,Citizen Informant #596,53,5,1,1,1
597,597,Citizen Informant #597,46,5,1,1,1
598,598,Citizen Informant #598,46,9,1,1,1
599,599,Citizen Informant #599,43,10,1,1,1
600,600,Citizen Informant #600,43,7,1,1,2
601,601,Citizen Informant #601,47,2,1,1,2
602,602,Citizen Informant #602,59,8,1,1,2
603,603,Citizen Informant #603,53,8,1,1,2
604,604,Citizen Informant #604,50,7,1,1,2
605,605,Citizen Informant #605,28,4,1,1,2
606,606,Citizen Informant #606,32,6,1,1,2
607,607,Citizen Informant #607,49,9,1,1,2
608,608,Citizen Informant #608,39,3,1,1,2
609,609,Citizen Informant #609,52,5,1,1,1
610,610,Citizen Informant #610,52,4,1,1,1
611,611,Citizen Informant #611,54,5,1,1,1
612,612,Citizen Informant #612,50,9,1,1,2
613,613,Citizen Informant #613,39,7,1,1,2
614,614,Citizen Informant #614,37,1,1,1,2
615,615,Citizen Informant #615,37,6,1,1,1
616,616,Citizen Informant #616,34,5,1,1,2
617,617,Citizen Informant #617,32,9,1,1,1
618,618,Citizen Informant #618,55,2,1,1,2
619,619,Citizen Informant #619,41,7,1,1,2
620,620,Citizen Informant #620,32,4,1,1,1
621,621,Citizen Informant #621,32,9,1,1,2
622,622,Citizen Informant #622,48,3,1,1,1
623,623,Citizen Informant #623,39,10,1,1,2
624,624,Citizen Informant #624,48,1,1,1,1
625,625,Citizen Informant #625,34,5,1,1,1
626,626,Citizen Informant #626,42,3,1,1,2
627,627,Citizen Informant #627,50,10,1,1,2
628,628,Citizen Informant #628,54,9,1,1,2
629,629,Citizen Informant #629,59,9,1,1,1
630,630,Citizen Informant #630,55,2,1,1,1
631,631,Citizen Informant #631,60,10,1,1,1
632,632,Citizen Informant #632,27,6,1,1,2
633,633,Citizen Informant #633,56,6,1,1,2
634,634,Citizen Informant #634,54,7,1,1,1
635,635,Citizen Informant #635,33,7,1,1,1
636,636,Citizen Informant #636,37,3,1,1,1
637,637,Citizen Informant #637,56,10,1,1,1
638,638,Citizen Informant #638,41,8,1,1,2
639,639,Citizen Informant #639,33,5,1,1,1
640,640,Citizen Informant #640,48,9,1,1,1
641,641,Citizen Informant #641,40,4,1,1,1
642,642,Citizen Informant #642,42,8,1,1,2
643,643,Citizen Informant #643,26,5,1,1,2
644,644,Citizen Informant #644,48,2,1,1,1
645,645,Citizen Informant #645,46,2,1,1,2
646,646,Citizen Informant #646,32,2,1,1,1
647,647,Citizen Informant #647,43,3,1,1,1
648,648,Citizen Informant #648,53,8,1,1,2
649,649,Citizen Informant #649,33,6,1,1,1
650,650,Citizen Informant #650,34,1,1,1,1
651,651,Citizen Informant #651,27,4,1,1,1
652,652,Citizen Informant #652,41,8,1,1,1
653,653,Citizen Informant #653,45,5,1,1,1
654,654,Citizen Informant #654,48,7,1,1,1
655,655,Citizen Informant #655,31,2,1,1,1
656,656,Citizen Informant #656,59,4,1,1,2
657,657,Citizen Informant #657,45,7,1,1,2
658,658,Citizen Informant #658,59,10,1,1,1
659,659,Citizen Informant #659,53,2,1,1,1
660,660,Citizen Informant #660,44,7,1,1,1
661,661,Citizen Informant #661,47,3,1,1,1
662,662,Citizen Informant #662,55,7,1,1,1
663,663,Citizen Informant #663,29,10,1,1,2
664,664,Citizen Informant #664,49,2,1,1,1
665,665,Citizen Informant #665,26,6,1,1,1
666,666,Citizen Informant #666,49,1,1,1,1
667,667,Citizen Informant #667,52,4,1,1,1
668,668,Citizen Informant #668,43,8,1,1,1
669,669,Citizen Informant #669,55,3,1,1,2
670,670,Citizen Informant #670,53,4,1,1,2
671,671,Citizen Informant #671,30,7,1,1,2
672,672,Citizen Informant #672,48,3,1,1,2
673,673,Citizen Informant #673,47,9,1,1,2
674,674,Citizen Informant #674,54,2,1,1,1
675,675,Citizen Informant #675,58,8,1,1,2
676,676,Citizen Informant #676,43,10,1,1,1
677,677,Citizen Informant #677,41,10,1,1,2
678,678,Citizen Informant #678,58,2,1,1,2
679,679,Citizen Informant #679,50,7,1,1,1
680,680,Citizen Informant #680,38,7,1,1,1
681,681,Citizen Informant #681,57,9,1,1,2
682,682,Citizen Informant #682,39,9,1,1,1
683,683,Citizen Informant #683,53,9,1,1,1
684,684,Citizen Informant #684,57,1,1,1,2
685,685,Citizen Informant #685,55,10,1,1,1
686,686,Citizen Informant #686,37,9,1,1,2
687,687,Citizen Informant #687,45,9,1,1,2
688,688,Citizen Informant #688,52,7,1,1,2
689,689,Citizen Informant #689,41,10,1,1,1
690,690,Citizen Informant #690,30,2,1,1,2
691,691,Citizen Informant #691,54,10,1,1,1
692,692,Citizen Informant #692,44,6,1,1,2
693,693,Citizen Informant #693,50,5,1,1,1
694,694,Citizen Informant #694,35,8,1,1,1
695,695,Citizen Informant #695,58,1,1,1,2
696,696,Citizen Informant #696,31,1,1,1,2
697,697,Citizen Informant #697,40,7,1,1,1
698,698,Citizen Informant #698,33,7,1,1,1
699,699,Citizen Informant #699,51,1,1,1,1
700,700,Citizen Informant #700,54,4,1,1,2
701,701,Citizen Informant #701,55,5,1,1,1
702,702,Citizen Informant #702,57,8,1,1,2
703,703,Citizen Informant #703,27,3,1,1,1
704,704,Citizen Informant #704,40,6,1,1,1
705,705,Citizen Informant #705,49,6,1,1,1
706,706,Citizen Informant #706,32,2,1,1,1
707,707,Citizen Informant #707,45,8,1,1,2
708,708,Citizen Informant #708,49,8,1,1,1
709,709,Citizen Informant #709,30,2,1,1,1
710,710,Citizen Informant #710,52,4,1,1,1
711,711,Citizen Informant #711,33,6,1,1,1
712,712,Citizen Informant #712,30,8,1,1,2
713,713,Citizen Informant #713,28,9,1,1,1
714,714,Citizen Informant #714,43,2,1,1,2
715,715,Citizen Informant #715,26,4,1,1,2
716,716,Citizen Informant #716,58,10,1,1,2
717,717,Citizen Informant #717,30,7,1,1,2
718,718,Citizen Informant #718,58,10,1,1,1
719,719,Citizen Informant #719,45,3,1,1,2
720,720,Citizen Informant #720,31,4,1,1,2
721,721,Citizen Informant #721,40,2,1,1,2
722,722,Citizen Informant #722,41,4,1,1,1
723,723,Citizen Informant #723,51,7,1,1,1
724,724,Citizen Informant #724,52,2,1,1,2
725,725,Citizen Informant #725,40,5,1,1,2
726,726,Citizen Informant #726,38,8,1,1,1
727,727,Citizen Informant #727,52,2,1,1,2
728,728,Citizen Informant #728,28,1,1,1,2
729,729,Citizen Informant #729,42,5,1,1,2
730,730,Citizen Informant #730,54,5,1,1,2
731,731,Citizen Informant #731,32,2,1,1,2
732,732,Citizen Informant #732,26,3,1,1,1
733,733,Citizen Informant #733,56,1,1,1,2
734,734,Citizen Informant #734,58,10,1,1,1
735,735,Citizen Informant #735,59,9,1,1,1
736,736,Citizen Informant #736,54,2,1,1,2
737,737,Citizen Informant #737,35,3,1,1,1
738,738,Citizen Informant #738,38,3,1,1,1
739,739,Citizen Informant #739,37,3,1,1,2
740,740,Citizen Informant #740,26,10,1,1,2
741,741,Citizen Informant #741,32,10,1,1,2
742,742,Citizen Informant #742,52,3,1,1,1
743,743,Citizen Informant #743,47,1,1,1,1
744,744,Citizen Informant #744,54,1,1,1,2
745,745,Citizen Informant #745,55,1,1,1,2
746,746,Citizen Informant #746,58,4,1,1,2
747,747,Citizen Informant #747,47,5,1,1,2
748,748,Citizen Informant #748,58,6,1,1,2
749,749,Citizen Informant #749,59,4,1,1,2
750,750,Citizen Informant #750,35,10,1,1,2
751,751,Citizen Informant #751,26,9,1,1,1
752,752,Citizen Informant #752,51,7,1,1,2
753,753,Citizen Informant #753,27,5,1,1,2
754,754,Citizen Informant #754,54,8,1,1,1
755,755,Citizen Informant #755,42,8,1,1,1
756,756,Citizen Informant #756,56,5,1,1,2
757,757,Citizen Informant #757,31,3,1,1,1
758,758,Citizen Informant #758,27,6,1,1,1
759,759,Citizen Informant #759,52,5,1,1,2
760,760,Citizen Informant #760,51,6,1,1,1
761,761,Citizen Informant #761,34,1,1,1,1
762,762,Citizen Informant #762,52,10,1,1,2
763,763,Citizen Informant #763,42,5,1,1,2
764,764,Citizen Informant #764,42,2,1,1,1
765,765,Citizen Informant #765,58,6,1,1,2
766,766,Citizen Informant #766,45,8,1,1,2
767,767,Citizen Informant #767,58,7,1,1,2
768,768,Citizen Informant #768,28,9,1,1,2
769,769,Citizen Informant #769,48,1,1,1,1
770,770,Citizen Informant #770,32,4,1,1,2
771,771,Citizen Informant #771,33,6,1,1,2
772,772,Citizen Informant #772,50,5,1,1,1
773,773,Citizen Informant #773,40,1,1,1,2
774,774,Citizen Informant #774,49,10,1,1,1
775,775,Citizen Informant #775,55,6,1,1,1
776,776,Citizen Informant #776,41,8,1,1,1
777,777,Citizen Informant #777,30,2,1,1,2
778,778,Citizen Informant #778,32,3,1,1,1
779,779,Citizen Informant #779,41,5,1,1,1
780,780,Citizen Informant #780,43,5,1,1,1
781,781,Citizen Informant #781,41,9,1,1,1
782,782,Citizen Informant #782,60,2,1,1,2
783,783,Citizen Informant #783,52,10,1,1,2
784,784,Citizen Informant #784,57,8,1,1,1
785,785,Citizen Informant #785,27,8,1,1,1
786,786,Citizen Informant #786,57,3,1,1,2
787,787,Citizen Informant #787,36,6,1,1,2
788,788,Citizen Informant #788,27,9,1,1,2
789,789,Citizen Informant #789,32,7,1,1,2
790,790,Citizen Informant #790,47,9,1,1,2
791,791,Citizen Informant #791,53,2,1,1,1
792,792,Citizen Informant #792,43,6,1,1,1
793,793,Citizen Informant #793,30,8,1,1,2
794,794,Citizen Informant #794,26,4,1,1,2
795,795,Citizen Informant #795,56,9,1,1,2
796,796,Citizen Informant #796,42,9,1,1,1
797,797,Citizen Informant #797,59,2,1,1,1
798,798,Citizen Informant #798,48,3,1,1,2
799,799,Citizen Informant #799,40,10,1,1,2
800,800,Citizen Informant #800,49,6,1,1,1
801,801,Citizen Informant #801,25,7,1,1,1
802,802,Citizen Informant #802,58,2,1,1,2
803,803,Citizen Informant #803,37,6,1,1,2
804,804,Citizen Informant #804,27,10,1,1,1
805,805,Citizen Informant #805,33,6,1,1,1
806,806,Citizen Informant #806,41,1,1,1,2
807,807,Citizen Informant #807,58,10,1,1,1
808,808,Citizen Informant #808,58,9,1,1,1
809,809,Citizen Informant #809,41,4,1,1,2
810,810,Citizen Informant #810,34,6,1,1,2
811,811,Citizen Informant #811,33,5,1,1,1
812,812,Citizen Informant #812,29,10,1,1,1
813,813,Citizen Informant #813,28,1,1,1,1
814,814,Citizen Informant #814,27,10,1,1,1
815,815,Citizen Informant #815,25,7,1,1,1
816,816,Citizen Informant #816,37,1,1,1,2
817,817,Citizen Informant #817,48,8,1,1,1
818,818,Citizen Informant #818,43,4,1,1,1
819,819,Citizen Informant #819,41,6,1,1,1
820,820,Citizen Informant #820,35,3,1,1,1
821,821,Citizen Informant #821,53,1,1,1,1
822,822,Citizen Informant #822,58,1,1,1,2
823,823,Citizen Informant #823,40,3,1,1,1
824,824,Citizen Informant #824,43,9,1,1,1
825,825,Citizen Informant #825,60,7,1,1,1
826,826,Citizen Informant #826,45,7,1,1,1
827,827,Citizen Informant #827,51,4,1,1,1
828,828,Citizen Informant #828,45,6,1,1,1
829,829,Citizen Informant #829,48,6,1,1,1
830,830,Citizen Informant #830,53,5,1,1,2
831,831,Citizen Informant #831,43,8,1,1,2
832,832,Citizen Informant #832,59,9,1,1,1
833,833,Citizen Informant #833,42,6,1,1,1
834,834,Citizen Informant #834,47,7,1,1,1
835,835,Citizen Informant #835,54,5,1,1,2
836,836,Citizen Informant #836,55,8,1,1,2
837,837,Citizen Informant #837,30,7,1,1,2
838,838,Citizen Informant #838,42,5,1,1,2
839,839,Citizen Informant #839,43,1,1,1,1
840,840,Citizen Informant #840,34,6,1,1,2
841,841,Citizen Informant #841,51,7,1,1,2
842,842,Citizen Informant #842,45,5,1,1,1
843,843,Citizen Informant #843,56,4,1,1,2
844,844,Citizen Informant #844,45,1,1,1,1
845,845,Citizen Informant #845,42,5,1,1,2
846,846,Citizen Informant #846,30,1,1,1,2
847,847,Citizen Informant #847,33,9,1,1,2
848,848,Citizen Informant #848,51,2,1,1,1
849,849,Citizen Informant #849,57,8,1,1,2
850,850,Citizen Informant #850,34,10,1,1,1
851,851,Citizen Informant #851,59,3,1,1,2
852,852,Citizen Informant #852,29,6,1,1,2
853,853,Citizen Informant #853,47,6,1,1,1
854,854,Citizen Informant #854,35,3,1,1,2
855,855,Citizen Informant #855,29,10,1,1,1
856,856,Citizen Informant #856,43,3,1,1,2
857,857,Citizen Informant #857,58,2,1,1,2
858,858,Citizen Informant #858,39,4,1,1,2
859,859,Citizen Informant #859,26,1,1,1,2
860,860,Citizen Informant #860,33,6,1,1,1
861,861,Citizen Informant #861,50,7,1,1,1
862,862,Citizen Informant #862,44,10,1,1,2
863,863,Citizen Informant #863,32,4,1,1,1
864,864,Citizen Informant #864,26,5,1,1,2
865,865,Citizen Informant #865,41,5,1,1,2
866,866,Citizen Informant #866,33,5,1,1,2
867,867,Citizen Informant #867,40,3,1,1,2
868,868,Citizen Informant #868,34,7,1,1,1
869,869,Citizen Informant #869,41,7,1,1,1
870,870,Citizen Informant #870,49,4,1,1,1
871,871,Citizen Informant #871,45,6,1,1,2
872,872,Citizen Informant #872,37,2,1,1,1
873,873,Citizen Informant #873,54,1,1,1,2
874,874,Citizen Informant #874,28,2,1,1,1
875,875,Citizen Informant #875,36,5,1,1,2
876,876,Citizen Informant #876,27,9,1,1,2
877,877,Citizen Informant #877,32,10,1,1,1
878,878,Citizen Informant #878,44,4,1,1,1
879,879,Citizen Informant #879,47,6,1,1,2
880,880,Citizen Informant #880,39,9,1,1,2
881,881,Citizen Informant #881,47,8,1,1,2
882,882,Citizen Informant #882,38,9,1,1,2
883,883,Citizen Informant #883,32,1,1,1,1
884,884,Citizen Informant #884,32,6,1,1,2
885,885,Citizen Informant #885,26,4,1,1,2
886,886,Citizen Informant #886,48,2,1,1,2
887,887,Citizen Informant #887,46,4,1,1,2
888,888,Citizen Informant #888,47,4,1,1,2
889,889,Citizen Informant #889,35,7,1,1,2
890,890,Citizen Informant #890,32,1,1,1,1
891,891,Citizen Informant #891,55,9,1,1,1
892,892,Citizen Informant #892,35,7,1,1,2
893,893,Citizen Informant #893,38,3,1,1,1
894,894,Citizen Informant #894,48,2,1,1,1
895,895,Citizen Informant #895,51,3,1,1,1
896,896,Citizen Informant #896,26,7,1,1,1
897,897,Citizen Informant #897,31,6,1,1,2
898,898,Citizen Informant #898,46,10,1,1,2
899,899,Citizen Informant #899,29,8,1,1,2
900,900,Citizen Informant #900,52,3,1,1,1
901,901,Citizen Informant #901,58,3,1,1,1
902,902,Citizen Informant #902,43,3,1,1,2
903,903,Citizen Informant #903,37,2,1,1,2
904,904,Citizen Informant #904,53,3,1,1,1
905,905,Citizen Informant #905,28,4,1,1,1
906,906,Citizen Informant #906,43,5,1,1,2
907,907,Citizen Informant #907,50,7,1,1,1
908,908,Citizen Informant #908,33,10,1,1,2
909,909,Citizen Informant #909,41,7,1,1,2
910,910,Citizen Informant #910,35,5,1,1,2
911,911,Citizen Informant #911,45,3,1,1,1
912,912,Citizen Informant #912,51,10,1,1,1
913,913,Citizen Informant #913,33,4,1,1,1
914,914,Citizen Informant #914,48,5,1,1,1
915,915,Citizen Informant #915,50,3,1,1,1
916,916,Citizen Informant #916,50,6,1,1,2
917,917,Citizen Informant #917,43,8,1,1,1
918,918,Citizen Informant #918,29,9,1,1,2
919,919,Citizen Informant #919,59,5,1,1,1
920,920,Citizen Informant #920,25,4,1,1,2
921,921,Citizen Informant #921,51,5,1,1,2
922,922,Citizen Informant #922,59,1,1,1,1
923,923,Citizen Informant #923,57,10,1,1,1
924,924,Citizen Informant #924,55,6,1,1,2
925,925,Citizen Informant #925,28,1,1,1,2
926,926,Citizen Informant #926,27,2,1,1,2
927,927,Citizen Informant #927,52,3,1,1,2
928,928,Citizen Informant #928,36,2,1,1,2
929,929,Citizen Informant #929,46,3,1,1,1
930,930,Citizen Informant #930,35,10,1,1,2
931,931,Citizen Informant #931,51,3,1,1,2
932,932,Citizen Informant #932,53,9,1,1,1
933,933,Citizen Informant #933,44,7,1,1,1
934,934,Citizen Informant #934,25,3,1,1,2
935,935,Citizen Informant #935,53,5,1,1,2
936,936,Citizen Informant #936,40,9,1,1,1
937,937,Citizen Informant #937,58,10,1,1,1
938,938,Citizen Informant #938,54,1,1,1,1
939,939,Citizen Informant #939,28,2,1,1,2
940,940,Citizen Informant #940,30,7,1,1,2
941,941,Citizen Informant #941,40,8,1,1,1
942,942,Citizen Informant #942,54,3,1,1,1
943,943,Citizen Informant #943,53,6,1,1,1
944,944,Citizen Informant #944,50,8,1,1,1
945,945,Citizen Informant #945,31,9,1,1,2
946,946,Citizen Informant #946,39,7,1,1,1
947,947,Citizen Informant #947,53,10,1,1,1
948,948,Citizen Informant #948,48,4,1,1,2
949,949,Citizen Informant #949,52,2,1,1,1
950,950,Citizen Informant #950,36,1,1,1,1
951,951,Citizen Informant #951,43,8,1,1,2
952,952,Citizen Informant #952,25,6,1,1,1
953,953,Citizen Informant #953,52,2,1,1,1
954,954,Citizen Informant #954,52,3,1,1,2
955,955,Citizen Informant #955,56,10,1,1,2
956,956,Citizen Informant #956,58,3,1,1,2
957,957,Citizen Informant #957,35,10,1,1,2
958,958,Citizen Informant #958,37,2,1,1,1
959,959,Citizen Informant #959,42,9,1,1,2
960,960,Citizen Informant #960,50,3,1,1,2
961,961,Citizen Informant #961,42,1,1,1,2
962,962,Citizen Informant #962,35,9,1,1,2
963,963,Citizen Informant #963,44,3,1,1,2
964,964,Citizen Informant #964,50,5,1,1,1
965,965,Citizen Informant #965,43,8,1,1,2
966,966,Citizen Informant #966,32,8,1,1,2
967,967,Citizen Informant #967,31,4,1,1,2
968,968,Citizen Informant #968,50,7,1,1,2
969,969,Citizen Informant #969,38,7,1,1,2
970,970,Citizen Informant #970,29,1,1,1,1
971,971,Citizen Informant #971,52,7,1,1,2
972,972,Citizen Informant #972,57,6,1,1,2
973,973,Citizen Informant #973,53,5,1,1,2
974,974,Citizen Informant #974,42,9,1,1,1
975,975,Citizen Informant #975,45,10,1,1,1
976,976,Citizen Informant #976,60,1,1,1,2
977,977,Citizen Informant #977,28,6,1,1,1
978,978,Citizen Informant #978,30,7,1,1,1
979,979,Citizen Informant #979,60,6,1,1,2
980,980,Citizen Informant #980,26,4,1,1,2
981,981,Citizen Informant #981,42,8,1,1,1
982,982,Citizen Informant #982,57,8,1,1,2
983,983,Citizen Informant #983,41,8,1,1,1
984,984,Citizen Informant #984,31,3,1,1,1
985,985,Citizen Informant #985,53,6,1,1,2
986,986,Citizen Informant #986,45,4,1,1,1
987,987,Citizen Informant #987,26,7,1,1,2
988,988,Citizen Informant #988,59,8,1,1,1
989,989,Citizen Informant #989,29,5,1,1,1
990,990,Citizen Informant #990,40,9,1,1,2
991,991,Citizen Informant #991,39,3,1,1,2
992,992,Citizen Informant #992,30,8,1,1,2
993,993,Citizen Informant #993,26,4,1,1,2
994,994,Citizen Informant #994,47,4,1,1,1
995,995,Citizen Informant #995,36,8,1,1,2
996,996,Citizen Informant #996,44,4,1,1,2
997,997,Citizen Informant #997,45,2,1,1,1
998,998,Citizen Informant #998,25,4,1,1,2
999,999,Citizen Informant #999,50,9,1,1,1
1000,1000,Citizen Informant #1000,25,2,1,1,2
1001,1001,Citizen Informant #1001,30,3,1,1,2
1002,1002,Citizen Informant #1002,45,10,1,1,2
1003,1003,Citizen Informant #1003,56,5,1,1,1
1004,1004,Citizen Informant #1004,57,4,1,1,1
1005,1005,Citizen Informant #1005,43,2,1,1,2
1006,1006,Citizen Informant #1006,60,7,1,1,2
1007,1007,Citizen Informant #1007,31,2,1,1,1
1008,1008,Citizen Informant #1008,43,2,1,1,2
1009,1009,Citizen Informant #1009,50,2,1,1,2
1010,1010,Citizen Informant #1010,36,7,1,1,2
1011,1011,Citizen Informant #1011,53,3,1,1,2
1012,1012,Citizen Informant #1012,59,4,1,1,1
1013,1013,Citizen Informant #1013,57,1,1,1,1
1014,1014,Citizen Informant #1014,53,6,1,1,2
1015,1015,Citizen Informant #1015,34,6,1,1,2
1016,1016,Citizen Informant #1016,38,7,1,1,2
1017,1017,Citizen Informant #1017,32,3,1,1,2
1018,1018,Citizen Informant #1018,49,8,1,1,2
1019,1019,Citizen Informant #1019,59,8,1,1,1
1020,1020,Citizen Informant #1020,35,7,1,1,1
1021,1021,Citizen Informant #1021,44,5,1,1,2
1022,1022,Citizen Informant #1022,28,4,1,1,1
1023,1023,Citizen Informant #1023,43,3,1,1,1
1024,1024,Citizen Informant #1024,43,10,1,1,1
1025,1025,Citizen Informant #1025,32,9,1,1,1
1026,1026,Citizen Informant #1026,32,3,1,1,1
1027,1027,Citizen Informant #1027,33,10,1,1,2
1028,1028,Citizen Informant #1028,34,8,1,1,1
1029,1029,Citizen Informant #1029,39,10,1,1,2
1030,1030,Citizen Informant #1030,27,6,1,1,2
1031,1031,Citizen Informant #1031,35,2,1,1,1
1032,1032,Citizen Informant #1032,27,2,1,1,2
1033,1033,Citizen Informant #1033,57,3,1,1,1
1034,1034,Citizen Informant #1034,37,8,1,1,2
1035,1035,Citizen Informant #1035,52,3,1,1,2
1036,1036,Citizen Informant #1036,46,10,1,1,2
1037,1037,Citizen Informant #1037,25,4,1,1,2
1038,1038,Citizen Informant #1038,51,7,1,1,2
1039,1039,Citizen Informant #1039,43,8,1,1,1
1040,1040,Citizen Informant #1040,29,4,1,1,1
1041,1041,Citizen Informant #1041,38,8,1,1,2
1042,1042,Citizen Informant #1042,35,3,1,1,2
1043,1043,Citizen Informant #1043,45,9,1,1,2
1044,1044,Citizen Informant #1044,56,4,1,1,2
1045,1045,Citizen Informant #1045,52,10,1,1,2
1046,1046,Citizen Informant #1046,37,10,1,1,1
1047,1047,Citizen Informant #1047,37,5,1,1,1
1048,1048,Citizen Informant #1048,46,7,1,1,1
1049,1049,Citizen Informant #1049,38,7,1,1,2
1050,1050,Citizen Informant #1050,60,9,1,1,1
1051,1051,Citizen Informant #1051,48,1,1,1,2
1052,1052,Citizen Informant #1052,30,3,1,1,2
1053,1053,Citizen Informant #1053,28,10,1,1,2
1054,1054,Citizen Informant #1054,48,5,1,1,2
1055,1055,Citizen Informant #1055,40,1,1,1,2
1056,1056,Citizen Informant #1056,59,8,1,1,1
1057,1057,Citizen Informant #1057,43,2,1,1,1
1058,1058,Citizen Informant #1058,52,2,1,1,1
1059,1059,Citizen Informant #1059,59,10,1,1,2
1060,1060,Citizen Informant #1060,51,2,1,1,1
1061,1061,Citizen Informant #1061,47,6,1,1,2
1062,1062,Citizen Informant #1062,27,9,1,1,2
1063,1063,Citizen Informant #1063,57,5,1,1,2
1064,1064,Citizen Informant #1064,32,5,1,1,2
1065,1065,Citizen Informant #1065,51,3,1,1,2
1066,1066,Citizen Informant #1066,53,6,1,1,2
1067,1067,Citizen Informant #1067,55,10,1,1,1
1068,1068,Citizen Informant #1068,59,9,1,1,1
1069,1069,Citizen Informant #1069,52,10,1,1,2
1070,1070,Citizen Informant #1070,47,6,1,1,2
1071,1071,Citizen Informant #1071,45,6,1,1,2
1072,1072,Citizen Informant #1072,34,5,1,1,1
1073,1073,Citizen Informant #1073,43,3,1,1,2
1074,1074,Citizen Informant #1074,58,5,1,1,2
1075,1075,Citizen Informant #1075,44,10,1,1,2
1076,1076,Citizen Informant #1076,44,9,1,1,2
1077,1077,Citizen Informant #1077,44,1,1,1,2
1078,1078,Citizen Informant #1078,40,9,1,1,2
1079,1079,Citizen Informant #1079,42,6,1,1,2
1080,1080,Citizen Informant #1080,43,10,1,1,1
1081,1081,Citizen Informant #1081,42,1,1,1,2
1082,1082,Citizen Informant #1082,28,3,1,1,2
1083,1083,Citizen Informant #1083,54,6,1,1,2
1084,1084,Citizen Informant #1084,55,7,1,1,1
1085,1085,Citizen Informant #1085,39,9,1,1,1
1086,1086,Citizen Informant #1086,59,4,1,1,1
1087,1087,Citizen Informant #1087,49,8,1,1,1
1088,1088,Citizen Informant #1088,50,10,1,1,1
1089,1089,Citizen Informant #1089,42,9,1,1,2
1090,1090,Citizen Informant #1090,60,6,1,1,2
1091,1091,Citizen Informant #1091,60,4,1,1,1
1092,1092,Citizen Informant #1092,53,4,1,1,2
1093,1093,Citizen Informant #1093,36,1,1,1,1
1094,1094,Citizen Informant #1094,35,2,1,1,1
1095,1095,Citizen Informant #1095,53,9,1,1,2
1096,1096,Citizen Informant #1096,27,6,1,1,2
1097,1097,Citizen Informant #1097,57,10,1,1,2
1098,1098,Citizen Informant #1098,54,4,1,1,1
1099,1099,Citizen Informant #1099,49,4,1,1,2
1100,1100,Citizen Informant #1100,33,5,1,1,1
1101,1101,Citizen Informant #1101,56,10,1,1,2
1102,1102,Citizen Informant #1102,35,4,1,1,1
1103,1103,Citizen Informant #1103,31,8,1,1,2
1104,1104,Citizen Informant #1104,48,9,1,1,2
1105,1105,Citizen Informant #1105,38,5,1,1,1
1106,1106,Citizen Informant #1106,36,9,1,1,2
1107,1107,Citizen Informant #1107,28,3,1,1,1
1108,1108,Citizen Informant #1108,25,3,1,1,1
1109,1109,Citizen Informant #1109,51,2,1,1,1
1110,1110,Citizen Informant #1110,28,4,1,1,2
1111,1111,Citizen Informant #1111,58,7,1,1,1
1112,1112,Citizen Informant #1112,52,1,1,1,2
1113,1113,Citizen Informant #1113,25,7,1,1,1
1114,1114,Citizen Informant #1114,33,4,1,1,2
1115,1115,Citizen Informant #1115,53,10,1,1,2
1116,1116,Citizen Informant #1116,51,2,1,1,1
1117,1117,Citizen Informant #1117,39,8,1,1,1
1118,1118,Citizen Informant #1118,52,1,1,1,1
1119,1119,Citizen Informant #1119,43,7,1,1,2
1120,1120,Citizen Informant #1120,38,6,1,1,1
1121,1121,Citizen Informant #1121,52,1,1,1,2
1122,1122,Citizen Informant #1122,55,1,1,1,1
1123,1123,Citizen Informant #1123,44,2,1,1,2
1124,1124,Citizen Informant #1124,47,9,1,1,1
1125,1125,Citizen Informant #1125,26,4,1,1,2
1126,1126,Citizen Informant #1126,32,1,1,1,2
1127,1127,Citizen Informant #1127,31,2,1,1,2
1128,1128,Citizen Informant #1128,27,3,1,1,1
1129,1129,Citizen Informant #1129,59,8,1,1,1
1130,1130,Citizen Informant #1130,51,5,1,1,2
1131,1131,Citizen Informant #1131,33,4,1,1,1
1132,1132,Citizen Informant #1132,55,3,1,1,2
1133,1133,Citizen Informant #1133,35,4,1,1,2
1134,1134,Citizen Informant #1134,49,6,1,1,1
1135,1135,Citizen Informant #1135,25,9,1,1,2
1136,1136,Citizen Informant #1136,55,6,1,1,2
1137,1137,Citizen Informant #1137,37,7,1,1,1
1138,1138,Citizen Informant #1138,27,3,1,1,1
1139,1139,Citizen Informant #1139,39,10,1,1,1
1140,1140,Citizen Informant #1140,55,1,1,1,2
1141,1141,Citizen Informant #1141,53,8,1,1,2
1142,1142,Citizen Informant #1142,46,1,1,1,2
1143,1143,Citizen Informant #1143,55,7,1,1,1
1144,1144,Citizen Informant #1144,30,7,1,1,2
1145,1145,Citizen Informant #1145,47,5,1,1,1
1146,1146,Citizen Informant #1146,43,2,1,1,1
1147,1147,Citizen Informant #1147,46,9,1,1,2
1148,1148,Citizen Informant #1148,52,2,1,1,1
1149,1149,Citizen Informant #1149,57,5,1,1,1
1150,1150,Citizen Informant #1150,32,4,1,1,2
1151,1151,Citizen Informant #1151,25,6,1,1,1
1152,1152,Citizen Informant #1152,49,7,1,1,2
1153,1153,Citizen Informant #1153,57,2,1,1,2
1154,1154,Citizen Informant #1154,46,9,1,1,2
1155,1155,Citizen Informant #1155,55,9,1,1,2
1156,1156,Citizen Informant #1156,32,1,1,1,2
1157,1157,Citizen Informant #1157,25,4,1,1,2
1158,1158,Citizen Informant #1158,33,4,1,1,1
1159,1159,Citizen Informant #1159,35,8,1,1,1
1160,1160,Citizen Informant #1160,50,8,1,1,2
1161,1161,Citizen Informant #1161,34,10,1,1,1
1162,1162,Citizen Informant #1162,48,2,1,1,1
1163,1163,Citizen Informant #1163,51,5,1,1,1
1164,1164,Citizen Informant #1164,54,5,1,1,1
1165,1165,Citizen Informant #1165,37,4,1,1,1
1166,1166,Citizen Informant #1166,53,4,1,1,2
1167,1167,Citizen Informant #1167,31,3,1,1,1
1168,1168,Citizen Informant #1168,38,3,1,1,2
1169,1169,Citizen Informant #1169,52,2,1,1,1
1170,1170,Citizen Informant #1170,40,10,1,1,1
1171,1171,Citizen Informant #1171,49,4,1,1,2
1172,1172,Citizen Informant #1172,57,2,1,1,1
1173,1173,Citizen Informant #1173,58,5,1,1,1
1174,1174,Citizen Informant #1174,46,1,1,1,2
1175,1175,Citizen Informant #1175,54,6,1,1,1
1176,1176,Citizen Informant #1176,52,7,1,1,2
1177,1177,Citizen Informant #1177,55,8,1,1,2
1178,1178,Citizen Informant #1178,47,8,1,1,2
1179,1179,Citizen Informant #1179,26,9,1,1,1
1180,1180,Citizen Informant #1180,42,9,1,1,1
1181,1181,Citizen Informant #1181,40,5,1,1,1
1182,1182,Citizen Informant #1182,35,9,1,1,1
1183,1183,Citizen Informant #1183,41,4,1,1,2
1184,1184,Citizen Informant #1184,44,2,1,1,1
1185,1185,Citizen Informant #1185,38,8,1,1,2
1186,1186,Citizen Informant #1186,42,7,1,1,1
1187,1187,Citizen Informant #1187,34,5,1,1,1
1188,1188,Citizen Informant #1188,29,1,1,1,2
1189,1189,Citizen Informant #1189,42,3,1,1,1
1190,1190,Citizen Informant #1190,32,1,1,1,2
1191,1191,Citizen Informant #1191,59,8,1,1,1
1192,1192,Citizen Informant #1192,53,7,1,1,1
1193,1193,Citizen Informant #1193,30,7,1,1,2
1194,1194,Citizen Informant #1194,57,2,1,1,2
1195,1195,Citizen Informant #1195,56,2,1,1,1
1196,1196,Citizen Informant #1196,33,2,1,1,1
1197,1197,Citizen Informant #1197,36,3,1,1,2
1198,1198,Citizen Informant #1198,25,8,1,1,1
1199,1199,Citizen Informant #1199,51,3,1,1,1
1200,1200,Citizen Informant #1200,42,4,1,1,1
1201,1201,Citizen Informant #1201,47,1,1,1,1
1202,1202,Citizen Informant #1202,58,8,1,1,1
1203,1203,Citizen Informant #1203,49,4,1,1,2
1204,1204,Citizen Informant #1204,40,8,1,1,1
1205,1205,Citizen Informant #1205,56,3,1,1,1
1206,1206,Citizen Informant #1206,48,8,1,1,2
1207,1207,Citizen Informant #1207,36,6,1,1,2
1208,1208,Citizen Informant #1208,41,4,1,1,1
1209,1209,Citizen Informant #1209,41,4,1,1,2
1210,1210,Citizen Informant #1210,60,8,1,1,2
1211,1211,Citizen Informant #1211,29,3,1,1,1
1212,1212,Citizen Informant #1212,47,4,1,1,1
1213,1213,Citizen Informant #1213,30,5,1,1,2
1214,1214,Citizen Informant #1214,36,2,1,1,2
1215,1215,Citizen Informant #1215,35,1,1,1,2
1216,1216,Citizen Informant #1216,58,2,1,1,1
1217,1217,Citizen Informant #1217,54,1,1,1,2
1218,1218,Citizen Informant #1218,54,10,1,1,2
1219,1219,Citizen Informant #1219,35,2,1,1,1
1220,1220,Citizen Informant #1220,31,8,1,1,1
1221,1221,Citizen Informant #1221,57,6,1,1,2
1222,1222,Citizen Informant #1222,42,3,1,1,2
1223,1223,Citizen Informant #1223,45,7,1,1,1
1224,1224,Citizen Informant #1224,60,8,1,1,1
1225,1225,Citizen Informant #1225,59,1,1,1,2
1226,1226,Citizen Informant #1226,30,5,1,1,2
1227,1227,Citizen Informant #1227,57,2,1,1,2
1228,1228,Citizen Informant #1228,25,9,1,1,2
1229,1229,Citizen Informant #1229,25,10,1,1,1
1230,1230,Citizen Informant #1230,31,6,1,1,2
1231,1231,Citizen Informant #1231,53,6,1,1,1
1232,1232,Citizen Informant #1232,38,7,1,1,1
1233,1233,Citizen Informant #1233,33,3,1,1,1
1234,1234,Citizen Informant #1234,41,3,1,1,1
1235,1235,Citizen Informant #1235,55,6,1,1,1
1236,1236,Citizen Informant #1236,44,9,1,1,2
1237,1237,Citizen Informant #1237,58,1,1,1,1
1238,1238,Citizen Informant #1238,31,9,1,1,1
1239,1239,Citizen Informant #1239,52,9,1,1,2
1240,1240,Citizen Informant #1240,32,10,1,1,2
1241,1241,Citizen Informant #1241,29,9,1,1,2
1242,1242,Citizen Informant #1242,32,5,1,1,1
1243,1243,Citizen Informant #1243,41,5,1,1,1
1244,1244,Citizen Informant #1244,28,1,1,1,1
1245,1245,Citizen Informant #1245,48,10,1,1,2
1246,1246,Citizen Informant #1246,35,10,1,1,2
1247,1247,Citizen Informant #1247,36,6,1,1,1
1248,1248,Citizen Informant #1248,26,5,1,1,2
1249,1249,Citizen Informant #1249,45,9,1,1,2
1250,1250,Citizen Informant #1250,34,8,1,1,2
1251,1251,Citizen Informant #1251,59,9,1,1,1
1252,1252,Citizen Informant #1252,51,8,1,1,2
1253,1253,Citizen Informant #1253,59,7,1,1,2
1254,1254,Citizen Informant #1254,27,5,1,1,2
1255,1255,Citizen Informant #1255,59,8,1,1,2
1256,1256,Citizen Informant #1256,34,9,1,1,1
1257,1257,Citizen Informant #1257,44,7,1,1,2
1258,1258,Citizen Informant #1258,40,7,1,1,1
1259,1259,Citizen Informant #1259,47,2,1,1,2
1260,1260,Citizen Informant #1260,31,4,1,1,1
1261,1261,Citizen Informant #1261,28,4,1,1,2
1262,1262,Citizen Informant #1262,48,5,1,1,2
1263,1263,Citizen Informant #1263,35,1,1,1,1
1264,1264,Citizen Informant #1264,48,1,1,1,1
1265,1265,Citizen Informant #1265,42,6,1,1,1
1266,1266,Citizen Informant #1266,30,2,1,1,1
1267,1267,Citizen Informant #1267,39,3,1,1,2
1268,1268,Citizen Informant #1268,40,6,1,1,1
1269,1269,Citizen Informant #1269,44,1,1,1,2
1270,1270,Citizen Informant #1270,51,1,1,1,2
1271,1271,Citizen Informant #1271,36,8,1,1,2
1272,1272,Citizen Informant #1272,47,8,1,1,1
1273,1273,Citizen Informant #1273,54,10,1,1,1
1274,1274,Citizen Informant #1274,58,1,1,1,1
1275,1275,Citizen Informant #1275,33,2,1,1,2
1276,1276,Citizen Informant #1276,30,1,1,1,1
1277,1277,Citizen Informant #1277,52,10,1,1,2
1278,1278,Citizen Informant #1278,30,2,1,1,1
1279,1279,Citizen Informant #1279,55,2,1,1,1
1280,1280,Citizen Informant #1280,38,6,1,1,1
1281,1281,Citizen Informant #1281,39,3,1,1,1
1282,1282,Citizen Informant #1282,47,3,1,1,2
1283,1283,Citizen Informant #1283,33,4,1,1,2
1284,1284,Citizen Informant #1284,28,3,1,1,1
1285,1285,Citizen Informant #1285,47,3,1,1,2
1286,1286,Citizen Informant #1286,37,4,1,1,1
1287,1287,Citizen Informant #1287,57,9,1,1,2
1288,1288,Citizen Informant #1288,25,6,1,1,1
1289,1289,Citizen Informant #1289,29,3,1,1,2
1290,1290,Citizen Informant #1290,36,9,1,1,1
1291,1291,Citizen Informant #1291,36,8,1,1,1
1292,1292,Citizen Informant #1292,38,6,1,1,1
1293,1293,Citizen Informant #1293,51,8,1,1,1
1294,1294,Citizen Informant #1294,37,3,1,1,2
1295,1295,Citizen Informant #1295,32,3,1,1,1
1296,1296,Citizen Informant #1296,59,7,1,1,2
1297,1297,Citizen Informant #1297,44,4,1,1,2
1298,1298,Citizen Informant #1298,29,10,1,1,2
1299,1299,Citizen Informant #1299,44,10,1,1,2
1300,1300,Citizen Informant #1300,46,9,1,1,2
1301,1301,Citizen Informant #1301,40,5,1,1,2
1302,1302,Citizen Informant #1302,33,10,1,1,1
1303,1303,Citizen Informant #1303,56,9,1,1,2
1304,1304,Citizen Informant #1304,58,2,1,1,2
1305,1305,Citizen Informant #1305,35,2,1,1,1
1306,1306,Citizen Informant #1306,47,3,1,1,2
1307,1307,Citizen Informant #1307,53,8,1,1,1
1308,1308,Citizen Informant #1308,58,7,1,1,2
1309,1309,Citizen Informant #1309,60,7,1,1,2
1310,1310,Citizen Informant #1310,53,9,1,1,2
1311,1311,Citizen Informant #1311,29,5,1,1,1
1312,1312,Citizen Informant #1312,49,4,1,1,1
1313,1313,Citizen Informant #1313,54,10,1,1,2
1314,1314,Citizen Informant #1314,47,7,1,1,1
1315,1315,Citizen Informant #1315,59,2,1,1,1
1316,1316,Citizen Informant #1316,59,6,1,1,2
1317,1317,Citizen Informant #1317,45,2,1,1,1
1318,1318,Citizen Informant #1318,46,3,1,1,2
1319,1319,Citizen Informant #1319,42,9,1,1,1
1320,1320,Citizen Informant #1320,47,8,1,1,2
1321,1321,Citizen Informant #1321,41,8,1,1,1
1322,1322,Citizen Informant #1322,28,9,1,1,2
1323,1323,Citizen Informant #1323,39,5,1,1,2
1324,1324,Citizen Informant #1324,29,9,1,1,2
1325,1325,Citizen Informant #1325,33,7,1,1,1
1326,1326,Citizen Informant #1326,56,8,1,1,2
1327,1327,Citizen Informant #1327,42,5,1,1,1
1328,1328,Citizen Informant #1328,44,5,1,1,1
1329,1329,Citizen Informant #1329,38,2,1,1,2
1330,1330,Citizen Informant #1330,29,7,1,1,2
1331,1331,Citizen Informant #1331,47,10,1,1,2
1332,1332,Citizen Informant #1332,57,9,1,1,2
1333,1333,Citizen Informant #1333,36,7,1,1,1
1334,1334,Citizen Informant #1334,53,3,1,1,1
1335,1335,Citizen Informant #1335,32,4,1,1,1
1336,1336,Citizen Informant #1336,59,9,1,1,2
1337,1337,Citizen Informant #1337,56,5,1,1,1
1338,1338,Citizen Informant #1338,53,7,1,1,1
1339,1339,Citizen Informant #1339,48,1,1,1,2
1340,1340,Citizen Informant #1340,48,8,1,1,1
1341,1341,Citizen Informant #1341,58,10,1,1,1
1342,1342,Citizen Informant #1342,35,4,1,1,2
1343,1343,Citizen Informant #1343,50,8,1,1,1
1344,1344,Citizen Informant #1344,29,8,1,1,1
1345,1345,Citizen Informant #1345,34,4,1,1,1
1346,1346,Citizen Informant #1346,45,9,1,1,2
1347,1347,Citizen Informant #1347,48,9,1,1,2
1348,1348,Citizen Informant #1348,34,10,1,1,2
1349,1349,Citizen Informant #1349,41,2,1,1,2
1350,1350,Citizen Informant #1350,36,7,1,1,1
1351,1351,Citizen Informant #1351,26,7,1,1,1
1352,1352,Citizen Informant #1352,49,5,1,1,2
1353,1353,Citizen Informant #1353,36,4,1,1,2
1354,1354,Citizen Informant #1354,36,3,1,1,2
1355,1355,Citizen Informant #1355,35,6,1,1,2
1356,1356,Citizen Informant #1356,44,3,1,1,2
1357,1357,Citizen Informant #1357,52,6,1,1,2
1358,1358,Citizen Informant #1358,42,3,1,1,1
1359,1359,Citizen Informant #1359,52,8,1,1,1
1360,1360,Citizen Informant #1360,55,5,1,1,1
1361,1361,Citizen Informant #1361,38,4,1,1,1
1362,1362,Citizen Informant #1362,40,6,1,1,2
1363,1363,Citizen Informant #1363,25,7,1,1,1
1364,1364,Citizen Informant #1364,44,9,1,1,1
1365,1365,Citizen Informant #1365,30,10,1,1,1
1366,1366,Citizen Informant #1366,52,5,1,1,1
1367,1367,Citizen Informant #1367,43,2,1,1,2
1368,1368,Citizen Informant #1368,46,1,1,1,1
1369,1369,Citizen Informant #1369,56,5,1,1,1
1370,1370,Citizen Informant #1370,28,2,1,1,1
1371,1371,Citizen Informant #1371,44,8,1,1,1
1372,1372,Citizen Informant #1372,30,8,1,1,1
1373,1373,Citizen Informant #1373,38,8,1,1,1
1374,1374,Citizen Informant #1374,49,6,1,1,2
1375,1375,Citizen Informant #1375,48,3,1,1,2
1376,1376,Citizen Informant #1376,47,6,1,1,1
1377,1377,Citizen Informant #1377,59,6,1,1,1
1378,1378,Citizen Informant #1378,54,5,1,1,2
1379,1379,Citizen Informant #1379,52,7,1,1,2
1380,1380,Citizen Informant #1380,46,9,1,1,2
1381,1381,Citizen Informant #1381,28,1,1,1,2
1382,1382,Citizen Informant #1382,52,10,1,1,1
1383,1383,Citizen Informant #1383,37,4,1,1,1
1384,1384,Citizen Informant #1384,59,9,1,1,1
1385,1385,Citizen Informant #1385,30,6,1,1,2
1386,1386,Citizen Informant #1386,56,5,1,1,2
1387,1387,Citizen Informant #1387,33,2,1,1,1
1388,1388,Citizen Informant #1388,40,2,1,1,1
1389,1389,Citizen Informant #1389,48,1,1,1,2
1390,1390,Citizen Informant #1390,51,2,1,1,2
1391,1391,Citizen Informant #1391,41,2,1,1,2
1392,1392,Citizen Informant #1392,58,9,1,1,2
1393,1393,Citizen Informant #1393,60,6,1,1,1
1394,1394,Citizen Informant #1394,40,5,1,1,1
1395,1395,Citizen Informant #1395,45,3,1,1,1
1396,1396,Citizen Informant #1396,38,9,1,1,2
1397,1397,Citizen Informant #1397,52,8,1,1,1
1398,1398,Citizen Informant #1398,49,2,1,1,1
1399,1399,Citizen Informant #1399,29,3,1,1,1
1400,1400,Citizen Informant #1400,51,4,1,1,1
1401,1401,Citizen Informant #1401,42,3,1,1,2
1402,1402,Citizen Informant #1402,41,4,1,1,2
1403,1403,Citizen Informant #1403,44,9,1,1,2
1404,1404,Citizen Informant #1404,53,7,1,1,1
1405,1405,Citizen Informant #1405,32,5,1,1,1
1406,1406,Citizen Informant #1406,33,6,1,1,1
1407,1407,Citizen Informant #1407,58,2,1,1,2
1408,1408,Citizen Informant #1408,37,3,1,1,1
1409,1409,Citizen Informant #1409,28,1,1,1,1
1410,1410,Citizen Informant #1410,32,1,1,1,2
1411,1411,Citizen Informant #1411,27,5,1,1,2
1412,1412,Citizen Informant #1412,47,9,1,1,2
1413,1413,Citizen Informant #1413,29,5,1,1,1
1414,1414,Citizen Informant #1414,34,7,1,1,1
1415,1415,Citizen Informant #1415,38,7,1,1,2
1416,1416,Citizen Informant #1416,51,8,1,1,1
1417,1417,Citizen Informant #1417,42,9,1,1,2
1418,1418,Citizen Informant #1418,46,6,1,1,1
1419,1419,Citizen Informant #1419,58,7,1,1,1
1420,1420,Citizen Informant #1420,37,9,1,1,2
1421,1421,Citizen Informant #1421,40,5,1,1,1
1422,1422,Citizen Informant #1422,30,6,1,1,1
1423,1423,Citizen Informant #1423,38,9,1,1,2
1424,1424,Citizen Informant #1424,50,5,1,1,1
1425,1425,Citizen Informant #1425,27,6,1,1,2
1426,1426,Citizen Informant #1426,38,6,1,1,1
1427,1427,Citizen Informant #1427,38,6,1,1,1
1428,1428,Citizen Informant #1428,43,2,1,1,2
1429,1429,Citizen Informant #1429,56,2,1,1,1
1430,1430,Citizen Informant #1430,42,4,1,1,2
1431,1431,Citizen Informant #1431,39,9,1,1,1
1432,1432,Citizen Informant #1432,50,9,1,1,2
1433,1433,Citizen Informant #1433,56,8,1,1,2
1434,1434,Citizen Informant #1434,35,10,1,1,1
1435,1435,Citizen Informant #1435,50,4,1,1,1
1436,1436,Citizen Informant #1436,55,8,1,1,2
1437,1437,Citizen Informant #1437,43,5,1,1,2
1438,1438,Citizen Informant #1438,59,7,1,1,2
1439,1439,Citizen Informant #1439,26,9,1,1,2
1440,1440,Citizen Informant #1440,60,9,1,1,2
1441,1441,Citizen Informant #1441,27,8,1,1,2
1442,1442,Citizen Informant #1442,29,4,1,1,2
1443,1443,Citizen Informant #1443,33,9,1,1,1
1444,1444,Citizen Informant #1444,44,10,1,1,2
1445,1445,Citizen Informant #1445,27,3,1,1,1
1446,1446,Citizen Informant #1446,27,8,1,1,1
1447,1447,Citizen Informant #1447,55,7,1,1,1
1448,1448,Citizen Informant #1448,45,7,1,1,1
1449,1449,Citizen Informant #1449,53,6,1,1,2
1450,1450,Citizen Informant #1450,41,1,1,1,2
1451,1451,Citizen Informant #1451,48,10,1,1,2
1452,1452,Citizen Informant #1452,25,8,1,1,2
1453,1453,Citizen Informant #1453,56,4,1,1,2
1454,1454,Citizen Informant #1454,32,2,1,1,2
1455,1455,Citizen Informant #1455,42,8,1,1,2
1456,1456,Citizen Informant #1456,49,6,1,1,1
1457,1457,Citizen Informant #1457,29,1,1,1,2
1458,1458,Citizen Informant #1458,39,7,1,1,2
1459,1459,Citizen Informant #1459,60,8,1,1,2
1460,1460,Citizen Informant #1460,32,9,1,1,1
1461,1461,Citizen Informant #1461,34,8,1,1,1
1462,1462,Citizen Informant #1462,52,3,1,1,1
1463,1463,Citizen Informant #1463,25,10,1,1,2
1464,1464,Citizen Informant #1464,26,9,1,1,1
1465,1465,Citizen Informant #1465,26,6,1,1,2
1466,1466,Citizen Informant #1466,43,4,1,1,1
1467,1467,Citizen Informant #1467,30,6,1,1,1
1468,1468,Citizen Informant #1468,45,2,1,1,1
1469,1469,Citizen Informant #1469,52,4,1,1,1
1470,1470,Citizen Informant #1470,56,7,1,1,1
1471,1471,Citizen Informant #1471,29,7,1,1,2
1472,1472,Citizen Informant #1472,58,9,1,1,1
1473,1473,Citizen Informant #1473,48,3,1,1,1
1474,1474,Citizen Informant #1474,49,7,1,1,2
1475,1475,Citizen Informant #1475,26,10,1,1,2
1476,1476,Citizen Informant #1476,53,10,1,1,1
1477,1477,Citizen Informant #1477,45,7,1,1,1
1478,1478,Citizen Informant #1478,34,9,1,1,2
1479,1479,Citizen Informant #1479,39,9,1,1,1
1480,1480,Citizen Informant #1480,58,7,1,1,1
1481,1481,Citizen Informant #1481,32,6,1,1,2
1482,1482,Citizen Informant #1482,27,4,1,1,2
1483,1483,Citizen Informant #1483,52,9,1,1,2
1484,1484,Citizen Informant #1484,59,8,1,1,2
1485,1485,Citizen Informant #1485,52,8,1,1,2
1486,1486,Citizen Informant #1486,46,2,1,1,2
1487,1487,Citizen Informant #1487,49,2,1,1,2
1488,1488,Citizen Informant #1488,39,3,1,1,1
1489,1489,Citizen Informant #1489,42,4,1,1,1
1490,1490,Citizen Informant #1490,35,10,1,1,2
1491,1491,Citizen Informant #1491,58,5,1,1,1
1492,1492,Citizen Informant #1492,49,1,1,1,2
1493,1493,Citizen Informant #1493,53,8,1,1,2
1494,1494,Citizen Informant #1494,25,10,1,1,2
1495,1495,Citizen Informant #1495,54,3,1,1,2
1496,1496,Citizen Informant #1496,56,2,1,1,2
1497,1497,Citizen Informant #1497,55,9,1,1,1
1498,1498,Citizen Informant #1498,31,10,1,1,2
1499,1499,Citizen Informant #1499,54,5,1,1,1
1500,1500,Citizen Informant #1500,55,5,1,1,1
1501,1501,Citizen Informant #1501,56,3,1,1,1
1502,1502,Citizen Informant #1502,47,6,1,1,2
1503,1503,Citizen Informant #1503,33,8,1,1,1
1504,1504,Citizen Informant #1504,41,4,1,1,2
1505,1505,Citizen Informant #1505,49,3,1,1,1
1506,1506,Citizen Informant #1506,53,1,1,1,1
1507,1507,Citizen Informant #1507,38,7,1,1,1
1508,1508,Citizen Informant #1508,53,8,1,1,2
1509,1509,Citizen Informant #1509,40,3,1,1,2
1510,1510,Citizen Informant #1510,49,5,1,1,1
1511,1511,Citizen Informant #1511,25,2,1,1,2
1512,1512,Citizen Informant #1512,34,7,1,1,2
1513,1513,Citizen Informant #1513,57,5,1,1,1
1514,1514,Citizen Informant #1514,36,7,1,1,1
1515,1515,Citizen Informant #1515,48,2,1,1,2
1516,1516,Citizen Informant #1516,43,2,1,1,2
1517,1517,Citizen Informant #1517,30,7,1,1,1
1518,1518,Citizen Informant #1518,44,2,1,1,1
1519,1519,Citizen Informant #1519,48,1,1,1,2
1520,1520,Citizen Informant #1520,41,4,1,1,2
1521,1521,Citizen Informant #1521,55,7,1,1,1
1522,1522,Citizen Informant #1522,33,6,1,1,2
1523,1523,Citizen Informant #1523,34,5,1,1,1
1524,1524,Citizen Informant #1524,33,7,1,1,1
1525,1525,Citizen Informant #1525,56,2,1,1,1
1526,1526,Citizen Informant #1526,40,7,1,1,2
1527,1527,Citizen Informant #1527,51,2,1,1,2
1528,1528,Citizen Informant #1528,28,4,1,1,1
1529,1529,Citizen Informant #1529,36,8,1,1,2
1530,1530,Citizen Informant #1530,37,7,1,1,1
1531,1531,Citizen Informant #1531,31,8,1,1,2
1532,1532,Citizen Informant #1532,40,6,1,1,1
1533,1533,Citizen Informant #1533,57,9,1,1,1
1534,1534,Citizen Informant #1534,49,9,1,1,2
1535,1535,Citizen Informant #1535,45,1,1,1,1
1536,1536,Citizen Informant #1536,39,10,1,1,1
1537,1537,Citizen Informant #1537,31,2,1,1,1
1538,1538,Citizen Informant #1538,57,1,1,1,1
1539,1539,Citizen Informant #1539,29,9,1,1,1
1540,1540,Citizen Informant #1540,55,1,1,1,2
1541,1541,Citizen Informant #1541,25,10,1,1,1
1542,1542,Citizen Informant #1542,42,1,1,1,2
1543,1543,Citizen Informant #1543,26,3,1,1,1
1544,1544,Citizen Informant #1544,40,7,1,1,1
1545,1545,Citizen Informant #1545,27,3,1,1,1
1546,1546,Citizen Informant #1546,50,5,1,1,1
1547,1547,Citizen Informant #1547,50,7,1,1,2
1548,1548,Citizen Informant #1548,55,8,1,1,1
1549,1549,Citizen Informant #1549,52,10,1,1,2
1550,1550,Citizen Informant #1550,50,8,1,1,2
1551,1551,Citizen Informant #1551,33,2,1,1,2
1552,1552,Citizen Informant #1552,46,5,1,1,2
1553,1553,Citizen Informant #1553,54,3,1,1,2
1554,1554,Citizen Informant #1554,39,3,1,1,2
1555,1555,Citizen Informant #1555,52,8,1,1,2
1556,1556,Citizen Informant #1556,37,4,1,1,2
1557,1557,Citizen Informant #1557,40,6,1,1,1
1558,1558,Citizen Informant #1558,39,10,1,1,2
1559,1559,Citizen Informant #1559,38,1,1,1,1
1560,1560,Citizen Informant #1560,37,3,1,1,2
1561,1561,Citizen Informant #1561,54,2,1,1,2
1562,1562,Citizen Informant #1562,39,6,1,1,1
1563,1563,Citizen Informant #1563,48,5,1,1,2
1564,1564,Citizen Informant #1564,43,2,1,1,2
1565,1565,Citizen Informant #1565,55,7,1,1,1
1566,1566,Citizen Informant #1566,33,4,1,1,2
1567,1567,Citizen Informant #1567,41,3,1,1,2
1568,1568,Citizen Informant #1568,32,8,1,1,2
1569,1569,Citizen Informant #1569,58,6,1,1,1
1570,1570,Citizen Informant #1570,38,4,1,1,1
1571,1571,Citizen Informant #1571,29,1,1,1,2
1572,1572,Citizen Informant #1572,39,10,1,1,2
1573,1573,Citizen Informant #1573,28,2,1,1,2
1574,1574,Citizen Informant #1574,25,3,1,1,2
1575,1575,Citizen Informant #1575,31,10,1,1,1
1576,1576,Citizen Informant #1576,42,7,1,1,1
1577,1577,Citizen Informant #1577,54,7,1,1,1
1578,1578,Citizen Informant #1578,31,3,1,1,1
1579,1579,Citizen Informant #1579,30,5,1,1,2
1580,1580,Citizen Informant #1580,56,4,1,1,1
1581,1581,Citizen Informant #1581,54,2,1,1,2
1582,1582,Citizen Informant #1582,54,1,1,1,2
1583,1583,Citizen Informant #1583,50,7,1,1,1
1584,1584,Citizen Informant #1584,30,2,1,1,2
1585,1585,Citizen Informant #1585,38,8,1,1,2
1586,1586,Citizen Informant #1586,59,9,1,1,2
1587,1587,Citizen Informant #1587,27,8,1,1,1
1588,1588,Citizen Informant #1588,32,3,1,1,2
1589,1589,Citizen Informant #1589,34,2,1,1,1
1590,1590,Citizen Informant #1590,51,2,1,1,2
1591,1591,Citizen Informant #1591,28,7,1,1,2
1592,1592,Citizen Informant #1592,53,9,1,1,2
1593,1593,Citizen Informant #1593,33,8,1,1,2
1594,1594,Citizen Informant #1594,55,7,1,1,1
1595,1595,Citizen Informant #1595,48,6,1,1,2
1596,1596,Citizen Informant #1596,36,4,1,1,1
1597,1597,Citizen Informant #1597,29,1,1,1,1
1598,1598,Citizen Informant #1598,26,6,1,1,2
1599,1599,Citizen Informant #1599,53,9,1,1,1
1600,1600,Citizen Informant #1600,31,3,1,1,1
1601,1601,Citizen Informant #1601,59,6,1,1,2
1602,1602,Citizen Informant #1602,25,4,1,1,2
1603,1603,Citizen Informant #1603,35,6,1,1,1
1604,1604,Citizen Informant #1604,41,2,1,1,1
1605,1605,Citizen Informant #1605,32,4,1,1,2
1606,1606,Citizen Informant #1606,30,10,1,1,2
1607,1607,Citizen Informant #1607,46,8,1,1,1
1608,1608,Citizen Informant #1608,47,8,1,1,2
1609,1609,Citizen Informant #1609,52,5,1,1,2
1610,1610,Citizen Informant #1610,27,9,1,1,2
1611,1611,Citizen Informant #1611,43,10,1,1,2
1612,1612,Citizen Informant #1612,52,4,1,1,2
1613,1613,Citizen Informant #1613,27,7,1,1,1
1614,1614,Citizen Informant #1614,26,9,1,1,2
1615,1615,Citizen Informant #1615,56,7,1,1,1
1616,1616,Citizen Informant #1616,37,4,1,1,2
1617,1617,Citizen Informant #1617,51,7,1,1,1
1618,1618,Citizen Informant #1618,45,4,1,1,1
1619,1619,Citizen Informant #1619,50,10,1,1,1
1620,1620,Citizen Informant #1620,50,9,1,1,2
1621,1621,Citizen Informant #1621,25,7,1,1,1
1622,1622,Citizen Informant #1622,49,2,1,1,1
1623,1623,Citizen Informant #1623,47,7,1,1,1
1624,1624,Citizen Informant #1624,36,10,1,1,1
1625,1625,Citizen Informant #1625,55,8,1,1,1
1626,1626,Citizen Informant #1626,58,5,1,1,1
1627,1627,Citizen Informant #1627,54,1,1,1,1
1628,1628,Citizen Informant #1628,56,5,1,1,2
1629,1629,Citizen Informant #1629,31,3,1,1,2
1630,1630,Citizen Informant #1630,58,10,1,1,1
1631,1631,Citizen Informant #1631,29,10,1,1,1
1632,1632,Citizen Informant #1632,60,2,1,1,1
1633,1633,Citizen Informant #1633,59,3,1,1,2
1634,1634,Citizen Informant #1634,38,3,1,1,2
1635,1635,Citizen Informant #1635,47,9,1,1,1
1636,1636,Citizen Informant #1636,59,8,1,1,2
1637,1637,Citizen Informant #1637,60,1,1,1,1
1638,1638,Citizen Informant #1638,40,6,1,1,2
1639,1639,Citizen Informant #1639,59,2,1,1,1
1640,1640,Citizen Informant #1640,39,7,1,1,2
1641,1641,Citizen Informant #1641,26,2,1,1,1
1642,1642,Citizen Informant #1642,40,2,1,1,1
1643,1643,Citizen Informant #1643,60,4,1,1,1
1644,1644,Citizen Informant #1644,31,7,1,1,2
1645,1645,Citizen Informant #1645,27,3,1,1,1
1646,1646,Citizen Informant #1646,60,5,1,1,1
1647,1647,Citizen Informant #1647,44,9,1,1,2
1648,1648,Citizen Informant #1648,31,2,1,1,1
1649,1649,Citizen Informant #1649,39,9,1,1,2
1650,1650,Citizen Informant #1650,29,9,1,1,2
1651,1651,Citizen Informant #1651,59,8,1,1,1
1652,1652,Citizen Informant #1652,53,2,1,1,2
1653,1653,Citizen Informant #1653,34,5,1,1,2
1654,1654,Citizen Informant #1654,58,2,1,1,2
1655,1655,Citizen Informant #1655,33,4,1,1,1
1656,1656,Citizen Informant #1656,26,3,1,1,2
1657,1657,Citizen Informant #1657,55,7,1,1,1
1658,1658,Citizen Informant #1658,51,2,1,1,2
1659,1659,Citizen Informant #1659,36,4,1,1,2
1660,1660,Citizen Informant #1660,33,6,1,1,2
1661,1661,Citizen Informant #1661,60,9,1,1,1
1662,1662,Citizen Informant #1662,29,4,1,1,2
1663,1663,Citizen Informant #1663,38,1,1,1,1
1664,1664,Citizen Informant #1664,50,7,1,1,2
1665,1665,Citizen Informant #1665,58,9,1,1,1
1666,1666,Citizen Informant #1666,33,10,1,1,1
1667,1667,Citizen Informant #1667,25,8,1,1,2
1668,1668,Citizen Informant #1668,60,2,1,1,1
1669,1669,Citizen Informant #1669,40,10,1,1,1
1670,1670,Citizen Informant #1670,29,2,1,1,1
1671,1671,Citizen Informant #1671,53,9,1,1,2
1672,1672,Citizen Informant #1672,55,5,1,1,2
1673,1673,Citizen Informant #1673,44,7,1,1,2
1674,1674,Citizen Informant #1674,38,7,1,1,1
1675,1675,Citizen Informant #1675,47,2,1,1,2
1676,1676,Citizen Informant #1676,57,4,1,1,1
1677,1677,Citizen Informant #1677,50,8,1,1,1
1678,1678,Citizen Informant #1678,60,8,1,1,2
1679,1679,Citizen Informant #1679,39,6,1,1,2
1680,1680,Citizen Informant #1680,31,7,1,1,2
1681,1681,Citizen Informant #1681,43,6,1,1,1
1682,1682,Citizen Informant #1682,48,9,1,1,2
1683,1683,Citizen Informant #1683,58,8,1,1,1
1684,1684,Citizen Informant #1684,43,3,1,1,1
1685,1685,Citizen Informant #1685,32,8,1,1,2
1686,1686,Citizen Informant #1686,53,4,1,1,2
1687,1687,Citizen Informant #1687,36,6,1,1,2
1688,1688,Citizen Informant #1688,31,8,1,1,2
1689,1689,Citizen Informant #1689,30,6,1,1,2
1690,1690,Citizen Informant #1690,41,1,1,1,2
1691,1691,Citizen Informant #1691,25,3,1,1,2
1692,1692,Citizen Informant #1692,37,1,1,1,2
1693,1693,Citizen Informant #1693,58,4,1,1,2
1694,1694,Citizen Informant #1694,56,9,1,1,2
1695,1695,Citizen Informant #1695,41,8,1,1,2
1696,1696,Citizen Informant #1696,47,5,1,1,2
1697,1697,Citizen Informant #1697,26,7,1,1,1
1698,1698,Citizen Informant #1698,42,10,1,1,1
1699,1699,Citizen Informant #1699,56,9,1,1,2
1700,1700,Citizen Informant #1700,41,8,1,1,1
1701,1701,Citizen Informant #1701,29,6,1,1,2
1702,1702,Citizen Informant #1702,59,10,1,1,2
1703,1703,Citizen Informant #1703,41,8,1,1,2
1704,1704,Citizen Informant #1704,25,8,1,1,1
1705,1705,Citizen Informant #1705,57,2,1,1,2
1706,1706,Citizen Informant #1706,42,7,1,1,2
1707,1707,Citizen Informant #1707,55,6,1,1,2
1708,1708,Citizen Informant #1708,26,3,1,1,2
1709,1709,Citizen Informant #1709,28,9,1,1,2
1710,1710,Citizen Informant #1710,47,3,1,1,2
1711,1711,Citizen Informant #1711,41,8,1,1,1
1712,1712,Citizen Informant #1712,34,1,1,1,1
1713,1713,Citizen Informant #1713,42,1,1,1,1
1714,1714,Citizen Informant #1714,57,9,1,1,2
1715,1715,Citizen Informant #1715,60,8,1,1,2
1716,1716,Citizen Informant #1716,56,8,1,1,1
1717,1717,Citizen Informant #1717,37,10,1,1,1
1718,1718,Citizen Informant #1718,55,8,1,1,1
1719,1719,Citizen Informant #1719,26,8,1,1,2
1720,1720,Citizen Informant #1720,35,4,1,1,2
1721,1721,Citizen Informant #1721,42,5,1,1,1
1722,1722,Citizen Informant #1722,46,3,1,1,1
1723,1723,Citizen Informant #1723,56,10,1,1,2
1724,1724,Citizen Informant #1724,29,1,1,1,1
1725,1725,Citizen Informant #1725,54,1,1,1,2
1726,1726,Citizen Informant #1726,55,10,1,1,1
1727,1727,Citizen Informant #1727,26,6,1,1,1
1728,1728,Citizen Informant #1728,54,7,1,1,2
1729,1729,Citizen Informant #1729,27,5,1,1,2
1730,1730,Citizen Informant #1730,33,4,1,1,1
1731,1731,Citizen Informant #1731,34,4,1,1,1
1732,1732,Citizen Informant #1732,54,3,1,1,1
1733,1733,Citizen Informant #1733,54,3,1,1,1
1734,1734,Citizen Informant #1734,53,10,1,1,1
1735,1735,Citizen Informant #1735,32,2,1,1,1
1736,1736,Citizen Informant #1736,52,4,1,1,1
1737,1737,Citizen Informant #1737,26,1,1,1,1
1738,1738,Citizen Informant #1738,44,10,1,1,2
1739,1739,Citizen Informant #1739,49,9,1,1,1
1740,1740,Citizen Informant #1740,33,1,1,1,2
1741,1741,Citizen Informant #1741,39,3,1,1,1
1742,1742,Citizen Informant #1742,31,3,1,1,2
1743,1743,Citizen Informant #1743,38,1,1,1,2
1744,1744,Citizen Informant #1744,53,4,1,1,2
1745,1745,Citizen Informant #1745,54,1,1,1,1
1746,1746,Citizen Informant #1746,29,9,1,1,1
1747,1747,Citizen Informant #1747,59,2,1,1,1
1748,1748,Citizen Informant #1748,30,7,1,1,1
1749,1749,Citizen Informant #1749,50,2,1,1,1
1750,1750,Citizen Informant #1750,40,6,1,1,2
1751,1751,Citizen Informant #1751,38,6,1,1,1
1752,1752,Citizen Informant #1752,51,9,1,1,1
1753,1753,Citizen Informant #1753,44,4,1,1,2
1754,1754,Citizen Informant #1754,28,1,1,1,2
1755,1755,Citizen Informant #1755,40,7,1,1,2
1756,1756,Citizen Informant #1756,25,2,1,1,1
1757,1757,Citizen Informant #1757,49,3,1,1,2
1758,1758,Citizen Informant #1758,56,3,1,1,1
1759,1759,Citizen Informant #1759,48,5,1,1,2
1760,1760,Citizen Informant #1760,59,5,1,1,2
1761,1761,Citizen Informant #1761,25,9,1,1,2
1762,1762,Citizen Informant #1762,57,4,1,1,2
1763,1763,Citizen Informant #1763,39,2,1,1,2
1764,1764,Citizen Informant #1764,54,1,1,1,2
1765,1765,Citizen Informant #1765,47,4,1,1,2
1766,1766,Citizen Informant #1766,56,5,1,1,1
1767,1767,Citizen Informant #1767,57,3,1,1,2
1768,1768,Citizen Informant #1768,38,6,1,1,2
1769,1769,Citizen Informant #1769,38,10,1,1,1
1770,1770,Citizen Informant #1770,53,1,1,1,2
1771,1771,Citizen Informant #1771,29,6,1,1,1
1772,1772,Citizen Informant #1772,33,6,1,1,1
1773,1773,Citizen Informant #1773,45,8,1,1,2
1774,1774,Citizen Informant #1774,44,1,1,1,2
1775,1775,Citizen Informant #1775,56,8,1,1,1
1776,1776,Citizen Informant #1776,34,9,1,1,1
1777,1777,Citizen Informant #1777,45,3,1,1,2
1778,1778,Citizen Informant #1778,43,8,1,1,1
1779,1779,Citizen Informant #1779,45,8,1,1,1
1780,1780,Citizen Informant #1780,29,5,1,1,1
1781,1781,Citizen Informant #1781,48,8,1,1,1
1782,1782,Citizen Informant #1782,44,5,1,1,2
1783,1783,Citizen Informant #1783,57,9,1,1,1
1784,1784,Citizen Informant #1784,35,6,1,1,2
1785,1785,Citizen Informant #1785,45,1,1,1,1
1786,1786,Citizen Informant #1786,30,10,1,1,2
1787,1787,Citizen Informant #1787,44,5,1,1,1
1788,1788,Citizen Informant #1788,29,3,1,1,1
1789,1789,Citizen Informant #1789,56,8,1,1,2
1790,1790,Citizen Informant #1790,52,1,1,1,2
1791,1791,Citizen Informant #1791,25,6,1,1,2
1792,1792,Citizen Informant #1792,50,3,1,1,2
1793,1793,Citizen Informant #1793,31,3,1,1,2
1794,1794,Citizen Informant #1794,30,9,1,1,1
1795,1795,Citizen Informant #1795,25,8,1,1,1
1796,1796,Citizen Informant #1796,28,6,1,1,2
1797,1797,Citizen Informant #1797,25,7,1,1,2
1798,1798,Citizen Informant #1798,47,8,1,1,1
1799,1799,Citizen Informant #1799,27,1,1,1,1
1800,1800,Citizen Informant #1800,31,3,1,1,1
1801,1801,Citizen Informant #1801,30,6,1,1,2
1802,1802,Citizen Informant #1802,57,5,1,1,1
1803,1803,Citizen Informant #1803,47,5,1,1,1
1804,1804,Citizen Informant #1804,50,4,1,1,1
1805,1805,Citizen Informant #1805,31,3,1,1,2
1806,1806,Citizen Informant #1806,48,5,1,1,1
1807,1807,Citizen Informant #1807,53,2,1,1,1
1808,1808,Citizen Informant #1808,59,1,1,1,1
1809,1809,Citizen Informant #1809,30,7,1,1,1
1810,1810,Citizen Informant #1810,30,4,1,1,2
1811,1811,Citizen Informant #1811,60,4,1,1,2
1812,1812,Citizen Informant #1812,51,6,1,1,2
1813,1813,Citizen Informant #1813,58,6,1,1,2
1814,1814,Citizen Informant #1814,41,3,1,1,2
1815,1815,Citizen Informant #1815,48,7,1,1,1
1816,1816,Citizen Informant #1816,30,3,1,1,2
1817,1817,Citizen Informant #1817,44,7,1,1,2
1818,1818,Citizen Informant #1818,37,10,1,1,2
1819,1819,Citizen Informant #1819,38,9,1,1,2
1820,1820,Citizen Informant #1820,28,3,1,1,2
1821,1821,Citizen Informant #1821,44,10,1,1,2
1822,1822,Citizen Informant #1822,48,3,1,1,1
1823,1823,Citizen Informant #1823,47,9,1,1,1
1824,1824,Citizen Informant #1824,42,5,1,1,2
1825,1825,Citizen Informant #1825,39,9,1,1,1
1826,1826,Citizen Informant #1826,46,1,1,1,2
1827,1827,Citizen Informant #1827,58,8,1,1,2
1828,1828,Citizen Informant #1828,59,10,1,1,1
1829,1829,Citizen Informant #1829,32,4,1,1,2
1830,1830,Citizen Informant #1830,37,9,1,1,1
1831,1831,Citizen Informant #1831,57,8,1,1,2
1832,1832,Citizen Informant #1832,60,4,1,1,1
1833,1833,Citizen Informant #1833,52,5,1,1,1
1834,1834,Citizen Informant #1834,60,1,1,1,1
1835,1835,Citizen Informant #1835,25,10,1,1,1
1836,1836,Citizen Informant #1836,44,8,1,1,1
1837,1837,Citizen Informant #1837,51,6,1,1,1
1838,1838,Citizen Informant #1838,38,9,1,1,1
1839,1839,Citizen Informant #1839,41,3,1,1,2
1840,1840,Citizen Informant #1840,27,4,1,1,1
1841,1841,Citizen Informant #1841,56,9,1,1,2
1842,1842,Citizen Informant #1842,58,4,1,1,2
1843,1843,Citizen Informant #1843,34,2,1,1,2
1844,1844,Citizen Informant #1844,31,1,1,1,1
1845,1845,Citizen Informant #1845,28,5,1,1,1
1846,1846,Citizen Informant #1846,38,8,1,1,2
1847,1847,Citizen Informant #1847,30,6,1,1,2
1848,1848,Citizen Informant #1848,27,1,1,1,2
1849,1849,Citizen Informant #1849,26,9,1,1,1
1850,1850,Citizen Informant #1850,47,6,1,1,2
1851,1851,Citizen Informant #1851,30,7,1,1,2
1852,1852,Citizen Informant #1852,37,3,1,1,2
1853,1853,Citizen Informant #1853,47,6,1,1,2
1854,1854,Citizen Informant #1854,48,6,1,1,2
1855,1855,Citizen Informant #1855,55,1,1,1,1
1856,1856,Citizen Informant #1856,25,9,1,1,1
1857,1857,Citizen Informant #1857,47,4,1,1,2
1858,1858,Citizen Informant #1858,49,9,1,1,1
1859,1859,Citizen Informant #1859,53,10,1,1,2
1860,1860,Citizen Informant #1860,28,10,1,1,1
1861,1861,Citizen Informant #1861,35,10,1,1,2
1862,1862,Citizen Informant #1862,32,8,1,1,2
1863,1863,Citizen Informant #1863,28,2,1,1,2
1864,1864,Citizen Informant #1864,52,10,1,1,1
1865,1865,Citizen Informant #1865,47,5,1,1,2
1866,1866,Citizen Informant #1866,28,10,1,1,1
1867,1867,Citizen Informant #1867,27,2,1,1,2
1868,1868,Citizen Informant #1868,53,7,1,1,1
1869,1869,Citizen Informant #1869,46,8,1,1,1
1870,1870,Citizen Informant #1870,25,6,1,1,2
1871,1871,Citizen Informant #1871,38,5,1,1,2
1872,1872,Citizen Informant #1872,41,10,1,1,2
1873,1873,Citizen Informant #1873,33,9,1,1,2
1874,1874,Citizen Informant #1874,32,2,1,1,2
1875,1875,Citizen Informant #1875,55,2,1,1,2
1876,1876,Citizen Informant #1876,46,10,1,1,2
1877,1877,Citizen Informant #1877,44,1,1,1,2
1878,1878,Citizen Informant #1878,46,6,1,1,1
1879,1879,Citizen Informant #1879,60,2,1,1,2
1880,1880,Citizen Informant #1880,25,8,1,1,1
1881,1881,Citizen Informant #1881,52,6,1,1,1
1882,1882,Citizen Informant #1882,44,2,1,1,1
1883,1883,Citizen Informant #1883,29,10,1,1,1
1884,1884,Citizen Informant #1884,42,5,1,1,2
1885,1885,Citizen Informant #1885,38,4,1,1,2
1886,1886,Citizen Informant #1886,28,10,1,1,2
1887,1887,Citizen Informant #1887,43,5,1,1,2
1888,1888,Citizen Informant #1888,26,2,1,1,2
1889,1889,Citizen Informant #1889,40,6,1,1,2
1890,1890,Citizen Informant #1890,53,7,1,1,1
1891,1891,Citizen Informant #1891,57,6,1,1,1
1892,1892,Citizen Informant #1892,38,3,1,1,1
1893,1893,Citizen Informant #1893,50,9,1,1,2
1894,1894,Citizen Informant #1894,25,1,1,1,2
1895,1895,Citizen Informant #1895,44,1,1,1,1
1896,1896,Citizen Informant #1896,59,2,1,1,1
1897,1897,Citizen Informant #1897,35,7,1,1,2
1898,1898,Citizen Informant #1898,56,7,1,1,2
1899,1899,Citizen Informant #1899,52,5,1,1,2
1900,1900,Citizen Informant #1900,52,1,1,1,1
1901,1901,Citizen Informant #1901,28,8,1,1,2
1902,1902,Citizen Informant #1902,39,5,1,1,2
1903,1903,Citizen Informant #1903,50,10,1,1,2
1904,1904,Citizen Informant #1904,36,7,1,1,1
1905,1905,Citizen Informant #1905,44,10,1,1,1
1906,1906,Citizen Informant #1906,28,4,1,1,1
1907,1907,Citizen Informant #1907,58,5,1,1,1
1908,1908,Citizen Informant #1908,26,5,1,1,1
1909,1909,Citizen Informant #1909,53,1,1,1,2
1910,1910,Citizen Informant #1910,27,10,1,1,1
1911,1911,Citizen Informant #1911,56,10,1,1,2
1912,1912,Citizen Informant #1912,56,10,1,1,2
1913,1913,Citizen Informant #1913,29,4,1,1,1
1914,1914,Citizen Informant #1914,28,1,1,1,2
1915,1915,Citizen Informant #1915,35,1,1,1,1
1916,1916,Citizen Informant #1916,49,2,1,1,2
1917,1917,Citizen Informant #1917,26,9,1,1,1
1918,1918,Citizen Informant #1918,60,1,1,1,2
1919,1919,Citizen Informant #1919,41,8,1,1,2
1920,1920,Citizen Informant #1920,48,10,1,1,2
1921,1921,Citizen Informant #1921,49,4,1,1,1
1922,1922,Citizen Informant #1922,32,7,1,1,2
1923,1923,Citizen Informant #1923,50,3,1,1,2
1924,1924,Citizen Informant #1924,50,1,1,1,2
1925,1925,Citizen Informant #1925,29,6,1,1,1
1926,1926,Citizen Informant #1926,58,3,1,1,1
1927,1927,Citizen Informant #1927,42,2,1,1,2
1928,1928,Citizen Informant #1928,28,2,1,1,2
1929,1929,Citizen Informant #1929,55,3,1,1,2
1930,1930,Citizen Informant #1930,56,2,1,1,1
1931,1931,Citizen Informant #1931,46,9,1,1,1
1932,1932,Citizen Informant #1932,27,6,1,1,1
1933,1933,Citizen Informant #1933,57,2,1,1,1
1934,1934,Citizen Informant #1934,26,3,1,1,2
1935,1935,Citizen Informant #1935,57,4,1,1,1
1936,1936,Citizen Informant #1936,37,9,1,1,1
1937,1937,Citizen Informant #1937,56,3,1,1,1
1938,1938,Citizen Informant #1938,59,1,1,1,2
1939,1939,Citizen Informant #1939,34,7,1,1,1
1940,1940,Citizen Informant #1940,52,6,1,1,2
1941,1941,Citizen Informant #1941,58,1,1,1,1
1942,1942,Citizen Informant #1942,33,2,1,1,1
1943,1943,Citizen Informant #1943,28,6,1,1,1
1944,1944,Citizen Informant #1944,31,1,1,1,2
1945,1945,Citizen Informant #1945,48,3,1,1,1
1946,1946,Citizen Informant #1946,40,8,1,1,2
1947,1947,Citizen Informant #1947,49,1,1,1,2
1948,1948,Citizen Informant #1948,58,3,1,1,2
1949,1949,Citizen Informant #1949,28,10,1,1,1
1950,1950,Citizen Informant #1950,50,4,1,1,2
1951,1951,Citizen Informant #1951,41,7,1,1,2
1952,1952,Citizen Informant #1952,25,7,1,1,2
1953,1953,Citizen Informant #1953,52,3,1,1,1
1954,1954,Citizen Informant #1954,55,7,1,1,1
1955,1955,Citizen Informant #1955,60,5,1,1,2
1956,1956,Citizen Informant #1956,39,3,1,1,1
1957,1957,Citizen Informant #1957,30,3,1,1,1
1958,1958,Citizen Informant #1958,36,8,1,1,2
1959,1959,Citizen Informant #1959,28,3,1,1,1
1960,1960,Citizen Informant #1960,48,4,1,1,1
1961,1961,Citizen Informant #1961,25,4,1,1,1
1962,1962,Citizen Informant #1962,41,3,1,1,1
1963,1963,Citizen Informant #1963,44,10,1,1,1
1964,1964,Citizen Informant #1964,59,2,1,1,1
1965,1965,Citizen Informant #1965,42,7,1,1,1
1966,1966,Citizen Informant #1966,45,5,1,1,2
1967,1967,Citizen Informant #1967,27,3,1,1,2
1968,1968,Citizen Informant #1968,55,10,1,1,1
1969,1969,Citizen Informant #1969,34,8,1,1,1
1970,1970,Citizen Informant #1970,39,8,1,1,1
1971,1971,Citizen Informant #1971,50,10,1,1,2
1972,1972,Citizen Informant #1972,52,6,1,1,2
1973,1973,Citizen Informant #1973,57,3,1,1,1
1974,1974,Citizen Informant #1974,33,7,1,1,2
1975,1975,Citizen Informant #1975,33,9,1,1,2
1976,1976,Citizen Informant #1976,28,3,1,1,2
1977,1977,Citizen Informant #1977,25,4,1,1,2
1978,1978,Citizen Informant #1978,42,5,1,1,2
1979,1979,Citizen Informant #1979,44,1,1,1,2
1980,1980,Citizen Informant #1980,57,10,1,1,1
1981,1981,Citizen Informant #1981,55,3,1,1,1
1982,1982,Citizen Informant #1982,35,10,1,1,1
1983,1983,Citizen Informant #1983,26,7,1,1,2
1984,1984,Citizen Informant #1984,54,3,1,1,1
1985,1985,Citizen Informant #1985,31,3,1,1,1
1986,1986,Citizen Informant #1986,53,7,1,1,2
1987,1987,Citizen Informant #1987,25,9,1,1,1
1988,1988,Citizen Informant #1988,31,10,1,1,1
1989,1989,Citizen Informant #1989,39,4,1,1,2
1990,1990,Citizen Informant #1990,43,10,1,1,2
1991,1991,Citizen Informant #1991,30,7,1,1,2
1992,1992,Citizen Informant #1992,35,1,1,1,2
1993,1993,Citizen Informant #1993,52,10,1,1,2
1994,1994,Citizen Informant #1994,33,7,1,1,2
1995,1995,Citizen Informant #1995,53,7,1,1,2
1996,1996,Citizen Informant #1996,25,7,1,1,2
1997,1997,Citizen Informant #1997,33,8,1,1,2
1998,1998,Citizen Informant #1998,40,3,1,1,2
1999,1999,Citizen Informant #1999,48,3,1,1,2
2000,2000,Citizen Informant #2000,54,3,1,1,1
2001,2001,Citizen Informant #2001,60,2,1,1,1
2002,2002,Citizen Informant #2002,50,3,1,1,2
2003,2003,Citizen Informant #2003,25,5,1,1,1
2004,2004,Citizen Informant #2004,55,5,1,1,2
2005,2005,Citizen Informant #2005,60,5,1,1,2
2006,2006,Citizen Informant #2006,31,4,1,1,1
2007,2007,Citizen Informant #2007,59,9,1,1,1
2008,2008,Citizen Informant #2008,58,8,1,1,1
2009,2009,Citizen Informant #2009,46,7,1,1,1
2010,2010,Citizen Informant #2010,31,3,1,1,1
2011,2011,Citizen Informant #2011,40,4,1,1,2
2012,2012,Citizen Informant #2012,46,3,1,1,2
2013,2013,Citizen Informant #2013,26,5,1,1,2
2014,2014,Citizen Informant #2014,56,4,1,1,1
2015,2015,Citizen Informant #2015,31,4,1,1,1
2016,2016,Citizen Informant #2016,44,2,1,1,2
2017,2017,Citizen Informant #2017,56,3,1,1,2
2018,2018,Citizen Informant #2018,33,4,1,1,1
2019,2019,Citizen Informant #2019,42,7,1,1,2
2020,2020,Citizen Informant #2020,55,10,1,1,2
2021,2021,Citizen Informant #2021,37,8,1,1,1
2022,2022,Citizen Informant #2022,59,7,1,1,2
2023,2023,Citizen Informant #2023,28,2,1,1,1
2024,2024,Citizen Informant #2024,48,1,1,1,1
2025,2025,Citizen Informant #2025,56,10,1,1,2
2026,2026,Citizen Informant #2026,25,5,1,1,2
2027,2027,Citizen Informant #2027,26,10,1,1,2
2028,2028,Citizen Informant #2028,46,4,1,1,2
2029,2029,Citizen Informant #2029,45,5,1,1,1
2030,2030,Citizen Informant #2030,51,1,1,1,1
2031,2031,Citizen Informant #2031,41,5,1,1,1
2032,2032,Citizen Informant #2032,60,9,1,1,1
2033,2033,Citizen Informant #2033,55,4,1,1,1
2034,2034,Citizen Informant #2034,48,9,1,1,1
2035,2035,Citizen Informant #2035,44,9,1,1,2
2036,2036,Citizen Informant #2036,55,3,1,1,1
2037,2037,Citizen Informant #2037,51,2,1,1,1
2038,2038,Citizen Informant #2038,50,8,1,1,1
2039,2039,Citizen Informant #2039,35,4,1,1,2
2040,2040,Citizen Informant #2040,38,10,1,1,1
2041,2041,Citizen Informant #2041,53,1,1,1,1
2042,2042,Citizen Informant #2042,43,1,1,1,1
2043,2043,Citizen Informant #2043,40,4,1,1,1
2044,2044,Citizen Informant #2044,41,4,1,1,1
2045,2045,Citizen Informant #2045,31,9,1,1,2
2046,2046,Citizen Informant #2046,27,7,1,1,1
2047,2047,Citizen Informant #2047,31,10,1,1,2
2048,2048,Citizen Informant #2048,37,3,1,1,2
2049,2049,Citizen Informant #2049,37,6,1,1,2
2050,2050,Citizen Informant #2050,46,6,1,1,1
2051,2051,Citizen Informant #2051,57,10,1,1,2
2052,2052,Citizen Informant #2052,46,9,1,1,1
2053,2053,Citizen Informant #2053,27,2,1,1,1
2054,2054,Citizen Informant #2054,38,2,1,1,2
2055,2055,Citizen Informant #2055,46,7,1,1,2
2056,2056,Citizen Informant #2056,27,5,1,1,2
2057,2057,Citizen Informant #2057,49,2,1,1,2
2058,2058,Citizen Informant #2058,60,5,1,1,2
2059,2059,Citizen Informant #2059,38,7,1,1,1
2060,2060,Citizen Informant #2060,40,10,1,1,1
2061,2061,Citizen Informant #2061,31,8,1,1,2
2062,2062,Citizen Informant #2062,34,9,1,1,2
2063,2063,Citizen Informant #2063,51,1,1,1,1
2064,2064,Citizen Informant #2064,57,10,1,1,2
2065,2065,Citizen Informant #2065,29,9,1,1,1
2066,2066,Citizen Informant #2066,28,7,1,1,1
2067,2067,Citizen Informant #2067,33,5,1,1,1
2068,2068,Citizen Informant #2068,31,8,1,1,2
2069,2069,Citizen Informant #2069,27,4,1,1,1
2070,2070,Citizen Informant #2070,33,2,1,1,2
2071,2071,Citizen Informant #2071,57,2,1,1,1
2072,2072,Citizen Informant #2072,30,3,1,1,2
2073,2073,Citizen Informant #2073,49,8,1,1,2
2074,2074,Citizen Informant #2074,32,9,1,1,2
2075,2075,Citizen Informant #2075,39,8,1,1,2
2076,2076,Citizen Informant #2076,40,2,1,1,2
2077,2077,Citizen Informant #2077,35,10,1,1,2
2078,2078,Citizen Informant #2078,54,4,1,1,1
2079,2079,Citizen Informant #2079,30,4,1,1,2
2080,2080,Citizen Informant #2080,43,2,1,1,2
2081,2081,Citizen Informant #2081,25,5,1,1,2
2082,2082,Citizen Informant #2082,29,7,1,1,1
2083,2083,Citizen Informant #2083,46,2,1,1,2
2084,2084,Citizen Informant #2084,56,4,1,1,1
2085,2085,Citizen Informant #2085,36,5,1,1,2
2086,2086,Citizen Informant #2086,25,1,1,1,2
2087,2087,Citizen Informant #2087,26,5,1,1,1
2088,2088,Citizen Informant #2088,43,7,1,1,1
2089,2089,Citizen Informant #2089,60,2,1,1,2
2090,2090,Citizen Informant #2090,48,1,1,1,2
2091,2091,Citizen Informant #2091,57,8,1,1,1
2092,2092,Citizen Informant #2092,34,7,1,1,2
2093,2093,Citizen Informant #2093,31,2,1,1,2
2094,2094,Citizen Informant #2094,34,4,1,1,2
2095,2095,Citizen Informant #2095,38,3,1,1,1
2096,2096,Citizen Informant #2096,54,4,1,1,1
2097,2097,Citizen Informant #2097,31,9,1,1,1
2098,2098,Citizen Informant #2098,42,3,1,1,1
2099,2099,Citizen Informant #2099,34,2,1,1,2
2100,2100,Citizen Informant #2100,48,8,1,1,1
2101,2101,Citizen Informant #2101,52,6,1,1,1
2102,2102,Citizen Informant #2102,42,8,1,1,2
2103,2103,Citizen Informant #2103,55,3,1,1,1
2104,2104,Citizen Informant #2104,46,2,1,1,1
2105,2105,Citizen Informant #2105,38,10,1,1,1
2106,2106,Citizen Informant #2106,44,9,1,1,1
2107,2107,Citizen Informant #2107,55,5,1,1,1
2108,2108,Citizen Informant #2108,55,1,1,1,2
2109,2109,Citizen Informant #2109,44,9,1,1,2
2110,2110,Citizen Informant #2110,58,1,1,1,1
2111,2111,Citizen Informant #2111,28,5,1,1,1
2112,2112,Citizen Informant #2112,38,1,1,1,1
2113,2113,Citizen Informant #2113,53,8,1,1,1
2114,2114,Citizen Informant #2114,26,7,1,1,1
2115,2115,Citizen Informant #2115,48,3,1,1,1
2116,2116,Citizen Informant #2116,52,3,1,1,2
2117,2117,Citizen Informant #2117,25,1,1,1,1
2118,2118,Citizen Informant #2118,54,9,1,1,2
2119,2119,Citizen Informant #2119,59,1,1,1,1
2120,2120,Citizen Informant #2120,45,10,1,1,1
2121,2121,Citizen Informant #2121,49,7,1,1,2
2122,2122,Citizen Informant #2122,28,10,1,1,1
2123,2123,Citizen Informant #2123,49,2,1,1,1
2124,2124,Citizen Informant #2124,33,6,1,1,2
2125,2125,Citizen Informant #2125,30,8,1,1,2
2126,2126,Citizen Informant #2126,30,9,1,1,1
2127,2127,Citizen Informant #2127,47,8,1,1,2
2128,2128,Citizen Informant #2128,51,8,1,1,2
2129,2129,Citizen Informant #2129,41,6,1,1,1
2130,2130,Citizen Informant #2130,52,8,1,1,2
2131,2131,Citizen Informant #2131,36,6,1,1,2
2132,2132,Citizen Informant #2132,47,1,1,1,1
2133,2133,Citizen Informant #2133,49,8,1,1,2
2134,2134,Citizen Informant #2134,30,1,1,1,2
2135,2135,Citizen Informant #2135,35,4,1,1,1
2136,2136,Citizen Informant #2136,55,9,1,1,2
2137,2137,Citizen Informant #2137,31,7,1,1,1
2138,2138,Citizen Informant #2138,43,10,1,1,2
2139,2139,Citizen Informant #2139,54,3,1,1,2
2140,2140,Citizen Informant #2140,31,5,1,1,2
2141,2141,Citizen Informant #2141,43,6,1,1,2
2142,2142,Citizen Informant #2142,29,6,1,1,2
2143,2143,Citizen Informant #2143,28,8,1,1,1
2144,2144,Citizen Informant #2144,58,6,1,1,2
2145,2145,Citizen Informant #2145,41,8,1,1,2
2146,2146,Citizen Informant #2146,57,5,1,1,2
2147,2147,Citizen Informant #2147,36,6,1,1,2
2148,2148,Citizen Informant #2148,53,8,1,1,1
2149,2149,Citizen Informant #2149,60,4,1,1,1
2150,2150,Citizen Informant #2150,56,10,1,1,1
2151,2151,Citizen Informant #2151,44,10,1,1,1
2152,2152,Citizen Informant #2152,50,7,1,1,1
2153,2153,Citizen Informant #2153,53,7,1,1,2
2154,2154,Citizen Informant #2154,36,1,1,1,2
2155,2155,Citizen Informant #2155,53,7,1,1,2
2156,2156,Citizen Informant #2156,49,3,1,1,1
2157,2157,Citizen Informant #2157,39,10,1,1,1
2158,2158,Citizen Informant #2158,29,6,1,1,1
2159,2159,Citizen Informant #2159,44,7,1,1,2
2160,2160,Citizen Informant #2160,56,3,1,1,1
2161,2161,Citizen Informant #2161,40,4,1,1,1
2162,2162,Citizen Informant #2162,28,3,1,1,2
2163,2163,Citizen Informant #2163,41,3,1,1,2
2164,2164,Citizen Informant #2164,49,1,1,1,1
2165,2165,Citizen Informant #2165,38,8,1,1,2
2166,2166,Citizen Informant #2166,27,5,1,1,1
2167,2167,Citizen Informant #2167,48,6,1,1,2
2168,2168,Citizen Informant #2168,54,10,1,1,2
2169,2169,Citizen Informant #2169,25,4,1,1,2
2170,2170,Citizen Informant #2170,30,3,1,1,2
2171,2171,Citizen Informant #2171,55,7,1,1,1
2172,2172,Citizen Informant #2172,46,7,1,1,2
2173,2173,Citizen Informant #2173,28,10,1,1,1
2174,2174,Citizen Informant #2174,25,2,1,1,1
2175,2175,Citizen Informant #2175,37,8,1,1,2
2176,2176,Citizen Informant #2176,25,6,1,1,2
2177,2177,Citizen Informant #2177,45,1,1,1,2
2178,2178,Citizen Informant #2178,26,1,1,1,1
2179,2179,Citizen Informant #2179,57,2,1,1,1
2180,2180,Citizen Informant #2180,33,4,1,1,1
2181,2181,Citizen Informant #2181,39,6,1,1,1
2182,2182,Citizen Informant #2182,40,5,1,1,2
2183,2183,Citizen Informant #2183,59,6,1,1,2
2184,2184,Citizen Informant #2184,47,2,1,1,1
2185,2185,Citizen Informant #2185,54,9,1,1,2
2186,2186,Citizen Informant #2186,43,9,1,1,2
2187,2187,Citizen Informant #2187,50,8,1,1,2
2188,2188,Citizen Informant #2188,46,7,1,1,2
2189,2189,Citizen Informant #2189,28,6,1,1,2
2190,2190,Citizen Informant #2190,39,4,1,1,2
2191,2191,Citizen Informant #2191,28,7,1,1,2
2192,2192,Citizen Informant #2192,35,8,1,1,1
2193,2193,Citizen Informant #2193,32,2,1,1,1
2194,2194,Citizen Informant #2194,59,3,1,1,1
2195,2195,Citizen Informant #2195,33,2,1,1,1
2196,2196,Citizen Informant #2196,42,1,1,1,2
2197,2197,Citizen Informant #2197,41,8,1,1,1
2198,2198,Citizen Informant #2198,53,9,1,1,1
2199,2199,Citizen Informant #2199,45,1,1,1,2
2200,2200,Citizen Informant #2200,44,8,1,1,1
2201,2201,Citizen Informant #2201,58,10,1,1,1
2202,2202,Citizen Informant #2202,38,3,1,1,1
2203,2203,Citizen Informant #2203,37,5,1,1,2
2204,2204,Citizen Informant #2204,31,2,1,1,2
2205,2205,Citizen Informant #2205,39,1,1,1,1
2206,2206,Citizen Informant #2206,46,5,1,1,2
2207,2207,Citizen Informant #2207,48,10,1,1,1
2208,2208,Citizen Informant #2208,47,6,1,1,1
2209,2209,Citizen Informant #2209,57,5,1,1,2
2210,2210,Citizen Informant #2210,31,10,1,1,1
2211,2211,Citizen Informant #2211,27,8,1,1,1
2212,2212,Citizen Informant #2212,28,4,1,1,1
2213,2213,Citizen Informant #2213,27,6,1,1,1
2214,2214,Citizen Informant #2214,33,4,1,1,1
2215,2215,Citizen Informant #2215,28,2,1,1,2
2216,2216,Citizen Informant #2216,60,9,1,1,1
2217,2217,Citizen Informant #2217,54,4,1,1,2
2218,2218,Citizen Informant #2218,42,1,1,1,2
2219,2219,Citizen Informant #2219,27,10,1,1,1
2220,2220,Citizen Informant #2220,49,2,1,1,2
2221,2221,Citizen Informant #2221,27,10,1,1,1
2222,2222,Citizen Informant #2222,38,7,1,1,1
2223,2223,Citizen Informant #2223,30,4,1,1,2
2224,2224,Citizen Informant #2224,29,7,1,1,1
2225,2225,Citizen Informant #2225,48,6,1,1,2
2226,2226,Citizen Informant #2226,44,6,1,1,1
2227,2227,Citizen Informant #2227,45,10,1,1,1
2228,2228,Citizen Informant #2228,32,8,1,1,1
2229,2229,Citizen Informant #2229,55,6,1,1,2
2230,2230,Citizen Informant #2230,55,1,1,1,1
2231,2231,Citizen Informant #2231,56,4,1,1,1
2232,2232,Citizen Informant #2232,34,3,1,1,2
2233,2233,Citizen Informant #2233,36,3,1,1,2
2234,2234,Citizen Informant #2234,28,1,1,1,1
2235,2235,Citizen Informant #2235,59,9,1,1,2
2236,2236,Citizen Informant #2236,51,1,1,1,2
2237,2237,Citizen Informant #2237,44,3,1,1,1
2238,2238,Citizen Informant #2238,57,8,1,1,1
2239,2239,Citizen Informant #2239,59,5,1,1,2
2240,2240,Citizen Informant #2240,26,3,1,1,2
2241,2241,Citizen Informant #2241,29,5,1,1,2
2242,2242,Citizen Informant #2242,49,3,1,1,1
2243,2243,Citizen Informant #2243,53,6,1,1,2
2244,2244,Citizen Informant #2244,28,8,1,1,1
2245,2245,Citizen Informant #2245,46,1,1,1,1
2246,2246,Citizen Informant #2246,45,7,1,1,2
2247,2247,Citizen Informant #2247,43,1,1,1,1
2248,2248,Citizen Informant #2248,57,2,1,1,1
2249,2249,Citizen Informant #2249,56,2,1,1,2
2250,2250,Citizen Informant #2250,49,1,1,1,1
2251,2251,Citizen Informant #2251,52,9,1,1,1
2252,2252,Citizen Informant #2252,53,3,1,1,1
2253,2253,Citizen Informant #2253,45,9,1,1,2
2254,2254,Citizen Informant #2254,46,5,1,1,1
2255,2255,Citizen Informant #2255,36,8,1,1,2
2256,2256,Citizen Informant #2256,25,3,1,1,1
2257,2257,Citizen Informant #2257,33,3,1,1,1
2258,2258,Citizen Informant #2258,59,2,1,1,1
2259,2259,Citizen Informant #2259,40,9,1,1,2
2260,2260,Citizen Informant #2260,48,6,1,1,2
2261,2261,Citizen Informant #2261,54,9,1,1,1
2262,2262,Citizen Informant #2262,49,1,1,1,1
2263,2263,Citizen Informant #2263,30,10,1,1,1
2264,2264,Citizen Informant #2264,27,3,1,1,1
2265,2265,Citizen Informant #2265,42,5,1,1,1
2266,2266,Citizen Informant #2266,50,8,1,1,1
2267,2267,Citizen Informant #2267,28,5,1,1,1
2268,2268,Citizen Informant #2268,47,6,1,1,2
2269,2269,Citizen Informant #2269,33,10,1,1,1
2270,2270,Citizen Informant #2270,44,5,1,1,1
2271,2271,Citizen Informant #2271,37,6,1,1,2
2272,2272,Citizen Informant #2272,50,7,1,1,2
2273,2273,Citizen Informant #2273,40,6,1,1,2
2274,2274,Citizen Informant #2274,45,7,1,1,2
2275,2275,Citizen Informant #2275,32,2,1,1,2
2276,2276,Citizen Informant #2276,37,1,1,1,2
2277,2277,Citizen Informant #2277,60,2,1,1,1
2278,2278,Citizen Informant #2278,37,10,1,1,1
2279,2279,Citizen Informant #2279,52,10,1,1,1
2280,2280,Citizen Informant #2280,59,3,1,1,1
2281,2281,Citizen Informant #2281,58,9,1,1,1
2282,2282,Citizen Informant #2282,49,9,1,1,1
2283,2283,Citizen Informant #2283,29,3,1,1,2
2284,2284,Citizen Informant #2284,59,8,1,1,2
2285,2285,Citizen Informant #2285,32,2,1,1,1
2286,2286,Citizen Informant #2286,38,1,1,1,2
2287,2287,Citizen Informant #2287,50,5,1,1,1
2288,2288,Citizen Informant #2288,57,4,1,1,1
2289,2289,Citizen Informant #2289,45,7,1,1,2
2290,2290,Citizen Informant #2290,26,3,1,1,1
2291,2291,Citizen Informant #2291,30,4,1,1,2
2292,2292,Citizen Informant #2292,30,7,1,1,1
2293,2293,Citizen Informant #2293,60,5,1,1,2
2294,2294,Citizen Informant #2294,51,6,1,1,2
2295,2295,Citizen Informant #2295,39,9,1,1,2
2296,2296,Citizen Informant #2296,27,8,1,1,1
2297,2297,Citizen Informant #2297,55,3,1,1,1
2298,2298,Citizen Informant #2298,32,1,1,1,1
2299,2299,Citizen Informant #2299,51,7,1,1,2
2300,2300,Citizen Informant #2300,56,3,1,1,2
2301,2301,Citizen Informant #2301,30,10,1,1,1
2302,2302,Citizen Informant #2302,59,7,1,1,2
2303,2303,Citizen Informant #2303,28,4,1,1,1
2304,2304,Citizen Informant #2304,50,10,1,1,1
2305,2305,Citizen Informant #2305,40,2,1,1,2
2306,2306,Citizen Informant #2306,52,6,1,1,2
2307,2307,Citizen Informant #2307,44,7,1,1,2
2308,2308,Citizen Informant #2308,45,4,1,1,2
2309,2309,Citizen Informant #2309,34,3,1,1,1
2310,2310,Citizen Informant #2310,52,7,1,1,1
2311,2311,Citizen Informant #2311,27,1,1,1,2
2312,2312,Citizen Informant #2312,59,4,1,1,2
2313,2313,Citizen Informant #2313,60,7,1,1,2
2314,2314,Citizen Informant #2314,52,1,1,1,1
2315,2315,Citizen Informant #2315,58,10,1,1,2
2316,2316,Citizen Informant #2316,32,10,1,1,2
2317,2317,Citizen Informant #2317,59,9,1,1,1
2318,2318,Citizen Informant #2318,29,7,1,1,1
2319,2319,Citizen Informant #2319,57,2,1,1,2
2320,2320,Citizen Informant #2320,28,3,1,1,1
2321,2321,Citizen Informant #2321,35,8,1,1,1
2322,2322,Citizen Informant #2322,33,5,1,1,2
2323,2323,Citizen Informant #2323,47,3,1,1,1
2324,2324,Citizen Informant #2324,55,6,1,1,1
2325,2325,Citizen Informant #2325,33,10,1,1,2
2326,2326,Citizen Informant #2326,34,5,1,1,1
2327,2327,Citizen Informant #2327,37,3,1,1,1
2328,2328,Citizen Informant #2328,26,8,1,1,2
2329,2329,Citizen Informant #2329,40,7,1,1,2
2330,2330,Citizen Informant #2330,47,3,1,1,2
2331,2331,Citizen Informant #2331,39,6,1,1,1
2332,2332,Citizen Informant #2332,35,4,1,1,2
2333,2333,Citizen Informant #2333,54,5,1,1,2
2334,2334,Citizen Informant #2334,42,5,1,1,1
2335,2335,Citizen Informant #2335,28,10,1,1,2
2336,2336,Citizen Informant #2336,58,2,1,1,1
2337,2337,Citizen Informant #2337,57,8,1,1,2
2338,2338,Citizen Informant #2338,60,8,1,1,1
2339,2339,Citizen Informant #2339,52,8,1,1,1
2340,2340,Citizen Informant #2340,59,9,1,1,1
2341,2341,Citizen Informant #2341,58,5,1,1,1
2342,2342,Citizen Informant #2342,41,7,1,1,1
2343,2343,Citizen Informant #2343,48,9,1,1,1
2344,2344,Citizen Informant #2344,27,8,1,1,1
2345,2345,Citizen Informant #2345,31,6,1,1,2
2346,2346,Citizen Informant #2346,56,2,1,1,1
2347,2347,Citizen Informant #2347,56,9,1,1,1
2348,2348,Citizen Informant #2348,57,2,1,1,1
2349,2349,Citizen Informant #2349,59,3,1,1,1
2350,2350,Citizen Informant #2350,38,10,1,1,2
2351,2351,Citizen Informant #2351,37,8,1,1,1
2352,2352,Citizen Informant #2352,45,4,1,1,1
2353,2353,Citizen Informant #2353,26,3,1,1,1
2354,2354,Citizen Informant #2354,55,2,1,1,1
2355,2355,Citizen Informant #2355,60,9,1,1,1
2356,2356,Citizen Informant #2356,49,6,1,1,1
2357,2357,Citizen Informant #2357,39,2,1,1,1
2358,2358,Citizen Informant #2358,38,5,1,1,1
2359,2359,Citizen Informant #2359,57,10,1,1,1
2360,2360,Citizen Informant #2360,54,1,1,1,1
2361,2361,Citizen Informant #2361,42,8,1,1,2
2362,2362,Citizen Informant #2362,54,10,1,1,1
2363,2363,Citizen Informant #2363,25,2,1,1,1
2364,2364,Citizen Informant #2364,31,1,1,1,1
2365,2365,Citizen Informant #2365,51,10,1,1,2
2366,2366,Citizen Informant #2366,26,7,1,1,2
2367,2367,Citizen Informant #2367,30,1,1,1,2
2368,2368,Citizen Informant #2368,38,7,1,1,2
2369,2369,Citizen Informant #2369,44,3,1,1,2
2370,2370,Citizen Informant #2370,44,4,1,1,1
2371,2371,Citizen Informant #2371,25,3,1,1,1
2372,2372,Citizen Informant #2372,46,3,1,1,2
2373,2373,Citizen Informant #2373,33,7,1,1,2
2374,2374,Citizen Informant #2374,35,3,1,1,1
2375,2375,Citizen Informant #2375,42,7,1,1,1
2376,2376,Citizen Informant #2376,52,7,1,1,1
2377,2377,Citizen Informant #2377,55,1,1,1,2
2378,2378,Citizen Informant #2378,33,8,1,1,1
2379,2379,Citizen Informant #2379,25,2,1,1,2
2380,2380,Citizen Informant #2380,44,2,1,1,1
2381,2381,Citizen Informant #2381,52,9,1,1,1
2382,2382,Citizen Informant #2382,43,5,1,1,2
2383,2383,Citizen Informant #2383,57,10,1,1,2
2384,2384,Citizen Informant #2384,35,3,1,1,1
2385,2385,Citizen Informant #2385,29,5,1,1,1
2386,2386,Citizen Informant #2386,57,7,1,1,2
2387,2387,Citizen Informant #2387,29,4,1,1,1
2388,2388,Citizen Informant #2388,32,9,1,1,2
2389,2389,Citizen Informant #2389,39,9,1,1,2
2390,2390,Citizen Informant #2390,52,8,1,1,1
2391,2391,Citizen Informant #2391,54,1,1,1,2
2392,2392,Citizen Informant #2392,52,8,1,1,1
2393,2393,Citizen Informant #2393,44,8,1,1,1
2394,2394,Citizen Informant #2394,55,8,1,1,2
2395,2395,Citizen Informant #2395,41,5,1,1,2
2396,2396,Citizen Informant #2396,36,6,1,1,1
2397,2397,Citizen Informant #2397,32,1,1,1,2
2398,2398,Citizen Informant #2398,43,6,1,1,2
2399,2399,Citizen Informant #2399,59,6,1,1,1
2400,2400,Citizen Informant #2400,31,9,1,1,2
2401,2401,Citizen Informant #2401,37,9,1,1,2
2402,2402,Citizen Informant #2402,41,5,1,1,2
2403,2403,Citizen Informant #2403,49,3,1,1,1
2404,2404,Citizen Informant #2404,40,2,1,1,2
2405,2405,Citizen Informant #2405,25,6,1,1,1
2406,2406,Citizen Informant #2406,51,3,1,1,1
2407,2407,Citizen Informant #2407,43,8,1,1,1
2408,2408,Citizen Informant #2408,53,9,1,1,2
2409,2409,Citizen Informant #2409,25,3,1,1,2
2410,2410,Citizen Informant #2410,29,3,1,1,2
2411,2411,Citizen Informant #2411,45,1,1,1,2
2412,2412,Citizen Informant #2412,34,10,1,1,1
2413,2413,Citizen Informant #2413,29,3,1,1,1
2414,2414,Citizen Informant #2414,55,10,1,1,2
2415,2415,Citizen Informant #2415,36,2,1,1,2
2416,2416,Citizen Informant #2416,44,4,1,1,2
2417,2417,Citizen Informant #2417,44,8,1,1,2
2418,2418,Citizen Informant #2418,54,4,1,1,1
2419,2419,Citizen Informant #2419,38,5,1,1,2
2420,2420,Citizen Informant #2420,43,6,1,1,2
2421,2421,Citizen Informant #2421,57,7,1,1,2
2422,2422,Citizen Informant #2422,25,9,1,1,1
2423,2423,Citizen Informant #2423,37,9,1,1,1
2424,2424,Citizen Informant #2424,51,6,1,1,1
2425,2425,Citizen Informant #2425,34,7,1,1,2
2426,2426,Citizen Informant #2426,30,5,1,1,2
2427,2427,Citizen Informant #2427,32,6,1,1,2
2428,2428,Citizen Informant #2428,55,7,1,1,1
2429,2429,Citizen Informant #2429,48,1,1,1,1
2430,2430,Citizen Informant #2430,34,1,1,1,2
2431,2431,Citizen Informant #2431,39,9,1,1,1
2432,2432,Citizen Informant #2432,60,3,1,1,1
2433,2433,Citizen Informant #2433,50,6,1,1,2
2434,2434,Citizen Informant #2434,40,7,1,1,1
2435,2435,Citizen Informant #2435,42,8,1,1,2
2436,2436,Citizen Informant #2436,52,8,1,1,1
2437,2437,Citizen Informant #2437,38,6,1,1,2
2438,2438,Citizen Informant #2438,45,7,1,1,2
2439,2439,Citizen Informant #2439,56,6,1,1,1
2440,2440,Citizen Informant #2440,27,3,1,1,2
2441,2441,Citizen Informant #2441,52,1,1,1,1
2442,2442,Citizen Informant #2442,33,7,1,1,2
2443,2443,Citizen Informant #2443,33,6,1,1,2
2444,2444,Citizen Informant #2444,58,6,1,1,2
2445,2445,Citizen Informant #2445,48,2,1,1,1
2446,2446,Citizen Informant #2446,60,2,1,1,1
2447,2447,Citizen Informant #2447,34,5,1,1,2
2448,2448,Citizen Informant #2448,28,4,1,1,2
2449,2449,Citizen Informant #2449,35,6,1,1,1
2450,2450,Citizen Informant #2450,57,1,1,1,2
2451,2451,Citizen Informant #2451,53,9,1,1,1
2452,2452,Citizen Informant #2452,58,3,1,1,1
2453,2453,Citizen Informant #2453,34,3,1,1,2
2454,2454,Citizen Informant #2454,29,5,1,1,2
2455,2455,Citizen Informant #2455,25,9,1,1,2
2456,2456,Citizen Informant #2456,32,5,1,1,2
2457,2457,Citizen Informant #2457,32,8,1,1,1
2458,2458,Citizen Informant #2458,49,6,1,1,1
2459,2459,Citizen Informant #2459,37,5,1,1,2
2460,2460,Citizen Informant #2460,28,1,1,1,2
2461,2461,Citizen Informant #2461,54,3,1,1,1
2462,2462,Citizen Informant #2462,34,2,1,1,1
2463,2463,Citizen Informant #2463,50,3,1,1,2
2464,2464,Citizen Informant #2464,47,2,1,1,2
2465,2465,Citizen Informant #2465,38,5,1,1,1
2466,2466,Citizen Informant #2466,30,8,1,1,1
2467,2467,Citizen Informant #2467,46,8,1,1,1
2468,2468,Citizen Informant #2468,42,6,1,1,2
2469,2469,Citizen Informant #2469,32,2,1,1,2
2470,2470,Citizen Informant #2470,58,4,1,1,1
2471,2471,Citizen Informant #2471,37,6,1,1,1
2472,2472,Citizen Informant #2472,44,8,1,1,1
2473,2473,Citizen Informant #2473,54,5,1,1,1
2474,2474,Citizen Informant #2474,53,5,1,1,1
2475,2475,Citizen Informant #2475,36,3,1,1,2
2476,2476,Citizen Informant #2476,34,6,1,1,1
2477,2477,Citizen Informant #2477,55,1,1,1,2
2478,2478,Citizen Informant #2478,54,8,1,1,2
2479,2479,Citizen Informant #2479,53,1,1,1,1
2480,2480,Citizen Informant #2480,54,3,1,1,1
2481,2481,Citizen Informant #2481,33,5,1,1,2
2482,2482,Citizen Informant #2482,59,2,1,1,1
2483,2483,Citizen Informant #2483,55,7,1,1,2
2484,2484,Citizen Informant #2484,47,5,1,1,2
2485,2485,Citizen Informant #2485,58,4,1,1,1
2486,2486,Citizen Informant #2486,36,9,1,1,2
2487,2487,Citizen Informant #2487,53,3,1,1,2
2488,2488,Citizen Informant #2488,35,8,1,1,2
2489,2489,Citizen Informant #2489,53,1,1,1,1
2490,2490,Citizen Informant #2490,50,10,1,1,1
2491,2491,Citizen Informant #2491,35,5,1,1,2
2492,2492,Citizen Informant #2492,29,9,1,1,2
2493,2493,Citizen Informant #2493,59,3,1,1,2
2494,2494,Citizen Informant #2494,46,5,1,1,2
2495,2495,Citizen Informant #2495,33,10,1,1,1
2496,2496,Citizen Informant #2496,57,7,1,1,2
2497,2497,Citizen Informant #2497,25,6,1,1,2
2498,2498,Citizen Informant #2498,40,7,1,1,1
2499,2499,Citizen Informant #2499,25,3,1,1,2
2500,2500,Citizen Informant #2500,45,4,1,1,2
