{
  "type": "FeatureCollection",
  "generator": "overpass-turbo",
  "copyright": "The data included in this document is from www.openstreetmap.org. The data is made available under ODbL.",
  "timestamp": "2026-06-26T07:58:55Z",
  "features": [
    {
      "type": "Feature",
      "properties": {
        "@id": "node/17327106",
        "highway": "traffic_signals"
      },
      "geometry": {
        "type": "Point",
        "coordinates": [
          77.5858603,
          12.917209
        ]
      },
      "id": "node/17327106"
    },
    {
      "type": "Feature",
      "properties": {
        "@id": "node/17327420",
        "highway": "traffic_signals",
        "traffic_signals": "signal"
      },
      "geometry": {
        "type": "Point",
        "coordinates": [
          77.5941775,
          13.0952244
        ]
      },
      "id": "node/17327420"
    },
    {
      "type": "Feature",
      "properties": {
        "@id": "node/26529522",
        "highway": "traffic_signals"
      },
      "geometry": {
        "type": "Point",
        "coordinates": [
          77.6200528,
          12.974607
        ]
      },
      "id": "node/26529522"
    },
    {
      "type": "Feature",
      "properties": {
        "@id": "node/26529553",
        "crossing": "traffic_signals",
        "highway": "traffic_signals"
      },
      "geometry": {
        "type": "Point",
        "coordinates": [
          77.6232203,
          12.9815923
        ]
      },
      "id": "node/26529553"
    },
    {
      "type": "Feature",
      "properties": {
        "@id": "node/60952260",
        "highway": "traffic_signals"
      },
      "geometry": {
        "type": "Point",
        "coordinates": [
          77.6067449,
          12.9660779
        ]
      },
      "id": "node/60952260"
    },
    {
      "type": "Feature",
      "properties": {
        "@id": "node/60952288",
        "crossing": "traffic_signals",
        "highway": "traffic_signals",
        "traffic_signals:sound": "no"
      },
      "geometry": {
        "type": "Point",
        "coordinates": [
          77.6059189,
          12.9580529
        ]
      },
      "id": "node/60952288"
    },
    {
      "type": "Feature",
      "properties": {
        "@id": "node/60952294",
        "highway": "traffic_signals"
      },
      "geometry": {
        "type": "Point",
        "coordinates": [
          77.6019168,
          12.9599337
        ]
      },
      "id": "node/60952294"
    },
    {
      "type": "Feature",
      "properties": {
        "@id": "node/60952479",
        "highway": "traffic_signals",
        "traffic_signals": "signal"
      },
      "geometry": {
        "type": "Point",
        "coordinates": [
          77.6103062,
          12.9706326
        ]
      },
      "id": "node/60952479"
    },
    {
      "type": "Feature",
      "properties": {
        "@id": "node/61746200",
        "highway": "traffic_signals",
        "traffic_signals": "signal"
      },
      "geometry": {
        "type": "Point",
        "coordinates": [
          77.6253351,
          12.9400273
        ]
      },
      "id": "node/61746200"
    },
    {
      "type": "Feature",
      "properties": {
        "@id": "node/61746217",
        "highway": "traffic_signals"
      },
      "geometry": {
        "type": "Point",
        "coordinates": [
          77.6225279,
          12.9427582
        ]
      },
      "id": "node/61746217"
    },
    {
      "type": "Feature",
      "properties": {
        "@id": "node/61748543",
        "highway": "traffic_signals"
      },
      "geometry": {
        "type": "Point",
        "coordinates": [
          77.6144953,
          12.9685209
        ]
      },
      "id": "node/61748543"
    },
    {
      "type": "Feature",
      "properties": {
        "@id": "node/61748553",
        "highway": "traffic_signals"
      },
      "geometry": {
        "type": "Point",
        "coordinates": [
          77.6202156,
          12.952415
        ]
      },
      "id": "node/61748553"
    },
    {
      "type": "Feature",
      "properties": {
        "@id": "node/62053503",
        "highway": "traffic_signals"
      },
      "geometry": {
        "type": "Point",
        "coordinates": [
          77.5043062,
          12.960517
        ]
      },
      "id": "node/62053503"
    },
    {
      "type": "Feature",
      "properties": {
        "@id": "node/62053645",
        "highway": "traffic_signals"
      },
      "geometry": {
        "type": "Point",
        "coordinates": [
          77.5043695,
          12.960513
        ]
      },
      "id": "node/62053645"
    },
    {
      "type": "Feature",
      "properties": {
        "@id": "node/62067292",
        "crossing": "traffic_signals",
        "highway": "traffic_signals"
      },
      "geometry": {
        "type": "Point",
        "coordinates": [
          77.5840428,
          12.9613763
        ]
      },
      "id": "node/62067292"
    },
    {
      "type": "Feature",
      "properties": {
        "@id": "node/158687972",
        "highway": "traffic_signals"
      },
      "geometry": {
        "type": "Point",
        "coordinates": [
          77.5852663,
          12.9541872
        ]
      },
      "id": "node/158687972"
    },
    {
      "type": "Feature",
      "properties": {
        "@id": "node/176470763",
        "designation": "Seetha Circle",
        "highway": "traffic_signals",
        "name": "Seeta Circle",
        "name:kn": "ಸೀತಾ ವರ್ತ"
      },
      "geometry": {
        "type": "Point",
        "coordinates": [
          77.5497383,
          12.937997
        ]
      },
      "id": "node/176470763"
    },
    {
      "type": "Feature",
      "properties": {
        "@id": "node/245614692",
        "highway": "traffic_signals"
      },
      "geometry": {
        "type": "Point",
        "coordinates": [
          77.5737822,
          12.9484823
        ]
      },
      "id": "node/245614692"
    },
    {
      "type": "Feature",
      "properties": {
        "@id": "node/246171012",
        "highway": "traffic_signals",
        "traffic_signals": "signal",
        "traffic_signals:countdown": "yes"
      },
      "geometry": {
        "type": "Point",
        "coordinates": [
          77.5869253,
          12.9656578
        ]
      },
      "id": "node/246171012"
    },
    {
      "type": "Feature",
      "properties": {
        "@id": "node/246171013",
        "highway": "traffic_signals",
        "junction": "yes",
        "traffic_signals:countdown": "yes"
      },
      "geometry": {
        "type": "Point",
        "coordinates": [
          77.5851479,
          12.9636229
        ]
      },
      "id": "node/246171013"
    },
    {
      "type": "Feature",
      "properties": {
        "@id": "node/246171016",
        "crossing": "traffic_signals",
        "highway": "traffic_signals"
      },
      "geometry": {
        "type": "Point",
        "coordinates": [
          77.5821331,
          12.9577464
        ]
      },
      "id": "node/246171016"
    },
    {
      "type": "Feature",
      "properties": {
        "@id": "node/247989220",
        "highway": "traffic_signals",
        "traffic_signals:countdown": "yes"
      },
      "geometry": {
        "type": "Point",
        "coordinates": [
          77.6101986,
          12.9164504
        ]
      },
      "id": "node/247989220"
    },
    {
      "type": "Feature",
      "properties": {
        "@id": "node/247989224",
        "highway": "traffic_signals",
        "traffic_signals:countdown": "yes"
      },
      "geometry": {
        "type": "Point",
        "coordinates": [
          77.6152765,
          12.9163018
        ]
      },
      "id": "node/247989224"
    },
    {
      "type": "Feature",
      "properties": {
        "@id": "node/247991553",
        "crossing": "traffic_signals",
        "highway": "traffic_signals"
      },
      "geometry": {
        "type": "Point",
        "coordinates": [
          77.6005936,
          12.9284001
        ]
      },
      "id": "node/247991553"
    },
    {
      "type": "Feature",
      "properties": {
        "@id": "node/248181114",
        "highway": "traffic_signals"
      },
      "geometry": {
        "type": "Point",
        "coordinates": [
          77.5955342,
          12.9459107
        ]
      },
      "id": "node/248181114"
    },
    {
      "type": "Feature",
      "properties": {
        "@id": "node/248455447",
        "highway": "traffic_signals"
      },
      "geometry": {
        "type": "Point",
        "coordinates": [
          77.5967276,
          12.9646748
        ]
      },
      "id": "node/248455447"
    },
    {
      "type": "Feature",
      "properties": {
        "@id": "node/248455465",
        "highway": "traffic_signals",
        "note": "no right turn, no left"
      },
      "geometry": {
        "type": "Point",
        "coordinates": [
          77.600212,
          12.9679192
        ]
      },
      "id": "node/248455465"
    },
    {
      "type": "Feature",
      "properties": {
        "@id": "node/248459796",
        "highway": "traffic_signals",
        "traffic_signals": "signal"
      },
      "geometry": {
        "type": "Point",
        "coordinates": [
          77.6070443,
          12.9721004
        ]
      },
      "id": "node/248459796"
    },
    {
      "type": "Feature",
      "properties": {
        "@id": "node/248525409",
        "highway": "traffic_signals"
      },
      "geometry": {
        "type": "Point",
        "coordinates": [
          77.5913354,
          12.9538564
        ]
      },
      "id": "node/248525409"
    },
    {
      "type": "Feature",
      "properties": {
        "@id": "node/248552486",
        "highway": "traffic_signals",
        "traffic_signals": "signal"
      },
      "geometry": {
        "type": "Point",
        "coordinates": [
          77.610479,
          12.8929011
        ]
      },
      "id": "node/248552486"
    },
    {
      "type": "Feature",
      "properties": {
        "@id": "node/248671285",
        "highway": "traffic_signals"
      },
      "geometry": {
        "type": "Point",
        "coordinates": [
          77.5285693,
          12.9454711
        ]
      },
      "id": "node/248671285"
    },
    {
      "type": "Feature",
      "properties": {
        "@id": "node/248678559",
        "highway": "traffic_signals"
      },
      "geometry": {
        "type": "Point",
        "coordinates": [
          77.550087,
          12.9252707
        ]
      },
      "id": "node/248678559"
    },
    {
      "type": "Feature",
      "properties": {
        "@id": "node/248678594",
        "highway": "traffic_signals",
        "traffic_signals:countdown": "yes"
      },
      "geometry": {
        "type": "Point",
        "coordinates": [
          77.5734546,
          12.9064246
        ]
      },
      "id": "node/248678594"
    },
    {
      "type": "Feature",
      "properties": {
        "@id": "node/248679505",
        "highway": "traffic_signals",
        "traffic_signals": "signal"
      },
      "geometry": {
        "type": "Point",
        "coordinates": [
          77.5427034,
          12.9057665
        ]
      },
      "id": "node/248679505"
    },
    {
      "type": "Feature",
      "properties": {
        "@id": "node/248679597",
        "highway": "traffic_signals",
        "traffic_signals": "signal"
      },
      "geometry": {
        "type": "Point",
        "coordinates": [
          77.5612616,
          12.9266364
        ]
      },
      "id": "node/248679597"
    },
    {
      "type": "Feature",
      "properties": {
        "@id": "node/248679644",
        "highway": "traffic_signals",
        "traffic_signals": "signal"
      },
      "geometry": {
        "type": "Point",
        "coordinates": [
          77.566296,
          12.9288776
        ]
      },
      "id": "node/248679644"
    },
    {
      "type": "Feature",
      "properties": {
        "@id": "node/248680032",
        "highway": "traffic_signals"
      },
      "geometry": {
        "type": "Point",
        "coordinates": [
          77.5745887,
          12.9208657
        ]
      },
      "id": "node/248680032"
    },
    {
      "type": "Feature",
      "properties": {
        "@id": "node/248680033",
        "highway": "traffic_signals"
      },
      "geometry": {
        "type": "Point",
        "coordinates": [
          77.5734649,
          12.9211023
        ]
      },
      "id": "node/248680033"
    },
    {
      "type": "Feature",
      "properties": {
        "@id": "node/248680036",
        "highway": "traffic_signals"
      },
      "geometry": {
        "type": "Point",
        "coordinates": [
          77.5736196,
          12.9294201
        ]
      },
      "id": "node/248680036"
    },
    {
      "type": "Feature",
      "properties": {
        "@id": "node/248776663",
        "crossing": "traffic_signals",
        "highway": "traffic_signals",
        "traffic_signals:sound": "no"
      },
      "geometry": {
        "type": "Point",
        "coordinates": [
          77.5738183,
          12.9369042
        ]
      },
      "id": "node/248776663"
    },
    {
      "type": "Feature",
      "properties": {
        "@id": "node/248808777",
        "highway": "traffic_signals"
      },
      "geometry": {
        "type": "Point",
        "coordinates": [
          77.5736802,
          12.9437041
        ]
      },
      "id": "node/248808777"
    },
    {
      "type": "Feature",
      "properties": {
        "@id": "node/248808932",
        "highway": "traffic_signals"
      },
      "geometry": {
        "type": "Point",
        "coordinates": [
          77.5678527,
          12.9436325
        ]
      },
      "id": "node/248808932"
    },
    {
      "type": "Feature",
      "properties": {
        "@id": "node/248808939",
        "crossing": "traffic_signals",
        "highway": "traffic_signals"
      },
      "geometry": {
        "type": "Point",
        "coordinates": [
          77.5802208,
          12.9436249
        ]
      },
      "id": "node/248808939"
    },
    {
      "type": "Feature",
      "properties": {
        "@id": "node/248809641",
        "crossing": "traffic_signals",
        "highway": "traffic_signals"
      },
      "geometry": {
        "type": "Point",
        "coordinates": [
          77.5752561,
          12.9368768
        ]
      },
      "id": "node/248809641"
    },
    {
      "type": "Feature",
      "properties": {
        "@id": "node/248809814",
        "highway": "traffic_signals"
      },
      "geometry": {
        "type": "Point",
        "coordinates": [
          77.571568,
          12.9390574
        ]
      },
      "id": "node/248809814"
    },
    {
      "type": "Feature",
      "properties": {
        "@id": "node/248838859",
        "highway": "traffic_signals"
      },
      "geometry": {
        "type": "Point",
        "coordinates": [
          77.5666834,
          12.9393825
        ]
      },
      "id": "node/248838859"
    },
    {
      "type": "Feature",
      "properties": {
        "@id": "node/248839215",
        "highway": "traffic_signals"
      },
      "geometry": {
        "type": "Point",
        "coordinates": [
          77.5736454,
          12.916966
        ]
      },
      "id": "node/248839215"
    },
    {
      "type": "Feature",
      "properties": {
        "@id": "node/249072291",
        "highway": "traffic_signals"
      },
      "geometry": {
        "type": "Point",
        "coordinates": [
          77.5532717,
          12.923994
        ]
      },
      "id": "node/249072291"
    },
    {
      "type": "Feature",
      "properties": {
        "@id": "node/249072292",
        "highway": "traffic_signals"
      },
      "geometry": {
        "type": "Point",
        "coordinates": [
          77.5532445,
          12.9239157
        ]
      },
      "id": "node/249072292"
    },
    {
      "type": "Feature",
      "properties": {
        "@id": "node/249074049",
        "highway": "traffic_signals",
        "traffic_signals": "signal"
      },
      "geometry": {
        "type": "Point",
        "coordinates": [
          77.5972154,
          12.9284545
        ]
      },
      "id": "node/249074049"
    },
    {
      "type": "Feature",
      "properties": {
        "@id": "node/249074386",
        "alt_name": "Chairman Betappa Junction",
        "highway": "traffic_signals",
        "name": "Yediyuru Circle",
        "name:kn": "ಎಡಿಯೂರ್ ಜಂಕ್ಷನ್",
        "traffic_signals": "signal"
      },
      "geometry": {
        "type": "Point",
        "coordinates": [
          77.5761739,
          12.9309078
        ]
      },
      "id": "node/249074386"
    },
    {
      "type": "Feature",
      "properties": {
        "@id": "node/249075247",
        "highway": "traffic_signals",
        "junction": "yes",
        "name": "Karnataka Bank Junction",
        "name:kn": "ಕರ್ನಾಟಕ ಬ್ಯಾಂಕ್ ಜಂಕ್ಷನ್",
        "traffic_signals": "signal"
      },
      "geometry": {
        "type": "Point",
        "coordinates": [
          77.5951629,
          12.9206044
        ]
      },
      "id": "node/249075247"
    },
    {
      "type": "Feature",
      "properties": {
        "@id": "node/249075973",
        "highway": "traffic_signals",
        "traffic_signals:countdown": "yes"
      },
      "geometry": {
        "type": "Point",
        "coordinates": [
          77.5895121,
          12.9173822
        ]
      },
      "id": "node/249075973"
    },
    {
      "type": "Feature",
      "properties": {
        "@id": "node/249075975",
        "highway": "traffic_signals"
      },
      "geometry": {
        "type": "Point",
        "coordinates": [
          77.5969019,
          12.9169561
        ]
      },
      "id": "node/249075975"
    },
    {
      "type": "Feature",
      "properties": {
        "@id": "node/249076302",
        "highway": "traffic_signals"
      },
      "geometry": {
        "type": "Point",
        "coordinates": [
          77.5696091,
          12.957309
        ]
      },
      "id": "node/249076302"
    },
    {
      "type": "Feature",
      "properties": {
        "@id": "node/249076305",
        "crossing": "traffic_signals",
        "highway": "traffic_signals"
      },
      "geometry": {
        "type": "Point",
        "coordinates": [
          77.5700739,
          12.9482704
        ]
      },
      "id": "node/249076305"
    },
    {
      "type": "Feature",
      "properties": {
        "@id": "node/249080527",
        "highway": "traffic_signals",
        "traffic_signals": "signal"
      },
      "geometry": {
        "type": "Point",
        "coordinates": [
          77.5463249,
          12.9279676
        ]
      },
      "id": "node/249080527"
    },
    {
      "type": "Feature",
      "properties": {
        "@id": "node/249081188",
        "highway": "traffic_signals",
        "traffic_signals": "signal"
      },
      "geometry": {
        "type": "Point",
        "coordinates": [
          77.5757939,
          12.9622247
        ]
      },
      "id": "node/249081188"
    },
    {
      "type": "Feature",
      "properties": {
        "@id": "node/249081285",
        "highway": "traffic_signals",
        "traffic_signals": "signal"
      },
      "geometry": {
        "type": "Point",
        "coordinates": [
          77.5744679,
          12.9596672
        ]
      },
      "id": "node/249081285"
    },
    {
      "type": "Feature",
      "properties": {
        "@id": "node/249081922",
        "highway": "traffic_signals",
        "traffic_signals:sound": "no"
      },
      "geometry": {
        "type": "Point",
        "coordinates": [
          77.599624,
          12.9907397
        ]
      },
      "id": "node/249081922"
    },
    {
      "type": "Feature",
      "properties": {
        "@id": "node/249082012",
        "button_operated": "no",
        "highway": "traffic_signals",
        "junction": "yes",
        "traffic_signals:sound": "no",
        "traffic_signals:vibration": "no"
      },
      "geometry": {
        "type": "Point",
        "coordinates": [
          77.5927032,
          12.989754
        ]
      },
      "id": "node/249082012"
    },
    {
      "type": "Feature",
      "properties": {
        "@id": "node/249082188",
        "highway": "traffic_signals"
      },
      "geometry": {
        "type": "Point",
        "coordinates": [
          77.6145054,
          12.9754941
        ]
      },
      "id": "node/249082188"
    },
    {
      "type": "Feature",
      "properties": {
        "@id": "node/249082234",
        "highway": "traffic_signals"
      },
      "geometry": {
        "type": "Point",
        "coordinates": [
          77.6099607,
          12.9809819
        ]
      },
      "id": "node/249082234"
    },
    {
      "type": "Feature",
      "properties": {
        "@id": "node/249083107",
        "highway": "traffic_signals",
        "traffic_signals": "signal"
      },
      "geometry": {
        "type": "Point",
        "coordinates": [
          77.6097923,
          12.992623
        ]
      },
      "id": "node/249083107"
    },
    {
      "type": "Feature",
      "properties": {
        "@id": "node/249083111",
        "highway": "traffic_signals"
      },
      "geometry": {
        "type": "Point",
        "coordinates": [
          77.6072115,
          12.9936479
        ]
      },
      "id": "node/249083111"
    },
    {
      "type": "Feature",
      "properties": {
        "@id": "node/249083677",
        "highway": "traffic_signals"
      },
      "geometry": {
        "type": "Point",
        "coordinates": [
          77.5559464,
          12.9595492
        ]
      },
      "id": "node/249083677"
    },
    {
      "type": "Feature",
      "properties": {
        "@id": "node/249084138",
        "highway": "traffic_signals"
      },
      "geometry": {
        "type": "Point",
        "coordinates": [
          77.5376362,
          12.950334
        ]
      },
      "id": "node/249084138"
    },
    {
      "type": "Feature",
      "properties": {
        "@id": "node/249084423",
        "highway": "traffic_signals",
        "traffic_signals": "signal"
      },
      "geometry": {
        "type": "Point",
        "coordinates": [
          77.5341001,
          12.9577314
        ]
      },
      "id": "node/249084423"
    },
    {
      "type": "Feature",
      "properties": {
        "@id": "node/249084426",
        "highway": "traffic_signals"
      },
      "geometry": {
        "type": "Point",
        "coordinates": [
          77.5331539,
          12.9599483
        ]
      },
      "id": "node/249084426"
    },
    {
      "type": "Feature",
      "properties": {
        "@id": "node/249084472",
        "highway": "traffic_signals"
      },
      "geometry": {
        "type": "Point",
        "coordinates": [
          77.5355823,
          12.9661078
        ]
      },
      "id": "node/249084472"
    },
    {
      "type": "Feature",
      "properties": {
        "@id": "node/249084482",
        "highway": "traffic_signals"
      },
      "geometry": {
        "type": "Point",
        "coordinates": [
          77.5447325,
          12.9741233
        ]
      },
      "id": "node/249084482"
    },
    {
      "type": "Feature",
      "properties": {
        "@id": "node/249084487",
        "highway": "traffic_signals"
      },
      "geometry": {
        "type": "Point",
        "coordinates": [
          77.548233,
          12.9752543
        ]
      },
      "id": "node/249084487"
    },
    {
      "type": "Feature",
      "properties": {
        "@id": "node/249086392",
        "highway": "traffic_signals"
      },
      "geometry": {
        "type": "Point",
        "coordinates": [
          77.5592663,
          12.9613737
        ]
      },
      "id": "node/249086392"
    },
    {
      "type": "Feature",
      "properties": {
        "@id": "node/249086438",
        "highway": "traffic_signals",
        "junction": "yes",
        "name": "Royan Circle",
        "name:kn": "ರಾಯನ್ ವೃತ್ತ",
        "source": "Royan Circle"
      },
      "geometry": {
        "type": "Point",
        "coordinates": [
          77.5685496,
          12.9605005
        ]
      },
      "id": "node/249086438"
    },
    {
      "type": "Feature",
      "properties": {
        "@id": "node/249087719",
        "highway": "traffic_signals"
      },
      "geometry": {
        "type": "Point",
        "coordinates": [
          77.5772014,
          12.9563509
        ]
      },
      "id": "node/249087719"
    },
    {
      "type": "Feature",
      "properties": {
        "@id": "node/249087936",
        "highway": "traffic_signals",
        "traffic_signals": "signal",
        "traffic_signals:countdown": "yes"
      },
      "geometry": {
        "type": "Point",
        "coordinates": [
          77.5865182,
          12.9657245
        ]
      },
      "id": "node/249087936"
    },
    {
      "type": "Feature",
      "properties": {
        "@id": "node/249087971",
        "highway": "traffic_signals",
        "junction": "yes",
        "name": "Mysore Bank Circle",
        "name:kn": "ಮೈಸೂರು ಬ್ಯಾಂಕ್ ವೃತ್ತ"
      },
      "geometry": {
        "type": "Point",
        "coordinates": [
          77.5810224,
          12.9729254
        ]
      },
      "id": "node/249087971"
    },
    {
      "type": "Feature",
      "properties": {
        "@id": "node/249098535",
        "highway": "traffic_signals"
      },
      "geometry": {
        "type": "Point",
        "coordinates": [
          77.5919637,
          12.955483
        ]
      },
      "id": "node/249098535"
    },
    {
      "type": "Feature",
      "properties": {
        "@id": "node/249585502",
        "designation": "Sirsi Circle",
        "highway": "traffic_signals"
      },
      "geometry": {
        "type": "Point",
        "coordinates": [
          77.5591727,
          12.9610125
        ]
      },
      "id": "node/249585502"
    },
    {
      "type": "Feature",
      "properties": {
        "@id": "node/249589809",
        "highway": "traffic_signals",
        "traffic_signals": "signal"
      },
      "geometry": {
        "type": "Point",
        "coordinates": [
          77.5463943,
          12.956011
        ]
      },
      "id": "node/249589809"
    },
    {
      "type": "Feature",
      "properties": {
        "@id": "node/249775286",
        "highway": "traffic_signals"
      },
      "geometry": {
        "type": "Point",
        "coordinates": [
          77.5739629,
          12.9397582
        ]
      },
      "id": "node/249775286"
    },
    {
      "type": "Feature",
      "properties": {
        "@id": "node/249788404",
        "highway": "traffic_signals"
      },
      "geometry": {
        "type": "Point",
        "coordinates": [
          77.5738077,
          12.9407831
        ]
      },
      "id": "node/249788404"
    },
    {
      "type": "Feature",
      "properties": {
        "@id": "node/251082959",
        "crossing": "traffic_signals",
        "highway": "traffic_signals",
        "traffic_signals:sound": "no"
      },
      "geometry": {
        "type": "Point",
        "coordinates": [
          77.631196,
          12.9814997
        ]
      },
      "id": "node/251082959"
    },
    {
      "type": "Feature",
      "properties": {
        "@id": "node/251082964",
        "highway": "traffic_signals"
      },
      "geometry": {
        "type": "Point",
        "coordinates": [
          77.6478913,
          12.9869588
        ]
      },
      "id": "node/251082964"
    },
    {
      "type": "Feature",
      "properties": {
        "@id": "node/251105190",
        "highway": "traffic_signals"
      },
      "geometry": {
        "type": "Point",
        "coordinates": [
          77.7523529,
          12.9836256
        ]
      },
      "id": "node/251105190"
    },
    {
      "type": "Feature",
      "properties": {
        "@id": "node/251105283",
        "highway": "traffic_signals"
      },
      "geometry": {
        "type": "Point",
        "coordinates": [
          77.7476049,
          12.9612313
        ]
      },
      "id": "node/251105283"
    },
    {
      "type": "Feature",
      "properties": {
        "@id": "node/251145689",
        "highway": "traffic_signals"
      },
      "geometry": {
        "type": "Point",
        "coordinates": [
          77.6402869,
          12.9840247
        ]
      },
      "id": "node/251145689"
    },
    {
      "type": "Feature",
      "properties": {
        "@id": "node/251146209",
        "highway": "traffic_signals"
      },
      "geometry": {
        "type": "Point",
        "coordinates": [
          77.6203284,
          12.9666398
        ]
      },
      "id": "node/251146209"
    },
    {
      "type": "Feature",
      "properties": {
        "@id": "node/251361750",
        "highway": "traffic_signals"
      },
      "geometry": {
        "type": "Point",
        "coordinates": [
          77.571493,
          12.9932818
        ]
      },
      "id": "node/251361750"
    },
    {
      "type": "Feature",
      "properties": {
        "@id": "node/251361754",
        "crossing": "traffic_signals",
        "highway": "traffic_signals",
        "traffic_signals:sound": "no"
      },
      "geometry": {
        "type": "Point",
        "coordinates": [
          77.5711436,
          13.0084297
        ]
      },
      "id": "node/251361754"
    },
    {
      "type": "Feature",
      "properties": {
        "@id": "node/251361762",
        "highway": "traffic_signals",
        "traffic_signals": "signal"
      },
      "geometry": {
        "type": "Point",
        "coordinates": [
          77.5605477,
          13.0170551
        ]
      },
      "id": "node/251361762"
    },
    {
      "type": "Feature",
      "properties": {
        "@id": "node/253179978",
        "highway": "traffic_signals"
      },
      "geometry": {
        "type": "Point",
        "coordinates": [
          77.6449358,
          12.9857661
        ]
      },
      "id": "node/253179978"
    },
    {
      "type": "Feature",
      "properties": {
        "@id": "node/253179984",
        "highway": "traffic_signals"
      },
      "geometry": {
        "type": "Point",
        "coordinates": [
          77.6465988,
          12.9784796
        ]
      },
      "id": "node/253179984"
    },
    {
      "type": "Feature",
      "properties": {
        "@id": "node/253179993",
        "highway": "traffic_signals",
        "traffic_signals:countdown": "yes",
        "traffic_signals:direction": "forward"
      },
      "geometry": {
        "type": "Point",
        "coordinates": [
          77.6476289,
          12.9688448
        ]
      },
      "id": "node/253179993"
    },
    {
      "type": "Feature",
      "properties": {
        "@id": "node/253518979",
        "highway": "traffic_signals"
      },
      "geometry": {
        "type": "Point",
        "coordinates": [
          77.6615244,
          12.9670177
        ]
      },
      "id": "node/253518979"
    },
    {
      "type": "Feature",
      "properties": {
        "@id": "node/253521393",
        "highway": "traffic_signals"
      },
      "geometry": {
        "type": "Point",
        "coordinates": [
          77.6410411,
          12.9783441
        ]
      },
      "id": "node/253521393"
    },
    {
      "type": "Feature",
      "properties": {
        "@id": "node/253521398",
        "highway": "traffic_signals"
      },
      "geometry": {
        "type": "Point",
        "coordinates": [
          77.6366403,
          12.9781423
        ]
      },
      "id": "node/253521398"
    },
    {
      "type": "Feature",
      "properties": {
        "@id": "node/253521405",
        "highway": "traffic_signals"
      },
      "geometry": {
        "type": "Point",
        "coordinates": [
          77.6286205,
          12.9783815
        ]
      },
      "id": "node/253521405"
    },
    {
      "type": "Feature",
      "properties": {
        "@id": "node/254665635",
        "highway": "traffic_signals"
      },
      "geometry": {
        "type": "Point",
        "coordinates": [
          77.5894728,
          12.9860822
        ]
      },
      "id": "node/254665635"
    },
    {
      "type": "Feature",
      "properties": {
        "@id": "node/254665681",
        "highway": "traffic_signals",
        "traffic_signals:sound": "yes"
      },
      "geometry": {
        "type": "Point",
        "coordinates": [
          77.6029061,
          12.9807434
        ]
      },
      "id": "node/254665681"
    },
    {
      "type": "Feature",
      "properties": {
        "@id": "node/254665683",
        "highway": "traffic_signals"
      },
      "geometry": {
        "type": "Point",
        "coordinates": [
          77.6038622,
          12.9804068
        ]
      },
      "id": "node/254665683"
    },
    {
      "type": "Feature",
      "properties": {
        "@id": "node/255558038",
        "highway": "traffic_signals",
        "name": "Thippasandra Cross",
        "name:kn": "ತಿಪ್ಪಸಂದ್ರ ಕ್ರಾಸ್"
      },
      "geometry": {
        "type": "Point",
        "coordinates": [
          77.6469104,
          12.9730613
        ]
      },
      "id": "node/255558038"
    },
    {
      "type": "Feature",
      "properties": {
        "@id": "node/260729391",
        "highway": "traffic_signals",
        "name": "Sony World Signal",
        "name:kn": "ಸೋನಿ ವರ್ಲ್ಡ್ ಸಿಗ್ನಲ್",
        "traffic_signals": "signal",
        "traffic_signals:direction": "forward"
      },
      "geometry": {
        "type": "Point",
        "coordinates": [
          77.6270752,
          12.9373044
        ]
      },
      "id": "node/260729391"
    },
    {
      "type": "Feature",
      "properties": {
        "@id": "node/260908338",
        "highway": "traffic_signals",
        "traffic_signals": "signal"
      },
      "geometry": {
        "type": "Point",
        "coordinates": [
          77.6837863,
          12.91098
        ]
      },
      "id": "node/260908338"
    },
    {
      "type": "Feature",
      "properties": {
        "@id": "node/263155275",
        "highway": "traffic_signals",
        "traffic_signals": "signal"
      },
      "geometry": {
        "type": "Point",
        "coordinates": [
          77.6061032,
          12.9684482
        ]
      },
      "id": "node/263155275"
    },
    {
      "type": "Feature",
      "properties": {
        "@id": "node/264191074",
        "button_operated": "no",
        "crossing": "traffic_signals",
        "highway": "traffic_signals",
        "traffic_signals:sound": "no"
      },
      "geometry": {
        "type": "Point",
        "coordinates": [
          77.6533581,
          12.8697535
        ]
      },
      "id": "node/264191074"
    },
    {
      "type": "Feature",
      "properties": {
        "@id": "node/266865270",
        "crossing": "traffic_signals",
        "highway": "traffic_signals"
      },
      "geometry": {
        "type": "Point",
        "coordinates": [
          77.6398958,
          12.8890463
        ]
      },
      "id": "node/266865270"
    },
    {
      "type": "Feature",
      "properties": {
        "@id": "node/278163345",
        "highway": "traffic_signals"
      },
      "geometry": {
        "type": "Point",
        "coordinates": [
          77.5931229,
          13.0817755
        ]
      },
      "id": "node/278163345"
    },
    {
      "type": "Feature",
      "properties": {
        "@id": "node/278163350",
        "highway": "traffic_signals",
        "traffic_signals": "signal"
      },
      "geometry": {
        "type": "Point",
        "coordinates": [
          77.5931329,
          13.0822706
        ]
      },
      "id": "node/278163350"
    },
    {
      "type": "Feature",
      "properties": {
        "@id": "node/286679410",
        "highway": "traffic_signals"
      },
      "geometry": {
        "type": "Point",
        "coordinates": [
          77.5875317,
          12.966849
        ]
      },
      "id": "node/286679410"
    },
    {
      "type": "Feature",
      "properties": {
        "@id": "node/286679427",
        "highway": "traffic_signals",
        "traffic_signals": "signal"
      },
      "geometry": {
        "type": "Point",
        "coordinates": [
          77.5875646,
          12.9668279
        ]
      },
      "id": "node/286679427"
    },
    {
      "type": "Feature",
      "properties": {
        "@id": "node/286679458",
        "camera:mount": "pole",
        "camera:type": "dome",
        "highway": "traffic_signals",
        "surveillance": "public",
        "surveillance:zone": "area",
        "traffic_signals": "signal"
      },
      "geometry": {
        "type": "Point",
        "coordinates": [
          77.5874378,
          12.9677579
        ]
      },
      "id": "node/286679458"
    },
    {
      "type": "Feature",
      "properties": {
        "@id": "node/286681113",
        "designation": "Jaimuni Rao Circle",
        "highway": "traffic_signals"
      },
      "geometry": {
        "type": "Point",
        "coordinates": [
          77.5425316,
          12.9785476
        ]
      },
      "id": "node/286681113"
    },
    {
      "type": "Feature",
      "properties": {
        "@id": "node/286681888",
        "crossing": "traffic_signals",
        "highway": "traffic_signals",
        "traffic_signals:direction": "backward"
      },
      "geometry": {
        "type": "Point",
        "coordinates": [
          77.5746382,
          12.9810486
        ]
      },
      "id": "node/286681888"
    },
    {
      "type": "Feature",
      "properties": {
        "@id": "node/286965860",
        "highway": "traffic_signals",
        "traffic_signals": "signal"
      },
      "geometry": {
        "type": "Point",
        "coordinates": [
          77.5909529,
          12.9778871
        ]
      },
      "id": "node/286965860"
    },
    {
      "type": "Feature",
      "properties": {
        "@id": "node/287793968",
        "highway": "traffic_signals",
        "traffic_signals": "signal"
      },
      "geometry": {
        "type": "Point",
        "coordinates": [
          77.5873435,
          12.9681517
        ]
      },
      "id": "node/287793968"
    },
    {
      "type": "Feature",
      "properties": {
        "@id": "node/287793997",
        "button_operated": "no",
        "crossing": "traffic_signals",
        "highway": "traffic_signals",
        "traffic_signals:sound": "no",
        "traffic_signals:vibration": "no"
      },
      "geometry": {
        "type": "Point",
        "coordinates": [
          77.5891393,
          12.9634181
        ]
      },
      "id": "node/287793997"
    },
    {
      "type": "Feature",
      "properties": {
        "@id": "node/287911099",
        "highway": "traffic_signals"
      },
      "geometry": {
        "type": "Point",
        "coordinates": [
          77.6359347,
          12.9715933
        ]
      },
      "id": "node/287911099"
    },
    {
      "type": "Feature",
      "properties": {
        "@id": "node/287911537",
        "highway": "traffic_signals"
      },
      "geometry": {
        "type": "Point",
        "coordinates": [
          77.6252162,
          12.9751043
        ]
      },
      "id": "node/287911537"
    },
    {
      "type": "Feature",
      "properties": {
        "@id": "node/287912509",
        "highway": "traffic_signals"
      },
      "geometry": {
        "type": "Point",
        "coordinates": [
          77.6413242,
          12.9703619
        ]
      },
      "id": "node/287912509"
    },
    {
      "type": "Feature",
      "properties": {
        "@id": "node/294076280",
        "highway": "traffic_signals"
      },
      "geometry": {
        "type": "Point",
        "coordinates": [
          77.5886396,
          12.9903012
        ]
      },
      "id": "node/294076280"
    },
    {
      "type": "Feature",
      "properties": {
        "@id": "node/294081382",
        "highway": "traffic_signals"
      },
      "geometry": {
        "type": "Point",
        "coordinates": [
          77.5969513,
          12.9828071
        ]
      },
      "id": "node/294081382"
    },
    {
      "type": "Feature",
      "properties": {
        "@id": "node/294082867",
        "highway": "traffic_signals"
      },
      "geometry": {
        "type": "Point",
        "coordinates": [
          77.5722241,
          12.985094
        ]
      },
      "id": "node/294082867"
    },
    {
      "type": "Feature",
      "properties": {
        "@id": "node/294083347",
        "highway": "traffic_signals"
      },
      "geometry": {
        "type": "Point",
        "coordinates": [
          77.5747547,
          12.9754468
        ]
      },
      "id": "node/294083347"
    },
    {
      "type": "Feature",
      "properties": {
        "@id": "node/294083513",
        "highway": "traffic_signals",
        "traffic_signals": "signal"
      },
      "geometry": {
        "type": "Point",
        "coordinates": [
          77.5763387,
          12.9752011
        ]
      },
      "id": "node/294083513"
    },
    {
      "type": "Feature",
      "properties": {
        "@id": "node/294083863",
        "highway": "traffic_signals"
      },
      "geometry": {
        "type": "Point",
        "coordinates": [
          77.5742634,
          12.9878262
        ]
      },
      "id": "node/294083863"
    },
    {
      "type": "Feature",
      "properties": {
        "@id": "node/294084044",
        "highway": "traffic_signals"
      },
      "geometry": {
        "type": "Point",
        "coordinates": [
          77.5739571,
          12.9890267
        ]
      },
      "id": "node/294084044"
    },
    {
      "type": "Feature",
      "properties": {
        "@id": "node/295735336",
        "highway": "traffic_signals"
      },
      "geometry": {
        "type": "Point",
        "coordinates": [
          77.5691563,
          13.0087663
        ]
      },
      "id": "node/295735336"
    },
    {
      "type": "Feature",
      "properties": {
        "@id": "node/295735338",
        "button_operated": "yes",
        "crossing": "traffic_signals",
        "crossing_ref": "zebra",
        "highway": "traffic_signals",
        "traffic_signals:sound": "walk"
      },
      "geometry": {
        "type": "Point",
        "coordinates": [
          77.5692348,
          13.0055874
        ]
      },
      "id": "node/295735338"
    },
    {
      "type": "Feature",
      "properties": {
        "@id": "node/295735342",
        "highway": "traffic_signals"
      },
      "geometry": {
        "type": "Point",
        "coordinates": [
          77.569294,
          12.9968667
        ]
      },
      "id": "node/295735342"
    },
    {
      "type": "Feature",
      "properties": {
        "@id": "node/295735476",
        "highway": "traffic_signals"
      },
      "geometry": {
        "type": "Point",
        "coordinates": [
          77.572887,
          13.0146245
        ]
      },
      "id": "node/295735476"
    },
    {
      "type": "Feature",
      "properties": {
        "@id": "node/296029992",
        "highway": "traffic_signals",
        "traffic_signals": "signal"
      },
      "geometry": {
        "type": "Point",
        "coordinates": [
          77.6195774,
          13.0039898
        ]
      },
      "id": "node/296029992"
    },
    {
      "type": "Feature",
      "properties": {
        "@id": "node/298830710",
        "highway": "traffic_signals"
      },
      "geometry": {
        "type": "Point",
        "coordinates": [
          77.6252023,
          12.9657377
        ]
      },
      "id": "node/298830710"
    },
    {
      "type": "Feature",
      "properties": {
        "@id": "node/298830828",
        "highway": "traffic_signals",
        "traffic_signals": "signal"
      },
      "geometry": {
        "type": "Point",
        "coordinates": [
          77.6206838,
          12.9667429
        ]
      },
      "id": "node/298830828"
    },
    {
      "type": "Feature",
      "properties": {
        "@id": "node/298831052",
        "highway": "traffic_signals"
      },
      "geometry": {
        "type": "Point",
        "coordinates": [
          77.6894444,
          12.9552045
        ]
      },
      "id": "node/298831052"
    },
    {
      "type": "Feature",
      "properties": {
        "@id": "node/301350890",
        "highway": "traffic_signals"
      },
      "geometry": {
        "type": "Point",
        "coordinates": [
          77.6202253,
          12.9405075
        ]
      },
      "id": "node/301350890"
    },
    {
      "type": "Feature",
      "properties": {
        "@id": "node/303926963",
        "highway": "traffic_signals",
        "name": "Gurappana Palya Junction"
      },
      "geometry": {
        "type": "Point",
        "coordinates": [
          77.6002099,
          12.9205751
        ]
      },
      "id": "node/303926963"
    },
    {
      "type": "Feature",
      "properties": {
        "@id": "node/303975904",
        "crossing": "uncontrolled",
        "highway": "traffic_signals"
      },
      "geometry": {
        "type": "Point",
        "coordinates": [
          77.576775,
          12.9483195
        ]
      },
      "id": "node/303975904"
    },
    {
      "type": "Feature",
      "properties": {
        "@id": "node/304277418",
        "highway": "traffic_signals"
      },
      "geometry": {
        "type": "Point",
        "coordinates": [
          77.6208361,
          12.9274056
        ]
      },
      "id": "node/304277418"
    },
    {
      "type": "Feature",
      "properties": {
        "@id": "node/304771894",
        "highway": "traffic_signals"
      },
      "geometry": {
        "type": "Point",
        "coordinates": [
          77.6226225,
          12.9314922
        ]
      },
      "id": "node/304771894"
    },
    {
      "type": "Feature",
      "properties": {
        "@id": "node/305154536",
        "highway": "traffic_signals",
        "traffic_signals:countdown": "yes"
      },
      "geometry": {
        "type": "Point",
        "coordinates": [
          77.5952994,
          12.910244
        ]
      },
      "id": "node/305154536"
    },
    {
      "type": "Feature",
      "properties": {
        "@id": "node/306074373",
        "highway": "traffic_signals"
      },
      "geometry": {
        "type": "Point",
        "coordinates": [
          77.638811,
          12.9609211
        ]
      },
      "id": "node/306074373"
    },
    {
      "type": "Feature",
      "properties": {
        "@id": "node/306586928",
        "highway": "traffic_signals",
        "traffic_signals": "signal"
      },
      "geometry": {
        "type": "Point",
        "coordinates": [
          77.6123203,
          12.9345385
        ]
      },
      "id": "node/306586928"
    },
    {
      "type": "Feature",
      "properties": {
        "@id": "node/306594280",
        "highway": "traffic_signals"
      },
      "geometry": {
        "type": "Point",
        "coordinates": [
          77.6224563,
          12.9172507
        ]
      },
      "id": "node/306594280"
    },
    {
      "type": "Feature",
      "properties": {
        "@id": "node/306601671",
        "highway": "traffic_signals",
        "traffic_signals": "signal"
      },
      "geometry": {
        "type": "Point",
        "coordinates": [
          77.6018928,
          12.9372946
        ]
      },
      "id": "node/306601671"
    },
    {
      "type": "Feature",
      "properties": {
        "@id": "node/306601726",
        "highway": "traffic_signals",
        "traffic_signals": "signal"
      },
      "geometry": {
        "type": "Point",
        "coordinates": [
          77.6014978,
          12.9372664
        ]
      },
      "id": "node/306601726"
    },
    {
      "type": "Feature",
      "properties": {
        "@id": "node/306601731",
        "highway": "traffic_signals",
        "traffic_signals": "signal"
      },
      "geometry": {
        "type": "Point",
        "coordinates": [
          77.6019814,
          12.9369854
        ]
      },
      "id": "node/306601731"
    },
    {
      "type": "Feature",
      "properties": {
        "@id": "node/306834748",
        "highway": "traffic_signals",
        "junction": "yes",
        "survey:date": "2023-09-15"
      },
      "geometry": {
        "type": "Point",
        "coordinates": [
          77.6142217,
          12.9664257
        ]
      },
      "id": "node/306834748"
    },
    {
      "type": "Feature",
      "properties": {
        "@id": "node/306854061",
        "highway": "traffic_signals"
      },
      "geometry": {
        "type": "Point",
        "coordinates": [
          77.6101015,
          12.913937
        ]
      },
      "id": "node/306854061"
    },
    {
      "type": "Feature",
      "properties": {
        "@id": "node/307404566",
        "highway": "traffic_signals"
      },
      "geometry": {
        "type": "Point",
        "coordinates": [
          77.6398975,
          12.9237827
        ]
      },
      "id": "node/307404566"
    },
    {
      "type": "Feature",
      "properties": {
        "@id": "node/308063197",
        "highway": "traffic_signals",
        "traffic_signals": "signal"
      },
      "geometry": {
        "type": "Point",
        "coordinates": [
          77.5718021,
          12.9845161
        ]
      },
      "id": "node/308063197"
    },
    {
      "type": "Feature",
      "properties": {
        "@id": "node/308063843",
        "highway": "traffic_signals",
        "traffic_signals": "signal"
      },
      "geometry": {
        "type": "Point",
        "coordinates": [
          77.5284137,
          12.9571579
        ]
      },
      "id": "node/308063843"
    },
    {
      "type": "Feature",
      "properties": {
        "@id": "node/308064375",
        "highway": "traffic_signals"
      },
      "geometry": {
        "type": "Point",
        "coordinates": [
          77.4998105,
          12.9521149
        ]
      },
      "id": "node/308064375"
    },
    {
      "type": "Feature",
      "properties": {
        "@id": "node/308069216",
        "highway": "traffic_signals"
      },
      "geometry": {
        "type": "Point",
        "coordinates": [
          77.5365605,
          12.9808805
        ]
      },
      "id": "node/308069216"
    },
    {
      "type": "Feature",
      "properties": {
        "@id": "node/308072410",
        "highway": "traffic_signals"
      },
      "geometry": {
        "type": "Point",
        "coordinates": [
          77.5207425,
          13.0258594
        ]
      },
      "id": "node/308072410"
    },
    {
      "type": "Feature",
      "properties": {
        "@id": "node/308072451",
        "highway": "traffic_signals",
        "junction": "yes",
        "name": "Jalahalli Cross",
        "name:kn": "ಜಾಲಹಳ್ಳಿ ಕ್ರಾಸ್"
      },
      "geometry": {
        "type": "Point",
        "coordinates": [
          77.5183596,
          13.0398882
        ]
      },
      "id": "node/308072451"
    },
    {
      "type": "Feature",
      "properties": {
        "@id": "node/308074193",
        "highway": "traffic_signals"
      },
      "geometry": {
        "type": "Point",
        "coordinates": [
          77.540158,
          13.028726
        ]
      },
      "id": "node/308074193"
    },
    {
      "type": "Feature",
      "properties": {
        "@id": "node/308081022",
        "highway": "traffic_signals",
        "traffic_signals": "signal"
      },
      "geometry": {
        "type": "Point",
        "coordinates": [
          77.5699836,
          13.0471228
        ]
      },
      "id": "node/308081022"
    },
    {
      "type": "Feature",
      "properties": {
        "@id": "node/308188550",
        "highway": "traffic_signals"
      },
      "geometry": {
        "type": "Point",
        "coordinates": [
          77.5486862,
          13.0059429
        ]
      },
      "id": "node/308188550"
    },
    {
      "type": "Feature",
      "properties": {
        "@id": "node/308188640",
        "highway": "traffic_signals"
      },
      "geometry": {
        "type": "Point",
        "coordinates": [
          77.5486635,
          13.006118
        ]
      },
      "id": "node/308188640"
    },
    {
      "type": "Feature",
      "properties": {
        "@id": "node/308218810",
        "highway": "traffic_signals",
        "traffic_signals:countdown": "yes"
      },
      "geometry": {
        "type": "Point",
        "coordinates": [
          77.6460252,
          13.052715
        ]
      },
      "id": "node/308218810"
    },
    {
      "type": "Feature",
      "properties": {
        "@id": "node/308231592",
        "highway": "traffic_signals",
        "name": "Nanjappa Circle",
        "name:kn": "ನಂಜಪ್ಪ ವೃತ್ತ",
        "traffic_signals": "signal"
      },
      "geometry": {
        "type": "Point",
        "coordinates": [
          77.5603713,
          13.0683999
        ]
      },
      "id": "node/308231592"
    },
    {
      "type": "Feature",
      "properties": {
        "@id": "node/308231734",
        "highway": "traffic_signals"
      },
      "geometry": {
        "type": "Point",
        "coordinates": [
          77.5573491,
          13.0348022
        ]
      },
      "id": "node/308231734"
    },
    {
      "type": "Feature",
      "properties": {
        "@id": "node/308231837",
        "highway": "traffic_signals",
        "traffic_signals": "signal"
      },
      "geometry": {
        "type": "Point",
        "coordinates": [
          77.5537592,
          13.049637
        ]
      },
      "id": "node/308231837"
    },
    {
      "type": "Feature",
      "properties": {
        "@id": "node/308232366",
        "highway": "traffic_signals",
        "traffic_signals": "signal"
      },
      "geometry": {
        "type": "Point",
        "coordinates": [
          77.5491659,
          13.0040722
        ]
      },
      "id": "node/308232366"
    },
    {
      "type": "Feature",
      "properties": {
        "@id": "node/308232380",
        "highway": "traffic_signals"
      },
      "geometry": {
        "type": "Point",
        "coordinates": [
          77.5500735,
          12.9876865
        ]
      },
      "id": "node/308232380"
    },
    {
      "type": "Feature",
      "properties": {
        "@id": "node/308232384",
        "highway": "traffic_signals",
        "junction": "yes",
        "name": "National Public School Circle",
        "name:kn": "ನ್ಯಾಶನಲ್ ಪಬ್ಲಿಕ್ ಶಾಲೆ ವೃತ್ತ"
      },
      "geometry": {
        "type": "Point",
        "coordinates": [
          77.5491829,
          12.9844607
        ]
      },
      "id": "node/308232384"
    },
    {
      "type": "Feature",
      "properties": {
        "@id": "node/308232637",
        "highway": "traffic_signals"
      },
      "geometry": {
        "type": "Point",
        "coordinates": [
          77.5328908,
          12.9600676
        ]
      },
      "id": "node/308232637"
    },
    {
      "type": "Feature",
      "properties": {
        "@id": "node/308232833",
        "highway": "traffic_signals",
        "traffic_signals:direction": "forward"
      },
      "geometry": {
        "type": "Point",
        "coordinates": [
          77.5353176,
          12.9661048
        ]
      },
      "id": "node/308232833"
    },
    {
      "type": "Feature",
      "properties": {
        "@id": "node/308232847",
        "highway": "traffic_signals"
      },
      "geometry": {
        "type": "Point",
        "coordinates": [
          77.5447396,
          12.9742803
        ]
      },
      "id": "node/308232847"
    },
    {
      "type": "Feature",
      "properties": {
        "@id": "node/308232862",
        "highway": "traffic_signals",
        "junction": "yes",
        "name": "National Public School Circle",
        "name:kn": "ನ್ಯಾಶನಲ್ ಪಬ್ಲಿಕ್ ಶಾಲೆ ವೃತ್ತ"
      },
      "geometry": {
        "type": "Point",
        "coordinates": [
          77.5489013,
          12.9842583
        ]
      },
      "id": "node/308232862"
    },
    {
      "type": "Feature",
      "properties": {
        "@id": "node/308232865",
        "highway": "traffic_signals"
      },
      "geometry": {
        "type": "Point",
        "coordinates": [
          77.5497657,
          12.9879677
        ]
      },
      "id": "node/308232865"
    },
    {
      "type": "Feature",
      "properties": {
        "@id": "node/308232877",
        "highway": "traffic_signals",
        "traffic_signals": "signal"
      },
      "geometry": {
        "type": "Point",
        "coordinates": [
          77.5490712,
          13.0037857
        ]
      },
      "id": "node/308232877"
    },
    {
      "type": "Feature",
      "properties": {
        "@id": "node/308232885",
        "highway": "traffic_signals"
      },
      "geometry": {
        "type": "Point",
        "coordinates": [
          77.5488004,
          13.0061811
        ]
      },
      "id": "node/308232885"
    },
    {
      "type": "Feature",
      "properties": {
        "@id": "node/308232886",
        "highway": "traffic_signals"
      },
      "geometry": {
        "type": "Point",
        "coordinates": [
          77.5488442,
          13.0060037
        ]
      },
      "id": "node/308232886"
    },
    {
      "type": "Feature",
      "properties": {
        "@id": "node/308233404",
        "highway": "traffic_signals",
        "traffic_signals": "signal"
      },
      "geometry": {
        "type": "Point",
        "coordinates": [
          77.5339714,
          12.9576812
        ]
      },
      "id": "node/308233404"
    },
    {
      "type": "Feature",
      "properties": {
        "@id": "node/308238310",
        "highway": "traffic_signals"
      },
      "geometry": {
        "type": "Point",
        "coordinates": [
          77.6244573,
          13.0404899
        ]
      },
      "id": "node/308238310"
    },
    {
      "type": "Feature",
      "properties": {
        "@id": "node/308729117",
        "highway": "traffic_signals",
        "traffic_signals": "signal"
      },
      "geometry": {
        "type": "Point",
        "coordinates": [
          77.5760986,
          12.9231908
        ]
      },
      "id": "node/308729117"
    },
    {
      "type": "Feature",
      "properties": {
        "@id": "node/308729150",
        "highway": "traffic_signals"
      },
      "geometry": {
        "type": "Point",
        "coordinates": [
          77.5763699,
          12.9234807
        ]
      },
      "id": "node/308729150"
    },
    {
      "type": "Feature",
      "properties": {
        "@id": "node/308729151",
        "highway": "traffic_signals"
      },
      "geometry": {
        "type": "Point",
        "coordinates": [
          77.5735584,
          12.9234243
        ]
      },
      "id": "node/308729151"
    },
    {
      "type": "Feature",
      "properties": {
        "@id": "node/308807795",
        "highway": "traffic_signals",
        "name": "Avarekalu Circle",
        "name:kn": "ಅವರೆಕಾಳು ವೃತ್ತ",
        "note": "Dual carriageway"
      },
      "geometry": {
        "type": "Point",
        "coordinates": [
          77.5769552,
          12.9273387
        ]
      },
      "id": "node/308807795"
    },
    {
      "type": "Feature",
      "properties": {
        "@id": "node/308915752",
        "highway": "traffic_signals"
      },
      "geometry": {
        "type": "Point",
        "coordinates": [
          77.6251691,
          12.9258055
        ]
      },
      "id": "node/308915752"
    },
    {
      "type": "Feature",
      "properties": {
        "@id": "node/308923397",
        "highway": "traffic_signals",
        "traffic_signals": "signal"
      },
      "geometry": {
        "type": "Point",
        "coordinates": [
          77.6075973,
          12.943891
        ]
      },
      "id": "node/308923397"
    },
    {
      "type": "Feature",
      "properties": {
        "@id": "node/308924882",
        "alt_name": "Neelasandra Junction",
        "highway": "traffic_signals"
      },
      "geometry": {
        "type": "Point",
        "coordinates": [
          77.6088877,
          12.9666874
        ]
      },
      "id": "node/308924882"
    },
    {
      "type": "Feature",
      "properties": {
        "@id": "node/309592695",
        "highway": "traffic_signals"
      },
      "geometry": {
        "type": "Point",
        "coordinates": [
          77.6244413,
          12.9351903
        ]
      },
      "id": "node/309592695"
    },
    {
      "type": "Feature",
      "properties": {
        "@id": "node/309595499",
        "highway": "traffic_signals"
      },
      "geometry": {
        "type": "Point",
        "coordinates": [
          77.5932544,
          12.9102099
        ]
      },
      "id": "node/309595499"
    },
    {
      "type": "Feature",
      "properties": {
        "@id": "node/315208341",
        "highway": "traffic_signals"
      },
      "geometry": {
        "type": "Point",
        "coordinates": [
          77.6325528,
          12.9385736
        ]
      },
      "id": "node/315208341"
    },
    {
      "type": "Feature",
      "properties": {
        "@id": "node/315208342",
        "designation": "Ejipur Signal",
        "highway": "traffic_signals"
      },
      "geometry": {
        "type": "Point",
        "coordinates": [
          77.6328936,
          12.9384443
        ]
      },
      "id": "node/315208342"
    },
    {
      "type": "Feature",
      "properties": {
        "@id": "node/320647365",
        "bus": "yes",
        "crossing": "uncontrolled",
        "highway": "traffic_signals",
        "name": "KR Market",
        "name:en": "Krishnarajendra Market",
        "name:kn": "ಕೃಷ್ಣರಾಜೇಂದ್ರ ಮಾರುಕಟ್ಟೆ",
        "network": "BMTC",
        "operator": "BMTC",
        "public_transport": "stop_position"
      },
      "geometry": {
        "type": "Point",
        "coordinates": [
          77.5768931,
          12.9642064
        ]
      },
      "id": "node/320647365"
    },
    {
      "type": "Feature",
      "properties": {
        "@id": "node/331665381",
        "highway": "traffic_signals"
      },
      "geometry": {
        "type": "Point",
        "coordinates": [
          77.6002543,
          13.1036366
        ]
      },
      "id": "node/331665381"
    },
    {
      "type": "Feature",
      "properties": {
        "@id": "node/332955178",
        "highway": "traffic_signals"
      },
      "geometry": {
        "type": "Point",
        "coordinates": [
          77.593391,
          13.0818799
        ]
      },
      "id": "node/332955178"
    },
    {
      "type": "Feature",
      "properties": {
        "@id": "node/334482516",
        "highway": "traffic_signals"
      },
      "geometry": {
        "type": "Point",
        "coordinates": [
          77.6082104,
          12.9750056
        ]
      },
      "id": "node/334482516"
    },
    {
      "type": "Feature",
      "properties": {
        "@id": "node/335663834",
        "highway": "traffic_signals"
      },
      "geometry": {
        "type": "Point",
        "coordinates": [
          77.5906305,
          13.0427065
        ]
      },
      "id": "node/335663834"
    },
    {
      "type": "Feature",
      "properties": {
        "@id": "node/343088229",
        "highway": "traffic_signals",
        "junction": "yes",
        "name": "Shri T R A Thumba Chetty Circle",
        "name:etymology:wikidata": "Q37999567",
        "name:kn": "ಶ್ರೀ ಟಿ ಆರ್ ಎ ತುಂಬಚೆಟ್ಟಿ ಸರ್ಕಲ್"
      },
      "geometry": {
        "type": "Point",
        "coordinates": [
          77.614572,
          12.9918387
        ]
      },
      "id": "node/343088229"
    },
    {
      "type": "Feature",
      "properties": {
        "@id": "node/343094471",
        "highway": "traffic_signals"
      },
      "geometry": {
        "type": "Point",
        "coordinates": [
          77.6122469,
          13.0020419
        ]
      },
      "id": "node/343094471"
    },
    {
      "type": "Feature",
      "properties": {
        "@id": "node/343320203",
        "highway": "traffic_signals",
        "traffic_signals": "signal"
      },
      "geometry": {
        "type": "Point",
        "coordinates": [
          77.6635086,
          12.9942926
        ]
      },
      "id": "node/343320203"
    },
    {
      "type": "Feature",
      "properties": {
        "@id": "node/343322076",
        "highway": "traffic_signals"
      },
      "geometry": {
        "type": "Point",
        "coordinates": [
          77.6619872,
          13.0133145
        ]
      },
      "id": "node/343322076"
    },
    {
      "type": "Feature",
      "properties": {
        "@id": "node/343322679",
        "highway": "traffic_signals"
      },
      "geometry": {
        "type": "Point",
        "coordinates": [
          77.6768064,
          13.000214
        ]
      },
      "id": "node/343322679"
    },
    {
      "type": "Feature",
      "properties": {
        "@id": "node/343459489",
        "highway": "traffic_signals"
      },
      "geometry": {
        "type": "Point",
        "coordinates": [
          77.6850038,
          13.0051531
        ]
      },
      "id": "node/343459489"
    },
    {
      "type": "Feature",
      "properties": {
        "@id": "node/343462692",
        "highway": "traffic_signals"
      },
      "geometry": {
        "type": "Point",
        "coordinates": [
          77.6624212,
          13.0135336
        ]
      },
      "id": "node/343462692"
    },
    {
      "type": "Feature",
      "properties": {
        "@id": "node/343594553",
        "highway": "traffic_signals"
      },
      "geometry": {
        "type": "Point",
        "coordinates": [
          77.6054118,
          12.9815657
        ]
      },
      "id": "node/343594553"
    },
    {
      "type": "Feature",
      "properties": {
        "@id": "node/343601638",
        "highway": "traffic_signals",
        "traffic_signals": "signal"
      },
      "geometry": {
        "type": "Point",
        "coordinates": [
          77.6243107,
          13.0398944
        ]
      },
      "id": "node/343601638"
    },
    {
      "type": "Feature",
      "properties": {
        "@id": "node/347295433",
        "highway": "traffic_signals",
        "traffic_signals": "signal"
      },
      "geometry": {
        "type": "Point",
        "coordinates": [
          77.5764108,
          12.9750703
        ]
      },
      "id": "node/347295433"
    },
    {
      "type": "Feature",
      "properties": {
        "@id": "node/347295554",
        "highway": "traffic_signals"
      },
      "geometry": {
        "type": "Point",
        "coordinates": [
          77.5708033,
          12.9746331
        ]
      },
      "id": "node/347295554"
    },
    {
      "type": "Feature",
      "properties": {
        "@id": "node/348036175",
        "highway": "traffic_signals",
        "traffic_signals:direction": "forward"
      },
      "geometry": {
        "type": "Point",
        "coordinates": [
          77.6342272,
          12.9248465
        ]
      },
      "id": "node/348036175"
    },
    {
      "type": "Feature",
      "properties": {
        "@id": "node/355427675",
        "highway": "traffic_signals",
        "traffic_signals": "signal"
      },
      "geometry": {
        "type": "Point",
        "coordinates": [
          77.6573283,
          12.9912525
        ]
      },
      "id": "node/355427675"
    },
    {
      "type": "Feature",
      "properties": {
        "@id": "node/355427677",
        "highway": "traffic_signals",
        "traffic_signals": "signal"
      },
      "geometry": {
        "type": "Point",
        "coordinates": [
          77.6568584,
          12.991134
        ]
      },
      "id": "node/355427677"
    },
    {
      "type": "Feature",
      "properties": {
        "@id": "node/355428774",
        "highway": "traffic_signals",
        "traffic_signals": "signal"
      },
      "geometry": {
        "type": "Point",
        "coordinates": [
          77.6464567,
          12.9791928
        ]
      },
      "id": "node/355428774"
    },
    {
      "type": "Feature",
      "properties": {
        "@id": "node/364626139",
        "highway": "traffic_signals",
        "traffic_signals": "signal"
      },
      "geometry": {
        "type": "Point",
        "coordinates": [
          77.5739762,
          12.917536
        ]
      },
      "id": "node/364626139"
    },
    {
      "type": "Feature",
      "properties": {
        "@id": "node/374217275",
        "highway": "traffic_signals"
      },
      "geometry": {
        "type": "Point",
        "coordinates": [
          77.5686006,
          13.034138
        ]
      },
      "id": "node/374217275"
    },
    {
      "type": "Feature",
      "properties": {
        "@id": "node/374217314",
        "crossing": "traffic_signals",
        "highway": "traffic_signals",
        "traffic_signals": "signal",
        "traffic_signals:sound": "yes"
      },
      "geometry": {
        "type": "Point",
        "coordinates": [
          77.5659978,
          13.0370077
        ]
      },
      "id": "node/374217314"
    },
    {
      "type": "Feature",
      "properties": {
        "@id": "node/388463959",
        "highway": "traffic_signals"
      },
      "geometry": {
        "type": "Point",
        "coordinates": [
          77.5405639,
          12.8739746
        ]
      },
      "id": "node/388463959"
    },
    {
      "type": "Feature",
      "properties": {
        "@id": "node/410605177",
        "highway": "traffic_signals"
      },
      "geometry": {
        "type": "Point",
        "coordinates": [
          77.6407745,
          13.066368
        ]
      },
      "id": "node/410605177"
    },
    {
      "type": "Feature",
      "properties": {
        "@id": "node/412135152",
        "highway": "traffic_signals"
      },
      "geometry": {
        "type": "Point",
        "coordinates": [
          77.602078,
          12.9954
        ]
      },
      "id": "node/412135152"
    },
    {
      "type": "Feature",
      "properties": {
        "@id": "node/416419153",
        "highway": "traffic_signals"
      },
      "geometry": {
        "type": "Point",
        "coordinates": [
          77.6433987,
          13.0092971
        ]
      },
      "id": "node/416419153"
    },
    {
      "type": "Feature",
      "properties": {
        "@id": "node/419638217",
        "highway": "traffic_signals",
        "junction": "yes",
        "name": "Gorguntepalaya Cross",
        "name:kn": "ಗೊರಗುಂಟೆಪಾಳ್ಯ ಕ್ರಾಸ್"
      },
      "geometry": {
        "type": "Point",
        "coordinates": [
          77.53987,
          13.0290733
        ]
      },
      "id": "node/419638217"
    },
    {
      "type": "Feature",
      "properties": {
        "@id": "node/419638282",
        "designation": "TVS Cross",
        "highway": "traffic_signals"
      },
      "geometry": {
        "type": "Point",
        "coordinates": [
          77.5197034,
          13.0285308
        ]
      },
      "id": "node/419638282"
    },
    {
      "type": "Feature",
      "properties": {
        "@id": "node/426823702",
        "highway": "traffic_signals",
        "name": "Jalahalli Cross",
        "name:kn": "ಜಾಲಹಳ್ಳಿ ಕ್ರಾಸ್"
      },
      "geometry": {
        "type": "Point",
        "coordinates": [
          77.5184224,
          13.0400737
        ]
      },
      "id": "node/426823702"
    },
    {
      "type": "Feature",
      "properties": {
        "@id": "node/426835306",
        "highway": "traffic_signals",
        "traffic_signals": "signal"
      },
      "geometry": {
        "type": "Point",
        "coordinates": [
          77.5605923,
          13.0171281
        ]
      },
      "id": "node/426835306"
    },
    {
      "type": "Feature",
      "properties": {
        "@id": "node/426962389",
        "highway": "traffic_signals"
      },
      "geometry": {
        "type": "Point",
        "coordinates": [
          77.5730781,
          12.9969354
        ]
      },
      "id": "node/426962389"
    },
    {
      "type": "Feature",
      "properties": {
        "@id": "node/427531037",
        "button_operated": "no",
        "crossing": "traffic_signals",
        "highway": "traffic_signals",
        "traffic_signals:sound": "no",
        "traffic_signals:vibration": "no"
      },
      "geometry": {
        "type": "Point",
        "coordinates": [
          77.575415,
          12.9919113
        ]
      },
      "id": "node/427531037"
    },
    {
      "type": "Feature",
      "properties": {
        "@id": "node/427593076",
        "highway": "traffic_signals"
      },
      "geometry": {
        "type": "Point",
        "coordinates": [
          77.5699962,
          13.0036714
        ]
      },
      "id": "node/427593076"
    },
    {
      "type": "Feature",
      "properties": {
        "@id": "node/427593081",
        "button_operated": "yes",
        "crossing_ref": "zebra",
        "highway": "traffic_signals",
        "kerb": "flush",
        "supervised": "06:00-20:00",
        "traffic_signals:sound": "walk"
      },
      "geometry": {
        "type": "Point",
        "coordinates": [
          77.5713561,
          12.9992144
        ]
      },
      "id": "node/427593081"
    },
    {
      "type": "Feature",
      "properties": {
        "@id": "node/427593098",
        "highway": "traffic_signals"
      },
      "geometry": {
        "type": "Point",
        "coordinates": [
          77.5637883,
          13.0056979
        ]
      },
      "id": "node/427593098"
    },
    {
      "type": "Feature",
      "properties": {
        "@id": "node/427593100",
        "highway": "traffic_signals"
      },
      "geometry": {
        "type": "Point",
        "coordinates": [
          77.5653044,
          13.0036936
        ]
      },
      "id": "node/427593100"
    },
    {
      "type": "Feature",
      "properties": {
        "@id": "node/427593103",
        "highway": "traffic_signals"
      },
      "geometry": {
        "type": "Point",
        "coordinates": [
          77.5667143,
          13.0056226
        ]
      },
      "id": "node/427593103"
    },
    {
      "type": "Feature",
      "properties": {
        "@id": "node/427593300",
        "highway": "traffic_signals"
      },
      "geometry": {
        "type": "Point",
        "coordinates": [
          77.5667685,
          13.0036878
        ]
      },
      "id": "node/427593300"
    },
    {
      "type": "Feature",
      "properties": {
        "@id": "node/427593301",
        "highway": "traffic_signals"
      },
      "geometry": {
        "type": "Point",
        "coordinates": [
          77.5681646,
          13.0055491
        ]
      },
      "id": "node/427593301"
    },
    {
      "type": "Feature",
      "properties": {
        "@id": "node/427593305",
        "highway": "traffic_signals"
      },
      "geometry": {
        "type": "Point",
        "coordinates": [
          77.5712126,
          13.0054364
        ]
      },
      "id": "node/427593305"
    },
    {
      "type": "Feature",
      "properties": {
        "@id": "node/427593398",
        "highway": "traffic_signals"
      },
      "geometry": {
        "type": "Point",
        "coordinates": [
          77.5681969,
          13.0036822
        ]
      },
      "id": "node/427593398"
    },
    {
      "type": "Feature",
      "properties": {
        "@id": "node/427594203",
        "highway": "traffic_signals"
      },
      "geometry": {
        "type": "Point",
        "coordinates": [
          77.5579816,
          13.0185033
        ]
      },
      "id": "node/427594203"
    },
    {
      "type": "Feature",
      "properties": {
        "@id": "node/428420881",
        "highway": "traffic_signals",
        "traffic_signals": "signal"
      },
      "geometry": {
        "type": "Point",
        "coordinates": [
          77.5939029,
          12.9718188
        ]
      },
      "id": "node/428420881"
    },
    {
      "type": "Feature",
      "properties": {
        "@id": "node/428435127",
        "highway": "traffic_signals",
        "traffic_signals": "signal"
      },
      "geometry": {
        "type": "Point",
        "coordinates": [
          77.596607,
          12.9649679
        ]
      },
      "id": "node/428435127"
    },
    {
      "type": "Feature",
      "properties": {
        "@id": "node/428457171",
        "highway": "traffic_signals",
        "note": "no u turn"
      },
      "geometry": {
        "type": "Point",
        "coordinates": [
          77.591425,
          12.9538291
        ]
      },
      "id": "node/428457171"
    },
    {
      "type": "Feature",
      "properties": {
        "@id": "node/428457173",
        "highway": "traffic_signals"
      },
      "geometry": {
        "type": "Point",
        "coordinates": [
          77.5922182,
          12.9555639
        ]
      },
      "id": "node/428457173"
    },
    {
      "type": "Feature",
      "properties": {
        "@id": "node/428853824",
        "crossing": "uncontrolled",
        "highway": "traffic_signals"
      },
      "geometry": {
        "type": "Point",
        "coordinates": [
          77.5768379,
          12.980667
        ]
      },
      "id": "node/428853824"
    },
    {
      "type": "Feature",
      "properties": {
        "@id": "node/428853845",
        "highway": "traffic_signals",
        "traffic_signals": "signal"
      },
      "geometry": {
        "type": "Point",
        "coordinates": [
          77.5817457,
          12.9797639
        ]
      },
      "id": "node/428853845"
    },
    {
      "type": "Feature",
      "properties": {
        "@id": "node/429001262",
        "highway": "traffic_signals",
        "traffic_signals": "signal",
        "traffic_signals:countdown": "yes"
      },
      "geometry": {
        "type": "Point",
        "coordinates": [
          77.585035,
          12.9638856
        ]
      },
      "id": "node/429001262"
    },
    {
      "type": "Feature",
      "properties": {
        "@id": "node/429001265",
        "highway": "traffic_signals",
        "traffic_signals:countdown": "yes"
      },
      "geometry": {
        "type": "Point",
        "coordinates": [
          77.5866582,
          12.9655022
        ]
      },
      "id": "node/429001265"
    },
    {
      "type": "Feature",
      "properties": {
        "@id": "node/429230963",
        "highway": "traffic_signals",
        "traffic_signals": "signal",
        "traffic_signals:direction": "forward"
      },
      "geometry": {
        "type": "Point",
        "coordinates": [
          77.5872021,
          12.9669523
        ]
      },
      "id": "node/429230963"
    },
    {
      "type": "Feature",
      "properties": {
        "@id": "node/429286843",
        "highway": "traffic_signals"
      },
      "geometry": {
        "type": "Point",
        "coordinates": [
          77.5486665,
          12.975251
        ]
      },
      "id": "node/429286843"
    },
    {
      "type": "Feature",
      "properties": {
        "@id": "node/429726441",
        "highway": "traffic_signals",
        "traffic_signals": "signal"
      },
      "geometry": {
        "type": "Point",
        "coordinates": [
          77.5680475,
          12.968816
        ]
      },
      "id": "node/429726441"
    },
    {
      "type": "Feature",
      "properties": {
        "@id": "node/429731194",
        "highway": "traffic_signals"
      },
      "geometry": {
        "type": "Point",
        "coordinates": [
          77.573597,
          12.9530862
        ]
      },
      "id": "node/429731194"
    },
    {
      "type": "Feature",
      "properties": {
        "@id": "node/430043662",
        "highway": "traffic_signals"
      },
      "geometry": {
        "type": "Point",
        "coordinates": [
          77.5905814,
          13.0101366
        ]
      },
      "id": "node/430043662"
    },
    {
      "type": "Feature",
      "properties": {
        "@id": "node/430127696",
        "highway": "traffic_signals"
      },
      "geometry": {
        "type": "Point",
        "coordinates": [
          77.5900575,
          13.0430481
        ]
      },
      "id": "node/430127696"
    },
    {
      "type": "Feature",
      "properties": {
        "@id": "node/431524344",
        "crossing": "traffic_signals",
        "highway": "traffic_signals",
        "traffic_signals:sound": "no"
      },
      "geometry": {
        "type": "Point",
        "coordinates": [
          77.6284718,
          12.9817204
        ]
      },
      "id": "node/431524344"
    },
    {
      "type": "Feature",
      "properties": {
        "@id": "node/431530258",
        "highway": "traffic_signals"
      },
      "geometry": {
        "type": "Point",
        "coordinates": [
          77.5536152,
          13.0356131
        ]
      },
      "id": "node/431530258"
    },
    {
      "type": "Feature",
      "properties": {
        "@id": "node/432501724",
        "highway": "traffic_signals"
      },
      "geometry": {
        "type": "Point",
        "coordinates": [
          77.6407843,
          12.984114
        ]
      },
      "id": "node/432501724"
    },
    {
      "type": "Feature",
      "properties": {
        "@id": "node/432501735",
        "highway": "traffic_signals"
      },
      "geometry": {
        "type": "Point",
        "coordinates": [
          77.6479887,
          12.9867223
        ]
      },
      "id": "node/432501735"
    },
    {
      "type": "Feature",
      "properties": {
        "@id": "node/433833664",
        "highway": "traffic_signals",
        "traffic_signals": "signal"
      },
      "geometry": {
        "type": "Point",
        "coordinates": [
          77.5032893,
          13.0666836
        ]
      },
      "id": "node/433833664"
    },
    {
      "type": "Feature",
      "properties": {
        "@id": "node/442107151",
        "highway": "traffic_signals",
        "traffic_signals": "signal",
        "traffic_signals:countdown": "yes"
      },
      "geometry": {
        "type": "Point",
        "coordinates": [
          77.6700327,
          12.9970202
        ]
      },
      "id": "node/442107151"
    },
    {
      "type": "Feature",
      "properties": {
        "@id": "node/442107189",
        "highway": "traffic_signals"
      },
      "geometry": {
        "type": "Point",
        "coordinates": [
          77.6850796,
          13.0050449
        ]
      },
      "id": "node/442107189"
    },
    {
      "type": "Feature",
      "properties": {
        "@id": "node/442438288",
        "highway": "traffic_signals",
        "traffic_signals": "signal"
      },
      "geometry": {
        "type": "Point",
        "coordinates": [
          77.6744956,
          13.0199989
        ]
      },
      "id": "node/442438288"
    },
    {
      "type": "Feature",
      "properties": {
        "@id": "node/443224605",
        "highway": "traffic_signals"
      },
      "geometry": {
        "type": "Point",
        "coordinates": [
          77.6243708,
          12.9352411
        ]
      },
      "id": "node/443224605"
    },
    {
      "type": "Feature",
      "properties": {
        "@id": "node/446782731",
        "highway": "traffic_signals"
      },
      "geometry": {
        "type": "Point",
        "coordinates": [
          77.5397483,
          13.019036
        ]
      },
      "id": "node/446782731"
    },
    {
      "type": "Feature",
      "properties": {
        "@id": "node/446860580",
        "highway": "traffic_signals"
      },
      "geometry": {
        "type": "Point",
        "coordinates": [
          77.5375652,
          12.988087
        ]
      },
      "id": "node/446860580"
    },
    {
      "type": "Feature",
      "properties": {
        "@id": "node/446860594",
        "highway": "traffic_signals"
      },
      "geometry": {
        "type": "Point",
        "coordinates": [
          77.5542881,
          12.9875488
        ]
      },
      "id": "node/446860594"
    },
    {
      "type": "Feature",
      "properties": {
        "@id": "node/446860595",
        "highway": "traffic_signals"
      },
      "geometry": {
        "type": "Point",
        "coordinates": [
          77.5544114,
          12.9899503
        ]
      },
      "id": "node/446860595"
    },
    {
      "type": "Feature",
      "properties": {
        "@id": "node/446860602",
        "highway": "traffic_signals",
        "traffic_signals": "signal"
      },
      "geometry": {
        "type": "Point",
        "coordinates": [
          77.5536625,
          13.0044156
        ]
      },
      "id": "node/446860602"
    },
    {
      "type": "Feature",
      "properties": {
        "@id": "node/447113035",
        "highway": "traffic_signals"
      },
      "geometry": {
        "type": "Point",
        "coordinates": [
          77.536744,
          12.968756
        ]
      },
      "id": "node/447113035"
    },
    {
      "type": "Feature",
      "properties": {
        "@id": "node/447113036",
        "highway": "traffic_signals"
      },
      "geometry": {
        "type": "Point",
        "coordinates": [
          77.5365875,
          12.9688104
        ]
      },
      "id": "node/447113036"
    },
    {
      "type": "Feature",
      "properties": {
        "@id": "node/447114405",
        "designation": "Moodalpalya Circle",
        "highway": "traffic_signals",
        "traffic_signals": "signal"
      },
      "geometry": {
        "type": "Point",
        "coordinates": [
          77.5249854,
          12.9708147
        ]
      },
      "id": "node/447114405"
    },
    {
      "type": "Feature",
      "properties": {
        "@id": "node/448116638",
        "highway": "traffic_signals"
      },
      "geometry": {
        "type": "Point",
        "coordinates": [
          77.5507964,
          12.9901695
        ]
      },
      "id": "node/448116638"
    },
    {
      "type": "Feature",
      "properties": {
        "@id": "node/448116639",
        "highway": "traffic_signals"
      },
      "geometry": {
        "type": "Point",
        "coordinates": [
          77.5505078,
          12.9900699
        ]
      },
      "id": "node/448116639"
    },
    {
      "type": "Feature",
      "properties": {
        "@id": "node/465232495",
        "highway": "traffic_signals",
        "traffic_signals": "signal"
      },
      "geometry": {
        "type": "Point",
        "coordinates": [
          77.5945171,
          13.0015048
        ]
      },
      "id": "node/465232495"
    },
    {
      "type": "Feature",
      "properties": {
        "@id": "node/481750173",
        "highway": "traffic_signals",
        "traffic_signals": "signal"
      },
      "geometry": {
        "type": "Point",
        "coordinates": [
          77.6547867,
          12.9899972
        ]
      },
      "id": "node/481750173"
    },
    {
      "type": "Feature",
      "properties": {
        "@id": "node/483412094",
        "designation": "NTTF Junction",
        "highway": "traffic_signals"
      },
      "geometry": {
        "type": "Point",
        "coordinates": [
          77.5111135,
          13.0250957
        ]
      },
      "id": "node/483412094"
    },
    {
      "type": "Feature",
      "properties": {
        "@id": "node/483412558",
        "designation": "14th Cross Peenya 2nd Stage",
        "highway": "traffic_signals"
      },
      "geometry": {
        "type": "Point",
        "coordinates": [
          77.5056432,
          13.0164967
        ]
      },
      "id": "node/483412558"
    },
    {
      "type": "Feature",
      "properties": {
        "@id": "node/493493706",
        "highway": "traffic_signals"
      },
      "geometry": {
        "type": "Point",
        "coordinates": [
          77.5741139,
          12.9481732
        ]
      },
      "id": "node/493493706"
    },
    {
      "type": "Feature",
      "properties": {
        "@id": "node/494238032",
        "highway": "traffic_signals",
        "name": "Gurappana Palya Junction"
      },
      "geometry": {
        "type": "Point",
        "coordinates": [
          77.6000653,
          12.920579
        ]
      },
      "id": "node/494238032"
    },
    {
      "type": "Feature",
      "properties": {
        "@id": "node/494238035",
        "crossing": "traffic_signals",
        "highway": "traffic_signals"
      },
      "geometry": {
        "type": "Point",
        "coordinates": [
          77.6004325,
          12.9284072
        ]
      },
      "id": "node/494238035"
    },
    {
      "type": "Feature",
      "properties": {
        "@id": "node/494238044",
        "highway": "traffic_signals",
        "traffic_signals": "signal"
      },
      "geometry": {
        "type": "Point",
        "coordinates": [
          77.6003264,
          12.9072862
        ]
      },
      "id": "node/494238044"
    },
    {
      "type": "Feature",
      "properties": {
        "@id": "node/494271080",
        "highway": "traffic_signals"
      },
      "geometry": {
        "type": "Point",
        "coordinates": [
          77.6231607,
          12.9173238
        ]
      },
      "id": "node/494271080"
    },
    {
      "type": "Feature",
      "properties": {
        "@id": "node/494271099",
        "highway": "traffic_signals",
        "traffic_signals:countdown": "yes"
      },
      "geometry": {
        "type": "Point",
        "coordinates": [
          77.6151308,
          12.9164652
        ]
      },
      "id": "node/494271099"
    },
    {
      "type": "Feature",
      "properties": {
        "@id": "node/494271106",
        "highway": "traffic_signals"
      },
      "geometry": {
        "type": "Point",
        "coordinates": [
          77.6204844,
          12.9211388
        ]
      },
      "id": "node/494271106"
    },
    {
      "type": "Feature",
      "properties": {
        "@id": "node/503050615",
        "highway": "traffic_signals"
      },
      "geometry": {
        "type": "Point",
        "coordinates": [
          77.6211127,
          12.9274069
        ]
      },
      "id": "node/503050615"
    },
    {
      "type": "Feature",
      "properties": {
        "@id": "node/503180914",
        "highway": "traffic_signals",
        "traffic_signals": "signal"
      },
      "geometry": {
        "type": "Point",
        "coordinates": [
          77.5611722,
          12.9264741
        ]
      },
      "id": "node/503180914"
    },
    {
      "type": "Feature",
      "properties": {
        "@id": "node/512072644",
        "highway": "traffic_signals",
        "traffic_signals": "signal"
      },
      "geometry": {
        "type": "Point",
        "coordinates": [
          77.6305434,
          13.1220704
        ]
      },
      "id": "node/512072644"
    },
    {
      "type": "Feature",
      "properties": {
        "@id": "node/512072658",
        "highway": "traffic_signals",
        "traffic_signals": "signal"
      },
      "geometry": {
        "type": "Point",
        "coordinates": [
          77.6307811,
          13.1222083
        ]
      },
      "id": "node/512072658"
    },
    {
      "type": "Feature",
      "properties": {
        "@id": "node/514452399",
        "highway": "traffic_signals"
      },
      "geometry": {
        "type": "Point",
        "coordinates": [
          77.5282455,
          12.9452272
        ]
      },
      "id": "node/514452399"
    },
    {
      "type": "Feature",
      "properties": {
        "@id": "node/560642468",
        "highway": "traffic_signals",
        "name": "Rajarajeshwarinagara Gate",
        "name:en": "Rajarajeshwarinagara Gate",
        "name:kn": "ರಾಜರಾಜೇಶ್ವರಿ ನಗರ ದ್ವಾರ",
        "network": "BMTC",
        "operator": "BMTC",
        "traffic_signals": "signal"
      },
      "geometry": {
        "type": "Point",
        "coordinates": [
          77.518236,
          12.9364154
        ]
      },
      "id": "node/560642468"
    },
    {
      "type": "Feature",
      "properties": {
        "@id": "node/560654632",
        "highway": "traffic_signals",
        "traffic_signals": "signal"
      },
      "geometry": {
        "type": "Point",
        "coordinates": [
          77.5989711,
          12.8927588
        ]
      },
      "id": "node/560654632"
    },
    {
      "type": "Feature",
      "properties": {
        "@id": "node/570758310",
        "highway": "traffic_signals",
        "junction": "yes",
        "name": "Briand Square"
      },
      "geometry": {
        "type": "Point",
        "coordinates": [
          77.5699161,
          12.9642875
        ]
      },
      "id": "node/570758310"
    },
    {
      "type": "Feature",
      "properties": {
        "@id": "node/571438265",
        "highway": "traffic_signals",
        "traffic_signals": "signal"
      },
      "geometry": {
        "type": "Point",
        "coordinates": [
          77.5146845,
          13.0424606
        ]
      },
      "id": "node/571438265"
    },
    {
      "type": "Feature",
      "properties": {
        "@id": "node/574367083",
        "highway": "traffic_signals"
      },
      "geometry": {
        "type": "Point",
        "coordinates": [
          77.5929851,
          13.0734435
        ]
      },
      "id": "node/574367083"
    },
    {
      "type": "Feature",
      "properties": {
        "@id": "node/574543671",
        "highway": "traffic_signals",
        "traffic_signals": "signal"
      },
      "geometry": {
        "type": "Point",
        "coordinates": [
          77.5069451,
          13.0110014
        ]
      },
      "id": "node/574543671"
    },
    {
      "type": "Feature",
      "properties": {
        "@id": "node/582575956",
        "highway": "traffic_signals",
        "traffic_signals": "signal"
      },
      "geometry": {
        "type": "Point",
        "coordinates": [
          77.5924649,
          13.0207682
        ]
      },
      "id": "node/582575956"
    },
    {
      "type": "Feature",
      "properties": {
        "@id": "node/599226700",
        "highway": "traffic_signals",
        "traffic_signals": "signal"
      },
      "geometry": {
        "type": "Point",
        "coordinates": [
          77.621044,
          13.030284
        ]
      },
      "id": "node/599226700"
    },
    {
      "type": "Feature",
      "properties": {
        "@id": "node/618251411",
        "crossing": "traffic_signals",
        "highway": "traffic_signals"
      },
      "geometry": {
        "type": "Point",
        "coordinates": [
          77.6399474,
          12.8892466
        ]
      },
      "id": "node/618251411"
    },
    {
      "type": "Feature",
      "properties": {
        "@id": "node/618252032",
        "highway": "traffic_signals"
      },
      "geometry": {
        "type": "Point",
        "coordinates": [
          77.6288825,
          12.9069175
        ]
      },
      "id": "node/618252032"
    },
    {
      "type": "Feature",
      "properties": {
        "@id": "node/650141249",
        "highway": "traffic_signals"
      },
      "geometry": {
        "type": "Point",
        "coordinates": [
          77.632431,
          12.9164748
        ]
      },
      "id": "node/650141249"
    },
    {
      "type": "Feature",
      "properties": {
        "@id": "node/650141450",
        "highway": "traffic_signals"
      },
      "geometry": {
        "type": "Point",
        "coordinates": [
          77.6447993,
          12.9219722
        ]
      },
      "id": "node/650141450"
    },
    {
      "type": "Feature",
      "properties": {
        "@id": "node/650141554",
        "highway": "traffic_signals"
      },
      "geometry": {
        "type": "Point",
        "coordinates": [
          77.6322048,
          12.9165984
        ]
      },
      "id": "node/650141554"
    },
    {
      "type": "Feature",
      "properties": {
        "@id": "node/663313890",
        "highway": "traffic_signals",
        "traffic_signals": "signal"
      },
      "geometry": {
        "type": "Point",
        "coordinates": [
          77.5886919,
          12.9676142
        ]
      },
      "id": "node/663313890"
    },
    {
      "type": "Feature",
      "properties": {
        "@id": "node/663313897",
        "highway": "traffic_signals",
        "traffic_signals": "signal"
      },
      "geometry": {
        "type": "Point",
        "coordinates": [
          77.589125,
          12.9680525
        ]
      },
      "id": "node/663313897"
    },
    {
      "type": "Feature",
      "properties": {
        "@id": "node/679993212",
        "highway": "traffic_signals",
        "traffic_signals": "signal"
      },
      "geometry": {
        "type": "Point",
        "coordinates": [
          77.5707721,
          12.9749427
        ]
      },
      "id": "node/679993212"
    },
    {
      "type": "Feature",
      "properties": {
        "@id": "node/699576768",
        "highway": "traffic_signals",
        "traffic_signals": "signal"
      },
      "geometry": {
        "type": "Point",
        "coordinates": [
          77.5735003,
          12.9169293
        ]
      },
      "id": "node/699576768"
    },
    {
      "type": "Feature",
      "properties": {
        "@id": "node/699576776",
        "highway": "traffic_signals",
        "traffic_signals:countdown": "yes"
      },
      "geometry": {
        "type": "Point",
        "coordinates": [
          77.5730753,
          12.9065768
        ]
      },
      "id": "node/699576776"
    },
    {
      "type": "Feature",
      "properties": {
        "@id": "node/699576794",
        "highway": "traffic_signals"
      },
      "geometry": {
        "type": "Point",
        "coordinates": [
          77.5734508,
          12.9178047
        ]
      },
      "id": "node/699576794"
    },
    {
      "type": "Feature",
      "properties": {
        "@id": "node/699576806",
        "highway": "traffic_signals",
        "traffic_signals:countdown": "yes"
      },
      "geometry": {
        "type": "Point",
        "coordinates": [
          77.5733265,
          12.9066385
        ]
      },
      "id": "node/699576806"
    },
    {
      "type": "Feature",
      "properties": {
        "@id": "node/699585158",
        "highway": "traffic_signals",
        "traffic_signals": "signal"
      },
      "geometry": {
        "type": "Point",
        "coordinates": [
          77.6006303,
          12.9071971
        ]
      },
      "id": "node/699585158"
    },
    {
      "type": "Feature",
      "properties": {
        "@id": "node/699684258",
        "highway": "traffic_signals"
      },
      "geometry": {
        "type": "Point",
        "coordinates": [
          77.5500917,
          12.9255408
        ]
      },
      "id": "node/699684258"
    },
    {
      "type": "Feature",
      "properties": {
        "@id": "node/699684299",
        "highway": "traffic_signals"
      },
      "geometry": {
        "type": "Point",
        "coordinates": [
          77.5335195,
          12.9384949
        ]
      },
      "id": "node/699684299"
    },
    {
      "type": "Feature",
      "properties": {
        "@id": "node/699686049",
        "highway": "traffic_signals",
        "traffic_signals:direction": "backward"
      },
      "geometry": {
        "type": "Point",
        "coordinates": [
          77.5557221,
          12.9596673
        ]
      },
      "id": "node/699686049"
    },
    {
      "type": "Feature",
      "properties": {
        "@id": "node/699704164",
        "highway": "traffic_signals"
      },
      "geometry": {
        "type": "Point",
        "coordinates": [
          77.5185663,
          12.9363437
        ]
      },
      "id": "node/699704164"
    },
    {
      "type": "Feature",
      "properties": {
        "@id": "node/699704182",
        "highway": "traffic_signals"
      },
      "geometry": {
        "type": "Point",
        "coordinates": [
          77.5182544,
          12.9363084
        ]
      },
      "id": "node/699704182"
    },
    {
      "type": "Feature",
      "properties": {
        "@id": "node/699704288",
        "highway": "traffic_signals"
      },
      "geometry": {
        "type": "Point",
        "coordinates": [
          77.485376,
          12.9127956
        ]
      },
      "id": "node/699704288"
    },
    {
      "type": "Feature",
      "properties": {
        "@id": "node/701736119",
        "highway": "traffic_signals",
        "name": "Jalahalli Cross",
        "name:kn": "ಜಾಲಹಳ್ಳಿ ಕ್ರಾಸ್"
      },
      "geometry": {
        "type": "Point",
        "coordinates": [
          77.5184589,
          13.0400432
        ]
      },
      "id": "node/701736119"
    },
    {
      "type": "Feature",
      "properties": {
        "@id": "node/736014437",
        "highway": "traffic_signals",
        "junction": "yes",
        "name": "Sony Centre Signal",
        "name:kn": "ಸೋನಿ ಸೆಂಟರ್ ಸಿಗ್ನಲ್"
      },
      "geometry": {
        "type": "Point",
        "coordinates": [
          77.6412438,
          12.9701319
        ]
      },
      "id": "node/736014437"
    },
    {
      "type": "Feature",
      "properties": {
        "@id": "node/736207271",
        "highway": "traffic_signals"
      },
      "geometry": {
        "type": "Point",
        "coordinates": [
          77.6405417,
          12.98377
        ]
      },
      "id": "node/736207271"
    },
    {
      "type": "Feature",
      "properties": {
        "@id": "node/736207419",
        "highway": "traffic_signals"
      },
      "geometry": {
        "type": "Point",
        "coordinates": [
          77.6408226,
          12.978223
        ]
      },
      "id": "node/736207419"
    },
    {
      "type": "Feature",
      "properties": {
        "@id": "node/774662327",
        "highway": "traffic_signals",
        "traffic_signals": "signal"
      },
      "geometry": {
        "type": "Point",
        "coordinates": [
          77.5223197,
          13.0379678
        ]
      },
      "id": "node/774662327"
    },
    {
      "type": "Feature",
      "properties": {
        "@id": "node/858946512",
        "highway": "traffic_signals",
        "name": "SRS"
      },
      "geometry": {
        "type": "Point",
        "coordinates": [
          77.5297388,
          13.0347707
        ]
      },
      "id": "node/858946512"
    },
    {
      "type": "Feature",
      "properties": {
        "@id": "node/954175916",
        "highway": "traffic_signals"
      },
      "geometry": {
        "type": "Point",
        "coordinates": [
          77.7155841,
          12.9921334
        ]
      },
      "id": "node/954175916"
    },
    {
      "type": "Feature",
      "properties": {
        "@id": "node/954914704",
        "highway": "traffic_signals",
        "traffic_signals": "signal"
      },
      "geometry": {
        "type": "Point",
        "coordinates": [
          77.5455211,
          12.8794862
        ]
      },
      "id": "node/954914704"
    },
    {
      "type": "Feature",
      "properties": {
        "@id": "node/1054665120",
        "highway": "traffic_signals",
        "traffic_signals": "signal"
      },
      "geometry": {
        "type": "Point",
        "coordinates": [
          77.5147035,
          13.0425321
        ]
      },
      "id": "node/1054665120"
    },
    {
      "type": "Feature",
      "properties": {
        "@id": "node/1054687502",
        "highway": "traffic_signals",
        "junction": "yes",
        "name": "Nagarabhavi Circle",
        "name:kn": "ನಗರಭಾವಿ ವೃತ್ತ"
      },
      "geometry": {
        "type": "Point",
        "coordinates": [
          77.5127801,
          12.9607539
        ]
      },
      "id": "node/1054687502"
    },
    {
      "type": "Feature",
      "properties": {
        "@id": "node/1054687612",
        "highway": "traffic_signals"
      },
      "geometry": {
        "type": "Point",
        "coordinates": [
          77.5188872,
          12.9579142
        ]
      },
      "id": "node/1054687612"
    },
    {
      "type": "Feature",
      "properties": {
        "@id": "node/1067769827",
        "highway": "traffic_signals",
        "traffic_signals": "signal"
      },
      "geometry": {
        "type": "Point",
        "coordinates": [
          77.6012676,
          12.9604237
        ]
      },
      "id": "node/1067769827"
    },
    {
      "type": "Feature",
      "properties": {
        "@id": "node/1067781019",
        "highway": "traffic_signals",
        "traffic_signals": "signal"
      },
      "geometry": {
        "type": "Point",
        "coordinates": [
          77.5972953,
          12.9648288
        ]
      },
      "id": "node/1067781019"
    },
    {
      "type": "Feature",
      "properties": {
        "@id": "node/1067789523",
        "highway": "traffic_signals"
      },
      "geometry": {
        "type": "Point",
        "coordinates": [
          77.5944602,
          12.9621229
        ]
      },
      "id": "node/1067789523"
    },
    {
      "type": "Feature",
      "properties": {
        "@id": "node/1070314190",
        "highway": "traffic_signals",
        "traffic_signals": "signal"
      },
      "geometry": {
        "type": "Point",
        "coordinates": [
          77.5736481,
          12.916787
        ]
      },
      "id": "node/1070314190"
    },
    {
      "type": "Feature",
      "properties": {
        "@id": "node/1070361732",
        "highway": "traffic_signals"
      },
      "geometry": {
        "type": "Point",
        "coordinates": [
          77.613411,
          12.9319553
        ]
      },
      "id": "node/1070361732"
    },
    {
      "type": "Feature",
      "properties": {
        "@id": "node/1070361799",
        "highway": "traffic_signals",
        "source": "AND"
      },
      "geometry": {
        "type": "Point",
        "coordinates": [
          77.6183237,
          12.9246425
        ]
      },
      "id": "node/1070361799"
    },
    {
      "type": "Feature",
      "properties": {
        "@id": "node/1083470977",
        "crossing": "traffic_signals",
        "crossing:markings": "zebra",
        "highway": "traffic_signals",
        "surface": "asphalt",
        "traffic_signals:sound": "no"
      },
      "geometry": {
        "type": "Point",
        "coordinates": [
          77.6652688,
          12.9208738
        ]
      },
      "id": "node/1083470977"
    },
    {
      "type": "Feature",
      "properties": {
        "@id": "node/1087824452",
        "highway": "traffic_signals",
        "traffic_signals": "signal"
      },
      "geometry": {
        "type": "Point",
        "coordinates": [
          77.5816763,
          12.9727661
        ]
      },
      "id": "node/1087824452"
    },
    {
      "type": "Feature",
      "properties": {
        "@id": "node/1104241030",
        "highway": "traffic_signals"
      },
      "geometry": {
        "type": "Point",
        "coordinates": [
          77.7525664,
          12.9839487
        ]
      },
      "id": "node/1104241030"
    },
    {
      "type": "Feature",
      "properties": {
        "@id": "node/1104243944",
        "highway": "traffic_signals"
      },
      "geometry": {
        "type": "Point",
        "coordinates": [
          77.7523143,
          12.983849
        ]
      },
      "id": "node/1104243944"
    },
    {
      "type": "Feature",
      "properties": {
        "@id": "node/1109138335",
        "highway": "traffic_signals"
      },
      "geometry": {
        "type": "Point",
        "coordinates": [
          77.5505308,
          12.9976301
        ]
      },
      "id": "node/1109138335"
    },
    {
      "type": "Feature",
      "properties": {
        "@id": "node/1109138343",
        "highway": "traffic_signals"
      },
      "geometry": {
        "type": "Point",
        "coordinates": [
          77.5501793,
          12.9974797
        ]
      },
      "id": "node/1109138343"
    },
    {
      "type": "Feature",
      "properties": {
        "@id": "node/1111557424",
        "highway": "traffic_signals"
      },
      "geometry": {
        "type": "Point",
        "coordinates": [
          77.5603304,
          12.9828585
        ]
      },
      "id": "node/1111557424"
    },
    {
      "type": "Feature",
      "properties": {
        "@id": "node/1111583828",
        "highway": "traffic_signals",
        "junction": "yes"
      },
      "geometry": {
        "type": "Point",
        "coordinates": [
          77.5543687,
          12.9843364
        ]
      },
      "id": "node/1111583828"
    },
    {
      "type": "Feature",
      "properties": {
        "@id": "node/1145362952",
        "highway": "traffic_signals",
        "traffic_signals:direction": "forward"
      },
      "geometry": {
        "type": "Point",
        "coordinates": [
          77.4991442,
          12.9070942
        ]
      },
      "id": "node/1145362952"
    },
    {
      "type": "Feature",
      "properties": {
        "@id": "node/1148895344",
        "highway": "traffic_signals",
        "traffic_signals": "traffic_lights",
        "traffic_signals:countdown": "yes"
      },
      "geometry": {
        "type": "Point",
        "coordinates": [
          77.5896425,
          12.9169237
        ]
      },
      "id": "node/1148895344"
    },
    {
      "type": "Feature",
      "properties": {
        "@id": "node/1212302913",
        "highway": "traffic_signals"
      },
      "geometry": {
        "type": "Point",
        "coordinates": [
          77.6368516,
          12.9782143
        ]
      },
      "id": "node/1212302913"
    },
    {
      "type": "Feature",
      "properties": {
        "@id": "node/1213632636",
        "highway": "traffic_signals"
      },
      "geometry": {
        "type": "Point",
        "coordinates": [
          77.634728,
          12.9825502
        ]
      },
      "id": "node/1213632636"
    },
    {
      "type": "Feature",
      "properties": {
        "@id": "node/1232686144",
        "highway": "traffic_signals",
        "traffic_signals": "signal"
      },
      "geometry": {
        "type": "Point",
        "coordinates": [
          77.5989941,
          12.9765226
        ]
      },
      "id": "node/1232686144"
    },
    {
      "type": "Feature",
      "properties": {
        "@id": "node/1259491784",
        "highway": "traffic_signals",
        "traffic_signals": "signal"
      },
      "geometry": {
        "type": "Point",
        "coordinates": [
          77.7117412,
          12.9721697
        ]
      },
      "id": "node/1259491784"
    },
    {
      "type": "Feature",
      "properties": {
        "@id": "node/1282881326",
        "highway": "traffic_signals"
      },
      "geometry": {
        "type": "Point",
        "coordinates": [
          77.635978,
          12.9717707
        ]
      },
      "id": "node/1282881326"
    },
    {
      "type": "Feature",
      "properties": {
        "@id": "node/1285913198",
        "highway": "traffic_signals",
        "junction": "yes",
        "name": "Sumanahalli Junction",
        "name:kn": "ಸುಮನಹಳ್ಳಿ ಜಂಕ್ಷನ್"
      },
      "geometry": {
        "type": "Point",
        "coordinates": [
          77.5191615,
          12.9875021
        ]
      },
      "id": "node/1285913198"
    },
    {
      "type": "Feature",
      "properties": {
        "@id": "node/1285970581",
        "highway": "traffic_signals"
      },
      "geometry": {
        "type": "Point",
        "coordinates": [
          77.5129035,
          12.9610477
        ]
      },
      "id": "node/1285970581"
    },
    {
      "type": "Feature",
      "properties": {
        "@id": "node/1285970595",
        "highway": "traffic_signals",
        "traffic_signals": "signal"
      },
      "geometry": {
        "type": "Point",
        "coordinates": [
          77.4852963,
          12.9247495
        ]
      },
      "id": "node/1285970595"
    },
    {
      "type": "Feature",
      "properties": {
        "@id": "node/1290058657",
        "highway": "traffic_signals"
      },
      "geometry": {
        "type": "Point",
        "coordinates": [
          77.6017655,
          12.9955206
        ]
      },
      "id": "node/1290058657"
    },
    {
      "type": "Feature",
      "properties": {
        "@id": "node/1331989759",
        "highway": "traffic_signals",
        "traffic_signals": "signal"
      },
      "geometry": {
        "type": "Point",
        "coordinates": [
          77.5784876,
          12.9064115
        ]
      },
      "id": "node/1331989759"
    },
    {
      "type": "Feature",
      "properties": {
        "@id": "node/1347565273",
        "highway": "traffic_signals"
      },
      "geometry": {
        "type": "Point",
        "coordinates": [
          77.7583489,
          12.9824368
        ]
      },
      "id": "node/1347565273"
    },
    {
      "type": "Feature",
      "properties": {
        "@id": "node/1368829017",
        "highway": "traffic_signals"
      },
      "geometry": {
        "type": "Point",
        "coordinates": [
          77.7527373,
          12.9837283
        ]
      },
      "id": "node/1368829017"
    },
    {
      "type": "Feature",
      "properties": {
        "@id": "node/1404460897",
        "highway": "traffic_signals"
      },
      "geometry": {
        "type": "Point",
        "coordinates": [
          77.6366011,
          12.9782903
        ]
      },
      "id": "node/1404460897"
    },
    {
      "type": "Feature",
      "properties": {
        "@id": "node/1404460899",
        "highway": "traffic_signals"
      },
      "geometry": {
        "type": "Point",
        "coordinates": [
          77.6367655,
          12.9783626
        ]
      },
      "id": "node/1404460899"
    },
    {
      "type": "Feature",
      "properties": {
        "@id": "node/1404460918",
        "highway": "traffic_signals"
      },
      "geometry": {
        "type": "Point",
        "coordinates": [
          77.6407099,
          12.9784181
        ]
      },
      "id": "node/1404460918"
    },
    {
      "type": "Feature",
      "properties": {
        "@id": "node/1419475678",
        "highway": "traffic_signals",
        "traffic_signals": "signal"
      },
      "geometry": {
        "type": "Point",
        "coordinates": [
          77.5988361,
          12.8927681
        ]
      },
      "id": "node/1419475678"
    },
    {
      "type": "Feature",
      "properties": {
        "@id": "node/1420105790",
        "highway": "traffic_signals"
      },
      "geometry": {
        "type": "Point",
        "coordinates": [
          77.6253419,
          12.9660019
        ]
      },
      "id": "node/1420105790"
    },
    {
      "type": "Feature",
      "properties": {
        "@id": "node/1442364461",
        "highway": "traffic_signals"
      },
      "geometry": {
        "type": "Point",
        "coordinates": [
          77.6893304,
          12.9554114
        ]
      },
      "id": "node/1442364461"
    },
    {
      "type": "Feature",
      "properties": {
        "@id": "node/1447805104",
        "highway": "traffic_signals"
      },
      "geometry": {
        "type": "Point",
        "coordinates": [
          77.5530419,
          12.9980708
        ]
      },
      "id": "node/1447805104"
    },
    {
      "type": "Feature",
      "properties": {
        "@id": "node/1454651894",
        "highway": "traffic_signals",
        "traffic_signals": "signal"
      },
      "geometry": {
        "type": "Point",
        "coordinates": [
          77.6103998,
          12.9701048
        ]
      },
      "id": "node/1454651894"
    },
    {
      "type": "Feature",
      "properties": {
        "@id": "node/1460720463",
        "highway": "traffic_signals",
        "traffic_signals": "signal"
      },
      "geometry": {
        "type": "Point",
        "coordinates": [
          77.6194793,
          12.9722464
        ]
      },
      "id": "node/1460720463"
    },
    {
      "type": "Feature",
      "properties": {
        "@id": "node/1464138167",
        "highway": "traffic_signals"
      },
      "geometry": {
        "type": "Point",
        "coordinates": [
          77.6489796,
          12.9598409
        ]
      },
      "id": "node/1464138167"
    },
    {
      "type": "Feature",
      "properties": {
        "@id": "node/1464786119",
        "highway": "traffic_signals",
        "traffic_signals": "signal"
      },
      "geometry": {
        "type": "Point",
        "coordinates": [
          77.7008214,
          12.9570041
        ]
      },
      "id": "node/1464786119"
    },
    {
      "type": "Feature",
      "properties": {
        "@id": "node/1465590369",
        "highway": "traffic_signals",
        "traffic_signals": "signal"
      },
      "geometry": {
        "type": "Point",
        "coordinates": [
          77.6096307,
          12.9928395
        ]
      },
      "id": "node/1465590369"
    },
    {
      "type": "Feature",
      "properties": {
        "@id": "node/1466495041",
        "highway": "traffic_signals",
        "junction": "yes",
        "name": "Vidyapita Circle",
        "name:kn": "ವಿದ್ಯಾಪೀಠ ವೃತ್ತ",
        "note": "no right turn"
      },
      "geometry": {
        "type": "Point",
        "coordinates": [
          77.5606731,
          12.9350964
        ]
      },
      "id": "node/1466495041"
    },
    {
      "type": "Feature",
      "properties": {
        "@id": "node/1470833635",
        "highway": "traffic_signals"
      },
      "geometry": {
        "type": "Point",
        "coordinates": [
          77.7510841,
          12.9772789
        ]
      },
      "id": "node/1470833635"
    },
    {
      "type": "Feature",
      "properties": {
        "@id": "node/1472269371",
        "highway": "traffic_signals",
        "traffic_signals": "signal"
      },
      "geometry": {
        "type": "Point",
        "coordinates": [
          77.6134432,
          12.9318314
        ]
      },
      "id": "node/1472269371"
    },
    {
      "type": "Feature",
      "properties": {
        "@id": "node/1472878937",
        "highway": "traffic_signals",
        "traffic_signals:countdown": "yes",
        "traffic_signals:direction": "forward"
      },
      "geometry": {
        "type": "Point",
        "coordinates": [
          77.6381569,
          12.9157274
        ]
      },
      "id": "node/1472878937"
    },
    {
      "type": "Feature",
      "properties": {
        "@id": "node/1472879613",
        "highway": "traffic_signals",
        "traffic_signals": "signal"
      },
      "geometry": {
        "type": "Point",
        "coordinates": [
          77.632469,
          12.916377
        ]
      },
      "id": "node/1472879613"
    },
    {
      "type": "Feature",
      "properties": {
        "@id": "node/1473972539",
        "highway": "traffic_signals",
        "traffic_signals": "signal"
      },
      "geometry": {
        "type": "Point",
        "coordinates": [
          77.56807,
          12.9481107
        ]
      },
      "id": "node/1473972539"
    },
    {
      "type": "Feature",
      "properties": {
        "@id": "node/1473972578",
        "highway": "traffic_signals"
      },
      "geometry": {
        "type": "Point",
        "coordinates": [
          77.5680541,
          12.9476718
        ]
      },
      "id": "node/1473972578"
    },
    {
      "type": "Feature",
      "properties": {
        "@id": "node/1473972602",
        "highway": "traffic_signals",
        "traffic_signals": "signal"
      },
      "geometry": {
        "type": "Point",
        "coordinates": [
          77.5676939,
          12.9477187
        ]
      },
      "id": "node/1473972602"
    },
    {
      "type": "Feature",
      "properties": {
        "@id": "node/1487973952",
        "highway": "traffic_signals"
      },
      "geometry": {
        "type": "Point",
        "coordinates": [
          77.5130713,
          12.9356158
        ]
      },
      "id": "node/1487973952"
    },
    {
      "type": "Feature",
      "properties": {
        "@id": "node/1516426367",
        "highway": "traffic_signals"
      },
      "geometry": {
        "type": "Point",
        "coordinates": [
          77.6191917,
          12.987285
        ]
      },
      "id": "node/1516426367"
    },
    {
      "type": "Feature",
      "properties": {
        "@id": "node/1516426402",
        "highway": "traffic_signals"
      },
      "geometry": {
        "type": "Point",
        "coordinates": [
          77.6194909,
          12.9867795
        ]
      },
      "id": "node/1516426402"
    },
    {
      "type": "Feature",
      "properties": {
        "@id": "node/1521036326",
        "highway": "traffic_signals",
        "traffic_signals": "signal"
      },
      "geometry": {
        "type": "Point",
        "coordinates": [
          77.5550879,
          12.9948866
        ]
      },
      "id": "node/1521036326"
    },
    {
      "type": "Feature",
      "properties": {
        "@id": "node/1522519270",
        "highway": "traffic_signals"
      },
      "geometry": {
        "type": "Point",
        "coordinates": [
          77.5736362,
          12.9406387
        ]
      },
      "id": "node/1522519270"
    },
    {
      "type": "Feature",
      "properties": {
        "@id": "node/1523537390",
        "highway": "traffic_signals",
        "traffic_signals": "signal"
      },
      "geometry": {
        "type": "Point",
        "coordinates": [
          77.5969365,
          12.9841964
        ]
      },
      "id": "node/1523537390"
    },
    {
      "type": "Feature",
      "properties": {
        "@id": "node/1523569756",
        "highway": "traffic_signals",
        "traffic_signals": "signal",
        "traffic_signals:countdown": "yes"
      },
      "geometry": {
        "type": "Point",
        "coordinates": [
          77.7272738,
          12.9766767
        ]
      },
      "id": "node/1523569756"
    },
    {
      "type": "Feature",
      "properties": {
        "@id": "node/1524489173",
        "highway": "traffic_signals",
        "traffic_signals": "signal"
      },
      "geometry": {
        "type": "Point",
        "coordinates": [
          77.542589,
          12.9783484
        ]
      },
      "id": "node/1524489173"
    },
    {
      "type": "Feature",
      "properties": {
        "@id": "node/1548748220",
        "highway": "traffic_signals"
      },
      "geometry": {
        "type": "Point",
        "coordinates": [
          77.6002446,
          12.968149
        ]
      },
      "id": "node/1548748220"
    },
    {
      "type": "Feature",
      "properties": {
        "@id": "node/1557291145",
        "highway": "traffic_signals"
      },
      "geometry": {
        "type": "Point",
        "coordinates": [
          77.6112878,
          12.9669918
        ]
      },
      "id": "node/1557291145"
    },
    {
      "type": "Feature",
      "properties": {
        "@id": "node/1559350748",
        "crossing": "traffic_signals",
        "designation": "Professor P Shivashankar Circle",
        "highway": "traffic_signals"
      },
      "geometry": {
        "type": "Point",
        "coordinates": [
          77.5733023,
          12.9573404
        ]
      },
      "id": "node/1559350748"
    },
    {
      "type": "Feature",
      "properties": {
        "@id": "node/1560168999",
        "highway": "traffic_signals",
        "traffic_signals": "signal"
      },
      "geometry": {
        "type": "Point",
        "coordinates": [
          77.5746095,
          12.9806055
        ]
      },
      "id": "node/1560168999"
    },
    {
      "type": "Feature",
      "properties": {
        "@id": "node/1585678352",
        "highway": "traffic_signals",
        "traffic_signals": "signal",
        "traffic_signals:countdown": "yes"
      },
      "geometry": {
        "type": "Point",
        "coordinates": [
          77.7270963,
          12.9763232
        ]
      },
      "id": "node/1585678352"
    },
    {
      "type": "Feature",
      "properties": {
        "@id": "node/1589590957",
        "highway": "traffic_signals"
      },
      "geometry": {
        "type": "Point",
        "coordinates": [
          77.6074617,
          12.9937243
        ]
      },
      "id": "node/1589590957"
    },
    {
      "type": "Feature",
      "properties": {
        "@id": "node/1608973481",
        "highway": "traffic_signals"
      },
      "geometry": {
        "type": "Point",
        "coordinates": [
          77.6401349,
          12.9237686
        ]
      },
      "id": "node/1608973481"
    },
    {
      "type": "Feature",
      "properties": {
        "@id": "node/1609661649",
        "highway": "traffic_signals"
      },
      "geometry": {
        "type": "Point",
        "coordinates": [
          77.6397693,
          12.923984
        ]
      },
      "id": "node/1609661649"
    },
    {
      "type": "Feature",
      "properties": {
        "@id": "node/1611272493",
        "highway": "traffic_signals",
        "traffic_signals:countdown": "yes"
      },
      "geometry": {
        "type": "Point",
        "coordinates": [
          77.588909,
          12.9675547
        ]
      },
      "id": "node/1611272493"
    },
    {
      "type": "Feature",
      "properties": {
        "@id": "node/1613152619",
        "highway": "traffic_signals"
      },
      "geometry": {
        "type": "Point",
        "coordinates": [
          77.6289105,
          12.9072616
        ]
      },
      "id": "node/1613152619"
    },
    {
      "type": "Feature",
      "properties": {
        "@id": "node/1613154921",
        "highway": "traffic_signals"
      },
      "geometry": {
        "type": "Point",
        "coordinates": [
          77.6366853,
          12.8942451
        ]
      },
      "id": "node/1613154921"
    },
    {
      "type": "Feature",
      "properties": {
        "@id": "node/1613154922",
        "highway": "traffic_signals"
      },
      "geometry": {
        "type": "Point",
        "coordinates": [
          77.6367425,
          12.8944658
        ]
      },
      "id": "node/1613154922"
    },
    {
      "type": "Feature",
      "properties": {
        "@id": "node/1620344798",
        "highway": "traffic_signals"
      },
      "geometry": {
        "type": "Point",
        "coordinates": [
          77.622498,
          12.9315406
        ]
      },
      "id": "node/1620344798"
    },
    {
      "type": "Feature",
      "properties": {
        "@id": "node/1623700176",
        "highway": "traffic_signals",
        "traffic_signals": "signal"
      },
      "geometry": {
        "type": "Point",
        "coordinates": [
          77.5678668,
          12.9482303
        ]
      },
      "id": "node/1623700176"
    },
    {
      "type": "Feature",
      "properties": {
        "@id": "node/1631443660",
        "highway": "traffic_signals",
        "traffic_signals": "signal"
      },
      "geometry": {
        "type": "Point",
        "coordinates": [
          77.7267562,
          12.9891786
        ]
      },
      "id": "node/1631443660"
    },
    {
      "type": "Feature",
      "properties": {
        "@id": "node/1636623257",
        "crossing": "traffic_signals",
        "highway": "traffic_signals",
        "traffic_signals:direction": "forward"
      },
      "geometry": {
        "type": "Point",
        "coordinates": [
          77.5748295,
          12.9806277
        ]
      },
      "id": "node/1636623257"
    },
    {
      "type": "Feature",
      "properties": {
        "@id": "node/1636820456",
        "highway": "traffic_signals",
        "traffic_signals": "signal",
        "traffic_signals:direction": "forward"
      },
      "geometry": {
        "type": "Point",
        "coordinates": [
          77.5711205,
          12.9801453
        ]
      },
      "id": "node/1636820456"
    },
    {
      "type": "Feature",
      "properties": {
        "@id": "node/1636820490",
        "highway": "traffic_signals",
        "traffic_signals:direction": "forward"
      },
      "geometry": {
        "type": "Point",
        "coordinates": [
          77.5709964,
          12.9799466
        ]
      },
      "id": "node/1636820490"
    },
    {
      "type": "Feature",
      "properties": {
        "@id": "node/1650305509",
        "highway": "traffic_signals"
      },
      "geometry": {
        "type": "Point",
        "coordinates": [
          77.5992955,
          12.9768455
        ]
      },
      "id": "node/1650305509"
    },
    {
      "type": "Feature",
      "properties": {
        "@id": "node/1653906418",
        "highway": "traffic_signals",
        "traffic_signals": "signal",
        "traffic_signals:countdown": "yes"
      },
      "geometry": {
        "type": "Point",
        "coordinates": [
          77.6382608,
          12.9161749
        ]
      },
      "id": "node/1653906418"
    },
    {
      "type": "Feature",
      "properties": {
        "@id": "node/1668866516",
        "crossing": "uncontrolled",
        "highway": "traffic_signals"
      },
      "geometry": {
        "type": "Point",
        "coordinates": [
          77.5767121,
          12.9638866
        ]
      },
      "id": "node/1668866516"
    },
    {
      "type": "Feature",
      "properties": {
        "@id": "node/1675239400",
        "highway": "traffic_signals",
        "name": "Sony World Signal",
        "name:kn": "ಸೋನಿ ವರ್ಲ್ಡ್ ಸಿಗ್ನಲ್",
        "traffic_signals": "signal",
        "traffic_signals:direction": "forward"
      },
      "geometry": {
        "type": "Point",
        "coordinates": [
          77.6268399,
          12.9374466
        ]
      },
      "id": "node/1675239400"
    },
    {
      "type": "Feature",
      "properties": {
        "@id": "node/1698055256",
        "highway": "traffic_signals",
        "traffic_signals": "signal"
      },
      "geometry": {
        "type": "Point",
        "coordinates": [
          77.6229962,
          12.9818429
        ]
      },
      "id": "node/1698055256"
    },
    {
      "type": "Feature",
      "properties": {
        "@id": "node/1719191867",
        "highway": "traffic_signals"
      },
      "geometry": {
        "type": "Point",
        "coordinates": [
          77.5196648,
          12.987519
        ]
      },
      "id": "node/1719191867"
    },
    {
      "type": "Feature",
      "properties": {
        "@id": "node/1726152644",
        "highway": "traffic_signals",
        "traffic_signals": "signal"
      },
      "geometry": {
        "type": "Point",
        "coordinates": [
          77.590487,
          12.9775854
        ]
      },
      "id": "node/1726152644"
    },
    {
      "type": "Feature",
      "properties": {
        "@id": "node/1732873704",
        "highway": "traffic_signals",
        "traffic_signals": "signal"
      },
      "geometry": {
        "type": "Point",
        "coordinates": [
          77.5782584,
          12.9065044
        ]
      },
      "id": "node/1732873704"
    },
    {
      "type": "Feature",
      "properties": {
        "@id": "node/1775972263",
        "highway": "traffic_signals",
        "name": "Iblur Junction",
        "traffic_signals": "signal",
        "traffic_signals:direction": "forward"
      },
      "geometry": {
        "type": "Point",
        "coordinates": [
          77.6651968,
          12.9206601
        ]
      },
      "id": "node/1775972263"
    },
    {
      "type": "Feature",
      "properties": {
        "@id": "node/1780288371",
        "highway": "traffic_signals",
        "traffic_signals": "signal"
      },
      "geometry": {
        "type": "Point",
        "coordinates": [
          77.544192,
          12.9543756
        ]
      },
      "id": "node/1780288371"
    },
    {
      "type": "Feature",
      "properties": {
        "@id": "node/1794666983",
        "highway": "traffic_signals"
      },
      "geometry": {
        "type": "Point",
        "coordinates": [
          77.5207969,
          13.0258942
        ]
      },
      "id": "node/1794666983"
    },
    {
      "type": "Feature",
      "properties": {
        "@id": "node/1820411778",
        "highway": "traffic_signals"
      },
      "geometry": {
        "type": "Point",
        "coordinates": [
          77.5525654,
          12.9750949
        ]
      },
      "id": "node/1820411778"
    },
    {
      "type": "Feature",
      "properties": {
        "@id": "node/1820423092",
        "highway": "traffic_signals"
      },
      "geometry": {
        "type": "Point",
        "coordinates": [
          77.5645262,
          12.9758813
        ]
      },
      "id": "node/1820423092"
    },
    {
      "type": "Feature",
      "properties": {
        "@id": "node/1820431143",
        "highway": "traffic_signals"
      },
      "geometry": {
        "type": "Point",
        "coordinates": [
          77.5496116,
          12.9739005
        ]
      },
      "id": "node/1820431143"
    },
    {
      "type": "Feature",
      "properties": {
        "@id": "node/1820431145",
        "highway": "traffic_signals"
      },
      "geometry": {
        "type": "Point",
        "coordinates": [
          77.5481412,
          12.9749654
        ]
      },
      "id": "node/1820431145"
    },
    {
      "type": "Feature",
      "properties": {
        "@id": "node/1827247442",
        "highway": "traffic_signals",
        "traffic_signals:direction": "forward"
      },
      "geometry": {
        "type": "Point",
        "coordinates": [
          77.6652441,
          12.9205434
        ]
      },
      "id": "node/1827247442"
    },
    {
      "type": "Feature",
      "properties": {
        "@id": "node/1827480124",
        "highway": "traffic_signals"
      },
      "geometry": {
        "type": "Point",
        "coordinates": [
          77.6011014,
          12.9021347
        ]
      },
      "id": "node/1827480124"
    },
    {
      "type": "Feature",
      "properties": {
        "@id": "node/1834315102",
        "highway": "traffic_signals",
        "traffic_signals": "signal"
      },
      "geometry": {
        "type": "Point",
        "coordinates": [
          77.6557007,
          13.0188431
        ]
      },
      "id": "node/1834315102"
    },
    {
      "type": "Feature",
      "properties": {
        "@id": "node/1835344749",
        "highway": "traffic_signals"
      },
      "geometry": {
        "type": "Point",
        "coordinates": [
          77.4850997,
          12.9126629
        ]
      },
      "id": "node/1835344749"
    },
    {
      "type": "Feature",
      "properties": {
        "@id": "node/1835344809",
        "highway": "traffic_signals",
        "traffic_signals": "signal"
      },
      "geometry": {
        "type": "Point",
        "coordinates": [
          77.5695788,
          12.915517
        ]
      },
      "id": "node/1835344809"
    },
    {
      "type": "Feature",
      "properties": {
        "@id": "node/1836940343",
        "highway": "traffic_signals"
      },
      "geometry": {
        "type": "Point",
        "coordinates": [
          77.5716748,
          12.9605367
        ]
      },
      "id": "node/1836940343"
    },
    {
      "type": "Feature",
      "properties": {
        "@id": "node/1836982983",
        "highway": "traffic_signals",
        "traffic_signals": "signal"
      },
      "geometry": {
        "type": "Point",
        "coordinates": [
          77.5462074,
          12.928172
        ]
      },
      "id": "node/1836982983"
    },
    {
      "type": "Feature",
      "properties": {
        "@id": "node/1837005138",
        "highway": "traffic_signals"
      },
      "geometry": {
        "type": "Point",
        "coordinates": [
          77.6286029,
          12.9240947
        ]
      },
      "id": "node/1837005138"
    },
    {
      "type": "Feature",
      "properties": {
        "@id": "node/1837297484",
        "highway": "traffic_signals"
      },
      "geometry": {
        "type": "Point",
        "coordinates": [
          77.6958894,
          13.008328
        ]
      },
      "id": "node/1837297484"
    },
    {
      "type": "Feature",
      "properties": {
        "@id": "node/1837297533",
        "highway": "traffic_signals",
        "traffic_signals": "signal"
      },
      "geometry": {
        "type": "Point",
        "coordinates": [
          77.7045159,
          13.0170337
        ]
      },
      "id": "node/1837297533"
    },
    {
      "type": "Feature",
      "properties": {
        "@id": "node/1837297537",
        "highway": "traffic_signals"
      },
      "geometry": {
        "type": "Point",
        "coordinates": [
          77.7044679,
          13.0171458
        ]
      },
      "id": "node/1837297537"
    },
    {
      "type": "Feature",
      "properties": {
        "@id": "node/1837297544",
        "highway": "traffic_signals",
        "traffic_signals": "signal"
      },
      "geometry": {
        "type": "Point",
        "coordinates": [
          77.7085908,
          13.0192879
        ]
      },
      "id": "node/1837297544"
    },
    {
      "type": "Feature",
      "properties": {
        "@id": "node/1837297545",
        "highway": "traffic_signals"
      },
      "geometry": {
        "type": "Point",
        "coordinates": [
          77.7085208,
          13.0193822
        ]
      },
      "id": "node/1837297545"
    },
    {
      "type": "Feature",
      "properties": {
        "@id": "node/1837297546",
        "highway": "traffic_signals",
        "traffic_signals": "signal"
      },
      "geometry": {
        "type": "Point",
        "coordinates": [
          77.708454,
          13.0194832
        ]
      },
      "id": "node/1837297546"
    },
    {
      "type": "Feature",
      "properties": {
        "@id": "node/1837297547",
        "highway": "traffic_signals",
        "traffic_signals": "signal"
      },
      "geometry": {
        "type": "Point",
        "coordinates": [
          77.7084042,
          13.0195557
        ]
      },
      "id": "node/1837297547"
    },
    {
      "type": "Feature",
      "properties": {
        "@id": "node/1837378093",
        "highway": "traffic_signals"
      },
      "geometry": {
        "type": "Point",
        "coordinates": [
          77.5472159,
          12.9306069
        ]
      },
      "id": "node/1837378093"
    },
    {
      "type": "Feature",
      "properties": {
        "@id": "node/1837378508",
        "highway": "traffic_signals"
      },
      "geometry": {
        "type": "Point",
        "coordinates": [
          77.5486041,
          12.9747529
        ]
      },
      "id": "node/1837378508"
    },
    {
      "type": "Feature",
      "properties": {
        "@id": "node/1837445421",
        "highway": "traffic_signals"
      },
      "geometry": {
        "type": "Point",
        "coordinates": [
          77.6081191,
          12.975279
        ]
      },
      "id": "node/1837445421"
    },
    {
      "type": "Feature",
      "properties": {
        "@id": "node/1837445468",
        "highway": "traffic_signals"
      },
      "geometry": {
        "type": "Point",
        "coordinates": [
          77.6100132,
          12.9808752
        ]
      },
      "id": "node/1837445468"
    },
    {
      "type": "Feature",
      "properties": {
        "@id": "node/1837595259",
        "crossing": "traffic_signals",
        "crossing:markings": "zebra",
        "highway": "traffic_signals",
        "traffic_signals:sound": "walk"
      },
      "geometry": {
        "type": "Point",
        "coordinates": [
          77.6067138,
          12.9779902
        ]
      },
      "id": "node/1837595259"
    },
    {
      "type": "Feature",
      "properties": {
        "@id": "node/1837693718",
        "highway": "traffic_signals",
        "traffic_signals": "signal"
      },
      "geometry": {
        "type": "Point",
        "coordinates": [
          77.6637949,
          13.028675
        ]
      },
      "id": "node/1837693718"
    },
    {
      "type": "Feature",
      "properties": {
        "@id": "node/1837716605",
        "highway": "traffic_signals"
      },
      "geometry": {
        "type": "Point",
        "coordinates": [
          77.5737777,
          12.9532824
        ]
      },
      "id": "node/1837716605"
    },
    {
      "type": "Feature",
      "properties": {
        "@id": "node/1837716641",
        "highway": "traffic_signals",
        "traffic_signals": "signal"
      },
      "geometry": {
        "type": "Point",
        "coordinates": [
          77.5738004,
          12.9575946
        ]
      },
      "id": "node/1837716641"
    },
    {
      "type": "Feature",
      "properties": {
        "@id": "node/1837757402",
        "highway": "traffic_signals",
        "traffic_signals": "signal"
      },
      "geometry": {
        "type": "Point",
        "coordinates": [
          77.5768487,
          12.9483195
        ]
      },
      "id": "node/1837757402"
    },
    {
      "type": "Feature",
      "properties": {
        "@id": "node/1837783512",
        "highway": "traffic_signals"
      },
      "geometry": {
        "type": "Point",
        "coordinates": [
          77.6143221,
          12.9751952
        ]
      },
      "id": "node/1837783512"
    },
    {
      "type": "Feature",
      "properties": {
        "@id": "node/1837783514",
        "highway": "traffic_signals"
      },
      "geometry": {
        "type": "Point",
        "coordinates": [
          77.6142809,
          12.9754298
        ]
      },
      "id": "node/1837783514"
    },
    {
      "type": "Feature",
      "properties": {
        "@id": "node/1837783520",
        "highway": "traffic_signals"
      },
      "geometry": {
        "type": "Point",
        "coordinates": [
          77.6148407,
          12.9762632
        ]
      },
      "id": "node/1837783520"
    },
    {
      "type": "Feature",
      "properties": {
        "@id": "node/1837823400",
        "highway": "traffic_signals"
      },
      "geometry": {
        "type": "Point",
        "coordinates": [
          77.6118464,
          13.0010386
        ]
      },
      "id": "node/1837823400"
    },
    {
      "type": "Feature",
      "properties": {
        "@id": "node/1839764547",
        "highway": "traffic_signals",
        "traffic_signals": "signal"
      },
      "geometry": {
        "type": "Point",
        "coordinates": [
          77.6763894,
          13.0003982
        ]
      },
      "id": "node/1839764547"
    },
    {
      "type": "Feature",
      "properties": {
        "@id": "node/1843585356",
        "highway": "traffic_signals"
      },
      "geometry": {
        "type": "Point",
        "coordinates": [
          77.6193612,
          12.9873773
        ]
      },
      "id": "node/1843585356"
    },
    {
      "type": "Feature",
      "properties": {
        "@id": "node/1843612311",
        "highway": "traffic_signals",
        "traffic_signals:sound": "yes"
      },
      "geometry": {
        "type": "Point",
        "coordinates": [
          77.6164532,
          12.9955715
        ]
      },
      "id": "node/1843612311"
    },
    {
      "type": "Feature",
      "properties": {
        "@id": "node/1843612344",
        "highway": "traffic_signals",
        "traffic_signals:sound": "yes"
      },
      "geometry": {
        "type": "Point",
        "coordinates": [
          77.6168699,
          12.9956109
        ]
      },
      "id": "node/1843612344"
    },
    {
      "type": "Feature",
      "properties": {
        "@id": "node/1908194764",
        "highway": "traffic_signals"
      },
      "geometry": {
        "type": "Point",
        "coordinates": [
          77.6015941,
          12.9602913
        ]
      },
      "id": "node/1908194764"
    },
    {
      "type": "Feature",
      "properties": {
        "@id": "node/1925410536",
        "highway": "traffic_signals"
      },
      "geometry": {
        "type": "Point",
        "coordinates": [
          77.5880318,
          12.9611046
        ]
      },
      "id": "node/1925410536"
    },
    {
      "type": "Feature",
      "properties": {
        "@id": "node/1931853240",
        "highway": "traffic_signals",
        "traffic_signals": "signal"
      },
      "geometry": {
        "type": "Point",
        "coordinates": [
          77.5450151,
          12.9675272
        ]
      },
      "id": "node/1931853240"
    },
    {
      "type": "Feature",
      "properties": {
        "@id": "node/1931866158",
        "highway": "traffic_signals"
      },
      "geometry": {
        "type": "Point",
        "coordinates": [
          77.5644657,
          12.9758072
        ]
      },
      "id": "node/1931866158"
    },
    {
      "type": "Feature",
      "properties": {
        "@id": "node/1952787489",
        "highway": "traffic_signals",
        "traffic_signals": "signal"
      },
      "geometry": {
        "type": "Point",
        "coordinates": [
          77.5563917,
          13.0455588
        ]
      },
      "id": "node/1952787489"
    },
    {
      "type": "Feature",
      "properties": {
        "@id": "node/1989699952",
        "highway": "traffic_signals"
      },
      "geometry": {
        "type": "Point",
        "coordinates": [
          77.5852249,
          12.9938571
        ]
      },
      "id": "node/1989699952"
    },
    {
      "type": "Feature",
      "properties": {
        "@id": "node/1989699958",
        "highway": "traffic_signals",
        "junction": "circular"
      },
      "geometry": {
        "type": "Point",
        "coordinates": [
          77.5850708,
          12.9931813
        ]
      },
      "id": "node/1989699958"
    },
    {
      "type": "Feature",
      "properties": {
        "@id": "node/1989700046",
        "highway": "traffic_signals",
        "name": "Windsor Square",
        "traffic_signals": "signal"
      },
      "geometry": {
        "type": "Point",
        "coordinates": [
          77.5849259,
          12.9938447
        ]
      },
      "id": "node/1989700046"
    },
    {
      "type": "Feature",
      "properties": {
        "@id": "node/2014710885",
        "highway": "traffic_signals",
        "traffic_signals": "signal"
      },
      "geometry": {
        "type": "Point",
        "coordinates": [
          77.5719189,
          12.9844575
        ]
      },
      "id": "node/2014710885"
    },
    {
      "type": "Feature",
      "properties": {
        "@id": "node/2014710915",
        "highway": "traffic_signals",
        "traffic_signals": "signal"
      },
      "geometry": {
        "type": "Point",
        "coordinates": [
          77.5723829,
          12.984492
        ]
      },
      "id": "node/2014710915"
    },
    {
      "type": "Feature",
      "properties": {
        "@id": "node/2014710929",
        "highway": "traffic_signals",
        "traffic_signals": "signal"
      },
      "geometry": {
        "type": "Point",
        "coordinates": [
          77.5720997,
          12.9852023
        ]
      },
      "id": "node/2014710929"
    },
    {
      "type": "Feature",
      "properties": {
        "@id": "node/2014710951",
        "highway": "traffic_signals",
        "traffic_signals": "signal"
      },
      "geometry": {
        "type": "Point",
        "coordinates": [
          77.5721485,
          12.9849073
        ]
      },
      "id": "node/2014710951"
    },
    {
      "type": "Feature",
      "properties": {
        "@id": "node/2014710968",
        "highway": "traffic_signals",
        "traffic_signals": "signal"
      },
      "geometry": {
        "type": "Point",
        "coordinates": [
          77.5722347,
          12.9845988
        ]
      },
      "id": "node/2014710968"
    },
    {
      "type": "Feature",
      "properties": {
        "@id": "node/2014870742",
        "highway": "traffic_signals",
        "traffic_signals": "signal"
      },
      "geometry": {
        "type": "Point",
        "coordinates": [
          77.5860545,
          12.9307629
        ]
      },
      "id": "node/2014870742"
    },
    {
      "type": "Feature",
      "properties": {
        "@id": "node/2123555481",
        "highway": "traffic_signals"
      },
      "geometry": {
        "type": "Point",
        "coordinates": [
          77.6155636,
          12.9295234
        ]
      },
      "id": "node/2123555481"
    },
    {
      "type": "Feature",
      "properties": {
        "@id": "node/2124745502",
        "highway": "traffic_signals",
        "traffic_signals": "signal"
      },
      "geometry": {
        "type": "Point",
        "coordinates": [
          77.6305338,
          13.1223335
        ]
      },
      "id": "node/2124745502"
    },
    {
      "type": "Feature",
      "properties": {
        "@id": "node/2124745542",
        "highway": "traffic_signals",
        "traffic_signals": "signal"
      },
      "geometry": {
        "type": "Point",
        "coordinates": [
          77.6303079,
          13.1222587
        ]
      },
      "id": "node/2124745542"
    },
    {
      "type": "Feature",
      "properties": {
        "@id": "node/2125916065",
        "highway": "traffic_signals",
        "traffic_signals": "signal"
      },
      "geometry": {
        "type": "Point",
        "coordinates": [
          77.6407645,
          13.0368318
        ]
      },
      "id": "node/2125916065"
    },
    {
      "type": "Feature",
      "properties": {
        "@id": "node/2125916087",
        "highway": "traffic_signals"
      },
      "geometry": {
        "type": "Point",
        "coordinates": [
          77.6416555,
          13.0395254
        ]
      },
      "id": "node/2125916087"
    },
    {
      "type": "Feature",
      "properties": {
        "@id": "node/2221301505",
        "highway": "traffic_signals",
        "traffic_signals": "signal"
      },
      "geometry": {
        "type": "Point",
        "coordinates": [
          77.5521321,
          12.957379
        ]
      },
      "id": "node/2221301505"
    },
    {
      "type": "Feature",
      "properties": {
        "@id": "node/2224183005",
        "highway": "traffic_signals"
      },
      "geometry": {
        "type": "Point",
        "coordinates": [
          77.5333355,
          12.9382696
        ]
      },
      "id": "node/2224183005"
    },
    {
      "type": "Feature",
      "properties": {
        "@id": "node/2268179269",
        "highway": "traffic_signals"
      },
      "geometry": {
        "type": "Point",
        "coordinates": [
          77.6250413,
          12.9662057
        ]
      },
      "id": "node/2268179269"
    },
    {
      "type": "Feature",
      "properties": {
        "@id": "node/2300032317",
        "highway": "traffic_signals",
        "name": "Anantapura Gate",
        "name:kn": "ಅನಂತಪುರ ಗೇಟ್",
        "traffic_signals": "signal"
      },
      "geometry": {
        "type": "Point",
        "coordinates": [
          77.5789749,
          13.114707
        ]
      },
      "id": "node/2300032317"
    },
    {
      "type": "Feature",
      "properties": {
        "@id": "node/2334208112",
        "highway": "traffic_signals",
        "traffic_signals": "signal"
      },
      "geometry": {
        "type": "Point",
        "coordinates": [
          77.5416056,
          12.9530285
        ]
      },
      "id": "node/2334208112"
    },
    {
      "type": "Feature",
      "properties": {
        "@id": "node/2382016055",
        "highway": "traffic_signals"
      },
      "geometry": {
        "type": "Point",
        "coordinates": [
          77.5956513,
          12.9831374
        ]
      },
      "id": "node/2382016055"
    },
    {
      "type": "Feature",
      "properties": {
        "@id": "node/2386067856",
        "highway": "traffic_signals"
      },
      "geometry": {
        "type": "Point",
        "coordinates": [
          77.5960121,
          12.9833185
        ]
      },
      "id": "node/2386067856"
    },
    {
      "type": "Feature",
      "properties": {
        "@id": "node/2387127870",
        "highway": "traffic_signals",
        "traffic_signals": "signal",
        "traffic_signals:direction": "forward"
      },
      "geometry": {
        "type": "Point",
        "coordinates": [
          77.6517361,
          12.9240075
        ]
      },
      "id": "node/2387127870"
    },
    {
      "type": "Feature",
      "properties": {
        "@id": "node/2387385680",
        "highway": "traffic_signals",
        "traffic_signals:direction": "forward"
      },
      "geometry": {
        "type": "Point",
        "coordinates": [
          77.6499056,
          12.9246483
        ]
      },
      "id": "node/2387385680"
    },
    {
      "type": "Feature",
      "properties": {
        "@id": "node/2402241110",
        "highway": "traffic_signals",
        "traffic_signals": "signal"
      },
      "geometry": {
        "type": "Point",
        "coordinates": [
          77.5277866,
          12.9451458
        ]
      },
      "id": "node/2402241110"
    },
    {
      "type": "Feature",
      "properties": {
        "@id": "node/2406980229",
        "highway": "traffic_signals",
        "traffic_signals": "signal"
      },
      "geometry": {
        "type": "Point",
        "coordinates": [
          77.7009299,
          12.956675
        ]
      },
      "id": "node/2406980229"
    },
    {
      "type": "Feature",
      "properties": {
        "@id": "node/2408586316",
        "highway": "traffic_signals",
        "traffic_signals": "signal"
      },
      "geometry": {
        "type": "Point",
        "coordinates": [
          77.5907819,
          13.0433929
        ]
      },
      "id": "node/2408586316"
    },
    {
      "type": "Feature",
      "properties": {
        "@id": "node/2416186869",
        "highway": "traffic_signals"
      },
      "geometry": {
        "type": "Point",
        "coordinates": [
          77.554968,
          12.8950657
        ]
      },
      "id": "node/2416186869"
    },
    {
      "type": "Feature",
      "properties": {
        "@id": "node/2446005983",
        "highway": "traffic_signals"
      },
      "geometry": {
        "type": "Point",
        "coordinates": [
          77.5614265,
          13.0436084
        ]
      },
      "id": "node/2446005983"
    },
    {
      "type": "Feature",
      "properties": {
        "@id": "node/2447233119",
        "highway": "traffic_signals",
        "traffic_signals": "signal",
        "working": "no"
      },
      "geometry": {
        "type": "Point",
        "coordinates": [
          77.5483393,
          13.0815132
        ]
      },
      "id": "node/2447233119"
    },
    {
      "type": "Feature",
      "properties": {
        "@id": "node/2447233120",
        "highway": "traffic_signals",
        "traffic_signals": "signal",
        "working": "no"
      },
      "geometry": {
        "type": "Point",
        "coordinates": [
          77.5482279,
          13.0815752
        ]
      },
      "id": "node/2447233120"
    },
    {
      "type": "Feature",
      "properties": {
        "@id": "node/2447233122",
        "highway": "traffic_signals",
        "traffic_signals": "signal",
        "working": "no"
      },
      "geometry": {
        "type": "Point",
        "coordinates": [
          77.5482495,
          13.08168
        ]
      },
      "id": "node/2447233122"
    },
    {
      "type": "Feature",
      "properties": {
        "@id": "node/2447233127",
        "highway": "traffic_signals",
        "traffic_signals": "signal",
        "working": "no"
      },
      "geometry": {
        "type": "Point",
        "coordinates": [
          77.5483847,
          13.0816898
        ]
      },
      "id": "node/2447233127"
    },
    {
      "type": "Feature",
      "properties": {
        "@id": "node/2447233128",
        "highway": "traffic_signals",
        "traffic_signals": "signal",
        "working": "no"
      },
      "geometry": {
        "type": "Point",
        "coordinates": [
          77.5484245,
          13.0816038
        ]
      },
      "id": "node/2447233128"
    },
    {
      "type": "Feature",
      "properties": {
        "@id": "node/2447233134",
        "highway": "traffic_signals",
        "traffic_signals": "signal",
        "working": "no"
      },
      "geometry": {
        "type": "Point",
        "coordinates": [
          77.5482869,
          13.081704
        ]
      },
      "id": "node/2447233134"
    },
    {
      "type": "Feature",
      "properties": {
        "@id": "node/2450076422",
        "highway": "traffic_signals"
      },
      "geometry": {
        "type": "Point",
        "coordinates": [
          77.5566184,
          13.0458006
        ]
      },
      "id": "node/2450076422"
    },
    {
      "type": "Feature",
      "properties": {
        "@id": "node/2451336631",
        "highway": "traffic_signals",
        "traffic_signals": "signal"
      },
      "geometry": {
        "type": "Point",
        "coordinates": [
          77.5942859,
          13.0953061
        ]
      },
      "id": "node/2451336631"
    },
    {
      "type": "Feature",
      "properties": {
        "@id": "node/2451336634",
        "highway": "traffic_signals",
        "name": "Kogilu Cross",
        "name:kn": "ಕೋಗಿಲು ಕ್ರಾಸ್"
      },
      "geometry": {
        "type": "Point",
        "coordinates": [
          77.6000901,
          13.1037498
        ]
      },
      "id": "node/2451336634"
    },
    {
      "type": "Feature",
      "properties": {
        "@id": "node/2455311260",
        "highway": "traffic_signals",
        "traffic_signals": "signal"
      },
      "geometry": {
        "type": "Point",
        "coordinates": [
          77.5789662,
          13.1149996
        ]
      },
      "id": "node/2455311260"
    },
    {
      "type": "Feature",
      "properties": {
        "@id": "node/2460236929",
        "highway": "traffic_signals"
      },
      "geometry": {
        "type": "Point",
        "coordinates": [
          77.6337558,
          13.0675577
        ]
      },
      "id": "node/2460236929"
    },
    {
      "type": "Feature",
      "properties": {
        "@id": "node/2462936984",
        "highway": "traffic_signals",
        "traffic_signals": "signal"
      },
      "geometry": {
        "type": "Point",
        "coordinates": [
          77.5972588,
          12.984566
        ]
      },
      "id": "node/2462936984"
    },
    {
      "type": "Feature",
      "properties": {
        "@id": "node/2473230014",
        "highway": "traffic_signals"
      },
      "geometry": {
        "type": "Point",
        "coordinates": [
          77.6433951,
          13.0091599
        ]
      },
      "id": "node/2473230014"
    },
    {
      "type": "Feature",
      "properties": {
        "@id": "node/2513553543",
        "highway": "traffic_signals"
      },
      "geometry": {
        "type": "Point",
        "coordinates": [
          77.5950891,
          12.9064718
        ]
      },
      "id": "node/2513553543"
    },
    {
      "type": "Feature",
      "properties": {
        "@id": "node/2572573442",
        "highway": "traffic_signals"
      },
      "geometry": {
        "type": "Point",
        "coordinates": [
          77.5612012,
          13.0434164
        ]
      },
      "id": "node/2572573442"
    },
    {
      "type": "Feature",
      "properties": {
        "@id": "node/2578344267",
        "highway": "traffic_signals"
      },
      "geometry": {
        "type": "Point",
        "coordinates": [
          77.5569382,
          13.0435207
        ]
      },
      "id": "node/2578344267"
    },
    {
      "type": "Feature",
      "properties": {
        "@id": "node/2694706128",
        "highway": "traffic_signals",
        "traffic_signals": "signal"
      },
      "geometry": {
        "type": "Point",
        "coordinates": [
          77.6139898,
          12.9738793
        ]
      },
      "id": "node/2694706128"
    },
    {
      "type": "Feature",
      "properties": {
        "@id": "node/2703669937",
        "highway": "traffic_signals"
      },
      "geometry": {
        "type": "Point",
        "coordinates": [
          77.5655377,
          13.0141095
        ]
      },
      "id": "node/2703669937"
    },
    {
      "type": "Feature",
      "properties": {
        "@id": "node/2703669945",
        "highway": "traffic_signals",
        "traffic_signals": "signal"
      },
      "geometry": {
        "type": "Point",
        "coordinates": [
          77.5728327,
          13.0148328
        ]
      },
      "id": "node/2703669945"
    },
    {
      "type": "Feature",
      "properties": {
        "@id": "node/2890442001",
        "highway": "traffic_signals"
      },
      "geometry": {
        "type": "Point",
        "coordinates": [
          77.6067124,
          12.964402
        ]
      },
      "id": "node/2890442001"
    },
    {
      "type": "Feature",
      "properties": {
        "@id": "node/2971089260",
        "highway": "traffic_signals"
      },
      "geometry": {
        "type": "Point",
        "coordinates": [
          77.6227954,
          12.9174509
        ]
      },
      "id": "node/2971089260"
    },
    {
      "type": "Feature",
      "properties": {
        "@id": "node/2999494951",
        "highway": "traffic_signals"
      },
      "geometry": {
        "type": "Point",
        "coordinates": [
          77.6195948,
          12.9716577
        ]
      },
      "id": "node/2999494951"
    },
    {
      "type": "Feature",
      "properties": {
        "@id": "node/2999530964",
        "highway": "traffic_signals",
        "traffic_signals": "signal"
      },
      "geometry": {
        "type": "Point",
        "coordinates": [
          77.6195285,
          12.9713821
        ]
      },
      "id": "node/2999530964"
    },
    {
      "type": "Feature",
      "properties": {
        "@id": "node/2999530965",
        "highway": "traffic_signals",
        "traffic_signals": "signal"
      },
      "geometry": {
        "type": "Point",
        "coordinates": [
          77.6140539,
          12.9685126
        ]
      },
      "id": "node/2999530965"
    },
    {
      "type": "Feature",
      "properties": {
        "@id": "node/2999607461",
        "highway": "traffic_signals",
        "traffic_signals": "signal"
      },
      "geometry": {
        "type": "Point",
        "coordinates": [
          77.6205972,
          12.9669099
        ]
      },
      "id": "node/2999607461"
    },
    {
      "type": "Feature",
      "properties": {
        "@id": "node/3170035580",
        "highway": "traffic_signals",
        "traffic_signals": "signal"
      },
      "geometry": {
        "type": "Point",
        "coordinates": [
          77.6203289,
          12.9726436
        ]
      },
      "id": "node/3170035580"
    },
    {
      "type": "Feature",
      "properties": {
        "@id": "node/3170035581",
        "highway": "traffic_signals",
        "traffic_signals": "signal"
      },
      "geometry": {
        "type": "Point",
        "coordinates": [
          77.6196368,
          12.9725667
        ]
      },
      "id": "node/3170035581"
    },
    {
      "type": "Feature",
      "properties": {
        "@id": "node/3170035583",
        "highway": "traffic_signals"
      },
      "geometry": {
        "type": "Point",
        "coordinates": [
          77.6199926,
          12.9727701
        ]
      },
      "id": "node/3170035583"
    },
    {
      "type": "Feature",
      "properties": {
        "@id": "node/3191039329",
        "highway": "traffic_signals",
        "traffic_signals": "signal"
      },
      "geometry": {
        "type": "Point",
        "coordinates": [
          77.619726,
          13.0041187
        ]
      },
      "id": "node/3191039329"
    },
    {
      "type": "Feature",
      "properties": {
        "@id": "node/3242486429",
        "highway": "traffic_signals",
        "traffic_signals": "signal"
      },
      "geometry": {
        "type": "Point",
        "coordinates": [
          77.5760183,
          12.9233296
        ]
      },
      "id": "node/3242486429"
    },
    {
      "type": "Feature",
      "properties": {
        "@id": "node/3268824710",
        "highway": "traffic_signals"
      },
      "geometry": {
        "type": "Point",
        "coordinates": [
          77.6099455,
          12.9650689
        ]
      },
      "id": "node/3268824710"
    },
    {
      "type": "Feature",
      "properties": {
        "@id": "node/3304182907",
        "highway": "traffic_signals",
        "traffic_signals": "signal"
      },
      "geometry": {
        "type": "Point",
        "coordinates": [
          77.6286922,
          12.9817425
        ]
      },
      "id": "node/3304182907"
    },
    {
      "type": "Feature",
      "properties": {
        "@id": "node/3304182912",
        "button_operated": "no",
        "crossing": "traffic_signals",
        "highway": "traffic_signals",
        "traffic_signals:sound": "no"
      },
      "geometry": {
        "type": "Point",
        "coordinates": [
          77.6284605,
          12.9817896
        ]
      },
      "id": "node/3304182912"
    },
    {
      "type": "Feature",
      "properties": {
        "@id": "node/3305876069",
        "highway": "traffic_signals",
        "traffic_signals": "signal"
      },
      "geometry": {
        "type": "Point",
        "coordinates": [
          77.6020105,
          12.9765063
        ]
      },
      "id": "node/3305876069"
    },
    {
      "type": "Feature",
      "properties": {
        "@id": "node/3305876073",
        "highway": "traffic_signals"
      },
      "geometry": {
        "type": "Point",
        "coordinates": [
          77.6025839,
          12.9791434
        ]
      },
      "id": "node/3305876073"
    },
    {
      "type": "Feature",
      "properties": {
        "@id": "node/3311165099",
        "highway": "traffic_signals"
      },
      "geometry": {
        "type": "Point",
        "coordinates": [
          77.6842918,
          12.9298628
        ]
      },
      "id": "node/3311165099"
    },
    {
      "type": "Feature",
      "properties": {
        "@id": "node/3314362622",
        "highway": "traffic_signals"
      },
      "geometry": {
        "type": "Point",
        "coordinates": [
          77.7477258,
          12.9615791
        ]
      },
      "id": "node/3314362622"
    },
    {
      "type": "Feature",
      "properties": {
        "@id": "node/3342156305",
        "highway": "traffic_signals"
      },
      "geometry": {
        "type": "Point",
        "coordinates": [
          77.6121555,
          13.0020647
        ]
      },
      "id": "node/3342156305"
    },
    {
      "type": "Feature",
      "properties": {
        "@id": "node/3352035441",
        "highway": "traffic_signals"
      },
      "geometry": {
        "type": "Point",
        "coordinates": [
          77.6374502,
          12.9828791
        ]
      },
      "id": "node/3352035441"
    },
    {
      "type": "Feature",
      "properties": {
        "@id": "node/3356003439",
        "highway": "traffic_signals"
      },
      "geometry": {
        "type": "Point",
        "coordinates": [
          77.5736714,
          12.9480638
        ]
      },
      "id": "node/3356003439"
    },
    {
      "type": "Feature",
      "properties": {
        "@id": "node/3356003440",
        "highway": "traffic_signals"
      },
      "geometry": {
        "type": "Point",
        "coordinates": [
          77.5735362,
          12.9483685
        ]
      },
      "id": "node/3356003440"
    },
    {
      "type": "Feature",
      "properties": {
        "@id": "node/3370456514",
        "highway": "traffic_signals",
        "traffic_signals:countdown": "yes",
        "traffic_signals:direction": "forward"
      },
      "geometry": {
        "type": "Point",
        "coordinates": [
          77.6478925,
          12.968868
        ]
      },
      "id": "node/3370456514"
    },
    {
      "type": "Feature",
      "properties": {
        "@id": "node/3370456522",
        "highway": "traffic_signals"
      },
      "geometry": {
        "type": "Point",
        "coordinates": [
          77.6466325,
          12.9787067
        ]
      },
      "id": "node/3370456522"
    },
    {
      "type": "Feature",
      "properties": {
        "@id": "node/3370456523",
        "highway": "traffic_signals"
      },
      "geometry": {
        "type": "Point",
        "coordinates": [
          77.6464966,
          12.9786193
        ]
      },
      "id": "node/3370456523"
    },
    {
      "type": "Feature",
      "properties": {
        "@id": "node/3370456524",
        "highway": "traffic_signals",
        "traffic_signals": "signal",
        "traffic_signals:countdown": "yes"
      },
      "geometry": {
        "type": "Point",
        "coordinates": [
          77.6464929,
          12.9793487
        ]
      },
      "id": "node/3370456524"
    },
    {
      "type": "Feature",
      "properties": {
        "@id": "node/3370456536",
        "highway": "traffic_signals"
      },
      "geometry": {
        "type": "Point",
        "coordinates": [
          77.6452204,
          12.9857557
        ]
      },
      "id": "node/3370456536"
    },
    {
      "type": "Feature",
      "properties": {
        "@id": "node/3399083525",
        "highway": "traffic_signals",
        "traffic_signals": "signal"
      },
      "geometry": {
        "type": "Point",
        "coordinates": [
          77.6153649,
          12.935775
        ]
      },
      "id": "node/3399083525"
    },
    {
      "type": "Feature",
      "properties": {
        "@id": "node/3530630455",
        "highway": "traffic_signals"
      },
      "geometry": {
        "type": "Point",
        "coordinates": [
          77.6418156,
          12.9633712
        ]
      },
      "id": "node/3530630455"
    },
    {
      "type": "Feature",
      "properties": {
        "@id": "node/3659483616",
        "highway": "traffic_signals",
        "traffic_signals": "signal"
      },
      "geometry": {
        "type": "Point",
        "coordinates": [
          77.6558113,
          13.0192615
        ]
      },
      "id": "node/3659483616"
    },
    {
      "type": "Feature",
      "properties": {
        "@id": "node/3664134386",
        "highway": "traffic_signals",
        "traffic_signals": "signal"
      },
      "geometry": {
        "type": "Point",
        "coordinates": [
          77.5451089,
          12.9674905
        ]
      },
      "id": "node/3664134386"
    },
    {
      "type": "Feature",
      "properties": {
        "@id": "node/3676182371",
        "highway": "traffic_signals"
      },
      "geometry": {
        "type": "Point",
        "coordinates": [
          77.5907195,
          13.009792
        ]
      },
      "id": "node/3676182371"
    },
    {
      "type": "Feature",
      "properties": {
        "@id": "node/3676182395",
        "highway": "traffic_signals"
      },
      "geometry": {
        "type": "Point",
        "coordinates": [
          77.5843342,
          13.0144958
        ]
      },
      "id": "node/3676182395"
    },
    {
      "type": "Feature",
      "properties": {
        "@id": "node/3676198961",
        "highway": "traffic_signals",
        "traffic_signals": "signal"
      },
      "geometry": {
        "type": "Point",
        "coordinates": [
          77.5823624,
          12.9843485
        ]
      },
      "id": "node/3676198961"
    },
    {
      "type": "Feature",
      "properties": {
        "@id": "node/3677919903",
        "highway": "traffic_signals",
        "traffic_signals": "signal"
      },
      "geometry": {
        "type": "Point",
        "coordinates": [
          77.6137122,
          12.9319484
        ]
      },
      "id": "node/3677919903"
    },
    {
      "type": "Feature",
      "properties": {
        "@id": "node/3730964461",
        "highway": "traffic_signals"
      },
      "geometry": {
        "type": "Point",
        "coordinates": [
          77.6253885,
          12.9749592
        ]
      },
      "id": "node/3730964461"
    },
    {
      "type": "Feature",
      "properties": {
        "@id": "node/3740957808",
        "highway": "traffic_signals",
        "traffic_signals": "signal"
      },
      "geometry": {
        "type": "Point",
        "coordinates": [
          77.6253216,
          12.9398042
        ]
      },
      "id": "node/3740957808"
    },
    {
      "type": "Feature",
      "properties": {
        "@id": "node/3740957817",
        "highway": "traffic_signals"
      },
      "geometry": {
        "type": "Point",
        "coordinates": [
          77.6228777,
          12.9423591
        ]
      },
      "id": "node/3740957817"
    },
    {
      "type": "Feature",
      "properties": {
        "@id": "node/3740957818",
        "highway": "traffic_signals"
      },
      "geometry": {
        "type": "Point",
        "coordinates": [
          77.6225928,
          12.9424494
        ]
      },
      "id": "node/3740957818"
    },
    {
      "type": "Feature",
      "properties": {
        "@id": "node/3740962156",
        "highway": "traffic_signals"
      },
      "geometry": {
        "type": "Point",
        "coordinates": [
          77.6201616,
          12.9524384
        ]
      },
      "id": "node/3740962156"
    },
    {
      "type": "Feature",
      "properties": {
        "@id": "node/3751677693",
        "highway": "traffic_signals",
        "traffic_signals": "signal"
      },
      "geometry": {
        "type": "Point",
        "coordinates": [
          77.589737,
          12.9861498
        ]
      },
      "id": "node/3751677693"
    },
    {
      "type": "Feature",
      "properties": {
        "@id": "node/3755576616",
        "highway": "traffic_signals",
        "traffic_signals": "signal"
      },
      "geometry": {
        "type": "Point",
        "coordinates": [
          77.5709223,
          12.9803996
        ]
      },
      "id": "node/3755576616"
    },
    {
      "type": "Feature",
      "properties": {
        "@id": "node/3770161990",
        "highway": "traffic_signals",
        "traffic_signals": "signal"
      },
      "geometry": {
        "type": "Point",
        "coordinates": [
          77.5716719,
          12.9606132
        ]
      },
      "id": "node/3770161990"
    },
    {
      "type": "Feature",
      "properties": {
        "@id": "node/3780895950",
        "highway": "traffic_signals"
      },
      "geometry": {
        "type": "Point",
        "coordinates": [
          77.6540357,
          12.9594525
        ]
      },
      "id": "node/3780895950"
    },
    {
      "type": "Feature",
      "properties": {
        "@id": "node/3780895951",
        "highway": "traffic_signals"
      },
      "geometry": {
        "type": "Point",
        "coordinates": [
          77.6543745,
          12.9593266
        ]
      },
      "id": "node/3780895951"
    },
    {
      "type": "Feature",
      "properties": {
        "@id": "node/3801688125",
        "highway": "traffic_signals"
      },
      "geometry": {
        "type": "Point",
        "coordinates": [
          77.6297442,
          12.9342983
        ]
      },
      "id": "node/3801688125"
    },
    {
      "type": "Feature",
      "properties": {
        "@id": "node/3801688126",
        "highway": "traffic_signals"
      },
      "geometry": {
        "type": "Point",
        "coordinates": [
          77.629595,
          12.9345563
        ]
      },
      "id": "node/3801688126"
    },
    {
      "type": "Feature",
      "properties": {
        "@id": "node/3801692788",
        "highway": "traffic_signals",
        "traffic_signals": "signal",
        "traffic_signals:direction": "forward"
      },
      "geometry": {
        "type": "Point",
        "coordinates": [
          77.6270122,
          12.9371207
        ]
      },
      "id": "node/3801692788"
    },
    {
      "type": "Feature",
      "properties": {
        "@id": "node/3801692790",
        "highway": "traffic_signals",
        "name": "Sony World Signal",
        "name:kn": "ಸೋನಿ ವರ್ಲ್ಡ್ ಸಿಗ್ನಲ್",
        "traffic_signals": "signal",
        "traffic_signals:direction": "forward"
      },
      "geometry": {
        "type": "Point",
        "coordinates": [
          77.6268138,
          12.9372333
        ]
      },
      "id": "node/3801692790"
    },
    {
      "type": "Feature",
      "properties": {
        "@id": "node/3803149236",
        "highway": "traffic_signals",
        "traffic_signals": "signal"
      },
      "geometry": {
        "type": "Point",
        "coordinates": [
          77.6359899,
          12.9613474
        ]
      },
      "id": "node/3803149236"
    },
    {
      "type": "Feature",
      "properties": {
        "@id": "node/3803149238",
        "highway": "traffic_signals"
      },
      "geometry": {
        "type": "Point",
        "coordinates": [
          77.6357898,
          12.9614881
        ]
      },
      "id": "node/3803149238"
    },
    {
      "type": "Feature",
      "properties": {
        "@id": "node/3805003789",
        "highway": "traffic_signals",
        "traffic_signals": "signal"
      },
      "geometry": {
        "type": "Point",
        "coordinates": [
          77.6228375,
          12.9169462
        ]
      },
      "id": "node/3805003789"
    },
    {
      "type": "Feature",
      "properties": {
        "@id": "node/3806218133",
        "highway": "traffic_signals"
      },
      "geometry": {
        "type": "Point",
        "coordinates": [
          77.6385681,
          12.9610338
        ]
      },
      "id": "node/3806218133"
    },
    {
      "type": "Feature",
      "properties": {
        "@id": "node/3833983041",
        "highway": "traffic_signals"
      },
      "geometry": {
        "type": "Point",
        "coordinates": [
          77.5073485,
          13.0451875
        ]
      },
      "id": "node/3833983041"
    },
    {
      "type": "Feature",
      "properties": {
        "@id": "node/3856885384",
        "highway": "traffic_signals",
        "traffic_signals": "signal"
      },
      "geometry": {
        "type": "Point",
        "coordinates": [
          77.5074436,
          13.0455631
        ]
      },
      "id": "node/3856885384"
    },
    {
      "type": "Feature",
      "properties": {
        "@id": "node/3919859765",
        "highway": "traffic_signals"
      },
      "geometry": {
        "type": "Point",
        "coordinates": [
          77.569567,
          12.9967511
        ]
      },
      "id": "node/3919859765"
    },
    {
      "type": "Feature",
      "properties": {
        "@id": "node/3919859801",
        "highway": "traffic_signals",
        "traffic_signals": "signal"
      },
      "geometry": {
        "type": "Point",
        "coordinates": [
          77.5529207,
          12.998256
        ]
      },
      "id": "node/3919859801"
    },
    {
      "type": "Feature",
      "properties": {
        "@id": "node/3919864571",
        "highway": "traffic_signals"
      },
      "geometry": {
        "type": "Point",
        "coordinates": [
          77.5500293,
          12.9976388
        ]
      },
      "id": "node/3919864571"
    },
    {
      "type": "Feature",
      "properties": {
        "@id": "node/3919864572",
        "highway": "traffic_signals"
      },
      "geometry": {
        "type": "Point",
        "coordinates": [
          77.5503836,
          12.9978642
        ]
      },
      "id": "node/3919864572"
    },
    {
      "type": "Feature",
      "properties": {
        "@id": "node/3980460302",
        "highway": "traffic_signals"
      },
      "geometry": {
        "type": "Point",
        "coordinates": [
          77.6199524,
          12.9747301
        ]
      },
      "id": "node/3980460302"
    },
    {
      "type": "Feature",
      "properties": {
        "@id": "node/3982070777",
        "highway": "traffic_signals"
      },
      "geometry": {
        "type": "Point",
        "coordinates": [
          77.5121299,
          12.98812
        ]
      },
      "id": "node/3982070777"
    },
    {
      "type": "Feature",
      "properties": {
        "@id": "node/4030004341",
        "highway": "traffic_signals"
      },
      "geometry": {
        "type": "Point",
        "coordinates": [
          77.5955811,
          12.9937568
        ]
      },
      "id": "node/4030004341"
    },
    {
      "type": "Feature",
      "properties": {
        "@id": "node/4030321893",
        "highway": "traffic_signals",
        "traffic_signals": "signal"
      },
      "geometry": {
        "type": "Point",
        "coordinates": [
          77.5994505,
          12.990731
        ]
      },
      "id": "node/4030321893"
    },
    {
      "type": "Feature",
      "properties": {
        "@id": "node/4044110261",
        "highway": "traffic_signals"
      },
      "geometry": {
        "type": "Point",
        "coordinates": [
          77.6099001,
          12.965037
        ]
      },
      "id": "node/4044110261"
    },
    {
      "type": "Feature",
      "properties": {
        "@id": "node/4044110267",
        "highway": "traffic_signals"
      },
      "geometry": {
        "type": "Point",
        "coordinates": [
          77.6176955,
          12.9651727
        ]
      },
      "id": "node/4044110267"
    },
    {
      "type": "Feature",
      "properties": {
        "@id": "node/4044263598",
        "highway": "traffic_signals"
      },
      "geometry": {
        "type": "Point",
        "coordinates": [
          77.6110102,
          12.9744669
        ]
      },
      "id": "node/4044263598"
    },
    {
      "type": "Feature",
      "properties": {
        "@id": "node/4044263599",
        "highway": "traffic_signals",
        "traffic_signals": "signal"
      },
      "geometry": {
        "type": "Point",
        "coordinates": [
          77.6112676,
          12.9742918
        ]
      },
      "id": "node/4044263599"
    },
    {
      "type": "Feature",
      "properties": {
        "@id": "node/4058219853",
        "highway": "traffic_signals"
      },
      "geometry": {
        "type": "Point",
        "coordinates": [
          77.595564,
          12.9933787
        ]
      },
      "id": "node/4058219853"
    },
    {
      "type": "Feature",
      "properties": {
        "@id": "node/4058219855",
        "highway": "traffic_signals"
      },
      "geometry": {
        "type": "Point",
        "coordinates": [
          77.5959281,
          12.993319
        ]
      },
      "id": "node/4058219855"
    },
    {
      "type": "Feature",
      "properties": {
        "@id": "node/4058224571",
        "highway": "traffic_signals",
        "traffic_signals": "signal"
      },
      "geometry": {
        "type": "Point",
        "coordinates": [
          77.5886234,
          12.9869098
        ]
      },
      "id": "node/4058224571"
    },
    {
      "type": "Feature",
      "properties": {
        "@id": "node/4058224812",
        "highway": "traffic_signals",
        "traffic_signals": "signal"
      },
      "geometry": {
        "type": "Point",
        "coordinates": [
          77.5941343,
          12.9719671
        ]
      },
      "id": "node/4058224812"
    },
    {
      "type": "Feature",
      "properties": {
        "@id": "node/4058224830",
        "highway": "traffic_signals"
      },
      "geometry": {
        "type": "Point",
        "coordinates": [
          77.5941604,
          12.9720628
        ]
      },
      "id": "node/4058224830"
    },
    {
      "type": "Feature",
      "properties": {
        "@id": "node/4127931099",
        "highway": "traffic_signals",
        "traffic_signals": "signal"
      },
      "geometry": {
        "type": "Point",
        "coordinates": [
          77.576775,
          12.9482396
        ]
      },
      "id": "node/4127931099"
    },
    {
      "type": "Feature",
      "properties": {
        "@id": "node/4127931100",
        "highway": "traffic_signals",
        "traffic_signals": "signal"
      },
      "geometry": {
        "type": "Point",
        "coordinates": [
          77.5768488,
          12.9482396
        ]
      },
      "id": "node/4127931100"
    },
    {
      "type": "Feature",
      "properties": {
        "@id": "node/4161839915",
        "highway": "traffic_signals"
      },
      "geometry": {
        "type": "Point",
        "coordinates": [
          77.620768,
          12.9276546
        ]
      },
      "id": "node/4161839915"
    },
    {
      "type": "Feature",
      "properties": {
        "@id": "node/4393134092",
        "highway": "traffic_signals",
        "traffic_signals": "signal"
      },
      "geometry": {
        "type": "Point",
        "coordinates": [
          77.5494412,
          13.0039059
        ]
      },
      "id": "node/4393134092"
    },
    {
      "type": "Feature",
      "properties": {
        "@id": "node/4406882464",
        "highway": "traffic_signals"
      },
      "geometry": {
        "type": "Point",
        "coordinates": [
          77.6101285,
          12.9168
        ]
      },
      "id": "node/4406882464"
    },
    {
      "type": "Feature",
      "properties": {
        "@id": "node/4445274988",
        "highway": "traffic_signals",
        "traffic_signals": "signal",
        "traffic_signals:direction": "forward"
      },
      "geometry": {
        "type": "Point",
        "coordinates": [
          77.6855476,
          12.9186953
        ]
      },
      "id": "node/4445274988"
    },
    {
      "type": "Feature",
      "properties": {
        "@id": "node/4465530917",
        "highway": "traffic_signals",
        "traffic_signals": "signal"
      },
      "geometry": {
        "type": "Point",
        "coordinates": [
          77.7009594,
          12.9569136
        ]
      },
      "id": "node/4465530917"
    },
    {
      "type": "Feature",
      "properties": {
        "@id": "node/4490333425",
        "highway": "traffic_signals",
        "traffic_signals": "signal"
      },
      "geometry": {
        "type": "Point",
        "coordinates": [
          77.6331099,
          12.9297056
        ]
      },
      "id": "node/4490333425"
    },
    {
      "type": "Feature",
      "properties": {
        "@id": "node/4582284826",
        "highway": "traffic_signals"
      },
      "geometry": {
        "type": "Point",
        "coordinates": [
          77.57359,
          12.9177361
        ]
      },
      "id": "node/4582284826"
    },
    {
      "type": "Feature",
      "properties": {
        "@id": "node/4614143317",
        "highway": "traffic_signals",
        "traffic_signals": "signal",
        "traffic_signals:countdown": "yes"
      },
      "geometry": {
        "type": "Point",
        "coordinates": [
          77.5732216,
          12.9063126
        ]
      },
      "id": "node/4614143317"
    },
    {
      "type": "Feature",
      "properties": {
        "@id": "node/4692270064",
        "highway": "traffic_signals",
        "traffic_signals:countdown": "yes"
      },
      "geometry": {
        "type": "Point",
        "coordinates": [
          77.6099779,
          12.9166275
        ]
      },
      "id": "node/4692270064"
    },
    {
      "type": "Feature",
      "properties": {
        "@id": "node/4692270065",
        "highway": "traffic_signals",
        "traffic_signals:countdown": "yes"
      },
      "geometry": {
        "type": "Point",
        "coordinates": [
          77.6100478,
          12.91641
        ]
      },
      "id": "node/4692270065"
    },
    {
      "type": "Feature",
      "properties": {
        "@id": "node/4692270067",
        "highway": "traffic_signals"
      },
      "geometry": {
        "type": "Point",
        "coordinates": [
          77.610037,
          12.9140086
        ]
      },
      "id": "node/4692270067"
    },
    {
      "type": "Feature",
      "properties": {
        "@id": "node/4692323186",
        "highway": "traffic_signals"
      },
      "geometry": {
        "type": "Point",
        "coordinates": [
          77.5122099,
          12.9878098
        ]
      },
      "id": "node/4692323186"
    },
    {
      "type": "Feature",
      "properties": {
        "@id": "node/4692323187",
        "highway": "traffic_signals"
      },
      "geometry": {
        "type": "Point",
        "coordinates": [
          77.5125873,
          12.9879026
        ]
      },
      "id": "node/4692323187"
    },
    {
      "type": "Feature",
      "properties": {
        "@id": "node/4692331556",
        "highway": "traffic_signals",
        "junction": "yes",
        "name": "Sumanahalli Junction",
        "name:kn": "ಸುಮನಹಳ್ಳಿ ಜಂಕ್ಷನ್"
      },
      "geometry": {
        "type": "Point",
        "coordinates": [
          77.5191772,
          12.9870776
        ]
      },
      "id": "node/4692331556"
    },
    {
      "type": "Feature",
      "properties": {
        "@id": "node/4696742622",
        "highway": "traffic_signals",
        "traffic_signals": "signal"
      },
      "geometry": {
        "type": "Point",
        "coordinates": [
          77.5426989,
          12.9784564
        ]
      },
      "id": "node/4696742622"
    },
    {
      "type": "Feature",
      "properties": {
        "@id": "node/4703140386",
        "highway": "traffic_signals"
      },
      "geometry": {
        "type": "Point",
        "coordinates": [
          77.6202958,
          12.9209276
        ]
      },
      "id": "node/4703140386"
    },
    {
      "type": "Feature",
      "properties": {
        "@id": "node/4703663956",
        "highway": "traffic_signals",
        "traffic_signals": "signal"
      },
      "geometry": {
        "type": "Point",
        "coordinates": [
          77.5551716,
          12.9949102
        ]
      },
      "id": "node/4703663956"
    },
    {
      "type": "Feature",
      "properties": {
        "@id": "node/4703663964",
        "highway": "traffic_signals",
        "traffic_signals": "signal"
      },
      "geometry": {
        "type": "Point",
        "coordinates": [
          77.5531939,
          12.9982024
        ]
      },
      "id": "node/4703663964"
    },
    {
      "type": "Feature",
      "properties": {
        "@id": "node/4703697696",
        "highway": "traffic_signals"
      },
      "geometry": {
        "type": "Point",
        "coordinates": [
          77.5643949,
          12.9758723
        ]
      },
      "id": "node/4703697696"
    },
    {
      "type": "Feature",
      "properties": {
        "@id": "node/4703745962",
        "highway": "traffic_signals"
      },
      "geometry": {
        "type": "Point",
        "coordinates": [
          77.6616405,
          12.9666992
        ]
      },
      "id": "node/4703745962"
    },
    {
      "type": "Feature",
      "properties": {
        "@id": "node/4792982257",
        "highway": "traffic_signals"
      },
      "geometry": {
        "type": "Point",
        "coordinates": [
          77.4995737,
          12.9520291
        ]
      },
      "id": "node/4792982257"
    },
    {
      "type": "Feature",
      "properties": {
        "@id": "node/4798470947",
        "highway": "traffic_signals",
        "junction": "yes",
        "name": "Nagarabhavi Circle",
        "name:kn": "ನಗರಭಾವಿ ವೃತ್ತ"
      },
      "geometry": {
        "type": "Point",
        "coordinates": [
          77.5124806,
          12.9608478
        ]
      },
      "id": "node/4798470947"
    },
    {
      "type": "Feature",
      "properties": {
        "@id": "node/4798470955",
        "highway": "traffic_signals"
      },
      "geometry": {
        "type": "Point",
        "coordinates": [
          77.5042836,
          12.9604572
        ]
      },
      "id": "node/4798470955"
    },
    {
      "type": "Feature",
      "properties": {
        "@id": "node/4798470956",
        "highway": "traffic_signals"
      },
      "geometry": {
        "type": "Point",
        "coordinates": [
          77.5043336,
          12.9604312
        ]
      },
      "id": "node/4798470956"
    },
    {
      "type": "Feature",
      "properties": {
        "@id": "node/4813269388",
        "highway": "traffic_signals",
        "name": "Hoysala Circle",
        "name:kn": "ಹೊಯ್ಸಳ ವೃತ್ತ",
        "traffic_signals": "signal"
      },
      "geometry": {
        "type": "Point",
        "coordinates": [
          77.4852147,
          12.9246881
        ]
      },
      "id": "node/4813269388"
    },
    {
      "type": "Feature",
      "properties": {
        "@id": "node/4814847103",
        "highway": "traffic_signals"
      },
      "geometry": {
        "type": "Point",
        "coordinates": [
          77.5131021,
          12.9610932
        ]
      },
      "id": "node/4814847103"
    },
    {
      "type": "Feature",
      "properties": {
        "@id": "node/4824686444",
        "highway": "traffic_signals"
      },
      "geometry": {
        "type": "Point",
        "coordinates": [
          77.6896081,
          12.9553619
        ]
      },
      "id": "node/4824686444"
    },
    {
      "type": "Feature",
      "properties": {
        "@id": "node/4824730263",
        "highway": "traffic_signals",
        "traffic_signals": "signal",
        "traffic_signals:direction": "forward"
      },
      "geometry": {
        "type": "Point",
        "coordinates": [
          77.5493184,
          13.0040949
        ]
      },
      "id": "node/4824730263"
    },
    {
      "type": "Feature",
      "properties": {
        "@id": "node/4829061654",
        "highway": "traffic_signals"
      },
      "geometry": {
        "type": "Point",
        "coordinates": [
          77.5753738,
          12.9367182
        ]
      },
      "id": "node/4829061654"
    },
    {
      "type": "Feature",
      "properties": {
        "@id": "node/4829124449",
        "highway": "traffic_signals",
        "traffic_signals": "signal"
      },
      "geometry": {
        "type": "Point",
        "coordinates": [
          77.579989,
          12.9435458
        ]
      },
      "id": "node/4829124449"
    },
    {
      "type": "Feature",
      "properties": {
        "@id": "node/4829190603",
        "highway": "traffic_signals"
      },
      "geometry": {
        "type": "Point",
        "coordinates": [
          77.5803092,
          12.936466
        ]
      },
      "id": "node/4829190603"
    },
    {
      "type": "Feature",
      "properties": {
        "@id": "node/4830093913",
        "highway": "traffic_signals"
      },
      "geometry": {
        "type": "Point",
        "coordinates": [
          77.5715098,
          12.9391503
        ]
      },
      "id": "node/4830093913"
    },
    {
      "type": "Feature",
      "properties": {
        "@id": "node/4839770850",
        "highway": "traffic_signals",
        "traffic_signals:countdown": "yes"
      },
      "geometry": {
        "type": "Point",
        "coordinates": [
          77.6151746,
          12.9162611
        ]
      },
      "id": "node/4839770850"
    },
    {
      "type": "Feature",
      "properties": {
        "@id": "node/4843481807",
        "highway": "traffic_signals",
        "traffic_signals": "signal"
      },
      "geometry": {
        "type": "Point",
        "coordinates": [
          77.5222791,
          13.0376885
        ]
      },
      "id": "node/4843481807"
    },
    {
      "type": "Feature",
      "properties": {
        "@id": "node/4843481808",
        "highway": "traffic_signals",
        "traffic_signals": "signal"
      },
      "geometry": {
        "type": "Point",
        "coordinates": [
          77.5223884,
          13.0378545
        ]
      },
      "id": "node/4843481808"
    },
    {
      "type": "Feature",
      "properties": {
        "@id": "node/4843481809",
        "highway": "traffic_signals",
        "traffic_signals": "signal"
      },
      "geometry": {
        "type": "Point",
        "coordinates": [
          77.5224241,
          13.0379108
        ]
      },
      "id": "node/4843481809"
    },
    {
      "type": "Feature",
      "properties": {
        "@id": "node/4843481817",
        "highway": "traffic_signals",
        "traffic_signals": "signal"
      },
      "geometry": {
        "type": "Point",
        "coordinates": [
          77.5221843,
          13.0377403
        ]
      },
      "id": "node/4843481817"
    },
    {
      "type": "Feature",
      "properties": {
        "@id": "node/4843481818",
        "highway": "traffic_signals",
        "traffic_signals": "signal"
      },
      "geometry": {
        "type": "Point",
        "coordinates": [
          77.5222885,
          13.0379095
        ]
      },
      "id": "node/4843481818"
    },
    {
      "type": "Feature",
      "properties": {
        "@id": "node/4843631313",
        "highway": "traffic_signals",
        "traffic_signals": "signal"
      },
      "geometry": {
        "type": "Point",
        "coordinates": [
          77.4998542,
          12.9519705
        ]
      },
      "id": "node/4843631313"
    },
    {
      "type": "Feature",
      "properties": {
        "@id": "node/4845178133",
        "highway": "traffic_signals",
        "traffic_signals": "signal"
      },
      "geometry": {
        "type": "Point",
        "coordinates": [
          77.607604,
          12.9441815
        ]
      },
      "id": "node/4845178133"
    },
    {
      "type": "Feature",
      "properties": {
        "@id": "node/4867634826",
        "highway": "traffic_signals",
        "traffic_signals": "signal"
      },
      "geometry": {
        "type": "Point",
        "coordinates": [
          77.5736748,
          12.9294146
        ]
      },
      "id": "node/4867634826"
    },
    {
      "type": "Feature",
      "properties": {
        "@id": "node/4867634836",
        "highway": "traffic_signals"
      },
      "geometry": {
        "type": "Point",
        "coordinates": [
          77.5737275,
          12.9235159
        ]
      },
      "id": "node/4867634836"
    },
    {
      "type": "Feature",
      "properties": {
        "@id": "node/4867634840",
        "highway": "traffic_signals"
      },
      "geometry": {
        "type": "Point",
        "coordinates": [
          77.5735941,
          12.9211576
        ]
      },
      "id": "node/4867634840"
    },
    {
      "type": "Feature",
      "properties": {
        "@id": "node/4867659906",
        "highway": "traffic_signals"
      },
      "geometry": {
        "type": "Point",
        "coordinates": [
          77.573661,
          12.920971
        ]
      },
      "id": "node/4867659906"
    },
    {
      "type": "Feature",
      "properties": {
        "@id": "node/4867659916",
        "highway": "traffic_signals"
      },
      "geometry": {
        "type": "Point",
        "coordinates": [
          77.5736159,
          12.9236898
        ]
      },
      "id": "node/4867659916"
    },
    {
      "type": "Feature",
      "properties": {
        "@id": "node/4867659917",
        "highway": "traffic_signals"
      },
      "geometry": {
        "type": "Point",
        "coordinates": [
          77.5734793,
          12.9236008
        ]
      },
      "id": "node/4867659917"
    },
    {
      "type": "Feature",
      "properties": {
        "@id": "node/4872113219",
        "highway": "traffic_signals",
        "traffic_signals": "signal"
      },
      "geometry": {
        "type": "Point",
        "coordinates": [
          77.5612493,
          12.9264594
        ]
      },
      "id": "node/4872113219"
    },
    {
      "type": "Feature",
      "properties": {
        "@id": "node/4872132537",
        "highway": "traffic_signals",
        "traffic_signals": "signal"
      },
      "geometry": {
        "type": "Point",
        "coordinates": [
          77.5696524,
          12.9155276
        ]
      },
      "id": "node/4872132537"
    },
    {
      "type": "Feature",
      "properties": {
        "@id": "node/4903183638",
        "highway": "traffic_signals"
      },
      "geometry": {
        "type": "Point",
        "coordinates": [
          77.6113958,
          12.9674833
        ]
      },
      "id": "node/4903183638"
    },
    {
      "type": "Feature",
      "properties": {
        "@id": "node/4912560032",
        "highway": "traffic_signals",
        "traffic_signals": "signal"
      },
      "geometry": {
        "type": "Point",
        "coordinates": [
          77.5538815,
          13.0045175
        ]
      },
      "id": "node/4912560032"
    },
    {
      "type": "Feature",
      "properties": {
        "@id": "node/4912560047",
        "highway": "traffic_signals",
        "traffic_signals": "signal"
      },
      "geometry": {
        "type": "Point",
        "coordinates": [
          77.5530431,
          12.9983441
        ]
      },
      "id": "node/4912560047"
    },
    {
      "type": "Feature",
      "properties": {
        "@id": "node/5281839993",
        "highway": "traffic_signals"
      },
      "geometry": {
        "type": "Point",
        "coordinates": [
          77.7581178,
          12.9824943
        ]
      },
      "id": "node/5281839993"
    },
    {
      "type": "Feature",
      "properties": {
        "@id": "node/5346743612",
        "highway": "traffic_signals"
      },
      "geometry": {
        "type": "Point",
        "coordinates": [
          77.6028191,
          12.9445573
        ]
      },
      "id": "node/5346743612"
    },
    {
      "type": "Feature",
      "properties": {
        "@id": "node/5346843765",
        "crossing": "traffic_signals",
        "highway": "traffic_signals"
      },
      "geometry": {
        "type": "Point",
        "coordinates": [
          77.6004298,
          12.9283242
        ]
      },
      "id": "node/5346843765"
    },
    {
      "type": "Feature",
      "properties": {
        "@id": "node/5346843768",
        "highway": "traffic_signals",
        "traffic_signals": "signal"
      },
      "geometry": {
        "type": "Point",
        "coordinates": [
          77.5972149,
          12.928375
        ]
      },
      "id": "node/5346843768"
    },
    {
      "type": "Feature",
      "properties": {
        "@id": "node/5346843769",
        "highway": "traffic_signals",
        "traffic_signals": "signal"
      },
      "geometry": {
        "type": "Point",
        "coordinates": [
          77.5971385,
          12.9283763
        ]
      },
      "id": "node/5346843769"
    },
    {
      "type": "Feature",
      "properties": {
        "@id": "node/5346843788",
        "highway": "traffic_signals",
        "traffic_signals:countdown": "yes"
      },
      "geometry": {
        "type": "Point",
        "coordinates": [
          77.5894331,
          12.917161
        ]
      },
      "id": "node/5346843788"
    },
    {
      "type": "Feature",
      "properties": {
        "@id": "node/5354313548",
        "highway": "traffic_signals"
      },
      "geometry": {
        "type": "Point",
        "coordinates": [
          77.5932548,
          12.9101641
        ]
      },
      "id": "node/5354313548"
    },
    {
      "type": "Feature",
      "properties": {
        "@id": "node/5354313587",
        "highway": "traffic_signals",
        "traffic_signals:countdown": "yes"
      },
      "geometry": {
        "type": "Point",
        "coordinates": [
          77.5951611,
          12.9101695
        ]
      },
      "id": "node/5354313587"
    },
    {
      "type": "Feature",
      "properties": {
        "@id": "node/5354313589",
        "highway": "traffic_signals",
        "traffic_signals:countdown": "yes"
      },
      "geometry": {
        "type": "Point",
        "coordinates": [
          77.595215,
          12.9103882
        ]
      },
      "id": "node/5354313589"
    },
    {
      "type": "Feature",
      "properties": {
        "@id": "node/5354313590",
        "highway": "traffic_signals",
        "traffic_signals:countdown": "yes"
      },
      "geometry": {
        "type": "Point",
        "coordinates": [
          77.5950777,
          12.9102827
        ]
      },
      "id": "node/5354313590"
    },
    {
      "type": "Feature",
      "properties": {
        "@id": "node/5354313604",
        "highway": "traffic_signals"
      },
      "geometry": {
        "type": "Point",
        "coordinates": [
          77.5950388,
          12.9167021
        ]
      },
      "id": "node/5354313604"
    },
    {
      "type": "Feature",
      "properties": {
        "@id": "node/5372295313",
        "highway": "traffic_signals"
      },
      "geometry": {
        "type": "Point",
        "coordinates": [
          77.5823365,
          12.9846845
        ]
      },
      "id": "node/5372295313"
    },
    {
      "type": "Feature",
      "properties": {
        "@id": "node/5372340500",
        "highway": "traffic_signals"
      },
      "geometry": {
        "type": "Point",
        "coordinates": [
          77.6659262,
          12.9209797
        ]
      },
      "id": "node/5372340500"
    },
    {
      "type": "Feature",
      "properties": {
        "@id": "node/5389437924",
        "highway": "traffic_signals",
        "traffic_signals": "signal"
      },
      "geometry": {
        "type": "Point",
        "coordinates": [
          77.6331716,
          12.9299326
        ]
      },
      "id": "node/5389437924"
    },
    {
      "type": "Feature",
      "properties": {
        "@id": "node/5392852814",
        "crossing": "traffic_signals",
        "highway": "traffic_signals",
        "traffic_signals": "signal",
        "traffic_signals:sound": "yes"
      },
      "geometry": {
        "type": "Point",
        "coordinates": [
          77.5659323,
          13.0369592
        ]
      },
      "id": "node/5392852814"
    },
    {
      "type": "Feature",
      "properties": {
        "@id": "node/5558663806",
        "highway": "traffic_signals",
        "traffic_signals": "signal"
      },
      "geometry": {
        "type": "Point",
        "coordinates": [
          77.5887585,
          12.9862701
        ]
      },
      "id": "node/5558663806"
    },
    {
      "type": "Feature",
      "properties": {
        "@id": "node/5558684112",
        "highway": "traffic_signals"
      },
      "geometry": {
        "type": "Point",
        "coordinates": [
          77.5510346,
          12.9979266
        ]
      },
      "id": "node/5558684112"
    },
    {
      "type": "Feature",
      "properties": {
        "@id": "node/5558684129",
        "highway": "traffic_signals",
        "traffic_signals": "signal"
      },
      "geometry": {
        "type": "Point",
        "coordinates": [
          77.5731925,
          12.9786698
        ]
      },
      "id": "node/5558684129"
    },
    {
      "type": "Feature",
      "properties": {
        "@id": "node/5778431791",
        "highway": "traffic_signals",
        "traffic_signals:direction": "forward"
      },
      "geometry": {
        "type": "Point",
        "coordinates": [
          77.6503668,
          12.9244217
        ]
      },
      "id": "node/5778431791"
    },
    {
      "type": "Feature",
      "properties": {
        "@id": "node/5942550424",
        "highway": "traffic_signals",
        "traffic_signals": "junction",
        "traffic_signals:direction": "forward"
      },
      "geometry": {
        "type": "Point",
        "coordinates": [
          77.6334583,
          12.9248418
        ]
      },
      "id": "node/5942550424"
    },
    {
      "type": "Feature",
      "properties": {
        "@id": "node/5942550425",
        "highway": "traffic_signals",
        "traffic_signals": "junction",
        "traffic_signals:direction": "forward"
      },
      "geometry": {
        "type": "Point",
        "coordinates": [
          77.6336178,
          12.9251326
        ]
      },
      "id": "node/5942550425"
    },
    {
      "type": "Feature",
      "properties": {
        "@id": "node/5966255495",
        "highway": "traffic_signals"
      },
      "geometry": {
        "type": "Point",
        "coordinates": [
          77.6335278,
          13.0675878
        ]
      },
      "id": "node/5966255495"
    },
    {
      "type": "Feature",
      "properties": {
        "@id": "node/6033543910",
        "highway": "traffic_signals",
        "traffic_signals": "signal"
      },
      "geometry": {
        "type": "Point",
        "coordinates": [
          77.521822,
          13.0379385
        ]
      },
      "id": "node/6033543910"
    },
    {
      "type": "Feature",
      "properties": {
        "@id": "node/6033543943",
        "highway": "traffic_signals",
        "traffic_signals": "signal"
      },
      "geometry": {
        "type": "Point",
        "coordinates": [
          77.5146345,
          13.0422722
        ]
      },
      "id": "node/6033543943"
    },
    {
      "type": "Feature",
      "properties": {
        "@id": "node/6130580752",
        "highway": "traffic_signals",
        "traffic_signals:countdown": "yes"
      },
      "geometry": {
        "type": "Point",
        "coordinates": [
          77.6461605,
          13.0529557
        ]
      },
      "id": "node/6130580752"
    },
    {
      "type": "Feature",
      "properties": {
        "@id": "node/6131746732",
        "highway": "traffic_signals"
      },
      "geometry": {
        "type": "Point",
        "coordinates": [
          77.6006481,
          13.1036285
        ]
      },
      "id": "node/6131746732"
    },
    {
      "type": "Feature",
      "properties": {
        "@id": "node/6142618373",
        "highway": "traffic_signals",
        "traffic_signals": "signal"
      },
      "geometry": {
        "type": "Point",
        "coordinates": [
          77.626308,
          13.0443433
        ]
      },
      "id": "node/6142618373"
    },
    {
      "type": "Feature",
      "properties": {
        "@id": "node/6142618374",
        "highway": "traffic_signals",
        "traffic_signals": "signal"
      },
      "geometry": {
        "type": "Point",
        "coordinates": [
          77.6263794,
          13.0442829
        ]
      },
      "id": "node/6142618374"
    },
    {
      "type": "Feature",
      "properties": {
        "@id": "node/6144112170",
        "highway": "traffic_signals"
      },
      "geometry": {
        "type": "Point",
        "coordinates": [
          77.512996,
          12.9355069
        ]
      },
      "id": "node/6144112170"
    },
    {
      "type": "Feature",
      "properties": {
        "@id": "node/6197117882",
        "highway": "traffic_signals",
        "traffic_signals": "signal"
      },
      "geometry": {
        "type": "Point",
        "coordinates": [
          77.6228196,
          13.0345791
        ]
      },
      "id": "node/6197117882"
    },
    {
      "type": "Feature",
      "properties": {
        "@id": "node/6341774847",
        "highway": "traffic_signals",
        "traffic_signals": "signal"
      },
      "geometry": {
        "type": "Point",
        "coordinates": [
          77.6201782,
          12.9760152
        ]
      },
      "id": "node/6341774847"
    },
    {
      "type": "Feature",
      "properties": {
        "@id": "node/6341774848",
        "highway": "traffic_signals",
        "traffic_signals": "signal"
      },
      "geometry": {
        "type": "Point",
        "coordinates": [
          77.6203084,
          12.976351
        ]
      },
      "id": "node/6341774848"
    },
    {
      "type": "Feature",
      "properties": {
        "@id": "node/6341774849",
        "highway": "traffic_signals",
        "traffic_signals": "signal"
      },
      "geometry": {
        "type": "Point",
        "coordinates": [
          77.6202451,
          12.9756683
        ]
      },
      "id": "node/6341774849"
    },
    {
      "type": "Feature",
      "properties": {
        "@id": "node/6421171389",
        "highway": "traffic_signals",
        "traffic_signals": "signal"
      },
      "geometry": {
        "type": "Point",
        "coordinates": [
          77.6068671,
          12.9662487
        ]
      },
      "id": "node/6421171389"
    },
    {
      "type": "Feature",
      "properties": {
        "@id": "node/6457608221",
        "highway": "traffic_signals",
        "traffic_signals": "signal"
      },
      "geometry": {
        "type": "Point",
        "coordinates": [
          77.5943951,
          13.0014697
        ]
      },
      "id": "node/6457608221"
    },
    {
      "type": "Feature",
      "properties": {
        "@id": "node/6460998310",
        "highway": "traffic_signals",
        "traffic_signals": "signal",
        "traffic_signals:countdown": "yes"
      },
      "geometry": {
        "type": "Point",
        "coordinates": [
          77.5849613,
          12.9635851
        ]
      },
      "id": "node/6460998310"
    },
    {
      "type": "Feature",
      "properties": {
        "@id": "node/6478194285",
        "highway": "traffic_signals"
      },
      "geometry": {
        "type": "Point",
        "coordinates": [
          77.5609399,
          13.0438281
        ]
      },
      "id": "node/6478194285"
    },
    {
      "type": "Feature",
      "properties": {
        "@id": "node/6528476365",
        "highway": "traffic_signals",
        "traffic_signals": "signal"
      },
      "geometry": {
        "type": "Point",
        "coordinates": [
          77.6255411,
          12.9398742
        ]
      },
      "id": "node/6528476365"
    },
    {
      "type": "Feature",
      "properties": {
        "@id": "node/6536640226",
        "highway": "traffic_signals",
        "traffic_signals": "signal"
      },
      "geometry": {
        "type": "Point",
        "coordinates": [
          77.6254463,
          12.9396995
        ]
      },
      "id": "node/6536640226"
    },
    {
      "type": "Feature",
      "properties": {
        "@id": "node/6681243367",
        "highway": "traffic_signals",
        "traffic_signals": "signal"
      },
      "geometry": {
        "type": "Point",
        "coordinates": [
          77.566273,
          12.9287775
        ]
      },
      "id": "node/6681243367"
    },
    {
      "type": "Feature",
      "properties": {
        "@id": "node/6852266946",
        "highway": "traffic_signals"
      },
      "geometry": {
        "type": "Point",
        "coordinates": [
          77.5601313,
          12.9216826
        ]
      },
      "id": "node/6852266946"
    },
    {
      "type": "Feature",
      "properties": {
        "@id": "node/6885082495",
        "highway": "traffic_signals",
        "traffic_signals": "signal"
      },
      "geometry": {
        "type": "Point",
        "coordinates": [
          77.6322941,
          12.916315
        ]
      },
      "id": "node/6885082495"
    },
    {
      "type": "Feature",
      "properties": {
        "@id": "node/6901338036",
        "highway": "traffic_signals"
      },
      "geometry": {
        "type": "Point",
        "coordinates": [
          77.5951682,
          12.9061811
        ]
      },
      "id": "node/6901338036"
    },
    {
      "type": "Feature",
      "properties": {
        "@id": "node/6901551440",
        "highway": "traffic_signals"
      },
      "geometry": {
        "type": "Point",
        "coordinates": [
          77.6374258,
          12.9829593
        ]
      },
      "id": "node/6901551440"
    },
    {
      "type": "Feature",
      "properties": {
        "@id": "node/6904207706",
        "highway": "traffic_signals",
        "traffic_signals": "signal",
        "traffic_signals:direction": "forward"
      },
      "geometry": {
        "type": "Point",
        "coordinates": [
          77.543358,
          12.9302875
        ]
      },
      "id": "node/6904207706"
    },
    {
      "type": "Feature",
      "properties": {
        "@id": "node/6904207726",
        "highway": "traffic_signals",
        "traffic_signals": "signal"
      },
      "geometry": {
        "type": "Point",
        "coordinates": [
          77.5435386,
          12.9302806
        ]
      },
      "id": "node/6904207726"
    },
    {
      "type": "Feature",
      "properties": {
        "@id": "node/6904892124",
        "highway": "traffic_signals",
        "traffic_signals": "signal"
      },
      "geometry": {
        "type": "Point",
        "coordinates": [
          77.5720638,
          12.9850983
        ]
      },
      "id": "node/6904892124"
    },
    {
      "type": "Feature",
      "properties": {
        "@id": "node/6932109139",
        "highway": "traffic_signals",
        "traffic_signals": "signal"
      },
      "geometry": {
        "type": "Point",
        "coordinates": [
          77.5185469,
          12.9364416
        ]
      },
      "id": "node/6932109139"
    },
    {
      "type": "Feature",
      "properties": {
        "@id": "node/6949633168",
        "highway": "traffic_signals",
        "traffic_signals": "signal"
      },
      "geometry": {
        "type": "Point",
        "coordinates": [
          77.5944124,
          13.0014174
        ]
      },
      "id": "node/6949633168"
    },
    {
      "type": "Feature",
      "properties": {
        "@id": "node/6949633169",
        "highway": "traffic_signals",
        "traffic_signals": "signal"
      },
      "geometry": {
        "type": "Point",
        "coordinates": [
          77.5945315,
          13.0014563
        ]
      },
      "id": "node/6949633169"
    },
    {
      "type": "Feature",
      "properties": {
        "@id": "node/7100612878",
        "highway": "traffic_signals",
        "traffic_signals": "signal"
      },
      "geometry": {
        "type": "Point",
        "coordinates": [
          77.518754,
          12.9584109
        ]
      },
      "id": "node/7100612878"
    },
    {
      "type": "Feature",
      "properties": {
        "@id": "node/7132495604",
        "highway": "traffic_signals"
      },
      "geometry": {
        "type": "Point",
        "coordinates": [
          77.5972439,
          12.9649462
        ]
      },
      "id": "node/7132495604"
    },
    {
      "type": "Feature",
      "properties": {
        "@id": "node/7164445939",
        "highway": "traffic_signals",
        "traffic_signals": "signal"
      },
      "geometry": {
        "type": "Point",
        "coordinates": [
          77.5592119,
          12.9611819
        ]
      },
      "id": "node/7164445939"
    },
    {
      "type": "Feature",
      "properties": {
        "@id": "node/7172895621",
        "highway": "traffic_signals",
        "traffic_signals:countdown": "yes"
      },
      "geometry": {
        "type": "Point",
        "coordinates": [
          77.6415245,
          13.0396028
        ]
      },
      "id": "node/7172895621"
    },
    {
      "type": "Feature",
      "properties": {
        "@id": "node/7172895628",
        "highway": "traffic_signals",
        "traffic_signals:countdown": "yes"
      },
      "geometry": {
        "type": "Point",
        "coordinates": [
          77.6413177,
          13.0395366
        ]
      },
      "id": "node/7172895628"
    },
    {
      "type": "Feature",
      "properties": {
        "@id": "node/7180450199",
        "highway": "traffic_signals",
        "traffic_signals": "signal"
      },
      "geometry": {
        "type": "Point",
        "coordinates": [
          77.5736757,
          12.9294684
        ]
      },
      "id": "node/7180450199"
    },
    {
      "type": "Feature",
      "properties": {
        "@id": "node/7228151804",
        "highway": "traffic_signals",
        "traffic_signals": "signal"
      },
      "geometry": {
        "type": "Point",
        "coordinates": [
          77.5571499,
          13.0436301
        ]
      },
      "id": "node/7228151804"
    },
    {
      "type": "Feature",
      "properties": {
        "@id": "node/7228151805",
        "highway": "traffic_signals",
        "traffic_signals": "signal"
      },
      "geometry": {
        "type": "Point",
        "coordinates": [
          77.5570506,
          13.0440493
        ]
      },
      "id": "node/7228151805"
    },
    {
      "type": "Feature",
      "properties": {
        "@id": "node/7235029649",
        "highway": "traffic_signals"
      },
      "geometry": {
        "type": "Point",
        "coordinates": [
          77.5930392,
          13.025067
        ]
      },
      "id": "node/7235029649"
    },
    {
      "type": "Feature",
      "properties": {
        "@id": "node/7257695672",
        "highway": "traffic_signals",
        "traffic_signals": "signal"
      },
      "geometry": {
        "type": "Point",
        "coordinates": [
          77.5725927,
          13.0146854
        ]
      },
      "id": "node/7257695672"
    },
    {
      "type": "Feature",
      "properties": {
        "@id": "node/7265495336",
        "highway": "traffic_signals",
        "traffic_signals": "signal"
      },
      "geometry": {
        "type": "Point",
        "coordinates": [
          77.6329605,
          12.9298394
        ]
      },
      "id": "node/7265495336"
    },
    {
      "type": "Feature",
      "properties": {
        "@id": "node/7276500322",
        "highway": "traffic_signals",
        "traffic_signals": "signal"
      },
      "geometry": {
        "type": "Point",
        "coordinates": [
          77.5822694,
          12.9843822
        ]
      },
      "id": "node/7276500322"
    },
    {
      "type": "Feature",
      "properties": {
        "@id": "node/7280461398",
        "highway": "traffic_signals"
      },
      "geometry": {
        "type": "Point",
        "coordinates": [
          77.5933823,
          13.0054785
        ]
      },
      "id": "node/7280461398"
    },
    {
      "type": "Feature",
      "properties": {
        "@id": "node/7287467677",
        "highway": "traffic_signals"
      },
      "geometry": {
        "type": "Point",
        "coordinates": [
          77.5763821,
          12.9236128
        ]
      },
      "id": "node/7287467677"
    },
    {
      "type": "Feature",
      "properties": {
        "@id": "node/7287571767",
        "highway": "traffic_signals",
        "traffic_signals:direction": "backward"
      },
      "geometry": {
        "type": "Point",
        "coordinates": [
          77.5968525,
          12.9166344
        ]
      },
      "id": "node/7287571767"
    },
    {
      "type": "Feature",
      "properties": {
        "@id": "node/7287571768",
        "highway": "traffic_signals"
      },
      "geometry": {
        "type": "Point",
        "coordinates": [
          77.5950759,
          12.9169701
        ]
      },
      "id": "node/7287571768"
    },
    {
      "type": "Feature",
      "properties": {
        "@id": "node/7287984425",
        "highway": "traffic_signals",
        "traffic_signals": "signal"
      },
      "geometry": {
        "type": "Point",
        "coordinates": [
          77.576133,
          12.9308255
        ]
      },
      "id": "node/7287984425"
    },
    {
      "type": "Feature",
      "properties": {
        "@id": "node/7287984426",
        "highway": "traffic_signals",
        "traffic_signals": "signal"
      },
      "geometry": {
        "type": "Point",
        "coordinates": [
          77.5762084,
          12.9308245
        ]
      },
      "id": "node/7287984426"
    },
    {
      "type": "Feature",
      "properties": {
        "@id": "node/7287984441",
        "highway": "traffic_signals",
        "traffic_signals": "signal"
      },
      "geometry": {
        "type": "Point",
        "coordinates": [
          77.5761017,
          12.9309086
        ]
      },
      "id": "node/7287984441"
    },
    {
      "type": "Feature",
      "properties": {
        "@id": "node/7287984471",
        "highway": "traffic_signals",
        "traffic_signals": "signal"
      },
      "geometry": {
        "type": "Point",
        "coordinates": [
          77.5761169,
          12.9235589
        ]
      },
      "id": "node/7287984471"
    },
    {
      "type": "Feature",
      "properties": {
        "@id": "node/7287984479",
        "highway": "traffic_signals"
      },
      "geometry": {
        "type": "Point",
        "coordinates": [
          77.5743412,
          12.9209145
        ]
      },
      "id": "node/7287984479"
    },
    {
      "type": "Feature",
      "properties": {
        "@id": "node/7289130033",
        "highway": "traffic_signals",
        "traffic_signals": "signal"
      },
      "geometry": {
        "type": "Point",
        "coordinates": [
          77.4852728,
          12.9246736
        ]
      },
      "id": "node/7289130033"
    },
    {
      "type": "Feature",
      "properties": {
        "@id": "node/7290547276",
        "highway": "traffic_signals",
        "traffic_signals": "signal"
      },
      "geometry": {
        "type": "Point",
        "coordinates": [
          77.5837206,
          12.930819
        ]
      },
      "id": "node/7290547276"
    },
    {
      "type": "Feature",
      "properties": {
        "@id": "node/7290547278",
        "highway": "traffic_signals"
      },
      "geometry": {
        "type": "Point",
        "coordinates": [
          77.5840598,
          12.9328967
        ]
      },
      "id": "node/7290547278"
    },
    {
      "type": "Feature",
      "properties": {
        "@id": "node/7290764570",
        "highway": "traffic_signals",
        "traffic_signals": "signal"
      },
      "geometry": {
        "type": "Point",
        "coordinates": [
          77.5971407,
          12.928454
        ]
      },
      "id": "node/7290764570"
    },
    {
      "type": "Feature",
      "properties": {
        "@id": "node/7291335557",
        "highway": "traffic_signals",
        "traffic_signals": "signal"
      },
      "geometry": {
        "type": "Point",
        "coordinates": [
          77.6005903,
          12.9283223
        ]
      },
      "id": "node/7291335557"
    },
    {
      "type": "Feature",
      "properties": {
        "@id": "node/7291578193",
        "highway": "traffic_signals"
      },
      "geometry": {
        "type": "Point",
        "coordinates": [
          77.5633357,
          12.8895987
        ]
      },
      "id": "node/7291578193"
    },
    {
      "type": "Feature",
      "properties": {
        "@id": "node/7358777736",
        "highway": "traffic_signals",
        "traffic_signals:direction": "forward"
      },
      "geometry": {
        "type": "Point",
        "coordinates": [
          77.4990509,
          12.9071443
        ]
      },
      "id": "node/7358777736"
    },
    {
      "type": "Feature",
      "properties": {
        "@id": "node/7374276349",
        "highway": "traffic_signals",
        "traffic_signals": "signal",
        "traffic_signals:direction": "forward"
      },
      "geometry": {
        "type": "Point",
        "coordinates": [
          77.5457458,
          12.8795037
        ]
      },
      "id": "node/7374276349"
    },
    {
      "type": "Feature",
      "properties": {
        "@id": "node/7374276363",
        "highway": "traffic_signals",
        "traffic_signals": "signal",
        "traffic_signals:direction": "forward"
      },
      "geometry": {
        "type": "Point",
        "coordinates": [
          77.5487601,
          12.8834486
        ]
      },
      "id": "node/7374276363"
    },
    {
      "type": "Feature",
      "properties": {
        "@id": "node/7384187432",
        "highway": "traffic_signals",
        "traffic_signals": "signal"
      },
      "geometry": {
        "type": "Point",
        "coordinates": [
          77.6554248,
          13.0188998
        ]
      },
      "id": "node/7384187432"
    },
    {
      "type": "Feature",
      "properties": {
        "@id": "node/7384187433",
        "highway": "traffic_signals",
        "traffic_signals": "signal"
      },
      "geometry": {
        "type": "Point",
        "coordinates": [
          77.655581,
          13.0192621
        ]
      },
      "id": "node/7384187433"
    },
    {
      "type": "Feature",
      "properties": {
        "@id": "node/7404474556",
        "highway": "traffic_signals",
        "traffic_signals": "signal"
      },
      "geometry": {
        "type": "Point",
        "coordinates": [
          77.6637365,
          13.0287432
        ]
      },
      "id": "node/7404474556"
    },
    {
      "type": "Feature",
      "properties": {
        "@id": "node/7466248765",
        "highway": "traffic_signals",
        "traffic_signals": "signal"
      },
      "geometry": {
        "type": "Point",
        "coordinates": [
          77.6104465,
          12.8928284
        ]
      },
      "id": "node/7466248765"
    },
    {
      "type": "Feature",
      "properties": {
        "@id": "node/7484168009",
        "highway": "traffic_signals",
        "traffic_signals": "signal"
      },
      "geometry": {
        "type": "Point",
        "coordinates": [
          77.5736204,
          12.9294738
        ]
      },
      "id": "node/7484168009"
    },
    {
      "type": "Feature",
      "properties": {
        "@id": "node/7485457399",
        "highway": "traffic_signals",
        "traffic_signals": "signal"
      },
      "geometry": {
        "type": "Point",
        "coordinates": [
          77.6621283,
          13.0129337
        ]
      },
      "id": "node/7485457399"
    },
    {
      "type": "Feature",
      "properties": {
        "@id": "node/7485457400",
        "highway": "traffic_signals",
        "traffic_signals": "signal"
      },
      "geometry": {
        "type": "Point",
        "coordinates": [
          77.6625191,
          13.0131296
        ]
      },
      "id": "node/7485457400"
    },
    {
      "type": "Feature",
      "properties": {
        "@id": "node/7617898611",
        "highway": "traffic_signals",
        "traffic_signals": "signal",
        "traffic_signals:direction": "backward"
      },
      "geometry": {
        "type": "Point",
        "coordinates": [
          77.6097703,
          12.9928543
        ]
      },
      "id": "node/7617898611"
    },
    {
      "type": "Feature",
      "properties": {
        "@id": "node/7686283259",
        "highway": "traffic_signals"
      },
      "geometry": {
        "type": "Point",
        "coordinates": [
          77.6139762,
          12.9736464
        ]
      },
      "id": "node/7686283259"
    },
    {
      "type": "Feature",
      "properties": {
        "@id": "node/8504197414",
        "highway": "traffic_signals"
      },
      "geometry": {
        "type": "Point",
        "coordinates": [
          77.5886256,
          12.9846024
        ]
      },
      "id": "node/8504197414"
    },
    {
      "type": "Feature",
      "properties": {
        "@id": "node/9140200248",
        "highway": "traffic_signals"
      },
      "geometry": {
        "type": "Point",
        "coordinates": [
          77.581719,
          12.9729291
        ]
      },
      "id": "node/9140200248"
    },
    {
      "type": "Feature",
      "properties": {
        "@id": "node/9339539331",
        "highway": "traffic_signals"
      },
      "geometry": {
        "type": "Point",
        "coordinates": [
          77.5435419,
          12.9305792
        ]
      },
      "id": "node/9339539331"
    },
    {
      "type": "Feature",
      "properties": {
        "@id": "node/9506746892",
        "highway": "traffic_signals",
        "traffic_signals": "signal"
      },
      "geometry": {
        "type": "Point",
        "coordinates": [
          77.6152112,
          12.9292918
        ]
      },
      "id": "node/9506746892"
    },
    {
      "type": "Feature",
      "properties": {
        "@id": "node/9507354636",
        "highway": "traffic_signals",
        "traffic_signals": "signal"
      },
      "geometry": {
        "type": "Point",
        "coordinates": [
          77.6244008,
          13.0400826
        ]
      },
      "id": "node/9507354636"
    },
    {
      "type": "Feature",
      "properties": {
        "@id": "node/9603588754",
        "highway": "traffic_signals"
      },
      "geometry": {
        "type": "Point",
        "coordinates": [
          77.5374297,
          12.9878295
        ]
      },
      "id": "node/9603588754"
    },
    {
      "type": "Feature",
      "properties": {
        "@id": "node/9629025771",
        "highway": "traffic_signals"
      },
      "geometry": {
        "type": "Point",
        "coordinates": [
          77.5819718,
          12.9794664
        ]
      },
      "id": "node/9629025771"
    },
    {
      "type": "Feature",
      "properties": {
        "@id": "node/9691908031",
        "highway": "traffic_signals",
        "traffic_signals": "signal"
      },
      "geometry": {
        "type": "Point",
        "coordinates": [
          77.5072484,
          13.0454607
        ]
      },
      "id": "node/9691908031"
    },
    {
      "type": "Feature",
      "properties": {
        "@id": "node/9691908032",
        "highway": "traffic_signals",
        "traffic_signals": "signal"
      },
      "geometry": {
        "type": "Point",
        "coordinates": [
          77.507267,
          13.0454997
        ]
      },
      "id": "node/9691908032"
    },
    {
      "type": "Feature",
      "properties": {
        "@id": "node/9691908049",
        "highway": "traffic_signals",
        "traffic_signals": "signal"
      },
      "geometry": {
        "type": "Point",
        "coordinates": [
          77.5072593,
          13.0566128
        ]
      },
      "id": "node/9691908049"
    },
    {
      "type": "Feature",
      "properties": {
        "@id": "node/9695761624",
        "highway": "traffic_signals"
      },
      "geometry": {
        "type": "Point",
        "coordinates": [
          77.5862862,
          13.1022736
        ]
      },
      "id": "node/9695761624"
    },
    {
      "type": "Feature",
      "properties": {
        "@id": "node/9713504810",
        "highway": "traffic_signals"
      },
      "geometry": {
        "type": "Point",
        "coordinates": [
          77.5713221,
          13.0282756
        ]
      },
      "id": "node/9713504810"
    },
    {
      "type": "Feature",
      "properties": {
        "@id": "node/9817001114",
        "highway": "traffic_signals",
        "traffic_signals": "signal"
      },
      "geometry": {
        "type": "Point",
        "coordinates": [
          77.5640809,
          13.0393364
        ]
      },
      "id": "node/9817001114"
    },
    {
      "type": "Feature",
      "properties": {
        "@id": "node/9820351002",
        "highway": "traffic_signals",
        "traffic_signals": "signal"
      },
      "geometry": {
        "type": "Point",
        "coordinates": [
          77.6533235,
          12.8700468
        ]
      },
      "id": "node/9820351002"
    },
    {
      "type": "Feature",
      "properties": {
        "@id": "node/9820351003",
        "highway": "traffic_signals",
        "traffic_signals": "signal"
      },
      "geometry": {
        "type": "Point",
        "coordinates": [
          77.6535236,
          12.8700093
        ]
      },
      "id": "node/9820351003"
    },
    {
      "type": "Feature",
      "properties": {
        "@id": "node/9843291185",
        "highway": "traffic_signals",
        "traffic_signals": "signal"
      },
      "geometry": {
        "type": "Point",
        "coordinates": [
          77.7150315,
          12.9557708
        ]
      },
      "id": "node/9843291185"
    },
    {
      "type": "Feature",
      "properties": {
        "@id": "node/9844475372",
        "button_operated": "no",
        "highway": "traffic_signals",
        "red_turn:right:bicycle": "no",
        "red_turn:straight:bicycle": "no",
        "traffic_signals": "signal",
        "traffic_signals:direction": "forward"
      },
      "geometry": {
        "type": "Point",
        "coordinates": [
          77.6954445,
          12.9393719
        ]
      },
      "id": "node/9844475372"
    },
    {
      "type": "Feature",
      "properties": {
        "@id": "node/9844475373",
        "button_operated": "no",
        "highway": "traffic_signals",
        "red_turn:right:bicycle": "no",
        "red_turn:straight:bicycle": "no",
        "traffic_signals": "signal",
        "traffic_signals:direction": "forward"
      },
      "geometry": {
        "type": "Point",
        "coordinates": [
          77.6949651,
          12.9394618
        ]
      },
      "id": "node/9844475373"
    },
    {
      "type": "Feature",
      "properties": {
        "@id": "node/9846344721",
        "highway": "traffic_signals"
      },
      "geometry": {
        "type": "Point",
        "coordinates": [
          77.6492467,
          12.9597159
        ]
      },
      "id": "node/9846344721"
    },
    {
      "type": "Feature",
      "properties": {
        "@id": "node/9857144282",
        "highway": "traffic_signals",
        "traffic_signals": "signal"
      },
      "geometry": {
        "type": "Point",
        "coordinates": [
          77.6518465,
          12.9242242
        ]
      },
      "id": "node/9857144282"
    },
    {
      "type": "Feature",
      "properties": {
        "@id": "node/9857144283",
        "highway": "traffic_signals",
        "traffic_signals": "signal"
      },
      "geometry": {
        "type": "Point",
        "coordinates": [
          77.6516743,
          12.9242955
        ]
      },
      "id": "node/9857144283"
    },
    {
      "type": "Feature",
      "properties": {
        "@id": "node/9880815311",
        "highway": "traffic_signals",
        "traffic_signals": "signal"
      },
      "geometry": {
        "type": "Point",
        "coordinates": [
          77.5943934,
          13.0952044
        ]
      },
      "id": "node/9880815311"
    },
    {
      "type": "Feature",
      "properties": {
        "@id": "node/9930000954",
        "highway": "traffic_signals",
        "traffic_signals": "signal",
        "traffic_signals:direction": "forward"
      },
      "geometry": {
        "type": "Point",
        "coordinates": [
          77.5996658,
          12.9904853
        ]
      },
      "id": "node/9930000954"
    },
    {
      "type": "Feature",
      "properties": {
        "@id": "node/9930001009",
        "highway": "traffic_signals",
        "traffic_signals": "signal"
      },
      "geometry": {
        "type": "Point",
        "coordinates": [
          77.5817433,
          12.9794981
        ]
      },
      "id": "node/9930001009"
    },
    {
      "type": "Feature",
      "properties": {
        "@id": "node/9932318844",
        "highway": "traffic_signals",
        "traffic_signals": "signal"
      },
      "geometry": {
        "type": "Point",
        "coordinates": [
          77.7116295,
          12.9727556
        ]
      },
      "id": "node/9932318844"
    },
    {
      "type": "Feature",
      "properties": {
        "@id": "node/9933265932",
        "highway": "traffic_signals",
        "traffic_signals": "signal"
      },
      "geometry": {
        "type": "Point",
        "coordinates": [
          77.6063014,
          12.9682673
        ]
      },
      "id": "node/9933265932"
    },
    {
      "type": "Feature",
      "properties": {
        "@id": "node/9935424308",
        "highway": "traffic_signals"
      },
      "geometry": {
        "type": "Point",
        "coordinates": [
          77.5651616,
          13.0055678
        ]
      },
      "id": "node/9935424308"
    },
    {
      "type": "Feature",
      "properties": {
        "@id": "node/9938657075",
        "highway": "traffic_signals",
        "traffic_signals": "signal"
      },
      "geometry": {
        "type": "Point",
        "coordinates": [
          77.5895917,
          12.9956077
        ]
      },
      "id": "node/9938657075"
    },
    {
      "type": "Feature",
      "properties": {
        "@id": "node/9939398569",
        "highway": "traffic_signals",
        "traffic_signals": "signal"
      },
      "geometry": {
        "type": "Point",
        "coordinates": [
          77.5698151,
          12.9641286
        ]
      },
      "id": "node/9939398569"
    },
    {
      "type": "Feature",
      "properties": {
        "@id": "node/9939398599",
        "highway": "traffic_signals",
        "traffic_signals": "signal"
      },
      "geometry": {
        "type": "Point",
        "coordinates": [
          77.5696055,
          12.9640617
        ]
      },
      "id": "node/9939398599"
    },
    {
      "type": "Feature",
      "properties": {
        "@id": "node/9939407828",
        "highway": "traffic_signals",
        "traffic_signals": "signal"
      },
      "geometry": {
        "type": "Point",
        "coordinates": [
          77.5695538,
          12.9641751
        ]
      },
      "id": "node/9939407828"
    },
    {
      "type": "Feature",
      "properties": {
        "@id": "node/9951192668",
        "highway": "traffic_signals",
        "traffic_signals": "signal"
      },
      "geometry": {
        "type": "Point",
        "coordinates": [
          77.7115623,
          12.9724014
        ]
      },
      "id": "node/9951192668"
    },
    {
      "type": "Feature",
      "properties": {
        "@id": "node/9952997318",
        "highway": "traffic_signals",
        "traffic_signals": "signal",
        "traffic_signals:countdown": "yes"
      },
      "geometry": {
        "type": "Point",
        "coordinates": [
          77.5855087,
          12.9640306
        ]
      },
      "id": "node/9952997318"
    },
    {
      "type": "Feature",
      "properties": {
        "@id": "node/9953892391",
        "highway": "traffic_signals",
        "traffic_signals": "signal"
      },
      "geometry": {
        "type": "Point",
        "coordinates": [
          77.7145709,
          12.9560443
        ]
      },
      "id": "node/9953892391"
    },
    {
      "type": "Feature",
      "properties": {
        "@id": "node/9953892394",
        "highway": "traffic_signals",
        "traffic_signals": "signal"
      },
      "geometry": {
        "type": "Point",
        "coordinates": [
          77.7149403,
          12.9561766
        ]
      },
      "id": "node/9953892394"
    },
    {
      "type": "Feature",
      "properties": {
        "@id": "node/9953892395",
        "highway": "traffic_signals",
        "traffic_signals": "signal"
      },
      "geometry": {
        "type": "Point",
        "coordinates": [
          77.7147636,
          12.9556991
        ]
      },
      "id": "node/9953892395"
    },
    {
      "type": "Feature",
      "properties": {
        "@id": "node/9982048435",
        "highway": "traffic_signals",
        "traffic_signals:countdown": "yes"
      },
      "geometry": {
        "type": "Point",
        "coordinates": [
          77.7679713,
          12.983426
        ]
      },
      "id": "node/9982048435"
    },
    {
      "type": "Feature",
      "properties": {
        "@id": "node/9984551452",
        "highway": "traffic_signals",
        "traffic_signals": "signal"
      },
      "geometry": {
        "type": "Point",
        "coordinates": [
          77.6111055,
          12.9741929
        ]
      },
      "id": "node/9984551452"
    },
    {
      "type": "Feature",
      "properties": {
        "@id": "node/10001161216",
        "camera:mount": "pole",
        "camera:type": "dome",
        "highway": "traffic_signals",
        "surveillance": "public",
        "surveillance:zone": "area",
        "traffic_signals": "signal"
      },
      "geometry": {
        "type": "Point",
        "coordinates": [
          77.5871148,
          12.9679224
        ]
      },
      "id": "node/10001161216"
    },
    {
      "type": "Feature",
      "properties": {
        "@id": "node/10003979594",
        "highway": "traffic_signals",
        "traffic_signals": "signal"
      },
      "geometry": {
        "type": "Point",
        "coordinates": [
          77.5788804,
          13.006527
        ]
      },
      "id": "node/10003979594"
    },
    {
      "type": "Feature",
      "properties": {
        "@id": "node/10003979595",
        "highway": "traffic_signals",
        "traffic_signals": "signal"
      },
      "geometry": {
        "type": "Point",
        "coordinates": [
          77.5786862,
          13.0065399
        ]
      },
      "id": "node/10003979595"
    },
    {
      "type": "Feature",
      "properties": {
        "@id": "node/10003979596",
        "highway": "traffic_signals",
        "traffic_signals": "signal"
      },
      "geometry": {
        "type": "Point",
        "coordinates": [
          77.5786367,
          13.0063819
        ]
      },
      "id": "node/10003979596"
    },
    {
      "type": "Feature",
      "properties": {
        "@id": "node/10005593343",
        "highway": "traffic_signals",
        "traffic_signals": "signal"
      },
      "geometry": {
        "type": "Point",
        "coordinates": [
          77.5387469,
          12.9729382
        ]
      },
      "id": "node/10005593343"
    },
    {
      "type": "Feature",
      "properties": {
        "@id": "node/10005593344",
        "highway": "traffic_signals",
        "traffic_signals": "signal"
      },
      "geometry": {
        "type": "Point",
        "coordinates": [
          77.5384684,
          12.9728978
        ]
      },
      "id": "node/10005593344"
    },
    {
      "type": "Feature",
      "properties": {
        "@id": "node/10010955383",
        "highway": "traffic_signals",
        "traffic_signals": "signal"
      },
      "geometry": {
        "type": "Point",
        "coordinates": [
          77.5591301,
          12.9613476
        ]
      },
      "id": "node/10010955383"
    },
    {
      "type": "Feature",
      "properties": {
        "@id": "node/10010955384",
        "highway": "traffic_signals",
        "traffic_signals": "signal"
      },
      "geometry": {
        "type": "Point",
        "coordinates": [
          77.5591051,
          12.9611584
        ]
      },
      "id": "node/10010955384"
    },
    {
      "type": "Feature",
      "properties": {
        "@id": "node/10015684285",
        "highway": "traffic_signals",
        "traffic_signals": "signal",
        "traffic_signals:direction": "forward"
      },
      "geometry": {
        "type": "Point",
        "coordinates": [
          77.5711031,
          12.9798845
        ]
      },
      "id": "node/10015684285"
    },
    {
      "type": "Feature",
      "properties": {
        "@id": "node/10016225617",
        "crossing": "traffic_signals",
        "crossing:markings": "zebra",
        "highway": "traffic_signals"
      },
      "geometry": {
        "type": "Point",
        "coordinates": [
          77.5970329,
          12.9809221
        ]
      },
      "id": "node/10016225617"
    },
    {
      "type": "Feature",
      "properties": {
        "@id": "node/10016346057",
        "highway": "traffic_signals",
        "traffic_signals": "signal"
      },
      "geometry": {
        "type": "Point",
        "coordinates": [
          77.6019032,
          12.97673
        ]
      },
      "id": "node/10016346057"
    },
    {
      "type": "Feature",
      "properties": {
        "@id": "node/10020359439",
        "highway": "traffic_signals",
        "traffic_signals": "signal"
      },
      "geometry": {
        "type": "Point",
        "coordinates": [
          77.6110962,
          12.967503
        ]
      },
      "id": "node/10020359439"
    },
    {
      "type": "Feature",
      "properties": {
        "@id": "node/10035532963",
        "highway": "traffic_signals",
        "traffic_signals": "signal"
      },
      "geometry": {
        "type": "Point",
        "coordinates": [
          77.573267,
          12.9787401
        ]
      },
      "id": "node/10035532963"
    },
    {
      "type": "Feature",
      "properties": {
        "@id": "node/10043357419",
        "highway": "traffic_signals",
        "traffic_signals": "signal"
      },
      "geometry": {
        "type": "Point",
        "coordinates": [
          77.6150337,
          12.929752
        ]
      },
      "id": "node/10043357419"
    },
    {
      "type": "Feature",
      "properties": {
        "@id": "node/10043357421",
        "highway": "traffic_signals",
        "traffic_signals": "signal"
      },
      "geometry": {
        "type": "Point",
        "coordinates": [
          77.6050439,
          12.9526332
        ]
      },
      "id": "node/10043357421"
    },
    {
      "type": "Feature",
      "properties": {
        "@id": "node/10043357423",
        "highway": "traffic_signals",
        "traffic_signals": "signal"
      },
      "geometry": {
        "type": "Point",
        "coordinates": [
          77.6067892,
          12.9663803
        ]
      },
      "id": "node/10043357423"
    },
    {
      "type": "Feature",
      "properties": {
        "@id": "node/10068662144",
        "highway": "traffic_signals",
        "traffic_signals": "signal",
        "traffic_signals:direction": "backward"
      },
      "geometry": {
        "type": "Point",
        "coordinates": [
          77.6328208,
          12.9383568
        ]
      },
      "id": "node/10068662144"
    },
    {
      "type": "Feature",
      "properties": {
        "@id": "node/10068662145",
        "highway": "traffic_signals",
        "traffic_signals": "signal",
        "traffic_signals:direction": "forward"
      },
      "geometry": {
        "type": "Point",
        "coordinates": [
          77.6326356,
          12.9386664
        ]
      },
      "id": "node/10068662145"
    },
    {
      "type": "Feature",
      "properties": {
        "@id": "node/10068956785",
        "highway": "traffic_signals",
        "traffic_signals": "signal"
      },
      "geometry": {
        "type": "Point",
        "coordinates": [
          77.6123554,
          12.9342159
        ]
      },
      "id": "node/10068956785"
    },
    {
      "type": "Feature",
      "properties": {
        "@id": "node/10068956821",
        "highway": "traffic_signals",
        "traffic_signals": "signal"
      },
      "geometry": {
        "type": "Point",
        "coordinates": [
          77.6152156,
          12.9358762
        ]
      },
      "id": "node/10068956821"
    },
    {
      "type": "Feature",
      "properties": {
        "@id": "node/10072942642",
        "highway": "traffic_signals",
        "traffic_signals": "signal"
      },
      "geometry": {
        "type": "Point",
        "coordinates": [
          77.6100369,
          12.913959
        ]
      },
      "id": "node/10072942642"
    },
    {
      "type": "Feature",
      "properties": {
        "@id": "node/10072942645",
        "highway": "traffic_signals",
        "traffic_signals": "signal"
      },
      "geometry": {
        "type": "Point",
        "coordinates": [
          77.6101028,
          12.9140121
        ]
      },
      "id": "node/10072942645"
    },
    {
      "type": "Feature",
      "properties": {
        "@id": "node/10120941856",
        "highway": "traffic_signals",
        "traffic_signals": "signal"
      },
      "geometry": {
        "type": "Point",
        "coordinates": [
          77.6061958,
          12.9680656
        ]
      },
      "id": "node/10120941856"
    },
    {
      "type": "Feature",
      "properties": {
        "@id": "node/10121050218",
        "highway": "traffic_signals",
        "traffic_signals": "signal"
      },
      "geometry": {
        "type": "Point",
        "coordinates": [
          77.5956143,
          12.9832923
        ]
      },
      "id": "node/10121050218"
    },
    {
      "type": "Feature",
      "properties": {
        "@id": "node/10121158786",
        "highway": "traffic_signals",
        "traffic_signals": "signal"
      },
      "geometry": {
        "type": "Point",
        "coordinates": [
          77.577043,
          12.9805134
        ]
      },
      "id": "node/10121158786"
    },
    {
      "type": "Feature",
      "properties": {
        "@id": "node/10123663920",
        "highway": "traffic_signals"
      },
      "geometry": {
        "type": "Point",
        "coordinates": [
          77.6102419,
          12.9809149
        ]
      },
      "id": "node/10123663920"
    },
    {
      "type": "Feature",
      "properties": {
        "@id": "node/10123826914",
        "highway": "traffic_signals",
        "traffic_signals": "signal"
      },
      "geometry": {
        "type": "Point",
        "coordinates": [
          77.5909308,
          12.9775599
        ]
      },
      "id": "node/10123826914"
    },
    {
      "type": "Feature",
      "properties": {
        "@id": "node/10156396908",
        "highway": "traffic_signals",
        "traffic_signals": "signal"
      },
      "geometry": {
        "type": "Point",
        "coordinates": [
          77.5219426,
          13.038175
        ]
      },
      "id": "node/10156396908"
    },
    {
      "type": "Feature",
      "properties": {
        "@id": "node/10187842628",
        "highway": "traffic_signals",
        "traffic_signals": "signal"
      },
      "geometry": {
        "type": "Point",
        "coordinates": [
          77.6218381,
          13.03192
        ]
      },
      "id": "node/10187842628"
    },
    {
      "type": "Feature",
      "properties": {
        "@id": "node/10196262521",
        "highway": "traffic_signals",
        "traffic_signals": "signal"
      },
      "geometry": {
        "type": "Point",
        "coordinates": [
          77.6836675,
          12.9111422
        ]
      },
      "id": "node/10196262521"
    },
    {
      "type": "Feature",
      "properties": {
        "@id": "node/10231033892",
        "highway": "traffic_signals"
      },
      "geometry": {
        "type": "Point",
        "coordinates": [
          77.5783155,
          12.9744196
        ]
      },
      "id": "node/10231033892"
    },
    {
      "type": "Feature",
      "properties": {
        "@id": "node/10274836884",
        "highway": "traffic_signals",
        "traffic_signals": "signal"
      },
      "geometry": {
        "type": "Point",
        "coordinates": [
          77.5073415,
          13.0451542
        ]
      },
      "id": "node/10274836884"
    },
    {
      "type": "Feature",
      "properties": {
        "@id": "node/10274940012",
        "highway": "traffic_signals",
        "traffic_signals": "signal"
      },
      "geometry": {
        "type": "Point",
        "coordinates": [
          77.5033502,
          13.0666816
        ]
      },
      "id": "node/10274940012"
    },
    {
      "type": "Feature",
      "properties": {
        "@id": "node/10282769898",
        "highway": "traffic_signals"
      },
      "geometry": {
        "type": "Point",
        "coordinates": [
          77.6202306,
          12.9213128
        ]
      },
      "id": "node/10282769898"
    },
    {
      "type": "Feature",
      "properties": {
        "@id": "node/10284348022",
        "highway": "traffic_signals",
        "traffic_signals": "signal"
      },
      "geometry": {
        "type": "Point",
        "coordinates": [
          77.6332856,
          12.9298091
        ]
      },
      "id": "node/10284348022"
    },
    {
      "type": "Feature",
      "properties": {
        "@id": "node/10284348038",
        "highway": "traffic_signals",
        "traffic_signals": "signal"
      },
      "geometry": {
        "type": "Point",
        "coordinates": [
          77.6073719,
          12.9440489
        ]
      },
      "id": "node/10284348038"
    },
    {
      "type": "Feature",
      "properties": {
        "@id": "node/10289145756",
        "highway": "traffic_signals"
      },
      "geometry": {
        "type": "Point",
        "coordinates": [
          77.5922039,
          12.9558168
        ]
      },
      "id": "node/10289145756"
    },
    {
      "type": "Feature",
      "properties": {
        "@id": "node/10291078965",
        "highway": "traffic_signals"
      },
      "geometry": {
        "type": "Point",
        "coordinates": [
          77.6450999,
          12.9855192
        ]
      },
      "id": "node/10291078965"
    },
    {
      "type": "Feature",
      "properties": {
        "@id": "node/10560858053",
        "highway": "traffic_signals"
      },
      "geometry": {
        "type": "Point",
        "coordinates": [
          77.6193087,
          12.9726391
        ]
      },
      "id": "node/10560858053"
    },
    {
      "type": "Feature",
      "properties": {
        "@id": "node/10585575510",
        "highway": "traffic_signals",
        "traffic_signals:countdown": "yes"
      },
      "geometry": {
        "type": "Point",
        "coordinates": [
          77.6414418,
          13.0393549
        ]
      },
      "id": "node/10585575510"
    },
    {
      "type": "Feature",
      "properties": {
        "@id": "node/10678693502",
        "highway": "traffic_signals",
        "traffic_signals": "signal"
      },
      "geometry": {
        "type": "Point",
        "coordinates": [
          77.7162864,
          12.9924741
        ]
      },
      "id": "node/10678693502"
    },
    {
      "type": "Feature",
      "properties": {
        "@id": "node/10684982315",
        "crossing": "traffic_signals",
        "highway": "traffic_signals",
        "traffic_signals": "signal",
        "traffic_signals:sound": "yes"
      },
      "geometry": {
        "type": "Point",
        "coordinates": [
          77.5659484,
          13.0370702
        ]
      },
      "id": "node/10684982315"
    },
    {
      "type": "Feature",
      "properties": {
        "@id": "node/10684982316",
        "crossing": "traffic_signals",
        "highway": "traffic_signals",
        "traffic_signals": "signal",
        "traffic_signals:sound": "yes"
      },
      "geometry": {
        "type": "Point",
        "coordinates": [
          77.5658846,
          13.0370192
        ]
      },
      "id": "node/10684982316"
    },
    {
      "type": "Feature",
      "properties": {
        "@id": "node/10685321384",
        "highway": "traffic_signals",
        "traffic_signals": "signal"
      },
      "geometry": {
        "type": "Point",
        "coordinates": [
          77.573945,
          12.9571651
        ]
      },
      "id": "node/10685321384"
    },
    {
      "type": "Feature",
      "properties": {
        "@id": "node/10685321385",
        "highway": "traffic_signals",
        "traffic_signals": "signal"
      },
      "geometry": {
        "type": "Point",
        "coordinates": [
          77.5734926,
          12.9570089
        ]
      },
      "id": "node/10685321385"
    },
    {
      "type": "Feature",
      "properties": {
        "@id": "node/10685860710",
        "highway": "traffic_signals",
        "traffic_signals": "signal"
      },
      "geometry": {
        "type": "Point",
        "coordinates": [
          77.5842713,
          12.9614543
        ]
      },
      "id": "node/10685860710"
    },
    {
      "type": "Feature",
      "properties": {
        "@id": "node/10685860711",
        "highway": "traffic_signals",
        "traffic_signals": "signal"
      },
      "geometry": {
        "type": "Point",
        "coordinates": [
          77.5884055,
          12.9611395
        ]
      },
      "id": "node/10685860711"
    },
    {
      "type": "Feature",
      "properties": {
        "@id": "node/10687622732",
        "highway": "traffic_signals",
        "traffic_signals": "signal"
      },
      "geometry": {
        "type": "Point",
        "coordinates": [
          77.5641214,
          13.039395
        ]
      },
      "id": "node/10687622732"
    },
    {
      "type": "Feature",
      "properties": {
        "@id": "node/10691285605",
        "highway": "traffic_signals"
      },
      "geometry": {
        "type": "Point",
        "coordinates": [
          77.5714577,
          13.0284
        ]
      },
      "id": "node/10691285605"
    },
    {
      "type": "Feature",
      "properties": {
        "@id": "node/10695052518",
        "highway": "traffic_signals",
        "traffic_signals": "signal",
        "traffic_signals:countdown": "yes"
      },
      "geometry": {
        "type": "Point",
        "coordinates": [
          77.7270215,
          12.9765887
        ]
      },
      "id": "node/10695052518"
    },
    {
      "type": "Feature",
      "properties": {
        "@id": "node/10698644147",
        "highway": "traffic_signals",
        "traffic_signals": "signal"
      },
      "geometry": {
        "type": "Point",
        "coordinates": [
          77.6242997,
          13.0404914
        ]
      },
      "id": "node/10698644147"
    },
    {
      "type": "Feature",
      "properties": {
        "@id": "node/10698644148",
        "highway": "traffic_signals",
        "traffic_signals": "signal"
      },
      "geometry": {
        "type": "Point",
        "coordinates": [
          77.6241945,
          13.039978
        ]
      },
      "id": "node/10698644148"
    },
    {
      "type": "Feature",
      "properties": {
        "@id": "node/10731023449",
        "highway": "traffic_signals",
        "traffic_signals": "signal",
        "traffic_signals:direction": "backward"
      },
      "geometry": {
        "type": "Point",
        "coordinates": [
          77.7273767,
          12.9764721
        ]
      },
      "id": "node/10731023449"
    },
    {
      "type": "Feature",
      "properties": {
        "@id": "node/10783592398",
        "highway": "traffic_signals"
      },
      "geometry": {
        "type": "Point",
        "coordinates": [
          77.5939182,
          12.9723212
        ]
      },
      "id": "node/10783592398"
    },
    {
      "type": "Feature",
      "properties": {
        "@id": "node/10783657574",
        "highway": "traffic_signals",
        "traffic_signals": "signal"
      },
      "geometry": {
        "type": "Point",
        "coordinates": [
          77.6210978,
          13.0302539
        ]
      },
      "id": "node/10783657574"
    },
    {
      "type": "Feature",
      "properties": {
        "@id": "node/10783997175",
        "highway": "traffic_signals",
        "traffic_signals": "signal"
      },
      "geometry": {
        "type": "Point",
        "coordinates": [
          77.5613573,
          12.9266231
        ]
      },
      "id": "node/10783997175"
    },
    {
      "type": "Feature",
      "properties": {
        "@id": "node/10784133389",
        "highway": "traffic_signals",
        "traffic_signals": "signal"
      },
      "geometry": {
        "type": "Point",
        "coordinates": [
          77.5928584,
          13.0496305
        ]
      },
      "id": "node/10784133389"
    },
    {
      "type": "Feature",
      "properties": {
        "@id": "node/10784133390",
        "highway": "traffic_signals",
        "traffic_signals": "signal"
      },
      "geometry": {
        "type": "Point",
        "coordinates": [
          77.5927471,
          13.0496668
        ]
      },
      "id": "node/10784133390"
    },
    {
      "type": "Feature",
      "properties": {
        "@id": "node/10786947292",
        "highway": "traffic_signals",
        "traffic_signals": "signal"
      },
      "geometry": {
        "type": "Point",
        "coordinates": [
          77.6228731,
          13.0345607
        ]
      },
      "id": "node/10786947292"
    },
    {
      "type": "Feature",
      "properties": {
        "@id": "node/10839591755",
        "highway": "traffic_signals",
        "traffic_signals": "signal"
      },
      "geometry": {
        "type": "Point",
        "coordinates": [
          77.5573607,
          13.0347143
        ]
      },
      "id": "node/10839591755"
    },
    {
      "type": "Feature",
      "properties": {
        "@id": "node/10839591756",
        "highway": "traffic_signals",
        "traffic_signals": "signal"
      },
      "geometry": {
        "type": "Point",
        "coordinates": [
          77.5574245,
          13.0347635
        ]
      },
      "id": "node/10839591756"
    },
    {
      "type": "Feature",
      "properties": {
        "@id": "node/10839591759",
        "highway": "traffic_signals",
        "traffic_signals": "signal"
      },
      "geometry": {
        "type": "Point",
        "coordinates": [
          77.557418,
          13.0348589
        ]
      },
      "id": "node/10839591759"
    },
    {
      "type": "Feature",
      "properties": {
        "@id": "node/10860559946",
        "highway": "traffic_signals",
        "traffic_signals": "signal"
      },
      "geometry": {
        "type": "Point",
        "coordinates": [
          77.6448611,
          12.9120996
        ]
      },
      "id": "node/10860559946"
    },
    {
      "type": "Feature",
      "properties": {
        "@id": "node/10860559948",
        "highway": "traffic_signals",
        "traffic_signals": "signal"
      },
      "geometry": {
        "type": "Point",
        "coordinates": [
          77.6446606,
          12.9123909
        ]
      },
      "id": "node/10860559948"
    },
    {
      "type": "Feature",
      "properties": {
        "@id": "node/10860559949",
        "highway": "traffic_signals",
        "traffic_signals": "signal"
      },
      "geometry": {
        "type": "Point",
        "coordinates": [
          77.6444776,
          12.9121874
        ]
      },
      "id": "node/10860559949"
    },
    {
      "type": "Feature",
      "properties": {
        "@id": "node/10861673599",
        "highway": "traffic_signals",
        "traffic_signals": "signal"
      },
      "geometry": {
        "type": "Point",
        "coordinates": [
          77.5774688,
          12.9561767
        ]
      },
      "id": "node/10861673599"
    },
    {
      "type": "Feature",
      "properties": {
        "@id": "node/10948126481",
        "highway": "traffic_signals",
        "traffic_signals": "signal",
        "traffic_signals:direction": "backward"
      },
      "geometry": {
        "type": "Point",
        "coordinates": [
          77.6853693,
          12.9187593
        ]
      },
      "id": "node/10948126481"
    },
    {
      "type": "Feature",
      "properties": {
        "@id": "node/10975890137",
        "highway": "traffic_signals"
      },
      "geometry": {
        "type": "Point",
        "coordinates": [
          77.6006196,
          13.103509
        ]
      },
      "id": "node/10975890137"
    },
    {
      "type": "Feature",
      "properties": {
        "@id": "node/10978687898",
        "highway": "traffic_signals",
        "traffic_signals": "signal"
      },
      "geometry": {
        "type": "Point",
        "coordinates": [
          77.5867625,
          12.9757279
        ]
      },
      "id": "node/10978687898"
    },
    {
      "type": "Feature",
      "properties": {
        "@id": "node/10978687899",
        "highway": "traffic_signals",
        "traffic_signals": "signal"
      },
      "geometry": {
        "type": "Point",
        "coordinates": [
          77.5876014,
          12.9756888
        ]
      },
      "id": "node/10978687899"
    },
    {
      "type": "Feature",
      "properties": {
        "@id": "node/10978687900",
        "highway": "traffic_signals",
        "traffic_signals": "signal"
      },
      "geometry": {
        "type": "Point",
        "coordinates": [
          77.5870202,
          12.9761583
        ]
      },
      "id": "node/10978687900"
    },
    {
      "type": "Feature",
      "properties": {
        "@id": "node/10978687901",
        "highway": "traffic_signals",
        "traffic_signals": "signal"
      },
      "geometry": {
        "type": "Point",
        "coordinates": [
          77.5876321,
          12.9759154
        ]
      },
      "id": "node/10978687901"
    },
    {
      "type": "Feature",
      "properties": {
        "@id": "node/10991477214",
        "highway": "traffic_signals"
      },
      "geometry": {
        "type": "Point",
        "coordinates": [
          77.5370565,
          13.0301845
        ]
      },
      "id": "node/10991477214"
    },
    {
      "type": "Feature",
      "properties": {
        "@id": "node/11003327959",
        "highway": "traffic_signals",
        "traffic_signals": "traffic_lights",
        "traffic_signals:direction": "forward"
      },
      "geometry": {
        "type": "Point",
        "coordinates": [
          77.6358156,
          12.9716235
        ]
      },
      "id": "node/11003327959"
    },
    {
      "type": "Feature",
      "properties": {
        "@id": "node/11003327960",
        "highway": "traffic_signals",
        "traffic_signals": "traffic_lights",
        "traffic_signals:direction": "backward"
      },
      "geometry": {
        "type": "Point",
        "coordinates": [
          77.6360294,
          12.9717147
        ]
      },
      "id": "node/11003327960"
    },
    {
      "type": "Feature",
      "properties": {
        "@id": "node/11065720738",
        "highway": "traffic_signals"
      },
      "geometry": {
        "type": "Point",
        "coordinates": [
          77.5603916,
          12.9830562
        ]
      },
      "id": "node/11065720738"
    },
    {
      "type": "Feature",
      "properties": {
        "@id": "node/11065720756",
        "highway": "traffic_signals"
      },
      "geometry": {
        "type": "Point",
        "coordinates": [
          77.5603109,
          12.9834174
        ]
      },
      "id": "node/11065720756"
    },
    {
      "type": "Feature",
      "properties": {
        "@id": "node/11071026806",
        "highway": "traffic_signals"
      },
      "geometry": {
        "type": "Point",
        "coordinates": [
          77.5759111,
          12.9755332
        ]
      },
      "id": "node/11071026806"
    },
    {
      "type": "Feature",
      "properties": {
        "@id": "node/11150090936",
        "highway": "traffic_signals",
        "traffic_signals:countdown": "yes"
      },
      "geometry": {
        "type": "Point",
        "coordinates": [
          77.7498862,
          12.96962
        ]
      },
      "id": "node/11150090936"
    },
    {
      "type": "Feature",
      "properties": {
        "@id": "node/11150090939",
        "highway": "traffic_signals",
        "traffic_signals:countdown": "yes"
      },
      "geometry": {
        "type": "Point",
        "coordinates": [
          77.7500068,
          12.9699275
        ]
      },
      "id": "node/11150090939"
    },
    {
      "type": "Feature",
      "properties": {
        "@id": "node/11156382804",
        "highway": "traffic_signals",
        "traffic_signals": "signal"
      },
      "geometry": {
        "type": "Point",
        "coordinates": [
          77.5697442,
          12.9571627
        ]
      },
      "id": "node/11156382804"
    },
    {
      "type": "Feature",
      "properties": {
        "@id": "node/11156420305",
        "crossing": "traffic_signals",
        "highway": "traffic_signals",
        "traffic_signals": "signal",
        "traffic_signals:sound": "walk"
      },
      "geometry": {
        "type": "Point",
        "coordinates": [
          77.5695432,
          12.9572087
        ]
      },
      "id": "node/11156420305"
    },
    {
      "type": "Feature",
      "properties": {
        "@id": "node/11156420306",
        "crossing": "traffic_signals",
        "highway": "traffic_signals",
        "traffic_signals:sound": "walk"
      },
      "geometry": {
        "type": "Point",
        "coordinates": [
          77.569626,
          12.95706
        ]
      },
      "id": "node/11156420306"
    },
    {
      "type": "Feature",
      "properties": {
        "@id": "node/11178643865",
        "crossing": "traffic_signals",
        "highway": "traffic_signals"
      },
      "geometry": {
        "type": "Point",
        "coordinates": [
          77.5702423,
          12.9481853
        ]
      },
      "id": "node/11178643865"
    },
    {
      "type": "Feature",
      "properties": {
        "@id": "node/11201582978",
        "highway": "traffic_signals",
        "traffic_signals": "signal",
        "traffic_signals:countdown": "yes"
      },
      "geometry": {
        "type": "Point",
        "coordinates": [
          77.5802293,
          12.906448
        ]
      },
      "id": "node/11201582978"
    },
    {
      "type": "Feature",
      "properties": {
        "@id": "node/11201582981",
        "highway": "traffic_signals",
        "traffic_signals": "signal",
        "traffic_signals:countdown": "yes"
      },
      "geometry": {
        "type": "Point",
        "coordinates": [
          77.5805102,
          12.9063624
        ]
      },
      "id": "node/11201582981"
    },
    {
      "type": "Feature",
      "properties": {
        "@id": "node/11212228043",
        "highway": "traffic_signals",
        "traffic_signals": "signal"
      },
      "geometry": {
        "type": "Point",
        "coordinates": [
          77.5927832,
          13.0738288
        ]
      },
      "id": "node/11212228043"
    },
    {
      "type": "Feature",
      "properties": {
        "@id": "node/11228965366",
        "highway": "traffic_signals",
        "traffic_signals": "traffic_lights"
      },
      "geometry": {
        "type": "Point",
        "coordinates": [
          77.654204,
          12.9592362
        ]
      },
      "id": "node/11228965366"
    },
    {
      "type": "Feature",
      "properties": {
        "@id": "node/11260122967",
        "highway": "traffic_signals",
        "traffic_signals:direction": "forward"
      },
      "geometry": {
        "type": "Point",
        "coordinates": [
          77.6383683,
          12.9157991
        ]
      },
      "id": "node/11260122967"
    },
    {
      "type": "Feature",
      "properties": {
        "@id": "node/11260122969",
        "highway": "traffic_signals",
        "traffic_signals": "signal",
        "traffic_signals:countdown": "yes"
      },
      "geometry": {
        "type": "Point",
        "coordinates": [
          77.6380625,
          12.9161178
        ]
      },
      "id": "node/11260122969"
    },
    {
      "type": "Feature",
      "properties": {
        "@id": "node/11265002206",
        "highway": "traffic_signals"
      },
      "geometry": {
        "type": "Point",
        "coordinates": [
          77.5802834,
          12.9307704
        ]
      },
      "id": "node/11265002206"
    },
    {
      "type": "Feature",
      "properties": {
        "@id": "node/11265002207",
        "highway": "traffic_signals"
      },
      "geometry": {
        "type": "Point",
        "coordinates": [
          77.5801967,
          12.930935
        ]
      },
      "id": "node/11265002207"
    },
    {
      "type": "Feature",
      "properties": {
        "@id": "node/11265002208",
        "highway": "traffic_signals"
      },
      "geometry": {
        "type": "Point",
        "coordinates": [
          77.5799708,
          12.9308674
        ]
      },
      "id": "node/11265002208"
    },
    {
      "type": "Feature",
      "properties": {
        "@id": "node/11265002209",
        "highway": "traffic_signals"
      },
      "geometry": {
        "type": "Point",
        "coordinates": [
          77.5800835,
          12.9307055
        ]
      },
      "id": "node/11265002209"
    },
    {
      "type": "Feature",
      "properties": {
        "@id": "node/11268445211",
        "highway": "traffic_signals"
      },
      "geometry": {
        "type": "Point",
        "coordinates": [
          77.579784,
          12.986359
        ]
      },
      "id": "node/11268445211"
    },
    {
      "type": "Feature",
      "properties": {
        "@id": "node/11268445212",
        "highway": "traffic_signals"
      },
      "geometry": {
        "type": "Point",
        "coordinates": [
          77.5795805,
          12.9863639
        ]
      },
      "id": "node/11268445212"
    },
    {
      "type": "Feature",
      "properties": {
        "@id": "node/11268445213",
        "highway": "traffic_signals"
      },
      "geometry": {
        "type": "Point",
        "coordinates": [
          77.5798307,
          12.9866319
        ]
      },
      "id": "node/11268445213"
    },
    {
      "type": "Feature",
      "properties": {
        "@id": "node/11268445214",
        "highway": "traffic_signals"
      },
      "geometry": {
        "type": "Point",
        "coordinates": [
          77.5796238,
          12.9866349
        ]
      },
      "id": "node/11268445214"
    },
    {
      "type": "Feature",
      "properties": {
        "@id": "node/11268507380",
        "highway": "traffic_signals"
      },
      "geometry": {
        "type": "Point",
        "coordinates": [
          77.5981993,
          12.8904969
        ]
      },
      "id": "node/11268507380"
    },
    {
      "type": "Feature",
      "properties": {
        "@id": "node/11268507381",
        "highway": "traffic_signals"
      },
      "geometry": {
        "type": "Point",
        "coordinates": [
          77.5979714,
          12.8906106
        ]
      },
      "id": "node/11268507381"
    },
    {
      "type": "Feature",
      "properties": {
        "@id": "node/11268507393",
        "highway": "traffic_signals"
      },
      "geometry": {
        "type": "Point",
        "coordinates": [
          77.5981839,
          12.8906096
        ]
      },
      "id": "node/11268507393"
    },
    {
      "type": "Feature",
      "properties": {
        "@id": "node/11268507394",
        "highway": "traffic_signals"
      },
      "geometry": {
        "type": "Point",
        "coordinates": [
          77.5980462,
          12.8904998
        ]
      },
      "id": "node/11268507394"
    },
    {
      "type": "Feature",
      "properties": {
        "@id": "node/11271693400",
        "highway": "traffic_signals"
      },
      "geometry": {
        "type": "Point",
        "coordinates": [
          77.5952084,
          12.876702
        ]
      },
      "id": "node/11271693400"
    },
    {
      "type": "Feature",
      "properties": {
        "@id": "node/11271693401",
        "highway": "traffic_signals"
      },
      "geometry": {
        "type": "Point",
        "coordinates": [
          77.595029,
          12.8764408
        ]
      },
      "id": "node/11271693401"
    },
    {
      "type": "Feature",
      "properties": {
        "@id": "node/11271693402",
        "highway": "traffic_signals"
      },
      "geometry": {
        "type": "Point",
        "coordinates": [
          77.5952739,
          12.8764668
        ]
      },
      "id": "node/11271693402"
    },
    {
      "type": "Feature",
      "properties": {
        "@id": "node/11283488131",
        "highway": "traffic_signals"
      },
      "geometry": {
        "type": "Point",
        "coordinates": [
          77.6016069,
          12.9766324
        ]
      },
      "id": "node/11283488131"
    },
    {
      "type": "Feature",
      "properties": {
        "@id": "node/11283488139",
        "highway": "traffic_signals",
        "junction": "yes",
        "traffic_signals": "signal"
      },
      "geometry": {
        "type": "Point",
        "coordinates": [
          77.6017656,
          12.9763882
        ]
      },
      "id": "node/11283488139"
    },
    {
      "type": "Feature",
      "properties": {
        "@id": "node/11286303319",
        "highway": "traffic_signals",
        "traffic_signals": "signal"
      },
      "geometry": {
        "type": "Point",
        "coordinates": [
          77.5883039,
          12.9842989
        ]
      },
      "id": "node/11286303319"
    },
    {
      "type": "Feature",
      "properties": {
        "@id": "node/11286303320",
        "highway": "traffic_signals"
      },
      "geometry": {
        "type": "Point",
        "coordinates": [
          77.5878025,
          12.9843935
        ]
      },
      "id": "node/11286303320"
    },
    {
      "type": "Feature",
      "properties": {
        "@id": "node/11286303321",
        "highway": "traffic_signals"
      },
      "geometry": {
        "type": "Point",
        "coordinates": [
          77.5878688,
          12.9841482
        ]
      },
      "id": "node/11286303321"
    },
    {
      "type": "Feature",
      "properties": {
        "@id": "node/11286303328",
        "highway": "traffic_signals"
      },
      "geometry": {
        "type": "Point",
        "coordinates": [
          77.588458,
          12.9848597
        ]
      },
      "id": "node/11286303328"
    },
    {
      "type": "Feature",
      "properties": {
        "@id": "node/11286314186",
        "highway": "traffic_signals"
      },
      "geometry": {
        "type": "Point",
        "coordinates": [
          77.5974086,
          12.9806143
        ]
      },
      "id": "node/11286314186"
    },
    {
      "type": "Feature",
      "properties": {
        "@id": "node/11286580549",
        "highway": "traffic_signals"
      },
      "geometry": {
        "type": "Point",
        "coordinates": [
          77.6068763,
          12.9718329
        ]
      },
      "id": "node/11286580549"
    },
    {
      "type": "Feature",
      "properties": {
        "@id": "node/11295765838",
        "highway": "traffic_signals"
      },
      "geometry": {
        "type": "Point",
        "coordinates": [
          77.6096758,
          12.9346027
        ]
      },
      "id": "node/11295765838"
    },
    {
      "type": "Feature",
      "properties": {
        "@id": "node/11295765843",
        "highway": "traffic_signals"
      },
      "geometry": {
        "type": "Point",
        "coordinates": [
          77.6098041,
          12.9346389
        ]
      },
      "id": "node/11295765843"
    },
    {
      "type": "Feature",
      "properties": {
        "@id": "node/11295765844",
        "highway": "traffic_signals"
      },
      "geometry": {
        "type": "Point",
        "coordinates": [
          77.6097044,
          12.9348223
        ]
      },
      "id": "node/11295765844"
    },
    {
      "type": "Feature",
      "properties": {
        "@id": "node/11302971564",
        "highway": "traffic_signals"
      },
      "geometry": {
        "type": "Point",
        "coordinates": [
          77.5860071,
          12.9062392
        ]
      },
      "id": "node/11302971564"
    },
    {
      "type": "Feature",
      "properties": {
        "@id": "node/11302971565",
        "highway": "traffic_signals"
      },
      "geometry": {
        "type": "Point",
        "coordinates": [
          77.5856769,
          12.9061693
        ]
      },
      "id": "node/11302971565"
    },
    {
      "type": "Feature",
      "properties": {
        "@id": "node/11302971566",
        "highway": "traffic_signals"
      },
      "geometry": {
        "type": "Point",
        "coordinates": [
          77.5854734,
          12.9064405
        ]
      },
      "id": "node/11302971566"
    },
    {
      "type": "Feature",
      "properties": {
        "@id": "node/11302971567",
        "highway": "traffic_signals"
      },
      "geometry": {
        "type": "Point",
        "coordinates": [
          77.585763,
          12.9066386
        ]
      },
      "id": "node/11302971567"
    },
    {
      "type": "Feature",
      "properties": {
        "@id": "node/11302992907",
        "highway": "traffic_signals",
        "traffic_signals": "signal"
      },
      "geometry": {
        "type": "Point",
        "coordinates": [
          77.5855423,
          12.9105419
        ]
      },
      "id": "node/11302992907"
    },
    {
      "type": "Feature",
      "properties": {
        "@id": "node/11302992908",
        "highway": "traffic_signals",
        "traffic_signals": "signal"
      },
      "geometry": {
        "type": "Point",
        "coordinates": [
          77.5858488,
          12.9104702
        ]
      },
      "id": "node/11302992908"
    },
    {
      "type": "Feature",
      "properties": {
        "@id": "node/11302992909",
        "highway": "traffic_signals",
        "traffic_signals": "signal"
      },
      "geometry": {
        "type": "Point",
        "coordinates": [
          77.5857461,
          12.910672
        ]
      },
      "id": "node/11302992909"
    },
    {
      "type": "Feature",
      "properties": {
        "@id": "node/11302992910",
        "highway": "traffic_signals",
        "traffic_signals": "signal"
      },
      "geometry": {
        "type": "Point",
        "coordinates": [
          77.5856725,
          12.910372
        ]
      },
      "id": "node/11302992910"
    },
    {
      "type": "Feature",
      "properties": {
        "@id": "node/11303526456",
        "highway": "traffic_signals",
        "traffic_signals": "signal"
      },
      "geometry": {
        "type": "Point",
        "coordinates": [
          77.5803332,
          12.917302
        ]
      },
      "id": "node/11303526456"
    },
    {
      "type": "Feature",
      "properties": {
        "@id": "node/11303526457",
        "highway": "traffic_signals",
        "traffic_signals": "signal"
      },
      "geometry": {
        "type": "Point",
        "coordinates": [
          77.5804456,
          12.9170715
        ]
      },
      "id": "node/11303526457"
    },
    {
      "type": "Feature",
      "properties": {
        "@id": "node/11303526458",
        "highway": "traffic_signals",
        "traffic_signals": "signal"
      },
      "geometry": {
        "type": "Point",
        "coordinates": [
          77.580068,
          12.9171963
        ]
      },
      "id": "node/11303526458"
    },
    {
      "type": "Feature",
      "properties": {
        "@id": "node/11304329710",
        "highway": "traffic_signals"
      },
      "geometry": {
        "type": "Point",
        "coordinates": [
          77.5920073,
          12.9062682
        ]
      },
      "id": "node/11304329710"
    },
    {
      "type": "Feature",
      "properties": {
        "@id": "node/11304329711",
        "highway": "traffic_signals"
      },
      "geometry": {
        "type": "Point",
        "coordinates": [
          77.5917598,
          12.9063429
        ]
      },
      "id": "node/11304329711"
    },
    {
      "type": "Feature",
      "properties": {
        "@id": "node/11306430810",
        "highway": "traffic_signals",
        "traffic_signals": "signal"
      },
      "geometry": {
        "type": "Point",
        "coordinates": [
          77.6138616,
          12.9314859
        ]
      },
      "id": "node/11306430810"
    },
    {
      "type": "Feature",
      "properties": {
        "@id": "node/11306430812",
        "highway": "traffic_signals",
        "traffic_signals": "signal"
      },
      "geometry": {
        "type": "Point",
        "coordinates": [
          77.6126186,
          12.9344741
        ]
      },
      "id": "node/11306430812"
    },
    {
      "type": "Feature",
      "properties": {
        "@id": "node/11307884035",
        "highway": "traffic_signals"
      },
      "geometry": {
        "type": "Point",
        "coordinates": [
          77.62111,
          12.927751
        ]
      },
      "id": "node/11307884035"
    },
    {
      "type": "Feature",
      "properties": {
        "@id": "node/11308911772",
        "highway": "traffic_signals",
        "traffic_signals": "signal",
        "traffic_signals:direction": "forward"
      },
      "geometry": {
        "type": "Point",
        "coordinates": [
          77.5783643,
          12.9063055
        ]
      },
      "id": "node/11308911772"
    },
    {
      "type": "Feature",
      "properties": {
        "@id": "node/11308911773",
        "highway": "traffic_signals",
        "traffic_signals": "signal",
        "traffic_signals:direction": "backward"
      },
      "geometry": {
        "type": "Point",
        "coordinates": [
          77.5783648,
          12.9065953
        ]
      },
      "id": "node/11308911773"
    },
    {
      "type": "Feature",
      "properties": {
        "@id": "node/11337846010",
        "highway": "traffic_signals",
        "traffic_signals": "signal"
      },
      "geometry": {
        "type": "Point",
        "coordinates": [
          77.6358582,
          12.9612389
        ]
      },
      "id": "node/11337846010"
    },
    {
      "type": "Feature",
      "properties": {
        "@id": "node/11337846017",
        "highway": "traffic_signals"
      },
      "geometry": {
        "type": "Point",
        "coordinates": [
          77.6386563,
          12.9611398
        ]
      },
      "id": "node/11337846017"
    },
    {
      "type": "Feature",
      "properties": {
        "@id": "node/11337846020",
        "highway": "traffic_signals",
        "traffic_signals": "signal"
      },
      "geometry": {
        "type": "Point",
        "coordinates": [
          77.6386174,
          12.9608367
        ]
      },
      "id": "node/11337846020"
    },
    {
      "type": "Feature",
      "properties": {
        "@id": "node/11338711006",
        "highway": "traffic_signals",
        "traffic_signals": "signal"
      },
      "geometry": {
        "type": "Point",
        "coordinates": [
          77.657377,
          12.9911105
        ]
      },
      "id": "node/11338711006"
    },
    {
      "type": "Feature",
      "properties": {
        "@id": "node/11342881114",
        "highway": "traffic_signals",
        "traffic_signals": "signal"
      },
      "geometry": {
        "type": "Point",
        "coordinates": [
          77.5933239,
          12.9487765
        ]
      },
      "id": "node/11342881114"
    },
    {
      "type": "Feature",
      "properties": {
        "@id": "node/11342881131",
        "highway": "traffic_signals",
        "traffic_signals": "signal"
      },
      "geometry": {
        "type": "Point",
        "coordinates": [
          77.5934434,
          12.9486833
        ]
      },
      "id": "node/11342881131"
    },
    {
      "type": "Feature",
      "properties": {
        "@id": "node/11342881132",
        "highway": "traffic_signals",
        "traffic_signals": "signal"
      },
      "geometry": {
        "type": "Point",
        "coordinates": [
          77.5934376,
          12.9489551
        ]
      },
      "id": "node/11342881132"
    },
    {
      "type": "Feature",
      "properties": {
        "@id": "node/11342900898",
        "highway": "traffic_signals",
        "traffic_signals": "signal"
      },
      "geometry": {
        "type": "Point",
        "coordinates": [
          77.5995169,
          12.9766153
        ]
      },
      "id": "node/11342900898"
    },
    {
      "type": "Feature",
      "properties": {
        "@id": "node/11342970532",
        "highway": "traffic_signals"
      },
      "geometry": {
        "type": "Point",
        "coordinates": [
          77.5971442,
          12.982868
        ]
      },
      "id": "node/11342970532"
    },
    {
      "type": "Feature",
      "properties": {
        "@id": "node/11342975178",
        "highway": "traffic_signals"
      },
      "geometry": {
        "type": "Point",
        "coordinates": [
          77.5941421,
          12.9722221
        ]
      },
      "id": "node/11342975178"
    },
    {
      "type": "Feature",
      "properties": {
        "@id": "node/11348815671",
        "highway": "traffic_signals",
        "traffic_signals": "signal"
      },
      "geometry": {
        "type": "Point",
        "coordinates": [
          77.6181099,
          12.9243786
        ]
      },
      "id": "node/11348815671"
    },
    {
      "type": "Feature",
      "properties": {
        "@id": "node/11375078750",
        "highway": "traffic_signals",
        "traffic_signals": "signal"
      },
      "geometry": {
        "type": "Point",
        "coordinates": [
          77.6655496,
          12.921135
        ]
      },
      "id": "node/11375078750"
    },
    {
      "type": "Feature",
      "properties": {
        "@id": "node/11385066517",
        "highway": "traffic_signals",
        "traffic_signals": "signal"
      },
      "geometry": {
        "type": "Point",
        "coordinates": [
          77.6210916,
          13.0303934
        ]
      },
      "id": "node/11385066517"
    },
    {
      "type": "Feature",
      "properties": {
        "@id": "node/11390080363",
        "highway": "traffic_signals"
      },
      "geometry": {
        "type": "Point",
        "coordinates": [
          77.5781461,
          12.974243
        ]
      },
      "id": "node/11390080363"
    },
    {
      "type": "Feature",
      "properties": {
        "@id": "node/11390080364",
        "highway": "traffic_signals"
      },
      "geometry": {
        "type": "Point",
        "coordinates": [
          77.5783373,
          12.9742899
        ]
      },
      "id": "node/11390080364"
    },
    {
      "type": "Feature",
      "properties": {
        "@id": "node/11390114683",
        "highway": "traffic_signals"
      },
      "geometry": {
        "type": "Point",
        "coordinates": [
          77.5803961,
          12.9366883
        ]
      },
      "id": "node/11390114683"
    },
    {
      "type": "Feature",
      "properties": {
        "@id": "node/11390114684",
        "highway": "traffic_signals"
      },
      "geometry": {
        "type": "Point",
        "coordinates": [
          77.5797212,
          12.9368023
        ]
      },
      "id": "node/11390114684"
    },
    {
      "type": "Feature",
      "properties": {
        "@id": "node/11390114685",
        "highway": "traffic_signals"
      },
      "geometry": {
        "type": "Point",
        "coordinates": [
          77.57985,
          12.9370334
        ]
      },
      "id": "node/11390114685"
    },
    {
      "type": "Feature",
      "properties": {
        "@id": "node/11399572673",
        "highway": "traffic_signals",
        "traffic_signals": "signal"
      },
      "geometry": {
        "type": "Point",
        "coordinates": [
          77.6665548,
          12.9581911
        ]
      },
      "id": "node/11399572673"
    },
    {
      "type": "Feature",
      "properties": {
        "@id": "node/11399572674",
        "highway": "traffic_signals",
        "traffic_signals": "signal"
      },
      "geometry": {
        "type": "Point",
        "coordinates": [
          77.66608,
          12.9585275
        ]
      },
      "id": "node/11399572674"
    },
    {
      "type": "Feature",
      "properties": {
        "@id": "node/11399572675",
        "highway": "traffic_signals",
        "traffic_signals": "signal"
      },
      "geometry": {
        "type": "Point",
        "coordinates": [
          77.6664007,
          12.9586591
        ]
      },
      "id": "node/11399572675"
    },
    {
      "type": "Feature",
      "properties": {
        "@id": "node/11420343302",
        "highway": "traffic_signals"
      },
      "geometry": {
        "type": "Point",
        "coordinates": [
          77.5813058,
          12.9729405
        ]
      },
      "id": "node/11420343302"
    },
    {
      "type": "Feature",
      "properties": {
        "@id": "node/11425338082",
        "highway": "traffic_signals",
        "traffic_signals": "signal"
      },
      "geometry": {
        "type": "Point",
        "coordinates": [
          77.5946821,
          12.9670512
        ]
      },
      "id": "node/11425338082"
    },
    {
      "type": "Feature",
      "properties": {
        "@id": "node/11432080350",
        "highway": "traffic_signals",
        "traffic_signals:countdown": "yes"
      },
      "geometry": {
        "type": "Point",
        "coordinates": [
          77.7680945,
          12.9835375
        ]
      },
      "id": "node/11432080350"
    },
    {
      "type": "Feature",
      "properties": {
        "@id": "node/11434604018",
        "highway": "traffic_signals"
      },
      "geometry": {
        "type": "Point",
        "coordinates": [
          77.5976678,
          12.9806333
        ]
      },
      "id": "node/11434604018"
    },
    {
      "type": "Feature",
      "properties": {
        "@id": "node/11434604019",
        "highway": "traffic_signals"
      },
      "geometry": {
        "type": "Point",
        "coordinates": [
          77.5975927,
          12.9808254
        ]
      },
      "id": "node/11434604019"
    },
    {
      "type": "Feature",
      "properties": {
        "@id": "node/11445740091",
        "highway": "traffic_signals",
        "traffic_signals:direction": "forward"
      },
      "geometry": {
        "type": "Point",
        "coordinates": [
          77.5825305,
          13.0935038
        ]
      },
      "id": "node/11445740091"
    },
    {
      "type": "Feature",
      "properties": {
        "@id": "node/11445988395",
        "highway": "traffic_signals"
      },
      "geometry": {
        "type": "Point",
        "coordinates": [
          77.5861556,
          13.1020685
        ]
      },
      "id": "node/11445988395"
    },
    {
      "type": "Feature",
      "properties": {
        "@id": "node/11445988396",
        "highway": "traffic_signals"
      },
      "geometry": {
        "type": "Point",
        "coordinates": [
          77.5865054,
          13.1019656
        ]
      },
      "id": "node/11445988396"
    },
    {
      "type": "Feature",
      "properties": {
        "@id": "node/11446054568",
        "highway": "traffic_signals",
        "traffic_signals:direction": "forward"
      },
      "geometry": {
        "type": "Point",
        "coordinates": [
          77.5824975,
          13.0936169
        ]
      },
      "id": "node/11446054568"
    },
    {
      "type": "Feature",
      "properties": {
        "@id": "node/11446055369",
        "highway": "traffic_signals",
        "traffic_signals:direction": "backward"
      },
      "geometry": {
        "type": "Point",
        "coordinates": [
          77.582365,
          13.093563
        ]
      },
      "id": "node/11446055369"
    },
    {
      "type": "Feature",
      "properties": {
        "@id": "node/11446055370",
        "button_operated": "no",
        "crossing": "traffic_signals",
        "crossing:markings": "zebra",
        "highway": "traffic_signals",
        "traffic_signals:direction": "backward",
        "traffic_signals:sound": "no",
        "traffic_signals:vibration": "no"
      },
      "geometry": {
        "type": "Point",
        "coordinates": [
          77.5824233,
          13.0934478
        ]
      },
      "id": "node/11446055370"
    },
    {
      "type": "Feature",
      "properties": {
        "@id": "node/11449172415",
        "highway": "traffic_signals"
      },
      "geometry": {
        "type": "Point",
        "coordinates": [
          77.5925834,
          13.0732341
        ]
      },
      "id": "node/11449172415"
    },
    {
      "type": "Feature",
      "properties": {
        "@id": "node/11449172416",
        "highway": "traffic_signals"
      },
      "geometry": {
        "type": "Point",
        "coordinates": [
          77.5925071,
          13.0732288
        ]
      },
      "id": "node/11449172416"
    },
    {
      "type": "Feature",
      "properties": {
        "@id": "node/11449172425",
        "highway": "traffic_signals"
      },
      "geometry": {
        "type": "Point",
        "coordinates": [
          77.593337,
          13.0674552
        ]
      },
      "id": "node/11449172425"
    },
    {
      "type": "Feature",
      "properties": {
        "@id": "node/11449172444",
        "highway": "traffic_signals"
      },
      "geometry": {
        "type": "Point",
        "coordinates": [
          77.5931995,
          13.0674909
        ]
      },
      "id": "node/11449172444"
    },
    {
      "type": "Feature",
      "properties": {
        "@id": "node/11449172454",
        "highway": "traffic_signals",
        "traffic_signals:direction": "backward"
      },
      "geometry": {
        "type": "Point",
        "coordinates": [
          77.5934681,
          13.0672447
        ]
      },
      "id": "node/11449172454"
    },
    {
      "type": "Feature",
      "properties": {
        "@id": "node/11449172456",
        "highway": "traffic_signals"
      },
      "geometry": {
        "type": "Point",
        "coordinates": [
          77.5929388,
          13.0671271
        ]
      },
      "id": "node/11449172456"
    },
    {
      "type": "Feature",
      "properties": {
        "@id": "node/11449172458",
        "highway": "traffic_signals"
      },
      "geometry": {
        "type": "Point",
        "coordinates": [
          77.5930112,
          13.0671237
        ]
      },
      "id": "node/11449172458"
    },
    {
      "type": "Feature",
      "properties": {
        "@id": "node/11449185276",
        "highway": "traffic_signals"
      },
      "geometry": {
        "type": "Point",
        "coordinates": [
          77.5935371,
          13.0574961
        ]
      },
      "id": "node/11449185276"
    },
    {
      "type": "Feature",
      "properties": {
        "@id": "node/11449185279",
        "highway": "traffic_signals"
      },
      "geometry": {
        "type": "Point",
        "coordinates": [
          77.5932346,
          13.0571783
        ]
      },
      "id": "node/11449185279"
    },
    {
      "type": "Feature",
      "properties": {
        "@id": "node/11449185283",
        "crossing": "traffic_signals",
        "crossing:markings": "zebra",
        "crossing_ref": "zebra",
        "highway": "traffic_signals"
      },
      "geometry": {
        "type": "Point",
        "coordinates": [
          77.593115,
          13.0574228
        ]
      },
      "id": "node/11449185283"
    },
    {
      "type": "Feature",
      "properties": {
        "@id": "node/11449187227",
        "highway": "traffic_signals",
        "traffic_signals": "signal"
      },
      "geometry": {
        "type": "Point",
        "coordinates": [
          77.5929181,
          13.0738237
        ]
      },
      "id": "node/11449187227"
    },
    {
      "type": "Feature",
      "properties": {
        "@id": "node/11449187234",
        "highway": "traffic_signals"
      },
      "geometry": {
        "type": "Point",
        "coordinates": [
          77.5930817,
          13.081779
        ]
      },
      "id": "node/11449187234"
    },
    {
      "type": "Feature",
      "properties": {
        "@id": "node/11464483508",
        "highway": "traffic_signals",
        "traffic_signals": "signal"
      },
      "geometry": {
        "type": "Point",
        "coordinates": [
          77.6077865,
          12.9752275
        ]
      },
      "id": "node/11464483508"
    },
    {
      "type": "Feature",
      "properties": {
        "@id": "node/11476588184",
        "highway": "traffic_signals"
      },
      "geometry": {
        "type": "Point",
        "coordinates": [
          77.6445845,
          12.9117773
        ]
      },
      "id": "node/11476588184"
    },
    {
      "type": "Feature",
      "properties": {
        "@id": "node/11484393853",
        "highway": "traffic_signals",
        "traffic_signals": "signal"
      },
      "geometry": {
        "type": "Point",
        "coordinates": [
          77.6381299,
          12.9124693
        ]
      },
      "id": "node/11484393853"
    },
    {
      "type": "Feature",
      "properties": {
        "@id": "node/11484393854",
        "highway": "traffic_signals",
        "traffic_signals": "signal"
      },
      "geometry": {
        "type": "Point",
        "coordinates": [
          77.6379732,
          12.9123423
        ]
      },
      "id": "node/11484393854"
    },
    {
      "type": "Feature",
      "properties": {
        "@id": "node/11484393855",
        "highway": "traffic_signals",
        "traffic_signals": "signal"
      },
      "geometry": {
        "type": "Point",
        "coordinates": [
          77.6380532,
          12.9121928
        ]
      },
      "id": "node/11484393855"
    },
    {
      "type": "Feature",
      "properties": {
        "@id": "node/11484393856",
        "highway": "traffic_signals",
        "traffic_signals": "signal"
      },
      "geometry": {
        "type": "Point",
        "coordinates": [
          77.6382142,
          12.9122644
        ]
      },
      "id": "node/11484393856"
    },
    {
      "type": "Feature",
      "properties": {
        "@id": "node/11493493812",
        "highway": "traffic_signals",
        "traffic_signals": "signal"
      },
      "geometry": {
        "type": "Point",
        "coordinates": [
          77.6297801,
          12.9345296
        ]
      },
      "id": "node/11493493812"
    },
    {
      "type": "Feature",
      "properties": {
        "@id": "node/11493493813",
        "highway": "traffic_signals",
        "traffic_signals": "signal",
        "traffic_signals:direction": "backward"
      },
      "geometry": {
        "type": "Point",
        "coordinates": [
          77.6295609,
          12.9343909
        ]
      },
      "id": "node/11493493813"
    },
    {
      "type": "Feature",
      "properties": {
        "@id": "node/11493846396",
        "highway": "traffic_signals",
        "traffic_signals": "signal"
      },
      "geometry": {
        "type": "Point",
        "coordinates": [
          77.6255013,
          12.9399808
        ]
      },
      "id": "node/11493846396"
    },
    {
      "type": "Feature",
      "properties": {
        "@id": "node/11494461870",
        "highway": "traffic_signals"
      },
      "geometry": {
        "type": "Point",
        "coordinates": [
          77.6613966,
          12.9668594
        ]
      },
      "id": "node/11494461870"
    },
    {
      "type": "Feature",
      "properties": {
        "@id": "node/11496183648",
        "highway": "traffic_signals",
        "note": "no right turn, no left"
      },
      "geometry": {
        "type": "Point",
        "coordinates": [
          77.6004227,
          12.9678779
        ]
      },
      "id": "node/11496183648"
    },
    {
      "type": "Feature",
      "properties": {
        "@id": "node/11497593345",
        "direction": "forward",
        "highway": "traffic_signals",
        "traffic_signals": "signal"
      },
      "geometry": {
        "type": "Point",
        "coordinates": [
          77.6463891,
          12.9792571
        ]
      },
      "id": "node/11497593345"
    },
    {
      "type": "Feature",
      "properties": {
        "@id": "node/11497616822",
        "highway": "traffic_signals",
        "traffic_signals": "signal"
      },
      "geometry": {
        "type": "Point",
        "coordinates": [
          77.6414153,
          12.9702092
        ]
      },
      "id": "node/11497616822"
    },
    {
      "type": "Feature",
      "properties": {
        "@id": "node/11497616823",
        "highway": "traffic_signals",
        "traffic_signals": "signal"
      },
      "geometry": {
        "type": "Point",
        "coordinates": [
          77.6411361,
          12.9702377
        ]
      },
      "id": "node/11497616823"
    },
    {
      "type": "Feature",
      "properties": {
        "@id": "node/11533595485",
        "highway": "traffic_signals",
        "traffic_signals": "signal"
      },
      "geometry": {
        "type": "Point",
        "coordinates": [
          77.6518602,
          12.9240761
        ]
      },
      "id": "node/11533595485"
    },
    {
      "type": "Feature",
      "properties": {
        "@id": "node/11554370593",
        "highway": "traffic_signals"
      },
      "geometry": {
        "type": "Point",
        "coordinates": [
          77.5685777,
          13.0340623
        ]
      },
      "id": "node/11554370593"
    },
    {
      "type": "Feature",
      "properties": {
        "@id": "node/11584555915",
        "highway": "traffic_signals",
        "traffic_signals": "signal"
      },
      "geometry": {
        "type": "Point",
        "coordinates": [
          77.6195617,
          13.0040723
        ]
      },
      "id": "node/11584555915"
    },
    {
      "type": "Feature",
      "properties": {
        "@id": "node/11584555916",
        "highway": "traffic_signals",
        "traffic_signals": "signal",
        "traffic_signals:direction": "backward"
      },
      "geometry": {
        "type": "Point",
        "coordinates": [
          77.619752,
          13.0040287
        ]
      },
      "id": "node/11584555916"
    },
    {
      "type": "Feature",
      "properties": {
        "@id": "node/11618263383",
        "highway": "traffic_signals"
      },
      "geometry": {
        "type": "Point",
        "coordinates": [
          77.5636469,
          12.889722
        ]
      },
      "id": "node/11618263383"
    },
    {
      "type": "Feature",
      "properties": {
        "@id": "node/11630611676",
        "highway": "traffic_signals",
        "traffic_signals": "signal"
      },
      "geometry": {
        "type": "Point",
        "coordinates": [
          77.6565361,
          12.9807039
        ]
      },
      "id": "node/11630611676"
    },
    {
      "type": "Feature",
      "properties": {
        "@id": "node/11630611677",
        "highway": "traffic_signals",
        "traffic_signals": "signal"
      },
      "geometry": {
        "type": "Point",
        "coordinates": [
          77.6563683,
          12.9805451
        ]
      },
      "id": "node/11630611677"
    },
    {
      "type": "Feature",
      "properties": {
        "@id": "node/11630611678",
        "highway": "traffic_signals",
        "traffic_signals": "signal"
      },
      "geometry": {
        "type": "Point",
        "coordinates": [
          77.6562813,
          12.9806621
        ]
      },
      "id": "node/11630611678"
    },
    {
      "type": "Feature",
      "properties": {
        "@id": "node/11639971012",
        "highway": "traffic_signals",
        "traffic_signals": "signal",
        "traffic_signals:countdown": "yes"
      },
      "geometry": {
        "type": "Point",
        "coordinates": [
          77.6915576,
          12.9557988
        ]
      },
      "id": "node/11639971012"
    },
    {
      "type": "Feature",
      "properties": {
        "@id": "node/11684233293",
        "highway": "traffic_signals",
        "traffic_signals": "signal"
      },
      "geometry": {
        "type": "Point",
        "coordinates": [
          77.5948833,
          12.9819655
        ]
      },
      "id": "node/11684233293"
    },
    {
      "type": "Feature",
      "properties": {
        "@id": "node/11684233294",
        "highway": "traffic_signals",
        "traffic_signals": "signal"
      },
      "geometry": {
        "type": "Point",
        "coordinates": [
          77.594506,
          12.9817732
        ]
      },
      "id": "node/11684233294"
    },
    {
      "type": "Feature",
      "properties": {
        "@id": "node/11684233295",
        "highway": "traffic_signals",
        "traffic_signals": "signal"
      },
      "geometry": {
        "type": "Point",
        "coordinates": [
          77.5949523,
          12.9817996
        ]
      },
      "id": "node/11684233295"
    },
    {
      "type": "Feature",
      "properties": {
        "@id": "node/11688203993",
        "highway": "traffic_signals",
        "traffic_signals:direction": "backward"
      },
      "geometry": {
        "type": "Point",
        "coordinates": [
          77.4850607,
          12.9128425
        ]
      },
      "id": "node/11688203993"
    },
    {
      "type": "Feature",
      "properties": {
        "@id": "node/11688206890",
        "highway": "traffic_signals",
        "traffic_signals": "signal"
      },
      "geometry": {
        "type": "Point",
        "coordinates": [
          77.5439959,
          12.9543944
        ]
      },
      "id": "node/11688206890"
    },
    {
      "type": "Feature",
      "properties": {
        "@id": "node/11688206893",
        "highway": "traffic_signals",
        "traffic_signals": "signal"
      },
      "geometry": {
        "type": "Point",
        "coordinates": [
          77.5463219,
          12.955877
        ]
      },
      "id": "node/11688206893"
    },
    {
      "type": "Feature",
      "properties": {
        "@id": "node/11688206894",
        "highway": "traffic_signals",
        "traffic_signals": "signal"
      },
      "geometry": {
        "type": "Point",
        "coordinates": [
          77.5461753,
          12.9560434
        ]
      },
      "id": "node/11688206894"
    },
    {
      "type": "Feature",
      "properties": {
        "@id": "node/11690829652",
        "highway": "traffic_signals"
      },
      "geometry": {
        "type": "Point",
        "coordinates": [
          77.5578156,
          13.0182871
        ]
      },
      "id": "node/11690829652"
    },
    {
      "type": "Feature",
      "properties": {
        "@id": "node/11707451093",
        "highway": "traffic_signals",
        "traffic_signals": "signal"
      },
      "geometry": {
        "type": "Point",
        "coordinates": [
          77.6175137,
          12.9655368
        ]
      },
      "id": "node/11707451093"
    },
    {
      "type": "Feature",
      "properties": {
        "@id": "node/11707451095",
        "highway": "traffic_signals"
      },
      "geometry": {
        "type": "Point",
        "coordinates": [
          77.618003,
          12.9653456
        ]
      },
      "id": "node/11707451095"
    },
    {
      "type": "Feature",
      "properties": {
        "@id": "node/11707460670",
        "highway": "traffic_signals"
      },
      "geometry": {
        "type": "Point",
        "coordinates": [
          77.6193053,
          12.9714627
        ]
      },
      "id": "node/11707460670"
    },
    {
      "type": "Feature",
      "properties": {
        "@id": "node/11727973845",
        "highway": "traffic_signals",
        "traffic_signals": "signal"
      },
      "geometry": {
        "type": "Point",
        "coordinates": [
          77.5189319,
          12.9584255
        ]
      },
      "id": "node/11727973845"
    },
    {
      "type": "Feature",
      "properties": {
        "@id": "node/11727973847",
        "highway": "traffic_signals"
      },
      "geometry": {
        "type": "Point",
        "coordinates": [
          77.5187262,
          12.9579113
        ]
      },
      "id": "node/11727973847"
    },
    {
      "type": "Feature",
      "properties": {
        "@id": "node/11780306882",
        "highway": "traffic_signals"
      },
      "geometry": {
        "type": "Point",
        "coordinates": [
          77.6401606,
          12.9460702
        ]
      },
      "id": "node/11780306882"
    },
    {
      "type": "Feature",
      "properties": {
        "@id": "node/11780306883",
        "highway": "traffic_signals"
      },
      "geometry": {
        "type": "Point",
        "coordinates": [
          77.6399778,
          12.9459778
        ]
      },
      "id": "node/11780306883"
    },
    {
      "type": "Feature",
      "properties": {
        "@id": "node/11780319174",
        "highway": "traffic_signals"
      },
      "geometry": {
        "type": "Point",
        "coordinates": [
          77.6414906,
          12.9634406
        ]
      },
      "id": "node/11780319174"
    },
    {
      "type": "Feature",
      "properties": {
        "@id": "node/11780319175",
        "highway": "traffic_signals"
      },
      "geometry": {
        "type": "Point",
        "coordinates": [
          77.6415811,
          12.9632648
        ]
      },
      "id": "node/11780319175"
    },
    {
      "type": "Feature",
      "properties": {
        "@id": "node/11780319176",
        "highway": "traffic_signals"
      },
      "geometry": {
        "type": "Point",
        "coordinates": [
          77.641671,
          12.9634624
        ]
      },
      "id": "node/11780319176"
    },
    {
      "type": "Feature",
      "properties": {
        "@id": "node/11795755981",
        "highway": "traffic_signals"
      },
      "geometry": {
        "type": "Point",
        "coordinates": [
          77.5673692,
          12.9121758
        ]
      },
      "id": "node/11795755981"
    },
    {
      "type": "Feature",
      "properties": {
        "@id": "node/11801662688",
        "highway": "traffic_signals"
      },
      "geometry": {
        "type": "Point",
        "coordinates": [
          77.6483325,
          12.9870368
        ]
      },
      "id": "node/11801662688"
    },
    {
      "type": "Feature",
      "properties": {
        "@id": "node/11801662689",
        "highway": "traffic_signals"
      },
      "geometry": {
        "type": "Point",
        "coordinates": [
          77.648087,
          12.9871282
        ]
      },
      "id": "node/11801662689"
    },
    {
      "type": "Feature",
      "properties": {
        "@id": "node/11824558258",
        "highway": "traffic_signals",
        "traffic_signals": "signal"
      },
      "geometry": {
        "type": "Point",
        "coordinates": [
          77.5454345,
          12.8796663
        ]
      },
      "id": "node/11824558258"
    },
    {
      "type": "Feature",
      "properties": {
        "@id": "node/11824558264",
        "highway": "traffic_signals",
        "traffic_signals": "signal"
      },
      "geometry": {
        "type": "Point",
        "coordinates": [
          77.5457258,
          12.8796365
        ]
      },
      "id": "node/11824558264"
    },
    {
      "type": "Feature",
      "properties": {
        "@id": "node/11841864043",
        "highway": "traffic_signals"
      },
      "geometry": {
        "type": "Point",
        "coordinates": [
          77.6119418,
          13.0019156
        ]
      },
      "id": "node/11841864043"
    },
    {
      "type": "Feature",
      "properties": {
        "@id": "node/11843210612",
        "highway": "traffic_signals"
      },
      "geometry": {
        "type": "Point",
        "coordinates": [
          77.5575794,
          13.0189077
        ]
      },
      "id": "node/11843210612"
    },
    {
      "type": "Feature",
      "properties": {
        "@id": "node/11846247779",
        "highway": "traffic_signals",
        "traffic_signals:direction": "forward"
      },
      "geometry": {
        "type": "Point",
        "coordinates": [
          77.5106752,
          12.9040174
        ]
      },
      "id": "node/11846247779"
    },
    {
      "type": "Feature",
      "properties": {
        "@id": "node/11846423573",
        "highway": "traffic_signals"
      },
      "geometry": {
        "type": "Point",
        "coordinates": [
          77.5604202,
          12.9217167
        ]
      },
      "id": "node/11846423573"
    },
    {
      "type": "Feature",
      "properties": {
        "@id": "node/11853406315",
        "highway": "traffic_signals"
      },
      "geometry": {
        "type": "Point",
        "coordinates": [
          77.6144449,
          12.9970673
        ]
      },
      "id": "node/11853406315"
    },
    {
      "type": "Feature",
      "properties": {
        "@id": "node/11853576386",
        "highway": "traffic_signals"
      },
      "geometry": {
        "type": "Point",
        "coordinates": [
          77.6133543,
          12.9958461
        ]
      },
      "id": "node/11853576386"
    },
    {
      "type": "Feature",
      "properties": {
        "@id": "node/11854316025",
        "highway": "traffic_signals",
        "traffic_signals": "signal"
      },
      "geometry": {
        "type": "Point",
        "coordinates": [
          77.6101348,
          12.9704601
        ]
      },
      "id": "node/11854316025"
    },
    {
      "type": "Feature",
      "properties": {
        "@id": "node/11856705103",
        "highway": "traffic_signals",
        "traffic_signals": "signal",
        "traffic_signals:sound": "yes"
      },
      "geometry": {
        "type": "Point",
        "coordinates": [
          77.617187,
          12.9959298
        ]
      },
      "id": "node/11856705103"
    },
    {
      "type": "Feature",
      "properties": {
        "@id": "node/11856705104",
        "highway": "traffic_signals",
        "traffic_signals": "signal",
        "traffic_signals:sound": "yes"
      },
      "geometry": {
        "type": "Point",
        "coordinates": [
          77.6169707,
          12.9960154
        ]
      },
      "id": "node/11856705104"
    },
    {
      "type": "Feature",
      "properties": {
        "@id": "node/11856705121",
        "highway": "traffic_signals",
        "junction": "yes"
      },
      "geometry": {
        "type": "Point",
        "coordinates": [
          77.6146079,
          12.9915694
        ]
      },
      "id": "node/11856705121"
    },
    {
      "type": "Feature",
      "properties": {
        "@id": "node/11856875807",
        "highway": "traffic_signals",
        "traffic_signals": "signal"
      },
      "geometry": {
        "type": "Point",
        "coordinates": [
          77.6137921,
          12.9906965
        ]
      },
      "id": "node/11856875807"
    },
    {
      "type": "Feature",
      "properties": {
        "@id": "node/11856875821",
        "highway": "traffic_signals",
        "traffic_signals": "signal"
      },
      "geometry": {
        "type": "Point",
        "coordinates": [
          77.6140447,
          12.9904893
        ]
      },
      "id": "node/11856875821"
    },
    {
      "type": "Feature",
      "properties": {
        "@id": "node/11856875822",
        "highway": "traffic_signals",
        "traffic_signals": "signal"
      },
      "geometry": {
        "type": "Point",
        "coordinates": [
          77.6138361,
          12.9904468
        ]
      },
      "id": "node/11856875822"
    },
    {
      "type": "Feature",
      "properties": {
        "@id": "node/11857026800",
        "highway": "traffic_signals",
        "junction": "yes"
      },
      "geometry": {
        "type": "Point",
        "coordinates": [
          77.6143869,
          12.991786
        ]
      },
      "id": "node/11857026800"
    },
    {
      "type": "Feature",
      "properties": {
        "@id": "node/11860340624",
        "highway": "traffic_signals",
        "traffic_signals": "signal",
        "traffic_signals:direction": "backward"
      },
      "geometry": {
        "type": "Point",
        "coordinates": [
          77.6799598,
          12.9546805
        ]
      },
      "id": "node/11860340624"
    },
    {
      "type": "Feature",
      "properties": {
        "@id": "node/11860340625",
        "highway": "traffic_signals",
        "traffic_signals": "signal"
      },
      "geometry": {
        "type": "Point",
        "coordinates": [
          77.6800391,
          12.9544524
        ]
      },
      "id": "node/11860340625"
    },
    {
      "type": "Feature",
      "properties": {
        "@id": "node/11860340626",
        "highway": "traffic_signals",
        "traffic_signals": "signal"
      },
      "geometry": {
        "type": "Point",
        "coordinates": [
          77.6797301,
          12.9546555
        ]
      },
      "id": "node/11860340626"
    },
    {
      "type": "Feature",
      "properties": {
        "@id": "node/11890611421",
        "highway": "traffic_signals"
      },
      "geometry": {
        "type": "Point",
        "coordinates": [
          77.4996639,
          12.9518999
        ]
      },
      "id": "node/11890611421"
    },
    {
      "type": "Feature",
      "properties": {
        "@id": "node/11898236318",
        "highway": "traffic_signals",
        "traffic_signals": "signal"
      },
      "geometry": {
        "type": "Point",
        "coordinates": [
          77.5710906,
          13.0085304
        ]
      },
      "id": "node/11898236318"
    },
    {
      "type": "Feature",
      "properties": {
        "@id": "node/11898236319",
        "highway": "traffic_signals",
        "traffic_signals": "signal"
      },
      "geometry": {
        "type": "Point",
        "coordinates": [
          77.5711978,
          13.0084702
        ]
      },
      "id": "node/11898236319"
    },
    {
      "type": "Feature",
      "properties": {
        "@id": "node/11898247208",
        "highway": "traffic_signals",
        "traffic_signals": "signal"
      },
      "geometry": {
        "type": "Point",
        "coordinates": [
          77.5692416,
          13.0085805
        ]
      },
      "id": "node/11898247208"
    },
    {
      "type": "Feature",
      "properties": {
        "@id": "node/11898247210",
        "highway": "traffic_signals",
        "traffic_signals": "signal"
      },
      "geometry": {
        "type": "Point",
        "coordinates": [
          77.5690533,
          13.0086264
        ]
      },
      "id": "node/11898247210"
    },
    {
      "type": "Feature",
      "properties": {
        "@id": "node/11898860862",
        "highway": "traffic_signals"
      },
      "geometry": {
        "type": "Point",
        "coordinates": [
          77.5694461,
          12.9970827
        ]
      },
      "id": "node/11898860862"
    },
    {
      "type": "Feature",
      "properties": {
        "@id": "node/11898868422",
        "button_operated": "yes",
        "crossing_ref": "zebra",
        "highway": "traffic_signals",
        "kerb": "flush",
        "supervised": "06:00-20:00",
        "traffic_signals:sound": "walk"
      },
      "geometry": {
        "type": "Point",
        "coordinates": [
          77.5712855,
          12.9992744
        ]
      },
      "id": "node/11898868422"
    },
    {
      "type": "Feature",
      "properties": {
        "@id": "node/11898958122",
        "highway": "traffic_signals"
      },
      "geometry": {
        "type": "Point",
        "coordinates": [
          77.5713693,
          12.993416
        ]
      },
      "id": "node/11898958122"
    },
    {
      "type": "Feature",
      "properties": {
        "@id": "node/11927462279",
        "highway": "traffic_signals"
      },
      "geometry": {
        "type": "Point",
        "coordinates": [
          77.62858,
          12.9070089
        ]
      },
      "id": "node/11927462279"
    },
    {
      "type": "Feature",
      "properties": {
        "@id": "node/11933333316",
        "highway": "traffic_signals",
        "traffic_signals": "signal"
      },
      "geometry": {
        "type": "Point",
        "coordinates": [
          77.5565269,
          13.0452743
        ]
      },
      "id": "node/11933333316"
    },
    {
      "type": "Feature",
      "properties": {
        "@id": "node/11937539311",
        "highway": "traffic_signals",
        "traffic_signals": "signal",
        "traffic_signals:direction": "forward"
      },
      "geometry": {
        "type": "Point",
        "coordinates": [
          77.5485572,
          12.883344
        ]
      },
      "id": "node/11937539311"
    },
    {
      "type": "Feature",
      "properties": {
        "@id": "node/11937539312",
        "highway": "traffic_signals",
        "traffic_signals": "signal",
        "traffic_signals:direction": "forward"
      },
      "geometry": {
        "type": "Point",
        "coordinates": [
          77.5484029,
          12.8835013
        ]
      },
      "id": "node/11937539312"
    },
    {
      "type": "Feature",
      "properties": {
        "@id": "node/11954211369",
        "highway": "traffic_signals",
        "traffic_signals": "signal"
      },
      "geometry": {
        "type": "Point",
        "coordinates": [
          77.5900332,
          13.0431453
        ]
      },
      "id": "node/11954211369"
    },
    {
      "type": "Feature",
      "properties": {
        "@id": "node/11954212343",
        "highway": "traffic_signals",
        "traffic_signals": "signal"
      },
      "geometry": {
        "type": "Point",
        "coordinates": [
          77.5836796,
          13.0145801
        ]
      },
      "id": "node/11954212343"
    },
    {
      "type": "Feature",
      "properties": {
        "@id": "node/11955000938",
        "highway": "traffic_signals"
      },
      "geometry": {
        "type": "Point",
        "coordinates": [
          77.5949917,
          12.9061379
        ]
      },
      "id": "node/11955000938"
    },
    {
      "type": "Feature",
      "properties": {
        "@id": "node/11955000939",
        "highway": "traffic_signals"
      },
      "geometry": {
        "type": "Point",
        "coordinates": [
          77.5949246,
          12.9063876
        ]
      },
      "id": "node/11955000939"
    },
    {
      "type": "Feature",
      "properties": {
        "@id": "node/11964711937",
        "highway": "traffic_signals",
        "junction": "yes",
        "name": "Gorguntepalaya Cross",
        "name:kn": "ಗೊರಗುಂಟೆಪಾಳ್ಯ ಕ್ರಾಸ್"
      },
      "geometry": {
        "type": "Point",
        "coordinates": [
          77.5401527,
          13.0291115
        ]
      },
      "id": "node/11964711937"
    },
    {
      "type": "Feature",
      "properties": {
        "@id": "node/12000425037",
        "highway": "traffic_signals",
        "traffic_signals": "signal"
      },
      "geometry": {
        "type": "Point",
        "coordinates": [
          77.5797907,
          12.9480548
        ]
      },
      "id": "node/12000425037"
    },
    {
      "type": "Feature",
      "properties": {
        "@id": "node/12000425038",
        "highway": "traffic_signals",
        "traffic_signals": "signal"
      },
      "geometry": {
        "type": "Point",
        "coordinates": [
          77.5799438,
          12.947975
        ]
      },
      "id": "node/12000425038"
    },
    {
      "type": "Feature",
      "properties": {
        "@id": "node/12000425044",
        "highway": "traffic_signals",
        "traffic_signals": "signal"
      },
      "geometry": {
        "type": "Point",
        "coordinates": [
          77.5801684,
          12.9485201
        ]
      },
      "id": "node/12000425044"
    },
    {
      "type": "Feature",
      "properties": {
        "@id": "node/12000425045",
        "highway": "traffic_signals",
        "traffic_signals": "signal"
      },
      "geometry": {
        "type": "Point",
        "coordinates": [
          77.5800497,
          12.9485887
        ]
      },
      "id": "node/12000425045"
    },
    {
      "type": "Feature",
      "properties": {
        "@id": "node/12000643122",
        "highway": "traffic_signals",
        "traffic_signals": "signal",
        "traffic_signals:direction": "backward"
      },
      "geometry": {
        "type": "Point",
        "coordinates": [
          77.5701207,
          12.9480734
        ]
      },
      "id": "node/12000643122"
    },
    {
      "type": "Feature",
      "properties": {
        "@id": "node/12000643123",
        "crossing": "traffic_signals",
        "highway": "traffic_signals",
        "traffic_signals:direction": "forward"
      },
      "geometry": {
        "type": "Point",
        "coordinates": [
          77.5701099,
          12.9483657
        ]
      },
      "id": "node/12000643123"
    },
    {
      "type": "Feature",
      "properties": {
        "@id": "node/12006313287",
        "highway": "traffic_signals",
        "traffic_signals:countdown": "yes"
      },
      "geometry": {
        "type": "Point",
        "coordinates": [
          77.5631556,
          13.0090033
        ]
      },
      "id": "node/12006313287"
    },
    {
      "type": "Feature",
      "properties": {
        "@id": "node/12006381703",
        "highway": "traffic_signals"
      },
      "geometry": {
        "type": "Point",
        "coordinates": [
          77.6255063,
          12.9750927
        ]
      },
      "id": "node/12006381703"
    },
    {
      "type": "Feature",
      "properties": {
        "@id": "node/12040922852",
        "highway": "traffic_signals",
        "traffic_signals": "signal",
        "traffic_signals:direction": "forward"
      },
      "geometry": {
        "type": "Point",
        "coordinates": [
          77.6728596,
          12.88855
        ]
      },
      "id": "node/12040922852"
    },
    {
      "type": "Feature",
      "properties": {
        "@id": "node/12059785431",
        "highway": "traffic_signals"
      },
      "geometry": {
        "type": "Point",
        "coordinates": [
          77.5602909,
          12.9220441
        ]
      },
      "id": "node/12059785431"
    },
    {
      "type": "Feature",
      "properties": {
        "@id": "node/12059785432",
        "highway": "traffic_signals"
      },
      "geometry": {
        "type": "Point",
        "coordinates": [
          77.5600956,
          12.9219797
        ]
      },
      "id": "node/12059785432"
    },
    {
      "type": "Feature",
      "properties": {
        "@id": "node/12059868183",
        "highway": "traffic_signals"
      },
      "geometry": {
        "type": "Point",
        "coordinates": [
          77.5370762,
          13.0305986
        ]
      },
      "id": "node/12059868183"
    },
    {
      "type": "Feature",
      "properties": {
        "@id": "node/12059868184",
        "highway": "traffic_signals"
      },
      "geometry": {
        "type": "Point",
        "coordinates": [
          77.5373291,
          13.0302862
        ]
      },
      "id": "node/12059868184"
    },
    {
      "type": "Feature",
      "properties": {
        "@id": "node/12060569557",
        "highway": "traffic_signals",
        "traffic_signals": "signal"
      },
      "geometry": {
        "type": "Point",
        "coordinates": [
          77.5462087,
          12.9279735
        ]
      },
      "id": "node/12060569557"
    },
    {
      "type": "Feature",
      "properties": {
        "@id": "node/12060592381",
        "highway": "traffic_signals"
      },
      "geometry": {
        "type": "Point",
        "coordinates": [
          77.5498815,
          12.9254845
        ]
      },
      "id": "node/12060592381"
    },
    {
      "type": "Feature",
      "properties": {
        "@id": "node/12060592382",
        "highway": "traffic_signals",
        "traffic_signals:direction": "backward"
      },
      "geometry": {
        "type": "Point",
        "coordinates": [
          77.5498857,
          12.925251
        ]
      },
      "id": "node/12060592382"
    },
    {
      "type": "Feature",
      "properties": {
        "@id": "node/12060646306",
        "highway": "traffic_signals"
      },
      "geometry": {
        "type": "Point",
        "coordinates": [
          77.5671365,
          12.9126294
        ]
      },
      "id": "node/12060646306"
    },
    {
      "type": "Feature",
      "properties": {
        "@id": "node/12060646307",
        "highway": "traffic_signals"
      },
      "geometry": {
        "type": "Point",
        "coordinates": [
          77.5672857,
          12.9126932
        ]
      },
      "id": "node/12060646307"
    },
    {
      "type": "Feature",
      "properties": {
        "@id": "node/12060861674",
        "button_operated": "no",
        "highway": "traffic_signals",
        "red_turn:right:bicycle": "no",
        "red_turn:straight:bicycle": "no",
        "traffic_signals": "signal",
        "traffic_signals:direction": "forward"
      },
      "geometry": {
        "type": "Point",
        "coordinates": [
          77.6954711,
          12.9394858
        ]
      },
      "id": "node/12060861674"
    },
    {
      "type": "Feature",
      "properties": {
        "@id": "node/12060861675",
        "button_operated": "no",
        "highway": "traffic_signals",
        "red_turn:right:bicycle": "no",
        "red_turn:straight:bicycle": "no",
        "traffic_signals": "signal",
        "traffic_signals:direction": "forward"
      },
      "geometry": {
        "type": "Point",
        "coordinates": [
          77.6949241,
          12.9393289
        ]
      },
      "id": "node/12060861675"
    },
    {
      "type": "Feature",
      "properties": {
        "@id": "node/12062818309",
        "highway": "traffic_signals",
        "traffic_signals": "signal"
      },
      "geometry": {
        "type": "Point",
        "coordinates": [
          77.5800114,
          12.9548761
        ]
      },
      "id": "node/12062818309"
    },
    {
      "type": "Feature",
      "properties": {
        "@id": "node/12064311431",
        "highway": "traffic_signals",
        "traffic_signals": "signal"
      },
      "geometry": {
        "type": "Point",
        "coordinates": [
          77.5789135,
          13.0063105
        ]
      },
      "id": "node/12064311431"
    },
    {
      "type": "Feature",
      "properties": {
        "@id": "node/12068481099",
        "highway": "traffic_signals",
        "traffic_signals:direction": "forward"
      },
      "geometry": {
        "type": "Point",
        "coordinates": [
          77.550839,
          12.9900793
        ]
      },
      "id": "node/12068481099"
    },
    {
      "type": "Feature",
      "properties": {
        "@id": "node/12068481101",
        "highway": "traffic_signals",
        "traffic_signals:direction": "forward"
      },
      "geometry": {
        "type": "Point",
        "coordinates": [
          77.5504785,
          12.9901318
        ]
      },
      "id": "node/12068481101"
    },
    {
      "type": "Feature",
      "properties": {
        "@id": "node/12068481103",
        "highway": "traffic_signals"
      },
      "geometry": {
        "type": "Point",
        "coordinates": [
          77.5497691,
          12.9877604
        ]
      },
      "id": "node/12068481103"
    },
    {
      "type": "Feature",
      "properties": {
        "@id": "node/12068481105",
        "highway": "traffic_signals",
        "junction": "yes",
        "name": "National Public School Circle",
        "name:kn": "ನ್ಯಾಶನಲ್ ಪಬ್ಲಿಕ್ ಶಾಲೆ ವೃತ್ತ"
      },
      "geometry": {
        "type": "Point",
        "coordinates": [
          77.5488549,
          12.9843867
        ]
      },
      "id": "node/12068481105"
    },
    {
      "type": "Feature",
      "properties": {
        "@id": "node/12068481130",
        "highway": "traffic_signals",
        "traffic_signals": "signal",
        "traffic_signals:direction": "backward"
      },
      "geometry": {
        "type": "Point",
        "coordinates": [
          77.5489101,
          13.0038943
        ]
      },
      "id": "node/12068481130"
    },
    {
      "type": "Feature",
      "properties": {
        "@id": "node/12073881083",
        "crossing": "traffic_signals",
        "highway": "traffic_signals"
      },
      "geometry": {
        "type": "Point",
        "coordinates": [
          77.6402197,
          12.8892473
        ]
      },
      "id": "node/12073881083"
    },
    {
      "type": "Feature",
      "properties": {
        "@id": "node/12074449280",
        "highway": "traffic_signals"
      },
      "geometry": {
        "type": "Point",
        "coordinates": [
          77.6283639,
          12.9245863
        ]
      },
      "id": "node/12074449280"
    },
    {
      "type": "Feature",
      "properties": {
        "@id": "node/12074449281",
        "highway": "traffic_signals",
        "traffic_signals:direction": "forward"
      },
      "geometry": {
        "type": "Point",
        "coordinates": [
          77.6283474,
          12.9246574
        ]
      },
      "id": "node/12074449281"
    },
    {
      "type": "Feature",
      "properties": {
        "@id": "node/12074449291",
        "highway": "traffic_signals",
        "traffic_signals:sound": "no",
        "traffic_signals:vibration": "no"
      },
      "geometry": {
        "type": "Point",
        "coordinates": [
          77.6284461,
          12.9244249
        ]
      },
      "id": "node/12074449291"
    },
    {
      "type": "Feature",
      "properties": {
        "@id": "node/12074449292",
        "button_operated": "no",
        "highway": "traffic_signals",
        "traffic_signals:sound": "no",
        "traffic_signals:vibration": "no"
      },
      "geometry": {
        "type": "Point",
        "coordinates": [
          77.6291454,
          12.9241089
        ]
      },
      "id": "node/12074449292"
    },
    {
      "type": "Feature",
      "properties": {
        "@id": "node/12075650280",
        "highway": "traffic_signals",
        "traffic_signals:direction": "backward"
      },
      "geometry": {
        "type": "Point",
        "coordinates": [
          77.5907627,
          13.0100972
        ]
      },
      "id": "node/12075650280"
    },
    {
      "type": "Feature",
      "properties": {
        "@id": "node/12077171239",
        "highway": "traffic_signals",
        "traffic_signals": "signal"
      },
      "geometry": {
        "type": "Point",
        "coordinates": [
          77.5802666,
          12.9551212
        ]
      },
      "id": "node/12077171239"
    },
    {
      "type": "Feature",
      "properties": {
        "@id": "node/12077171240",
        "highway": "traffic_signals",
        "traffic_signals": "signal"
      },
      "geometry": {
        "type": "Point",
        "coordinates": [
          77.5797627,
          12.9552853
        ]
      },
      "id": "node/12077171240"
    },
    {
      "type": "Feature",
      "properties": {
        "@id": "node/12077171241",
        "highway": "traffic_signals",
        "traffic_signals": "signal"
      },
      "geometry": {
        "type": "Point",
        "coordinates": [
          77.5797404,
          12.9551115
        ]
      },
      "id": "node/12077171241"
    },
    {
      "type": "Feature",
      "properties": {
        "@id": "node/12101720464",
        "highway": "traffic_signals",
        "traffic_signals": "traffic_lights",
        "traffic_signals:direction": "forward"
      },
      "geometry": {
        "type": "Point",
        "coordinates": [
          77.6007697,
          12.9653002
        ]
      },
      "id": "node/12101720464"
    },
    {
      "type": "Feature",
      "properties": {
        "@id": "node/12107761086",
        "highway": "traffic_signals",
        "name": "Thippasandra Cross",
        "name:kn": "ತಿಪ್ಪಸಂದ್ರ ಕ್ರಾಸ್"
      },
      "geometry": {
        "type": "Point",
        "coordinates": [
          77.6469751,
          12.9731923
        ]
      },
      "id": "node/12107761086"
    },
    {
      "type": "Feature",
      "properties": {
        "@id": "node/12107776959",
        "highway": "traffic_signals",
        "traffic_signals": "signal",
        "traffic_signals:countdown": "yes",
        "traffic_signals:direction": "backward"
      },
      "geometry": {
        "type": "Point",
        "coordinates": [
          77.647706,
          12.9690153
        ]
      },
      "id": "node/12107776959"
    },
    {
      "type": "Feature",
      "properties": {
        "@id": "node/12110804691",
        "highway": "traffic_signals",
        "traffic_signals": "signal"
      },
      "geometry": {
        "type": "Point",
        "coordinates": [
          77.5852842,
          12.9540118
        ]
      },
      "id": "node/12110804691"
    },
    {
      "type": "Feature",
      "properties": {
        "@id": "node/12110823225",
        "highway": "traffic_signals",
        "traffic_signals": "signal"
      },
      "geometry": {
        "type": "Point",
        "coordinates": [
          77.5901998,
          12.9517241
        ]
      },
      "id": "node/12110823225"
    },
    {
      "type": "Feature",
      "properties": {
        "@id": "node/12110823226",
        "highway": "traffic_signals",
        "traffic_signals": "signal"
      },
      "geometry": {
        "type": "Point",
        "coordinates": [
          77.5908495,
          12.9513994
        ]
      },
      "id": "node/12110823226"
    },
    {
      "type": "Feature",
      "properties": {
        "@id": "node/12110823227",
        "highway": "traffic_signals",
        "traffic_signals": "signal"
      },
      "geometry": {
        "type": "Point",
        "coordinates": [
          77.59067,
          12.9518529
        ]
      },
      "id": "node/12110823227"
    },
    {
      "type": "Feature",
      "properties": {
        "@id": "node/12111889685",
        "highway": "traffic_signals",
        "traffic_signals": "signal",
        "traffic_signals:countdown": "yes"
      },
      "geometry": {
        "type": "Point",
        "coordinates": [
          77.5865612,
          12.9659126
        ]
      },
      "id": "node/12111889685"
    },
    {
      "type": "Feature",
      "properties": {
        "@id": "node/12111944876",
        "highway": "traffic_signals",
        "traffic_signals": "signal"
      },
      "geometry": {
        "type": "Point",
        "coordinates": [
          77.6584665,
          12.9714749
        ]
      },
      "id": "node/12111944876"
    },
    {
      "type": "Feature",
      "properties": {
        "@id": "node/12120691271",
        "highway": "traffic_signals"
      },
      "geometry": {
        "type": "Point",
        "coordinates": [
          77.6048693,
          12.9707677
        ]
      },
      "id": "node/12120691271"
    },
    {
      "type": "Feature",
      "properties": {
        "@id": "node/12120691272",
        "highway": "traffic_signals"
      },
      "geometry": {
        "type": "Point",
        "coordinates": [
          77.6046571,
          12.9708359
        ]
      },
      "id": "node/12120691272"
    },
    {
      "type": "Feature",
      "properties": {
        "@id": "node/12123536071",
        "crossing": "traffic_signals",
        "highway": "traffic_signals",
        "traffic_signals:direction": "forward"
      },
      "geometry": {
        "type": "Point",
        "coordinates": [
          77.5745237,
          12.980811
        ]
      },
      "id": "node/12123536071"
    },
    {
      "type": "Feature",
      "properties": {
        "@id": "node/12123831581",
        "crossing": "no",
        "highway": "traffic_signals",
        "traffic_signals:direction": "backward"
      },
      "geometry": {
        "type": "Point",
        "coordinates": [
          77.5804419,
          12.9199361
        ]
      },
      "id": "node/12123831581"
    },
    {
      "type": "Feature",
      "properties": {
        "@id": "node/12123831582",
        "crossing": "no",
        "highway": "traffic_signals"
      },
      "geometry": {
        "type": "Point",
        "coordinates": [
          77.5803126,
          12.9200308
        ]
      },
      "id": "node/12123831582"
    },
    {
      "type": "Feature",
      "properties": {
        "@id": "node/12123831583",
        "crossing": "no",
        "highway": "traffic_signals"
      },
      "geometry": {
        "type": "Point",
        "coordinates": [
          77.5802082,
          12.9198372
        ]
      },
      "id": "node/12123831583"
    },
    {
      "type": "Feature",
      "properties": {
        "@id": "node/12123831584",
        "crossing": "no",
        "highway": "traffic_signals",
        "traffic_signals:direction": "forward"
      },
      "geometry": {
        "type": "Point",
        "coordinates": [
          77.5800604,
          12.9199448
        ]
      },
      "id": "node/12123831584"
    },
    {
      "type": "Feature",
      "properties": {
        "@id": "node/12128921374",
        "button_operated": "no",
        "crossing": "traffic_signals",
        "highway": "traffic_signals",
        "traffic_signals:sound": "no",
        "traffic_signals:vibration": "no"
      },
      "geometry": {
        "type": "Point",
        "coordinates": [
          77.5892656,
          12.9634942
        ]
      },
      "id": "node/12128921374"
    },
    {
      "type": "Feature",
      "properties": {
        "@id": "node/12128943114",
        "highway": "traffic_signals",
        "traffic_signals": "signal"
      },
      "geometry": {
        "type": "Point",
        "coordinates": [
          77.588418,
          12.9674864
        ]
      },
      "id": "node/12128943114"
    },
    {
      "type": "Feature",
      "properties": {
        "@id": "node/12134062487",
        "highway": "traffic_signals",
        "traffic_signals": "signal"
      },
      "geometry": {
        "type": "Point",
        "coordinates": [
          77.581299,
          12.9733255
        ]
      },
      "id": "node/12134062487"
    },
    {
      "type": "Feature",
      "properties": {
        "@id": "node/12134224864",
        "highway": "traffic_signals",
        "traffic_signals": "signal",
        "traffic_signals:countdown": "yes"
      },
      "geometry": {
        "type": "Point",
        "coordinates": [
          77.6919012,
          12.9557817
        ]
      },
      "id": "node/12134224864"
    },
    {
      "type": "Feature",
      "properties": {
        "@id": "node/12134224865",
        "highway": "traffic_signals",
        "traffic_signals": "signal",
        "traffic_signals:countdown": "yes"
      },
      "geometry": {
        "type": "Point",
        "coordinates": [
          77.6917859,
          12.9559391
        ]
      },
      "id": "node/12134224865"
    },
    {
      "type": "Feature",
      "properties": {
        "@id": "node/12135211600",
        "highway": "traffic_signals"
      },
      "geometry": {
        "type": "Point",
        "coordinates": [
          77.592954,
          12.9895265
        ]
      },
      "id": "node/12135211600"
    },
    {
      "type": "Feature",
      "properties": {
        "@id": "node/12138994485",
        "highway": "traffic_signals"
      },
      "geometry": {
        "type": "Point",
        "coordinates": [
          77.5865956,
          12.9816187
        ]
      },
      "id": "node/12138994485"
    },
    {
      "type": "Feature",
      "properties": {
        "@id": "node/12138994486",
        "highway": "traffic_signals"
      },
      "geometry": {
        "type": "Point",
        "coordinates": [
          77.5868178,
          12.9818126
        ]
      },
      "id": "node/12138994486"
    },
    {
      "type": "Feature",
      "properties": {
        "@id": "node/12139153727",
        "highway": "traffic_signals"
      },
      "geometry": {
        "type": "Point",
        "coordinates": [
          77.6075231,
          12.9935192
        ]
      },
      "id": "node/12139153727"
    },
    {
      "type": "Feature",
      "properties": {
        "@id": "node/12139153728",
        "highway": "traffic_signals"
      },
      "geometry": {
        "type": "Point",
        "coordinates": [
          77.6071815,
          12.9934405
        ]
      },
      "id": "node/12139153728"
    },
    {
      "type": "Feature",
      "properties": {
        "@id": "node/12139153743",
        "highway": "traffic_signals",
        "traffic_signals": "signal",
        "traffic_signals:direction": "backward"
      },
      "geometry": {
        "type": "Point",
        "coordinates": [
          77.6096885,
          12.9925606
        ]
      },
      "id": "node/12139153743"
    },
    {
      "type": "Feature",
      "properties": {
        "@id": "node/12139240707",
        "highway": "traffic_signals"
      },
      "geometry": {
        "type": "Point",
        "coordinates": [
          77.5769797,
          12.9804293
        ]
      },
      "id": "node/12139240707"
    },
    {
      "type": "Feature",
      "properties": {
        "@id": "node/12144670572",
        "crossing": "traffic_signals",
        "highway": "traffic_signals",
        "note": "No right turn"
      },
      "geometry": {
        "type": "Point",
        "coordinates": [
          77.6228427,
          12.9815091
        ]
      },
      "id": "node/12144670572"
    },
    {
      "type": "Feature",
      "properties": {
        "@id": "node/12145344714",
        "highway": "traffic_signals",
        "traffic_signals:direction": "forward"
      },
      "geometry": {
        "type": "Point",
        "coordinates": [
          77.5772254,
          12.9560563
        ]
      },
      "id": "node/12145344714"
    },
    {
      "type": "Feature",
      "properties": {
        "@id": "node/12145344737",
        "highway": "traffic_signals",
        "traffic_signals:direction": "forward"
      },
      "geometry": {
        "type": "Point",
        "coordinates": [
          77.577393,
          12.9564266
        ]
      },
      "id": "node/12145344737"
    },
    {
      "type": "Feature",
      "properties": {
        "@id": "node/12145344750",
        "highway": "traffic_signals",
        "traffic_signals:direction": "forward"
      },
      "geometry": {
        "type": "Point",
        "coordinates": [
          77.5738575,
          12.9531695
        ]
      },
      "id": "node/12145344750"
    },
    {
      "type": "Feature",
      "properties": {
        "@id": "node/12145344751",
        "highway": "traffic_signals",
        "traffic_signals:direction": "backward"
      },
      "geometry": {
        "type": "Point",
        "coordinates": [
          77.5734741,
          12.9531995
        ]
      },
      "id": "node/12145344751"
    },
    {
      "type": "Feature",
      "properties": {
        "@id": "node/12147813610",
        "highway": "traffic_signals",
        "traffic_signals": "signal"
      },
      "geometry": {
        "type": "Point",
        "coordinates": [
          77.594483,
          12.9818479
        ]
      },
      "id": "node/12147813610"
    },
    {
      "type": "Feature",
      "properties": {
        "@id": "node/12147816740",
        "highway": "traffic_signals",
        "traffic_signals": "signal"
      },
      "geometry": {
        "type": "Point",
        "coordinates": [
          77.5995117,
          12.9765511
        ]
      },
      "id": "node/12147816740"
    },
    {
      "type": "Feature",
      "properties": {
        "@id": "node/12147929620",
        "highway": "traffic_signals",
        "traffic_signals": "signal"
      },
      "geometry": {
        "type": "Point",
        "coordinates": [
          77.5819139,
          12.9846592
        ]
      },
      "id": "node/12147929620"
    },
    {
      "type": "Feature",
      "properties": {
        "@id": "node/12168378213",
        "highway": "traffic_signals",
        "traffic_signals": "signal"
      },
      "geometry": {
        "type": "Point",
        "coordinates": [
          77.6134078,
          12.93179
        ]
      },
      "id": "node/12168378213"
    },
    {
      "type": "Feature",
      "properties": {
        "@id": "node/12168378241",
        "highway": "traffic_signals"
      },
      "geometry": {
        "type": "Point",
        "coordinates": [
          77.5955215,
          12.945892
        ]
      },
      "id": "node/12168378241"
    },
    {
      "type": "Feature",
      "properties": {
        "@id": "node/12169759725",
        "highway": "traffic_signals"
      },
      "geometry": {
        "type": "Point",
        "coordinates": [
          77.6953035,
          12.9311704
        ]
      },
      "id": "node/12169759725"
    },
    {
      "type": "Feature",
      "properties": {
        "@id": "node/12169759728",
        "highway": "traffic_signals"
      },
      "geometry": {
        "type": "Point",
        "coordinates": [
          77.6951192,
          12.9313721
        ]
      },
      "id": "node/12169759728"
    },
    {
      "type": "Feature",
      "properties": {
        "@id": "node/12229871103",
        "highway": "traffic_signals",
        "traffic_signals": "signal",
        "traffic_signals:countdown": "yes",
        "traffic_signals:direction": "forward"
      },
      "geometry": {
        "type": "Point",
        "coordinates": [
          77.5803998,
          12.9065911
        ]
      },
      "id": "node/12229871103"
    },
    {
      "type": "Feature",
      "properties": {
        "@id": "node/12229871104",
        "highway": "traffic_signals",
        "traffic_signals": "signal",
        "traffic_signals:countdown": "yes",
        "traffic_signals:direction": "backward"
      },
      "geometry": {
        "type": "Point",
        "coordinates": [
          77.5803985,
          12.9062056
        ]
      },
      "id": "node/12229871104"
    },
    {
      "type": "Feature",
      "properties": {
        "@id": "node/12291502365",
        "highway": "traffic_signals"
      },
      "geometry": {
        "type": "Point",
        "coordinates": [
          77.5685584,
          13.0340501
        ]
      },
      "id": "node/12291502365"
    },
    {
      "type": "Feature",
      "properties": {
        "@id": "node/12301590044",
        "highway": "traffic_signals",
        "traffic_signals": "signal",
        "traffic_signals:countdown": "yes"
      },
      "geometry": {
        "type": "Point",
        "coordinates": [
          77.6358413,
          13.0316187
        ]
      },
      "id": "node/12301590044"
    },
    {
      "type": "Feature",
      "properties": {
        "@id": "node/12301590045",
        "highway": "traffic_signals",
        "traffic_signals": "signal",
        "traffic_signals:countdown": "yes"
      },
      "geometry": {
        "type": "Point",
        "coordinates": [
          77.6360132,
          13.0316875
        ]
      },
      "id": "node/12301590045"
    },
    {
      "type": "Feature",
      "properties": {
        "@id": "node/12301590046",
        "highway": "traffic_signals",
        "traffic_signals": "signal",
        "traffic_signals:countdown": "yes",
        "traffic_signals:direction": "backward"
      },
      "geometry": {
        "type": "Point",
        "coordinates": [
          77.6358464,
          13.0317379
        ]
      },
      "id": "node/12301590046"
    },
    {
      "type": "Feature",
      "properties": {
        "@id": "node/12301590052",
        "highway": "traffic_signals",
        "traffic_signals:countdown": "yes",
        "traffic_signals:direction": "backward"
      },
      "geometry": {
        "type": "Point",
        "coordinates": [
          77.6459924,
          13.0528885
        ]
      },
      "id": "node/12301590052"
    },
    {
      "type": "Feature",
      "properties": {
        "@id": "node/12351736608",
        "highway": "traffic_signals"
      },
      "geometry": {
        "type": "Point",
        "coordinates": [
          77.5837174,
          12.930726
        ]
      },
      "id": "node/12351736608"
    },
    {
      "type": "Feature",
      "properties": {
        "@id": "node/12353375375",
        "highway": "traffic_signals",
        "name": "SRS"
      },
      "geometry": {
        "type": "Point",
        "coordinates": [
          77.5296348,
          13.0345719
        ]
      },
      "id": "node/12353375375"
    },
    {
      "type": "Feature",
      "properties": {
        "@id": "node/12378776040",
        "highway": "traffic_signals"
      },
      "geometry": {
        "type": "Point",
        "coordinates": [
          77.5932236,
          13.0057213
        ]
      },
      "id": "node/12378776040"
    },
    {
      "type": "Feature",
      "properties": {
        "@id": "node/12378776041",
        "highway": "traffic_signals"
      },
      "geometry": {
        "type": "Point",
        "coordinates": [
          77.5932558,
          13.0054678
        ]
      },
      "id": "node/12378776041"
    },
    {
      "type": "Feature",
      "properties": {
        "@id": "node/12421958514",
        "highway": "traffic_signals",
        "traffic_signals": "signal"
      },
      "geometry": {
        "type": "Point",
        "coordinates": [
          77.5760561,
          12.975533
        ]
      },
      "id": "node/12421958514"
    },
    {
      "type": "Feature",
      "properties": {
        "@id": "node/12421958517",
        "highway": "traffic_signals"
      },
      "geometry": {
        "type": "Point",
        "coordinates": [
          77.5746583,
          12.9754617
        ]
      },
      "id": "node/12421958517"
    },
    {
      "type": "Feature",
      "properties": {
        "@id": "node/12421958518",
        "highway": "traffic_signals"
      },
      "geometry": {
        "type": "Point",
        "coordinates": [
          77.5748922,
          12.9755377
        ]
      },
      "id": "node/12421958518"
    },
    {
      "type": "Feature",
      "properties": {
        "@id": "node/12425345227",
        "button_operated": "yes",
        "crossing_ref": "zebra",
        "highway": "traffic_signals",
        "kerb": "flush",
        "supervised": "06:00-20:00",
        "traffic_signals:sound": "walk"
      },
      "geometry": {
        "type": "Point",
        "coordinates": [
          77.5714022,
          12.9992154
        ]
      },
      "id": "node/12425345227"
    },
    {
      "type": "Feature",
      "properties": {
        "@id": "node/12429482558",
        "highway": "traffic_signals",
        "traffic_signals": "signal"
      },
      "geometry": {
        "type": "Point",
        "coordinates": [
          77.5820487,
          12.9845899
        ]
      },
      "id": "node/12429482558"
    },
    {
      "type": "Feature",
      "properties": {
        "@id": "node/12429523361",
        "highway": "traffic_signals"
      },
      "geometry": {
        "type": "Point",
        "coordinates": [
          77.5330143,
          12.9599337
        ]
      },
      "id": "node/12429523361"
    },
    {
      "type": "Feature",
      "properties": {
        "@id": "node/12429523363",
        "highway": "traffic_signals"
      },
      "geometry": {
        "type": "Point",
        "coordinates": [
          77.5353419,
          12.9659569
        ]
      },
      "id": "node/12429523363"
    },
    {
      "type": "Feature",
      "properties": {
        "@id": "node/12429523365",
        "highway": "traffic_signals",
        "traffic_signals:direction": "backward"
      },
      "geometry": {
        "type": "Point",
        "coordinates": [
          77.5356817,
          12.9659558
        ]
      },
      "id": "node/12429523365"
    },
    {
      "type": "Feature",
      "properties": {
        "@id": "node/12429523369",
        "highway": "traffic_signals",
        "traffic_signals": "signal",
        "traffic_signals:direction": "forward"
      },
      "geometry": {
        "type": "Point",
        "coordinates": [
          77.5385023,
          12.9730026
        ]
      },
      "id": "node/12429523369"
    },
    {
      "type": "Feature",
      "properties": {
        "@id": "node/12441126037",
        "highway": "traffic_signals",
        "traffic_signals:direction": "forward"
      },
      "geometry": {
        "type": "Point",
        "coordinates": [
          77.5373222,
          12.987984
        ]
      },
      "id": "node/12441126037"
    },
    {
      "type": "Feature",
      "properties": {
        "@id": "node/12441746024",
        "highway": "traffic_signals",
        "traffic_signals": "signal",
        "traffic_signals:direction": "backward"
      },
      "geometry": {
        "type": "Point",
        "coordinates": [
          77.5386174,
          12.9758188
        ]
      },
      "id": "node/12441746024"
    },
    {
      "type": "Feature",
      "properties": {
        "@id": "node/12441746025",
        "highway": "traffic_signals",
        "traffic_signals": "signal",
        "traffic_signals:direction": "backward"
      },
      "geometry": {
        "type": "Point",
        "coordinates": [
          77.5384055,
          12.9757195
        ]
      },
      "id": "node/12441746025"
    },
    {
      "type": "Feature",
      "properties": {
        "@id": "node/12441746026",
        "highway": "traffic_signals",
        "traffic_signals": "signal",
        "traffic_signals:direction": "forward"
      },
      "geometry": {
        "type": "Point",
        "coordinates": [
          77.5386814,
          12.975734
        ]
      },
      "id": "node/12441746026"
    },
    {
      "type": "Feature",
      "properties": {
        "@id": "node/12441746027",
        "highway": "traffic_signals",
        "traffic_signals": "signal",
        "traffic_signals:direction": "backward"
      },
      "geometry": {
        "type": "Point",
        "coordinates": [
          77.5385336,
          12.9756009
        ]
      },
      "id": "node/12441746027"
    },
    {
      "type": "Feature",
      "properties": {
        "@id": "node/12441856470",
        "highway": "traffic_signals"
      },
      "geometry": {
        "type": "Point",
        "coordinates": [
          77.5368826,
          12.9808324
        ]
      },
      "id": "node/12441856470"
    },
    {
      "type": "Feature",
      "properties": {
        "@id": "node/12441856493",
        "highway": "traffic_signals",
        "traffic_signals": "signal"
      },
      "geometry": {
        "type": "Point",
        "coordinates": [
          77.5370685,
          12.9803916
        ]
      },
      "id": "node/12441856493"
    },
    {
      "type": "Feature",
      "properties": {
        "@id": "node/12441867942",
        "highway": "traffic_signals",
        "traffic_signals:direction": "backward"
      },
      "geometry": {
        "type": "Point",
        "coordinates": [
          77.5376292,
          12.9879317
        ]
      },
      "id": "node/12441867942"
    },
    {
      "type": "Feature",
      "properties": {
        "@id": "node/12441867995",
        "highway": "traffic_signals",
        "traffic_signals:countdown": "yes"
      },
      "geometry": {
        "type": "Point",
        "coordinates": [
          77.5412835,
          12.9992647
        ]
      },
      "id": "node/12441867995"
    },
    {
      "type": "Feature",
      "properties": {
        "@id": "node/12441867996",
        "highway": "traffic_signals",
        "traffic_signals:countdown": "yes",
        "traffic_signals:direction": "backward"
      },
      "geometry": {
        "type": "Point",
        "coordinates": [
          77.5410874,
          12.9992135
        ]
      },
      "id": "node/12441867996"
    },
    {
      "type": "Feature",
      "properties": {
        "@id": "node/12441867997",
        "highway": "traffic_signals",
        "traffic_signals:countdown": "yes",
        "traffic_signals:direction": "forward"
      },
      "geometry": {
        "type": "Point",
        "coordinates": [
          77.5409984,
          12.9994211
        ]
      },
      "id": "node/12441867997"
    },
    {
      "type": "Feature",
      "properties": {
        "@id": "node/12441867998",
        "highway": "traffic_signals",
        "traffic_signals:countdown": "yes",
        "traffic_signals:direction": "forward"
      },
      "geometry": {
        "type": "Point",
        "coordinates": [
          77.5411392,
          12.9994817
        ]
      },
      "id": "node/12441867998"
    },
    {
      "type": "Feature",
      "properties": {
        "@id": "node/12451306646",
        "highway": "traffic_signals",
        "traffic_signals": "signal"
      },
      "geometry": {
        "type": "Point",
        "coordinates": [
          77.6153569,
          12.9358648
        ]
      },
      "id": "node/12451306646"
    },
    {
      "type": "Feature",
      "properties": {
        "@id": "node/12451306648",
        "highway": "traffic_signals",
        "traffic_signals": "signal"
      },
      "geometry": {
        "type": "Point",
        "coordinates": [
          77.6077626,
          12.944004
        ]
      },
      "id": "node/12451306648"
    },
    {
      "type": "Feature",
      "properties": {
        "@id": "node/12452734629",
        "highway": "traffic_signals",
        "traffic_signals": "signal"
      },
      "geometry": {
        "type": "Point",
        "coordinates": [
          77.6146486,
          12.9762054
        ]
      },
      "id": "node/12452734629"
    },
    {
      "type": "Feature",
      "properties": {
        "@id": "node/12452734630",
        "highway": "traffic_signals",
        "traffic_signals": "signal"
      },
      "geometry": {
        "type": "Point",
        "coordinates": [
          77.6147993,
          12.9764646
        ]
      },
      "id": "node/12452734630"
    },
    {
      "type": "Feature",
      "properties": {
        "@id": "node/12459218189",
        "highway": "traffic_signals"
      },
      "geometry": {
        "type": "Point",
        "coordinates": [
          77.5967771,
          12.9168636
        ]
      },
      "id": "node/12459218189"
    },
    {
      "type": "Feature",
      "properties": {
        "@id": "node/12459218190",
        "highway": "traffic_signals"
      },
      "geometry": {
        "type": "Point",
        "coordinates": [
          77.5969502,
          12.9167473
        ]
      },
      "id": "node/12459218190"
    },
    {
      "type": "Feature",
      "properties": {
        "@id": "node/12460929659",
        "highway": "traffic_signals",
        "traffic_signals": "signal"
      },
      "geometry": {
        "type": "Point",
        "coordinates": [
          77.6062257,
          12.968346
        ]
      },
      "id": "node/12460929659"
    },
    {
      "type": "Feature",
      "properties": {
        "@id": "node/12462507905",
        "alt_name": "Neelasandra Junction",
        "highway": "traffic_signals"
      },
      "geometry": {
        "type": "Point",
        "coordinates": [
          77.6086806,
          12.9667589
        ]
      },
      "id": "node/12462507905"
    },
    {
      "type": "Feature",
      "properties": {
        "@id": "node/12462507906",
        "alt_name": "Neelasandra Junction",
        "highway": "traffic_signals"
      },
      "geometry": {
        "type": "Point",
        "coordinates": [
          77.6087772,
          12.9665551
        ]
      },
      "id": "node/12462507906"
    },
    {
      "type": "Feature",
      "properties": {
        "@id": "node/12462507966",
        "highway": "traffic_signals",
        "traffic_signals": "signal"
      },
      "geometry": {
        "type": "Point",
        "coordinates": [
          77.6115269,
          12.9670902
        ]
      },
      "id": "node/12462507966"
    },
    {
      "type": "Feature",
      "properties": {
        "@id": "node/12466459946",
        "highway": "traffic_signals",
        "traffic_signals": "signal"
      },
      "geometry": {
        "type": "Point",
        "coordinates": [
          77.5760105,
          12.9622087
        ]
      },
      "id": "node/12466459946"
    },
    {
      "type": "Feature",
      "properties": {
        "@id": "node/12466459959",
        "highway": "traffic_signals",
        "traffic_signals": "signal"
      },
      "geometry": {
        "type": "Point",
        "coordinates": [
          77.5776537,
          12.9591296
        ]
      },
      "id": "node/12466459959"
    },
    {
      "type": "Feature",
      "properties": {
        "@id": "node/12466459977",
        "highway": "traffic_signals",
        "traffic_signals": "signal",
        "traffic_signals:direction": "forward"
      },
      "geometry": {
        "type": "Point",
        "coordinates": [
          77.5776465,
          12.9586617
        ]
      },
      "id": "node/12466459977"
    },
    {
      "type": "Feature",
      "properties": {
        "@id": "node/12466459995",
        "highway": "traffic_signals",
        "traffic_signals": "signal"
      },
      "geometry": {
        "type": "Point",
        "coordinates": [
          77.5747418,
          12.9596981
        ]
      },
      "id": "node/12466459995"
    },
    {
      "type": "Feature",
      "properties": {
        "@id": "node/12466459996",
        "highway": "traffic_signals",
        "traffic_signals": "signal",
        "traffic_signals:direction": "forward"
      },
      "geometry": {
        "type": "Point",
        "coordinates": [
          77.574386,
          12.9598301
        ]
      },
      "id": "node/12466459996"
    },
    {
      "type": "Feature",
      "properties": {
        "@id": "node/12466460042",
        "highway": "traffic_signals",
        "traffic_signals": "signal"
      },
      "geometry": {
        "type": "Point",
        "coordinates": [
          77.577775,
          12.9588299
        ]
      },
      "id": "node/12466460042"
    },
    {
      "type": "Feature",
      "properties": {
        "@id": "node/12466639117",
        "highway": "traffic_signals",
        "traffic_signals:direction": "forward"
      },
      "geometry": {
        "type": "Point",
        "coordinates": [
          77.6019402,
          12.9955586
        ]
      },
      "id": "node/12466639117"
    },
    {
      "type": "Feature",
      "properties": {
        "@id": "node/12492308046",
        "highway": "traffic_signals"
      },
      "geometry": {
        "type": "Point",
        "coordinates": [
          77.5857882,
          12.9168772
        ]
      },
      "id": "node/12492308046"
    },
    {
      "type": "Feature",
      "properties": {
        "@id": "node/12492308047",
        "highway": "traffic_signals"
      },
      "geometry": {
        "type": "Point",
        "coordinates": [
          77.5859401,
          12.9169731
        ]
      },
      "id": "node/12492308047"
    },
    {
      "type": "Feature",
      "properties": {
        "@id": "node/12492308048",
        "highway": "traffic_signals"
      },
      "geometry": {
        "type": "Point",
        "coordinates": [
          77.5857177,
          12.917096
        ]
      },
      "id": "node/12492308048"
    },
    {
      "type": "Feature",
      "properties": {
        "@id": "node/12492308147",
        "highway": "traffic_signals"
      },
      "geometry": {
        "type": "Point",
        "coordinates": [
          77.5949408,
          12.9169038
        ]
      },
      "id": "node/12492308147"
    },
    {
      "type": "Feature",
      "properties": {
        "@id": "node/12492308150",
        "highway": "traffic_signals"
      },
      "geometry": {
        "type": "Point",
        "coordinates": [
          77.5952352,
          12.9167892
        ]
      },
      "id": "node/12492308150"
    },
    {
      "type": "Feature",
      "properties": {
        "@id": "node/12492427237",
        "direction": "forward",
        "highway": "traffic_signals"
      },
      "geometry": {
        "type": "Point",
        "coordinates": [
          77.5839149,
          12.9331686
        ]
      },
      "id": "node/12492427237"
    },
    {
      "type": "Feature",
      "properties": {
        "@id": "node/12492427238",
        "highway": "traffic_signals"
      },
      "geometry": {
        "type": "Point",
        "coordinates": [
          77.583907,
          12.9328235
        ]
      },
      "id": "node/12492427238"
    },
    {
      "type": "Feature",
      "properties": {
        "@id": "node/12492427239",
        "highway": "traffic_signals"
      },
      "geometry": {
        "type": "Point",
        "coordinates": [
          77.5837185,
          12.9331704
        ]
      },
      "id": "node/12492427239"
    },
    {
      "type": "Feature",
      "properties": {
        "@id": "node/12492427329",
        "highway": "traffic_signals"
      },
      "geometry": {
        "type": "Point",
        "coordinates": [
          77.5862753,
          12.9285856
        ]
      },
      "id": "node/12492427329"
    },
    {
      "type": "Feature",
      "properties": {
        "@id": "node/12492427330",
        "highway": "traffic_signals"
      },
      "geometry": {
        "type": "Point",
        "coordinates": [
          77.5861041,
          12.9284358
        ]
      },
      "id": "node/12492427330"
    },
    {
      "type": "Feature",
      "properties": {
        "@id": "node/12492427331",
        "highway": "traffic_signals"
      },
      "geometry": {
        "type": "Point",
        "coordinates": [
          77.5860565,
          12.9287629
        ]
      },
      "id": "node/12492427331"
    },
    {
      "type": "Feature",
      "properties": {
        "@id": "node/12492427356",
        "direction": "backward",
        "highway": "traffic_signals"
      },
      "geometry": {
        "type": "Point",
        "coordinates": [
          77.5858301,
          12.9262944
        ]
      },
      "id": "node/12492427356"
    },
    {
      "type": "Feature",
      "properties": {
        "@id": "node/12492427357",
        "direction": "forward",
        "highway": "traffic_signals"
      },
      "geometry": {
        "type": "Point",
        "coordinates": [
          77.5861399,
          12.9262931
        ]
      },
      "id": "node/12492427357"
    },
    {
      "type": "Feature",
      "properties": {
        "@id": "node/12492427358",
        "highway": "traffic_signals"
      },
      "geometry": {
        "type": "Point",
        "coordinates": [
          77.5860974,
          12.9263884
        ]
      },
      "id": "node/12492427358"
    },
    {
      "type": "Feature",
      "properties": {
        "@id": "node/12492427359",
        "highway": "traffic_signals"
      },
      "geometry": {
        "type": "Point",
        "coordinates": [
          77.5859531,
          12.9261937
        ]
      },
      "id": "node/12492427359"
    },
    {
      "type": "Feature",
      "properties": {
        "@id": "node/12495143479",
        "highway": "traffic_signals"
      },
      "geometry": {
        "type": "Point",
        "coordinates": [
          77.5739828,
          12.943703
        ]
      },
      "id": "node/12495143479"
    },
    {
      "type": "Feature",
      "properties": {
        "@id": "node/12507214356",
        "highway": "traffic_signals",
        "junction": "yes"
      },
      "geometry": {
        "type": "Point",
        "coordinates": [
          77.5539642,
          12.9845262
        ]
      },
      "id": "node/12507214356"
    },
    {
      "type": "Feature",
      "properties": {
        "@id": "node/12507214357",
        "highway": "traffic_signals",
        "junction": "yes",
        "traffic_signals:direction": "backward"
      },
      "geometry": {
        "type": "Point",
        "coordinates": [
          77.5541702,
          12.984628
        ]
      },
      "id": "node/12507214357"
    },
    {
      "type": "Feature",
      "properties": {
        "@id": "node/12507214358",
        "highway": "traffic_signals",
        "junction": "yes",
        "traffic_signals:direction": "forward"
      },
      "geometry": {
        "type": "Point",
        "coordinates": [
          77.5541471,
          12.9842992
        ]
      },
      "id": "node/12507214358"
    },
    {
      "type": "Feature",
      "properties": {
        "@id": "node/12507214389",
        "highway": "traffic_signals",
        "traffic_signals": "signal"
      },
      "geometry": {
        "type": "Point",
        "coordinates": [
          77.5500845,
          12.9879583
        ]
      },
      "id": "node/12507214389"
    },
    {
      "type": "Feature",
      "properties": {
        "@id": "node/12508633833",
        "highway": "traffic_signals"
      },
      "geometry": {
        "type": "Point",
        "coordinates": [
          77.5406608,
          12.8741663
        ]
      },
      "id": "node/12508633833"
    },
    {
      "type": "Feature",
      "properties": {
        "@id": "node/12525432701",
        "highway": "traffic_signals",
        "traffic_signals": "signal"
      },
      "geometry": {
        "type": "Point",
        "coordinates": [
          77.5800905,
          12.9437981
        ]
      },
      "id": "node/12525432701"
    },
    {
      "type": "Feature",
      "properties": {
        "@id": "node/12531369249",
        "highway": "traffic_signals",
        "traffic_signals": "signal"
      },
      "geometry": {
        "type": "Point",
        "coordinates": [
          77.553685,
          13.004233
        ]
      },
      "id": "node/12531369249"
    },
    {
      "type": "Feature",
      "properties": {
        "@id": "node/12531369253",
        "highway": "traffic_signals",
        "traffic_signals": "signal"
      },
      "geometry": {
        "type": "Point",
        "coordinates": [
          77.5538909,
          13.0044046
        ]
      },
      "id": "node/12531369253"
    },
    {
      "type": "Feature",
      "properties": {
        "@id": "node/12531390543",
        "highway": "traffic_signals"
      },
      "geometry": {
        "type": "Point",
        "coordinates": [
          77.6252084,
          12.9749943
        ]
      },
      "id": "node/12531390543"
    },
    {
      "type": "Feature",
      "properties": {
        "@id": "node/12538092507",
        "crossing": "traffic_signals",
        "highway": "traffic_signals",
        "traffic_signals:sound": "no"
      },
      "geometry": {
        "type": "Point",
        "coordinates": [
          77.6311703,
          12.981684
        ]
      },
      "id": "node/12538092507"
    },
    {
      "type": "Feature",
      "properties": {
        "@id": "node/12538092508",
        "crossing": "traffic_signals",
        "highway": "traffic_signals"
      },
      "geometry": {
        "type": "Point",
        "coordinates": [
          77.6315592,
          12.9816825
        ]
      },
      "id": "node/12538092508"
    },
    {
      "type": "Feature",
      "properties": {
        "@id": "node/12538092510",
        "highway": "traffic_signals",
        "traffic_signals:direction": "forward"
      },
      "geometry": {
        "type": "Point",
        "coordinates": [
          77.6285024,
          12.9784575
        ]
      },
      "id": "node/12538092510"
    },
    {
      "type": "Feature",
      "properties": {
        "@id": "node/12538710575",
        "highway": "traffic_signals"
      },
      "geometry": {
        "type": "Point",
        "coordinates": [
          77.5557787,
          12.959504
        ]
      },
      "id": "node/12538710575"
    },
    {
      "type": "Feature",
      "properties": {
        "@id": "node/12550783780",
        "highway": "traffic_signals",
        "traffic_signals": "signal"
      },
      "geometry": {
        "type": "Point",
        "coordinates": [
          77.6139004,
          12.9665848
        ]
      },
      "id": "node/12550783780"
    },
    {
      "type": "Feature",
      "properties": {
        "@id": "node/12550784915",
        "highway": "traffic_signals",
        "traffic_signals": "signal"
      },
      "geometry": {
        "type": "Point",
        "coordinates": [
          77.6139532,
          12.9664228
        ]
      },
      "id": "node/12550784915"
    },
    {
      "type": "Feature",
      "properties": {
        "@id": "node/12551629147",
        "highway": "traffic_signals",
        "traffic_signals": "signal",
        "traffic_signals:countdown": "yes"
      },
      "geometry": {
        "type": "Point",
        "coordinates": [
          77.6699698,
          12.9971273
        ]
      },
      "id": "node/12551629147"
    },
    {
      "type": "Feature",
      "properties": {
        "@id": "node/12580905278",
        "highway": "traffic_signals"
      },
      "geometry": {
        "type": "Point",
        "coordinates": [
          77.575426,
          12.9369585
        ]
      },
      "id": "node/12580905278"
    },
    {
      "type": "Feature",
      "properties": {
        "@id": "node/12580905279",
        "highway": "traffic_signals"
      },
      "geometry": {
        "type": "Point",
        "coordinates": [
          77.5755298,
          12.9367945
        ]
      },
      "id": "node/12580905279"
    },
    {
      "type": "Feature",
      "properties": {
        "@id": "node/12580905291",
        "highway": "traffic_signals"
      },
      "geometry": {
        "type": "Point",
        "coordinates": [
          77.574036,
          12.9405756
        ]
      },
      "id": "node/12580905291"
    },
    {
      "type": "Feature",
      "properties": {
        "@id": "node/12580905293",
        "highway": "traffic_signals"
      },
      "geometry": {
        "type": "Point",
        "coordinates": [
          77.57381,
          12.9398731
        ]
      },
      "id": "node/12580905293"
    },
    {
      "type": "Feature",
      "properties": {
        "@id": "node/12607355194",
        "highway": "traffic_signals",
        "junction": "yes",
        "name": "Sumanahalli Junction",
        "name:kn": "ಸುಮನಹಳ್ಳಿ ಜಂಕ್ಷನ್"
      },
      "geometry": {
        "type": "Point",
        "coordinates": [
          77.5198981,
          12.9870648
        ]
      },
      "id": "node/12607355194"
    },
    {
      "type": "Feature",
      "properties": {
        "@id": "node/12609390302",
        "highway": "traffic_signals",
        "traffic_signals": "signal"
      },
      "geometry": {
        "type": "Point",
        "coordinates": [
          77.5873702,
          12.9667571
        ]
      },
      "id": "node/12609390302"
    },
    {
      "type": "Feature",
      "properties": {
        "@id": "node/12611782068",
        "highway": "traffic_signals",
        "traffic_signals": "signal",
        "traffic_signals:direction": "forward"
      },
      "geometry": {
        "type": "Point",
        "coordinates": [
          77.6491125,
          12.911913
        ]
      },
      "id": "node/12611782068"
    },
    {
      "type": "Feature",
      "properties": {
        "@id": "node/12611782069",
        "highway": "traffic_signals",
        "traffic_signals": "signal",
        "traffic_signals:direction": "backward"
      },
      "geometry": {
        "type": "Point",
        "coordinates": [
          77.6489485,
          12.9119103
        ]
      },
      "id": "node/12611782069"
    },
    {
      "type": "Feature",
      "properties": {
        "@id": "node/12611782070",
        "highway": "traffic_signals",
        "traffic_signals": "signal",
        "traffic_signals:direction": "backward"
      },
      "geometry": {
        "type": "Point",
        "coordinates": [
          77.6490604,
          12.9117901
        ]
      },
      "id": "node/12611782070"
    },
    {
      "type": "Feature",
      "properties": {
        "@id": "node/12611782071",
        "highway": "traffic_signals",
        "traffic_signals": "signal",
        "traffic_signals:direction": "forward"
      },
      "geometry": {
        "type": "Point",
        "coordinates": [
          77.6490297,
          12.9120294
        ]
      },
      "id": "node/12611782071"
    },
    {
      "type": "Feature",
      "properties": {
        "@id": "node/12611782072",
        "highway": "traffic_signals",
        "traffic_signals": "signal"
      },
      "geometry": {
        "type": "Point",
        "coordinates": [
          77.6325384,
          12.9124071
        ]
      },
      "id": "node/12611782072"
    },
    {
      "type": "Feature",
      "properties": {
        "@id": "node/12611782073",
        "highway": "traffic_signals",
        "traffic_signals": "signal"
      },
      "geometry": {
        "type": "Point",
        "coordinates": [
          77.6324581,
          12.9125652
        ]
      },
      "id": "node/12611782073"
    },
    {
      "type": "Feature",
      "properties": {
        "@id": "node/12611782074",
        "highway": "traffic_signals",
        "traffic_signals": "signal"
      },
      "geometry": {
        "type": "Point",
        "coordinates": [
          77.6324158,
          12.9123323
        ]
      },
      "id": "node/12611782074"
    },
    {
      "type": "Feature",
      "properties": {
        "@id": "node/12611782078",
        "highway": "traffic_signals",
        "traffic_signals": "signal",
        "traffic_signals:direction": "backward"
      },
      "geometry": {
        "type": "Point",
        "coordinates": [
          77.6323197,
          12.9124145
        ]
      },
      "id": "node/12611782078"
    },
    {
      "type": "Feature",
      "properties": {
        "@id": "node/12625079623",
        "highway": "traffic_signals"
      },
      "geometry": {
        "type": "Point",
        "coordinates": [
          77.5745401,
          12.9209483
        ]
      },
      "id": "node/12625079623"
    },
    {
      "type": "Feature",
      "properties": {
        "@id": "node/12625079624",
        "highway": "traffic_signals"
      },
      "geometry": {
        "type": "Point",
        "coordinates": [
          77.5744059,
          12.9206919
        ]
      },
      "id": "node/12625079624"
    },
    {
      "type": "Feature",
      "properties": {
        "@id": "node/12632101641",
        "highway": "traffic_signals"
      },
      "geometry": {
        "type": "Point",
        "coordinates": [
          77.557431,
          13.0186026
        ]
      },
      "id": "node/12632101641"
    },
    {
      "type": "Feature",
      "properties": {
        "@id": "node/12635606375",
        "highway": "traffic_signals"
      },
      "geometry": {
        "type": "Point",
        "coordinates": [
          77.5551561,
          12.8949704
        ]
      },
      "id": "node/12635606375"
    },
    {
      "type": "Feature",
      "properties": {
        "@id": "node/12666382122",
        "highway": "traffic_signals",
        "traffic_signals": "signal"
      },
      "geometry": {
        "type": "Point",
        "coordinates": [
          77.5732371,
          12.9970462
        ]
      },
      "id": "node/12666382122"
    },
    {
      "type": "Feature",
      "properties": {
        "@id": "node/12666382123",
        "highway": "traffic_signals",
        "traffic_signals": "signal"
      },
      "geometry": {
        "type": "Point",
        "coordinates": [
          77.5733669,
          12.9968925
        ]
      },
      "id": "node/12666382123"
    },
    {
      "type": "Feature",
      "properties": {
        "@id": "node/12673415800",
        "highway": "traffic_signals",
        "traffic_signals": "signal"
      },
      "geometry": {
        "type": "Point",
        "coordinates": [
          77.5938314,
          12.9720342
        ]
      },
      "id": "node/12673415800"
    },
    {
      "type": "Feature",
      "properties": {
        "@id": "node/12701887538",
        "highway": "traffic_signals"
      },
      "geometry": {
        "type": "Point",
        "coordinates": [
          77.7569781,
          13.0040612
        ]
      },
      "id": "node/12701887538"
    },
    {
      "type": "Feature",
      "properties": {
        "@id": "node/12759075011",
        "highway": "traffic_signals"
      },
      "geometry": {
        "type": "Point",
        "coordinates": [
          77.5509249,
          12.9977837
        ]
      },
      "id": "node/12759075011"
    },
    {
      "type": "Feature",
      "properties": {
        "@id": "node/12794940224",
        "highway": "traffic_signals",
        "traffic_signals:countdown": "yes",
        "traffic_signals:direction": "forward"
      },
      "geometry": {
        "type": "Point",
        "coordinates": [
          77.5580338,
          13.0756986
        ]
      },
      "id": "node/12794940224"
    },
    {
      "type": "Feature",
      "properties": {
        "@id": "node/12794940257",
        "highway": "traffic_signals",
        "traffic_signals:countdown": "yes",
        "traffic_signals:direction": "forward"
      },
      "geometry": {
        "type": "Point",
        "coordinates": [
          77.5582026,
          13.0757905
        ]
      },
      "id": "node/12794940257"
    },
    {
      "type": "Feature",
      "properties": {
        "@id": "node/12794940258",
        "highway": "traffic_signals",
        "traffic_signals:countdown": "yes",
        "traffic_signals:direction": "forward"
      },
      "geometry": {
        "type": "Point",
        "coordinates": [
          77.5579734,
          13.0758418
        ]
      },
      "id": "node/12794940258"
    },
    {
      "type": "Feature",
      "properties": {
        "@id": "node/12794940259",
        "highway": "traffic_signals",
        "traffic_signals:countdown": "yes",
        "traffic_signals:direction": "forward"
      },
      "geometry": {
        "type": "Point",
        "coordinates": [
          77.5581237,
          13.0759022
        ]
      },
      "id": "node/12794940259"
    },
    {
      "type": "Feature",
      "properties": {
        "@id": "node/12795275205",
        "highway": "traffic_signals"
      },
      "geometry": {
        "type": "Point",
        "coordinates": [
          77.5563058,
          13.0458307
        ]
      },
      "id": "node/12795275205"
    },
    {
      "type": "Feature",
      "properties": {
        "@id": "node/12809422086",
        "highway": "traffic_signals"
      },
      "geometry": {
        "type": "Point",
        "coordinates": [
          77.5652842,
          13.0056233
        ]
      },
      "id": "node/12809422086"
    },
    {
      "type": "Feature",
      "properties": {
        "@id": "node/12809422088",
        "highway": "traffic_signals"
      },
      "geometry": {
        "type": "Point",
        "coordinates": [
          77.5651767,
          13.0057481
        ]
      },
      "id": "node/12809422088"
    },
    {
      "type": "Feature",
      "properties": {
        "@id": "node/12809847691",
        "highway": "traffic_signals",
        "traffic_signals:countdown": "yes"
      },
      "geometry": {
        "type": "Point",
        "coordinates": [
          77.5630379,
          13.0089494
        ]
      },
      "id": "node/12809847691"
    },
    {
      "type": "Feature",
      "properties": {
        "@id": "node/12809847692",
        "highway": "traffic_signals",
        "traffic_signals:countdown": "yes"
      },
      "geometry": {
        "type": "Point",
        "coordinates": [
          77.5632416,
          13.0088572
        ]
      },
      "id": "node/12809847692"
    },
    {
      "type": "Feature",
      "properties": {
        "@id": "node/12809882514",
        "highway": "traffic_signals"
      },
      "geometry": {
        "type": "Point",
        "coordinates": [
          77.5650171,
          13.005692
        ]
      },
      "id": "node/12809882514"
    },
    {
      "type": "Feature",
      "properties": {
        "@id": "node/12836614945",
        "crossing": "traffic_signals",
        "highway": "traffic_signals",
        "traffic_signals:sound": "no"
      },
      "geometry": {
        "type": "Point",
        "coordinates": [
          77.6059926,
          12.9579132
        ]
      },
      "id": "node/12836614945"
    },
    {
      "type": "Feature",
      "properties": {
        "@id": "node/12864985110",
        "crossing": "traffic_signals",
        "highway": "traffic_signals",
        "traffic_signals:sound": "no"
      },
      "geometry": {
        "type": "Point",
        "coordinates": [
          77.6061103,
          12.9580315
        ]
      },
      "id": "node/12864985110"
    },
    {
      "type": "Feature",
      "properties": {
        "@id": "node/12896290428",
        "highway": "traffic_signals",
        "traffic_signals": "signal"
      },
      "geometry": {
        "type": "Point",
        "coordinates": [
          77.6411172,
          12.9739515
        ]
      },
      "id": "node/12896290428"
    },
    {
      "type": "Feature",
      "properties": {
        "@id": "node/12896290429",
        "highway": "traffic_signals",
        "traffic_signals": "signal"
      },
      "geometry": {
        "type": "Point",
        "coordinates": [
          77.6410393,
          12.9737587
        ]
      },
      "id": "node/12896290429"
    },
    {
      "type": "Feature",
      "properties": {
        "@id": "node/12917084190",
        "highway": "traffic_signals",
        "traffic_signals": "signal"
      },
      "geometry": {
        "type": "Point",
        "coordinates": [
          77.5762079,
          12.9307886
        ]
      },
      "id": "node/12917084190"
    },
    {
      "type": "Feature",
      "properties": {
        "@id": "node/12917084192",
        "highway": "traffic_signals",
        "traffic_signals": "signal"
      },
      "geometry": {
        "type": "Point",
        "coordinates": [
          77.5762078,
          12.9307796
        ]
      },
      "id": "node/12917084192"
    },
    {
      "type": "Feature",
      "properties": {
        "@id": "node/12943206948",
        "highway": "traffic_signals"
      },
      "geometry": {
        "type": "Point",
        "coordinates": [
          77.608321,
          12.995635
        ]
      },
      "id": "node/12943206948"
    },
    {
      "type": "Feature",
      "properties": {
        "@id": "node/12943206949",
        "highway": "traffic_signals"
      },
      "geometry": {
        "type": "Point",
        "coordinates": [
          77.6085073,
          12.9956866
        ]
      },
      "id": "node/12943206949"
    },
    {
      "type": "Feature",
      "properties": {
        "@id": "node/12943244668",
        "highway": "traffic_signals"
      },
      "geometry": {
        "type": "Point",
        "coordinates": [
          77.61712,
          12.9884663
        ]
      },
      "id": "node/12943244668"
    },
    {
      "type": "Feature",
      "properties": {
        "@id": "node/12943244669",
        "highway": "traffic_signals"
      },
      "geometry": {
        "type": "Point",
        "coordinates": [
          77.6173272,
          12.9884414
        ]
      },
      "id": "node/12943244669"
    },
    {
      "type": "Feature",
      "properties": {
        "@id": "node/12943244670",
        "highway": "traffic_signals"
      },
      "geometry": {
        "type": "Point",
        "coordinates": [
          77.6173512,
          12.9886807
        ]
      },
      "id": "node/12943244670"
    },
    {
      "type": "Feature",
      "properties": {
        "@id": "node/12943244671",
        "highway": "traffic_signals"
      },
      "geometry": {
        "type": "Point",
        "coordinates": [
          77.617177,
          12.9887217
        ]
      },
      "id": "node/12943244671"
    },
    {
      "type": "Feature",
      "properties": {
        "@id": "node/12943244681",
        "highway": "traffic_signals"
      },
      "geometry": {
        "type": "Point",
        "coordinates": [
          77.6139965,
          12.9906916
        ]
      },
      "id": "node/12943244681"
    },
    {
      "type": "Feature",
      "properties": {
        "@id": "node/12943290295",
        "highway": "traffic_signals",
        "traffic_signals:countdown": "yes"
      },
      "geometry": {
        "type": "Point",
        "coordinates": [
          77.6371708,
          13.0225622
        ]
      },
      "id": "node/12943290295"
    },
    {
      "type": "Feature",
      "properties": {
        "@id": "node/12943290296",
        "highway": "traffic_signals",
        "traffic_signals:countdown": "yes",
        "traffic_signals:direction": "forward"
      },
      "geometry": {
        "type": "Point",
        "coordinates": [
          77.637018,
          13.0228247
        ]
      },
      "id": "node/12943290296"
    },
    {
      "type": "Feature",
      "properties": {
        "@id": "node/12943290297",
        "highway": "traffic_signals",
        "traffic_signals:countdown": "yes",
        "traffic_signals:direction": "backward"
      },
      "geometry": {
        "type": "Point",
        "coordinates": [
          77.637394,
          13.0227081
        ]
      },
      "id": "node/12943290297"
    },
    {
      "type": "Feature",
      "properties": {
        "@id": "node/12943290298",
        "highway": "traffic_signals",
        "traffic_signals:countdown": "yes"
      },
      "geometry": {
        "type": "Point",
        "coordinates": [
          77.6372619,
          13.022962
        ]
      },
      "id": "node/12943290298"
    },
    {
      "type": "Feature",
      "properties": {
        "@id": "node/12959672447",
        "highway": "traffic_signals"
      },
      "geometry": {
        "type": "Point",
        "coordinates": [
          77.5928659,
          13.0249905
        ]
      },
      "id": "node/12959672447"
    },
    {
      "type": "Feature",
      "properties": {
        "@id": "node/12959672449",
        "highway": "traffic_signals"
      },
      "geometry": {
        "type": "Point",
        "coordinates": [
          77.5929424,
          13.0249349
        ]
      },
      "id": "node/12959672449"
    },
    {
      "type": "Feature",
      "properties": {
        "@id": "node/12961466026",
        "highway": "traffic_signals"
      },
      "geometry": {
        "type": "Point",
        "coordinates": [
          77.7582637,
          12.9825764
        ]
      },
      "id": "node/12961466026"
    },
    {
      "type": "Feature",
      "properties": {
        "@id": "node/12961466027",
        "highway": "traffic_signals"
      },
      "geometry": {
        "type": "Point",
        "coordinates": [
          77.7582159,
          12.982372
        ]
      },
      "id": "node/12961466027"
    },
    {
      "type": "Feature",
      "properties": {
        "@id": "node/12961466028",
        "highway": "traffic_signals",
        "traffic_signals:countdown": "yes"
      },
      "geometry": {
        "type": "Point",
        "coordinates": [
          77.7683358,
          12.9834117
        ]
      },
      "id": "node/12961466028"
    },
    {
      "type": "Feature",
      "properties": {
        "@id": "node/12961466029",
        "highway": "traffic_signals",
        "traffic_signals:countdown": "yes"
      },
      "geometry": {
        "type": "Point",
        "coordinates": [
          77.7683803,
          12.9834692
        ]
      },
      "id": "node/12961466029"
    },
    {
      "type": "Feature",
      "properties": {
        "@id": "node/12961529551",
        "highway": "traffic_signals"
      },
      "geometry": {
        "type": "Point",
        "coordinates": [
          77.7511987,
          12.9774317
        ]
      },
      "id": "node/12961529551"
    },
    {
      "type": "Feature",
      "properties": {
        "@id": "node/12961529552",
        "highway": "traffic_signals"
      },
      "geometry": {
        "type": "Point",
        "coordinates": [
          77.751279,
          12.9773138
        ]
      },
      "id": "node/12961529552"
    },
    {
      "type": "Feature",
      "properties": {
        "@id": "node/12961529553",
        "highway": "traffic_signals",
        "traffic_signals:countdown": "yes"
      },
      "geometry": {
        "type": "Point",
        "coordinates": [
          77.7500642,
          12.9698183
        ]
      },
      "id": "node/12961529553"
    },
    {
      "type": "Feature",
      "properties": {
        "@id": "node/12961531815",
        "highway": "traffic_signals"
      },
      "geometry": {
        "type": "Point",
        "coordinates": [
          77.7571173,
          13.0041226
        ]
      },
      "id": "node/12961531815"
    },
    {
      "type": "Feature",
      "properties": {
        "@id": "node/12961531816",
        "highway": "traffic_signals"
      },
      "geometry": {
        "type": "Point",
        "coordinates": [
          77.7569111,
          13.0041769
        ]
      },
      "id": "node/12961531816"
    },
    {
      "type": "Feature",
      "properties": {
        "@id": "node/12961531817",
        "highway": "traffic_signals"
      },
      "geometry": {
        "type": "Point",
        "coordinates": [
          77.7570404,
          13.0041914
        ]
      },
      "id": "node/12961531817"
    },
    {
      "type": "Feature",
      "properties": {
        "@id": "node/12985332606",
        "highway": "traffic_signals"
      },
      "geometry": {
        "type": "Point",
        "coordinates": [
          77.5712426,
          13.028586
        ]
      },
      "id": "node/12985332606"
    },
    {
      "type": "Feature",
      "properties": {
        "@id": "node/12985420289",
        "highway": "traffic_signals"
      },
      "geometry": {
        "type": "Point",
        "coordinates": [
          77.5601708,
          12.9830891
        ]
      },
      "id": "node/12985420289"
    },
    {
      "type": "Feature",
      "properties": {
        "@id": "node/12988102360",
        "highway": "traffic_signals"
      },
      "geometry": {
        "type": "Point",
        "coordinates": [
          77.645129,
          12.9220142
        ]
      },
      "id": "node/12988102360"
    },
    {
      "type": "Feature",
      "properties": {
        "@id": "node/12988102361",
        "direction": "backward",
        "highway": "traffic_signals"
      },
      "geometry": {
        "type": "Point",
        "coordinates": [
          77.6450438,
          12.9218005
        ]
      },
      "id": "node/12988102361"
    },
    {
      "type": "Feature",
      "properties": {
        "@id": "node/12988102362",
        "highway": "traffic_signals"
      },
      "geometry": {
        "type": "Point",
        "coordinates": [
          77.6450577,
          12.922103
        ]
      },
      "id": "node/12988102362"
    },
    {
      "type": "Feature",
      "properties": {
        "@id": "node/12998568325",
        "highway": "traffic_signals"
      },
      "geometry": {
        "type": "Point",
        "coordinates": [
          77.684666,
          12.9295055
        ]
      },
      "id": "node/12998568325"
    },
    {
      "type": "Feature",
      "properties": {
        "@id": "node/12998568326",
        "highway": "traffic_signals"
      },
      "geometry": {
        "type": "Point",
        "coordinates": [
          77.6843705,
          12.9297323
        ]
      },
      "id": "node/12998568326"
    },
    {
      "type": "Feature",
      "properties": {
        "@id": "node/13023127932",
        "highway": "traffic_signals",
        "traffic_signals": "signal"
      },
      "geometry": {
        "type": "Point",
        "coordinates": [
          77.5424452,
          13.0820478
        ]
      },
      "id": "node/13023127932"
    },
    {
      "type": "Feature",
      "properties": {
        "@id": "node/13043346080",
        "highway": "traffic_signals"
      },
      "geometry": {
        "type": "Point",
        "coordinates": [
          77.6040074,
          13.0724945
        ]
      },
      "id": "node/13043346080"
    },
    {
      "type": "Feature",
      "properties": {
        "@id": "node/13043346081",
        "highway": "traffic_signals"
      },
      "geometry": {
        "type": "Point",
        "coordinates": [
          77.6040974,
          13.0725581
        ]
      },
      "id": "node/13043346081"
    },
    {
      "type": "Feature",
      "properties": {
        "@id": "node/13043346082",
        "highway": "traffic_signals"
      },
      "geometry": {
        "type": "Point",
        "coordinates": [
          77.6040456,
          13.0727113
        ]
      },
      "id": "node/13043346082"
    },
    {
      "type": "Feature",
      "properties": {
        "@id": "node/13043346083",
        "highway": "traffic_signals"
      },
      "geometry": {
        "type": "Point",
        "coordinates": [
          77.6039581,
          13.0726681
        ]
      },
      "id": "node/13043346083"
    },
    {
      "type": "Feature",
      "properties": {
        "@id": "node/13058420509",
        "highway": "traffic_signals"
      },
      "geometry": {
        "type": "Point",
        "coordinates": [
          77.6251884,
          12.9256836
        ]
      },
      "id": "node/13058420509"
    },
    {
      "type": "Feature",
      "properties": {
        "@id": "node/13075780553",
        "highway": "traffic_signals"
      },
      "geometry": {
        "type": "Point",
        "coordinates": [
          77.6768288,
          13.0000667
        ]
      },
      "id": "node/13075780553"
    },
    {
      "type": "Feature",
      "properties": {
        "@id": "node/13078315932",
        "highway": "traffic_signals"
      },
      "geometry": {
        "type": "Point",
        "coordinates": [
          77.5797246,
          12.9483588
        ]
      },
      "id": "node/13078315932"
    },
    {
      "type": "Feature",
      "properties": {
        "@id": "node/13078315933",
        "highway": "traffic_signals"
      },
      "geometry": {
        "type": "Point",
        "coordinates": [
          77.580119,
          12.9370022
        ]
      },
      "id": "node/13078315933"
    },
    {
      "type": "Feature",
      "properties": {
        "@id": "node/13078315934",
        "highway": "traffic_signals"
      },
      "geometry": {
        "type": "Point",
        "coordinates": [
          77.5800407,
          12.9363853
        ]
      },
      "id": "node/13078315934"
    },
    {
      "type": "Feature",
      "properties": {
        "@id": "node/13096120948",
        "highway": "traffic_signals"
      },
      "geometry": {
        "type": "Point",
        "coordinates": [
          77.5964042,
          12.8842604
        ]
      },
      "id": "node/13096120948"
    },
    {
      "type": "Feature",
      "properties": {
        "@id": "node/13096120949",
        "highway": "traffic_signals"
      },
      "geometry": {
        "type": "Point",
        "coordinates": [
          77.59657,
          12.8842964
        ]
      },
      "id": "node/13096120949"
    },
    {
      "type": "Feature",
      "properties": {
        "@id": "node/13096120950",
        "highway": "traffic_signals"
      },
      "geometry": {
        "type": "Point",
        "coordinates": [
          77.5965124,
          12.8844507
        ]
      },
      "id": "node/13096120950"
    },
    {
      "type": "Feature",
      "properties": {
        "@id": "node/13108404164",
        "highway": "traffic_signals"
      },
      "geometry": {
        "type": "Point",
        "coordinates": [
          77.6099752,
          12.9166918
        ]
      },
      "id": "node/13108404164"
    },
    {
      "type": "Feature",
      "properties": {
        "@id": "node/13112165560",
        "highway": "traffic_signals"
      },
      "geometry": {
        "type": "Point",
        "coordinates": [
          77.6467738,
          12.9740353
        ]
      },
      "id": "node/13112165560"
    },
    {
      "type": "Feature",
      "properties": {
        "@id": "node/13112165561",
        "highway": "traffic_signals"
      },
      "geometry": {
        "type": "Point",
        "coordinates": [
          77.646853,
          12.973964
        ]
      },
      "id": "node/13112165561"
    },
    {
      "type": "Feature",
      "properties": {
        "@id": "node/13112165562",
        "highway": "traffic_signals"
      },
      "geometry": {
        "type": "Point",
        "coordinates": [
          77.6469208,
          12.974131
        ]
      },
      "id": "node/13112165562"
    },
    {
      "type": "Feature",
      "properties": {
        "@id": "node/13112165568",
        "highway": "traffic_signals"
      },
      "geometry": {
        "type": "Point",
        "coordinates": [
          77.6409104,
          12.9785214
        ]
      },
      "id": "node/13112165568"
    },
    {
      "type": "Feature",
      "properties": {
        "@id": "node/13127345329",
        "highway": "traffic_signals"
      },
      "geometry": {
        "type": "Point",
        "coordinates": [
          77.5883243,
          12.841423
        ]
      },
      "id": "node/13127345329"
    },
    {
      "type": "Feature",
      "properties": {
        "@id": "node/13127345330",
        "highway": "traffic_signals"
      },
      "geometry": {
        "type": "Point",
        "coordinates": [
          77.5887029,
          12.8417392
        ]
      },
      "id": "node/13127345330"
    },
    {
      "type": "Feature",
      "properties": {
        "@id": "node/13127345331",
        "highway": "traffic_signals"
      },
      "geometry": {
        "type": "Point",
        "coordinates": [
          77.5885295,
          12.8412776
        ]
      },
      "id": "node/13127345331"
    },
    {
      "type": "Feature",
      "properties": {
        "@id": "node/13127345332",
        "highway": "traffic_signals"
      },
      "geometry": {
        "type": "Point",
        "coordinates": [
          77.5885566,
          12.8418234
        ]
      },
      "id": "node/13127345332"
    },
    {
      "type": "Feature",
      "properties": {
        "@id": "node/13127415069",
        "highway": "traffic_signals"
      },
      "geometry": {
        "type": "Point",
        "coordinates": [
          77.6950202,
          12.9312085
        ]
      },
      "id": "node/13127415069"
    },
    {
      "type": "Feature",
      "properties": {
        "@id": "node/13127415070",
        "highway": "traffic_signals"
      },
      "geometry": {
        "type": "Point",
        "coordinates": [
          77.6949182,
          12.9313358
        ]
      },
      "id": "node/13127415070"
    },
    {
      "type": "Feature",
      "properties": {
        "@id": "node/13153859618",
        "highway": "traffic_signals"
      },
      "geometry": {
        "type": "Point",
        "coordinates": [
          77.5857447,
          12.9556246
        ]
      },
      "id": "node/13153859618"
    },
    {
      "type": "Feature",
      "properties": {
        "@id": "node/13153859619",
        "highway": "traffic_signals"
      },
      "geometry": {
        "type": "Point",
        "coordinates": [
          77.5855833,
          12.9555637
        ]
      },
      "id": "node/13153859619"
    },
    {
      "type": "Feature",
      "properties": {
        "@id": "node/13161545541",
        "highway": "traffic_signals"
      },
      "geometry": {
        "type": "Point",
        "coordinates": [
          77.5879167,
          12.9462368
        ]
      },
      "id": "node/13161545541"
    },
    {
      "type": "Feature",
      "properties": {
        "@id": "node/13161545542",
        "highway": "traffic_signals"
      },
      "geometry": {
        "type": "Point",
        "coordinates": [
          77.5880004,
          12.9461813
        ]
      },
      "id": "node/13161545542"
    },
    {
      "type": "Feature",
      "properties": {
        "@id": "node/13167025624",
        "highway": "traffic_signals"
      },
      "geometry": {
        "type": "Point",
        "coordinates": [
          77.6027911,
          12.944194
        ]
      },
      "id": "node/13167025624"
    },
    {
      "type": "Feature",
      "properties": {
        "@id": "node/13167025625",
        "highway": "traffic_signals"
      },
      "geometry": {
        "type": "Point",
        "coordinates": [
          77.6029976,
          12.9443282
        ]
      },
      "id": "node/13167025625"
    },
    {
      "type": "Feature",
      "properties": {
        "@id": "node/13169514757",
        "highway": "traffic_signals",
        "traffic_signals:direction": "backward"
      },
      "geometry": {
        "type": "Point",
        "coordinates": [
          77.4990496,
          12.9071499
        ]
      },
      "id": "node/13169514757"
    },
    {
      "type": "Feature",
      "properties": {
        "@id": "node/13180113879",
        "highway": "traffic_signals"
      },
      "geometry": {
        "type": "Point",
        "coordinates": [
          77.5635943,
          12.889432
        ]
      },
      "id": "node/13180113879"
    },
    {
      "type": "Feature",
      "properties": {
        "@id": "node/13191749643",
        "highway": "traffic_signals",
        "traffic_signals": "traffic_lights"
      },
      "geometry": {
        "type": "Point",
        "coordinates": [
          77.5642343,
          12.8904796
        ]
      },
      "id": "node/13191749643"
    },
    {
      "type": "Feature",
      "properties": {
        "@id": "node/13191749644",
        "highway": "traffic_signals",
        "traffic_signals": "traffic_lights",
        "traffic_signals:direction": "forward"
      },
      "geometry": {
        "type": "Point",
        "coordinates": [
          77.5642284,
          12.8904008
        ]
      },
      "id": "node/13191749644"
    },
    {
      "type": "Feature",
      "properties": {
        "@id": "node/13191749645",
        "highway": "traffic_signals",
        "traffic_signals": "traffic_lights",
        "traffic_signals:direction": "forward"
      },
      "geometry": {
        "type": "Point",
        "coordinates": [
          77.5644797,
          12.8904726
        ]
      },
      "id": "node/13191749645"
    },
    {
      "type": "Feature",
      "properties": {
        "@id": "node/13243451771",
        "direction": "backward",
        "highway": "traffic_signals"
      },
      "geometry": {
        "type": "Point",
        "coordinates": [
          77.5162542,
          12.9326232
        ]
      },
      "id": "node/13243451771"
    },
    {
      "type": "Feature",
      "properties": {
        "@id": "node/13243451772",
        "direction": "forward",
        "highway": "traffic_signals"
      },
      "geometry": {
        "type": "Point",
        "coordinates": [
          77.5160243,
          12.9327688
        ]
      },
      "id": "node/13243451772"
    },
    {
      "type": "Feature",
      "properties": {
        "@id": "node/13243451773",
        "highway": "traffic_signals"
      },
      "geometry": {
        "type": "Point",
        "coordinates": [
          77.5160589,
          12.9326592
        ]
      },
      "id": "node/13243451773"
    },
    {
      "type": "Feature",
      "properties": {
        "@id": "node/13243451774",
        "highway": "traffic_signals"
      },
      "geometry": {
        "type": "Point",
        "coordinates": [
          77.5162336,
          12.9327335
        ]
      },
      "id": "node/13243451774"
    },
    {
      "type": "Feature",
      "properties": {
        "@id": "node/13245148770",
        "highway": "traffic_signals"
      },
      "geometry": {
        "type": "Point",
        "coordinates": [
          77.5409011,
          12.8740304
        ]
      },
      "id": "node/13245148770"
    },
    {
      "type": "Feature",
      "properties": {
        "@id": "node/13245148819",
        "highway": "traffic_signals"
      },
      "geometry": {
        "type": "Point",
        "coordinates": [
          77.5134319,
          12.9154491
        ]
      },
      "id": "node/13245148819"
    },
    {
      "type": "Feature",
      "properties": {
        "@id": "node/13245148821",
        "highway": "traffic_signals"
      },
      "geometry": {
        "type": "Point",
        "coordinates": [
          77.5134909,
          12.9156687
        ]
      },
      "id": "node/13245148821"
    },
    {
      "type": "Feature",
      "properties": {
        "@id": "node/13245148823",
        "highway": "traffic_signals"
      },
      "geometry": {
        "type": "Point",
        "coordinates": [
          77.513577,
          12.9155099
        ]
      },
      "id": "node/13245148823"
    },
    {
      "type": "Feature",
      "properties": {
        "@id": "node/13245148836",
        "highway": "traffic_signals",
        "traffic_signals:direction": "forward"
      },
      "geometry": {
        "type": "Point",
        "coordinates": [
          77.5106774,
          12.9039625
        ]
      },
      "id": "node/13245148836"
    },
    {
      "type": "Feature",
      "properties": {
        "@id": "node/13245148837",
        "highway": "traffic_signals",
        "traffic_signals:direction": "forward"
      },
      "geometry": {
        "type": "Point",
        "coordinates": [
          77.5106143,
          12.9040203
        ]
      },
      "id": "node/13245148837"
    },
    {
      "type": "Feature",
      "properties": {
        "@id": "node/13245148838",
        "highway": "traffic_signals",
        "traffic_signals:direction": "forward"
      },
      "geometry": {
        "type": "Point",
        "coordinates": [
          77.510814,
          12.904021
        ]
      },
      "id": "node/13245148838"
    },
    {
      "type": "Feature",
      "properties": {
        "@id": "node/13245148864",
        "highway": "traffic_signals"
      },
      "geometry": {
        "type": "Point",
        "coordinates": [
          77.5210806,
          12.9067994
        ]
      },
      "id": "node/13245148864"
    },
    {
      "type": "Feature",
      "properties": {
        "@id": "node/13245148865",
        "highway": "traffic_signals"
      },
      "geometry": {
        "type": "Point",
        "coordinates": [
          77.5210156,
          12.906842
        ]
      },
      "id": "node/13245148865"
    },
    {
      "type": "Feature",
      "properties": {
        "@id": "node/13245148866",
        "highway": "traffic_signals"
      },
      "geometry": {
        "type": "Point",
        "coordinates": [
          77.521161,
          12.906858
        ]
      },
      "id": "node/13245148866"
    },
    {
      "type": "Feature",
      "properties": {
        "@id": "node/13245148867",
        "highway": "traffic_signals"
      },
      "geometry": {
        "type": "Point",
        "coordinates": [
          77.5210802,
          12.9069092
        ]
      },
      "id": "node/13245148867"
    },
    {
      "type": "Feature",
      "properties": {
        "@id": "node/13245249367",
        "highway": "traffic_signals",
        "traffic_signals": "signal"
      },
      "geometry": {
        "type": "Point",
        "coordinates": [
          77.5072995,
          13.0568295
        ]
      },
      "id": "node/13245249367"
    },
    {
      "type": "Feature",
      "properties": {
        "@id": "node/13245249368",
        "highway": "traffic_signals",
        "traffic_signals": "signal"
      },
      "geometry": {
        "type": "Point",
        "coordinates": [
          77.5070158,
          13.0595771
        ]
      },
      "id": "node/13245249368"
    },
    {
      "type": "Feature",
      "properties": {
        "@id": "node/13245249369",
        "highway": "traffic_signals",
        "traffic_signals": "signal"
      },
      "geometry": {
        "type": "Point",
        "coordinates": [
          77.5069233,
          13.0593279
        ]
      },
      "id": "node/13245249369"
    },
    {
      "type": "Feature",
      "properties": {
        "@id": "node/13266242070",
        "highway": "traffic_signals"
      },
      "geometry": {
        "type": "Point",
        "coordinates": [
          77.6023303,
          12.9793454
        ]
      },
      "id": "node/13266242070"
    },
    {
      "type": "Feature",
      "properties": {
        "@id": "node/13266242072",
        "highway": "traffic_signals"
      },
      "geometry": {
        "type": "Point",
        "coordinates": [
          77.6023553,
          12.9790835
        ]
      },
      "id": "node/13266242072"
    },
    {
      "type": "Feature",
      "properties": {
        "@id": "node/13343865504",
        "highway": "traffic_signals"
      },
      "geometry": {
        "type": "Point",
        "coordinates": [
          77.5943139,
          12.9622978
        ]
      },
      "id": "node/13343865504"
    },
    {
      "type": "Feature",
      "properties": {
        "@id": "node/13343865543",
        "highway": "traffic_signals"
      },
      "geometry": {
        "type": "Point",
        "coordinates": [
          77.5951378,
          12.9623969
        ]
      },
      "id": "node/13343865543"
    },
    {
      "type": "Feature",
      "properties": {
        "@id": "node/13343865544",
        "highway": "traffic_signals"
      },
      "geometry": {
        "type": "Point",
        "coordinates": [
          77.5951426,
          12.9624987
        ]
      },
      "id": "node/13343865544"
    },
    {
      "type": "Feature",
      "properties": {
        "@id": "node/13343865547",
        "highway": "traffic_signals"
      },
      "geometry": {
        "type": "Point",
        "coordinates": [
          77.595241,
          12.9624566
        ]
      },
      "id": "node/13343865547"
    },
    {
      "type": "Feature",
      "properties": {
        "@id": "node/13360511829",
        "highway": "traffic_signals",
        "traffic_signals:direction": "forward",
        "traffic_signals:sound": "yes"
      },
      "geometry": {
        "type": "Point",
        "coordinates": [
          77.5999127,
          12.9168238
        ]
      },
      "id": "node/13360511829"
    },
    {
      "type": "Feature",
      "properties": {
        "@id": "node/13360511830",
        "highway": "traffic_signals",
        "traffic_signals:direction": "forward",
        "traffic_signals:sound": "yes"
      },
      "geometry": {
        "type": "Point",
        "coordinates": [
          77.6000666,
          12.9166532
        ]
      },
      "id": "node/13360511830"
    },
    {
      "type": "Feature",
      "properties": {
        "@id": "node/13368863481",
        "highway": "traffic_signals"
      },
      "geometry": {
        "type": "Point",
        "coordinates": [
          77.6802159,
          12.9127511
        ]
      },
      "id": "node/13368863481"
    },
    {
      "type": "Feature",
      "properties": {
        "@id": "node/13368863482",
        "highway": "traffic_signals"
      },
      "geometry": {
        "type": "Point",
        "coordinates": [
          77.6801651,
          12.9129024
        ]
      },
      "id": "node/13368863482"
    },
    {
      "type": "Feature",
      "properties": {
        "@id": "node/13377510554",
        "highway": "traffic_signals"
      },
      "geometry": {
        "type": "Point",
        "coordinates": [
          77.6788139,
          12.9134808
        ]
      },
      "id": "node/13377510554"
    },
    {
      "type": "Feature",
      "properties": {
        "@id": "node/13377510555",
        "highway": "traffic_signals"
      },
      "geometry": {
        "type": "Point",
        "coordinates": [
          77.6787266,
          12.9136285
        ]
      },
      "id": "node/13377510555"
    },
    {
      "type": "Feature",
      "properties": {
        "@id": "node/13377674281",
        "highway": "traffic_signals"
      },
      "geometry": {
        "type": "Point",
        "coordinates": [
          77.6200135,
          12.9872001
        ]
      },
      "id": "node/13377674281"
    },
    {
      "type": "Feature",
      "properties": {
        "@id": "node/13392355626",
        "highway": "traffic_signals"
      },
      "geometry": {
        "type": "Point",
        "coordinates": [
          77.5511047,
          12.9976295
        ]
      },
      "id": "node/13392355626"
    },
    {
      "type": "Feature",
      "properties": {
        "@id": "node/13392355627",
        "highway": "traffic_signals"
      },
      "geometry": {
        "type": "Point",
        "coordinates": [
          77.5512143,
          12.9977732
        ]
      },
      "id": "node/13392355627"
    },
    {
      "type": "Feature",
      "properties": {
        "@id": "node/13392355632",
        "highway": "traffic_signals"
      },
      "geometry": {
        "type": "Point",
        "coordinates": [
          77.5463642,
          12.9973035
        ]
      },
      "id": "node/13392355632"
    },
    {
      "type": "Feature",
      "properties": {
        "@id": "node/13392355633",
        "highway": "traffic_signals"
      },
      "geometry": {
        "type": "Point",
        "coordinates": [
          77.5463728,
          12.9975798
        ]
      },
      "id": "node/13392355633"
    },
    {
      "type": "Feature",
      "properties": {
        "@id": "node/13392355634",
        "highway": "traffic_signals"
      },
      "geometry": {
        "type": "Point",
        "coordinates": [
          77.5465163,
          12.9974227
        ]
      },
      "id": "node/13392355634"
    },
    {
      "type": "Feature",
      "properties": {
        "@id": "node/13392355635",
        "highway": "traffic_signals"
      },
      "geometry": {
        "type": "Point",
        "coordinates": [
          77.5462555,
          12.9975015
        ]
      },
      "id": "node/13392355635"
    },
    {
      "type": "Feature",
      "properties": {
        "@id": "node/13396930899",
        "highway": "traffic_signals"
      },
      "geometry": {
        "type": "Point",
        "coordinates": [
          77.5749934,
          12.9742212
        ]
      },
      "id": "node/13396930899"
    },
    {
      "type": "Feature",
      "properties": {
        "@id": "node/13396930900",
        "highway": "traffic_signals"
      },
      "geometry": {
        "type": "Point",
        "coordinates": [
          77.5750736,
          12.9743479
        ]
      },
      "id": "node/13396930900"
    },
    {
      "type": "Feature",
      "properties": {
        "@id": "node/13397050517",
        "highway": "traffic_signals"
      },
      "geometry": {
        "type": "Point",
        "coordinates": [
          77.5769615,
          12.9807285
        ]
      },
      "id": "node/13397050517"
    },
    {
      "type": "Feature",
      "properties": {
        "@id": "node/13409937609",
        "highway": "traffic_signals",
        "traffic_signals": "signal"
      },
      "geometry": {
        "type": "Point",
        "coordinates": [
          77.6217622,
          13.0319335
        ]
      },
      "id": "node/13409937609"
    },
    {
      "type": "Feature",
      "properties": {
        "@id": "node/13409937610",
        "highway": "traffic_signals",
        "traffic_signals": "signal"
      },
      "geometry": {
        "type": "Point",
        "coordinates": [
          77.6217789,
          13.032025
        ]
      },
      "id": "node/13409937610"
    },
    {
      "type": "Feature",
      "properties": {
        "@id": "node/13409937611",
        "highway": "traffic_signals",
        "traffic_signals": "signal"
      },
      "geometry": {
        "type": "Point",
        "coordinates": [
          77.6218895,
          13.0320388
        ]
      },
      "id": "node/13409937611"
    },
    {
      "type": "Feature",
      "properties": {
        "@id": "node/13409937612",
        "highway": "traffic_signals",
        "traffic_signals": "signal"
      },
      "geometry": {
        "type": "Point",
        "coordinates": [
          77.621891,
          13.0320115
        ]
      },
      "id": "node/13409937612"
    },
    {
      "type": "Feature",
      "properties": {
        "@id": "node/13429861055",
        "highway": "traffic_signals"
      },
      "geometry": {
        "type": "Point",
        "coordinates": [
          77.5350605,
          13.0365882
        ]
      },
      "id": "node/13429861055"
    },
    {
      "type": "Feature",
      "properties": {
        "@id": "node/13429861056",
        "highway": "traffic_signals"
      },
      "geometry": {
        "type": "Point",
        "coordinates": [
          77.5350102,
          13.0367936
        ]
      },
      "id": "node/13429861056"
    },
    {
      "type": "Feature",
      "properties": {
        "@id": "node/13429861057",
        "highway": "traffic_signals"
      },
      "geometry": {
        "type": "Point",
        "coordinates": [
          77.5351797,
          13.0366159
        ]
      },
      "id": "node/13429861057"
    },
    {
      "type": "Feature",
      "properties": {
        "@id": "node/13429861058",
        "highway": "traffic_signals"
      },
      "geometry": {
        "type": "Point",
        "coordinates": [
          77.5351693,
          13.0367267
        ]
      },
      "id": "node/13429861058"
    },
    {
      "type": "Feature",
      "properties": {
        "@id": "node/13451926946",
        "highway": "traffic_signals"
      },
      "geometry": {
        "type": "Point",
        "coordinates": [
          77.6137724,
          12.9738078
        ]
      },
      "id": "node/13451926946"
    },
    {
      "type": "Feature",
      "properties": {
        "@id": "node/13451926992",
        "highway": "traffic_signals"
      },
      "geometry": {
        "type": "Point",
        "coordinates": [
          77.5972281,
          12.981142
        ]
      },
      "id": "node/13451926992"
    },
    {
      "type": "Feature",
      "properties": {
        "@id": "node/13459522647",
        "highway": "traffic_signals"
      },
      "geometry": {
        "type": "Point",
        "coordinates": [
          77.6188029,
          12.9654133
        ]
      },
      "id": "node/13459522647"
    },
    {
      "type": "Feature",
      "properties": {
        "@id": "node/13459522648",
        "highway": "traffic_signals"
      },
      "geometry": {
        "type": "Point",
        "coordinates": [
          77.6187161,
          12.9654809
        ]
      },
      "id": "node/13459522648"
    },
    {
      "type": "Feature",
      "properties": {
        "@id": "node/13472655798",
        "highway": "traffic_signals"
      },
      "geometry": {
        "type": "Point",
        "coordinates": [
          77.5673755,
          12.9569564
        ]
      },
      "id": "node/13472655798"
    },
    {
      "type": "Feature",
      "properties": {
        "@id": "node/13472655799",
        "highway": "traffic_signals"
      },
      "geometry": {
        "type": "Point",
        "coordinates": [
          77.5672397,
          12.9571097
        ]
      },
      "id": "node/13472655799"
    },
    {
      "type": "Feature",
      "properties": {
        "@id": "node/13472655800",
        "highway": "traffic_signals"
      },
      "geometry": {
        "type": "Point",
        "coordinates": [
          77.5673949,
          12.9572445
        ]
      },
      "id": "node/13472655800"
    },
    {
      "type": "Feature",
      "properties": {
        "@id": "node/13472659201",
        "highway": "traffic_signals"
      },
      "geometry": {
        "type": "Point",
        "coordinates": [
          77.5675514,
          12.9570889
        ]
      },
      "id": "node/13472659201"
    },
    {
      "type": "Feature",
      "properties": {
        "@id": "node/13503202473",
        "highway": "traffic_signals"
      },
      "geometry": {
        "type": "Point",
        "coordinates": [
          77.5501454,
          13.0039854
        ]
      },
      "id": "node/13503202473"
    },
    {
      "type": "Feature",
      "properties": {
        "@id": "node/13503202497",
        "highway": "traffic_signals"
      },
      "geometry": {
        "type": "Point",
        "coordinates": [
          77.5498148,
          13.0040169
        ]
      },
      "id": "node/13503202497"
    },
    {
      "type": "Feature",
      "properties": {
        "@id": "node/13514710560",
        "highway": "traffic_signals"
      },
      "geometry": {
        "type": "Point",
        "coordinates": [
          77.6015412,
          12.9369735
        ]
      },
      "id": "node/13514710560"
    },
    {
      "type": "Feature",
      "properties": {
        "@id": "node/13518615592",
        "highway": "traffic_signals"
      },
      "geometry": {
        "type": "Point",
        "coordinates": [
          77.6237113,
          12.9346402
        ]
      },
      "id": "node/13518615592"
    },
    {
      "type": "Feature",
      "properties": {
        "@id": "node/13518615593",
        "highway": "traffic_signals"
      },
      "geometry": {
        "type": "Point",
        "coordinates": [
          77.6239554,
          12.9346329
        ]
      },
      "id": "node/13518615593"
    },
    {
      "type": "Feature",
      "properties": {
        "@id": "node/13518615594",
        "highway": "traffic_signals"
      },
      "geometry": {
        "type": "Point",
        "coordinates": [
          77.6237779,
          12.9345359
        ]
      },
      "id": "node/13518615594"
    },
    {
      "type": "Feature",
      "properties": {
        "@id": "node/13598615868",
        "highway": "traffic_signals",
        "traffic_signals": "signal",
        "traffic_signals:direction": "backward"
      },
      "geometry": {
        "type": "Point",
        "coordinates": [
          77.5426324,
          12.9786431
        ]
      },
      "id": "node/13598615868"
    },
    {
      "type": "Feature",
      "properties": {
        "@id": "node/13648828663",
        "highway": "traffic_signals"
      },
      "geometry": {
        "type": "Point",
        "coordinates": [
          77.6345954,
          13.0838764
        ]
      },
      "id": "node/13648828663"
    },
    {
      "type": "Feature",
      "properties": {
        "@id": "node/13648828664",
        "highway": "traffic_signals"
      },
      "geometry": {
        "type": "Point",
        "coordinates": [
          77.6347092,
          13.083968
        ]
      },
      "id": "node/13648828664"
    },
    {
      "type": "Feature",
      "properties": {
        "@id": "node/13648828665",
        "highway": "traffic_signals"
      },
      "geometry": {
        "type": "Point",
        "coordinates": [
          77.6347385,
          13.0838933
        ]
      },
      "id": "node/13648828665"
    },
    {
      "type": "Feature",
      "properties": {
        "@id": "node/13652131853",
        "highway": "traffic_signals"
      },
      "geometry": {
        "type": "Point",
        "coordinates": [
          77.5488168,
          13.0076841
        ]
      },
      "id": "node/13652131853"
    },
    {
      "type": "Feature",
      "properties": {
        "@id": "node/13652131854",
        "highway": "traffic_signals"
      },
      "geometry": {
        "type": "Point",
        "coordinates": [
          77.5486245,
          13.0076091
        ]
      },
      "id": "node/13652131854"
    },
    {
      "type": "Feature",
      "properties": {
        "@id": "node/13652131855",
        "highway": "traffic_signals"
      },
      "geometry": {
        "type": "Point",
        "coordinates": [
          77.5485493,
          13.0076958
        ]
      },
      "id": "node/13652131855"
    },
    {
      "type": "Feature",
      "properties": {
        "@id": "node/13655652424",
        "highway": "traffic_signals"
      },
      "geometry": {
        "type": "Point",
        "coordinates": [
          77.7478004,
          12.9614146
        ]
      },
      "id": "node/13655652424"
    },
    {
      "type": "Feature",
      "properties": {
        "@id": "node/13659423696",
        "highway": "traffic_signals"
      },
      "geometry": {
        "type": "Point",
        "coordinates": [
          77.5705077,
          12.9747468
        ]
      },
      "id": "node/13659423696"
    },
    {
      "type": "Feature",
      "properties": {
        "@id": "node/13701806513",
        "highway": "traffic_signals"
      },
      "geometry": {
        "type": "Point",
        "coordinates": [
          77.5799122,
          13.0267846
        ]
      },
      "id": "node/13701806513"
    },
    {
      "type": "Feature",
      "properties": {
        "@id": "node/13701806514",
        "highway": "traffic_signals"
      },
      "geometry": {
        "type": "Point",
        "coordinates": [
          77.5797151,
          13.0268892
        ]
      },
      "id": "node/13701806514"
    },
    {
      "type": "Feature",
      "properties": {
        "@id": "node/13701806515",
        "highway": "traffic_signals"
      },
      "geometry": {
        "type": "Point",
        "coordinates": [
          77.5797718,
          13.0269731
        ]
      },
      "id": "node/13701806515"
    },
    {
      "type": "Feature",
      "properties": {
        "@id": "node/13701933452",
        "highway": "traffic_signals"
      },
      "geometry": {
        "type": "Point",
        "coordinates": [
          77.5538229,
          12.9802529
        ]
      },
      "id": "node/13701933452"
    },
    {
      "type": "Feature",
      "properties": {
        "@id": "node/13701933464",
        "highway": "traffic_signals"
      },
      "geometry": {
        "type": "Point",
        "coordinates": [
          77.5537163,
          12.9798574
        ]
      },
      "id": "node/13701933464"
    },
    {
      "type": "Feature",
      "properties": {
        "@id": "node/13701946301",
        "highway": "traffic_signals"
      },
      "geometry": {
        "type": "Point",
        "coordinates": [
          77.5539125,
          12.9798875
        ]
      },
      "id": "node/13701946301"
    },
    {
      "type": "Feature",
      "properties": {
        "@id": "node/13701946393",
        "highway": "traffic_signals"
      },
      "geometry": {
        "type": "Point",
        "coordinates": [
          77.5521747,
          12.9749705
        ]
      },
      "id": "node/13701946393"
    },
    {
      "type": "Feature",
      "properties": {
        "@id": "node/13701946510",
        "highway": "traffic_signals"
      },
      "geometry": {
        "type": "Point",
        "coordinates": [
          77.5523803,
          12.9752472
        ]
      },
      "id": "node/13701946510"
    },
    {
      "type": "Feature",
      "properties": {
        "@id": "node/13800839389",
        "highway": "traffic_signals",
        "traffic_signals": "signal"
      },
      "geometry": {
        "type": "Point",
        "coordinates": [
          77.6052963,
          12.952913
        ]
      },
      "id": "node/13800839389"
    },
    {
      "type": "Feature",
      "properties": {
        "@id": "node/13800839390",
        "highway": "traffic_signals"
      },
      "geometry": {
        "type": "Point",
        "coordinates": [
          77.605177,
          12.9525117
        ]
      },
      "id": "node/13800839390"
    },
    {
      "type": "Feature",
      "properties": {
        "@id": "node/13807679748",
        "highway": "traffic_signals"
      },
      "geometry": {
        "type": "Point",
        "coordinates": [
          77.6427262,
          13.0153306
        ]
      },
      "id": "node/13807679748"
    },
    {
      "type": "Feature",
      "properties": {
        "@id": "node/13807679749",
        "highway": "traffic_signals"
      },
      "geometry": {
        "type": "Point",
        "coordinates": [
          77.642928,
          13.0152217
        ]
      },
      "id": "node/13807679749"
    },
    {
      "type": "Feature",
      "properties": {
        "@id": "node/13807679750",
        "highway": "traffic_signals"
      },
      "geometry": {
        "type": "Point",
        "coordinates": [
          77.6427356,
          13.0151837
        ]
      },
      "id": "node/13807679750"
    },
    {
      "type": "Feature",
      "properties": {
        "@id": "node/13875979439",
        "highway": "traffic_signals"
      },
      "geometry": {
        "type": "Point",
        "coordinates": [
          77.6860762,
          12.9254347
        ]
      },
      "id": "node/13875979439"
    },
    {
      "type": "Feature",
      "properties": {
        "@id": "node/13875979440",
        "highway": "traffic_signals"
      },
      "geometry": {
        "type": "Point",
        "coordinates": [
          77.6858982,
          12.9252342
        ]
      },
      "id": "node/13875979440"
    },
    {
      "type": "Feature",
      "properties": {
        "@id": "node/13875979446",
        "highway": "traffic_signals"
      },
      "geometry": {
        "type": "Point",
        "coordinates": [
          77.6859802,
          12.9254902
        ]
      },
      "id": "node/13875979446"
    },
    {
      "type": "Feature",
      "properties": {
        "@id": "node/13875979481",
        "highway": "traffic_signals"
      },
      "geometry": {
        "type": "Point",
        "coordinates": [
          77.6855133,
          12.9188485
        ]
      },
      "id": "node/13875979481"
    },
    {
      "type": "Feature",
      "properties": {
        "@id": "node/13875979496",
        "highway": "traffic_signals"
      },
      "geometry": {
        "type": "Point",
        "coordinates": [
          77.6855654,
          12.920308
        ]
      },
      "id": "node/13875979496"
    },
    {
      "type": "Feature",
      "properties": {
        "@id": "node/13875979497",
        "highway": "traffic_signals"
      },
      "geometry": {
        "type": "Point",
        "coordinates": [
          77.685473,
          12.9200925
        ]
      },
      "id": "node/13875979497"
    },
    {
      "type": "Feature",
      "properties": {
        "@id": "node/13875979498",
        "highway": "traffic_signals"
      },
      "geometry": {
        "type": "Point",
        "coordinates": [
          77.6856901,
          12.9201689
        ]
      },
      "id": "node/13875979498"
    },
    {
      "type": "Feature",
      "properties": {
        "@id": "node/13875979692",
        "highway": "traffic_signals"
      },
      "geometry": {
        "type": "Point",
        "coordinates": [
          77.6852915,
          12.9299886
        ]
      },
      "id": "node/13875979692"
    },
    {
      "type": "Feature",
      "properties": {
        "@id": "node/13929364694",
        "highway": "traffic_signals"
      },
      "geometry": {
        "type": "Point",
        "coordinates": [
          77.5824718,
          12.9842826
        ]
      },
      "id": "node/13929364694"
    },
    {
      "type": "Feature",
      "properties": {
        "@id": "node/13929364695",
        "highway": "traffic_signals"
      },
      "geometry": {
        "type": "Point",
        "coordinates": [
          77.5825591,
          12.98438
        ]
      },
      "id": "node/13929364695"
    },
    {
      "type": "Feature",
      "properties": {
        "@id": "node/13930728384",
        "highway": "traffic_signals"
      },
      "geometry": {
        "type": "Point",
        "coordinates": [
          77.5367643,
          12.968814
        ]
      },
      "id": "node/13930728384"
    },
    {
      "type": "Feature",
      "properties": {
        "@id": "node/13930728385",
        "highway": "traffic_signals"
      },
      "geometry": {
        "type": "Point",
        "coordinates": [
          77.5366083,
          12.9688622
        ]
      },
      "id": "node/13930728385"
    },
    {
      "type": "Feature",
      "properties": {
        "@id": "node/13952275325",
        "highway": "traffic_signals"
      },
      "geometry": {
        "type": "Point",
        "coordinates": [
          77.6589548,
          12.9711887
        ]
      },
      "id": "node/13952275325"
    },
    {
      "type": "Feature",
      "properties": {
        "@id": "node/13952275326",
        "highway": "traffic_signals"
      },
      "geometry": {
        "type": "Point",
        "coordinates": [
          77.6586898,
          12.9712678
        ]
      },
      "id": "node/13952275326"
    },
    {
      "type": "Feature",
      "properties": {
        "@id": "node/13952275340",
        "highway": "traffic_signals"
      },
      "geometry": {
        "type": "Point",
        "coordinates": [
          77.6585622,
          12.9716363
        ]
      },
      "id": "node/13952275340"
    },
    {
      "type": "Feature",
      "properties": {
        "@id": "node/13954289419",
        "highway": "traffic_signals"
      },
      "geometry": {
        "type": "Point",
        "coordinates": [
          77.606978,
          12.9793301
        ]
      },
      "id": "node/13954289419"
    },
    {
      "type": "Feature",
      "properties": {
        "@id": "node/13954289420",
        "highway": "traffic_signals"
      },
      "geometry": {
        "type": "Point",
        "coordinates": [
          77.6070509,
          12.9791701
        ]
      },
      "id": "node/13954289420"
    }
  ]
}